Time,RSteps,X,Y,Z
120,0,68,7002,87,08008,125,0229
120,1,68,7002,87,08008,125,0229
120,1,68,7002,87,08008,125,0229
120,1,68,7002,87,08008,125,0229
120,1,68,7002,87,08008,125,0229
120,1,68,7002,87,08008,125,0229
120,1,68,7002,87,88379,125,0229
120,1,68,7002,87,88379,125,0229
120,1,68,7002,87,88379,125,0229
120,1,68,7002,87,88379,125,0229
120,1,68,7002,87,88379,125,0229
120,1,68,7002,87,88379,125,0229
120,1,68,7002,87,88379,125,0229
120,1,68,7002,87,88379,125,0229
120,1,68,7002,87,88379,125,0229
120,1,68,7002,87,88379,125,0229
120,1,68,7002,87,88379,125,0229
120,1,68,7002,87,88379,125,0229
120,1,68,7002,87,88379,125,0229
120,1,68,7002,87,88379,125,0229
120,1,68,7002,87,88379,125,0229
120,1,68,7002,87,88379,125,0229
120,1,68,7002,87,88379,125,0229
120,1,68,7002,87,88379,125,0229
120,1,68,7002,87,88379,125,0229
120,1,68,7002,87,88379,125,0229
120,1,68,7002,87,88379,125,0229
120,1,68,7002,87,88379,125,0229
120,1,68,7002,87,88379,125,0229
120,1,68,7002,87,88379,125,0229
120,1,68,7002,87,88379,125,0229
120,1,68,7002,87,88379,125,0229
120,1,68,7002,87,88379,125,0229
120,1,68,7002,87,88379,125,0229
120,1,68,7002,87,88379,125,0229
120,1,68,7002,87,88379,125,0229
120,1,68,7002,87,88379,125,0229
120,1,68,7002,87,88379,125,0229
120,1,68,7002,87,88379,125,0229
120,1,68,7002,87,88379,125,0229
120,1,68,7002,87,88379,125,0229
120,1,68,7002,87,88379,125,0229
120,1,68,7002,87,88379,125,0229
120,1,68,7002,87,88379,125,0229
120,1,68,7002,87,88379,125,0229
120,1,68,7002,87,88379,125,0229
120,1,68,7002,87,88379,125,0229
120,1,68,7002,87,88379,125,0229
120,1,68,7002,87,88379,125,0229
120,1,68,7002,87,88379,125,0229
120,1,68,7002,87,88379,125,0229
120,1,68,69849,87,88135,125,0703
120,1,68,69653,87,87842,125,1208
120,1,68,69385,87,87451,125,192
120,1,68,68945,87,86768,125,3083
120,1,68,6875,87,86475,125,3639
120,1,68,6875,87,86475,125,3639
120,1,68,6875,87,86475,125,3639
120,1,68,6875,87,86475,125,3639
120,1,68,6875,87,86475,125,3639
120,1,68,68555,87,86182,125,4128
120,1,68,68164,87,85596,125,5199
120,1,68,68164,87,85596,125,5199
120,1,68,67969,87,85303,125,5703
120,1,68,67407,87,84473,125,7222
120,1,68,67017,87,83838,125,8286
120,1,68,66821,87,83594,125,8785
120,1,68,66431,87,83008,125,9839
120,1,68,66235,87,82715,126,0365
120,1,68,65845,87,82129,126,1371
120,1,68,65479,87,81543,126,2393
120,1,68,65259,87,8125,126,2953
120,1,68,64893,87,80664,126,3943
120,1,68,64697,87,80371,126,4484
120,1,68,64307,87,79834,126,5508
120,1,68,64111,87,79541,126,6018
120,1,68,63745,87,78955,126,7015
120,1,68,63379,87,78418,126,7975
120,1,68,63208,87,78125,126,8473
120,1,68,62817,87,77588,126,949
120,1,68,62598,87,77246,127,0079
120,1,68,62207,87,7666,127,1118
120,1,68,61987,87,76367,127,1685
120,1,68,61548,87,75684,127,2865
120,1,68,61377,87,75391,127,337
120,1,68,61011,87,74854,127,4354
120,1,68,60815,87,74561,127,4865
120,1,68,60425,87,73975,127,5886
120,1,68,60229,87,73682,127,6421
120,1,68,59814,87,73047,127,7543
120,1,68,59619,87,72754,127,8047
120,1,68,59229,87,72217,127,9067
120,1,68,58862,87,71631,128,0087
120,1,68,58643,87,71338,128,064
120,1,68,58252,87,70752,128,168
120,1,68,58057,87,70459,128,2202
120,1,68,5769,87,69873,128,3187
120,1,68,57495,87,6958,128,3715
120,1,68,57104,87,68994,128,4769
120,1,68,56909,87,68701,128,5287
120,1,68,56543,87,68164,128,6288
120,1,68,56177,87,67578,128,7288
120,1,68,56177,87,67578,128,7288
120,1,68,56177,87,67578,128,7288
120,1,68,55322,87,66309,128,9569
120,1,68,55078,87,65967,129,0166
120,1,68,54785,87,66016,129,0807
120,1,68,54395,87,66357,129,1458
120,1,68,54199,87,66504,129,1798
120,1,68,53809,87,66846,129,2454
120,1,68,53638,87,67041,129,2786
120,1,68,53638,87,67041,129,2786
120,1,68,53638,87,67041,129,2786
120,2,68,53442,87,67188,129,3105
120,2,68,53247,87,67383,129,3444
120,2,68,52832,87,67773,129,4158
120,2,68,52441,87,68115,129,4818
120,2,68,52246,87,68262,129,5162
120,2,68,51855,87,68604,129,5815
120,2,68,5166,87,68799,129,6155
120,2,68,5127,87,69141,129,6829
120,2,68,51099,87,69336,129,7151
120,2,68,50708,87,69678,129,7821
120,2,68,50317,87,7002,129,8501
120,2,68,50098,87,70215,129,885
120,2,68,49731,87,70557,129,9507
120,2,68,49487,87,70752,129,9897
120,2,68,49121,87,71094,130,0554
120,2,68,48901,87,71289,130,09
120,2,68,48511,87,71631,130,1572
120,2,68,48315,87,71826,130,1938
120,2,68,4812,87,71973,130,2249
120,2,68,47632,87,72412,130,3103
120,2,68,47241,87,72803,130,3778
120,2,68,47046,87,72949,130,4106
120,2,68,46655,87,73291,130,4767
120,2,68,4646,87,73486,130,5125
120,2,68,46094,87,73828,130,5763
120,2,68,45898,87,73975,130,6108
120,2,68,45508,87,74316,130,6763
120,2,68,45313,87,74512,130,7112
120,2,68,44897,87,74902,130,7811
120,2,68,44702,87,75049,130,8137
120,2,68,44702,87,75049,130,8137
120,2,68,44531,87,75244,130,8461
120,2,68,43652,87,76025,130,995
120,2,68,43457,87,76172,131,0291
120,2,68,43066,87,76514,131,0946
120,2,68,42676,87,76855,131,1619
120,2,68,4248,87,77051,131,1967
120,2,68,4209,87,77393,131,2623
120,2,68,41895,87,77588,131,2976
120,2,68,41528,87,7793,131,363
120,2,68,41309,87,78125,131,3983
120,2,68,40942,87,78467,131,464
120,2,68,40552,87,78809,131,5298
120,2,68,40356,87,78955,131,5627
120,2,68,39966,87,79346,131,6311
120,2,68,39746,87,79492,131,6672
120,2,68,39526,87,79736,131,71
120,2,68,39331,87,79932,131,7477
120,2,68,38965,87,80273,131,8207
120,2,68,3877,87,80469,131,8579
120,2,68,38574,87,80615,131,895
120,2,68,38574,87,80615,131,895
120,2,68,38574,87,80615,131,895
120,2,68,38574,87,80615,131,895
120,2,68,38574,87,80615,131,895
120,2,68,38574,87,80615,131,895
120,2,68,38574,87,80615,131,895
120,2,68,38574,87,80615,131,895
120,2,68,38574,87,80615,131,895
120,2,68,38574,87,80615,131,895
120,2,68,38574,87,80615,131,895
120,2,68,38574,87,80615,131,895
120,2,68,38574,87,80615,131,895
120,2,68,38574,87,80615,131,895
120,2,68,38574,87,80615,131,895
120,2,68,38574,87,80615,131,895
120,2,68,38574,87,80615,131,895
120,2,68,38403,87,80762,131,927
120,2,68,38403,87,80762,131,927
120,2,68,38232,87,80957,131,9628
120,2,68,37891,87,8125,132,0283
120,2,68,37891,87,8125,132,0283
120,2,68,37573,87,81592,132,0911
120,2,68,36841,87,82275,132,2291
120,2,68,36597,87,8252,132,2804
120,2,68,36133,87,8291,132,3674
120,2,68,35889,87,83154,132,4138
120,2,68,35669,87,8335,132,4563
120,2,68,35449,87,83594,132,5012
120,2,68,35205,87,83789,132,5479
120,2,68,34668,87,84326,132,6508
120,2,68,34424,87,8457,132,7017
120,2,68,3418,87,84766,132,7476
120,2,68,33936,87,8501,132,7943
120,2,68,33447,87,85449,132,8882
120,2,68,33203,87,85693,132,9349
120,2,68,33032,87,8584,132,9707
120,2,68,32617,87,86279,133,052
120,2,68,32397,87,86426,133,0901
120,2,68,32007,87,86816,133,1699
120,2,68,31787,87,87012,133,2096
120,2,68,31396,87,87402,133,2858
120,2,68,31177,87,87598,133,3302
120,2,68,30884,87,87891,133,3868
120,2,68,3064,87,88086,133,4324
120,2,68,30249,87,88477,133,5112
120,2,68,30054,87,88672,133,5477
120,2,68,29639,87,89063,133,6282
120,2,68,29443,87,89209,133,6637
120,2,68,29053,87,896,133,7399
120,2,68,28687,87,89941,133,8137
120,2,68,28491,87,90137,133,8492
120,2,68,28101,87,90527,133,9247
120,2,68,27905,87,90674,133,9639
120,2,68,27515,87,91064,134,0387
120,2,68,27319,87,9126,134,0771
120,2,68,26953,87,91602,134,149
120,2,68,26758,87,91797,134,1881
120,2,68,26367,87,92139,134,2606
120,2,68,26196,87,92334,134,2975
120,2,68,25806,87,92676,134,3713
120,2,68,2561,87,92871,134,4092
120,2,68,25171,87,93262,134,4926
120,2,68,25,87,93457,134,5293
120,2,68,24634,87,93213,134,573
120,2,68,24634,87,93213,134,573
120,2,68,24292,87,9292,134,6173
120,2,68,2312,87,91992,134,7633
120,2,68,22412,87,91455,134,8505
120,2,68,22046,87,91162,134,8959
120,2,68,21362,87,90625,134,9822
120,2,68,20996,87,90381,135,0259
120,2,68,20288,87,89795,135,1145
120,2,68,19946,87,89502,135,1591
120,2,68,19263,87,89014,135,2429
120,2,68,18872,87,88672,135,2921
120,2,68,18188,87,88184,135,3765
120,2,68,17847,87,87891,135,4191
120,2,68,17212,87,87402,135,4994
120,2,68,16846,87,87109,135,5432
120,2,68,16162,87,86572,135,6298
120,2,68,15503,87,86084,135,7111
120,2,68,15112,87,85742,135,7585
120,3,68,14429,87,85205,135,8455
120,3,68,14087,87,84961,135,8882
120,3,68,13379,87,84424,135,9744
120,3,68,13037,87,84131,136,0177
120,3,68,12305,87,83545,136,1096
120,3,68,11914,87,83252,136,1583
120,3,68,1123,87,82715,136,2413
120,3,68,10864,87,82471,136,2865
120,3,68,10229,87,81934,136,3682
120,3,68,09839,87,81641,136,4139
120,3,68,09131,87,81104,136,5032
120,3,68,08765,87,80811,136,5494
120,3,68,08081,87,80273,136,6331
120,3,68,07739,87,80029,136,6754
120,3,68,07007,87,79443,136,7662
120,3,68,06665,87,79199,136,8094
120,3,68,06006,87,78662,136,8923
120,3,68,0564,87,78369,136,9379
120,3,68,04956,87,77832,137,0219
120,3,68,04272,87,77295,137,1069
120,3,68,03906,87,77002,137,1523
120,3,68,03247,87,76514,137,2363
120,3,68,02881,87,76221,137,2806
120,3,68,02881,87,76221,137,2806
120,3,68,02515,87,75928,137,3251
120,3,68,01392,87,75049,137,4666
120,3,68,00635,87,74463,137,5596
120,3,68,00269,87,7417,137,606
120,3,67,99585,87,73633,137,6913
120,3,67,99219,87,73389,137,7356
120,3,67,98486,87,72803,137,8279
120,3,67,98315,87,72656,137,8491
120,3,67,97046,87,71094,137,9202
120,3,67,96436,87,70313,137,9551
120,3,67,9519,87,6875,138,0259
120,3,67,94531,87,6792,138,0621
120,3,67,93237,87,66309,138,1359
120,3,67,91919,87,64648,138,2094
120,3,67,91309,87,63916,138,2439
120,3,67,90039,87,62305,138,3153
120,3,67,8938,87,61475,138,353
120,3,67,88184,87,59961,138,4203
120,3,67,87524,87,5918,138,4573
120,3,67,86279,87,57568,138,5283
120,3,67,85596,87,56738,138,5665
120,3,67,84375,87,55225,138,635
120,3,67,83716,87,54346,138,6732
120,3,67,82397,87,52734,138,7467
120,3,67,81763,87,51904,138,7832
120,3,67,80469,87,50342,138,8557
120,3,67,79858,87,49561,138,8905
120,3,67,78564,87,47949,138,9628
120,3,67,77295,87,46338,139,0345
120,3,67,7666,87,45557,139,0706
120,3,67,75391,87,43945,139,1427
120,3,67,74707,87,43115,139,1809
120,3,67,73413,87,41504,139,2532
120,3,67,72754,87,40674,139,2903
120,3,67,71558,87,3916,139,3585
120,3,67,70898,87,3833,139,3961
120,3,67,69629,87,36768,139,4668
120,3,67,68994,87,35938,139,5035
120,3,67,67773,87,34424,139,5719
120,3,67,67163,87,33643,139,6066
120,3,67,67163,87,33643,139,6066
120,3,67,66528,87,32861,139,6426
120,3,67,63892,87,29541,139,7915
120,3,67,63208,87,28711,139,8287
120,3,67,61938,87,27148,139,9004
120,3,67,60742,87,25635,139,9686
120,3,67,60107,87,24854,140,0038
120,3,67,58838,87,23242,140,0764
120,3,67,58179,87,22412,140,1132
120,3,67,56934,87,2085,140,1833
120,3,67,56274,87,2002,140,22
120,3,67,55005,87,18457,140,2921
120,3,67,5437,87,17627,140,3282
120,3,67,53125,87,16064,140,3983
120,3,67,51904,87,14551,140,4675
120,3,67,51245,87,13721,140,5046
120,3,67,49951,87,12109,140,5769
120,3,67,49438,87,11475,140,6061
120,3,67,48706,87,08643,140,6777
120,3,67,4834,87,07227,140,7136
120,3,67,47607,87,04346,140,7877
120,3,67,47241,87,0293,140,8237
120,3,67,46558,87,00293,140,8904
120,3,67,46191,86,98877,140,9272
120,3,67,45459,86,96045,140,9988
120,3,67,45093,86,94678,141,0342
120,3,67,4436,86,91797,141,1072
120,3,67,44019,86,90479,141,1412
120,3,67,43311,86,87744,141,2108
120,3,67,42627,86,85059,141,2787
120,3,67,42261,86,83643,141,3152
120,3,67,41528,86,80859,141,3862
120,3,67,41162,86,79395,141,423
120,3,67,4043,86,76563,141,495
120,3,67,40088,86,75195,141,5297
120,3,67,39355,86,72412,141,6007
120,3,67,38989,86,70947,141,6385
120,3,67,38257,86,68115,141,7097
120,3,67,37866,86,6665,141,7473
120,3,67,37158,86,63818,141,8191
120,3,67,37158,86,63818,141,8191
120,3,67,36768,86,62354,141,8566
120,3,67,3562,86,5791,141,97
120,3,67,34888,86,55127,142,0415
120,3,67,34546,86,5376,142,0759
120,3,67,33838,86,50977,142,147
120,3,67,33447,86,49512,142,1843
120,3,67,32739,86,4668,142,2555
120,3,67,32349,86,45166,142,2941
120,3,67,31616,86,42383,142,365
120,3,67,31274,86,41016,142,4
120,3,67,30566,86,38281,142,4692
120,3,67,30176,86,36816,142,5067
120,3,67,29468,86,34082,142,5765
120,3,67,28809,86,31494,142,6432
120,3,67,28418,86,2998,142,6812
120,3,67,28052,86,28564,142,717
120,3,67,27271,86,25537,142,7947
120,3,67,26538,86,22754,142,8657
120,3,67,26196,86,21387,142,8998
120,3,67,25488,86,18652,142,9692
120,3,67,25122,86,17188,143,0071
120,3,67,24414,86,14502,143,0758
120,3,67,24048,86,13086,143,1117
120,3,67,23315,86,10254,143,1836
120,3,67,22925,86,08691,143,2235
120,3,67,22168,86,05713,143,2988
120,3,67,21802,86,04346,143,334
120,3,67,21191,86,02881,143,3618
120,3,67,20605,86,01514,143,3867
120,3,67,19409,85,9873,143,438
120,3,67,18774,85,97266,143,4651
120,3,67,17529,85,94336,143,5184
120,3,67,16968,85,93018,143,5431
120,3,67,15869,85,90479,143,5898
120,3,67,14722,85,87793,143,6389
120,3,67,14136,85,86475,143,6636
120,3,67,13013,85,83789,143,7124
120,3,67,1189,85,81201,143,76
120,3,67,11328,85,79883,143,7842
120,3,67,10791,85,78613,143,8076
120,3,67,10791,85,78613,143,8076
120,3,67,10229,85,77344,143,8312
120,3,67,07642,85,71289,143,9425
120,3,67,06567,85,6875,143,9888
120,3,67,05933,85,67334,144,0154
120,3,67,04883,85,64844,144,0609
120,3,67,04272,85,63477,144,0863
120,3,67,02954,85,60352,144,1433
120,3,67,02344,85,58936,144,1693
120,3,67,01172,85,5625,144,2195
120,3,67,00049,85,53564,144,2682
120,3,66,99487,85,52295,144,2917
120,3,66,98364,85,49658,144,3403
120,3,66,97827,85,48438,144,3629
120,3,66,96729,85,4585,144,4102
120,3,66,9563,85,43262,144,4576
120,3,66,95044,85,41943,144,4818
120,3,66,9397,85,39404,144,5287
120,3,66,92944,85,37012,144,5726
120,3,66,92358,85,35693,144,5969
120,3,66,9126,85,33105,144,6447
120,3,66,9021,85,30664,144,6898
120,3,66,89111,85,28076,144,7368
120,3,66,88574,85,26855,144,76
120,3,66,875,85,24365,144,8054
120,3,66,86353,85,2168,144,8549
120,3,66,8584,85,20459,144,877
120,3,66,84741,85,1792,144,924
120,3,66,83716,85,15527,144,968
120,3,66,83105,85,14111,144,9941
120,3,66,81934,85,11377,145,0444
120,3,66,81348,85,1001,145,069
120,3,66,80249,85,07471,145,1162
120,3,66,79199,85,0498,145,1619
120,3,66,78589,85,03564,145,1881
120,3,66,7749,85,00977,145,2354
120,3,66,76392,84,98486,145,2815
120,3,66,76196,84,97998,145,2903
120,3,66,76196,84,97998,145,2903
120,3,66,75684,84,9668,145,3125
120,3,66,73291,84,9043,145,4182
120,3,66,72241,84,87695,145,4639
120,3,66,71655,84,86182,145,4896
120,3,66,70605,84,83447,145,536
120,3,66,70044,84,81982,145,5608
120,3,66,68945,84,79102,145,6089
120,3,66,67847,84,7627,145,6572
120,3,66,67285,84,74805,145,6816
120,3,66,66235,84,72021,145,7283
120,3,66,65161,84,69287,145,7749
120,3,66,64526,84,67627,145,803
120,3,66,63477,84,64893,145,8488
120,3,66,62427,84,62158,145,8951
120,3,66,6189,84,60742,145,9188
120,3,66,60791,84,5791,145,9669
120,3,66,59692,84,55078,146,0146
120,3,66,59155,84,53662,146,0382
120,3,66,58081,84,5083,146,0857
120,3,66,57495,84,49268,146,1121
120,3,66,56372,84,46436,146,1604
120,3,66,55298,84,43604,146,2079
120,3,66,54761,84,42188,146,2318
120,3,66,53662,84,39307,146,2802
120,3,66,52637,84,3667,146,325
120,3,66,52075,84,35205,146,3497
120,3,66,51001,84,32422,146,3967
120,3,66,49951,84,29688,146,443
120,3,66,49365,84,28125,146,4689
120,3,66,48315,84,25439,146,5143
120,3,66,47241,84,22607,146,5624
120,3,66,4668,84,21143,146,5869
120,3,66,4563,84,18408,146,6329
120,3,66,44556,84,15625,146,6798
120,3,66,44019,84,14209,146,7036
120,3,66,42944,84,11426,146,751
120,3,66,42407,84,10059,146,774
120,3,66,42407,84,10059,146,774
120,3,66,42407,84,10059,146,774
120,3,66,42407,84,10059,146,774
120,3,66,42407,84,10059,146,774
120,3,66,37402,83,97021,146,9939
120,3,66,36768,83,95361,147,0217
120,3,66,35718,83,92627,147,0675
120,3,66,34619,83,89746,147,1166
120,3,66,34082,83,8833,147,1403
120,3,66,32983,83,85498,147,1877
120,3,66,31982,83,8291,147,2321
120,3,66,31445,83,81494,147,2556
120,3,66,30127,83,78223,147,3105
120,3,66,28687,83,74756,147,3693
120,3,66,28687,83,74756,147,3693
120,3,66,28687,83,74756,147,3693
120,3,66,28687,83,74756,147,3693
120,3,66,28687,83,74756,147,3693
120,3,66,28687,83,74756,147,3693
120,3,66,28687,83,74756,147,3693
120,3,66,28687,83,74756,147,3693
120,3,66,28687,83,74756,147,3693
120,3,66,28687,83,74756,147,3693
120,3,66,28687,83,74756,147,3693
120,3,66,28687,83,74756,147,3693
120,3,66,28687,83,74756,147,3693
120,3,66,28687,83,74756,147,3693
120,3,66,28687,83,74756,147,3693
120,3,66,28687,83,74756,147,3693
120,3,66,28687,83,74756,147,3693
120,3,66,28687,83,74756,147,3693
120,3,66,28687,83,74756,147,3693
120,3,66,28687,83,74756,147,3693
120,3,66,28687,83,74756,147,3693
120,3,66,28687,83,74756,147,3693
120,3,66,28687,83,74756,147,3693
120,3,66,28687,83,74756,147,3693
120,3,66,28687,83,74756,147,3693
120,3,66,28687,83,74756,147,3693
120,3,66,28687,83,74756,147,3693
120,3,66,28687,83,74756,147,3693
120,3,66,28687,83,74756,147,3693
120,3,66,28687,83,74756,147,3693
120,3,66,28687,83,74756,147,3693
120,3,66,28687,83,74756,147,3693
120,3,66,28687,83,74756,147,3693
120,3,66,28687,83,74756,147,3693
120,3,66,28687,83,74756,147,3693
120,3,66,28687,83,74756,147,3693
120,3,66,28687,83,74756,147,3693
120,3,66,28687,83,74756,147,3693
120,3,66,28687,83,74756,147,3693
120,3,66,28687,83,74756,147,3693
120,3,66,28687,83,74756,147,3693
120,3,66,28687,83,74756,147,3693
120,3,66,28687,83,74756,147,3693
120,3,66,28687,83,74756,147,3693
120,3,66,28687,83,74756,147,3693
120,3,66,28687,83,74756,147,3693
120,3,66,28687,83,74756,147,3693
120,3,66,28687,83,74756,147,3693
120,3,66,28687,83,74756,147,3693
120,3,66,28687,83,74756,147,3693
120,3,66,28687,83,74756,147,3693
120,3,66,28687,83,74756,147,3693
120,3,66,28687,83,74756,147,3693
120,3,66,28687,83,74756,147,3693
120,3,66,28687,83,74756,147,3693
120,3,66,28687,83,74756,147,3693
120,3,66,28687,83,74756,147,3693
120,3,66,28687,83,74756,147,3693
120,3,66,28687,83,74756,147,3693
120,3,66,28687,83,74756,147,3693
120,3,66,28687,83,74756,147,3693
120,3,66,28687,83,74756,147,3693
120,3,66,28687,83,74756,147,3693
120,3,66,28687,83,74756,147,3693
120,3,66,28687,83,74756,147,3693
120,3,66,28687,83,74756,147,3693
120,3,66,28687,83,74756,147,3693
120,3,66,28687,83,74756,147,3693
120,3,66,28687,83,74756,147,3693
120,3,66,28687,83,74756,147,3693
120,3,66,28687,83,74756,147,3693
120,3,66,28687,83,74756,147,3693
120,3,66,28687,83,74756,147,3693
120,3,66,28687,83,74756,147,3693
120,3,66,28687,83,74756,147,3693
120,3,66,28687,83,74756,147,3693
120,3,66,28687,83,74756,147,3693
120,3,66,28687,83,74756,147,3693
120,3,66,28687,83,74756,147,3693
120,3,66,28687,83,74756,147,3693
120,3,66,28687,83,74756,147,3693
120,3,66,28687,83,74756,147,3693
120,3,66,28687,83,74756,147,3693
120,3,66,28687,83,74756,147,3693
120,3,66,28687,83,74756,147,3693
120,3,66,28687,83,74756,147,3693
120,3,66,28687,83,74756,147,3693
120,3,66,28687,83,74756,147,3693
120,3,66,28687,83,74756,147,3693
120,3,66,28687,83,74756,147,3693
120,3,66,28687,83,74756,147,3693
120,3,66,28687,83,74756,147,3693
120,3,66,28687,83,74756,147,3693
120,3,66,28687,83,74756,147,3693
120,3,66,28687,83,74756,147,3693
120,3,66,28687,83,74756,147,3693
120,3,66,28687,83,74756,147,3693
120,3,66,28687,83,74756,147,3693
120,3,66,28687,83,74756,147,3693
120,3,66,28687,83,74756,147,3693
120,3,66,28687,83,74756,147,3693
120,3,66,28687,83,74756,147,3693
120,3,66,28687,83,74756,147,3693
120,3,66,28687,83,74756,147,3693
120,3,66,28687,83,74756,147,3693
120,3,66,28687,83,74756,147,3693
120,3,66,28687,83,74756,147,3693
120,3,66,28687,83,74756,147,3693
120,3,66,28687,83,74756,147,3693
120,3,66,28687,83,74756,147,3693
120,3,66,28687,83,74756,147,3693
120,3,66,28687,83,74756,147,3693
120,3,66,28687,83,74756,147,3693
120,3,66,28687,83,74756,147,3693
120,3,66,28687,83,74756,147,3693
120,3,66,28687,83,74756,147,3693
120,3,66,28687,83,74756,147,3693
120,3,66,28687,83,74756,147,3693
120,3,66,28687,83,74756,147,3693
120,3,66,28687,83,74756,147,3693
120,3,66,28687,83,74756,147,3693
120,3,66,28687,83,74756,147,3693
120,3,66,28687,83,74756,147,3693
120,3,66,28687,83,74756,147,3693
120,3,66,28687,83,74756,147,3693
120,3,66,28687,83,74756,147,3693
120,3,66,28687,83,74756,147,3693
120,3,66,28687,83,74756,147,3693
120,3,66,28687,83,74756,147,3693
120,3,66,28687,83,74756,147,3693
120,3,66,28687,83,74756,147,3693
120,3,66,28687,83,74756,147,3693
120,3,66,28687,83,74756,147,3693
120,3,66,28687,83,74756,147,3693
120,3,66,28687,83,74756,147,3693
120,3,66,28687,83,74756,147,3693
120,3,66,28687,83,74756,147,3693
120,3,66,28687,83,74756,147,3693
120,3,66,28687,83,74756,147,3693
120,3,66,28687,83,74756,147,3693
120,3,66,28687,83,74756,147,3693
120,3,66,28687,83,74756,147,3693
120,3,66,28687,83,74756,147,3693
120,3,66,28687,83,74756,147,3693
120,3,66,28687,83,74756,147,3693
120,3,66,28687,83,74756,147,3693
120,3,66,28687,83,74756,147,3693
120,3,66,28687,83,74756,147,3693
120,3,66,28687,83,74756,147,3693
120,3,66,28687,83,74756,147,3693
120,3,66,28687,83,74756,147,3693
120,3,66,28687,83,74756,147,3693
120,3,66,28687,83,74756,147,3693
120,3,66,28687,83,74756,147,3693
120,3,66,28687,83,74756,147,3693
120,3,66,28687,83,74756,147,3693
120,3,66,28687,83,74756,147,3693
120,3,66,28687,83,74756,147,3693
120,3,66,28687,83,74756,147,3693
120,3,66,28687,83,74756,147,3693
120,3,66,28687,83,74756,147,3693
120,3,66,28687,83,74756,147,3693
120,3,66,28687,83,74756,147,3693
120,3,66,28687,83,74756,147,3693
120,3,66,28687,83,74756,147,3693
120,3,66,28687,83,74756,147,3693
120,3,66,28687,83,74756,147,3693
120,3,66,28687,83,74756,147,3693
120,3,66,28687,83,74756,147,3693
120,3,66,28687,83,74756,147,3693
120,3,66,28687,83,74756,147,3693
120,3,66,28687,83,74756,147,3693
120,3,66,28687,83,74756,147,3693
120,3,66,28687,83,74756,147,3693
120,3,66,28687,83,74756,147,3693
120,3,66,28687,83,74756,147,3693
120,3,66,28687,83,74756,147,3693
120,3,66,28687,83,74756,147,3693
120,3,66,28687,83,74756,147,3693
120,3,66,28687,83,74756,147,3693
120,3,66,28687,83,74756,147,3693
120,3,66,28687,83,74756,147,3693
120,3,66,28687,83,74756,147,3693
120,3,66,28687,83,74756,147,3693
120,3,66,28687,83,74756,147,3693
120,4,66,28687,83,74756,147,3693
120,4,66,28003,83,73047,147,3981
120,4,66,2605,83,68262,147,478
120,4,66,25073,83,65869,147,5188
120,4,66,24219,83,63721,147,5542
120,4,66,23315,83,61523,147,5912
120,4,66,2251,83,59521,147,6251
120,4,66,20313,83,5415,147,7156
120,4,66,19287,83,5166,147,7577
120,4,66,19287,83,5166,147,7577
120,4,66,18311,83,49219,147,7986
120,4,66,15747,83,4292,147,9042
120,4,66,14526,83,39941,147,9545
120,4,66,13647,83,37793,147,9907
120,4,66,12671,83,354,148,0314
120,4,66,10742,83,30664,148,111
120,4,66,0979,83,2832,148,1498
120,4,66,08887,83,26123,148,1873
120,4,66,07642,83,23047,148,2389
120,4,66,06641,83,20605,148,2798
120,4,66,0564,83,18115,148,3218
120,4,66,04614,83,15576,148,3644
120,4,66,03613,83,13135,148,4052
120,4,66,01465,83,07861,148,494
120,4,66,00513,83,05518,148,5334
120,4,65,99561,83,03223,148,5725
120,4,65,98413,83,00391,148,6201
120,4,65,97461,82,98047,148,6595
120,4,65,96411,82,95459,148,7024
120,4,65,94434,82,90576,148,7847
120,4,65,93506,82,8833,148,8225
120,4,65,92554,82,85986,148,8624
120,4,65,91455,82,83301,148,9076
120,4,65,90479,82,80908,148,9478
120,4,65,896,82,78711,148,9846
120,4,65,896,82,78711,148,9846
120,4,65,896,82,78711,148,9846
120,4,65,896,82,78711,148,9846
120,4,65,896,82,78711,148,9846
120,4,65,88501,82,76025,149,0293
120,4,65,88501,82,76025,149,0293
120,4,65,88501,82,76025,149,0293
120,4,65,88501,82,76025,149,0293
120,4,65,82617,82,61621,149,2722
120,4,65,77344,82,48633,149,4907
120,4,65,76294,82,46045,149,5342
120,4,65,74487,82,41602,149,6086
120,4,65,73633,82,39502,149,6442
120,4,65,72632,82,37061,149,6851
120,4,65,71973,82,35498,149,712
120,4,65,71289,82,33887,149,74
120,4,65,70483,82,31934,149,7734
120,4,65,69116,82,28711,149,8292
120,4,65,68433,82,27051,149,8577
120,4,65,67212,82,2417,149,9082
120,4,65,66577,82,22656,149,9341
120,4,65,65894,82,21045,149,9622
120,4,65,65112,82,19189,149,9938
120,4,65,63647,82,15674,150,0543
120,4,65,62939,82,14014,150,0834
120,4,65,62305,82,125,150,1097
120,4,65,61475,82,10498,150,144
120,4,65,60132,82,07373,150,1986
120,4,65,59497,82,05811,150,2249
120,4,65,58276,82,0293,150,2747
120,4,65,57642,82,01416,150,3008
120,4,65,57056,82,150,3257
120,4,65,57056,82,150,3257
120,4,65,56396,81,98438,150,3527
120,4,65,53809,81,92285,150,4592
120,4,65,53198,81,9082,150,4839
120,4,65,52002,81,88037,150,5327
120,4,65,51392,81,86572,150,5576
120,4,65,5022,81,8374,150,6063
120,4,65,49536,81,82129,150,6346
120,4,65,4834,81,79346,150,6831
120,4,65,47729,81,77881,150,7083
120,4,65,46387,81,74658,150,7634
120,4,65,45776,81,73242,150,7886
120,4,65,44556,81,70264,150,8395
120,4,65,43921,81,6875,150,8655
120,4,65,43311,81,67334,150,8904
120,4,65,41992,81,6416,150,9449
120,4,65,4126,81,62451,150,9751
120,4,65,40503,81,60645,151,0057
120,4,65,39868,81,5918,151,0315
120,4,65,38452,81,55762,151,0905
120,4,65,37305,81,53027,151,1375
120,4,65,36694,81,51611,151,1619
120,4,65,35498,81,48779,151,2112
120,4,65,34912,81,47363,151,2356
120,4,65,33765,81,44629,151,2832
120,4,65,33179,81,43213,151,3073
120,4,65,3252,81,41699,151,3336
120,4,65,31201,81,38574,151,3878
120,4,65,30615,81,37158,151,412
120,4,65,29419,81,34326,151,4609
120,4,65,28296,81,31641,151,5073
120,4,65,27686,81,30176,151,5326
120,5,65,27051,81,2832,151,568
120,5,65,26611,81,26904,151,5955
120,5,65,25708,81,24023,151,65
120,5,65,2522,81,22559,151,6788
120,5,65,24292,81,19629,151,7355
120,5,65,23828,81,18115,151,7642
120,5,65,22876,81,15088,151,8223
120,5,65,22388,81,13623,151,8512
120,5,65,2146,81,10693,151,9076
120,5,65,20972,81,09131,151,9376
120,5,65,20972,81,09131,151,9376
120,5,65,20532,81,07715,151,9651
120,5,65,1897,81,02783,152,0592
120,5,65,1792,80,99512,152,1232
120,5,65,17407,80,979,152,1538
120,5,65,16431,80,94824,152,2131
120,5,65,15991,80,93408,152,2406
120,5,65,15063,80,90479,152,2971
120,5,65,14575,80,88965,152,3258
120,5,65,13647,80,85986,152,3831
120,5,65,13135,80,84375,152,4148
120,5,65,12109,80,81152,152,4763
120,5,65,11646,80,79736,152,5039
120,5,65,10718,80,76709,152,5616
120,5,65,10229,80,75244,152,5905
120,5,65,09253,80,72119,152,6506
120,5,65,08789,80,70654,152,6788
120,5,65,07837,80,67627,152,7368
120,5,65,07373,80,66211,152,7646
120,5,65,06348,80,62988,152,8259
120,5,65,05859,80,61475,152,8558
120,5,65,04956,80,58594,152,9115
120,5,65,04492,80,5708,152,9401
120,5,65,03516,80,54053,152,9988
120,5,65,03052,80,52539,153,0273
120,5,65,02612,80,51221,153,0532
120,5,65,01563,80,479,153,1171
120,5,65,0105,80,46289,153,1484
120,5,65,00122,80,43311,153,2053
120,5,64,99634,80,41797,153,2347
120,5,64,98682,80,3877,153,2928
120,5,64,98193,80,37207,153,3226
120,5,64,97266,80,34326,153,3788
120,5,64,96729,80,32617,153,4111
120,5,64,95728,80,29443,153,4722
120,5,64,95215,80,27832,153,5037
120,5,64,94287,80,24951,153,5591
120,5,64,93799,80,23389,153,5894
120,5,64,92847,80,20361,153,6476
120,5,64,92358,80,18848,153,6764
120,5,64,91895,80,17383,153,7048
120,5,64,91333,80,1582,153,741
120,5,64,91333,80,1582,153,741
120,5,64,91333,80,1582,153,741
120,5,64,91333,80,1582,153,741
120,5,64,91333,80,1582,153,741
120,5,64,91333,80,1582,153,741
120,5,64,91333,80,1582,153,741
120,5,64,91333,80,1582,153,741
120,5,64,91333,80,1582,153,741
120,5,64,91333,80,1582,153,741
120,5,64,91333,80,1582,153,741
120,5,64,91333,80,1582,153,741
120,5,64,91333,80,1582,153,741
120,5,64,91333,80,1582,153,741
120,5,64,91333,80,1582,153,741
120,5,64,90356,80,13281,153,8011
120,5,64,89795,80,11768,153,8369
120,5,64,88818,80,0918,153,8983
120,5,64,8833,80,07861,153,9291
120,5,64,87305,80,05127,153,9934
120,5,64,86816,80,03857,154,0239
120,5,64,86304,80,02539,154,0557
120,5,64,85254,79,99756,154,1208
120,5,64,84717,79,98291,154,1555
120,5,64,8374,79,95703,154,2164
120,5,64,83228,79,94385,154,2485
120,5,64,82251,79,91797,154,3096
120,5,64,81763,79,90479,154,3407
120,5,64,80786,79,87891,154,4025
120,5,64,80273,79,86572,154,4332
120,5,64,79297,79,83936,154,4952
120,5,64,78784,79,82617,154,5265
120,5,64,7832,79,81348,154,5569
120,5,64,77295,79,78613,154,6213
120,5,64,76758,79,77246,154,6542
120,5,64,75781,79,74658,154,7155
120,5,64,75269,79,73242,154,748
120,5,64,74316,79,70801,154,8068
120,5,64,73804,79,69434,154,8387
120,5,64,73291,79,68066,154,8712
120,5,64,72192,79,65137,154,9404
120,5,64,71655,79,63721,154,9739
120,5,64,70679,79,61133,155,0348
120,5,64,7019,79,59863,155,0657
120,5,64,7019,79,59863,155,0657
120,5,64,69751,79,58643,155,0941
120,5,64,68188,79,54492,155,1919
120,5,64,6709,79,51611,155,2601
120,5,64,66577,79,50293,155,2922
120,5,64,65601,79,47705,155,3534
120,5,64,65112,79,46338,155,3854
120,5,64,64136,79,4375,155,4463
120,5,64,63623,79,42432,155,4781
120,5,64,62622,79,39746,155,5414
120,5,64,62109,79,38428,155,5728
120,5,64,61108,79,35742,155,6356
120,5,64,60571,79,34375,155,6688
120,5,64,60083,79,33057,155,6993
120,5,64,59058,79,30273,155,765
120,5,64,58521,79,28906,155,7983
120,5,64,5752,79,26221,155,861
120,5,64,56982,79,24854,155,894
120,5,64,56006,79,22217,155,9559
120,5,64,55493,79,20898,155,9877
120,5,64,55396,79,19873,156,0181
120,5,64,55371,79,18945,156,0452
120,5,64,55298,79,17236,156,0974
120,5,64,55249,79,16357,156,1228
120,5,64,55225,79,15527,156,1479
120,5,64,55151,79,1377,156,2012
120,5,64,55103,79,12842,156,2292
120,5,64,55029,79,11084,156,2822
120,5,64,55005,79,10156,156,3094
120,5,64,54907,79,08301,156,3657
120,6,64,54883,79,07422,156,3926
120,6,64,54834,79,06543,156,4186
120,6,64,54761,79,04688,156,474
120,6,64,54736,79,03857,156,4999
120,6,64,54663,79,02148,156,5504
120,6,64,54614,79,0127,156,577
120,6,64,54541,78,99561,156,6282
120,6,64,54517,78,98682,156,6556
120,6,64,54443,78,96973,156,7058
120,6,64,54395,78,96094,156,7321
120,6,64,54321,78,94385,156,7844
120,6,64,54297,78,93457,156,8116
120,6,64,54248,78,92627,156,8368
120,6,64,54248,78,92627,156,8368
120,6,64,54102,78,89209,156,9407
120,6,64,54077,78,88232,156,9696
120,6,64,54004,78,86523,157,0204
120,6,64,53955,78,85645,157,0469
120,6,64,53931,78,84814,157,0726
120,6,64,53857,78,83057,157,1255
120,6,64,53809,78,82178,157,1516
120,6,64,53735,78,8042,157,2037
120,6,64,53687,78,79492,157,2327
120,6,64,53638,78,77783,157,2834
120,6,64,53589,78,76953,157,3093
120,6,64,53516,78,75244,157,3607
120,6,64,53491,78,74414,157,3857
120,6,64,53418,78,72656,157,4385
120,6,64,53369,78,71777,157,4637
120,6,64,53296,78,70068,157,5151
120,6,64,53271,78,69189,157,5425
120,6,64,53198,78,67383,157,597
120,6,64,53149,78,66406,157,6252
120,6,64,53101,78,65576,157,6509
120,6,64,53027,78,63818,157,704
120,6,64,53003,78,62842,157,7327
120,6,64,5293,78,61182,157,7834
120,6,64,52881,78,60254,157,8112
120,6,64,52808,78,58545,157,8628
120,6,64,52783,78,57666,157,8894
120,6,64,52734,78,56689,157,9183
120,6,64,52539,78,55762,157,9653
120,6,64,52124,78,53955,158,058
120,6,64,51929,78,53027,158,1042
120,6,64,51733,78,52148,158,1489
120,6,64,51318,78,50244,158,246
120,6,64,51123,78,49365,158,2917
120,6,64,50708,78,47461,158,3879
120,6,64,50513,78,46582,158,434
120,6,64,50098,78,44727,158,5273
120,6,64,49902,78,43799,158,5752
120,6,64,49707,78,42969,158,619
120,6,64,49268,78,41016,158,7174
120,6,64,49072,78,40137,158,7637
120,6,64,48682,78,38379,158,8525
120,6,64,48682,78,38379,158,8525
120,6,64,48486,78,37451,158,8995
120,6,64,47876,78,34717,159,0386
120,6,64,47437,78,32715,159,1398
120,6,64,47241,78,31836,159,1854
120,6,64,46851,78,30029,159,2781
120,6,64,46655,78,2915,159,3236
120,6,64,46436,78,28125,159,3738
120,6,64,46021,78,2627,159,47
120,6,64,45801,78,25293,159,5182
120,6,64,4541,78,23535,159,6097
120,6,64,45215,78,22559,159,6577
120,6,64,448,78,20703,159,7534
120,6,64,4458,78,19775,159,8015
120,6,64,44385,78,18848,159,8474
120,6,64,43945,78,16895,159,9481
120,6,64,4375,78,15918,159,9965
120,6,64,43506,78,14893,160,0488
120,6,64,43066,78,12891,160,1505
120,6,64,42847,78,11914,160,2023
120,6,64,42456,78,10059,160,2954
120,6,64,42236,78,09131,160,3434
120,6,64,42017,78,08154,160,3934
120,6,64,41626,78,06299,160,4871
120,6,64,41406,78,05322,160,5382
120,6,64,40967,78,03369,160,636
120,6,64,40747,78,02441,160,6853
120,6,64,40527,78,01416,160,7365
120,6,64,40112,77,99512,160,835
120,6,64,39868,77,98438,160,8884
120,6,64,39673,77,9751,160,9363
120,6,64,39258,77,95605,161,0341
120,6,64,39014,77,9458,161,0859
120,6,64,38818,77,93652,161,132
120,6,64,38403,77,91748,161,23
120,6,64,38184,77,90771,161,2791
120,6,64,38037,77,90088,161,3143
120,6,64,38135,77,89111,161,4318
120,6,64,38184,77,88672,161,488
120,6,64,38257,77,87744,161,5988
120,6,64,38306,77,87305,161,6541
120,6,64,38354,77,86865,161,709
120,6,64,38452,77,85889,161,8245
120,6,64,38501,77,854,161,8834
120,6,64,38525,77,84961,161,9386
120,6,64,38525,77,84961,161,9386
120,6,64,38599,77,84424,162,0076
120,6,64,38721,77,83057,162,1733
120,6,64,3877,77,8252,162,2351
120,6,64,38867,77,81592,162,3516
120,6,64,38916,77,81104,162,4086
120,6,64,38965,77,80615,162,4662
120,6,64,39063,77,79639,162,5864
120,6,64,39087,77,7915,162,6449
120,6,64,39136,77,78662,162,7043
120,6,64,39185,77,78223,162,7634
120,6,64,39282,77,77197,162,8885
120,6,64,39355,77,76611,162,955
120,6,64,3938,77,76123,163,0139
120,6,64,39453,77,75635,163,0753
120,6,64,39502,77,75098,163,1389
120,6,64,39551,77,74561,163,2084
120,6,64,39648,77,73389,163,3494
120,6,64,39722,77,72803,163,4194
120,6,64,39771,77,72266,163,4868
120,6,64,39819,77,71729,163,5509
120,6,64,39868,77,71191,163,6179
120,6,64,39917,77,70654,163,6812
120,6,64,39966,77,70117,163,7478
120,6,64,40088,77,69043,163,8812
120,6,64,40137,77,68457,163,9492
120,6,64,40186,77,6792,164,0137
120,6,64,40234,77,67432,164,0787
120,6,64,40308,77,66797,164,152
120,7,64,40356,77,6626,164,2196
120,7,64,40405,77,65674,164,2888
120,7,64,40454,77,65088,164,3599
120,7,64,40527,77,64453,164,4401
120,7,64,40576,77,63867,164,5088
120,7,64,40698,77,62744,164,6471
120,7,64,40747,77,62109,164,7224
120,7,64,40796,77,61572,164,7883
120,7,64,40869,77,60986,164,8589
120,7,64,40918,77,604,164,9342
120,7,64,40991,77,59814,165,004
120,7,64,4104,77,59277,165,0719
120,7,64,41089,77,58691,165,1415
120,7,64,41333,77,58545,165,2152
120,7,64,41602,77,58447,165,2919
120,7,64,4187,77,58301,165,3733
120,7,64,42139,77,58154,165,4512
120,7,64,42407,77,58057,165,5321
120,7,64,42676,77,5791,165,6086
120,7,64,42944,77,57764,165,6857
120,7,64,43188,77,57666,165,7605
120,7,64,43433,77,5752,165,8341
120,7,64,43994,77,57275,165,9924
120,7,64,44238,77,57129,166,0697
120,7,64,44482,77,57031,166,1422
120,7,64,44482,77,57031,166,1422
120,7,64,44482,77,57031,166,1422
120,7,64,44775,77,56885,166,2229
120,7,64,45386,77,56592,166,4075
120,7,64,45679,77,56445,166,4926
120,7,64,45972,77,56299,166,574
120,7,64,46216,77,56201,166,6475
120,7,64,46484,77,56055,166,728
120,7,64,46753,77,55908,166,8054
120,7,64,47021,77,55811,166,8865
120,7,64,47583,77,55518,167,0475
120,7,64,47827,77,5542,167,1241
120,7,64,47827,77,5542,167,1241
120,7,64,4812,77,55273,167,2059
120,7,64,48389,77,55127,167,2878
120,7,64,48682,77,5498,167,3716
120,7,64,49219,77,54736,167,5319
120,7,64,49487,77,5459,167,6086
120,7,64,49756,77,54443,167,688
120,7,64,50049,77,54297,167,7732
120,7,64,50049,77,54297,167,7732
120,7,64,50317,77,54199,167,8539
120,7,64,5061,77,54053,167,9403
120,7,64,50903,77,53906,168,0255
120,7,64,51196,77,5376,168,1121
120,7,64,51489,77,53613,168,1963
120,7,64,51782,77,53467,168,2837
120,7,64,52075,77,5332,168,3705
120,7,64,52368,77,53174,168,4562
120,7,64,52686,77,53027,168,5483
120,7,64,53003,77,52881,168,6412
120,7,64,53296,77,52734,168,7302
120,7,64,53589,77,52588,168,816
120,7,64,53589,77,52588,168,816
120,7,64,53882,77,52441,168,905
120,7,64,54199,77,52295,168,9963
120,7,64,54517,77,52148,169,0923
120,7,64,54834,77,51953,169,1854
120,7,64,54883,77,51953,169,1971
120,7,64,55493,77,52197,169,2925
120,7,64,56104,77,52393,169,3899
120,7,64,56714,77,52637,169,4857
120,7,64,56714,77,52637,169,4857
120,7,64,57324,77,52832,169,582
120,7,64,57935,77,53076,169,6793
120,7,64,58569,77,5332,169,7815
120,7,64,59204,77,53564,169,8817
120,7,64,59839,77,5376,169,9797
120,7,64,60449,77,54004,170,0791
120,7,64,61108,77,54248,170,1804
120,7,64,61743,77,54492,170,2826
120,7,64,61743,77,54492,170,2826
120,7,64,62354,77,54688,170,3792
120,7,64,63013,77,54932,170,483
120,7,64,63647,77,55176,170,5859
120,7,64,64355,77,5542,170,6963
120,7,64,64355,77,5542,170,6963
120,7,64,64355,77,5542,170,6963
120,7,64,64355,77,5542,170,6963
120,7,64,64355,77,5542,170,6963
120,7,64,6499,77,55664,170,7948
120,7,64,6499,77,55664,170,7948
120,7,64,67749,77,56689,171,2349
120,7,64,68799,77,5708,171,4008
120,7,64,68799,77,5708,171,4008
120,7,64,69507,77,57324,171,5125
120,7,64,70215,77,57568,171,6228
120,7,64,70898,77,57813,171,7302
120,7,64,71558,77,58057,171,8361
120,7,64,71558,77,58057,171,8361
120,7,64,72266,77,5835,171,949
120,7,64,73022,77,58594,172,0686
120,7,64,73022,77,58594,172,0686
120,7,64,73022,77,58594,172,0686
120,7,64,73853,77,58936,172,1995
120,7,64,75317,77,59473,172,4302
120,7,64,76025,77,59717,172,5419
120,7,64,76025,77,59717,172,5419
120,7,64,76733,77,59961,172,6534
120,7,64,77417,77,60205,172,7645
120,7,64,78125,77,60498,172,8737
120,7,64,78809,77,60742,172,9825
120,7,64,78809,77,60742,172,9825
120,8,64,79517,77,60986,173,0953
120,8,64,802,77,6123,173,2047
120,8,64,80933,77,61523,173,3202
120,8,64,81616,77,61768,173,428
120,8,64,81616,77,61768,173,428
120,8,64,823,77,62012,173,5366
120,8,64,8269,77,62158,173,5977
120,8,64,83716,77,62695,173,7006
120,8,64,84717,77,63184,173,8007
120,8,64,84717,77,63184,173,8007
120,8,64,85718,77,63721,173,9005
120,8,64,86841,77,64307,174,0116
120,8,64,87842,77,64795,174,1132
120,8,64,87842,77,64795,174,1132
120,8,64,88843,77,65332,174,2123
120,8,64,89917,77,65869,174,3202
120,8,64,90991,77,66455,174,4271
120,8,64,92017,77,66943,174,5288
120,8,64,92017,77,66943,174,5288
120,8,64,93042,77,6748,174,632
120,8,64,94165,77,68066,174,7424
120,8,64,95239,77,68604,174,8512
120,8,64,95239,77,68604,174,8512
120,8,64,96265,77,69141,174,9526
120,8,64,97314,77,69678,175,0579
120,8,64,9834,77,70215,175,1614
120,8,64,9834,77,70215,175,1614
120,8,64,9939,77,70752,175,2648
120,8,65,00439,77,71289,175,3694
120,8,65,01538,77,71875,175,48
120,8,65,02539,77,72363,175,5804
120,8,65,02539,77,72363,175,5804
120,8,65,03516,77,729,175,6785
120,8,65,04565,77,73438,175,7823
120,8,65,05591,77,73926,175,8842
120,8,65,06567,77,74463,175,9833
120,8,65,06567,77,74463,175,9833
120,8,65,07593,77,74951,176,0833
120,8,65,08594,77,75488,176,1854
120,8,65,09619,77,76025,176,2861
120,8,65,10571,77,76514,176,3829
120,8,65,10571,77,76514,176,3829
120,8,65,11572,77,77002,176,4812
120,8,65,12573,77,77539,176,5819
120,8,65,13599,77,78076,176,6847
120,8,65,14624,77,78613,176,786
120,8,65,14624,77,78613,176,786
120,8,65,15625,77,79102,176,8868
120,8,65,16626,77,79639,176,9861
120,8,65,17676,77,80176,177,0906
120,8,65,18701,77,80713,177,194
120,8,65,18701,77,80713,177,194
120,8,65,19727,77,81201,177,2955
120,8,65,20703,77,81738,177,3943
120,8,65,21753,77,82275,177,4988
120,8,65,22778,77,82813,177,5997
120,8,65,22778,77,82813,177,5997
120,8,65,23096,77,82959,177,6327
120,8,65,24194,77,83594,177,7303
120,8,65,25317,77,84229,177,8289
120,8,65,26367,77,84863,177,9222
120,8,65,26367,77,84863,177,9222
120,8,65,2749,77,85498,178,021
120,8,65,28589,77,86133,178,1176
120,8,65,29712,77,86816,178,2173
120,8,65,30811,77,87451,178,3156
120,8,65,30811,77,87451,178,3156
120,8,65,30811,77,87451,178,3156
120,8,65,31909,77,88086,178,4111
120,8,65,34204,77,89404,178,6157
120,8,65,34204,77,89404,178,6157
120,8,65,354,77,90088,178,7216
120,8,65,36523,77,90771,178,8208
120,8,65,37817,77,91504,178,9353
120,8,65,3894,77,92139,179,0347
120,8,65,3894,77,92139,179,0347
120,8,65,40063,77,92822,179,1324
120,8,65,41162,77,93457,179,2291
120,8,65,42261,77,94092,179,327
120,8,65,43335,77,94727,179,4225
120,8,65,43335,77,94727,179,4225
120,8,65,44409,77,95313,179,5162
120,8,65,45557,77,95996,179,6179
120,8,65,46704,77,96631,179,7192
120,8,65,47803,77,97266,179,8164
120,8,65,47803,77,97266,179,8164
120,8,65,4895,77,97949,179,9191
120,8,65,5,77,98584,180,0122
120,8,65,51172,77,99268,180,1145
120,8,65,52246,77,99902,180,2113
120,8,65,52246,77,99902,180,2113
120,8,65,53394,78,00537,180,3107
120,8,65,54443,78,01172,180,4052
120,8,65,55566,78,01807,180,5046
120,8,65,56641,78,02441,180,5983
120,8,65,5769,78,03027,180,6919
120,8,65,5769,78,03027,180,6919
120,8,65,58789,78,03662,180,7878
120,8,65,59863,78,04297,180,8833
120,8,65,60986,78,04932,180,9822
120,8,65,62036,78,05566,181,0752
120,8,65,62036,78,05566,181,0752
120,8,65,63184,78,06201,181,1766
120,8,65,64282,78,06836,181,2744
120,8,65,65332,78,07471,181,3678
120,8,65,66406,78,08105,181,4628
120,8,65,6748,78,08691,181,5566
120,8,65,6748,78,08691,181,5566
120,8,65,67773,78,08887,181,5833
120,8,65,69019,78,09424,181,6559
120,8,65,70361,78,1001,181,736
120,8,65,71631,78,10547,181,8099
120,8,65,729,78,11084,181,8846
120,8,65,729,78,11084,181,8846
120,8,65,7417,78,11621,181,9592
120,8,65,75439,78,12158,182,0341
120,8,65,76709,78,12695,182,1088
120,8,65,78027,78,13232,182,186
120,8,65,79248,78,1377,182,2584
120,9,65,80542,78,14307,182,3339
120,9,65,80542,78,14307,182,3339
120,9,65,81836,78,14844,182,4103
120,9,65,83154,78,1543,182,4873
120,9,65,84448,78,15967,182,564
120,9,65,85718,78,16504,182,6389
120,9,65,85718,78,16504,182,6389
120,9,65,86938,78,17041,182,7113
120,9,65,88306,78,17627,182,7915
120,9,65,896,78,18164,182,8669
120,9,65,90845,78,18701,182,9409
120,9,65,92041,78,19189,183,011
120,9,65,93311,78,19727,183,0857
120,9,65,93311,78,19727,183,0857
120,9,65,9458,78,20264,183,1605
120,9,65,9585,78,20801,183,2344
120,9,65,97119,78,21338,183,3092
120,9,65,98438,78,21924,183,3867
120,9,65,99707,78,22461,183,462
120,9,65,99707,78,22461,183,462
120,9,66,01001,78,22998,183,5378
120,9,66,02271,78,23535,183,6123
120,9,66,02271,78,23535,183,6123
120,9,66,03564,78,24121,183,6885
120,9,66,06274,78,25244,183,8472
120,9,66,06274,78,25244,183,8472
120,9,66,07544,78,25781,183,9226
120,9,66,08765,78,26318,183,9944
120,9,66,10034,78,26855,184,0691
120,9,66,11279,78,27393,184,1423
120,9,66,12549,78,2793,184,2168
120,9,66,13794,78,28467,184,2906
120,9,66,13794,78,28467,184,2906
120,9,66,15015,78,28955,184,3625
120,9,66,16284,78,29492,184,4368
120,9,66,177,78,30127,184,5204
120,9,66,18896,78,30615,184,5906
120,9,66,2019,78,31152,184,6669
120,9,66,2019,78,31152,184,6669
120,9,66,21411,78,31689,184,7382
120,9,66,23877,78,32275,184,8197
120,9,66,26367,78,32861,184,9019
120,9,66,29004,78,33496,184,9888
120,9,66,3147,78,34082,185,0701
120,9,66,33887,78,34668,185,1504
120,9,66,36304,78,35254,185,2299
120,9,66,36304,78,35254,185,2299
120,9,66,38696,78,35791,185,3086
120,9,66,41211,78,36377,185,3918
120,9,66,43823,78,37012,185,4783
120,9,66,46265,78,37598,185,5593
120,9,66,4856,78,38135,185,6344
120,9,66,50977,78,38721,185,7144
120,9,66,53467,78,39307,185,7965
120,9,66,55786,78,39844,185,873
120,9,66,58081,78,4043,185,9492
120,9,66,60474,78,40967,186,0278
120,9,66,60474,78,40967,186,0278
120,9,66,62842,78,41553,186,1064
120,9,66,65234,78,42139,186,1853
120,9,66,67627,78,42676,186,2643
120,9,66,69971,78,43262,186,3422
120,9,66,72485,78,43848,186,4244
120,9,66,74829,78,44385,186,5026
120,9,66,77051,78,44922,186,5758
120,9,66,7937,78,45459,186,6521
120,9,66,81616,78,45996,186,7262
120,9,66,83887,78,46533,186,8015
120,9,66,8623,78,47119,186,879
120,9,66,88403,78,47607,186,9506
120,9,66,90649,78,48145,187,0249
120,9,66,92822,78,48682,187,0966
120,9,66,95044,78,49219,187,1696
120,9,66,97412,78,49756,187,2484
120,9,66,99731,78,50342,187,3245
120,9,66,99731,78,50342,187,3245
120,9,67,02026,78,50879,187,4004
120,9,67,04224,78,51416,187,4729
120,9,67,06592,78,51953,187,5509
120,9,67,0874,78,5249,187,6226
120,9,67,1084,78,52979,187,6915
120,9,67,15186,78,54004,187,8351
120,9,67,17236,78,54492,187,9023
120,9,67,19409,78,5498,187,9742
120,9,67,21558,78,55518,188,0454
120,9,67,23633,78,56006,188,1143
120,9,67,25903,78,56543,188,1892
120,9,67,2793,78,57031,188,2562
120,9,67,2793,78,57031,188,2562
120,9,67,2793,78,57031,188,2562
120,9,67,30176,78,57568,188,3301
120,9,67,3584,78,58447,188,4465
120,9,67,38623,78,58887,188,504
120,9,67,40918,78,59277,188,5515
120,9,67,40918,78,59277,188,5515
120,9,67,44507,78,59814,188,6252
120,9,67,4812,78,604,188,6996
120,9,67,4812,78,604,188,6996
120,9,67,521,78,61035,188,7815
120,9,67,55762,78,61621,188,8572
120,9,67,59131,78,62158,188,9268
120,9,67,59131,78,62158,188,9268
120,9,67,62354,78,62646,188,9928
120,9,67,65796,78,63184,189,0637
120,9,67,65796,78,63184,189,0637
120,9,67,73438,78,64404,189,2211
120,9,67,75879,78,64795,189,2716
120,9,67,78101,78,65137,189,3171
120,9,67,80566,78,65527,189,3678
120,9,67,82886,78,65869,189,4158
120,9,67,85278,78,6626,189,4651
120,9,67,8772,78,6665,189,5154
120,9,67,90039,78,66992,189,563
120,9,67,92383,78,67383,189,6116
120,9,67,94604,78,67725,189,6572
120,9,67,96948,78,68115,189,7054
120,9,67,99219,78,68457,189,7521
120,9,68,01489,78,68799,189,799
120,9,68,03882,78,69189,189,8481
120,9,68,09009,78,7002,189,9537
120,9,68,1123,78,70361,189,9998
120,9,68,13428,78,70703,190,0447
120,9,68,15601,78,71045,190,0896
120,9,68,17847,78,71387,190,1361
120,9,68,20068,78,71729,190,1816
120,9,68,22339,78,72119,190,2284
120,9,68,26636,78,72803,190,317
120,9,68,28735,78,73096,190,3601
120,9,68,30835,78,73438,190,4036
120,9,68,33105,78,73828,190,4503
120,9,68,35449,78,7417,190,4987
120,9,68,37622,78,74512,190,5435
120,9,68,42065,78,75195,190,6346
120,9,68,44189,78,75537,190,6785
120,9,68,46387,78,75928,190,724
120,9,68,48779,78,7627,190,7729
120,9,68,50903,78,76611,190,8167
120,9,68,53052,78,76953,190,8611
120,9,68,55298,78,77295,190,9073
120,9,68,60254,78,78076,190,9779
120,9,68,63379,78,78516,191,0139
120,9,68,6626,78,78955,191,0475
120,9,68,69604,78,79443,191,0861
120,9,68,75952,78,8042,191,1598
120,9,68,79175,78,80908,191,1969
120,9,68,82251,78,81348,191,2327
120,9,68,85303,78,81787,191,2681
120,9,68,88574,78,82275,191,3058
120,9,68,88574,78,82275,191,3058
120,9,68,9187,78,82764,191,344
120,9,69,00684,78,84082,191,4462
120,9,69,07104,78,85059,191,5204
120,9,69,10254,78,85547,191,5569
120,9,69,13232,78,85986,191,5913
120,9,69,17017,78,86523,191,6351
120,9,69,20093,78,87012,191,6707
120,9,69,26099,78,87891,191,7404
120,9,69,29175,78,88379,191,7759
120,9,69,32251,78,88818,191,8115
120,9,69,35205,78,89258,191,8458
120,9,69,41724,78,90234,191,9211
120,9,69,44775,78,90674,191,9565
120,9,69,47559,78,91113,191,9888
120,9,69,53564,78,91992,192,0582
120,9,69,56738,78,9248,192,0948
120,9,69,59448,78,92871,192,1265
120,9,69,65405,78,9375,192,1952
120,9,69,68188,78,94189,192,2275
120,9,69,70996,78,94629,192,2601
120,9,69,771,78,95508,192,3306
120,9,69,80005,78,95947,192,3645
120,9,69,82666,78,96338,192,395
120,9,69,88403,78,97217,192,4615
120,9,69,91455,78,97656,192,4968
120,9,69,94092,78,98047,192,5275
120,9,69,99927,78,98926,192,5951
120,9,70,02808,78,99365,192,6283
120,9,70,05518,78,99756,192,6598
120,9,70,11377,79,00635,192,7274
120,9,70,1438,79,01074,192,7625
120,9,70,17285,79,01514,192,796
120,9,70,23071,79,02393,192,8629
120,9,70,25781,79,02783,192,8944
120,9,70,2854,79,03223,192,9264
120,9,70,34473,79,04102,192,9948
120,9,70,37256,79,04492,193,0271
120,9,70,42798,79,05322,193,0912
120,9,70,45581,79,05762,193,1235
120,9,70,48267,79,06152,193,1547
120,9,70,53003,79,06885,193,2029
120,9,70,55591,79,07275,193,2258
120,9,70,60596,79,08057,193,2703
120,9,70,6311,79,08447,193,2927
120,9,70,65576,79,08838,193,3147
120,9,70,68018,79,09229,193,3362
120,9,70,68018,79,09229,193,3362
120,9,70,70605,79,09619,193,3593
120,9,70,80884,79,1123,193,4507
120,9,70,8335,79,11621,193,4725
120,9,70,88208,79,12354,193,5159
120,9,70,90649,79,12744,193,5374
120,9,70,95679,79,13525,193,5822
120,9,70,98096,79,13916,193,6036
120,9,71,00562,79,14307,193,6255
120,9,71,0564,79,15088,193,6708
120,9,71,08008,79,15479,193,6918
120,9,71,12915,79,16211,193,7355
120,9,71,15332,79,16602,193,7568
120,9,71,17725,79,16992,193,7782
120,9,71,22681,79,17773,193,8223
120,9,71,25073,79,18115,193,8435
120,9,71,29785,79,18848,193,8855
120,9,71,3208,79,19238,193,9058
120,9,71,36743,79,19971,193,9471
120,9,71,39038,79,20313,193,9678
120,9,71,4375,79,21045,194,0096
120,9,71,45923,79,21387,194,0289
120,9,71,50635,79,22119,194,0708
120,9,71,53174,79,2251,194,0933
120,9,71,5791,79,23242,194,1354
120,9,71,60303,79,23633,194,1566
120,9,71,65112,79,24365,194,1995
120,9,71,67456,79,24756,194,2202
120,9,71,7207,79,25439,194,2612
120,9,71,74487,79,2583,194,2828
120,9,71,79102,79,26563,194,3237
120,9,71,8147,79,26953,194,345
120,9,71,85962,79,27637,194,3846
120,9,71,88354,79,28027,194,406
120,9,71,90625,79,28369,194,4263
120,9,71,95605,79,2915,194,4705
120,9,72,00195,79,29834,194,5112
120,9,72,02466,79,30225,194,5316
120,9,72,0481,79,30566,194,5522
120,9,72,09766,79,31348,194,5964
120,9,72,09766,79,31348,194,5964
120,9,72,09766,79,31348,194,5964
120,9,72,09766,79,31348,194,5964
120,9,72,09766,79,31348,194,5964
120,9,72,09766,79,31348,194,5964
120,9,72,09766,79,31348,194,5964
120,9,72,09766,79,31348,194,5964
120,9,72,09766,79,31348,194,5964
120,9,72,09766,79,31348,194,5964
120,9,72,09766,79,31348,194,5964
120,9,72,09766,79,31348,194,5964
120,9,72,09766,79,31348,194,5964
120,9,72,09766,79,31348,194,5964
120,9,72,09766,79,31348,194,5964
120,9,72,09766,79,31348,194,5964
120,9,72,09766,79,31348,194,5964
120,9,72,09766,79,31348,194,5964
120,9,72,09766,79,31348,194,5964
120,9,72,09766,79,31348,194,5964
120,9,72,09766,79,31348,194,5964
120,9,72,09766,79,31348,194,5964
120,9,72,09766,79,31348,194,5964
120,9,72,09766,79,31348,194,5964
120,9,72,09766,79,31348,194,5964
120,9,72,09766,79,31348,194,5964
120,9,72,09766,79,31348,194,5964
120,9,72,09766,79,31348,194,5964
120,9,72,09766,79,31348,194,5964
120,9,72,09766,79,31348,194,5964
120,9,72,09766,79,31348,194,5964
120,9,72,09766,79,31348,194,5964
120,9,72,09766,79,31348,194,5964
120,9,72,09766,79,31348,194,5964
120,9,72,09766,79,31348,194,5964
120,9,72,09766,79,31348,194,5964
120,9,72,09766,79,31348,194,5964
120,9,72,09766,79,31348,194,5964
120,9,72,09766,79,31348,194,5964
120,9,72,09766,79,31348,194,5964
120,9,72,09766,79,31348,194,5964
120,9,72,09766,79,31348,194,5964
120,9,72,09766,79,31348,194,5964
120,9,72,09766,79,31348,194,5964
120,9,72,09766,79,31348,194,5964
120,9,72,09766,79,31348,194,5964
120,9,72,09766,79,31348,194,5964
120,9,72,09766,79,31348,194,5964
120,9,72,09766,79,31348,194,5964
120,9,72,09766,79,31348,194,5964
120,9,72,09766,79,31348,194,5964
120,9,72,09766,79,31348,194,5964
120,9,72,09766,79,31348,194,5964
120,9,72,09766,79,31348,194,5964
120,9,72,09766,79,31348,194,5964
120,9,72,09766,79,31348,194,5964
120,9,72,09766,79,31348,194,5964
120,9,72,09766,79,31348,194,5964
120,9,72,09766,79,31348,194,5964
120,9,72,09766,79,31348,194,5964
120,9,72,09766,79,31348,194,5964
120,9,72,09766,79,31348,194,5964
120,9,72,09766,79,31348,194,5964
120,9,72,09766,79,31348,194,5964
120,9,72,09766,79,31348,194,5964
120,9,72,09766,79,31348,194,5964
120,9,72,09766,79,31348,194,5964
120,9,72,09766,79,31348,194,5964
120,9,72,09766,79,31348,194,5964
120,9,72,09766,79,31348,194,5964
120,9,72,09766,79,31348,194,5964
120,9,72,09766,79,31348,194,5964
120,9,72,09766,79,31348,194,5964
120,9,72,09766,79,31348,194,5964
120,9,72,09766,79,31348,194,5964
120,9,72,09766,79,31348,194,5964
120,9,72,09766,79,31348,194,5964
120,9,72,09766,79,31348,194,5964
120,9,72,09766,79,31348,194,5964
120,9,72,09766,79,31348,194,5964
120,9,72,09766,79,31348,194,5964
120,9,72,09766,79,31348,194,5964
120,9,72,09766,79,31348,194,5964
120,9,72,09766,79,31348,194,5964
120,9,72,09766,79,31348,194,5964
120,9,72,09766,79,31348,194,5964
120,9,72,09766,79,31348,194,5964
120,9,72,09766,79,31348,194,5964
120,9,72,09766,79,31348,194,5964
120,9,72,09766,79,31348,194,5964
120,9,72,09766,79,31348,194,5964
120,9,72,09766,79,31348,194,5964
120,9,72,09766,79,31348,194,5964
120,9,72,09766,79,31348,194,5964
120,9,72,09766,79,31348,194,5964
120,10,72,09766,79,31348,194,5964
120,10,72,12939,79,31836,194,6246
120,10,72,16309,79,32373,194,6547
120,10,72,20508,79,33008,194,6918
120,10,72,23682,79,33496,194,72
120,10,72,24463,79,33643,194,7271
120,10,72,28174,79,34229,194,7521
120,10,72,32202,79,34814,194,7792
120,10,72,36035,79,354,194,8052
120,10,72,39478,79,35938,194,8282
120,10,72,46973,79,37061,194,8789
120,10,72,50757,79,37646,194,9044
120,10,72,54639,79,38232,194,9307
120,10,72,58691,79,38867,194,958
120,10,72,62671,79,39453,194,9849
120,10,72,66284,79,40039,195,0092
120,10,72,69922,79,40576,195,0337
120,10,72,73608,79,41162,195,0586
120,10,72,77466,79,41748,195,0846
120,10,72,8125,79,42285,195,1101
120,10,72,88672,79,43457,195,1602
120,10,72,9248,79,43994,195,1858
120,10,72,9248,79,43994,195,1858
120,10,72,9248,79,43994,195,1858
120,10,72,96533,79,44629,195,2133
120,10,73,05786,79,46045,195,2756
120,10,73,0979,79,4668,195,3027
120,10,73,13794,79,47266,195,3296
120,10,73,18237,79,47949,195,3597
120,10,73,26099,79,49121,195,4126
120,10,73,30054,79,49756,195,4393
120,10,73,33618,79,50293,195,4634
120,10,73,37646,79,50928,195,4907
120,10,73,41357,79,51465,195,5156
120,10,73,448,79,52002,195,5388
120,10,73,48608,79,52588,195,5646
120,10,73,52197,79,53125,195,5889
120,10,73,56006,79,53711,195,6145
120,10,73,63623,79,54883,195,6658
120,10,73,6748,79,55469,195,6918
120,10,73,7085,79,55957,195,7146
120,10,73,74658,79,56543,195,7404
120,10,73,78589,79,57129,195,7668
120,10,73,82178,79,57715,195,7909
120,10,73,86035,79,58301,195,817
120,10,73,89697,79,58838,195,8418
120,10,73,97339,79,6001,195,8932
120,10,74,01074,79,60596,195,9185
120,10,74,04834,79,61133,195,9438
120,10,74,0874,79,61768,195,9702
120,10,74,12329,79,62305,195,9944
120,10,74,16089,79,62891,196,0198
120,10,74,16089,79,62891,196,0198
120,10,74,16089,79,62891,196,0198
120,10,74,16089,79,62891,196,0198
120,10,74,16089,79,62891,196,0198
120,10,74,16089,79,62891,196,0198
120,10,74,16089,79,62891,196,0198
120,10,74,16089,79,62891,196,0198
120,10,74,16089,79,62891,196,0198
120,10,74,16089,79,62891,196,0198
120,10,74,19849,79,63428,196,0452
120,10,74,23755,79,64063,196,0715
120,10,74,28418,79,64746,196,103
120,10,74,32153,79,65332,196,1282
120,10,74,32861,79,6543,196,1329
120,10,74,37549,79,66113,196,1564
120,10,74,41797,79,66748,196,1776
120,10,74,4646,79,67432,196,2009
120,10,74,55688,79,68799,196,2471
120,10,74,60107,79,69434,196,269
120,10,74,64868,79,70117,196,2927
120,10,74,69409,79,70801,196,3156
120,10,74,74121,79,71484,196,3391
120,10,74,78735,79,72168,196,3622
120,10,74,83276,79,72852,196,3848
120,10,74,87866,79,73535,196,4077
120,10,74,92554,79,74219,196,4312
120,10,74,97266,79,74902,196,4546
120,10,74,97266,79,74902,196,4546
120,10,75,0188,79,75586,196,4778
120,10,75,13745,79,77344,196,537
120,10,75,18262,79,78027,196,5596
120,10,75,23047,79,78711,196,5835
120,10,75,27393,79,79346,196,6052
120,10,75,36719,79,80713,196,6519
120,10,75,41284,79,81396,196,6747
120,10,75,45874,79,8208,196,6975
120,10,75,50293,79,82715,196,7196
120,10,75,55005,79,83398,196,7432
120,10,75,59375,79,84033,196,7649
120,10,75,63965,79,84717,196,7878
120,10,75,68311,79,85352,196,8097
120,10,75,72998,79,86084,196,833
120,10,75,77466,79,86719,196,8553
120,10,75,86719,79,88086,196,9016
120,10,75,91504,79,8877,196,9254
120,10,75,9585,79,89404,196,9473
120,10,76,00732,79,90137,196,9716
120,10,76,0542,79,9082,196,995
120,10,76,09863,79,91504,197,0171
120,10,76,14624,79,92188,197,041
120,10,76,19336,79,92871,197,0645
120,10,76,24194,79,93604,197,0887
120,10,76,29053,79,94336,197,113
120,10,76,33228,79,94922,197,1338
120,10,76,42603,79,96289,197,1807
120,10,76,46948,79,96973,197,2024
120,10,76,51587,79,97656,197,2256
120,10,76,56299,79,9834,197,2491
120,10,76,60718,79,98975,197,2712
120,10,76,6543,79,99658,197,2948
120,10,76,69946,80,00342,197,3174
120,10,76,74829,80,01074,197,3417
120,10,76,79565,80,01758,197,3654
120,10,76,83862,80,02393,197,3868
120,10,76,84912,80,02539,197,3921
120,10,76,90039,80,03271,197,4165
120,10,76,96069,80,04102,197,4453
120,10,77,02319,80,0498,197,4751
120,10,77,08594,80,05859,197,505
120,10,77,14355,80,06641,197,5325
120,10,77,20117,80,07471,197,5598
120,11,77,26147,80,08301,197,5886
120,11,77,32202,80,09131,197,6174
120,11,77,38257,80,09961,197,6462
120,11,77,43872,80,10742,197,6731
120,11,77,48877,80,11475,197,6969
120,11,77,59644,80,12988,197,7483
120,11,77,64746,80,13672,197,7726
120,11,77,69434,80,14307,197,7948
120,11,77,74927,80,15088,197,8212
120,11,77,80005,80,1582,197,8452
120,11,77,85376,80,16553,197,8708
120,11,77,90405,80,17236,197,8949
120,11,77,95923,80,18018,197,9211
120,11,77,95923,80,18018,197,9211
120,11,78,01318,80,18799,197,9468
120,11,78,14014,80,20557,198,0073
120,11,78,19482,80,21289,198,0333
120,11,78,30151,80,22803,198,0842
120,11,78,35181,80,23486,198,1082
120,11,78,40259,80,24219,198,1324
120,11,78,45776,80,25,198,1587
120,11,78,51318,80,25732,198,1851
120,11,78,56274,80,26465,198,2087
120,11,78,61597,80,27197,198,2341
120,11,78,66699,80,27881,198,2584
120,11,78,71851,80,28613,198,283
120,11,78,77319,80,29395,198,3091
120,11,78,87915,80,30859,198,3596
120,11,78,93115,80,31592,198,3843
120,11,78,97705,80,32227,198,4063
120,11,79,03003,80,32959,198,4314
120,11,79,08008,80,33643,198,4553
120,11,79,13403,80,34424,198,481
120,11,79,18311,80,35107,198,5044
120,11,79,28906,80,36572,198,5549
120,11,79,34302,80,37305,198,5806
120,11,79,39429,80,38037,198,605
120,11,79,44165,80,38721,198,6276
120,11,79,49097,80,39404,198,651
120,11,79,54272,80,40137,198,6757
120,11,79,64209,80,41504,198,7231
120,11,79,69336,80,42236,198,7476
120,11,79,73999,80,42871,198,7698
120,11,79,76489,80,43213,198,7816
120,11,79,83301,80,44141,198,8119
120,11,79,90137,80,45068,198,8423
120,11,80,03735,80,46924,198,9027
120,11,80,10669,80,47852,198,9335
120,11,80,1748,80,48779,198,9639
120,11,80,24048,80,49658,198,993
120,11,80,30762,80,50537,199,0229
120,11,80,37842,80,51514,199,0543
120,11,80,5144,80,53369,199,1147
120,11,80,58081,80,54248,199,1443
120,11,80,64307,80,55078,199,1719
120,11,80,71191,80,56055,199,2026
120,11,80,77979,80,56934,199,2327
120,11,80,91455,80,58789,199,2926
120,11,80,98291,80,59717,199,323
120,11,81,05444,80,60645,199,3547
120,11,81,12085,80,61572,199,3843
120,11,81,19141,80,625,199,4156
120,11,81,2583,80,63428,199,4454
120,11,81,396,80,65283,199,5066
120,11,81,46387,80,66211,199,5367
120,11,81,52441,80,67041,199,5637
120,11,81,52441,80,67041,199,5637
120,11,81,59326,80,67969,199,5944
120,11,81,77075,80,70361,199,6732
120,11,81,83691,80,7124,199,7026
120,11,81,90308,80,72168,199,7319
120,11,81,96924,80,73047,199,7614
120,11,82,05371,80,7417,199,799
120,11,82,1897,80,76025,199,8594
120,11,82,25903,80,76953,199,8901
120,11,82,32104,80,77783,199,9178
120,11,82,3916,80,7876,199,9491
120,11,82,45825,80,79688,199,9788
120,11,82,5918,80,81445,200,0381
120,11,82,66016,80,82373,200,0685
120,11,82,72021,80,83203,200,0952
120,11,82,78931,80,84131,200,1259
120,11,82,85303,80,8501,200,1542
120,11,82,9856,80,86816,200,2131
120,11,83,05518,80,87744,200,2441
120,11,83,11914,80,88623,200,2725
120,11,83,19189,80,896,200,3048
120,11,83,2583,80,90479,200,3345
120,11,83,3269,80,91406,200,3649
120,11,83,46143,80,93262,200,4247
120,11,83,52588,80,94092,200,4534
120,11,83,59863,80,95117,200,4856
120,11,83,66431,80,95996,200,5149
120,11,83,73218,80,96924,200,545
120,11,83,82275,80,98145,200,5743
120,11,83,88184,80,98975,200,5911
120,11,83,94507,80,99854,200,609
120,11,84,00659,81,00732,200,6265
120,11,84,07056,81,01611,200,6447
120,11,84,12817,81,02441,200,6609
120,11,84,19287,81,0332,200,6792
120,11,84,3147,81,05029,200,7137
120,11,84,37476,81,05908,200,7308
120,11,84,43359,81,06689,200,7474
120,11,84,49365,81,07568,200,7644
120,11,84,55273,81,08398,200,7813
120,11,84,55273,81,08398,200,7813
120,11,84,55273,81,08398,200,7813
120,11,84,55273,81,08398,200,7813
120,11,84,55273,81,08398,200,7813
120,11,84,61304,81,09229,200,7983
120,11,85,03711,81,15137,200,9185
120,11,85,09741,81,16016,200,9355
120,11,85,1521,81,16748,200,951
120,11,85,21265,81,17627,200,9681
120,11,85,26953,81,18408,200,9844
120,11,85,38818,81,20068,201,0179
120,11,85,44946,81,20947,201,0353
120,12,85,50317,81,2168,201,0505
120,12,85,56641,81,22559,201,0685
120,12,85,62573,81,23389,201,0852
120,12,85,7478,81,25098,201,1199
120,12,85,7478,81,25098,201,1199
120,12,85,8103,81,25977,201,1376
120,12,85,95972,81,28076,201,1799
120,12,86,02515,81,29004,201,1984
120,12,86,08398,81,29834,201,2151
120,12,86,14478,81,30664,201,2323
120,12,86,2041,81,31494,201,2491
120,12,86,2644,81,32324,201,2661
120,12,86,39136,81,34131,201,3022
120,12,86,45337,81,34961,201,3197
120,12,86,50952,81,35791,201,3357
120,12,86,5686,81,36621,201,3524
120,12,86,63184,81,375,201,3704
120,12,86,75684,81,39258,201,4058
120,12,86,81323,81,40039,201,4218
120,12,86,87329,81,40869,201,4387
120,12,86,92944,81,4165,201,4546
120,12,87,04883,81,43311,201,4885
120,12,87,10327,81,44092,201,5039
120,12,87,19849,81,4541,201,5309
120,12,87,24658,81,46094,201,5446
120,12,87,33423,81,47314,201,5693
120,12,87,39795,81,48096,201,5835
120,12,87,52441,81,49658,201,6117
120,12,87,58203,81,50342,201,6245
120,12,87,70557,81,51904,201,652
120,12,87,76587,81,52637,201,6653
120,12,87,88599,81,54102,201,692
120,12,87,95483,81,54932,201,7074
120,12,88,07617,81,56445,201,7344
120,12,88,13843,81,57227,201,7482
120,12,88,2561,81,58643,201,7744
120,12,88,31519,81,59375,201,7876
120,12,88,43164,81,6084,201,8135
120,12,88,54614,81,62207,201,8389
120,12,88,61133,81,63037,201,8534
120,12,88,72998,81,64502,201,8798
120,12,88,7937,81,65283,201,894
120,12,88,91431,81,66748,201,9209
120,12,88,97388,81,6748,201,9341
120,12,89,09448,81,68994,201,9609
120,12,89,15454,81,69727,201,9742
120,12,89,271,81,71143,202,0001
120,12,89,33423,81,71924,202,0143
120,12,89,38989,81,72607,202,0266
120,12,89,38989,81,72607,202,0266
120,12,89,63721,81,75635,202,0817
120,12,89,70117,81,76465,202,0958
120,12,89,82007,81,7793,202,1223
120,12,89,93506,81,79346,202,1479
120,12,89,99609,81,80078,202,1614
120,12,90,11816,81,81592,202,1886
120,12,90,177,81,82275,202,2017
120,12,90,2959,81,8374,202,2281
120,12,90,35156,81,84424,202,2405
120,12,90,46948,81,85889,202,2667
120,12,90,58447,81,87305,202,2924
120,12,90,64526,81,88086,202,3059
120,12,90,76538,81,89551,202,3325
120,12,90,82349,81,90234,202,3455
120,12,90,93677,81,9165,202,3707
120,12,91,05371,81,93066,202,3967
120,12,91,11401,81,93848,202,4102
120,12,91,23145,81,95264,202,4363
120,12,91,28735,81,95947,202,4487
120,12,91,40527,81,97412,202,475
120,12,91,40527,81,97412,202,475
120,12,91,46167,81,98096,202,4874
120,12,91,53979,81,99072,202,5049
120,12,91,71484,82,01221,202,5438
120,12,91,79224,82,02197,202,561
120,12,91,85986,82,03027,202,576
120,12,91,93506,82,03955,202,5928
120,12,92,02368,82,04883,202,613
120,12,92,07471,82,05371,202,6249
120,12,92,125,82,05811,202,6366
120,12,92,17847,82,06299,202,6489
120,12,92,28076,82,07275,202,6729
120,12,92,33325,82,07764,202,6851
120,12,92,38135,82,08203,202,6962
120,12,92,48193,82,0918,202,7196
120,12,92,52881,82,09619,202,7305
120,12,92,57837,82,10059,202,7419
120,12,92,6272,82,10498,202,7534
120,12,92,72803,82,11475,202,7769
120,12,92,78564,82,12012,202,7902
120,12,92,8335,82,12451,202,8014
120,12,92,88599,82,12939,202,8136
120,12,92,93433,82,13379,202,8248
120,12,92,93433,82,13379,202,8248
120,12,93,11792,82,15137,202,8676
120,12,93,16748,82,15576,202,879
120,12,93,21558,82,16016,202,8903
120,12,93,31641,82,16992,202,9137
120,12,93,36572,82,17432,202,9252
120,12,93,41406,82,17871,202,9364
120,12,93,46216,82,18311,202,9476
120,12,93,56104,82,19238,202,9706
120,12,93,61377,82,19727,202,9829
120,12,93,6626,82,20215,202,9941
120,12,93,7146,82,20703,203,0063
120,12,93,81689,82,21631,203,03
120,12,93,86572,82,22119,203,0415
120,12,93,91455,82,22559,203,0527
120,12,94,01465,82,23486,203,076
120,12,94,06567,82,23975,203,0879
120,12,94,11328,82,24414,203,099
120,12,94,16479,82,24902,203,111
120,12,94,26465,82,2583,203,1342
120,12,94,31812,82,26318,203,1467
120,12,94,36816,82,26807,203,1583
120,12,94,46851,82,27734,203,1816
120,12,94,51929,82,28223,203,1935
120,12,94,5686,82,28662,203,205
120,12,94,62036,82,2915,203,217
120,12,94,72266,82,30127,203,2407
120,12,94,77563,82,30615,203,2531
120,12,94,82178,82,31055,203,2638
120,12,94,87012,82,31494,203,2751
120,12,94,97168,82,32471,203,2987
120,12,95,02344,82,32959,203,3107
120,12,95,06982,82,3335,203,3215
120,12,95,12231,82,33887,203,3337
120,12,95,177,82,34375,203,3464
120,12,95,22534,82,34521,203,3661
120,12,95,27271,82,34668,203,3853
120,13,95,36841,82,34961,203,4241
120,13,95,41431,82,35059,203,4427
120,13,95,45752,82,35205,203,4602
120,13,95,50684,82,35352,203,4802
120,13,95,60181,82,35645,203,5188
120,13,95,64819,82,35791,203,5376
120,13,95,69458,82,35938,203,5565
120,13,95,74121,82,36035,203,5754
120,13,95,83911,82,36328,203,6151
120,13,95,88696,82,36475,203,6345
120,13,95,92993,82,36621,203,6519
120,13,95,92993,82,36621,203,6519
120,13,95,97876,82,36768,203,6718
120,13,96,10791,82,37158,203,7241
120,13,96,20435,82,37451,203,7632
120,13,96,25098,82,37598,203,7822
120,13,96,29907,82,37744,203,8018
120,13,96,34619,82,37842,203,8208
120,13,96,44434,82,38135,203,8606
120,13,96,49414,82,38281,203,8809
120,13,96,53882,82,38428,203,8989
120,13,96,58862,82,38574,203,9192
120,13,96,6853,82,38867,203,9584
120,13,96,7334,82,39014,203,9779
120,13,96,78223,82,3916,203,9977
120,13,96,8291,82,39307,204,0167
120,13,96,92432,82,396,204,0553
120,13,96,96973,82,39746,204,0737
120,13,97,01709,82,39844,204,093
120,13,97,11304,82,40137,204,132
120,13,97,15918,82,40283,204,1506
120,13,97,20923,82,4043,204,171
120,13,97,25537,82,40576,204,1897
120,13,97,35083,82,40869,204,2284
120,13,97,40088,82,41016,204,2488
120,13,97,44458,82,41162,204,2665
120,13,97,49414,82,41309,204,2865
120,13,97,54517,82,41455,204,3073
120,13,97,64575,82,41748,204,348
120,13,97,69458,82,41895,204,3679
120,13,97,73779,82,41992,204,3854
120,13,97,83594,82,42285,204,4253
120,13,97,88477,82,42432,204,4449
120,13,97,93115,82,42578,204,4639
120,13,97,98389,82,42725,204,4852
120,13,98,03394,82,4292,204,5056
120,13,98,13013,82,43164,204,5446
120,13,98,1814,82,43359,204,5654
120,13,98,18872,82,43359,204,5684
120,13,98,21997,82,43164,204,5953
120,13,98,24878,82,43018,204,6201
120,13,98,30786,82,42676,204,671
120,13,98,33765,82,4248,204,6967
120,13,98,3645,82,42334,204,7198
120,13,98,39502,82,42139,204,7462
120,13,98,44971,82,41797,204,7933
120,13,98,47925,82,4165,204,8186
120,13,98,5061,82,41455,204,8419
120,13,98,5354,82,41309,204,8671
120,13,98,59302,82,40967,204,9166
120,13,98,59302,82,40967,204,9166
120,13,98,59302,82,40967,204,9166
120,13,98,69873,82,40332,205,0078
120,13,98,72876,82,40137,205,0337
120,13,98,75781,82,3999,205,0587
120,13,98,78613,82,39844,205,0831
120,13,98,81592,82,39648,205,1088
120,13,98,87329,82,39307,205,1581
120,13,98,90259,82,39111,205,1833
120,13,98,93188,82,38965,205,2086
120,13,98,96143,82,3877,205,2341
120,13,98,9917,82,38623,205,2603
120,13,99,05103,82,38232,205,3113
120,13,99,08032,82,38086,205,3367
120,13,99,11011,82,37891,205,3623
120,13,99,13916,82,37744,205,3872
120,13,99,16968,82,37549,205,4135
120,13,99,2002,82,37354,205,4399
120,13,99,25952,82,37012,205,491
120,13,99,29126,82,36816,205,5183
120,13,99,32007,82,3667,205,5432
120,13,99,35132,82,36475,205,5701
120,13,99,38062,82,36279,205,5952
120,13,99,41064,82,36133,205,6213
120,13,99,47266,82,35742,205,6746
120,13,99,50293,82,35596,205,7007
120,13,99,53223,82,354,205,726
120,13,99,56274,82,35205,205,7522
120,13,99,59277,82,35059,205,7781
120,13,99,62402,82,34863,205,8052
120,13,99,68262,82,34521,205,8555
120,13,99,71338,82,34326,205,8821
120,13,99,74268,82,34131,205,9073
120,13,99,77295,82,33984,205,9333
120,13,99,80371,82,33789,205,9598
120,13,99,83398,82,33594,205,986
120,13,99,89551,82,33252,206,0389
120,13,99,92847,82,33057,206,0673
120,13,99,95215,82,3291,206,0878
120,13,99,9812,82,32617,206,1156
120,13,100,0076,82,32324,206,1406
120,13,100,0352,82,32031,206,1669
120,13,100,0881,82,31445,206,2174
120,13,100,1162,82,31152,206,2441
120,13,100,1438,82,30859,206,2705
120,13,100,1704,82,30615,206,2959
120,13,100,1985,82,30273,206,3228
120,13,100,2244,82,30029,206,3474
120,13,100,2527,82,29736,206,3744
120,13,100,3083,82,2915,206,4272
120,13,100,3345,82,28857,206,4523
120,13,100,3608,82,28564,206,4775
120,13,100,3887,82,28271,206,5039
120,13,100,3887,82,28271,206,5039
120,13,100,4153,82,27979,206,5293
120,13,100,4829,82,27295,206,5938
120,13,100,5115,82,26953,206,6211
120,13,100,5383,82,26709,206,6467
120,13,100,5669,82,26367,206,674
120,13,100,6221,82,25781,206,7266
120,13,100,6487,82,25537,206,752
120,13,100,676,82,25244,206,778
120,13,100,7029,82,24951,206,8036
120,13,100,7302,82,24658,206,8297
120,13,100,7585,82,24365,206,8567
120,13,100,8125,82,23779,206,9081
120,14,100,8406,82,23486,206,9348
120,14,100,8665,82,23193,206,9596
120,14,100,8938,82,229,206,9856
120,14,100,9211,82,22607,207,0117
120,14,100,949,82,22314,207,0382
120,14,100,9763,82,22021,207,0643
120,14,101,0313,82,21484,207,1167
120,14,101,0579,82,21191,207,1421
120,14,101,0872,82,2085,207,17
120,14,101,1165,82,20557,207,1978
120,14,101,1438,82,20264,207,2239
120,14,101,1711,82,19971,207,25
120,14,101,1995,82,19678,207,277
120,14,101,228,82,19385,207,3044
120,14,101,282,82,18799,207,3557
120,14,101,3098,82,18506,207,3823
120,14,101,3359,82,18213,207,4072
120,14,101,3835,82,17725,207,4525
120,14,101,4075,82,1748,207,4753
120,14,101,4282,82,17236,207,4951
120,14,101,4724,82,16797,207,5372
120,14,101,4949,82,16553,207,5587
120,14,101,5264,82,16211,207,5887
120,14,101,5515,82,15967,207,6172
120,14,101,5977,82,1543,207,6697
120,14,101,6211,82,15186,207,6963
120,14,101,6433,82,14941,207,7216
120,14,101,6917,82,14453,207,7766
120,14,101,7163,82,1416,207,8044
120,14,101,7634,82,13672,207,858
120,14,101,7874,82,13428,207,8854
120,14,101,8335,82,12939,207,9377
120,14,101,8567,82,12695,207,964
120,14,101,8799,82,12451,207,9904
120,14,101,9299,82,11914,208,0472
120,14,101,9534,82,11621,208,074
120,14,101,9534,82,11621,208,074
120,14,101,9756,82,11426,208,0991
120,14,102,0684,82,104,208,2046
120,14,102,0906,82,10156,208,2299
120,14,102,1372,82,09668,208,2827
120,14,102,1611,82,09424,208,3101
120,14,102,2061,82,08936,208,3611
120,14,102,2305,82,08691,208,3887
120,14,102,2527,82,08447,208,4141
120,14,102,3,82,0791,208,468
120,14,102,3247,82,07666,208,4958
120,14,102,3704,82,07178,208,5477
120,14,102,3943,82,06934,208,575
120,14,102,4414,82,06396,208,6284
120,14,102,4641,82,06152,208,6542
120,14,102,5125,82,05664,208,7094
120,14,102,5364,82,0542,208,7365
120,14,102,5583,82,05176,208,7614
120,14,102,606,82,04639,208,8154
120,14,102,6304,82,04395,208,8433
120,14,102,6758,82,03906,208,8949
120,14,102,698,82,03662,208,92
120,14,102,7441,82,03174,208,9724
120,14,102,7673,82,0293,208,9988
120,14,102,8142,82,02441,209,052
120,14,102,8386,82,02148,209,0797
120,14,102,885,82,0166,209,1326
120,14,102,9082,82,01416,209,1588
120,14,102,9524,82,00928,209,2092
120,14,102,9768,82,00684,209,2371
120,14,103,0012,82,00439,209,2645
120,14,103,0471,81,99951,209,3168
120,14,103,072,81,99658,209,345
120,14,103,1182,81,9917,209,3975
120,14,103,1414,81,98926,209,4238
120,14,103,187,81,98438,209,4758
120,14,103,2102,81,98193,209,5022
120,14,103,219,81,98096,209,5121
120,14,103,2581,81,97852,209,5647
120,14,103,2766,81,97754,209,5895
120,14,103,313,81,97559,209,6387
120,14,103,3328,81,97412,209,6653
120,14,103,3499,81,97314,209,6882
120,14,103,3499,81,97314,209,6882
120,14,103,4221,81,96875,209,7853
120,14,103,4429,81,96777,209,8134
120,14,103,4814,81,96533,209,8652
120,14,103,4995,81,96436,209,8894
120,14,103,5364,81,9624,209,9392
120,14,103,5552,81,96094,209,9645
120,14,103,5752,81,95996,209,9913
120,14,103,6118,81,95752,210,0408
120,14,103,6311,81,95654,210,0667
120,14,103,6675,81,95459,210,1156
120,14,103,6865,81,95313,210,1414
120,14,103,7241,81,95117,210,1919
120,14,103,7429,81,9502,210,2173
120,14,103,781,81,94775,210,2683
120,14,103,8,81,94678,210,2941
120,14,103,8186,81,94531,210,319
120,14,103,8569,81,94336,210,3706
120,14,103,876,81,94189,210,3962
120,14,103,9133,81,93994,210,4465
120,14,103,9321,81,93896,210,4717
120,14,103,969,81,93652,210,5215
120,14,103,9866,81,93555,210,545
120,14,104,0237,81,93359,210,595
120,14,104,0439,81,93213,210,6222
120,14,104,0815,81,93018,210,6727
120,14,104,1003,81,92871,210,6981
120,14,104,1365,81,92676,210,7468
120,14,104,1553,81,92578,210,772
120,14,104,1736,81,92432,210,7965
120,14,104,2122,81,92236,210,8485
120,14,104,2312,81,9209,210,8743
120,14,104,2681,81,91895,210,9238
120,14,104,2869,81,91797,210,9491
120,14,104,3225,81,91553,210,9969
120,14,104,3411,81,91455,211,0222
120,14,104,3784,81,9126,211,0723
120,14,104,3979,81,91113,211,0986
120,14,104,4341,81,90918,211,1471
120,14,104,4534,81,90771,211,1733
120,14,104,4902,81,90576,211,2228
120,14,104,5081,81,90479,211,2469
120,14,104,5081,81,90479,211,2469
120,14,104,5261,81,90381,211,2712
120,14,104,5813,81,90039,211,3453
120,14,104,5938,81,90039,211,371
120,14,104,6057,81,8999,211,3958
120,14,104,6306,81,8999,211,4468
120,14,104,6433,81,8999,211,4725
120,14,104,668,81,89941,211,5232
120,14,104,6807,81,89941,211,5493
120,15,104,7051,81,89893,211,5997
120,15,104,7183,81,89893,211,6266
120,15,104,7441,81,89844,211,6799
120,15,104,7566,81,89844,211,7054
120,15,104,7817,81,89795,211,7568
120,15,104,7939,81,89795,211,7822
120,15,104,8181,81,89746,211,8317
120,15,104,8313,81,89746,211,8586
120,15,104,8557,81,89697,211,9089
120,15,104,8684,81,89697,211,9352
120,15,104,8933,81,89697,211,9861
120,15,104,9063,81,89648,212,0126
120,15,104,9304,81,89648,212,0621
120,15,104,9424,81,896,212,087
120,15,104,9668,81,896,212,1373
120,15,104,9788,81,89551,212,1619
120,15,105,0029,81,89551,212,2114
120,15,105,0151,81,89551,212,2366
120,15,105,0396,81,89502,212,2867
120,15,105,0527,81,89502,212,3135
120,15,105,0667,81,89453,212,3419
120,15,105,0913,81,89453,212,3929
120,15,105,1035,81,89453,212,4178
120,15,105,1279,81,89404,212,468
120,15,105,1418,81,89404,212,4966
120,15,105,1655,81,89355,212,5454
120,15,105,178,81,89355,212,5708
120,15,105,2012,81,89307,212,6187
120,15,105,2136,81,89307,212,6438
120,15,105,2378,81,89258,212,6936
120,15,105,251,81,89258,212,7205
120,15,105,2747,81,89209,212,7695
120,15,105,2866,81,89209,212,7939
120,15,105,2866,81,89209,212,7939
120,15,105,2979,81,89209,212,817
120,15,105,3477,81,8916,212,9192
120,15,105,3621,81,89111,212,9487
120,15,105,3867,81,89111,212,9998
120,15,105,3994,81,89063,213,0256
120,15,105,4224,81,89063,213,0725
120,15,105,4351,81,89063,213,0985
120,15,105,459,81,89014,213,1478
120,15,105,4822,81,88965,213,1957
120,15,105,4944,81,88965,213,2206
120,15,105,5103,81,89111,213,264
120,15,105,5195,81,89209,213,2937
120,15,105,5381,81,89453,213,3523
120,15,105,5476,81,896,213,3831
120,15,105,5667,81,89844,213,4435
120,15,105,5762,81,89941,213,4733
120,15,105,595,81,90186,213,5334
120,15,105,6138,81,9043,213,5927
120,15,105,6228,81,90576,213,6213
120,15,105,6411,81,90771,213,6801
120,15,105,6504,81,90918,213,7089
120,15,105,6689,81,91162,213,7681
120,15,105,6875,81,91406,213,8269
120,15,105,6968,81,91504,213,8564
120,15,105,7068,81,9165,213,8885
120,15,105,7263,81,91895,213,9504
120,15,105,7446,81,92139,214,0083
120,15,105,7544,81,92285,214,0397
120,15,105,7734,81,92529,214,0996
120,15,105,7827,81,92627,214,1293
120,15,105,8015,81,92871,214,1888
120,15,105,8113,81,93018,214,2202
120,15,105,8293,81,93262,214,2775
120,15,105,8479,81,93506,214,3364
120,15,105,8574,81,93604,214,3668
120,15,105,8765,81,93848,214,4268
120,15,105,886,81,93994,214,4573
120,15,105,9045,81,94238,214,5159
120,15,105,9136,81,94336,214,5444
120,15,105,9136,81,94336,214,5444
120,15,105,9226,81,94434,214,5735
120,15,105,9617,81,94971,214,6974
120,15,105,9807,81,95215,214,7577
120,15,105,9895,81,95313,214,7863
120,15,106,0078,81,95557,214,8439
120,15,106,0171,81,95703,214,8739
120,15,106,0364,81,95947,214,9344
120,15,106,0457,81,96045,214,9644
120,15,106,0637,81,96289,215,0217
120,15,106,082,81,96533,215,0797
120,15,106,0918,81,96631,215,1106
120,15,106,1101,81,96875,215,1692
120,15,106,1196,81,97021,215,1987
120,15,106,1375,81,97266,215,2556
120,15,106,156,81,9751,215,3146
120,15,106,165,81,97607,215,343
120,15,106,1836,81,97852,215,4019
120,15,106,1929,81,97949,215,4313
120,15,106,2112,81,98193,215,4899
120,15,106,2207,81,9834,215,5199
120,15,106,2327,81,98486,215,558
120,15,106,2437,81,98828,215,6138
120,15,106,2493,81,98975,215,6426
120,15,106,2603,81,99316,215,6978
120,15,106,271,81,99609,215,7524
120,15,106,2764,81,99805,215,7794
120,15,106,2876,82,00146,215,8372
120,15,106,293,82,00293,215,8643
120,15,106,304,82,00586,215,9198
120,15,106,3149,82,00928,215,9751
120,15,106,3203,82,01074,216,0026
120,15,106,3313,82,01416,216,0588
120,15,106,3369,82,01563,216,0867
120,15,106,3477,82,01904,216,1415
120,15,106,3584,82,02246,216,1965
120,15,106,364,82,02393,216,2247
120,15,106,3748,82,02734,216,2795
120,15,106,3806,82,02881,216,309
120,15,106,3806,82,02881,216,309
120,15,106,4028,82,03564,216,4222
120,15,106,4084,82,03711,216,4503
120,15,106,4192,82,04053,216,505
120,15,106,4246,82,04199,216,5315
120,15,106,4353,82,04541,216,5868
120,15,106,4463,82,04834,216,6423
120,15,106,4517,82,05029,216,6702
120,15,106,4629,82,05322,216,7261
120,15,106,4736,82,05664,216,7811
120,15,106,479,82,05811,216,8086
120,15,106,4897,82,06152,216,8629
120,15,106,4956,82,06299,216,8923
120,15,106,5063,82,06641,216,9468
120,15,106,5171,82,06934,217,002
120,15,106,5225,82,07129,217,0295
120,15,106,5332,82,07422,217,0835
120,15,106,5442,82,07764,217,139
120,16,106,5498,82,0791,217,1678
120,16,106,5608,82,08252,217,2236
120,16,106,5662,82,08398,217,251
120,16,106,5769,82,0874,217,3051
120,16,106,5876,82,09033,217,3601
120,16,106,5933,82,09229,217,3885
120,16,106,6038,82,09521,217,4421
120,16,106,6143,82,09863,217,4948
120,16,106,6199,82,1001,217,5238
120,16,106,6301,82,10303,217,5762
120,16,106,6362,82,10498,217,6061
120,16,106,6487,82,1084,217,6697
120,16,106,6545,82,11035,217,6996
120,16,106,667,82,11426,217,7632
120,16,106,6724,82,11572,217,7899
120,16,106,6775,82,11816,217,8313
120,16,106,6841,82,12256,217,8939
120,16,106,6873,82,12451,217,925
120,16,106,6936,82,12842,217,9863
120,16,106,7,82,13232,218,0468
120,16,106,7,82,13232,218,0468
120,16,106,7039,82,13477,218,083
120,16,106,7139,82,14111,218,1799
120,16,106,7205,82,14551,218,2434
120,16,106,7268,82,14941,218,3042
120,16,106,73,82,15137,218,335
120,16,106,7366,82,15576,218,3975
120,16,106,7395,82,15771,218,4268
120,16,106,748,82,16309,218,5074
120,16,106,7522,82,16553,218,5472
120,16,106,7583,82,16943,218,6069
120,16,106,7649,82,17334,218,6685
120,16,106,7678,82,17529,218,6985
120,16,106,7747,82,17969,218,7635
120,16,106,7783,82,18213,218,7986
120,16,106,7859,82,18701,218,8706
120,16,106,7898,82,18945,218,9087
120,16,106,7964,82,19336,218,9711
120,16,106,8027,82,19727,219,0319
120,16,106,8062,82,19971,219,0638
120,16,106,8125,82,20361,219,1251
120,16,106,8186,82,20752,219,1843
120,16,106,8218,82,20947,219,2142
120,16,106,8281,82,21338,219,2748
120,16,106,834,82,21729,219,3314
120,16,106,8403,82,22119,219,3921
120,16,106,8435,82,22314,219,4221
120,16,106,8496,82,22705,219,4812
120,16,106,856,82,23096,219,5419
120,16,106,8621,82,23486,219,6008
120,16,106,8652,82,23682,219,6313
120,16,106,8716,82,24072,219,6913
120,16,106,8777,82,24463,219,7502
120,16,106,8809,82,24658,219,7803
120,16,106,8872,82,25098,219,8423
120,16,106,8914,82,25342,219,8821
120,16,106,8984,82,25781,219,9501
120,16,106,9016,82,25977,219,9806
120,16,106,905,82,26221,220,0135
120,16,106,905,82,26221,220,0135
120,16,106,9204,82,27197,220,1603
120,16,106,9241,82,27393,220,1951
120,16,106,9304,82,27832,220,2556
120,16,106,9338,82,28027,220,2896
120,16,106,9417,82,28516,220,3633
120,16,106,9475,82,28809,220,4098
120,16,106,9519,82,29053,220,4443
120,16,106,96,82,29443,220,5045
120,16,106,9683,82,29834,220,5665
120,16,106,9768,82,30225,220,6299
120,16,106,9849,82,30664,220,6915
120,16,106,9893,82,30859,220,7239
120,16,106,9976,82,3125,220,786
120,16,107,0068,82,31689,220,8557
120,16,107,011,82,31885,220,8871
120,16,107,0198,82,32324,220,9539
120,16,107,0298,82,32813,221,0277
120,16,107,0339,82,33008,221,0604
120,16,107,0442,82,33545,221,1375
120,16,107,0493,82,33789,221,1749
120,16,107,0581,82,3418,221,2408
120,16,107,0664,82,34619,221,3038
120,16,107,0742,82,34961,221,363
120,16,107,0825,82,354,221,4243
120,16,107,0864,82,35596,221,4546
120,16,107,0947,82,35986,221,5162
120,16,107,103,82,36377,221,5785
120,16,107,1108,82,36768,221,6379
120,16,107,1187,82,37158,221,696
120,16,107,1262,82,375,221,7535
120,16,107,1309,82,37744,221,7885
120,16,107,1399,82,38184,221,8551
120,16,107,1448,82,38428,221,8931
120,16,107,1511,82,38721,221,9409
120,16,107,1511,82,38721,221,9409
120,16,107,1511,82,38721,221,9409
120,16,107,1511,82,38721,221,9409
120,16,107,1511,82,38721,221,9409
120,16,107,1936,82,40771,222,2592
120,16,107,1985,82,41016,222,2964
120,16,107,1985,82,41016,222,2964
120,16,107,2158,82,41846,222,4268
120,16,107,2239,82,42236,222,4861
120,16,107,2312,82,42627,222,5421
120,16,107,2388,82,42969,222,5985
120,16,107,2463,82,43359,222,6548
120,16,107,2539,82,43701,222,7122
120,16,107,2622,82,44141,222,7754
120,16,107,2668,82,44336,222,8086
120,16,107,2754,82,44775,222,8741
120,16,107,2842,82,45166,222,9391
120,16,107,2922,82,45557,223,0005
120,16,107,3003,82,45947,223,0603
120,16,107,3044,82,46143,223,0914
120,16,107,3127,82,46582,223,1544
120,16,107,3181,82,46826,223,1947
120,16,107,3286,82,47314,223,2783
120,16,107,3333,82,4751,223,3148
120,16,107,3418,82,479,223,3831
120,16,107,3506,82,48291,223,4517
120,16,107,3589,82,48682,223,5182
120,16,107,3674,82,49072,223,5853
120,16,107,376,82,49463,223,6538
120,16,107,3848,82,49902,223,7234
120,16,107,3936,82,50293,223,7925
120,16,107,4021,82,50684,223,861
120,16,107,4106,82,51074,223,9279
120,16,107,4192,82,51465,223,9951
120,16,107,4277,82,51855,224,0632
120,16,107,4365,82,52246,224,1324
120,16,107,4409,82,52441,224,1682
120,16,107,4497,82,52881,224,2377
120,16,107,4583,82,53271,224,3054
120,16,107,4583,82,53271,224,3054
120,16,107,4773,82,5415,224,4558
120,16,107,4858,82,54541,224,524
120,16,107,4944,82,54932,224,5911
120,16,107,5027,82,55273,224,6566
120,16,107,511,82,55664,224,7228
120,16,107,5161,82,55908,224,7628
120,16,107,5251,82,56299,224,8341
120,16,107,5352,82,56787,224,9152
120,16,107,5442,82,57227,224,9866
120,16,107,5527,82,57568,225,0536
120,16,107,5574,82,57813,225,0903
120,16,107,5662,82,58203,225,1592
120,16,107,5745,82,58594,225,2251
120,16,107,5828,82,58984,225,2909
120,16,107,5869,82,5918,225,3252
120,16,107,5869,82,5918,225,3252
120,16,107,5869,82,5918,225,3252
120,16,107,5869,82,5918,225,3252
120,16,107,5869,82,5918,225,3252
120,16,107,5911,82,59375,225,3579
120,16,107,5911,82,59375,225,3579
120,16,107,6326,82,61279,225,6868
120,16,107,6575,82,62402,225,8834
120,16,107,6667,82,62842,225,9567
120,16,107,6758,82,63232,226,0288
120,16,107,6807,82,63477,226,068
120,16,107,6912,82,63965,226,1512
120,16,107,696,82,6416,226,1892
120,16,107,709,82,64746,226,2917
120,16,107,718,82,65186,226,3636
120,16,107,7229,82,65381,226,4011
120,16,107,7319,82,6582,226,473
120,16,107,7368,82,65967,226,5199
120,16,107,7439,82,66113,226,5929
120,16,107,751,82,6626,226,6649
120,16,107,7581,82,66406,226,7373
120,16,107,7654,82,66553,226,8114
120,16,107,7725,82,66699,226,8843
120,16,107,7795,82,66846,226,9562
120,16,107,7795,82,66846,226,9562
120,16,107,7832,82,66943,226,9944
120,16,107,7957,82,67188,227,1213
120,16,107,8037,82,67383,227,2039
120,16,107,8113,82,67529,227,2805
120,16,107,8184,82,67676,227,3531
120,16,107,8259,82,67822,227,4292
120,16,107,8335,82,68018,227,5067
120,16,107,8406,82,68164,227,5789
120,16,107,8442,82,68262,227,6174
120,16,107,8516,82,68408,227,6912
120,16,107,8586,82,68555,227,7642
120,16,107,8662,82,68701,227,8401
120,16,107,8733,82,68848,227,9143
120,16,107,8809,82,68994,227,9899
120,16,107,8882,82,69189,228,0645
120,16,107,8916,82,69238,228,1014
120,16,107,8992,82,69385,228,1772
120,16,107,9065,82,6958,228,2527
120,16,107,9136,82,69727,228,3245
120,16,107,9207,82,69873,228,3979
120,16,107,9282,82,7002,228,4736
120,16,107,9319,82,70117,228,5123
120,16,107,9392,82,70264,228,5874
120,16,107,9465,82,7041,228,6615
120,16,107,9539,82,70557,228,7372
120,16,107,9612,82,70752,228,8096
120,16,107,9685,82,70898,228,886
120,16,107,9761,82,71045,228,9617
120,16,107,9797,82,71143,229
120,16,107,9871,82,71289,229,0747
120,16,107,9944,82,71436,229,1504
120,16,108,002,82,71582,229,2278
120,16,108,0095,82,71777,229,3043
120,16,108,0095,82,71777,229,3043
120,16,108,0134,82,71826,229,3441
120,16,108,0305,82,72217,229,5176
120,16,108,0342,82,72266,229,5554
120,16,108,0417,82,72461,229,6338
120,16,108,0493,82,72607,229,7106
120,16,108,0566,82,72754,229,786
120,16,108,064,82,72949,229,8602
120,16,108,0679,82,72998,229,8997
120,16,108,072,82,73096,229,942
120,16,108,0774,82,72949,230,0298
120,16,108,0828,82,72852,230,116
120,16,108,0879,82,72705,230,2024
120,16,108,0908,82,72656,230,2483
120,16,108,0962,82,7251,230,3391
120,16,108,1018,82,72363,230,4281
120,16,108,1069,82,72266,230,515
120,16,108,1096,82,72217,230,5599
120,16,108,115,82,7207,230,6465
120,16,108,1206,82,71924,230,7379
120,16,108,1262,82,71777,230,8306
120,16,108,1289,82,71729,230,8752
120,16,108,1345,82,71582,230,9641
120,16,108,1404,82,71484,231,062
120,16,108,1431,82,71387,231,1069
120,16,108,1487,82,71289,231,196
120,16,108,1543,82,71143,231,2898
120,16,108,157,82,71045,231,3336
120,16,108,1626,82,70947,231,4274
120,16,108,1682,82,70801,231,5178
120,16,108,1738,82,70654,231,6104
120,16,108,1768,82,70605,231,6566
120,16,108,1821,82,70459,231,745
120,16,108,1875,82,70361,231,8342
120,16,108,1904,82,70264,231,8824
120,16,108,1968,82,70117,231,9855
120,16,108,1968,82,70117,231,9855
120,16,108,1997,82,70068,232,0353
120,16,108,2092,82,69824,232,189
120,16,108,2153,82,69678,232,2878
120,16,108,2207,82,69531,232,3783
120,16,108,2239,82,69482,232,4283
120,16,108,231,82,69287,232,5438
120,16,108,2336,82,69238,232,5908
120,16,108,2395,82,69092,232,6852
120,16,108,2451,82,68945,232,7771
120,16,108,248,82,68896,232,8247
120,16,108,2537,82,6875,232,917
120,16,108,2537,82,6875,232,917
120,16,108,2537,82,6875,232,917
120,16,108,2537,82,6875,232,917
120,16,108,2537,82,6875,232,917
120,16,108,2537,82,6875,232,917
120,16,108,2537,82,6875,232,917
120,16,108,2537,82,6875,232,917
120,16,108,2537,82,6875,232,917
120,16,108,2537,82,6875,232,917
120,16,108,2537,82,6875,232,917
120,16,108,2537,82,6875,232,917
120,16,108,2537,82,6875,232,917
120,16,108,2537,82,6875,232,917
120,16,108,2537,82,6875,232,917
120,16,108,2537,82,6875,232,917
120,16,108,2537,82,6875,232,917
120,16,108,2537,82,6875,232,917
120,16,108,2537,82,6875,232,917
120,16,108,2537,82,6875,232,917
120,16,108,2537,82,6875,232,917
120,16,108,2537,82,6875,232,917
120,16,108,2537,82,6875,232,917
120,16,108,2537,82,6875,232,917
120,16,108,2537,82,6875,232,917
120,16,108,2537,82,6875,232,917
120,16,108,2537,82,6875,232,917
120,16,108,2537,82,6875,232,917
120,16,108,2537,82,6875,232,917
120,16,108,2537,82,6875,232,917
120,16,108,2537,82,6875,232,917
120,16,108,2537,82,6875,232,917
120,16,108,2537,82,6875,232,917
120,16,108,2537,82,6875,232,917
120,16,108,2537,82,6875,232,917
120,16,108,2537,82,6875,232,917
120,16,108,2537,82,6875,232,917
120,16,108,2537,82,6875,232,917
120,16,108,2537,82,6875,232,917
120,16,108,2537,82,6875,232,917
120,16,108,2537,82,6875,232,917
120,16,108,2537,82,6875,232,917
120,16,108,2537,82,6875,232,917
120,16,108,2537,82,6875,232,917
120,16,108,2537,82,6875,232,917
120,16,108,2537,82,6875,232,917
120,16,108,2537,82,6875,232,917
120,16,108,2537,82,6875,232,917
120,16,108,2537,82,6875,232,917
120,16,108,2537,82,6875,232,917
120,16,108,2537,82,6875,232,917
120,16,108,2537,82,6875,232,917
120,16,108,2537,82,6875,232,917
120,16,108,2537,82,6875,232,917
120,16,108,2537,82,6875,232,917
120,16,108,2537,82,6875,232,917
120,16,108,2537,82,6875,232,917
120,16,108,2537,82,6875,232,917
120,16,108,2537,82,6875,232,917
120,16,108,2537,82,6875,232,917
120,16,108,2537,82,6875,232,917
120,16,108,2537,82,6875,232,917
120,16,108,2537,82,6875,232,917
120,16,108,2537,82,6875,232,917
120,16,108,2537,82,6875,232,917
120,16,108,2537,82,6875,232,917
120,16,108,2537,82,6875,232,917
120,16,108,2537,82,6875,232,917
120,16,108,2537,82,6875,232,917
120,16,108,2537,82,6875,232,917
120,16,108,2537,82,6875,232,917
120,16,108,2537,82,6875,232,917
120,16,108,2537,82,6875,232,917
120,16,108,2537,82,6875,232,917
120,16,108,2537,82,6875,232,917
120,16,108,2537,82,6875,232,917
120,16,108,2537,82,6875,232,917
120,16,108,2537,82,6875,232,917
120,16,108,2537,82,6875,232,917
120,16,108,2537,82,6875,232,917
120,16,108,2537,82,6875,232,917
120,16,108,2537,82,6875,232,917
120,16,108,2537,82,6875,232,917
120,16,108,2537,82,6875,232,917
120,16,108,2537,82,6875,232,917
120,16,108,2537,82,6875,232,917
120,16,108,2537,82,6875,232,917
120,16,108,2537,82,6875,232,917
120,16,108,2537,82,6875,232,917
120,16,108,2537,82,6875,232,917
120,16,108,2537,82,6875,232,917
120,16,108,2537,82,6875,232,917
120,16,108,2537,82,6875,232,917
120,16,108,2537,82,6875,232,917
120,16,108,2537,82,6875,232,917
120,16,108,2537,82,6875,232,917
120,16,108,2537,82,6875,232,917
120,16,108,2537,82,6875,232,917
120,16,108,2537,82,6875,232,917
120,16,108,2537,82,6875,232,917
120,16,108,2537,82,6875,232,917
120,16,108,2537,82,6875,232,917
120,16,108,2537,82,6875,232,917
120,16,108,2537,82,6875,232,917
120,16,108,2537,82,6875,232,917
120,16,108,2537,82,6875,232,917
120,16,108,2537,82,6875,232,917
120,16,108,2537,82,6875,232,917
120,16,108,2537,82,6875,232,917
120,16,108,2537,82,6875,232,917
120,16,108,2537,82,6875,232,917
120,16,108,2537,82,6875,232,917
120,16,108,2537,82,6875,232,917
120,16,108,2537,82,6875,232,917
120,16,108,2537,82,6875,232,917
120,16,108,2537,82,6875,232,917
120,16,108,2537,82,6875,232,917
120,16,108,2537,82,6875,232,917
120,16,108,2537,82,6875,232,917
120,16,108,2537,82,6875,232,917
120,16,108,2537,82,6875,232,917
120,16,108,2537,82,6875,232,917
120,16,108,2537,82,6875,232,917
120,16,108,2537,82,6875,232,917
120,16,108,2537,82,6875,232,917
120,16,108,2537,82,6875,232,917
120,16,108,2537,82,6875,232,917
120,16,108,2537,82,6875,232,917
120,16,108,2537,82,6875,232,917
120,16,108,2537,82,6875,232,917
120,16,108,2537,82,6875,232,917
120,16,108,2537,82,6875,232,917
120,16,108,2537,82,6875,232,917
120,16,108,2537,82,6875,232,917
120,16,108,2537,82,6875,232,917
120,16,108,2537,82,6875,232,917
120,16,108,2537,82,6875,232,917
120,16,108,2537,82,6875,232,917
120,16,108,2537,82,6875,232,917
120,16,108,2537,82,6875,232,917
120,16,108,2537,82,6875,232,917
120,16,108,2537,82,6875,232,917
120,16,108,2537,82,6875,232,917
120,16,108,2537,82,6875,232,917
120,16,108,2537,82,6875,232,917
120,16,108,2537,82,6875,232,917
120,16,108,2537,82,6875,232,917
120,16,108,2537,82,6875,232,917
120,16,108,2537,82,6875,232,917
120,16,108,2537,82,6875,232,917
120,16,108,2537,82,6875,232,917
120,16,108,2537,82,6875,232,917
120,16,108,2537,82,6875,232,917
120,16,108,2537,82,6875,232,917
120,16,108,2537,82,6875,232,917
120,16,108,2537,82,6875,232,917
120,16,108,2537,82,6875,232,917
120,16,108,2537,82,6875,232,917
120,16,108,2537,82,6875,232,917
120,16,108,2537,82,6875,232,917
120,16,108,2537,82,6875,232,917
120,16,108,2537,82,6875,232,917
120,16,108,2537,82,6875,232,917
120,16,108,2537,82,6875,232,917
120,16,108,2537,82,6875,232,917
120,16,108,2537,82,6875,232,917
120,16,108,2537,82,6875,232,917
120,16,108,2537,82,6875,232,917
120,16,108,2537,82,6875,232,917
120,16,108,2537,82,6875,232,917
120,16,108,2537,82,6875,232,917
120,16,108,2537,82,6875,232,917
120,16,108,2537,82,6875,232,917
120,16,108,2537,82,6875,232,917
120,16,108,2537,82,6875,232,917
120,16,108,2537,82,6875,232,917
120,16,108,2537,82,6875,232,917
120,16,108,2537,82,6875,232,917
120,16,108,2537,82,6875,232,917
120,16,108,2537,82,6875,232,917
120,16,108,2537,82,6875,232,917
120,16,108,2537,82,6875,232,917
120,16,108,2537,82,6875,232,917
120,16,108,2537,82,6875,232,917
120,16,108,2537,82,6875,232,917
120,16,108,2537,82,6875,232,917
120,16,108,2537,82,6875,232,917
120,16,108,2537,82,6875,232,917
120,16,108,2537,82,6875,232,917
120,16,108,2537,82,6875,232,917
120,16,108,2537,82,6875,232,917
120,16,108,2537,82,6875,232,917
120,16,108,2537,82,6875,232,917
120,16,108,2537,82,6875,232,917
120,16,108,2537,82,6875,232,917
120,16,108,2537,82,6875,232,917
120,16,108,2537,82,6875,232,917
120,16,108,2537,82,6875,232,917
120,16,108,2537,82,6875,232,917
120,16,108,2537,82,6875,232,917
120,16,108,2537,82,6875,232,917
120,16,108,2537,82,6875,232,917
120,16,108,2537,82,6875,232,917
120,16,108,2537,82,6875,232,917
120,16,108,2537,82,6875,232,917
120,16,108,2537,82,6875,232,917
120,16,108,2537,82,6875,232,917
120,16,108,2537,82,6875,232,917
120,16,108,2537,82,6875,232,917
120,16,108,2537,82,6875,232,917
120,16,108,2537,82,6875,232,917
120,16,108,2537,82,6875,232,917
120,16,108,2537,82,6875,232,917
120,16,108,2537,82,6875,232,917
120,16,108,2537,82,6875,232,917
120,16,108,2537,82,6875,232,917
120,16,108,2537,82,6875,232,917
120,16,108,2537,82,6875,232,917
120,16,108,2537,82,6875,232,917
120,16,108,2537,82,6875,232,917
120,16,108,2537,82,6875,232,917
120,16,108,2537,82,6875,232,917
120,16,108,2537,82,6875,232,917
120,16,108,2537,82,6875,232,917
120,16,108,2537,82,6875,232,917
120,16,108,2537,82,6875,232,917
120,16,108,2537,82,6875,232,917
120,16,108,2537,82,6875,232,917
120,16,108,2537,82,6875,232,917
120,16,108,2537,82,6875,232,917
120,16,108,2537,82,6875,232,917
120,16,108,2537,82,6875,232,917
120,16,108,2537,82,6875,232,917
120,16,108,2537,82,6875,232,917
120,16,108,2537,82,6875,232,917
120,16,108,2537,82,6875,232,917
120,16,108,2537,82,6875,232,917
120,16,108,2537,82,6875,232,917
120,16,108,2537,82,6875,232,917
120,16,108,2537,82,6875,232,917
120,16,108,2537,82,6875,232,917
120,16,108,2537,82,6875,232,917
120,16,108,2537,82,6875,232,917
120,16,108,2537,82,6875,232,917
120,16,108,2537,82,6875,232,917
120,16,108,2537,82,6875,232,917
120,16,108,2537,82,6875,232,917
120,16,108,2537,82,6875,232,917
120,16,108,2537,82,6875,232,917
120,16,108,2537,82,6875,232,917
120,16,108,2537,82,6875,232,917
120,16,108,2537,82,6875,232,917
120,16,108,2537,82,6875,232,917
120,16,108,2537,82,6875,232,917
120,16,108,2537,82,6875,232,917
120,16,108,2537,82,6875,232,917
120,16,108,2537,82,6875,232,917
120,16,108,2537,82,6875,232,917
120,16,108,2537,82,6875,232,917
120,16,108,2537,82,6875,232,917
120,16,108,2537,82,6875,232,917
120,16,108,2537,82,6875,232,917
120,16,108,2537,82,6875,232,917
120,16,108,2537,82,6875,232,917
120,16,108,2537,82,6875,232,917
120,16,108,2537,82,6875,232,917
120,16,108,2537,82,6875,232,917
120,16,108,2537,82,6875,232,917
120,16,108,2537,82,6875,232,917
120,16,108,2537,82,6875,232,917
120,16,108,2537,82,6875,232,917
120,16,108,2537,82,6875,232,917
120,16,108,2537,82,6875,232,917
120,16,108,2537,82,6875,232,917
120,16,108,2537,82,6875,232,917
120,16,108,2537,82,6875,232,917
120,16,108,2537,82,6875,232,917
120,16,108,2537,82,6875,232,917
120,16,108,2537,82,6875,232,917
120,16,108,2537,82,6875,232,917
120,16,108,2537,82,6875,232,917
120,16,108,2537,82,6875,232,917
120,16,108,2537,82,6875,232,917
120,16,108,2537,82,6875,232,917
120,16,108,2537,82,6875,232,917
120,16,108,2537,82,6875,232,917
120,16,108,2537,82,6875,232,917
120,16,108,2537,82,6875,232,917
120,16,108,2537,82,6875,232,917
120,16,108,2537,82,6875,232,917
120,16,108,2537,82,6875,232,917
120,16,108,2537,82,6875,232,917
120,16,108,2537,82,6875,232,917
120,16,108,2537,82,6875,232,917
120,16,108,2537,82,6875,232,917
120,16,108,2537,82,6875,232,917
120,16,108,2537,82,6875,232,917
120,16,108,2537,82,6875,232,917
120,16,108,2537,82,6875,232,917
120,16,108,2537,82,6875,232,917
120,16,108,2537,82,6875,232,917
120,16,108,2537,82,6875,232,917
120,16,108,2537,82,6875,232,917
120,16,108,2537,82,6875,232,917
120,16,108,2537,82,6875,232,917
120,16,108,2537,82,6875,232,917
120,16,108,2537,82,6875,232,917
120,16,108,2537,82,6875,232,917
120,16,108,2537,82,6875,232,917
120,16,108,2537,82,6875,232,917
120,16,108,2537,82,6875,232,917
120,16,108,2537,82,6875,232,917
120,16,108,2537,82,6875,232,917
120,16,108,2537,82,6875,232,917
120,16,108,2537,82,6875,232,917
120,16,108,2537,82,6875,232,917
120,16,108,2537,82,6875,232,917
120,16,108,2537,82,6875,232,917
120,16,108,2537,82,6875,232,917
120,16,108,2537,82,6875,232,917
120,16,108,2537,82,6875,232,917
120,16,108,2537,82,6875,232,917
120,16,108,2537,82,6875,232,917
120,16,108,2537,82,6875,232,917
120,16,108,2537,82,6875,232,917
120,16,108,2537,82,6875,232,917
120,16,108,2537,82,6875,232,917
120,16,108,2537,82,6875,232,917
120,16,108,2537,82,6875,232,917
120,16,108,2537,82,6875,232,917
120,16,108,2537,82,6875,232,917
120,16,108,2537,82,6875,232,917
120,16,108,2537,82,6875,232,917
120,16,108,2537,82,6875,232,917
120,16,108,2537,82,6875,232,917
120,16,108,2537,82,6875,232,917
120,16,108,2537,82,6875,232,917
120,16,108,2537,82,6875,232,917
120,16,108,2537,82,6875,232,917
120,16,108,2537,82,6875,232,917
120,16,108,2537,82,6875,232,917
120,16,108,2537,82,6875,232,917
120,16,108,2537,82,6875,232,917
120,16,108,2537,82,6875,232,917
120,16,108,2537,82,6875,232,917
120,16,108,2537,82,6875,232,917
120,16,108,2537,82,6875,232,917
120,16,108,2537,82,6875,232,917
120,16,108,2537,82,6875,232,917
120,16,108,2537,82,6875,232,917
120,16,108,2537,82,6875,232,917
120,16,108,2537,82,6875,232,917
120,16,108,2537,82,6875,232,917
120,16,108,2537,82,6875,232,917
120,16,108,2537,82,6875,232,917
120,16,108,2537,82,6875,232,917
120,16,108,2537,82,6875,232,917
120,16,108,2537,82,6875,232,917
120,16,108,2537,82,6875,232,917
120,16,108,2537,82,6875,232,917
120,16,108,2537,82,6875,232,917
120,16,108,2537,82,6875,232,917
120,16,108,2537,82,6875,232,917
120,16,108,2537,82,6875,232,917
120,16,108,2537,82,6875,232,917
120,16,108,2537,82,6875,232,917
120,16,108,2537,82,6875,232,917
120,16,108,2537,82,6875,232,917
120,16,108,2537,82,6875,232,917
120,16,108,2537,82,6875,232,917
120,16,108,2537,82,6875,232,917
120,16,108,2537,82,6875,232,917
120,16,108,2537,82,6875,232,917
120,16,108,2537,82,6875,232,917
120,16,108,2537,82,6875,232,917
120,16,108,2537,82,6875,232,917
120,16,108,2537,82,6875,232,917
120,16,108,2537,82,6875,232,917
120,16,108,2537,82,6875,232,917
120,16,108,2537,82,6875,232,917
120,16,108,2537,82,6875,232,917
120,16,108,2537,82,6875,232,917
120,16,108,2537,82,6875,232,917
120,16,108,2537,82,6875,232,917
120,16,108,2537,82,6875,232,917
120,16,108,2537,82,6875,232,917
120,16,108,2537,82,6875,232,917
120,16,108,2537,82,6875,232,917
120,16,108,2537,82,6875,232,917
120,16,108,2537,82,6875,232,917
120,16,108,2537,82,6875,232,917
120,16,108,2537,82,6875,232,917
120,16,108,2537,82,6875,232,917
120,16,108,2537,82,6875,232,917
120,16,108,2537,82,6875,232,917
120,16,108,2537,82,6875,232,917
120,16,108,2537,82,6875,232,917
120,16,108,2537,82,6875,232,917
120,16,108,2537,82,6875,232,917
120,16,108,2537,82,6875,232,917
120,16,108,2537,82,6875,232,917
120,16,108,2537,82,6875,232,917
120,16,108,2537,82,6875,232,917
120,16,108,2537,82,6875,232,917
120,16,108,2537,82,6875,232,917
120,16,108,2537,82,6875,232,917
120,16,108,2537,82,6875,232,917
120,16,108,2537,82,6875,232,917
120,16,108,2537,82,6875,232,917
120,16,108,2537,82,6875,232,917
120,16,108,2537,82,6875,232,917
120,16,108,2537,82,6875,232,917
120,16,108,2537,82,6875,232,917
120,16,108,2537,82,6875,232,917
120,16,108,2537,82,6875,232,917
120,16,108,2537,82,6875,232,917
120,16,108,2537,82,6875,232,917
120,16,108,2537,82,6875,232,917
120,16,108,2537,82,6875,232,917
120,16,108,2537,82,6875,232,917
120,16,108,2537,82,6875,232,917
120,16,108,2537,82,6875,232,917
120,16,108,2537,82,6875,232,917
120,16,108,2537,82,6875,232,917
120,16,108,2537,82,6875,232,917
120,16,108,2537,82,6875,232,917
120,16,108,2537,82,6875,232,917
120,16,108,2537,82,6875,232,917
120,16,108,2537,82,6875,232,917
120,16,108,2537,82,6875,232,917
120,16,108,2537,82,6875,232,917
120,16,108,2537,82,6875,232,917
120,16,108,2537,82,6875,232,917
120,16,108,2537,82,6875,232,917
120,16,108,2537,82,6875,232,917
120,16,108,2537,82,6875,232,917
120,16,108,2537,82,6875,232,917
120,16,108,2537,82,6875,232,917
120,16,108,2537,82,6875,232,917
120,16,108,2537,82,6875,232,917
120,16,108,2537,82,6875,232,917
120,16,108,2537,82,6875,232,917
120,16,108,2537,82,6875,232,917
120,16,108,2537,82,6875,232,917
120,16,108,2537,82,6875,232,917
120,16,108,2537,82,6875,232,917
120,16,108,2537,82,6875,232,917
120,16,108,2537,82,6875,232,917
120,16,108,2537,82,6875,232,917
120,16,108,2537,82,6875,232,917
120,16,108,2537,82,6875,232,917
120,16,108,2537,82,6875,232,917
120,16,108,2537,82,6875,232,917
120,16,108,2537,82,6875,232,917
120,16,108,2537,82,6875,232,917
120,16,108,2537,82,6875,232,917
120,16,108,2537,82,6875,232,917
120,16,108,2537,82,6875,232,917
120,16,108,2537,82,6875,232,917
120,16,108,2537,82,6875,232,917
120,16,108,2537,82,6875,232,917
120,16,108,2537,82,6875,232,917
120,16,108,2537,82,6875,232,917
120,16,108,2537,82,6875,232,917
120,16,108,2537,82,6875,232,917
120,16,108,2537,82,6875,232,917
120,16,108,2537,82,6875,232,917
120,16,108,2537,82,6875,232,917
120,16,108,2537,82,6875,232,917
120,16,108,2537,82,6875,232,917
120,16,108,2537,82,6875,232,917
120,16,108,2537,82,6875,232,917
120,16,108,2537,82,6875,232,917
120,16,108,2537,82,6875,232,917
120,16,108,2537,82,6875,232,917
120,16,108,2537,82,6875,232,917
120,16,108,2537,82,6875,232,917
120,16,108,2537,82,6875,232,917
120,16,108,2537,82,6875,232,917
120,16,108,2537,82,6875,232,917
120,16,108,2537,82,6875,232,917
120,16,108,2537,82,6875,232,917
120,16,108,2537,82,6875,232,917
120,16,108,2537,82,6875,232,917
120,16,108,2537,82,6875,232,917
120,16,108,2537,82,6875,232,917
120,16,108,2537,82,6875,232,917
120,16,108,2537,82,6875,232,917
120,16,108,2537,82,6875,232,917
120,16,108,2537,82,6875,232,917
120,16,108,2537,82,6875,232,917
120,16,108,2537,82,6875,232,917
120,16,108,2537,82,6875,232,917
120,16,108,2537,82,6875,232,917
120,16,108,2537,82,6875,232,917
120,16,108,2537,82,6875,232,917
120,16,108,2537,82,6875,232,917
120,16,108,2537,82,6875,232,917
120,16,108,2537,82,6875,232,917
120,16,108,2537,82,6875,232,917
120,16,108,2537,82,6875,232,917
120,16,108,2537,82,6875,232,917
120,16,108,2537,82,6875,232,917
120,16,108,2537,82,6875,232,917
120,16,108,2537,82,6875,232,917
120,16,108,2537,82,6875,232,917
120,16,108,2537,82,6875,232,917
120,16,108,2537,82,6875,232,917
120,16,108,2537,82,6875,232,917
120,16,108,2537,82,6875,232,917
120,16,108,2537,82,6875,232,917
120,16,108,2537,82,6875,232,917
120,16,108,2537,82,6875,232,917
120,16,108,2537,82,6875,232,917
120,16,108,2537,82,6875,232,917
120,16,108,2537,82,6875,232,917
120,16,108,2537,82,6875,232,917
120,16,108,2537,82,6875,232,917
120,16,108,2537,82,6875,232,917
120,16,108,2537,82,6875,232,917
120,16,108,2537,82,6875,232,917
120,16,108,2537,82,6875,232,917
120,16,108,2537,82,6875,232,917
120,16,108,2537,82,6875,232,917
120,16,108,2537,82,6875,232,917
120,16,108,2537,82,6875,232,917
120,16,108,2537,82,6875,232,917
120,16,108,2537,82,6875,232,917
120,16,108,2537,82,6875,232,917
120,16,108,2537,82,6875,232,917
120,16,108,2537,82,6875,232,917
120,16,108,2537,82,6875,232,917
120,16,108,2537,82,6875,232,917
120,16,108,2537,82,6875,232,917
120,16,108,2537,82,6875,232,917
120,16,108,2537,82,6875,232,917
120,16,108,2537,82,6875,232,917
120,16,108,2537,82,6875,232,917
120,16,108,2537,82,6875,232,917
120,16,108,2537,82,6875,232,917
120,16,108,2537,82,6875,232,917
120,16,108,2537,82,6875,232,917
120,16,108,2537,82,6875,232,917
120,16,108,2537,82,6875,232,917
120,16,108,2537,82,6875,232,917
120,16,108,2537,82,6875,232,917
120,16,108,2537,82,6875,232,917
120,16,108,2537,82,6875,232,917
120,16,108,2537,82,6875,232,917
120,16,108,2537,82,6875,232,917
120,16,108,2537,82,6875,232,917
120,16,108,2537,82,6875,232,917
120,16,108,2537,82,6875,232,917
120,16,108,2537,82,6875,232,917
120,16,108,2537,82,6875,232,917
120,16,108,2537,82,6875,232,917
120,16,108,2537,82,6875,232,917
120,16,108,2537,82,6875,232,917
120,16,108,2537,82,6875,232,917
120,16,108,2537,82,6875,232,917
120,16,108,2537,82,6875,232,917
120,16,108,2537,82,6875,232,917
120,16,108,2537,82,6875,232,917
120,16,108,2537,82,6875,232,917
120,16,108,2537,82,6875,232,917
120,16,108,2537,82,6875,232,917
120,16,108,2537,82,6875,232,917
120,16,108,2537,82,6875,232,917
120,16,108,2537,82,6875,232,917
120,16,108,2537,82,6875,232,917
120,16,108,2537,82,6875,232,917
120,16,108,2537,82,6875,232,917
120,16,108,2537,82,6875,232,917
120,16,108,2537,82,6875,232,917
120,16,108,2537,82,6875,232,917
120,16,108,2537,82,6875,232,917
120,16,108,2537,82,6875,232,917
120,16,108,2537,82,6875,232,917
120,16,108,2537,82,6875,232,917
120,16,108,2537,82,6875,232,917
120,16,108,2537,82,6875,232,917
120,16,108,2537,82,6875,232,917
120,16,108,2537,82,6875,232,917
120,16,108,2537,82,6875,232,917
120,16,108,2537,82,6875,232,917
120,16,108,2537,82,6875,232,917
120,16,108,2537,82,6875,232,917
120,16,108,2537,82,6875,232,917
120,16,108,2537,82,6875,232,917
120,16,108,2537,82,6875,232,917
120,16,108,2537,82,6875,232,917
120,16,108,2537,82,6875,232,917
120,16,108,2537,82,6875,232,917
120,16,108,2537,82,6875,232,917
120,16,108,2537,82,6875,232,917
120,16,108,2537,82,6875,232,917
120,16,108,2537,82,6875,232,917
120,16,108,2537,82,6875,232,917
120,16,108,2537,82,6875,232,917
120,16,108,2537,82,6875,232,917
120,16,108,2537,82,6875,232,917
120,16,108,2537,82,6875,232,917
120,16,108,2537,82,6875,232,917
120,16,108,2537,82,6875,232,917
120,16,108,2537,82,6875,232,917
120,16,108,2537,82,6875,232,917
120,16,108,2537,82,6875,232,917
120,16,108,2537,82,6875,232,917
120,16,108,2537,82,6875,232,917
120,16,108,2537,82,6875,232,917
120,16,108,2537,82,6875,232,917
120,16,108,2537,82,6875,232,917
120,16,108,2537,82,6875,232,917
120,16,108,2537,82,6875,232,917
120,16,108,2537,82,6875,232,917
120,16,108,2537,82,6875,232,917
120,16,108,2537,82,6875,232,917
120,16,108,2537,82,6875,232,917
120,16,108,2537,82,6875,232,917
120,16,108,2537,82,6875,232,917
120,16,108,2537,82,6875,232,917
120,16,108,2537,82,6875,232,917
120,16,108,2537,82,6875,232,917
120,16,108,2537,82,6875,232,917
120,16,108,2537,82,6875,232,917
120,16,108,2537,82,6875,232,917
120,16,108,2537,82,6875,232,917
120,16,108,2537,82,6875,232,917
120,16,108,2537,82,6875,232,917
120,16,108,2537,82,6875,232,917
120,16,108,2537,82,6875,232,917
120,16,108,2537,82,6875,232,917
120,16,108,2537,82,6875,232,917
120,16,108,2537,82,6875,232,917
120,16,108,2537,82,6875,232,917
120,16,108,2537,82,6875,232,917
120,16,108,2537,82,6875,232,917
120,16,108,2537,82,6875,232,917
120,16,108,2537,82,6875,232,917
120,16,108,2537,82,6875,232,917
120,16,108,2537,82,6875,232,917
120,16,108,2537,82,6875,232,917
120,16,108,2537,82,6875,232,917
120,16,108,2537,82,6875,232,917
120,16,108,2537,82,6875,232,917
120,16,108,2537,82,6875,232,917
120,16,108,2537,82,6875,232,917
120,16,108,2537,82,6875,232,917
120,16,108,2537,82,6875,232,917
120,16,108,2537,82,6875,232,917
120,16,108,2537,82,6875,232,917
120,16,108,2537,82,6875,232,917
120,16,108,2537,82,6875,232,917
120,16,108,2537,82,6875,232,917
120,16,108,2537,82,6875,232,917
120,16,108,2537,82,6875,232,917
120,16,108,2537,82,6875,232,917
120,16,108,2537,82,6875,232,917
120,16,108,2537,82,6875,232,917
120,16,108,2537,82,6875,232,917
120,16,108,2537,82,6875,232,917
120,16,108,2537,82,6875,232,917
120,16,108,2537,82,6875,232,917
120,16,108,2537,82,6875,232,917
120,16,108,2537,82,6875,232,917
120,16,108,2537,82,6875,232,917
120,16,108,2537,82,6875,232,917
120,16,108,2537,82,6875,232,917
120,16,108,2537,82,6875,232,917
120,16,108,2537,82,6875,232,917
120,16,108,2537,82,6875,232,917
120,16,108,2537,82,6875,232,917
120,16,108,2537,82,6875,232,917
120,16,108,2537,82,6875,232,917
120,16,108,2537,82,6875,232,917
120,16,108,2537,82,6875,232,917
120,16,108,2537,82,6875,232,917
120,16,108,2537,82,6875,232,917
120,16,108,2537,82,6875,232,917
120,16,108,2537,82,6875,232,917
120,16,108,2537,82,6875,232,917
120,16,108,2537,82,6875,232,917
120,16,108,2537,82,6875,232,917
120,16,108,2537,82,6875,232,917
120,16,108,2537,82,6875,232,917
120,16,108,2537,82,6875,232,917
120,16,108,2537,82,6875,232,917
120,16,108,2537,82,6875,232,917
120,16,108,2537,82,6875,232,917
120,16,108,2537,82,6875,232,917
120,16,108,2537,82,6875,232,917
120,16,108,2537,82,6875,232,917
120,16,108,2537,82,6875,232,917
120,16,108,2537,82,6875,232,917
120,16,108,2537,82,6875,232,917
120,16,108,2537,82,6875,232,917
120,16,108,2537,82,6875,232,917
120,16,108,2537,82,6875,232,917
120,16,108,2537,82,6875,232,917
120,16,108,2537,82,6875,232,917
120,16,108,2537,82,6875,232,917
120,16,108,2537,82,6875,232,917
120,16,108,2537,82,6875,232,917
120,16,108,2537,82,6875,232,917
120,16,108,2537,82,6875,232,917
120,16,108,2537,82,6875,232,917
120,16,108,2537,82,6875,232,917
120,16,108,2537,82,6875,232,917
120,16,108,2537,82,6875,232,917
120,16,108,2537,82,6875,232,917
120,16,108,2537,82,6875,232,917
120,16,108,2537,82,6875,232,917
120,16,108,2537,82,6875,232,917
120,16,108,2537,82,6875,232,917
120,16,108,2537,82,6875,232,917
120,16,108,2537,82,6875,232,917
120,16,108,2537,82,6875,232,917
120,16,108,2537,82,6875,232,917
120,16,108,2537,82,6875,232,917
120,16,108,2537,82,6875,232,917
120,16,108,2537,82,6875,232,917
120,16,108,2537,82,6875,232,917
120,16,108,2537,82,6875,232,917
120,16,108,2537,82,6875,232,917
120,16,108,2537,82,6875,232,917
120,16,108,2537,82,6875,232,917
120,16,108,2537,82,6875,232,917
120,16,108,2537,82,6875,232,917
120,16,108,2537,82,6875,232,917
120,16,108,2537,82,6875,232,917
120,16,108,2537,82,6875,232,917
120,16,108,2537,82,6875,232,917
120,16,108,2537,82,6875,232,917
120,16,108,2537,82,6875,232,917
120,16,108,2537,82,6875,232,917
120,16,108,2537,82,6875,232,917
120,16,108,2537,82,6875,232,917
120,16,108,2537,82,6875,232,917
120,16,108,2537,82,6875,232,917
120,16,108,2537,82,6875,232,917
120,16,108,2537,82,6875,232,917
120,16,108,2537,82,6875,232,917
120,16,108,2537,82,6875,232,917
120,16,108,2537,82,6875,232,917
120,16,108,2537,82,6875,232,917
120,16,108,2537,82,6875,232,917
120,16,108,2537,82,6875,232,917
120,16,108,2537,82,6875,232,917
120,16,108,2537,82,6875,232,917
120,16,108,2537,82,6875,232,917
120,16,108,2537,82,6875,232,917
120,16,108,2537,82,6875,232,917
120,16,108,2537,82,6875,232,917
120,16,108,2537,82,6875,232,917
120,16,108,2537,82,6875,232,917
120,16,108,2537,82,6875,232,917
120,16,108,2537,82,6875,232,917
120,16,108,2537,82,6875,232,917
120,16,108,2537,82,6875,232,917
120,16,108,2537,82,6875,232,917
120,16,108,2537,82,6875,232,917
120,16,108,2537,82,6875,232,917
120,16,108,2537,82,6875,232,917
120,16,108,2537,82,6875,232,917
120,16,108,2537,82,6875,232,917
120,16,108,2537,82,6875,232,917
120,16,108,2537,82,6875,232,917
120,16,108,2537,82,6875,232,917
120,16,108,2537,82,6875,232,917
120,16,108,2537,82,6875,232,917
120,16,108,2537,82,6875,232,917
120,16,108,2537,82,6875,232,917
120,16,108,2537,82,6875,232,917
120,16,108,2537,82,6875,232,917
120,16,108,2537,82,6875,232,917
120,16,108,2537,82,6875,232,917
120,16,108,2537,82,6875,232,917
120,16,108,2537,82,6875,232,917
120,16,108,2537,82,6875,232,917
120,16,108,2537,82,6875,232,917
120,16,108,2537,82,6875,232,917
120,16,108,2537,82,6875,232,917
120,16,108,2537,82,6875,232,917
120,16,108,2537,82,6875,232,917
120,16,108,2537,82,6875,232,917
120,16,108,2537,82,6875,232,917
120,16,108,2537,82,6875,232,917
120,16,108,2537,82,6875,232,917
120,16,108,2537,82,6875,232,917
120,16,108,2537,82,6875,232,917
120,16,108,2537,82,6875,232,917
120,16,108,2537,82,6875,232,917
120,16,108,2537,82,6875,232,917
120,16,108,2537,82,6875,232,917
120,16,108,2537,82,6875,232,917
120,16,108,2537,82,6875,232,917
120,16,108,2537,82,6875,232,917
120,16,108,2537,82,6875,232,917
120,16,108,2537,82,6875,232,917
120,16,108,2537,82,6875,232,917
120,16,108,2537,82,6875,232,917
120,16,108,2537,82,6875,232,917
120,16,108,2537,82,6875,232,917
120,16,108,2537,82,6875,232,917
120,16,108,2537,82,6875,232,917
120,16,108,2537,82,6875,232,917
120,16,108,2537,82,6875,232,917
120,16,108,2537,82,6875,232,917
120,16,108,2537,82,6875,232,917
120,16,108,2537,82,6875,232,917
120,16,108,2537,82,6875,232,917
120,16,108,2537,82,6875,232,917
120,16,108,2537,82,6875,232,917
120,16,108,2537,82,6875,232,917
120,16,108,2537,82,6875,232,917
120,16,108,2537,82,6875,232,917
120,16,108,2537,82,6875,232,917
120,16,108,2537,82,6875,232,917
120,16,108,2537,82,6875,232,917
120,16,108,2537,82,6875,232,917
120,16,108,2537,82,6875,232,917
120,16,108,2537,82,6875,232,917
120,16,108,2537,82,6875,232,917
120,16,108,2537,82,6875,232,917
120,16,108,2537,82,6875,232,917
120,16,108,2537,82,6875,232,917
120,16,108,2537,82,6875,232,917
120,16,108,2537,82,6875,232,917
120,16,108,2537,82,6875,232,917
120,16,108,2537,82,6875,232,917
120,16,108,2537,82,6875,232,917
120,16,108,2537,82,6875,232,917
120,16,108,2537,82,6875,232,917
120,16,108,2537,82,6875,232,917
120,16,108,2537,82,6875,232,917
120,16,108,2537,82,6875,232,917
120,16,108,2537,82,6875,232,917
120,16,108,2537,82,6875,232,917
120,16,108,2537,82,6875,232,917
120,16,108,2537,82,6875,232,917
120,16,108,2537,82,6875,232,917
120,16,108,2537,82,6875,232,917
120,16,108,2537,82,6875,232,917
120,16,108,2537,82,6875,232,917
120,16,108,2537,82,6875,232,917
120,16,108,2537,82,6875,232,917
120,16,108,2537,82,6875,232,917
120,16,108,2537,82,6875,232,917
120,16,108,2537,82,6875,232,917
120,16,108,2537,82,6875,232,917
120,16,108,2537,82,6875,232,917
120,16,108,2537,82,6875,232,917
120,16,108,2537,82,6875,232,917
120,16,108,2537,82,6875,232,917
120,16,108,2537,82,6875,232,917
120,16,108,2537,82,6875,232,917
120,16,108,2537,82,6875,232,917
120,16,108,2537,82,6875,232,917
120,16,108,2537,82,6875,232,917
120,16,108,2537,82,6875,232,917
120,16,108,2537,82,6875,232,917
120,16,108,2537,82,6875,232,917
120,16,108,2537,82,6875,232,917
120,16,108,2537,82,6875,232,917
120,16,108,2537,82,6875,232,917
120,16,108,2537,82,6875,232,917
120,16,108,2537,82,6875,232,917
120,16,108,2537,82,6875,232,917
120,16,108,2537,82,6875,232,917
120,16,108,2537,82,6875,232,917
120,16,108,2537,82,6875,232,917
120,16,108,2537,82,6875,232,917
120,16,108,2537,82,6875,232,917
120,16,108,2537,82,6875,232,917
120,16,108,2537,82,6875,232,917
120,16,108,2537,82,6875,232,917
120,16,108,2537,82,6875,232,917
120,16,108,2537,82,6875,232,917
120,16,108,2537,82,6875,232,917
120,16,108,2537,82,6875,232,917
120,16,108,2537,82,6875,232,917
120,16,108,2537,82,6875,232,917
120,16,108,2537,82,6875,232,917
120,16,108,2537,82,6875,232,917
120,16,108,2537,82,6875,232,917
120,16,108,2537,82,6875,232,917
120,16,108,2537,82,6875,232,917
120,16,108,2537,82,6875,232,917
120,16,108,2537,82,6875,232,917
120,16,108,2537,82,6875,232,917
120,16,108,2537,82,6875,232,917
120,16,108,2537,82,6875,232,917
120,16,108,2537,82,6875,232,917
120,16,108,2537,82,6875,232,917
120,16,108,2537,82,6875,232,917
120,16,108,2537,82,6875,232,917
120,16,108,2537,82,6875,232,917
120,16,108,2537,82,6875,232,917
120,16,108,2537,82,6875,232,917
120,16,108,2537,82,6875,232,917
120,16,108,2537,82,6875,232,917
120,16,108,2537,82,6875,232,917
120,16,108,2537,82,6875,232,917
120,16,108,2537,82,6875,232,917
120,16,108,2537,82,6875,232,917
120,16,108,2537,82,6875,232,917
120,16,108,2537,82,6875,232,917
120,16,108,2537,82,6875,232,917
120,16,108,2537,82,6875,232,917
120,16,108,2537,82,6875,232,917
120,16,108,2537,82,6875,232,917
120,16,108,2537,82,6875,232,917
120,16,108,2537,82,6875,232,917
120,16,108,2537,82,6875,232,917
120,16,108,2537,82,6875,232,917
120,16,108,2537,82,6875,232,917
120,16,108,2537,82,6875,232,917
120,16,108,2537,82,6875,232,917
120,16,108,2537,82,6875,232,917
120,16,108,2537,82,6875,232,917
120,16,108,2537,82,6875,232,917
120,16,108,2537,82,6875,232,917
120,16,108,2537,82,6875,232,917
120,16,108,2537,82,6875,232,917
120,16,108,2537,82,6875,232,917
120,16,108,2537,82,6875,232,917
120,16,108,2537,82,6875,232,917
120,16,108,2537,82,6875,232,917
120,16,108,2537,82,6875,232,917
120,16,108,2537,82,6875,232,917
120,16,108,2537,82,6875,232,917
120,16,108,2537,82,6875,232,917
120,16,108,2537,82,6875,232,917
120,16,108,2537,82,6875,232,917
120,16,108,2537,82,6875,232,917
120,16,108,2537,82,6875,232,917
120,16,108,2537,82,6875,232,917
120,16,108,2537,82,6875,232,917
120,16,108,2537,82,6875,232,917
120,16,108,2537,82,6875,232,917
120,16,108,2537,82,6875,232,917
120,16,108,2537,82,6875,232,917
120,16,108,2537,82,6875,232,917
120,16,108,2537,82,6875,232,917
120,16,108,2537,82,6875,232,917
120,16,108,2537,82,6875,232,917
120,16,108,2537,82,6875,232,917
120,16,108,2537,82,6875,232,917
120,16,108,2537,82,6875,232,917
120,16,108,2537,82,6875,232,917
120,16,108,2537,82,6875,232,917
120,16,108,2537,82,6875,232,917
120,16,108,2537,82,6875,232,917
120,16,108,2537,82,6875,232,917
120,16,108,2537,82,6875,232,917
120,16,108,2537,82,6875,232,917
120,16,108,2537,82,6875,232,917
120,16,108,2537,82,6875,232,917
120,16,108,2537,82,6875,232,917
120,16,108,2537,82,6875,232,917
120,16,108,2537,82,6875,232,917
120,16,108,2537,82,6875,232,917
120,16,108,2537,82,6875,232,917
120,16,108,2537,82,6875,232,917
120,16,108,2537,82,6875,232,917
120,16,108,2537,82,6875,232,917
120,16,108,2537,82,6875,232,917
120,16,108,2537,82,6875,232,917
120,16,108,2537,82,6875,232,917
120,16,108,2537,82,6875,232,917
120,16,108,2537,82,6875,232,917
120,16,108,2537,82,6875,232,917
120,16,108,2537,82,6875,232,917
120,16,108,2537,82,6875,232,917
120,16,108,2537,82,6875,232,917
120,16,108,2537,82,6875,232,917
120,16,108,2537,82,6875,232,917
120,16,108,2537,82,6875,232,917
120,16,108,2537,82,6875,232,917
120,16,108,2537,82,6875,232,917
120,16,108,2537,82,6875,232,917
120,16,108,2537,82,6875,232,917
120,16,108,2537,82,6875,232,917
120,16,108,2537,82,6875,232,917
120,16,108,2537,82,6875,232,917
120,16,108,2537,82,6875,232,917
120,16,108,2537,82,6875,232,917
120,16,108,2537,82,6875,232,917
120,16,108,2537,82,6875,232,917
120,16,108,2537,82,6875,232,917
120,16,108,2537,82,6875,232,917
120,16,108,2537,82,6875,232,917
120,16,108,2537,82,6875,232,917
120,16,108,2537,82,6875,232,917
120,16,108,2537,82,6875,232,917
120,16,108,2537,82,6875,232,917
120,16,108,2537,82,6875,232,917
120,16,108,2537,82,6875,232,917
120,16,108,2537,82,6875,232,917
120,16,108,2537,82,6875,232,917
120,16,108,2537,82,6875,232,917
120,16,108,2537,82,6875,232,917
120,16,108,2537,82,6875,232,917
120,16,108,2537,82,6875,232,917
120,16,108,2537,82,6875,232,917
120,16,108,2537,82,6875,232,917
120,16,108,2537,82,6875,232,917
120,16,108,2537,82,6875,232,917
120,16,108,2537,82,6875,232,917
120,16,108,2537,82,6875,232,917
120,16,108,2537,82,6875,232,917
120,16,108,2537,82,6875,232,917
120,16,108,2537,82,6875,232,917
120,16,108,2537,82,6875,232,917
120,16,108,2537,82,6875,232,917
120,16,108,2537,82,6875,232,917
120,16,108,2537,82,6875,232,917
120,16,108,2537,82,6875,232,917
120,16,108,2537,82,6875,232,917
120,16,108,2537,82,6875,232,917
120,16,108,2537,82,6875,232,917
120,16,108,2537,82,6875,232,917
120,16,108,2537,82,6875,232,917
120,16,108,2537,82,6875,232,917
120,16,108,2537,82,6875,232,917
120,16,108,2537,82,6875,232,917
120,16,108,2537,82,6875,232,917
120,16,108,2537,82,6875,232,917
120,16,108,2537,82,6875,232,917
120,16,108,2537,82,6875,232,917
120,16,108,2537,82,6875,232,917
120,16,108,2537,82,6875,232,917
120,16,108,2537,82,6875,232,917
120,16,108,2537,82,6875,232,917
120,16,108,2537,82,6875,232,917
120,16,108,2537,82,6875,232,917
120,16,108,2537,82,6875,232,917
120,16,108,2537,82,6875,232,917
120,16,108,2537,82,6875,232,917
120,16,108,2537,82,6875,232,917
120,16,108,2537,82,6875,232,917
120,16,108,2537,82,6875,232,917
120,16,108,2537,82,6875,232,917
120,16,108,2537,82,6875,232,917
120,16,108,2537,82,6875,232,917
120,16,108,2537,82,6875,232,917
120,16,108,2537,82,6875,232,917
120,16,108,2537,82,6875,232,917
120,16,108,2537,82,6875,232,917
120,16,108,2537,82,6875,232,917
120,16,108,2537,82,6875,232,917
120,16,108,2537,82,6875,232,917
120,16,108,2537,82,6875,232,917
120,16,108,2537,82,6875,232,917
120,16,108,2537,82,6875,232,917
120,16,108,2537,82,6875,232,917
120,16,108,2537,82,6875,232,917
120,16,108,2537,82,6875,232,917
120,16,108,2537,82,6875,232,917
120,16,108,2537,82,6875,232,917
120,16,108,2537,82,6875,232,917
120,16,108,2537,82,6875,232,917
120,16,108,2537,82,6875,232,917
120,16,108,2537,82,6875,232,917
120,16,108,2537,82,6875,232,917
120,16,108,2537,82,6875,232,917
120,16,108,2537,82,6875,232,917
120,16,108,2537,82,6875,232,917
120,16,108,2537,82,6875,232,917
120,16,108,2537,82,6875,232,917
120,16,108,2537,82,6875,232,917
120,16,108,2537,82,6875,232,917
120,16,108,2537,82,6875,232,917
120,16,108,2537,82,6875,232,917
120,16,108,2537,82,6875,232,917
120,16,108,2537,82,6875,232,917
120,16,108,2537,82,6875,232,917
120,16,108,2537,82,6875,232,917
120,16,108,2537,82,6875,232,917
120,16,108,2537,82,6875,232,917
120,16,108,2537,82,6875,232,917
120,16,108,2537,82,6875,232,917
120,16,108,2537,82,6875,232,917
120,16,108,2537,82,6875,232,917
120,16,108,2537,82,6875,232,917
120,16,108,2537,82,6875,232,917
120,16,108,2537,82,6875,232,917
120,16,108,2537,82,6875,232,917
120,16,108,2537,82,6875,232,917
120,16,108,2537,82,6875,232,917
120,16,108,2537,82,6875,232,917
120,16,108,2537,82,6875,232,917
120,16,108,2537,82,6875,232,917
120,16,108,2537,82,6875,232,917
120,16,108,2537,82,6875,232,917
120,16,108,2537,82,6875,232,917
120,16,108,2537,82,6875,232,917
120,16,108,2537,82,6875,232,917
120,16,108,2537,82,6875,232,917
120,16,108,2537,82,6875,232,917
120,16,108,2537,82,6875,232,917
120,16,108,2537,82,6875,232,917
120,16,108,2537,82,6875,232,917
120,16,108,2537,82,6875,232,917
120,16,108,2537,82,6875,232,917
120,16,108,2537,82,6875,232,917
120,16,108,2537,82,6875,232,917
120,16,108,2537,82,6875,232,917
120,16,108,2537,82,6875,232,917
120,16,108,2537,82,6875,232,917
120,16,108,2537,82,6875,232,917
120,16,108,2537,82,6875,232,917
120,16,108,2537,82,6875,232,917
120,16,108,2537,82,6875,232,917
120,16,108,2537,82,6875,232,917
120,16,108,2537,82,6875,232,917
120,16,108,2537,82,6875,232,917
120,16,108,2537,82,6875,232,917
120,16,108,2537,82,6875,232,917
120,16,108,2537,82,6875,232,917
120,16,108,2537,82,6875,232,917
120,16,108,2537,82,6875,232,917
120,16,108,2537,82,6875,232,917
120,16,108,2537,82,6875,232,917
120,16,108,2537,82,6875,232,917
120,16,108,2537,82,6875,232,917
120,16,108,2537,82,6875,232,917
120,16,108,2537,82,6875,232,917
120,16,108,2537,82,6875,232,917
120,16,108,2537,82,6875,232,917
120,16,108,2537,82,6875,232,917
120,16,108,2537,82,6875,232,917
120,16,108,2537,82,6875,232,917
120,16,108,2537,82,6875,232,917
120,16,108,2537,82,6875,232,917
120,16,108,2537,82,6875,232,917
120,16,108,2537,82,6875,232,917
120,16,108,2537,82,6875,232,917
120,16,108,2537,82,6875,232,917
120,16,108,2537,82,6875,232,917
120,16,108,2537,82,6875,232,917
120,16,108,2537,82,6875,232,917
120,16,108,2537,82,6875,232,917
120,16,108,2537,82,6875,232,917
120,16,108,2537,82,6875,232,917
120,16,108,2537,82,6875,232,917
120,16,108,2537,82,6875,232,917
120,16,108,2537,82,6875,232,917
120,16,108,2537,82,6875,232,917
120,16,108,2537,82,6875,232,917
120,16,108,2537,82,6875,232,917
120,16,108,2537,82,6875,232,917
120,16,108,2537,82,6875,232,917
120,16,108,2537,82,6875,232,917
120,16,108,2537,82,6875,232,917
120,16,108,2537,82,6875,232,917
120,16,108,2537,82,6875,232,917
120,16,108,2537,82,6875,232,917
120,16,108,2537,82,6875,232,917
120,16,108,2537,82,6875,232,917
120,16,108,2537,82,6875,232,917
120,16,108,2537,82,6875,232,917
120,16,108,2537,82,6875,232,917
120,16,108,2537,82,6875,232,917
120,16,108,2537,82,6875,232,917
120,16,108,2537,82,6875,232,917
120,16,108,2537,82,6875,232,917
120,16,108,2537,82,6875,232,917
120,16,108,2537,82,6875,232,917
120,16,108,2537,82,6875,232,917
120,16,108,2537,82,6875,232,917
120,16,108,2537,82,6875,232,917
120,16,108,2537,82,6875,232,917
120,16,108,2537,82,6875,232,917
120,16,108,2537,82,6875,232,917
120,16,108,2537,82,6875,232,917
120,16,108,2537,82,6875,232,917
120,16,108,2537,82,6875,232,917
120,16,108,2537,82,6875,232,917
120,16,108,2537,82,6875,232,917
120,16,108,2537,82,6875,232,917
120,16,108,2537,82,6875,232,917
120,16,108,2537,82,6875,232,917
120,16,108,2537,82,6875,232,917
120,16,108,2537,82,6875,232,917
120,16,108,2537,82,6875,232,917
120,16,108,2537,82,6875,232,917
120,16,108,2537,82,6875,232,917
120,16,108,2537,82,6875,232,917
120,16,108,2537,82,6875,232,917
120,16,108,2537,82,6875,232,917
120,16,108,2537,82,6875,232,917
120,16,108,2537,82,6875,232,917
120,16,108,2537,82,6875,232,917
120,16,108,2537,82,6875,232,917
120,16,108,2537,82,6875,232,917
120,16,108,2537,82,6875,232,917
120,16,108,2537,82,6875,232,917
120,16,108,2537,82,6875,232,917
120,16,108,2537,82,6875,232,917
120,16,108,2537,82,6875,232,917
120,16,108,2537,82,6875,232,917
120,16,108,2537,82,6875,232,917
120,16,108,2537,82,6875,232,917
120,16,108,2537,82,6875,232,917
120,16,108,2537,82,6875,232,917
120,16,108,2537,82,6875,232,917
120,16,108,2537,82,6875,232,917
120,16,108,2537,82,6875,232,917
120,16,108,2537,82,6875,232,917
120,16,108,2537,82,6875,232,917
120,16,108,2537,82,6875,232,917
120,16,108,2537,82,6875,232,917
120,16,108,2537,82,6875,232,917
120,16,108,2537,82,6875,232,917
120,16,108,2537,82,6875,232,917
120,16,108,2537,82,6875,232,917
120,16,108,2537,82,6875,232,917
120,16,108,2537,82,6875,232,917
120,16,108,2537,82,6875,232,917
120,16,108,2537,82,6875,232,917
120,16,108,2537,82,6875,232,917
120,16,108,2537,82,6875,232,917
120,16,108,2537,82,6875,232,917
120,16,108,2537,82,6875,232,917
120,16,108,2537,82,6875,232,917
120,16,108,2537,82,6875,232,917
120,16,108,2537,82,6875,232,917
120,16,108,2537,82,6875,232,917
120,16,108,2537,82,6875,232,917
120,16,108,2537,82,6875,232,917
120,16,108,2537,82,6875,232,917
120,16,108,2537,82,6875,232,917
120,16,108,2537,82,6875,232,917
120,16,108,2537,82,6875,232,917
120,16,108,2537,82,6875,232,917
120,16,108,2537,82,6875,232,917
120,16,108,2537,82,6875,232,917
120,16,108,2537,82,6875,232,917
120,16,108,2537,82,6875,232,917
120,16,108,2537,82,6875,232,917
120,16,108,2537,82,6875,232,917
120,16,108,2537,82,6875,232,917
120,16,108,2537,82,6875,232,917
120,16,108,2537,82,6875,232,917
120,16,108,2537,82,6875,232,917
120,16,108,2537,82,6875,232,917
120,16,108,2537,82,6875,232,917
120,16,108,2537,82,6875,232,917
120,16,108,2537,82,6875,232,917
120,16,108,2537,82,6875,232,917
120,16,108,2537,82,6875,232,917
120,16,108,2537,82,6875,232,917
120,16,108,2537,82,6875,232,917
120,16,108,2537,82,6875,232,917
120,16,108,2537,82,6875,232,917
120,16,108,2537,82,6875,232,917
120,16,108,2537,82,6875,232,917
120,16,108,2537,82,6875,232,917
120,16,108,2537,82,6875,232,917
120,16,108,2537,82,6875,232,917
120,16,108,2537,82,6875,232,917
120,16,108,2537,82,6875,232,917
120,16,108,2537,82,6875,232,917
120,16,108,2537,82,6875,232,917
120,16,108,2537,82,6875,232,917
120,16,108,2537,82,6875,232,917
120,16,108,2537,82,6875,232,917
120,16,108,2537,82,6875,232,917
120,16,108,2537,82,6875,232,917
120,16,108,2537,82,6875,232,917
120,16,108,2537,82,6875,232,917
120,16,108,2537,82,6875,232,917
120,16,108,2537,82,6875,232,917
120,16,108,2537,82,6875,232,917
120,16,108,2537,82,6875,232,917
120,16,108,2537,82,6875,232,917
120,16,108,2537,82,6875,232,917
120,16,108,2537,82,6875,232,917
120,16,108,2537,82,6875,232,917
120,16,108,2537,82,6875,232,917
120,16,108,2537,82,6875,232,917
120,16,108,2537,82,6875,232,917
120,16,108,2537,82,6875,232,917
120,16,108,2537,82,6875,232,917
120,16,108,2537,82,6875,232,917
120,16,108,2537,82,6875,232,917
120,16,108,2537,82,6875,232,917
120,16,108,2537,82,6875,232,917
120,16,108,2537,82,6875,232,917
120,16,108,2537,82,6875,232,917
120,16,108,2537,82,6875,232,917
120,16,108,2537,82,6875,232,917
120,16,108,2537,82,6875,232,917
120,16,108,2537,82,6875,232,917
120,16,108,2537,82,6875,232,917
120,16,108,2537,82,6875,232,917
120,16,108,2537,82,6875,232,917
120,16,108,2537,82,6875,232,917
120,16,108,2537,82,6875,232,917
120,16,108,2537,82,6875,232,917
120,16,108,2537,82,6875,232,917
120,16,108,2537,82,6875,232,917
120,16,108,2537,82,6875,232,917
120,16,108,2537,82,6875,232,917
120,16,108,2537,82,6875,232,917
120,16,108,2537,82,6875,232,917
120,16,108,2537,82,6875,232,917
120,16,108,2537,82,6875,232,917
120,16,108,2537,82,6875,232,917
120,16,108,2537,82,6875,232,917
120,16,108,2537,82,6875,232,917
120,16,108,2537,82,6875,232,917
120,16,108,2537,82,6875,232,917
120,16,108,2537,82,6875,232,917
120,16,108,2537,82,6875,232,917
120,16,108,2537,82,6875,232,917
120,16,108,2537,82,6875,232,917
120,16,108,2537,82,6875,232,917
120,16,108,2537,82,6875,232,917
120,16,108,2537,82,6875,232,917
120,16,108,2537,82,6875,232,917
120,16,108,2537,82,6875,232,917
120,16,108,2537,82,6875,232,917
120,16,108,2537,82,6875,232,917
120,16,108,2537,82,6875,232,917
120,16,108,2537,82,6875,232,917
120,16,108,2537,82,6875,232,917
120,16,108,2537,82,6875,232,917
120,16,108,2537,82,6875,232,917
120,16,108,2537,82,6875,232,917
120,16,108,2537,82,6875,232,917
120,16,108,2537,82,6875,232,917
120,16,108,2537,82,6875,232,917
120,16,108,2537,82,6875,232,917
120,16,108,2537,82,6875,232,917
120,16,108,2537,82,6875,232,917
120,16,108,2537,82,6875,232,917
120,16,108,2537,82,6875,232,917
120,16,108,2537,82,6875,232,917
120,16,108,2537,82,6875,232,917
120,16,108,2537,82,6875,232,917
120,16,108,2537,82,6875,232,917
120,16,108,2537,82,6875,232,917
120,16,108,2537,82,6875,232,917
120,16,108,2537,82,6875,232,917
120,16,108,2537,82,6875,232,917
120,16,108,2537,82,6875,232,917
120,16,108,2537,82,6875,232,917
120,16,108,2537,82,6875,232,917
120,16,108,2537,82,6875,232,917
120,16,108,2537,82,6875,232,917
120,16,108,2537,82,6875,232,917
120,16,108,2537,82,6875,232,917
120,16,108,2537,82,6875,232,917
120,16,108,2537,82,6875,232,917
120,16,108,2537,82,6875,232,917
120,16,108,2537,82,6875,232,917
120,16,108,2537,82,6875,232,917
120,16,108,2537,82,6875,232,917
120,16,108,2537,82,6875,232,917
120,16,108,2537,82,6875,232,917
120,16,108,2537,82,6875,232,917
120,16,108,2537,82,6875,232,917
120,16,108,2537,82,6875,232,917
120,16,108,2537,82,6875,232,917
120,16,108,2537,82,6875,232,917
120,16,108,2537,82,6875,232,917
120,16,108,2537,82,6875,232,917
120,16,108,2537,82,6875,232,917
120,16,108,2537,82,6875,232,917
120,16,108,2537,82,6875,232,917
120,16,108,2537,82,6875,232,917
120,16,108,2537,82,6875,232,917
120,16,108,2537,82,6875,232,917
120,16,108,2537,82,6875,232,917
120,16,108,2537,82,6875,232,917
120,16,108,2537,82,6875,232,917
120,16,108,2537,82,6875,232,917
120,16,108,2537,82,6875,232,917
120,16,108,2537,82,6875,232,917
120,16,108,2537,82,6875,232,917
120,16,108,2537,82,6875,232,917
120,16,108,2537,82,6875,232,917
120,16,108,2537,82,6875,232,917
120,16,108,2537,82,6875,232,917
120,16,108,2537,82,6875,232,917
120,16,108,2537,82,6875,232,917
120,16,108,2537,82,6875,232,917
120,16,108,2537,82,6875,232,917
120,16,108,2537,82,6875,232,917
120,16,108,2537,82,6875,232,917
120,16,108,2537,82,6875,232,917
120,16,108,2537,82,6875,232,917
120,16,108,2537,82,6875,232,917
120,16,108,2537,82,6875,232,917
120,16,108,2537,82,6875,232,917
120,16,108,2537,82,6875,232,917
120,16,108,2537,82,6875,232,917
120,16,108,2537,82,6875,232,917
120,16,108,2537,82,6875,232,917
120,16,108,2537,82,6875,232,917
120,16,108,2537,82,6875,232,917
120,16,108,2537,82,6875,232,917
120,16,108,2537,82,6875,232,917
120,16,108,2537,82,6875,232,917
120,16,108,2537,82,6875,232,917
120,16,108,2537,82,6875,232,917
120,16,108,2537,82,6875,232,917
120,16,108,2537,82,6875,232,917
120,16,108,2537,82,6875,232,917
120,16,108,2537,82,6875,232,917
120,16,108,2537,82,6875,232,917
120,16,108,2537,82,6875,232,917
120,16,108,2537,82,6875,232,917
120,16,108,2537,82,6875,232,917
120,16,108,2537,82,6875,232,917
120,16,108,2537,82,6875,232,917
120,16,108,2537,82,6875,232,917
120,16,108,2537,82,6875,232,917
120,16,108,2537,82,6875,232,917
120,16,108,2537,82,6875,232,917
120,16,108,2537,82,6875,232,917
120,16,108,2537,82,6875,232,917
120,16,108,2537,82,6875,232,917
120,16,108,2537,82,6875,232,917
120,16,108,2537,82,6875,232,917
120,16,108,2537,82,6875,232,917
120,16,108,2537,82,6875,232,917
120,16,108,2537,82,6875,232,917
120,16,108,2537,82,6875,232,917
120,16,108,2537,82,6875,232,917
120,16,108,2537,82,6875,232,917
120,16,108,2537,82,6875,232,917
120,16,108,2537,82,6875,232,917
120,16,108,2537,82,6875,232,917
120,16,108,2537,82,6875,232,917
120,16,108,2537,82,6875,232,917
120,16,108,2537,82,6875,232,917
120,16,108,2537,82,6875,232,917
120,16,108,2537,82,6875,232,917
120,16,108,2537,82,6875,232,917
120,16,108,2537,82,6875,232,917
120,16,108,2537,82,6875,232,917
120,16,108,2537,82,6875,232,917
120,16,108,2537,82,6875,232,917
120,16,108,2537,82,6875,232,917
120,16,108,2537,82,6875,232,917
120,16,108,2537,82,6875,232,917
120,16,108,2537,82,6875,232,917
120,16,108,2537,82,6875,232,917
120,16,108,2537,82,6875,232,917
120,16,108,2537,82,6875,232,917
120,16,108,2537,82,6875,232,917
120,16,108,2537,82,6875,232,917
120,16,108,2537,82,6875,232,917
120,16,108,2537,82,6875,232,917
120,16,108,2537,82,6875,232,917
120,16,108,2537,82,6875,232,917
120,16,108,2537,82,6875,232,917
120,16,108,2537,82,6875,232,917
120,16,108,2537,82,6875,232,917
120,16,108,2537,82,6875,232,917
120,16,108,2537,82,6875,232,917
120,16,108,2537,82,6875,232,917
120,16,108,2537,82,6875,232,917
120,16,108,2537,82,6875,232,917
120,16,108,2537,82,6875,232,917
120,16,108,2537,82,6875,232,917
120,16,108,2537,82,6875,232,917
120,16,108,2537,82,6875,232,917
120,16,108,2537,82,6875,232,917
120,16,108,2537,82,6875,232,917
120,16,108,2537,82,6875,232,917
120,16,108,2537,82,6875,232,917
120,16,108,2537,82,6875,232,917
120,16,108,2537,82,6875,232,917
120,16,108,2537,82,6875,232,917
120,16,108,2537,82,6875,232,917
120,16,108,2537,82,6875,232,917
120,16,108,2537,82,6875,232,917
120,16,108,2537,82,6875,232,917
120,16,108,2537,82,6875,232,917
120,16,108,2537,82,6875,232,917
120,16,108,2537,82,6875,232,917
120,16,108,2537,82,6875,232,917
120,16,108,2537,82,6875,232,917
120,16,108,2537,82,6875,232,917
120,16,108,2537,82,6875,232,917
120,16,108,2537,82,6875,232,917
120,16,108,2537,82,6875,232,917
120,16,108,2537,82,6875,232,917
120,16,108,2537,82,6875,232,917
120,16,108,2537,82,6875,232,917
120,16,108,2537,82,6875,232,917
120,16,108,2537,82,6875,232,917
120,16,108,2537,82,6875,232,917
120,16,108,2537,82,6875,232,917
120,16,108,2537,82,6875,232,917
120,16,108,2537,82,6875,232,917
120,16,108,2537,82,6875,232,917
120,16,108,2537,82,6875,232,917
120,16,108,2537,82,6875,232,917
120,16,108,2537,82,6875,232,917
120,16,108,2537,82,6875,232,917
120,16,108,2537,82,6875,232,917
120,16,108,2537,82,6875,232,917
120,16,108,2537,82,6875,232,917
120,16,108,2537,82,6875,232,917
120,16,108,2537,82,6875,232,917
120,16,108,2537,82,6875,232,917
120,16,108,2537,82,6875,232,917
120,16,108,2537,82,6875,232,917
120,16,108,2537,82,6875,232,917
120,16,108,2537,82,6875,232,917
120,16,108,2537,82,6875,232,917
120,16,108,2537,82,6875,232,917
120,16,108,2537,82,6875,232,917
120,16,108,2537,82,6875,232,917
120,16,108,2537,82,6875,232,917
120,16,108,2537,82,6875,232,917
120,16,108,2537,82,6875,232,917
120,16,108,2537,82,6875,232,917
120,16,108,2537,82,6875,232,917
120,16,108,2537,82,6875,232,917
120,16,108,2537,82,6875,232,917
120,16,108,2537,82,6875,232,917
120,16,108,2537,82,6875,232,917
120,16,108,2537,82,6875,232,917
120,16,108,2537,82,6875,232,917
120,16,108,2537,82,6875,232,917
120,16,108,2537,82,6875,232,917
120,16,108,2537,82,6875,232,917
120,16,108,2537,82,6875,232,917
120,16,108,2537,82,6875,232,917
120,16,108,2537,82,6875,232,917
120,16,108,2537,82,6875,232,917
120,16,108,2537,82,6875,232,917
120,16,108,2537,82,6875,232,917
120,16,108,2537,82,6875,232,917
120,16,108,2537,82,6875,232,917
120,16,108,2537,82,6875,232,917
120,16,108,2537,82,6875,232,917
120,16,108,2537,82,6875,232,917
120,16,108,2537,82,6875,232,917
120,16,108,2537,82,6875,232,917
120,16,108,2537,82,6875,232,917
120,16,108,2537,82,6875,232,917
120,16,108,2537,82,6875,232,917
120,16,108,2537,82,6875,232,917
120,16,108,2537,82,6875,232,917
120,16,108,2537,82,6875,232,917
120,16,108,2537,82,6875,232,917
120,16,108,2537,82,6875,232,917
120,16,108,2537,82,6875,232,917
120,16,108,2537,82,6875,232,917
120,16,108,2537,82,6875,232,917
120,16,108,2537,82,6875,232,917
120,16,108,2537,82,6875,232,917
120,16,108,2537,82,6875,232,917
120,16,108,2537,82,6875,232,917
120,16,108,2537,82,6875,232,917
120,16,108,2537,82,6875,232,917
120,16,108,2537,82,6875,232,917
120,16,108,2537,82,6875,232,917
120,16,108,2537,82,6875,232,917
120,16,108,2537,82,6875,232,917
120,16,108,2537,82,6875,232,917
120,16,108,2537,82,6875,232,917
120,16,108,2537,82,6875,232,917
120,16,108,2537,82,6875,232,917
120,16,108,2537,82,6875,232,917
120,16,108,2537,82,6875,232,917
120,16,108,2537,82,6875,232,917
120,16,108,2537,82,6875,232,917
120,16,108,2537,82,6875,232,917
120,16,108,2537,82,6875,232,917
120,16,108,2537,82,6875,232,917
120,16,108,2537,82,6875,232,917
120,16,108,2537,82,6875,232,917
120,16,108,2537,82,6875,232,917
120,16,108,2537,82,6875,232,917
120,16,108,2537,82,6875,232,917
120,16,108,2537,82,6875,232,917
120,16,108,2537,82,6875,232,917
120,16,108,2537,82,6875,232,917
120,16,108,2537,82,6875,232,917
120,16,108,2537,82,6875,232,917
120,16,108,2537,82,6875,232,917
120,16,108,2537,82,6875,232,917
120,16,108,2537,82,6875,232,917
120,16,108,2537,82,6875,232,917
120,16,108,2537,82,6875,232,917
120,16,108,2537,82,6875,232,917
120,16,108,2537,82,6875,232,917
120,16,108,2537,82,6875,232,917
120,16,108,2537,82,6875,232,917
120,16,108,2537,82,6875,232,917
120,16,108,2537,82,6875,232,917
120,16,108,2537,82,6875,232,917
120,16,108,2537,82,6875,232,917
120,16,108,2537,82,6875,232,917
120,16,108,2537,82,6875,232,917
120,16,108,2537,82,6875,232,917
120,16,108,2537,82,6875,232,917
120,16,108,2537,82,6875,232,917
120,16,108,2537,82,6875,232,917
120,16,108,2537,82,6875,232,917
120,16,108,2537,82,6875,232,917
120,16,108,2537,82,6875,232,917
120,16,108,2537,82,6875,232,917
120,16,108,2537,82,6875,232,917
120,16,108,2537,82,6875,232,917
120,16,108,2537,82,6875,232,917
120,16,108,2537,82,6875,232,917
120,16,108,2537,82,6875,232,917
120,16,108,2537,82,6875,232,917
120,16,108,2537,82,6875,232,917
120,16,108,2537,82,6875,232,917
120,16,108,2537,82,6875,232,917
120,16,108,2537,82,6875,232,917
120,16,108,2537,82,6875,232,917
120,16,108,2537,82,6875,232,917
120,16,108,2537,82,6875,232,917
120,16,108,2537,82,6875,232,917
120,16,108,2537,82,6875,232,917
120,16,108,2537,82,6875,232,917
120,16,108,2537,82,6875,232,917
120,16,108,2537,82,6875,232,917
120,16,108,2537,82,6875,232,917
120,16,108,2537,82,6875,232,917
120,16,108,2537,82,6875,232,917
120,16,108,2537,82,6875,232,917
120,16,108,2537,82,6875,232,917
120,16,108,2537,82,6875,232,917
120,16,108,2537,82,6875,232,917
120,16,108,2537,82,6875,232,917
120,16,108,2537,82,6875,232,917
120,16,108,2537,82,6875,232,917
120,16,108,2537,82,6875,232,917
120,16,108,2537,82,6875,232,917
120,16,108,2537,82,6875,232,917
120,16,108,2537,82,6875,232,917
120,16,108,2537,82,6875,232,917
120,16,108,2537,82,6875,232,917
120,16,108,2537,82,6875,232,917
120,16,108,2537,82,6875,232,917
120,16,108,2537,82,6875,232,917
120,16,108,2537,82,6875,232,917
120,16,108,2537,82,6875,232,917
120,16,108,2537,82,6875,232,917
120,16,108,2537,82,6875,232,917
120,16,108,2537,82,6875,232,917
120,16,108,2537,82,6875,232,917
120,16,108,2537,82,6875,232,917
120,16,108,2537,82,6875,232,917
120,16,108,2537,82,6875,232,917
120,16,108,2537,82,6875,232,917
120,16,108,2537,82,6875,232,917
120,16,108,2537,82,6875,232,917
120,16,108,2537,82,6875,232,917
120,16,108,2537,82,6875,232,917
120,16,108,2537,82,6875,232,917
120,16,108,2537,82,6875,232,917
120,16,108,2537,82,6875,232,917
120,16,108,2537,82,6875,232,917
120,16,108,2537,82,6875,232,917
120,16,108,2537,82,6875,232,917
120,16,108,2537,82,6875,232,917
120,16,108,2537,82,6875,232,917
120,16,108,2537,82,6875,232,917
120,16,108,2537,82,6875,232,917
120,16,108,2537,82,6875,232,917
120,16,108,2537,82,6875,232,917
120,16,108,2537,82,6875,232,917
120,16,108,2537,82,6875,232,917
120,16,108,2537,82,6875,232,917
120,16,108,2537,82,6875,232,917
120,16,108,2537,82,6875,232,917
120,16,108,2537,82,6875,232,917
120,16,108,2537,82,6875,232,917
120,16,108,2537,82,6875,232,917
120,16,108,2537,82,6875,232,917
120,16,108,2537,82,6875,232,917
120,16,108,2537,82,6875,232,917
120,16,108,2537,82,6875,232,917
120,16,108,2537,82,6875,232,917
120,16,108,2537,82,6875,232,917
120,16,108,2537,82,6875,232,917
120,16,108,2537,82,6875,232,917
120,16,108,2537,82,6875,232,917
120,16,108,2537,82,6875,232,917
120,16,108,2537,82,6875,232,917
120,16,108,2537,82,6875,232,917
120,16,108,2537,82,6875,232,917
120,16,108,2537,82,6875,232,917
120,16,108,2537,82,6875,232,917
120,16,108,2537,82,6875,232,917
120,16,108,2537,82,6875,232,917
120,16,108,2537,82,6875,232,917
120,16,108,2537,82,6875,232,917
120,16,108,2537,82,6875,232,917
120,16,108,2537,82,6875,232,917
120,16,108,2537,82,6875,232,917
120,16,108,2537,82,6875,232,917
120,16,108,2537,82,6875,232,917
120,16,108,2537,82,6875,232,917
120,16,108,2537,82,6875,232,917
120,16,108,2537,82,6875,232,917
120,16,108,2537,82,6875,232,917
120,16,108,2537,82,6875,232,917
120,16,108,2537,82,6875,232,917
120,16,108,2537,82,6875,232,917
120,16,108,2537,82,6875,232,917
120,16,108,2537,82,6875,232,917
120,16,108,2537,82,6875,232,917
120,16,108,2537,82,6875,232,917
120,16,108,2537,82,6875,232,917
120,16,108,2537,82,6875,232,917
120,16,108,2537,82,6875,232,917
120,16,108,2537,82,6875,232,917
120,16,108,2537,82,6875,232,917
120,16,108,2537,82,6875,232,917
120,16,108,2537,82,6875,232,917
120,16,108,2537,82,6875,232,917
120,16,108,2537,82,6875,232,917
120,16,108,2537,82,6875,232,917
120,16,108,2537,82,6875,232,917
120,16,108,2537,82,6875,232,917
120,16,108,2537,82,6875,232,917
120,16,108,2537,82,6875,232,917
120,16,108,2537,82,6875,232,917
120,16,108,2537,82,6875,232,917
120,16,108,2537,82,6875,232,917
120,16,108,2537,82,6875,232,917
120,16,108,2537,82,6875,232,917
120,16,108,2537,82,6875,232,917
120,16,108,2537,82,6875,232,917
120,16,108,2537,82,6875,232,917
120,16,108,2537,82,6875,232,917
120,16,108,2537,82,6875,232,917
120,16,108,2537,82,6875,232,917
120,17,108,2537,82,6875,232,917
120,17,108,2566,82,68701,232,9658
120,17,108,26,82,68604,233,0225
120,17,108,26,82,68604,233,0225
120,17,108,2678,82,68408,233,1506
120,17,108,2751,82,68262,233,269
120,17,108,2815,82,68115,233,3719
120,17,108,2815,82,68115,233,3719
120,17,108,2871,82,67969,233,4635
120,17,108,293,82,67822,233,5623
120,17,108,2998,82,67676,233,675
120,17,108,2998,82,67676,233,675
120,17,108,3062,82,67529,233,7772
120,17,108,3113,82,67383,233,8613
120,17,108,3113,82,67383,233,8613
120,17,108,3113,82,67383,233,8613
120,17,108,3113,82,67383,233,8613
120,17,108,3113,82,67383,233,8613
120,17,108,3232,82,65283,233,9664
120,17,108,3232,82,65283,233,9664
120,17,108,3232,82,65283,233,9664
120,17,108,3232,82,65283,233,9664
120,17,108,3704,82,56934,234,3851
120,17,108,4077,82,50391,234,7159
120,17,108,4194,82,48291,234,8206
120,17,108,4194,82,48291,234,8206
120,17,108,4304,82,46387,234,9172
120,17,108,4441,82,43945,235,0398
120,17,108,4587,82,41357,235,1678
120,17,108,4587,82,41357,235,1678
120,17,108,4695,82,39453,235,2639
120,17,108,4805,82,375,235,3615
120,17,108,491,82,35645,235,4556
120,17,108,5017,82,33789,235,5498
120,17,108,5127,82,31836,235,6471
120,17,108,5232,82,2998,235,7406
120,17,108,5232,82,2998,235,7406
120,17,108,5232,82,2998,235,7406
120,17,108,5342,82,28027,235,8386
120,17,108,5588,82,23682,236,0557
120,17,108,5701,82,2168,236,1559
120,17,108,5815,82,19678,236,2583
120,17,108,5815,82,19678,236,2583
120,17,108,5925,82,17725,236,3561
120,17,108,6033,82,1582,236,4515
120,17,108,6143,82,13916,236,548
120,17,108,6255,82,11914,236,6469
120,17,108,6362,82,1001,236,7438
120,17,108,6472,82,08057,236,8409
120,17,108,6472,82,08057,236,8409
120,17,108,6577,82,0625,236,9333
120,17,108,6685,82,04346,237,0275
120,17,108,679,82,0249,237,1213
120,17,108,6897,82,00586,237,2179
120,17,108,7002,81,9873,237,3094
120,17,108,7104,81,96924,237,4019
120,17,108,7219,81,94873,237,5029
120,17,108,7219,81,94873,237,5029
120,17,108,7341,81,92773,237,6099
120,17,108,7454,81,90723,237,7112
120,17,108,7568,81,88721,237,8119
120,17,108,7681,81,86719,237,9124
120,17,108,7791,81,84814,238,0099
120,17,108,7834,81,84033,238,0482
120,17,108,7834,81,84033,238,0482
120,17,108,7874,81,83887,238,1248
120,17,108,7913,81,8374,238,2031
120,17,108,7949,81,83594,238,2776
120,17,108,7988,81,83447,238,3518
120,17,108,8025,81,83301,238,4282
120,17,108,8064,81,83154,238,5039
120,17,108,8101,81,83008,238,5785
120,17,108,814,81,82861,238,6531
120,17,108,814,81,82861,238,6531
120,17,108,8176,81,82715,238,7267
120,17,108,8213,81,82568,238,8013
120,17,108,8257,81,82422,238,8888
120,17,108,8293,81,82275,238,9609
120,17,108,8335,81,82129,239,0393
120,17,108,8372,81,81982,239,1163
120,17,108,8413,81,81787,239,1959
120,17,108,8413,81,81787,239,1959
120,17,108,8452,81,81641,239,2721
120,17,108,8489,81,81494,239,3469
120,17,108,8528,81,81348,239,4233
120,17,108,8567,81,81201,239,5026
120,17,108,8606,81,81055,239,5813
120,17,108,8645,81,80908,239,655
120,17,108,8682,81,80762,239,7299
120,17,108,8682,81,80762,239,7299
120,17,108,8718,81,80615,239,8036
120,17,108,8757,81,80469,239,8813
120,17,108,8799,81,80322,239,9642
120,17,108,8838,81,80176,240,0381
120,17,108,8875,81,80029,240,1123
120,17,108,8911,81,79883,240,1835
120,17,108,895,81,79736,240,2621
120,17,108,8987,81,7959,240,3357
120,17,108,8987,81,7959,240,3357
120,17,108,9023,81,79443,240,41
120,17,108,9063,81,79297,240,4877
120,17,108,9102,81,7915,240,5653
120,17,108,9141,81,79004,240,6398
120,17,108,9177,81,78857,240,7141
120,17,108,9214,81,78711,240,7875
120,17,108,925,81,78564,240,8613
120,17,108,925,81,78564,240,8613
120,17,108,925,81,78564,240,8613
120,17,108,929,81,78418,240,9351
120,17,108,9377,81,78076,241,1101
120,17,108,9424,81,7793,241,201
120,17,108,9465,81,77734,241,2833
120,17,108,9465,81,77734,241,2833
120,17,108,9502,81,77637,241,358
120,17,108,9534,81,7749,241,4211
120,17,108,9453,81,77344,241,4861
120,17,108,9373,81,77246,241,5527
120,17,108,9292,81,771,241,618
120,17,108,9216,81,77002,241,6798
120,17,108,9141,81,76904,241,7429
120,17,108,9063,81,76758,241,8063
120,17,108,8982,81,7666,241,8726
120,17,108,8982,81,7666,241,8726
120,17,108,8904,81,76514,241,9353
120,17,108,8828,81,76416,241,9987
120,17,108,8748,81,7627,242,0642
120,17,108,866,81,76123,242,1348
120,17,108,8582,81,76025,242,2001
120,17,108,8501,81,75879,242,2657
120,17,108,8423,81,75781,242,3289
120,17,108,8423,81,75781,242,3289
120,17,108,8347,81,75684,242,3905
120,17,108,8269,81,75537,242,4556
120,17,108,8188,81,75391,242,5215
120,17,108,8113,81,75293,242,5835
120,17,108,8037,81,75195,242,645
120,17,108,7957,81,75049,242,7102
120,17,108,7878,81,74951,242,7749
120,17,108,7798,81,74805,242,84
120,17,108,772,81,74707,242,9039
120,17,108,772,81,74707,242,9039
120,17,108,7644,81,74561,242,9656
120,17,108,7563,81,74463,243,0313
120,17,108,7483,81,74316,243,097
120,17,108,74,81,74219,243,1647
120,17,108,7322,81,74072,243,2301
120,17,108,7239,81,73926,243,2965
120,17,108,7163,81,73828,243,3597
120,17,108,7085,81,7373,243,4227
120,17,108,7085,81,7373,243,4227
120,17,108,7007,81,73584,243,4867
120,17,108,6926,81,73486,243,5515
120,17,108,6841,81,7334,243,6213
120,17,108,6765,81,73193,243,6846
120,17,108,6689,81,73096,243,746
120,17,108,6614,81,72998,243,8083
120,17,108,6533,81,72852,243,8741
120,17,108,6453,81,72754,243,9395
120,17,108,6453,81,72754,243,9395
120,17,108,6377,81,72607,244,0016
120,17,108,6301,81,7251,244,064
120,17,108,6221,81,72363,244,1288
120,17,108,6138,81,72266,244,196
120,17,108,606,81,72119,244,2615
120,17,108,6023,81,7207,244,2908
120,17,108,5989,81,71924,244,35
120,17,108,5952,81,71777,244,4124
120,17,108,5952,81,71777,244,4124
120,17,108,5918,81,7168,244,4718
120,17,108,5884,81,71533,244,5316
120,17,108,5847,81,71387,244,5938
120,17,108,5811,81,71289,244,655
120,17,108,5776,81,71143,244,715
120,17,108,5742,81,70996,244,7739
120,17,108,5706,81,7085,244,8351
120,17,108,5706,81,7085,244,8351
120,17,108,5706,81,7085,244,8351
120,17,108,5671,81,70752,244,8967
120,17,108,5591,81,7041,245,0347
120,17,108,5552,81,70264,245,1018
120,17,108,5515,81,70166,245,162
120,17,108,5481,81,7002,245,2218
120,17,108,5447,81,69873,245,2828
120,17,108,5413,81,69727,245,3411
120,17,108,5413,81,69727,245,3411
120,17,108,5376,81,69629,245,4033
120,17,108,5342,81,69482,245,4625
120,17,108,5305,81,69336,245,5266
120,17,108,5269,81,69189,245,5876
120,17,108,5232,81,69043,245,649
120,17,108,5198,81,68945,245,708
120,17,108,5164,81,68799,245,7678
120,17,108,5127,81,68652,245,8318
120,17,108,5127,81,68652,245,8318
120,17,108,5093,81,68506,245,8915
120,17,108,5056,81,68408,245,9539
120,17,108,502,81,68262,246,0176
120,17,108,4983,81,68115,246,0787
120,17,108,4949,81,67969,246,1398
120,17,108,4912,81,67822,246,2001
120,17,108,4878,81,67725,246,2596
120,17,108,4844,81,67578,246,3198
120,17,108,4807,81,67432,246,3827
120,17,108,4773,81,67334,246,4403
120,17,108,4773,81,67334,246,4403
120,17,108,4739,81,67188,246,4982
120,17,108,4702,81,67041,246,5597
120,17,108,4668,81,66895,246,6198
120,17,108,4634,81,66797,246,6787
120,17,108,46,81,6665,246,7366
120,17,108,4568,81,66553,246,7936
120,17,108,4529,81,66406,246,8617
120,17,108,449,81,6626,246,9277
120,17,108,4456,81,66113,246,9866
120,17,108,4456,81,66113,246,9866
120,17,108,4431,81,66016,247,0276
120,17,108,4592,81,6582,247,0815
120,17,108,4744,81,65625,247,1323
120,17,108,4902,81,65479,247,1862
120,17,108,5056,81,65283,247,2374
120,17,108,5205,81,65088,247,2877
120,17,108,5359,81,64941,247,339
120,17,108,5513,81,64746,247,3911
120,17,108,5667,81,64551,247,4424
120,17,108,5811,81,64404,247,4908
120,17,108,5959,81,64209,247,541
120,17,108,6118,81,64014,247,594
120,17,108,6274,81,63818,247,6462
120,17,108,6428,81,63672,247,698
120,17,108,6577,81,63477,247,7482
120,17,108,6724,81,63281,247,7975
120,17,108,6724,81,63281,247,7975
120,17,108,687,81,63135,247,847
120,17,108,7031,81,62939,247,9005
120,17,108,7178,81,62793,247,9497
120,17,108,7324,81,62598,247,9991
120,17,108,7473,81,62402,248,0493
120,17,108,7473,81,62402,248,0493
120,17,108,7629,81,62256,248,1017
120,17,108,7629,81,62256,248,1017
120,17,108,8035,81,61768,248,2378
120,17,108,8218,81,61523,248,2994
120,17,108,8386,81,61328,248,3561
120,17,108,854,81,61182,248,4077
120,17,108,854,81,61182,248,4077
120,17,108,854,81,61182,248,4077
120,17,108,8701,81,60986,248,4615
120,17,108,9058,81,60547,248,5811
120,17,108,9224,81,60352,248,6375
120,17,108,9385,81,60156,248,6915
120,17,108,9541,81,59961,248,7434
120,17,108,9692,81,59814,248,7949
120,17,108,9692,81,59814,248,7949
120,17,108,9692,81,59814,248,7949
120,17,108,9692,81,59814,248,7949
120,17,108,9692,81,59814,248,7949
120,17,108,9692,81,59814,248,7949
120,17,108,9802,81,59668,248,8317
120,17,108,991,81,59521,248,8674
120,17,109,0098,81,59326,248,9307
120,17,109,0098,81,59326,248,9307
120,17,109,0261,81,59131,248,986
120,17,109,043,81,58936,249,0425
120,17,109,0605,81,5874,249,1013
120,17,109,0781,81,58496,249,16
120,17,109,0947,81,58301,249,2163
120,17,109,0947,81,58301,249,2163
120,17,109,1118,81,58105,249,2733
120,17,109,1287,81,5791,249,3296
120,17,109,1453,81,57715,249,386
120,17,109,1616,81,5752,249,4409
120,17,109,1619,81,5752,249,4415
120,17,109,1858,81,57324,249,5009
120,17,109,2021,81,57129,249,5406
120,17,109,2202,81,56982,249,5857
120,17,109,2202,81,56982,249,5857
120,17,109,2385,81,56836,249,6305
120,17,109,2593,81,56641,249,682
120,17,109,2788,81,56445,249,7303
120,17,109,2971,81,56299,249,7755
120,17,109,3157,81,56104,249,8212
120,17,109,3347,81,55957,249,8679
120,17,109,3528,81,55762,249,9126
120,17,109,3743,81,55566,249,9656
120,17,109,3743,81,55566,249,9656
120,17,109,3928,81,5542,250,0118
120,17,109,4114,81,55225,250,0573
120,17,109,4309,81,55078,250,1055
120,17,109,4512,81,54883,250,1555
120,17,109,4714,81,54688,250,2057
120,17,109,4937,81,54492,250,2603
120,17,109,4937,81,54492,250,2603
120,17,109,5125,81,54297,250,3071
120,17,109,5322,81,5415,250,3557
120,17,109,551,81,53955,250,4021
120,17,109,5693,81,53809,250,4471
120,17,109,5879,81,53613,250,4929
120,17,109,6055,81,53467,250,5364
120,17,109,624,81,5332,250,5823
120,17,109,6423,81,53125,250,6273
120,17,109,6606,81,52979,250,6727
120,17,109,6797,81,52783,250,7197
120,17,109,6975,81,52637,250,7635
120,17,109,7158,81,52441,250,8088
120,17,109,7158,81,52441,250,8088
120,17,109,7346,81,52295,250,8555
120,17,109,7527,81,521,250,8999
120,17,109,7732,81,51953,250,9502
120,17,109,7732,81,51953,250,9502
120,17,109,7732,81,51953,250,9502
120,17,109,7732,81,51953,250,9502
120,17,109,7732,81,51953,250,9502
120,17,109,8076,81,51611,251,0356
120,17,109,8203,81,51514,251,0669
120,17,109,8406,81,51318,251,1169
120,17,109,8599,81,51123,251,1643
120,17,109,8777,81,50977,251,2081
120,17,109,8958,81,5083,251,2532
120,17,109,8958,81,5083,251,2532
120,17,109,9143,81,50635,251,2986
120,17,109,9324,81,50488,251,3433
120,17,109,9521,81,50293,251,3922
120,17,109,97,81,50146,251,4362
120,17,109,9897,81,49951,251,4851
120,17,110,0085,81,49805,251,5315
120,17,110,0171,81,49707,251,5524
120,17,110,0359,81,49512,251,6008
120,17,110,0544,81,49268,251,6483
120,17,110,0742,81,49023,251,6995
120,17,110,0935,81,48828,251,7489
120,17,110,1123,81,48633,251,7975
120,17,110,1123,81,48633,251,7975
120,17,110,1316,81,48389,251,847
120,17,110,1501,81,48193,251,8944
120,17,110,1694,81,47949,251,9441
120,17,110,1885,81,47754,251,9932
120,17,110,2075,81,4751,252,0421
120,17,110,2263,81,47314,252,0905
120,17,110,2461,81,4707,252,1414
120,17,110,2654,81,46826,252,1913
120,17,110,2849,81,46631,252,2412
120,17,110,3042,81,46387,252,2908
120,17,110,3237,81,46191,252,3413
120,17,110,3433,81,45947,252,3915
120,17,110,3433,81,45947,252,3915
120,17,110,3623,81,45703,252,4406
120,17,110,3811,81,45508,252,4886
120,17,110,4006,81,45264,252,5391
120,17,110,4199,81,45068,252,5886
120,17,110,4399,81,44824,252,64
120,17,110,459,81,44629,252,6888
120,17,110,478,81,44385,252,7382
120,17,110,4963,81,44189,252,7855
120,17,110,5168,81,43945,252,838
120,17,110,5374,81,43701,252,8904
120,17,110,5562,81,43506,252,9391
120,17,110,5562,81,43506,252,9391
120,17,110,5752,81,43262,252,988
120,17,110,5945,81,43066,253,0378
120,17,110,615,81,42822,253,0901
120,17,110,634,81,42578,253,1395
120,17,110,6531,81,42383,253,1885
120,17,110,6721,81,42139,253,2374
120,17,110,6914,81,41943,253,2866
120,17,110,7102,81,41699,253,3353
120,17,110,7288,81,41504,253,3831
120,17,110,748,81,4126,253,4324
120,17,110,7683,81,41064,253,4847
120,17,110,7876,81,4082,253,5347
120,17,110,7876,81,4082,253,5347
120,17,110,8071,81,40576,253,5844
120,17,110,8071,81,40576,253,5844
120,17,110,8071,81,40576,253,5844
120,17,110,8071,81,40576,253,5844
120,17,110,8071,81,40576,253,5844
120,17,110,8259,81,40381,253,6327
120,17,110,9065,81,39453,253,8402
120,17,110,9639,81,38818,253,9255
120,17,111,0078,81,3833,253,991
120,17,111,052,81,37842,254,0568
120,17,111,052,81,37842,254,0568
120,17,111,052,81,37842,254,0568
120,17,111,0964,81,37354,254,123
120,17,111,1958,81,36279,254,271
120,17,111,2419,81,35742,254,3397
120,17,111,2842,81,35303,254,4026
120,17,111,3262,81,34863,254,465
120,17,111,3691,81,34375,254,5291
120,17,111,3691,81,34375,254,5291
120,17,111,4114,81,33887,254,5919
120,17,111,4551,81,33398,254,657
120,17,111,4998,81,3291,254,7234
120,17,111,543,81,32471,254,7878
120,17,111,5854,81,31982,254,8511
120,17,111,6287,81,31494,254,9152
120,17,111,6724,81,31055,254,9803
120,17,111,7151,81,30566,255,0441
120,17,111,7566,81,30127,255,1056
120,17,111,7974,81,29639,255,1665
120,17,111,7974,81,29639,255,1665
120,17,111,8406,81,29199,255,2308
120,17,111,8838,81,28711,255,2949
120,17,111,927,81,28223,255,3593
120,17,111,9692,81,27783,255,4222
120,17,112,0129,81,27295,255,4874
120,17,112,0564,81,26807,255,5521
120,17,112,0999,81,26318,255,6166
120,17,112,1428,81,25879,255,6807
120,17,112,1848,81,25391,255,7433
120,17,112,1848,81,25391,255,7433
120,17,112,228,81,24902,255,8075
120,17,112,2705,81,24463,255,871
120,17,112,314,81,23975,255,9357
120,17,112,356,81,23535,255,9982
120,17,112,3997,81,23047,256,0629
120,17,112,4438,81,22559,256,1288
120,17,112,4858,81,2207,256,1913
120,17,112,5313,81,21582,256,2588
120,17,112,5745,81,21094,256,3232
120,17,112,5745,81,21094,256,3232
120,17,112,6179,81,20654,256,3881
120,17,112,6624,81,20166,256,4543
120,17,112,7078,81,19629,256,5217
120,17,112,7512,81,19189,256,5863
120,17,112,7939,81,18701,256,6499
120,17,112,8381,81,18213,256,7157
120,17,112,8562,81,18018,256,7427
120,17,112,9038,81,17529,256,8075
120,17,112,9038,81,17529,256,8075
120,17,112,9465,81,17139,256,8655
120,17,112,9912,81,16699,256,9263
120,17,113,0374,81,1626,256,989
120,17,113,0803,81,1582,257,0476
120,17,113,125,81,15381,257,1084
120,17,113,1694,81,14941,257,1687
120,17,113,2156,81,14502,257,2317
120,17,113,2595,81,14063,257,2914
120,17,113,303,81,13623,257,3505
120,17,113,3464,81,13232,257,4095
120,17,113,3464,81,13232,257,4095
120,17,113,3911,81,12793,257,4703
120,17,113,436,81,12354,257,5315
120,17,113,4832,81,11865,257,5956
120,17,113,5276,81,11426,257,6559
120,17,113,5735,81,10986,257,7184
120,17,113,6189,81,10547,257,7802
120,17,113,6628,81,10107,257,84
120,17,113,7068,81,09668,257,8997
120,17,113,7068,81,09668,257,8997
120,17,113,7068,81,09668,257,8997
120,17,113,752,81,09229,257,9611
120,17,113,8555,81,08203,258,1022
120,17,113,9036,81,07764,258,1674
120,17,113,9475,81,07324,258,2273
120,17,113,9475,81,07324,258,2273
120,17,113,9922,81,06885,258,2881
120,17,114,0388,81,06396,258,3514
120,17,114,0835,81,05957,258,4121
120,17,114,1284,81,05518,258,4731
120,17,114,1743,81,05078,258,5358
120,17,114,2219,81,04639,258,6005
120,17,114,2656,81,04199,258,6599
120,17,114,2656,81,04199,258,6599
120,17,114,3123,81,03711,258,7235
120,17,114,3562,81,0332,258,7833
120,17,114,4019,81,02832,258,8455
120,17,114,4473,81,02393,258,9071
120,17,114,4919,81,01953,258,9678
120,17,114,5361,81,01563,259,028
120,17,114,5815,81,01074,259,0898
120,17,114,6282,81,00635,259,1531
120,17,114,6282,81,00635,259,1531
120,17,114,6716,81,00195,259,2123
120,17,114,7158,80,99756,259,2725
120,17,114,7639,80,99316,259,3379
120,17,114,8088,80,98877,259,3989
120,17,114,8535,80,98438,259,4597
120,17,114,8623,80,9834,259,4717
120,17,114,9063,80,97998,259,5237
120,17,114,9502,80,97656,259,5758
120,17,114,9502,80,97656,259,5758
120,17,114,9956,80,97363,259,6295
120,17,115,0391,80,97021,259,6809
120,17,115,0837,80,9668,259,7338
120,17,115,1287,80,96338,259,7872
120,17,115,1729,80,95996,259,8392
120,17,115,2168,80,95654,259,8914
120,17,115,26,80,95361,259,9426
120,17,115,302,80,9502,259,9922
120,17,115,345,80,94727,260,0431
120,17,115,345,80,94727,260,0431
120,17,115,3894,80,94385,260,0957
120,17,115,4348,80,94043,260,1495
120,17,115,4795,80,93701,260,2024
120,17,115,5239,80,93359,260,255
120,17,115,5674,80,93066,260,3064
120,17,115,6116,80,92725,260,3588
120,17,115,6558,80,92383,260,411
120,17,115,6558,80,92383,260,411
120,17,115,6985,80,92041,260,4617
120,17,115,7422,80,91748,260,5135
120,17,115,7881,80,91406,260,5677
120,17,115,8323,80,91064,260,62
120,17,115,8757,80,90723,260,6715
120,17,115,9202,80,90381,260,7244
120,17,115,9651,80,90039,260,7775
120,17,116,0078,80,89746,260,828
120,17,116,0078,80,89746,260,828
120,17,116,0518,80,89404,260,8801
120,17,116,0952,80,89063,260,9315
120,17,116,1411,80,88721,260,9858
120,17,116,1851,80,88428,261,0378
120,17,116,229,80,88086,261,0898
120,17,116,229,80,88086,261,0898
120,17,116,229,80,88086,261,0898
120,17,116,229,80,88086,261,0898
120,17,116,229,80,88086,261,0898
120,17,116,229,80,88086,261,0898
120,17,116,229,80,88086,261,0898
120,17,116,229,80,88086,261,0898
120,17,116,229,80,88086,261,0898
120,17,116,229,80,88086,261,0898
120,17,116,229,80,88086,261,0898
120,17,116,229,80,88086,261,0898
120,17,116,229,80,88086,261,0898
120,17,116,229,80,88086,261,0898
120,17,116,229,80,88086,261,0898
120,17,116,229,80,88086,261,0898
120,17,116,229,80,88086,261,0898
120,17,116,229,80,88086,261,0898
120,17,116,229,80,88086,261,0898
120,17,116,229,80,88086,261,0898
120,17,116,229,80,88086,261,0898
120,17,116,229,80,88086,261,0898
120,17,116,229,80,88086,261,0898
120,17,116,229,80,88086,261,0898
120,17,116,229,80,88086,261,0898
120,17,116,229,80,88086,261,0898
120,17,116,229,80,88086,261,0898
120,17,116,229,80,88086,261,0898
120,17,116,229,80,88086,261,0898
120,17,116,229,80,88086,261,0898
120,17,116,229,80,88086,261,0898
120,17,116,229,80,88086,261,0898
120,17,116,229,80,88086,261,0898
120,17,116,229,80,88086,261,0898
120,17,116,229,80,88086,261,0898
120,17,116,229,80,88086,261,0898
120,17,116,229,80,88086,261,0898
120,17,116,229,80,88086,261,0898
120,17,116,229,80,88086,261,0898
120,17,116,229,80,88086,261,0898
120,17,116,2573,80,87842,261,1233
120,17,116,2866,80,87646,261,1581
120,17,116,3364,80,87256,261,2172
120,17,116,3789,80,86963,261,2673
120,17,116,4233,80,86621,261,3201
120,17,116,4673,80,86279,261,3721
120,17,116,5105,80,85938,261,4232
120,17,116,5105,80,85938,261,4232
120,17,116,5557,80,85645,261,4766
120,17,116,6006,80,85303,261,5298
120,17,116,6462,80,84961,261,584
120,17,116,688,80,84619,261,6333
120,17,116,7319,80,84277,261,6852
120,17,116,7754,80,83984,261,7367
120,17,116,8188,80,83643,261,7882
120,17,116,8188,80,83643,261,7882
120,17,116,8193,80,83643,261,7888
120,17,116,8193,80,83643,261,7888
120,17,116,8684,80,83398,261,8425
120,17,116,959,80,83008,261,9418
120,17,117,0088,80,82764,261,9962
120,17,117,0566,80,8252,262,0486
120,17,117,1055,80,82275,262,1021
120,17,117,1548,80,8208,262,1561
120,17,117,2019,80,81836,262,2075
120,17,117,2502,80,81641,262,2605
120,17,117,2502,80,81641,262,2605
120,17,117,2981,80,81396,262,313
120,17,117,3467,80,81152,262,366
120,17,117,396,80,80957,262,4199
120,17,117,4451,80,80713,262,4736
120,17,117,4929,80,80469,262,5261
120,17,117,5415,80,80273,262,5793
120,17,117,5913,80,80029,262,6338
120,17,117,5913,80,80029,262,6338
120,17,117,6411,80,79785,262,6884
120,17,117,6882,80,79541,262,7397
120,17,117,7383,80,79346,262,7947
120,17,117,7856,80,79102,262,8464
120,17,117,8347,80,78857,262,9003
120,17,117,8843,80,78662,262,9545
120,17,117,9319,80,78418,263,0066
120,17,117,9797,80,78174,263,0588
120,17,117,9797,80,78174,263,0588
120,17,118,0303,80,77979,263,1143
120,17,118,0796,80,77734,263,1681
120,17,118,1277,80,7749,263,2211
120,17,118,1755,80,77295,263,2732
120,17,118,2214,80,77051,263,3236
120,17,118,2705,80,76807,263,3773
120,17,118,2705,80,76807,263,3773
120,17,118,2705,80,76807,263,3773
120,17,118,2705,80,76807,263,3773
120,17,118,2705,80,76807,263,3773
120,17,118,2705,80,76807,263,3773
120,17,118,2705,80,76807,263,3773
120,17,118,2705,80,76807,263,3773
120,17,118,2705,80,76807,263,3773
120,17,118,2705,80,76807,263,3773
120,17,118,2705,80,76807,263,3773
120,17,118,2705,80,76807,263,3773
120,17,118,2705,80,76807,263,3773
120,17,118,2705,80,76807,263,3773
120,17,118,2705,80,76807,263,3773
120,17,118,2705,80,76807,263,3773
120,17,118,2705,80,76807,263,3773
120,17,118,2705,80,76807,263,3773
120,17,118,2705,80,76807,263,3773
120,17,118,2705,80,76807,263,3773
120,17,118,2705,80,76807,263,3773
120,17,118,2705,80,76807,263,3773
120,17,118,2705,80,76807,263,3773
120,17,118,2705,80,76807,263,3773
120,17,118,2705,80,76807,263,3773
120,17,118,2705,80,76807,263,3773
120,17,118,2705,80,76807,263,3773
120,17,118,2705,80,76807,263,3773
120,17,118,2705,80,76807,263,3773
120,17,118,2705,80,76807,263,3773
120,17,118,2705,80,76807,263,3773
120,17,118,2705,80,76807,263,3773
120,17,118,2705,80,76807,263,3773
120,17,118,2705,80,76807,263,3773
120,17,118,2705,80,76807,263,3773
120,17,118,2705,80,76807,263,3773
120,17,118,2705,80,76807,263,3773
120,17,118,2705,80,76807,263,3773
120,17,118,2705,80,76807,263,3773
120,17,118,2705,80,76807,263,3773
120,17,118,2705,80,76807,263,3773
120,17,118,2705,80,76807,263,3773
120,17,118,2705,80,76807,263,3773
120,17,118,2705,80,76807,263,3773
120,17,118,2705,80,76807,263,3773
120,17,118,2705,80,76807,263,3773
120,17,118,2705,80,76807,263,3773
120,17,118,2705,80,76807,263,3773
120,17,118,2705,80,76807,263,3773
120,17,118,2705,80,76807,263,3773
120,17,118,2705,80,76807,263,3773
120,17,118,2705,80,76807,263,3773
120,17,118,2705,80,76807,263,3773
120,17,118,2705,80,76807,263,3773
120,17,118,2705,80,76807,263,3773
120,17,118,2705,80,76807,263,3773
120,17,118,2705,80,76807,263,3773
120,17,118,2705,80,76807,263,3773
120,17,118,2705,80,76807,263,3773
120,17,118,2705,80,76807,263,3773
120,17,118,2705,80,76807,263,3773
120,17,118,2705,80,76807,263,3773
120,17,118,2705,80,76807,263,3773
120,17,118,2705,80,76807,263,3773
120,17,118,2705,80,76807,263,3773
120,17,118,2705,80,76807,263,3773
120,17,118,2705,80,76807,263,3773
120,17,118,2705,80,76807,263,3773
120,17,118,2705,80,76807,263,3773
120,17,118,2705,80,76807,263,3773
120,17,118,2705,80,76807,263,3773
120,17,118,2705,80,76807,263,3773
120,17,118,2705,80,76807,263,3773
120,17,118,2705,80,76807,263,3773
120,17,118,2705,80,76807,263,3773
120,17,118,3044,80,7666,263,4143
120,17,118,3044,80,7666,263,4143
120,17,118,3357,80,76514,263,4485
120,17,118,3916,80,7627,263,5096
120,17,118,4412,80,76025,263,5641
120,17,118,4893,80,75781,263,6167
120,17,118,5391,80,75586,263,6711
120,17,118,5859,80,75342,263,7225
120,17,118,6379,80,75098,263,7794
120,17,118,6379,80,75098,263,7794
120,17,118,687,80,74854,263,8331
120,17,118,7383,80,74609,263,8893
120,17,118,7876,80,74414,263,9434
120,17,118,8374,80,7417,263,9978
120,17,118,887,80,73926,264,052
120,17,118,9358,80,7373,264,1053
120,17,118,9358,80,7373,264,1053
120,17,118,9724,80,73535,264,1455
120,17,119,019,80,73486,264,1887
120,17,119,0654,80,73438,264,2317
120,17,119,1121,80,7334,264,2749
120,17,119,158,80,73291,264,3175
120,17,119,2031,80,73242,264,3593
120,17,119,25,80,73193,264,4028
120,17,119,2964,80,73096,264,4458
120,17,119,2964,80,73096,264,4458
120,17,119,343,80,73047,264,489
120,17,119,3894,80,72998,264,5319
120,17,119,4375,80,72949,264,5767
120,17,119,4836,80,72852,264,6191
120,17,119,5288,80,72803,264,661
120,17,119,5757,80,72754,264,7046
120,17,119,6199,80,72705,264,7455
120,17,119,6199,80,72705,264,7455
120,17,119,6655,80,72656,264,7878
120,17,119,7131,80,72559,264,8319
120,17,119,7634,80,7251,264,8787
120,17,119,8088,80,72461,264,9207
120,17,119,8545,80,72412,264,963
120,17,119,9006,80,72314,265,0056
120,17,119,9482,80,72266,265,0498
120,17,119,9482,80,72266,265,0498
120,17,119,9939,80,72217,265,092
120,17,120,0425,80,72168,265,1372
120,17,120,0886,80,7207,265,1799
120,17,120,135,80,72021,265,223
120,17,120,1826,80,71973,265,2671
120,17,120,229,80,71924,265,3099
120,17,120,229,80,71924,265,3099
120,17,120,2737,80,71826,265,3516
120,17,120,3206,80,71777,265,3948
120,17,120,3699,80,71729,265,4404
120,17,120,4158,80,7168,265,483
120,17,120,4617,80,71582,265,5258
120,17,120,51,80,71533,265,5704
120,17,120,5566,80,71484,265,6138
120,17,120,5566,80,71484,265,6138
120,17,120,6023,80,71436,265,656
120,17,120,6472,80,71387,265,6975
120,17,120,6943,80,71289,265,7413
120,17,120,7407,80,7124,265,7842
120,17,120,7878,80,71191,265,8279
120,17,120,7878,80,71191,265,8279
120,17,120,7878,80,71191,265,8279
120,17,120,8335,80,71143,265,8701
120,17,120,9409,80,70996,265,9697
120,17,120,9897,80,70898,266,015
120,17,121,0049,80,70898,266,0291
120,17,121,0461,80,70996,266,0667
120,17,121,0881,80,71094,266,105
120,17,121,0881,80,71094,266,105
120,17,121,1284,80,71191,266,1416
120,17,121,1721,80,71289,266,1814
120,17,121,2163,80,71387,266,2216
120,17,121,2576,80,71484,266,2592
120,17,121,3013,80,71582,266,299
120,17,121,3435,80,7168,266,3374
120,17,121,3435,80,7168,266,3374
120,17,121,3875,80,71777,266,3774
120,17,121,4304,80,71875,266,4165
120,17,121,4727,80,71973,266,4548
120,17,121,5146,80,7207,266,4932
120,17,121,5562,80,72168,266,5309
120,17,121,5986,80,72266,266,5696
120,17,121,6399,80,72363,266,6072
120,17,121,6399,80,72363,266,6072
120,17,121,6819,80,72461,266,6453
120,17,121,7256,80,72559,266,6852
120,17,121,7693,80,72656,266,725
120,17,121,8105,80,72754,266,7625
120,17,121,8521,80,72852,266,8004
120,17,121,8965,80,72949,266,8408
120,17,121,8965,80,72949,266,8408
120,17,121,9385,80,73047,266,879
120,17,121,9824,80,73145,266,9189
120,17,122,0254,80,73242,266,958
120,17,122,0684,80,7334,266,9971
120,17,122,1096,80,73438,267,0349
120,17,122,1523,80,73535,267,0737
120,17,122,1951,80,73633,267,1125
120,17,122,1951,80,73633,267,1125
120,17,122,2368,80,7373,267,1505
120,17,122,2368,80,7373,267,1505
120,17,122,2368,80,7373,267,1505
120,17,122,2368,80,7373,267,1505
120,17,122,2368,80,7373,267,1505
120,17,122,2368,80,7373,267,1505
120,17,122,2368,80,7373,267,1505
120,17,122,2368,80,7373,267,1505
120,17,122,2368,80,7373,267,1505
120,17,122,2368,80,7373,267,1505
120,17,122,2368,80,7373,267,1505
120,17,122,2368,80,7373,267,1505
120,17,122,2368,80,7373,267,1505
120,17,122,2368,80,7373,267,1505
120,17,122,2368,80,7373,267,1505
120,17,122,2368,80,7373,267,1505
120,17,122,2368,80,7373,267,1505
120,17,122,2368,80,7373,267,1505
120,17,122,2368,80,7373,267,1505
120,17,122,2368,80,7373,267,1505
120,17,122,2368,80,7373,267,1505
120,17,122,2368,80,7373,267,1505
120,17,122,2368,80,7373,267,1505
120,17,122,3157,80,73926,267,2223
120,17,122,3157,80,73926,267,2223
120,17,122,3428,80,73975,267,2471
120,17,122,3428,80,73975,267,2471
120,17,122,3918,80,74072,267,2919
120,17,122,4644,80,74268,267,3578
120,17,122,4644,80,74268,267,3578
120,17,122,5229,80,74365,267,411
120,17,122,5691,80,74512,267,4531
120,17,122,6138,80,74609,267,4938
120,17,122,656,80,74707,267,5322
120,17,122,697,80,74805,267,5695
120,17,122,7393,80,74902,267,608
120,17,122,7815,80,75,267,6465
120,17,122,7815,80,75,267,6465
120,17,122,8228,80,75098,267,684
120,17,122,8547,80,75146,267,7131
120,17,122,8872,80,75293,267,7396
120,17,122,9182,80,75439,267,7646
120,17,122,949,80,75586,267,7896
120,17,122,9802,80,75732,267,8151
120,17,123,0103,80,75879,267,8395
120,17,123,041,80,76025,267,8645
120,17,123,041,80,76025,267,8645
120,17,123,071,80,76172,267,8888
120,17,123,1028,80,76367,267,9144
120,17,123,135,80,76514,267,9407
120,17,123,1655,80,7666,267,9656
120,17,123,1968,80,76807,267,9908
120,17,123,2283,80,76953,268,0166
120,17,123,2283,80,76953,268,0166
120,17,123,259,80,771,268,0415
120,17,123,2905,80,77246,268,067
120,17,123,322,80,77393,268,0927
120,17,123,354,80,77588,268,1187
120,17,123,3855,80,77734,268,1442
120,17,123,4167,80,77881,268,1696
120,17,123,4478,80,78027,268,1947
120,17,123,4478,80,78027,268,1947
120,17,123,4785,80,78174,268,2197
120,17,123,5088,80,7832,268,2444
120,17,123,5417,80,78467,268,2711
120,17,123,5732,80,78613,268,2966
120,17,123,6052,80,7876,268,3226
120,17,123,6357,80,78906,268,3473
120,17,123,6665,80,79102,268,3723
120,17,123,6665,80,79102,268,3723
120,17,123,6963,80,79199,268,3965
120,17,123,728,80,79395,268,4222
120,17,123,7603,80,79541,268,4485
120,17,123,7903,80,79688,268,4729
120,17,123,8203,80,79834,268,4973
120,17,123,8528,80,7998,268,5236
120,17,123,8843,80,80127,268,5491
120,17,123,8843,80,80127,268,5491
120,17,123,9138,80,80273,268,5732
120,17,123,9448,80,8042,268,5983
120,17,123,9766,80,80566,268,624
120,17,124,0073,80,80713,268,6492
120,17,124,0388,80,80859,268,6747
120,17,124,0708,80,81055,268,7007
120,17,124,1013,80,81201,268,7255
120,17,124,1013,80,81201,268,7255
120,17,124,1326,80,81348,268,7507
120,17,124,1665,80,81494,268,7783
120,17,124,1992,80,81641,268,8049
120,17,124,2153,80,81738,268,818
120,17,124,2546,80,81982,268,8446
120,17,124,2932,80,82227,268,8706
120,17,124,2932,80,82227,268,8706
120,17,124,2932,80,82227,268,8706
120,17,124,3313,80,82471,268,8962
120,17,124,4207,80,83057,268,9565
120,17,124,4607,80,8335,268,9834
120,17,124,4607,80,8335,268,9834
120,17,124,4993,80,83594,269,0095
120,17,124,5383,80,83838,269,0358
120,17,124,5801,80,84131,269,064
120,17,124,6174,80,84375,269,0892
120,17,124,6584,80,84619,269,1168
120,17,124,6982,80,84863,269,1438
120,17,124,6982,80,84863,269,1438
120,17,124,7361,80,85107,269,1692
120,17,124,7742,80,85352,269,1948
120,17,124,8147,80,85645,269,2223
120,17,124,8528,80,85889,269,2478
120,17,124,8923,80,86133,269,2747
120,17,124,9316,80,86377,269,301
120,17,124,9712,80,8667,269,3279
120,17,124,9712,80,8667,269,3279
120,17,125,01,80,86914,269,354
120,17,125,0505,80,87158,269,3813
120,17,125,0896,80,87402,269,4077
120,17,125,1292,80,87695,269,4343
120,17,125,1687,80,87939,269,4609
120,17,125,2095,80,88184,269,4885
120,17,125,2095,80,88184,269,4885
120,17,125,2488,80,88477,269,5149
120,17,125,2876,80,88721,269,5411
120,17,125,3279,80,88965,269,5682
120,17,125,3667,80,89209,269,5945
120,17,125,3667,80,89209,269,5945
120,17,125,3667,80,89209,269,5945
120,17,125,3667,80,89209,269,5945
120,17,125,3667,80,89209,269,5945
120,17,125,3667,80,89209,269,5945
120,17,125,3667,80,89209,269,5945
120,17,125,3667,80,89209,269,5945
120,17,125,3667,80,89209,269,5945
120,17,125,3667,80,89209,269,5945
120,17,125,3667,80,89209,269,5945
120,17,125,3667,80,89209,269,5945
120,17,125,3667,80,89209,269,5945
120,17,125,3667,80,89209,269,5945
120,17,125,3667,80,89209,269,5945
120,17,125,3667,80,89209,269,5945
120,17,125,3667,80,89209,269,5945
120,17,125,3667,80,89209,269,5945
120,17,125,3667,80,89209,269,5945
120,17,125,3667,80,89209,269,5945
120,17,125,3667,80,89209,269,5945
120,17,125,3667,80,89209,269,5945
120,17,125,3667,80,89209,269,5945
120,17,125,3667,80,89209,269,5945
120,17,125,3667,80,89209,269,5945
120,17,125,3667,80,89209,269,5945
120,17,125,3667,80,89209,269,5945
120,17,125,3936,80,89404,269,6125
120,17,125,3936,80,89404,269,6125
120,17,125,4199,80,89551,269,6305
120,17,125,4199,80,89551,269,6305
120,17,125,511,80,90137,269,6918
120,17,125,55,80,9043,269,7181
120,17,125,5901,80,90674,269,7452
120,17,125,6304,80,90918,269,7725
120,17,125,6721,80,91211,269,8004
120,17,125,7097,80,91455,269,8259
120,17,125,7097,80,91455,269,8259
120,17,125,7507,80,91699,269,8535
120,17,125,7908,80,91992,269,8805
120,17,125,8306,80,92236,269,9073
120,17,125,8699,80,9248,269,934
120,17,125,9102,80,92773,269,9611
120,17,125,9138,80,92773,269,9635
120,17,125,957,80,93115,269,988
120,17,125,9854,80,93311,270,004
120,17,125,9854,80,93311,270,004
120,17,126,0303,80,93652,270,0295
120,17,126,0745,80,93994,270,0544
120,17,126,1187,80,94336,270,0795
120,17,126,1599,80,94629,270,1029
120,17,126,2036,80,94971,270,1276
120,17,126,2483,80,95313,270,1528
120,17,126,2483,80,95313,270,1528
120,17,126,2903,80,95605,270,1768
120,17,126,3328,80,95947,270,2007
120,17,126,3782,80,96289,270,2264
120,17,126,4207,80,96631,270,2505
120,17,126,4641,80,96973,270,2751
120,17,126,5078,80,97266,270,2999
120,17,126,5508,80,97607,270,3242
120,17,126,5508,80,97607,270,3242
120,17,126,5935,80,97949,270,3484
120,17,126,6362,80,98242,270,3726
120,17,126,6799,80,98584,270,3973
120,17,126,7261,80,98926,270,4235
120,17,126,7695,80,99268,270,4481
120,17,126,7695,80,99268,270,4481
120,17,126,8142,80,99609,270,4734
120,17,126,8577,80,99951,270,4979
120,17,126,9026,81,00293,270,5234
120,17,126,9446,81,00586,270,5472
120,17,126,9885,81,00928,270,572
120,17,127,0315,81,0127,270,5964
120,17,127,0742,81,01563,270,6206
120,17,127,0742,81,01563,270,6206
120,17,127,1174,81,01904,270,645
120,17,127,1599,81,02246,270,6692
120,17,127,1599,81,02246,270,6692
120,17,127,1599,81,02246,270,6692
120,17,127,1599,81,02246,270,6692
120,17,127,1599,81,02246,270,6692
120,17,127,1599,81,02246,270,6692
120,17,127,1599,81,02246,270,6692
120,17,127,1599,81,02246,270,6692
120,17,127,1599,81,02246,270,6692
120,17,127,1599,81,02246,270,6692
120,17,127,1599,81,02246,270,6692
120,17,127,1599,81,02246,270,6692
120,17,127,1599,81,02246,270,6692
120,17,127,1599,81,02246,270,6692
120,17,127,1599,81,02246,270,6692
120,17,127,1599,81,02246,270,6692
120,17,127,1599,81,02246,270,6692
120,17,127,1599,81,02246,270,6692
120,17,127,1599,81,02246,270,6692
120,17,127,1599,81,02246,270,6692
120,17,127,1599,81,02246,270,6692
120,17,127,1599,81,02246,270,6692
120,17,127,1599,81,02246,270,6692
120,17,127,1599,81,02246,270,6692
120,17,127,1599,81,02246,270,6692
120,17,127,1599,81,02246,270,6692
120,17,127,1599,81,02246,270,6692
120,17,127,1599,81,02246,270,6692
120,17,127,1599,81,02246,270,6692
120,17,127,1599,81,02246,270,6692
120,17,127,1599,81,02246,270,6692
120,17,127,1599,81,02246,270,6692
120,17,127,1599,81,02246,270,6692
120,17,127,1599,81,02246,270,6692
120,17,127,1599,81,02246,270,6692
120,17,127,1599,81,02246,270,6692
120,17,127,1599,81,02246,270,6692
120,17,127,1599,81,02246,270,6692
120,17,127,1599,81,02246,270,6692
120,17,127,1599,81,02246,270,6692
120,17,127,1599,81,02246,270,6692
120,17,127,1599,81,02246,270,6692
120,17,127,1599,81,02246,270,6692
120,17,127,1599,81,02246,270,6692
120,17,127,1599,81,02246,270,6692
120,17,127,1599,81,02246,270,6692
120,17,127,1599,81,02246,270,6692
120,17,127,1599,81,02246,270,6692
120,17,127,1599,81,02246,270,6692
120,17,127,1599,81,02246,270,6692
120,17,127,1599,81,02246,270,6692
120,17,127,1599,81,02246,270,6692
120,17,127,1599,81,02246,270,6692
120,17,127,1599,81,02246,270,6692
120,17,127,1599,81,02246,270,6692
120,17,127,1599,81,02246,270,6692
120,17,127,1599,81,02246,270,6692
120,17,127,1599,81,02246,270,6692
120,17,127,1599,81,02246,270,6692
120,17,127,1599,81,02246,270,6692
120,17,127,1895,81,02441,270,6859
120,17,127,2178,81,02686,270,7019
120,17,127,2659,81,03027,270,7291
120,17,127,3093,81,03369,270,7538
120,17,127,3513,81,03662,270,7775
120,17,127,3513,81,03662,270,7775
120,17,127,3977,81,04053,270,8037
120,17,127,4407,81,04346,270,8281
120,17,127,4861,81,04688,270,8539
120,17,127,5315,81,05029,270,8795
120,17,127,5315,81,05029,270,8795
120,17,127,5315,81,05029,270,8795
120,17,127,5764,81,05371,270,905
120,17,127,6738,81,06104,270,9602
120,17,127,72,81,06494,270,9862
120,17,127,72,81,06494,270,9862
120,17,127,7654,81,06836,271,012
120,17,127,7869,81,06982,271,0242
120,17,127,835,81,07422,271,0518
120,17,127,8821,81,07813,271,0786
120,17,127,9282,81,08252,271,1051
120,17,127,9282,81,08252,271,1051
120,17,127,9744,81,08643,271,1315
120,17,128,022,81,09082,271,1587
120,17,128,0703,81,09521,271,1864
120,17,128,1162,81,09912,271,2126
120,17,128,1602,81,10303,271,2378
120,17,128,1602,81,10303,271,2378
120,17,128,2039,81,10693,271,2628
120,17,128,2502,81,11084,271,2893
120,17,128,2976,81,11523,271,3165
120,17,128,3418,81,11914,271,3418
120,17,128,3865,81,12305,271,3673
120,17,128,4297,81,12695,271,3921
120,17,128,4297,81,12695,271,3921
120,17,128,4736,81,13086,271,4172
120,17,128,5193,81,13477,271,4434
120,17,128,5654,81,13916,271,4697
120,17,128,6101,81,14307,271,4952
120,17,128,6531,81,14697,271,5199
120,17,128,6982,81,15088,271,5457
120,17,128,6982,81,15088,271,5457
120,17,128,7444,81,15479,271,5721
120,17,128,7874,81,15869,271,5968
120,17,128,835,81,16309,271,624
120,17,128,8794,81,16699,271,6494
120,17,128,9226,81,1709,271,6742
120,17,128,9226,81,1709,271,6742
120,17,128,968,81,1748,271,7002
120,17,129,0149,81,17871,271,7269
120,17,129,0605,81,18311,271,7531
120,17,129,0605,81,18311,271,7531
120,17,129,0605,81,18311,271,7531
120,17,129,0605,81,18311,271,7531
120,17,129,0605,81,18311,271,7531
120,17,129,0605,81,18311,271,7531
120,17,129,0605,81,18311,271,7531
120,17,129,0605,81,18311,271,7531
120,17,129,0605,81,18311,271,7531
120,17,129,0605,81,18311,271,7531
120,17,129,0605,81,18311,271,7531
120,17,129,0605,81,18311,271,7531
120,17,129,0605,81,18311,271,7531
120,17,129,0605,81,18311,271,7531
120,17,129,0605,81,18311,271,7531
120,17,129,0605,81,18311,271,7531
120,17,129,0605,81,18311,271,7531
120,17,129,0605,81,18311,271,7531
120,17,129,0605,81,18311,271,7531
120,17,129,0605,81,18311,271,7531
120,17,129,0605,81,18311,271,7531
120,17,129,0605,81,18311,271,7531
120,17,129,0605,81,18311,271,7531
120,17,129,0605,81,18311,271,7531
120,17,129,0605,81,18311,271,7531
120,17,129,0605,81,18311,271,7531
120,17,129,0605,81,18311,271,7531
120,17,129,0605,81,18311,271,7531
120,17,129,0605,81,18311,271,7531
120,17,129,0605,81,18311,271,7531
120,17,129,0605,81,18311,271,7531
120,17,129,0605,81,18311,271,7531
120,17,129,0605,81,18311,271,7531
120,17,129,0605,81,18311,271,7531
120,17,129,0605,81,18311,271,7531
120,17,129,0605,81,18311,271,7531
120,17,129,0605,81,18311,271,7531
120,17,129,0605,81,18311,271,7531
120,17,129,0605,81,18311,271,7531
120,17,129,0605,81,18311,271,7531
120,17,129,0605,81,18311,271,7531
120,17,129,0605,81,18311,271,7531
120,17,129,0605,81,18311,271,7531
120,17,129,0605,81,18311,271,7531
120,17,129,0605,81,18311,271,7531
120,17,129,0605,81,18311,271,7531
120,17,129,0605,81,18311,271,7531
120,17,129,0605,81,18311,271,7531
120,17,129,0605,81,18311,271,7531
120,17,129,0605,81,18311,271,7531
120,17,129,0605,81,18311,271,7531
120,17,129,0605,81,18311,271,7531
120,17,129,0605,81,18311,271,7531
120,17,129,0605,81,18311,271,7531
120,17,129,0605,81,18311,271,7531
120,17,129,0605,81,18311,271,7531
120,17,129,0605,81,18311,271,7531
120,17,129,0605,81,18311,271,7531
120,17,129,0605,81,18311,271,7531
120,17,129,0605,81,18311,271,7531
120,17,129,0605,81,18311,271,7531
120,17,129,0605,81,18311,271,7531
120,17,129,0605,81,18311,271,7531
120,17,129,0605,81,18311,271,7531
120,17,129,0605,81,18311,271,7531
120,17,129,0605,81,18311,271,7531
120,17,129,0605,81,18311,271,7531
120,17,129,0605,81,18311,271,7531
120,17,129,0605,81,18311,271,7531
120,17,129,0605,81,18311,271,7531
120,17,129,0605,81,18311,271,7531
120,17,129,0605,81,18311,271,7531
120,17,129,0605,81,18311,271,7531
120,17,129,0605,81,18311,271,7531
120,17,129,0605,81,18311,271,7531
120,17,129,0605,81,18311,271,7531
120,17,129,0605,81,18311,271,7531
120,17,129,0605,81,18311,271,7531
120,17,129,0605,81,18311,271,7531
120,17,129,0605,81,18311,271,7531
120,17,129,0605,81,18311,271,7531
120,17,129,0605,81,18311,271,7531
120,17,129,0605,81,18311,271,7531
120,17,129,0605,81,18311,271,7531
120,17,129,0605,81,18311,271,7531
120,17,129,0605,81,18311,271,7531
120,17,129,0605,81,18311,271,7531
120,17,129,0605,81,18311,271,7531
120,17,129,0605,81,18311,271,7531
120,17,129,0605,81,18311,271,7531
120,17,129,0605,81,18311,271,7531
120,17,129,0605,81,18311,271,7531
120,17,129,0605,81,18311,271,7531
120,17,129,0605,81,18311,271,7531
120,17,129,0605,81,18311,271,7531
120,17,129,0605,81,18311,271,7531
120,17,129,0605,81,18311,271,7531
120,17,129,0605,81,18311,271,7531
120,17,129,0605,81,18311,271,7531
120,17,129,0605,81,18311,271,7531
120,17,129,0605,81,18311,271,7531
120,17,129,0605,81,18311,271,7531
120,17,129,0605,81,18311,271,7531
120,17,129,0605,81,18311,271,7531
120,17,129,0605,81,18311,271,7531
120,17,129,0605,81,18311,271,7531
120,17,129,0605,81,18311,271,7531
120,17,129,0605,81,18311,271,7531
120,17,129,0605,81,18311,271,7531
120,17,129,0605,81,18311,271,7531
120,17,129,0605,81,18311,271,7531
120,17,129,0605,81,18311,271,7531
120,17,129,0605,81,18311,271,7531
120,17,129,0605,81,18311,271,7531
120,17,129,0605,81,18311,271,7531
120,17,129,0605,81,18311,271,7531
120,17,129,0605,81,18311,271,7531
120,17,129,0605,81,18311,271,7531
120,17,129,0605,81,18311,271,7531
120,17,129,0605,81,18311,271,7531
120,17,129,0605,81,18311,271,7531
120,17,129,0605,81,18311,271,7531
120,17,129,0605,81,18311,271,7531
120,17,129,0605,81,18311,271,7531
120,17,129,0605,81,18311,271,7531
120,17,129,0605,81,18311,271,7531
120,17,129,0605,81,18311,271,7531
120,17,129,0605,81,18311,271,7531
120,17,129,0605,81,18311,271,7531
120,17,129,0605,81,18311,271,7531
120,17,129,0605,81,18311,271,7531
120,17,129,0605,81,18311,271,7531
120,17,129,0605,81,18311,271,7531
120,17,129,0605,81,18311,271,7531
120,17,129,0605,81,18311,271,7531
120,17,129,0605,81,18311,271,7531
120,17,129,0605,81,18311,271,7531
120,17,129,0605,81,18311,271,7531
120,17,129,0605,81,18311,271,7531
120,17,129,0605,81,18311,271,7531
120,17,129,0605,81,18311,271,7531
120,17,129,0605,81,18311,271,7531
120,17,129,0605,81,18311,271,7531
120,17,129,0605,81,18311,271,7531
120,17,129,0605,81,18311,271,7531
120,17,129,0605,81,18311,271,7531
120,17,129,0605,81,18311,271,7531
120,17,129,0605,81,18311,271,7531
120,17,129,0605,81,18311,271,7531
120,17,129,0605,81,18311,271,7531
120,17,129,0605,81,18311,271,7531
120,17,129,0605,81,18311,271,7531
120,17,129,0605,81,18311,271,7531
120,17,129,0605,81,18311,271,7531
120,17,129,0605,81,18311,271,7531
120,17,129,0605,81,18311,271,7531
120,17,129,0605,81,18311,271,7531
120,17,129,0605,81,18311,271,7531
120,17,129,0605,81,18311,271,7531
120,17,129,0605,81,18311,271,7531
120,17,129,0605,81,18311,271,7531
120,17,129,0605,81,18311,271,7531
120,17,129,0605,81,18311,271,7531
120,17,129,0605,81,18311,271,7531
120,17,129,0605,81,18311,271,7531
120,17,129,0605,81,18311,271,7531
120,17,129,0605,81,18311,271,7531
120,17,129,0605,81,18311,271,7531
120,17,129,0605,81,18311,271,7531
120,17,129,0605,81,18311,271,7531
120,17,129,0605,81,18311,271,7531
120,17,129,0605,81,18311,271,7531
120,17,129,0605,81,18311,271,7531
120,17,129,0605,81,18311,271,7531
120,17,129,0605,81,18311,271,7531
120,17,129,0605,81,18311,271,7531
120,17,129,0605,81,18311,271,7531
120,17,129,0605,81,18311,271,7531
120,17,129,0605,81,18311,271,7531
120,17,129,0605,81,18311,271,7531
120,17,129,0605,81,18311,271,7531
120,17,129,0605,81,18311,271,7531
120,17,129,0605,81,18311,271,7531
120,17,129,0605,81,18311,271,7531
120,17,129,0605,81,18311,271,7531
120,17,129,0605,81,18311,271,7531
120,17,129,0605,81,18311,271,7531
120,17,129,0605,81,18311,271,7531
120,17,129,0605,81,18311,271,7531
120,17,129,0605,81,18311,271,7531
120,17,129,0605,81,18311,271,7531
120,17,129,0605,81,18311,271,7531
120,17,129,0605,81,18311,271,7531
120,17,129,0605,81,18311,271,7531
120,17,129,0605,81,18311,271,7531
120,17,129,0605,81,18311,271,7531
120,17,129,0605,81,18311,271,7531
120,17,129,0605,81,18311,271,7531
120,17,129,0605,81,18311,271,7531
120,17,129,0605,81,18311,271,7531
120,17,129,0605,81,18311,271,7531
120,17,129,0605,81,18311,271,7531
120,17,129,0605,81,18311,271,7531
120,17,129,0605,81,18311,271,7531
120,17,129,0605,81,18311,271,7531
120,17,129,0605,81,18311,271,7531
120,17,129,0605,81,18311,271,7531
120,17,129,0605,81,18311,271,7531
120,17,129,0605,81,18311,271,7531
120,17,129,0605,81,18311,271,7531
120,17,129,0605,81,18311,271,7531
120,17,129,0605,81,18311,271,7531
120,17,129,0605,81,18311,271,7531
120,17,129,0605,81,18311,271,7531
120,17,129,0605,81,18311,271,7531
120,17,129,0605,81,18311,271,7531
120,17,129,0605,81,18311,271,7531
120,17,129,0605,81,18311,271,7531
120,17,129,0605,81,18311,271,7531
120,17,129,0605,81,18311,271,7531
120,17,129,0605,81,18311,271,7531
120,17,129,0605,81,18311,271,7531
120,17,129,0605,81,18311,271,7531
120,17,129,0605,81,18311,271,7531
120,17,129,0605,81,18311,271,7531
120,17,129,0605,81,18311,271,7531
120,17,129,0605,81,18311,271,7531
120,17,129,0605,81,18311,271,7531
120,17,129,0605,81,18311,271,7531
120,17,129,0605,81,18311,271,7531
120,17,129,0605,81,18311,271,7531
120,17,129,0605,81,18311,271,7531
120,17,129,0605,81,18311,271,7531
120,17,129,0605,81,18311,271,7531
120,17,129,0605,81,18311,271,7531
120,17,129,0605,81,18311,271