Time,RSteps,X,Y,Z
120,0,309,397,85,86719,232,3451
120,0,309,397,85,86719,232,3451
120,0,309,397,85,86719,232,3451
120,0,309,397,85,86719,232,3451
120,0,309,397,85,86719,232,3451
120,0,309,397,85,86719,232,3451
120,0,309,397,85,86719,232,3451
120,0,309,397,85,86719,232,3451
120,0,309,397,85,86719,232,3451
120,0,309,397,85,86719,232,3451
120,0,309,397,85,86719,232,3451
120,0,309,397,85,86719,232,3451
120,0,309,397,85,86719,232,3451
120,0,309,397,85,86719,232,3451
120,0,309,397,85,86719,232,3451
120,0,309,397,85,86719,232,3451
120,0,309,397,85,86719,232,3451
120,0,309,397,85,86719,232,3451
120,0,309,397,85,86719,232,3451
120,0,309,397,85,86719,232,3451
120,0,309,397,85,86719,232,3451
120,0,309,397,85,86719,232,3451
120,0,309,397,85,86719,232,3451
120,0,309,397,85,86719,232,3451
120,0,309,397,85,86719,232,3451
120,0,309,397,85,86719,232,3451
120,0,309,397,85,86719,232,3451
120,0,309,397,85,86719,232,3451
120,0,309,397,85,86719,232,3451
120,0,309,397,85,86719,232,3451
120,0,309,397,85,86719,232,3451
120,0,309,397,85,86719,232,3451
120,0,309,397,85,86719,232,3451
120,0,309,397,85,86719,232,3451
120,0,309,397,85,86719,232,3451
120,0,309,397,85,86719,232,3451
120,0,309,397,85,86719,232,3451
120,0,309,397,85,86719,232,3451
120,0,309,397,85,86719,232,3451
120,0,309,397,85,86719,232,3451
120,0,309,397,85,86719,232,3451
120,0,309,397,85,86719,232,3451
120,0,309,397,85,86719,232,3451
120,0,309,397,85,86719,232,3451
120,0,309,397,85,86719,232,3451
120,0,309,397,85,86719,232,3451
120,0,309,397,85,86719,232,3451
120,0,309,397,85,86719,232,3451
120,0,309,397,85,86719,232,3451
120,0,309,397,85,86719,232,3451
120,0,309,397,85,86719,232,3451
120,0,309,397,85,86719,232,3451
120,0,309,397,85,86719,232,3451
120,0,309,397,85,86719,232,3451
120,0,309,397,85,86719,232,3451
120,0,309,397,85,86719,232,3451
120,0,309,397,85,86719,232,3451
120,0,309,397,85,86719,232,3451
120,0,309,397,85,86719,232,3451
120,0,309,397,85,86719,232,3451
120,0,309,397,85,86719,232,3451
120,0,309,397,85,86719,232,3451
120,0,308,5835,86,00391,233,7239
120,0,308,5835,86,00391,233,7239
120,0,307,8572,86,12598,234,9548
120,0,307,8572,86,12598,234,9548
120,0,307,1355,86,24756,236,1782
120,0,307,1355,86,24756,236,1782
120,0,306,3853,86,37354,237,4495
120,0,306,3853,86,37354,237,4495
120,0,306,3853,86,37354,237,4495
120,0,305,3701,86,54443,239,1702
120,0,305,3701,86,54443,239,1702
120,0,304,231,86,73584,241,1007
120,0,304,231,86,73584,241,1007
120,0,304,231,86,73584,241,1007
120,0,303,3333,86,88721,242,6223
120,0,303,3333,86,88721,242,6223
120,0,302,4507,87,03564,244,1182
120,0,302,4507,87,03564,244,1182
120,0,301,5181,87,19238,245,6986
120,0,301,5181,87,19238,245,6986
120,0,300,6289,87,3418,247,2058
120,0,300,6289,87,3418,247,2058
120,0,299,7488,87,48975,248,6975
120,0,299,7488,87,48975,248,6975
120,0,298,8542,87,64063,250,2139
120,0,298,8542,87,64063,250,2139
120,0,298,8542,87,64063,250,2139
120,0,298,0066,87,78271,251,65
120,0,298,0066,87,78271,251,65
120,0,297,0554,87,94287,253,2626
120,0,297,0554,87,94287,253,2626
120,0,296,2151,88,08447,254,6868
120,0,296,2151,88,08447,254,6868
120,0,295,4121,88,21924,256,0477
120,0,295,4121,88,21924,256,0477
120,0,294,5527,88,36377,257,5039
120,0,294,5527,88,36377,257,5039
120,0,293,6484,88,51611,259,0367
120,0,293,6484,88,51611,259,0367
120,0,293,6484,88,51611,259,0367
120,0,293,1599,88,59814,259,8647
120,0,293,1599,88,59814,259,8647
120,0,293,1599,88,59814,259,8647
120,0,293,1599,88,59814,259,8647
120,0,293,1599,88,59814,259,8647
120,0,293,1599,88,59814,259,8647
120,0,293,1599,88,59814,259,8647
120,0,293,1599,88,59814,259,8647
120,0,293,1599,88,59814,259,8647
120,0,293,1599,88,59814,259,8647
120,0,307,2651,86,22559,235,9581
120,0,307,1367,86,24756,236,176
120,1,307,1367,86,24756,236,176
120,1,307,0637,86,25977,236,2996
120,1,307,0637,86,25977,236,2996
120,1,306,9915,86,27197,236,4222
120,1,306,9236,86,2832,236,5371
120,1,306,9236,86,2832,236,5371
120,1,306,854,86,29492,236,6549
120,1,306,7922,86,30518,236,7598
120,1,306,7922,86,30518,236,7598
120,1,306,7268,86,31641,236,8706
120,1,306,7268,86,31641,236,8706
120,1,306,6672,86,32617,236,9717
120,1,306,562,86,34424,237,15
120,1,306,562,86,34424,237,15
120,1,306,5029,86,354,237,25
120,1,306,5029,86,354,237,25
120,1,306,4377,86,36475,237,3607
120,1,306,3701,86,37646,237,4753
120,1,306,3701,86,37646,237,4753
120,1,306,3018,86,3877,237,5909
120,1,306,2437,86,39746,237,6895
120,1,306,2437,86,39746,237,6895
120,1,306,1755,86,40918,237,8052
120,1,306,1055,86,4209,237,9236
120,1,306,1055,86,4209,237,9236
120,1,306,0396,86,43164,238,0355
120,1,305,9761,86,44238,238,1432
120,1,305,9761,86,44238,238,1432
120,1,305,9111,86,45361,238,2531
120,1,305,9111,86,45361,238,2531
120,1,305,8484,86,46387,238,3594
120,1,305,7754,86,47607,238,4832
120,1,305,7754,86,47607,238,4832
120,1,305,7104,86,4873,238,5931
120,1,305,6472,86,49805,238,7003
120,1,305,6472,86,49805,238,7003
120,1,305,5835,86,50879,238,8086
120,1,305,52,86,51904,238,916
120,1,305,52,86,51904,238,916
120,1,305,4553,86,53027,239,0258
120,1,305,396,86,54004,239,1262
120,1,305,396,86,54004,239,1262
120,1,305,334,86,55078,239,2314
120,1,305,2664,86,56201,239,3457
120,1,305,2664,86,56201,239,3457
120,1,305,2053,86,57227,239,4493
120,1,305,2053,86,57227,239,4493
120,1,305,1179,86,58691,239,5975
120,1,305,1179,86,58691,239,5975
120,1,305,0269,86,60205,239,7517
120,1,305,0269,86,60205,239,7517
120,1,304,9377,86,61719,239,903
120,1,304,9377,86,61719,239,903
120,1,304,9377,86,61719,239,903
120,1,304,8464,86,63232,240,0576
120,1,304,8464,86,63232,240,0576
120,1,304,7517,86,64844,240,2183
120,1,304,7517,86,64844,240,2183
120,1,304,6631,86,66357,240,3683
120,1,304,6631,86,66357,240,3683
120,1,304,5701,86,6792,240,526
120,1,304,5701,86,6792,240,526
120,1,304,479,86,69434,240,6803
120,1,304,479,86,69434,240,6803
120,1,304,3926,86,70898,240,8269
120,1,304,3926,86,70898,240,8269
120,1,304,2957,86,7251,240,9911
120,1,304,2957,86,7251,240,9911
120,1,304,2085,86,73975,241,1389
120,1,304,2085,86,73975,241,1389
120,1,304,123,86,75439,241,2836
120,1,304,123,86,75439,241,2836
120,1,304,0388,86,76855,241,4266
120,1,304,0388,86,76855,241,4266
120,1,304,0388,86,76855,241,4266
120,1,303,9534,86,78271,241,5713
120,1,303,9534,86,78271,241,5713
120,1,303,8545,86,79932,241,7388
120,1,303,8545,86,79932,241,7388
120,1,303,7644,86,81445,241,8915
120,1,303,7644,86,81445,241,8915
120,1,303,6709,86,83008,242,05
120,1,303,6709,86,83008,242,05
120,1,303,5833,86,84521,242,1987
120,1,303,5833,86,84521,242,1987
120,1,303,5,86,85889,242,3397
120,1,303,5,86,85889,242,3397
120,1,303,4185,86,87256,242,4778
120,1,303,4185,86,87256,242,4778
120,1,303,3372,86,88623,242,6156
120,1,303,3372,86,88623,242,6156
120,1,303,2493,86,90137,242,7648
120,1,303,2493,86,90137,242,7648
120,1,303,1638,86,91553,242,9094
120,1,303,1638,86,91553,242,9094
120,1,303,075,86,93066,243,0601
120,1,303,075,86,93066,243,0601
120,1,302,9885,86,94482,243,2067
120,1,302,9885,86,94482,243,2067
120,1,302,8994,86,95996,243,3574
120,1,302,8994,86,95996,243,3574
120,1,302,8157,86,97412,243,4994
120,1,302,8157,86,97412,243,4994
120,1,302,8157,86,97412,243,4994
120,1,302,7202,86,99023,243,6614
120,1,302,7202,86,99023,243,6614
120,1,302,6292,87,00537,243,8159
120,1,302,6292,87,00537,243,8159
120,1,302,5388,87,02051,243,9686
120,1,302,5388,87,02051,243,9686
120,1,302,4519,87,03516,244,116
120,1,302,3755,87,04834,244,2456
120,1,302,3755,87,04834,244,2456
120,1,302,2957,87,06152,244,3809
120,1,302,2957,87,06152,244,3809
120,1,302,2151,87,0752,244,5173
120,1,302,2151,87,0752,244,5173
120,1,302,2151,87,0752,244,5173
120,1,302,1321,87,08887,244,6582
120,1,302,0364,87,10498,244,8202
120,1,302,0364,87,10498,244,8202
120,1,302,0364,87,10498,244,8202
120,1,301,9539,87,11914,244,9603
120,1,301,9539,87,11914,244,9603
120,1,301,8601,87,13477,245,1189
120,1,301,8601,87,13477,245,1189
120,1,301,7693,87,1499,245,2732
120,1,301,7693,87,1499,245,2732
120,1,301,688,87,16357,245,4106
120,1,301,688,87,16357,245,4106
120,1,301,5969,87,1792,245,5652
120,1,301,5969,87,1792,245,5652
120,2,301,5149,87,19287,245,7043
120,2,301,4377,87,20605,245,8351
120,2,301,4377,87,20605,245,8351
120,2,301,3618,87,21875,245,9635
120,2,301,3618,87,21875,245,9635
120,2,301,2837,87,23193,246,0959
120,2,301,2837,87,23193,246,0959
120,2,301,1995,87,24609,246,2385
120,2,301,1995,87,24609,246,2385
120,2,301,1184,87,25977,246,3761
120,2,301,1184,87,25977,246,3761
120,2,301,0352,87,27344,246,5173
120,2,301,0352,87,27344,246,5173
120,2,300,9502,87,28809,246,6611
120,2,300,9502,87,28809,246,6611
120,2,300,863,87,30273,246,8088
120,2,300,863,87,30273,246,8088
120,2,300,7708,87,31787,246,9653
120,2,300,7708,87,31787,246,9653
120,2,300,6887,87,33203,247,1042
120,2,300,6887,87,33203,247,1042
120,2,300,6099,87,34521,247,2383
120,2,300,6099,87,34521,247,2383
120,2,300,5271,87,35889,247,3784
120,2,300,5271,87,35889,247,3784
120,2,300,4434,87,37305,247,5203
120,2,300,4434,87,37305,247,5203
120,2,300,3608,87,38721,247,6603
120,2,300,3608,87,38721,247,6603
120,2,300,28,87,40039,247,797
120,2,300,28,87,40039,247,797
120,2,300,2014,87,41406,247,9304
120,2,300,1167,87,42822,248,074
120,2,300,1167,87,42822,248,074
120,2,300,0396,87,44092,248,2046
120,2,300,0396,87,44092,248,2046
120,2,299,9575,87,45508,248,3438
120,2,299,9575,87,45508,248,3438
120,2,299,873,87,46924,248,4868
120,2,299,873,87,46924,248,4868
120,2,299,7871,87,4834,248,6326
120,2,299,7871,87,4834,248,6326
120,2,299,7083,87,49658,248,7662
120,2,299,7083,87,49658,248,7662
120,2,299,6182,87,51172,248,9189
120,2,299,6182,87,51172,248,9189
120,2,299,5388,87,52539,249,0536
120,2,299,5388,87,52539,249,0536
120,2,299,4534,87,53955,249,198
120,2,299,4534,87,53955,249,198
120,2,299,3723,87,55322,249,3354
120,2,299,3723,87,55322,249,3354
120,2,299,2898,87,56738,249,4753
120,2,299,2898,87,56738,249,4753
120,2,299,2056,87,58154,249,6183
120,2,299,2056,87,58154,249,6183
120,2,299,1143,87,59668,249,7728
120,2,299,1143,87,59668,249,7728
120,2,299,0288,87,61084,249,9176
120,2,299,0288,87,61084,249,9176
120,2,298,9524,87,62402,250,0474
120,2,298,9524,87,62402,250,0474
120,2,298,8772,87,63672,250,1747
120,2,298,8772,87,63672,250,1747
120,2,298,7913,87,65088,250,3203
120,2,298,7913,87,65088,250,3203
120,2,298,7085,87,66504,250,4606
120,2,298,7085,87,66504,250,4606
120,2,298,6172,87,68018,250,6152
120,2,298,6172,87,68018,250,6152
120,2,298,5339,87,69434,250,7566
120,2,298,5339,87,69434,250,7566
120,2,298,4524,87,70801,250,8948
120,2,298,4524,87,70801,250,8948
120,2,298,3687,87,72217,251,0366
120,2,298,3687,87,72217,251,0366
120,2,298,2878,87,73584,251,1736
120,2,298,2878,87,73584,251,1736
120,2,298,2,87,75049,251,3224
120,2,298,2,87,75049,251,3224
120,2,298,1199,87,76367,251,4583
120,2,298,0356,87,77832,251,6012
120,2,298,0356,87,77832,251,6012
120,2,297,9595,87,79102,251,7302
120,2,297,9595,87,79102,251,7302
120,2,297,9595,87,79102,251,7302
120,2,297,8745,87,80518,251,8743
120,2,297,7837,87,82031,252,0282
120,2,297,7837,87,82031,252,0282
120,2,297,7058,87,8335,252,1602
120,2,297,7058,87,8335,252,1602
120,2,297,7058,87,8335,252,1602
120,2,297,6167,87,84863,252,311
120,2,297,6167,87,84863,252,311
120,2,297,5261,87,86377,252,4645
120,2,297,5261,87,86377,252,4645
120,2,297,4336,87,87939,252,6216
120,2,297,4336,87,87939,252,6216
120,2,297,3459,87,89404,252,77
120,2,297,3459,87,89404,252,77
120,2,297,2649,87,90771,252,9071
120,2,297,2649,87,90771,252,9071
120,2,297,1545,87,92627,253,0946
120,2,297,1545,87,92627,253,0946
120,2,297,0625,87,94189,253,2502
120,2,297,0625,87,94189,253,2502
120,2,297,0625,87,94189,253,2502
120,2,296,9788,87,95605,253,3923
120,2,296,8879,87,97119,253,5461
120,2,296,8879,87,97119,253,5461
120,2,296,8071,87,98486,253,6831
120,2,296,8071,87,98486,253,6831
120,2,296,7297,87,99756,253,8142
120,2,296,7297,87,99756,253,8142
120,2,296,6514,88,01074,253,9473
120,2,296,6514,88,01074,253,9473
120,2,296,5742,88,02393,254,0781
120,2,296,5742,88,02393,254,0781
120,2,296,4922,88,0376,254,217
120,2,296,4922,88,0376,254,217
120,2,296,4158,88,05029,254,3463
120,2,296,3372,88,06396,254,4796
120,2,296,3372,88,06396,254,4796
120,2,296,2561,88,07764,254,6173
120,2,296,2561,88,07764,254,6173
120,2,296,179,88,09033,254,7479
120,2,296,179,88,09033,254,7479
120,2,296,1035,88,10303,254,8756
120,2,296,1035,88,10303,254,8756
120,2,296,031,88,11523,254,9987
120,2,295,9453,88,12988,255,1439
120,2,295,9453,88,12988,255,1439
120,2,295,8755,88,1416,255,2622
120,2,295,8755,88,1416,255,2622
120,2,295,8018,88,15381,255,387
120,2,295,8018,88,15381,255,387
120,2,295,7288,88,16602,255,511
120,2,295,7288,88,16602,255,511
120,2,295,6418,88,18066,255,6582
120,2,295,6418,88,18066,255,6582
120,2,295,5645,88,19385,255,7896
120,2,295,5645,88,19385,255,7896
120,2,295,4849,88,20703,255,9244
120,2,295,4849,88,20703,255,9244
120,2,295,3989,88,22168,256,0698
120,2,295,3108,88,23633,256,2191
120,2,295,3108,88,23633,256,2191
120,2,295,2334,88,24951,256,3505
120,2,295,2334,88,24951,256,3505
120,2,295,1492,88,26367,256,4934
120,2,295,1492,88,26367,256,4934
120,2,295,0664,88,27734,256,6337
120,2,295,0664,88,27734,256,6337
120,2,294,9854,88,29102,256,7708
120,2,294,9854,88,29102,256,7708
120,2,294,9048,88,30469,256,9072
120,2,294,9048,88,30469,256,9072
120,2,294,8198,88,31885,257,0515
120,2,294,8198,88,31885,257,0515
120,2,294,7375,88,33301,257,191
120,2,294,7375,88,33301,257,191
120,2,294,655,88,34668,257,3306
120,2,294,655,88,34668,257,3306
120,2,294,5759,88,35986,257,4646
120,2,294,5759,88,35986,257,4646
120,2,294,4958,88,37354,257,6005
120,2,294,4958,88,37354,257,6005
120,2,294,4141,88,38721,257,7391
120,2,294,3325,88,40088,257,8773
120,2,294,3325,88,40088,257,8773
120,2,294,2566,88,41357,258,006
120,2,294,2566,88,41357,258,006
120,2,294,1785,88,42676,258,1385
120,2,294,1785,88,42676,258,1385
120,2,294,094,88,44092,258,2817
120,2,294,094,88,44092,258,2817
120,2,294,0081,88,45557,258,4272
120,2,294,0081,88,45557,258,4272
120,2,293,9258,88,46924,258,5667
120,2,293,9258,88,46924,258,5667
120,2,293,8486,88,48242,258,6974
120,2,293,8486,88,48242,258,6974
120,2,293,7661,88,49609,258,8373
120,2,293,7661,88,49609,258,8373
120,2,293,6792,88,51074,258,9846
120,2,293,6792,88,51074,258,9846
120,2,293,5959,88,5249,259,126
120,2,293,5959,88,5249,259,126
120,2,293,5176,88,53809,259,2585
120,2,293,438,88,55127,259,3934
120,2,293,438,88,55127,259,3934
120,2,293,3618,88,56396,259,5225
120,2,293,3618,88,56396,259,5225
120,2,293,2793,88,57813,259,6625
120,2,293,2793,88,57813,259,6625
120,2,293,2014,88,59131,259,7944
120,2,293,2014,88,59131,259,7944
120,2,293,1599,88,59814,259,8647
120,2,293,1599,88,59814,259,8647
120,2,293,0032,88,6001,259,8398
120,2,293,0032,88,6001,259,8398
120,2,292,8479,88,60156,259,8151
120,2,292,8479,88,60156,259,8151
120,2,292,6794,88,60352,259,7882
120,2,292,6794,88,60352,259,7882
120,2,292,5276,88,60547,259,764
120,2,292,3745,88,60693,259,7397
120,2,292,3745,88,60693,259,7397
120,2,292,2219,88,60889,259,7153
120,2,292,2219,88,60889,259,7153
120,2,292,0574,88,61035,259,6892
120,2,292,0574,88,61035,259,6892
120,2,292,0574,88,61035,259,6892
120,2,291,9009,88,6123,259,6643
120,2,291,9009,88,6123,259,6643
120,2,291,6912,88,61475,259,6309
120,2,291,6912,88,61475,259,6309
120,2,291,5144,88,6167,259,6028
120,2,291,5144,88,6167,259,6028
120,2,291,3298,88,61865,259,5734
120,2,291,3298,88,61865,259,5734
120,2,291,1755,88,62061,259,5488
120,2,291,1755,88,62061,259,5488
120,2,291,0083,88,62256,259,5222
120,2,291,0083,88,62256,259,5222
120,2,290,8381,88,62451,259,4951
120,2,290,8381,88,62451,259,4951
120,2,290,6885,88,62598,259,4713
120,2,290,6885,88,62598,259,4713
120,2,290,5085,88,62793,259,4426
120,2,290,5085,88,62793,259,4426
120,2,290,3533,88,62988,259,418
120,2,290,3533,88,62988,259,418
120,2,290,199,88,63135,259,3933
120,2,290,199,88,63135,259,3933
120,2,290,031,88,6333,259,3666
120,2,290,031,88,6333,259,3666
120,2,289,8628,88,63525,259,3398
120,2,289,8628,88,63525,259,3398
120,2,289,7009,88,63721,259,314
120,2,289,55,88,63867,259,29
120,2,289,55,88,63867,259,29
120,2,289,3967,88,64063,259,2656
120,2,289,3967,88,64063,259,2656
120,2,289,2424,88,64209,259,241
120,2,289,2424,88,64209,259,241
120,2,289,0735,88,64404,259,2141
120,2,289,0735,88,64404,259,2141
120,2,288,9097,88,646,259,188
120,2,288,9097,88,646,259,188
120,2,288,7468,88,64795,259,1621
120,2,288,7468,88,64795,259,1621
120,2,288,5898,88,64941,259,1371
120,2,288,5898,88,64941,259,1371
120,2,288,5183,88,65039,259,1257
120,2,288,5183,88,65039,259,1257
120,2,288,5183,88,65039,259,1257
120,2,288,5183,88,65039,259,1257
120,2,288,5183,88,65039,259,1257
120,2,288,5183,88,65039,259,1257
120,2,288,5183,88,65039,259,1257
120,2,288,5183,88,65039,259,1257
120,2,288,5183,88,65039,259,1257
120,2,288,5183,88,65039,259,1257
120,2,288,5183,88,65039,259,1257
120,2,288,5183,88,65039,259,1257
120,2,288,5183,88,65039,259,1257
120,2,288,5183,88,65039,259,1257
120,2,288,5183,88,65039,259,1257
120,2,288,5183,88,65039,259,1257
120,2,288,5183,88,65039,259,1257
120,2,288,5183,88,65039,259,1257
120,2,288,5183,88,65039,259,1257
120,2,288,5183,88,65039,259,1257
120,2,288,5183,88,65039,259,1257
120,2,288,5183,88,65039,259,1257
120,2,288,5183,88,65039,259,1257
120,2,288,5183,88,65039,259,1257
120,2,288,5183,88,65039,259,1257
120,2,288,5183,88,65039,259,1257
120,2,288,5183,88,65039,259,1257
120,2,288,5183,88,65039,259,1257
120,2,288,5183,88,65039,259,1257
120,2,288,5183,88,65039,259,1257
120,2,288,5183,88,65039,259,1257
120,2,288,5183,88,65039,259,1257
120,2,288,5183,88,65039,259,1257
120,2,288,5183,88,65039,259,1257
120,2,288,5183,88,65039,259,1257
120,2,288,5183,88,65039,259,1257
120,2,288,5183,88,65039,259,1257
120,2,288,5183,88,65039,259,1257
120,2,288,5183,88,65039,259,1257
120,2,288,5183,88,65039,259,1257
120,2,288,5183,88,65039,259,1257
120,2,288,5183,88,65039,259,1257
120,2,288,5183,88,65039,259,1257
120,2,288,5183,88,65039,259,1257
120,2,288,5183,88,65039,259,1257
120,2,288,5183,88,65039,259,1257
120,2,288,5183,88,65039,259,1257
120,2,288,5183,88,65039,259,1257
120,2,288,5183,88,65039,259,1257
120,2,288,5183,88,65039,259,1257
120,2,288,5183,88,65039,259,1257
120,2,288,5183,88,65039,259,1257
120,2,288,5183,88,65039,259,1257
120,2,288,5183,88,65039,259,1257
120,2,288,5183,88,65039,259,1257
120,2,288,5183,88,65039,259,1257
120,2,288,5183,88,65039,259,1257
120,2,288,5183,88,65039,259,1257
120,2,288,5183,88,65039,259,1257
120,2,288,5183,88,65039,259,1257
120,2,288,5183,88,65039,259,1257
120,2,288,5183,88,65039,259,1257
120,2,288,5183,88,65039,259,1257
120,2,288,5183,88,65039,259,1257
120,2,288,5183,88,65039,259,1257
120,2,288,5183,88,65039,259,1257
120,2,288,5183,88,65039,259,1257
120,2,288,5183,88,65039,259,1257
120,2,288,5183,88,65039,259,1257
120,2,288,5183,88,65039,259,1257
120,2,288,5183,88,65039,259,1257
120,2,288,5183,88,65039,259,1257
120,2,288,5183,88,65039,259,1257
120,2,288,5183,88,65039,259,1257
120,2,288,5183,88,65039,259,1257
120,2,288,5183,88,65039,259,1257
120,2,288,5183,88,65039,259,1257
120,2,288,5183,88,65039,259,1257
120,2,288,5183,88,65039,259,1257
120,2,288,5183,88,65039,259,1257
120,2,288,5183,88,65039,259,1257
120,2,288,5183,88,65039,259,1257
120,2,288,5183,88,65039,259,1257
120,2,288,5183,88,65039,259,1257
120,2,288,5183,88,65039,259,1257
120,2,288,5183,88,65039,259,1257
120,2,288,5183,88,65039,259,1257
120,2,288,5183,88,65039,259,1257
120,2,288,5183,88,65039,259,1257
120,2,288,5183,88,65039,259,1257
120,2,288,5183,88,65039,259,1257
120,2,288,5183,88,65039,259,1257
120,2,288,5183,88,65039,259,1257
120,2,288,5183,88,65039,259,1257
120,2,288,5183,88,65039,259,1257
120,2,288,5183,88,65039,259,1257
120,2,288,5183,88,65039,259,1257
120,2,288,5183,88,65039,259,1257
120,2,288,5183,88,65039,259,1257
120,2,288,5183,88,65039,259,1257
120,2,288,5183,88,65039,259,1257
120,2,288,5183,88,65039,259,1257
120,2,288,5183,88,65039,259,1257
120,2,288,5183,88,65039,259,1257
120,2,288,5183,88,65039,259,1257
120,2,288,5183,88,65039,259,1257
120,2,288,5183,88,65039,259,1257
120,2,288,5183,88,65039,259,1257
120,2,288,5183,88,65039,259,1257
120,2,288,5183,88,65039,259,1257
120,2,288,5183,88,65039,259,1257
120,2,288,5183,88,65039,259,1257
120,2,288,5183,88,65039,259,1257
120,2,288,5183,88,65039,259,1257
120,2,288,5183,88,65039,259,1257
120,2,288,5183,88,65039,259,1257
120,2,288,5183,88,65039,259,1257
120,2,288,5183,88,65039,259,1257
120,2,288,5183,88,65039,259,1257
120,2,288,5183,88,65039,259,1257
120,2,288,5183,88,65039,259,1257
120,2,288,5183,88,65039,259,1257
120,2,288,5183,88,65039,259,1257
120,2,288,5183,88,65039,259,1257
120,2,288,5183,88,65039,259,1257
120,2,288,5183,88,65039,259,1257
120,2,288,5183,88,65039,259,1257
120,2,288,5183,88,65039,259,1257
120,2,288,5183,88,65039,259,1257
120,2,288,5183,88,65039,259,1257
120,2,288,5183,88,65039,259,1257
120,2,288,5183,88,65039,259,1257
120,2,288,5183,88,65039,259,1257
120,2,288,5183,88,65039,259,1257
120,2,288,5183,88,65039,259,1257
120,2,288,5183,88,65039,259,1257
120,2,288,5183,88,65039,259,1257
120,2,288,5183,88,65039,259,1257
120,2,288,5183,88,65039,259,1257
120,2,288,5183,88,65039,259,1257
120,2,288,5183,88,65039,259,1257
120,2,288,5183,88,65039,259,1257
120,2,288,5183,88,65039,259,1257
120,2,288,5183,88,65039,259,1257
120,2,288,5183,88,65039,259,1257
120,2,288,5183,88,65039,259,1257
120,2,288,5183,88,65039,259,1257
120,2,288,5183,88,65039,259,1257
120,2,288,5183,88,65039,259,1257
120,2,288,5183,88,65039,259,1257
120,2,288,5183,88,65039,259,1257
120,2,288,5183,88,65039,259,1257
120,2,288,5183,88,65039,259,1257
120,2,288,5183,88,65039,259,1257
120,2,288,5183,88,65039,259,1257
120,2,288,5183,88,65039,259,1257
120,2,288,5183,88,65039,259,1257
120,2,288,5183,88,65039,259,1257
120,2,288,5183,88,65039,259,1257
120,2,288,5183,88,65039,259,1257
120,2,288,5183,88,65039,259,1257
120,2,288,5183,88,65039,259,1257
120,2,288,5183,88,65039,259,1257
120,2,288,5183,88,65039,259,1257
120,2,288,5183,88,65039,259,1257
120,2,288,5183,88,65039,259,1257
120,2,288,5183,88,65039,259,1257
120,2,288,5183,88,65039,259,1257
120,2,288,5183,88,65039,259,1257
120,2,288,5183,88,65039,259,1257
120,2,288,5183,88,65039,259,1257
120,2,288,5183,88,65039,259,1257
120,2,288,5183,88,65039,259,1257
120,2,288,5183,88,65039,259,1257
120,2,288,5183,88,65039,259,1257
120,2,288,5183,88,65039,259,1257
120,3,288,5183,88,65039,259,1257
120,3,288,5183,88,65039,259,1257
120,3,288,5183,88,65039,259,1257
120,3,288,5183,88,65039,259,1257
120,3,288,4106,88,65625,259,1171
120,3,288,4106,88,65625,259,1171
120,3,288,1731,88,66846,259,0979
120,3,288,1731,88,66846,259,0979
120,3,288,0227,88,67627,259,0858
120,3,288,0227,88,67627,259,0858
120,3,287,8704,88,68408,259,0736
120,3,287,8704,88,68408,259,0736
120,3,287,7158,88,69238,259,0612
120,3,287,5591,88,70068,259,0486
120,3,287,5591,88,70068,259,0486
120,3,287,4163,88,70801,259,0371
120,3,287,4163,88,70801,259,0371
120,3,287,2693,88,71582,259,0253
120,3,287,2693,88,71582,259,0253
120,3,287,114,88,72363,259,0127
120,3,287,114,88,72363,259,0127
120,3,286,968,88,73145,259,001
120,3,286,968,88,73145,259,001
120,3,286,8005,88,74023,258,9875
120,3,286,6494,88,74805,258,9753
120,3,286,6494,88,74805,258,9753
120,3,286,5039,88,75586,258,9636
120,3,286,5039,88,75586,258,9636
120,3,286,3662,88,7627,258,9526
120,3,286,3662,88,7627,258,9526
120,3,286,1921,88,77197,258,9386
120,3,286,1921,88,77197,258,9386
120,3,286,0417,88,77979,258,9265
120,3,285,8953,88,7876,258,9148
120,3,285,8953,88,7876,258,9148
120,3,285,7576,88,79443,258,9037
120,3,285,7576,88,79443,258,9037
120,3,285,5874,88,80371,258,8899
120,3,285,5874,88,80371,258,8899
120,3,285,4336,88,81152,258,8776
120,3,285,3013,88,81836,258,8669
120,3,285,3013,88,81836,258,8669
120,3,285,1531,88,82617,258,855
120,3,285,1531,88,82617,258,855
120,3,285,0173,88,8335,258,8441
120,3,285,0173,88,8335,258,8441
120,3,284,8733,88,84082,258,8325
120,3,284,8733,88,84082,258,8325
120,3,284,7188,88,84912,258,8201
120,3,284,5464,88,85791,258,8062
120,3,284,5464,88,85791,258,8062
120,3,284,3979,88,86572,258,7943
120,3,284,3979,88,86572,258,7943
120,3,284,2681,88,87256,258,7838
120,3,284,1252,88,87988,258,7723
120,3,284,1252,88,87988,258,7723
120,3,283,9854,88,88721,258,7611
120,3,283,9854,88,88721,258,7611
120,3,283,8413,88,89453,258,7495
120,3,283,7051,88,90186,258,7385
120,3,283,7051,88,90186,258,7385
120,3,283,6123,88,90674,258,7311
120,3,283,6123,88,90674,258,7311
120,3,283,4709,88,90576,258,715
120,3,283,4709,88,90576,258,715
120,3,283,3203,88,9043,258,6979
120,3,283,3203,88,9043,258,6979
120,3,283,1667,88,90283,258,6804
120,3,283,0186,88,90186,258,6636
120,3,283,0186,88,90186,258,6636
120,3,282,8591,88,90039,258,6454
120,3,282,8591,88,90039,258,6454
120,3,282,7065,88,89893,258,6279
120,3,282,7065,88,89893,258,6279
120,3,282,564,88,89795,258,6118
120,3,282,564,88,89795,258,6118
120,3,282,4094,88,89648,258,5942
120,3,282,4094,88,89648,258,5942
120,3,282,2427,88,89502,258,5752
120,3,282,0874,88,89404,258,5575
120,3,282,0874,88,89404,258,5575
120,3,281,948,88,89258,258,5416
120,3,281,948,88,89258,258,5416
120,3,281,7976,88,8916,258,5245
120,3,281,7976,88,8916,258,5245
120,3,281,6284,88,89014,258,5052
120,3,281,6284,88,89014,258,5052
120,3,281,488,88,88867,258,4893
120,3,281,3401,88,8877,258,4724
120,3,281,3401,88,8877,258,4724
120,3,281,1985,88,88623,258,4563
120,3,281,1985,88,88623,258,4563
120,3,281,0447,88,88525,258,4388
120,3,281,0447,88,88525,258,4388
120,3,280,8936,88,88379,258,4216
120,3,280,8936,88,88379,258,4216
120,3,280,7466,88,88232,258,4049
120,3,280,5996,88,88135,258,3882
120,3,280,5996,88,88135,258,3882
120,3,280,4587,88,87988,258,3722
120,3,280,4587,88,87988,258,3722
120,3,280,3162,88,87891,258,356
120,3,280,158,88,87744,258,3379
120,3,280,158,88,87744,258,3379
120,3,280,0332,88,87646,258,3237
120,3,280,0332,88,87646,258,3237
120,3,280,0332,88,87646,258,3237
120,3,280,0332,88,87646,258,3237
120,3,280,0332,88,87646,258,3237
120,3,280,0332,88,87646,258,3237
120,4,280,0332,88,87646,258,3237
120,4,280,0332,88,87646,258,3237
120,4,280,0332,88,87646,258,3237
120,4,279,9189,88,85254,258,3273
120,4,279,9189,88,85254,258,3273
120,4,279,8191,88,83154,258,3303
120,4,279,8191,88,83154,258,3303
120,4,279,6875,88,80371,258,3344
120,4,279,5471,88,77393,258,3386
120,4,279,5471,88,77393,258,3386
120,4,279,4045,88,74414,258,343
120,4,279,4045,88,74414,258,343
120,4,279,2629,88,71436,258,3474
120,4,279,2629,88,71436,258,3474
120,4,279,1177,88,68359,258,3518
120,4,279,1177,88,68359,258,3518
120,4,278,9792,88,6543,258,3561
120,4,278,8196,88,62109,258,361
120,4,278,8196,88,62109,258,361
120,4,278,6775,88,59082,258,3654
120,4,278,6775,88,59082,258,3654
120,4,278,5249,88,55908,258,37
120,4,278,5249,88,55908,258,37
120,4,278,3757,88,52734,258,3746
120,4,278,3757,88,52734,258,3746
120,4,278,2229,88,49512,258,3793
120,4,278,0825,88,46582,258,3835
120,4,278,0825,88,46582,258,3835
120,4,277,9363,88,43506,258,3881
120,4,277,9363,88,43506,258,3881
120,4,277,7786,88,40186,258,3929
120,4,277,7786,88,40186,258,3929
120,4,277,6289,88,37012,258,3975
120,4,277,6289,88,37012,258,3975
120,4,277,4736,88,3374,258,4022
120,4,277,4736,88,3374,258,4022
120,4,277,3313,88,30762,258,4066
120,4,277,1758,88,2749,258,4114
120,4,277,1758,88,2749,258,4114
120,4,277,0276,88,24365,258,416
120,4,277,0276,88,24365,258,416
120,4,276,8755,88,21143,258,4207
120,4,276,8755,88,21143,258,4207
120,4,276,7151,88,17773,258,4255
120,4,276,7151,88,17773,258,4255
120,4,276,5522,88,14355,258,4305
120,4,276,5522,88,14355,258,4305
120,4,276,3945,88,11035,258,4353
120,4,276,3945,88,11035,258,4353
120,4,276,2385,88,07764,258,4402
120,4,276,2385,88,07764,258,4402
120,4,276,0757,88,04297,258,4452
120,4,276,0757,88,04297,258,4452
120,4,275,9592,88,01855,258,4487
120,4,275,9592,88,01855,258,4487
120,4,275,9592,88,01855,258,4487
120,4,275,9592,88,01855,258,4487
120,4,275,9592,88,01855,258,4487
120,4,275,9592,88,01855,258,4487
120,4,275,9592,88,01855,258,4487
120,4,275,9592,88,01855,258,4487
120,4,275,9592,88,01855,258,4487
120,4,275,9592,88,01855,258,4487
120,4,275,9592,88,01855,258,4487
120,4,275,9592,88,01855,258,4487
120,4,275,9592,88,01855,258,4487
120,4,275,9592,88,01855,258,4487
120,4,275,9592,88,01855,258,4487
120,4,275,8457,88,00244,258,4918
120,4,275,8457,88,00244,258,4918
120,4,275,6941,87,98145,258,5493
120,4,275,6941,87,98145,258,5493
120,4,275,5479,87,96094,258,6047
120,4,275,5479,87,96094,258,6047
120,4,275,3938,87,93945,258,6632
120,4,275,3938,87,93945,258,6632
120,4,275,217,87,91455,258,7302
120,4,275,217,87,91455,258,7302
120,4,275,0618,87,89258,258,7891
120,4,275,0618,87,89258,258,7891
120,4,274,9185,87,87256,258,8435
120,4,274,9185,87,87256,258,8435
120,4,274,7683,87,85156,258,9004
120,4,274,7683,87,85156,258,9004
120,4,274,6123,87,82959,258,9596
120,4,274,6123,87,82959,258,9596
120,4,274,4434,87,80615,259,0237
120,4,274,4434,87,80615,259,0237
120,4,274,2834,87,78369,259,0844
120,4,274,2834,87,78369,259,0844
120,4,274,1306,87,76221,259,1423
120,4,274,1306,87,76221,259,1423
120,4,273,9792,87,74121,259,1997
120,4,273,9792,87,74121,259,1997
120,4,273,825,87,71924,259,2582
120,4,273,825,87,71924,259,2582
120,4,273,825,87,71924,259,2582
120,4,273,6602,87,69629,259,3208
120,4,273,6602,87,69629,259,3208
120,4,273,4915,87,67285,259,3848
120,4,273,4915,87,67285,259,3848
120,4,273,3425,87,65186,259,4412
120,4,273,189,87,63037,259,4995
120,4,273,189,87,63037,259,4995
120,4,273,189,87,63037,259,4995
120,4,273,0361,87,60889,259,5574
120,4,273,0361,87,60889,259,5574
120,4,272,8713,87,58545,259,62
120,4,272,8713,87,58545,259,62
120,4,272,7068,87,5625,259,6824
120,4,272,7068,87,5625,259,6824
120,4,272,5496,87,54053,259,7419
120,4,272,5496,87,54053,259,7419
120,4,272,3882,87,51807,259,8032
120,4,272,3882,87,51807,259,8032
120,4,272,219,87,49414,259,8673
120,4,272,219,87,49414,259,8673
120,4,272,0566,87,47168,259,929
120,4,272,0566,87,47168,259,929
120,4,271,8955,87,44873,259,99
120,4,271,8955,87,44873,259,99
120,4,271,7361,87,42676,260,0505
120,4,271,7361,87,42676,260,0505
120,5,271,6262,87,41113,260,0922
120,5,271,6262,87,41113,260,0922
120,5,271,6262,87,41113,260,0922
120,5,271,5222,87,39063,260,241
120,5,271,5222,87,39063,260,241
120,5,271,4175,87,36963,260,3906
120,5,271,4175,87,36963,260,3906
120,5,271,3149,87,34961,260,5374
120,5,271,3149,87,34961,260,5374
120,5,271,2166,87,33008,260,6782
120,5,271,2166,87,33008,260,6782
120,5,271,1086,87,30859,260,8325
120,5,271,1086,87,30859,260,8325
120,5,271,0056,87,28809,260,9795
120,5,271,0056,87,28809,260,9795
120,5,271,0056,87,28809,260,9795
120,5,270,9097,87,26904,261,1169
120,5,270,9097,87,26904,261,1169
120,5,270,8013,87,24756,261,272
120,5,270,8013,87,24756,261,272
120,5,270,7029,87,22852,261,4126
120,5,270,7029,87,22852,261,4126
120,5,270,6018,87,2085,261,5571
120,5,270,6018,87,2085,261,5571
120,5,270,4963,87,1875,261,7081
120,5,270,4963,87,1875,261,7081
120,5,270,3987,87,16797,261,8478
120,5,270,3987,87,16797,261,8478
120,5,270,3987,87,16797,261,8478
120,5,270,2993,87,14844,261,9896
120,5,270,2993,87,14844,261,9896
120,5,270,1487,87,11865,262,2051
120,5,270,1487,87,11865,262,2051
120,5,270,1487,87,11865,262,2051
120,5,270,041,87,09717,262,359
120,5,270,041,87,09717,262,359
120,5,269,936,87,07666,262,5092
120,5,269,936,87,07666,262,5092
120,5,269,8333,87,05615,262,6563
120,5,269,8333,87,05615,262,6563
120,5,269,7371,87,03711,262,7937
120,5,269,7371,87,03711,262,7937
120,5,269,6333,87,0166,262,9421
120,5,269,6333,87,0166,262,9421
120,5,269,5322,86,99658,263,0868
120,5,269,5322,86,99658,263,0868
120,5,269,4343,86,97705,263,2266
120,5,269,4343,86,97705,263,2266
120,5,269,3367,86,95752,263,3662
120,5,269,3367,86,95752,263,3662
120,5,269,2466,86,93994,263,4951
120,5,269,2466,86,93994,263,4951
120,5,269,1494,86,92041,263,6343
120,5,269,1494,86,92041,263,6343
120,5,269,0493,86,90088,263,7773
120,5,269,0493,86,90088,263,7773
120,5,268,9583,86,88281,263,9077
120,5,268,9583,86,88281,263,9077
120,5,268,8943,86,87012,263,999
120,5,268,8943,86,87012,263,999
120,5,268,8362,86,85156,264,1501
120,5,268,8362,86,85156,264,1501
120,5,268,7739,86,83203,264,312
120,5,268,7739,86,83203,264,312
120,5,268,7117,88,39453,264,4736
120,5,268,7117,88,39453,264,4736
120,5,268,656,86,79492,264,6184
120,5,268,656,86,79492,264,6184
120,5,268,5999,86,77686,264,7645
120,5,268,5999,86,77686,264,7645
120,5,268,542,86,75879,264,9148
120,5,268,542,86,75879,264,9148
120,5,268,4834,86,74023,265,0674
120,5,268,4834,86,74023,265,0674
120,5,268,425,86,72168,265,219
120,5,268,425,86,72168,265,219
120,5,268,3694,86,7041,265,3638
120,5,268,3694,86,7041,265,3638
120,5,268,3086,86,68457,265,522
120,5,268,3086,86,68457,265,522
120,5,268,2493,86,66602,265,6764
120,5,268,2493,86,66602,265,6764
120,5,268,1858,86,64551,265,8416
120,5,268,1858,86,64551,265,8416
120,5,268,1265,86,62695,265,9954
120,5,268,1265,86,62695,265,9954
120,5,268,0706,86,60938,266,1409
120,5,268,0706,86,60938,266,1409
120,5,268,0095,86,58984,266,2996
120,5,268,0095,86,58984,266,2996
120,5,267,9509,86,57129,266,4517
120,5,267,9509,86,57129,266,4517
120,5,267,8875,86,55127,266,6172
120,5,267,8875,86,55127,266,6172
120,5,267,8313,86,53369,266,7628
120,5,267,8313,86,53369,266,7628
120,5,267,7683,86,51367,266,9269
120,5,267,7683,86,51367,266,9269
120,5,267,7114,86,49561,267,0748
120,5,267,6533,86,47705,267,226
120,5,267,6533,86,47705,267,226
120,5,267,6533,86,47705,267,226
120,5,267,5972,86,45947,267,3717
120,5,267,5325,86,43896,267,5402
120,5,267,5325,86,43896,267,5402
120,5,267,4778,86,42139,267,6823
120,5,267,4778,86,42139,267,6823
120,5,267,4216,86,40381,267,8282
120,5,267,4216,86,40381,267,8282
120,5,267,3625,86,38525,267,9819
120,5,267,3625,86,38525,267,9819
120,5,267,2983,86,36475,268,1489
120,5,267,2983,86,36475,268,1489
120,5,267,2441,86,34766,268,2897
120,5,267,2441,86,34766,268,2897
120,5,267,1831,86,32813,268,4481
120,5,267,1831,86,32813,268,4481
120,5,267,1333,86,3125,268,5779
120,5,267,1333,86,3125,268,5779
120,5,267,1016,86,29248,268,7325
120,5,267,1016,86,29248,268,7325
120,5,267,0691,86,27148,268,8914
120,5,267,0691,86,27148,268,8914
120,5,267,0378,87,9668,269,0442
120,5,267,0378,87,9668,269,0442
120,5,267,0063,86,23145,269,199
120,5,267,0063,86,23145,269,199
120,5,266,9736,86,21094,269,3582
120,5,266,9426,86,19092,269,5096
120,6,266,9426,86,19092,269,5096
120,6,266,9128,86,17236,269,6553
120,6,266,9128,86,17236,269,6553
120,6,266,8818,86,15234,269,8075
120,6,266,8818,86,15234,269,8075
120,6,266,8503,86,13232,269,9609
120,6,266,8503,86,13232,269,9609
120,6,266,8169,86,11084,270,1252
120,6,266,8169,86,11084,270,1252
120,6,266,7832,86,08936,270,2903
120,6,266,7832,86,08936,270,2903
120,6,266,7505,86,06836,270,4501
120,6,266,7505,86,06836,270,4501
120,6,266,7185,86,04834,270,6062
120,6,266,7185,86,04834,270,6062
120,6,266,6865,86,02783,270,7629
120,6,266,6865,86,02783,270,7629
120,6,266,6536,86,00684,270,9235
120,6,266,6536,86,00684,270,9235
120,6,266,6228,85,9873,271,074
120,6,266,6228,85,9873,271,074
120,6,266,5879,85,96484,271,2451
120,6,266,5879,85,96484,271,2451
120,6,266,552,85,94189,271,4209
120,6,266,552,85,94189,271,4209
120,6,266,5203,85,92188,271,5753
120,6,266,5203,85,92188,271,5753
120,6,266,489,85,90186,271,729
120,6,266,489,85,90186,271,729
120,6,266,4573,85,88184,271,8835
120,6,266,4573,85,88184,271,8835
120,6,266,4214,85,85889,272,059
120,6,266,4214,85,85889,272,059
120,6,266,3901,85,83887,272,2123
120,6,266,3901,85,83887,272,2123
120,6,266,3545,85,81641,272,386
120,6,266,3545,85,81641,272,386
120,6,266,3228,85,7959,272,541
120,6,266,3228,85,7959,272,541
120,6,266,2888,85,77441,272,7065
120,6,266,2888,85,77441,272,7065
120,6,266,2576,85,75488,272,8596
120,6,266,2576,85,75488,272,8596
120,6,266,2256,85,73438,273,016
120,6,266,2256,85,73438,273,016
120,6,266,1924,85,71289,273,1792
120,6,266,1924,85,71289,273,1792
120,6,266,158,85,69092,273,3474
120,6,266,158,85,69092,273,3474
120,6,266,1252,85,67041,273,5065
120,6,266,1252,85,67041,273,5065
120,6,266,0908,85,64844,273,6749
120,6,266,0908,85,64844,273,6749
120,6,266,0566,85,62646,273,842
120,6,266,0566,85,62646,273,842
120,6,266,0234,85,60547,274,0045
120,6,265,9922,85,58545,274,1581
120,6,265,9922,85,58545,274,1581
120,6,265,9836,85,58008,274,1995
120,6,265,9836,85,58008,274,1995
120,6,265,9543,85,55811,274,3616
120,6,265,9543,85,55811,274,3616
120,6,265,9543,85,55811,274,3616
120,6,265,9248,85,53613,274,5232
120,6,265,9248,85,53613,274,5232
120,6,265,8936,87,10547,274,6953
120,6,265,8936,87,10547,274,6953
120,6,265,8638,85,49072,274,8602
120,6,265,8638,85,49072,274,8602
120,6,265,8328,85,46777,275,0306
120,6,265,8328,85,46777,275,0306
120,6,265,8032,85,4458,275,1938
120,6,265,8032,85,4458,275,1938
120,6,265,7725,85,42285,275,3629
120,6,265,7725,85,42285,275,3629
120,6,265,7434,85,40088,275,5233
120,6,265,7434,85,40088,275,5233
120,6,265,7141,85,37939,275,6843
120,6,265,6863,85,3584,275,8386
120,6,265,6863,85,3584,275,8386
120,6,265,6575,85,33691,275,9974
120,6,265,6575,85,33691,275,9974
120,6,265,6277,85,31445,276,1617
120,6,265,6277,85,31445,276,1617
120,6,265,5991,85,29346,276,3181
120,6,265,5991,85,29346,276,3181
120,6,265,571,85,27246,276,4729
120,6,265,571,85,27246,276,4729
120,6,265,5427,85,25146,276,6295
120,6,265,5427,85,25146,276,6295
120,6,265,5134,85,22949,276,7903
120,6,265,5134,85,22949,276,7903
120,6,265,4836,85,20752,276,9543
120,6,265,4836,85,20752,276,9543
120,6,265,4512,85,18311,277,1339
120,6,265,4512,85,18311,277,1339
120,6,265,4211,85,16064,277,2996
120,6,265,4211,85,16064,277,2996
120,6,265,3896,85,13721,277,4729
120,6,265,3896,85,13721,277,4729
120,6,265,3896,85,13721,277,4729
120,6,265,3599,85,11523,277,6367
120,6,265,3599,85,11523,277,6367
120,6,265,3296,85,09229,277,8044
120,6,265,3296,85,09229,277,8044
120,6,265,2971,85,06836,277,9827
120,6,265,2971,85,06836,277,9827
120,6,265,2656,85,04492,278,157
120,6,265,2656,85,04492,278,157
120,6,265,2341,85,02148,278,3301
120,6,265,2341,85,02148,278,3301
120,6,265,2036,84,99854,278,4983
120,6,265,2036,84,99854,278,4983
120,6,265,1746,84,97705,278,658
120,6,265,1746,84,97705,278,658
120,6,265,1531,84,96094,278,7767
120,6,265,1531,84,96094,278,7767
120,6,265,1614,84,93848,278,9454
120,6,265,1614,84,93848,278,9454
120,6,265,1699,84,91602,279,116
120,6,265,1699,84,91602,279,116
120,7,265,178,86,44043,279,2805
120,7,265,178,86,44043,279,2805
120,7,265,178,86,44043,279,2805
120,7,265,1875,84,86865,279,4717
120,7,265,1875,84,86865,279,4717
120,7,265,1965,84,84424,279,6528
120,7,265,1965,84,84424,279,6528
120,7,265,2061,84,81885,279,8434
120,7,265,2061,84,81885,279,8434
120,7,265,2146,84,79639,280,0145
120,7,265,2146,84,79639,280,0145
120,7,265,2234,84,77246,280,1936
120,7,265,2234,84,77246,280,1936
120,7,265,2319,84,74951,280,3662
120,7,265,2319,84,74951,280,3662
120,7,265,2412,84,72461,280,5531
120,7,265,2412,84,72461,280,5531
120,7,265,2412,84,72461,280,5531
120,7,265,2498,84,70166,280,725
120,7,265,2498,84,70166,280,725
120,7,265,259,84,67725,280,9097
120,7,265,259,84,67725,280,9097
120,7,265,2678,84,65332,281,0902
120,7,265,2678,84,65332,281,0902
120,7,265,2678,84,65332,281,0902
120,7,265,2783,84,625,281,301
120,7,265,2783,84,625,281,301
120,7,265,2878,84,59961,281,4935
120,7,265,2878,84,59961,281,4935
120,7,265,2976,84,57324,281,6924
120,7,265,2976,84,57324,281,6924
120,7,265,2976,84,57324,281,6924
120,7,265,3076,84,54688,281,8914
120,7,265,3076,84,54688,281,8914
120,7,265,3181,84,51807,282,1055
120,7,265,3181,84,51807,282,1055
120,7,265,3181,84,51807,282,1055
120,7,265,3279,84,49268,282,2985
120,7,265,3279,84,49268,282,2985
120,7,265,3384,84,46387,282,5125
120,7,265,3384,84,46387,282,5125
120,7,265,3384,84,46387,282,5125
120,7,265,3486,84,43701,282,7174
120,7,265,3486,84,43701,282,7174
120,7,265,3486,84,43701,282,7174
120,7,265,3601,84,40625,282,9482
120,7,265,3601,84,40625,282,9482
120,7,265,3706,84,37793,283,1617
120,7,265,3706,84,37793,283,1617
120,7,265,3706,84,37793,283,1617
120,7,265,3816,84,34814,283,3832
120,7,265,3816,84,34814,283,3832
120,7,265,3816,84,34814,283,3832
120,7,265,3928,84,31836,283,6085
120,7,265,3928,84,31836,283,6085
120,7,265,3962,84,30908,283,6776
120,7,265,3962,84,30908,283,6776
120,7,265,3962,84,30908,283,6776
120,7,265,4824,84,27979,283,8706
120,7,265,4824,84,27979,283,8706
120,7,265,5725,84,24951,284,0724
120,7,265,5725,84,24951,284,0724
120,7,265,5725,84,24951,284,0724
120,7,265,6609,84,21973,284,2703
120,7,265,6609,84,21973,284,2703
120,7,265,7488,84,18994,284,4672
120,7,265,7488,84,18994,284,4672
120,7,265,7488,84,18994,284,4672
120,7,265,8357,84,16064,284,6621
120,7,265,8357,84,16064,284,6621
120,7,265,8357,84,16064,284,6621
120,7,265,9246,84,13037,284,8608
120,7,265,9246,84,13037,284,8608
120,7,265,9246,84,13037,284,8608
120,7,266,0212,84,09766,285,0773
120,7,266,0212,84,09766,285,0773
120,7,266,0212,84,09766,285,0773
120,7,266,1162,84,06543,285,2904
120,7,266,1162,84,06543,285,2904
120,7,266,1162,84,06543,285,2904
120,7,266,2231,84,0293,285,5295
120,7,266,2231,84,0293,285,5295
120,7,266,2231,84,0293,285,5295
120,7,266,3191,83,99707,285,7448
120,7,266,3191,83,99707,285,7448
120,7,266,3191,83,99707,285,7448
120,7,266,4155,83,96436,285,9604
120,7,266,4155,83,96436,285,9604
120,7,266,4155,83,96436,285,9604
120,7,266,5168,83,93018,286,1877
120,7,266,5168,83,93018,286,1877
120,7,266,5168,83,93018,286,1877
120,7,266,6196,83,89551,286,4177
120,7,266,6196,83,89551,286,4177
120,7,266,6196,83,89551,286,4177
120,7,266,6196,83,89551,286,4177
120,7,266,7251,83,85986,286,6539
120,7,266,7251,83,85986,286,6539
120,7,266,7251,83,85986,286,6539
120,7,266,865,83,8125,286,9674
120,7,266,865,83,8125,286,9674
120,7,266,865,83,8125,286,9674
120,7,266,9707,83,77686,287,2039
120,7,266,9707,83,77686,287,2039
120,7,266,9707,83,77686,287,2039
120,7,267,0757,83,74121,287,4395
120,7,267,0757,83,74121,287,4395
120,7,267,0757,83,74121,287,4395
120,7,267,0903,83,73633,287,472
120,7,267,0903,83,73633,287,472
120,7,267,0903,83,73633,287,472
120,7,267,2402,83,70166,287,6738
120,7,267,2402,83,70166,287,6738
120,7,267,2402,83,70166,287,6738
120,7,267,2402,83,70166,287,6738
120,7,267,3997,83,66504,287,8883
120,7,267,3997,83,66504,287,8883
120,7,267,3997,83,66504,287,8883
120,7,267,5593,83,62793,288,1035
120,7,267,5593,83,62793,288,1035
120,8,267,5593,83,62793,288,1035
120,8,267,7173,83,59131,288,316
120,8,267,7173,83,59131,288,316
120,8,267,7173,83,59131,288,316
120,8,267,875,83,55469,288,5286
120,8,267,875,83,55469,288,5286
120,8,267,875,83,55469,288,5286
120,8,267,875,83,55469,288,5286
120,8,268,0378,83,51709,288,7477
120,8,268,0378,83,51709,288,7477
120,8,268,0378,83,51709,288,7477
120,8,268,2024,83,479,288,9692
120,8,268,2024,83,479,288,9692
120,8,268,2024,83,479,288,9692
120,8,268,3672,83,44092,289,1912
120,8,268,3672,83,44092,289,1912
120,8,268,3672,83,44092,289,1912
120,8,268,3672,83,44092,289,1912
120,8,268,5342,83,40234,289,4159
120,8,268,5342,83,40234,289,4159
120,8,268,5342,83,40234,289,4159
120,8,268,6953,83,36523,289,6327
120,8,268,6953,83,36523,289,6327
120,8,268,6953,83,36523,289,6327
120,8,268,6953,83,36523,289,6327
120,8,268,8662,83,32568,289,863
120,8,268,8662,83,32568,289,863
120,8,268,8662,83,32568,289,863
120,8,269,0466,83,28369,290,1058
120,8,269,0466,83,28369,290,1058
120,8,269,0466,83,28369,290,1058
120,8,269,2136,83,24512,290,3306
120,8,269,2136,83,24512,290,3306
120,8,269,2136,83,24512,290,3306
120,8,269,2136,83,24512,290,3306
120,8,269,3787,83,20703,290,553
120,8,269,3787,83,20703,290,553
120,8,269,3787,83,20703,290,553
120,8,269,3787,83,20703,290,553
120,8,269,5566,83,16602,290,7924
120,8,269,5566,83,16602,290,7924
120,8,269,5566,83,16602,290,7924
120,8,269,7456,83,12207,291,0469
120,8,269,7456,83,12207,291,0469
120,8,269,7456,83,12207,291,0469
120,8,269,9087,83,08447,291,2664
120,8,269,9087,83,08447,291,2664
120,8,269,9087,83,08447,291,2664
120,8,269,9087,83,08447,291,2664
120,8,270,0671,83,04785,291,4797
120,8,270,0671,83,04785,291,4797
120,8,270,0671,83,04785,291,4797
120,8,270,0671,83,04785,291,4797
120,8,270,2947,83,01025,291,6669
120,8,270,2947,83,01025,291,6669
120,8,270,2947,83,01025,291,6669
120,8,270,2947,83,01025,291,6669
120,8,270,5474,82,96875,291,8748
120,8,270,5474,82,96875,291,8748
120,8,270,5474,82,96875,291,8748
120,8,270,5474,82,96875,291,8748
120,8,270,7834,82,92969,292,069
120,8,270,7834,82,92969,292,069
120,8,270,7834,82,92969,292,069
120,8,271,0422,82,88672,292,282
120,8,271,0422,82,88672,292,282
120,8,271,0422,82,88672,292,282
120,8,271,0422,82,88672,292,282
120,8,271,2871,82,84668,292,4834
120,8,271,2871,82,84668,292,4834
120,8,271,2871,82,84668,292,4834
120,8,271,2871,82,84668,292,4834
120,8,271,5437,82,8042,292,6943
120,8,271,5437,82,8042,292,6943
120,8,271,5437,82,8042,292,6943
120,8,271,5437,82,8042,292,6943
120,8,271,7815,82,76514,292,8899
120,8,271,7815,82,76514,292,8899
120,8,271,7815,82,76514,292,8899
120,8,271,7815,82,76514,292,8899
120,8,272,0359,82,72314,293,0992
120,8,272,0359,82,72314,293,0992
120,8,272,0359,82,72314,293,0992
120,8,272,2813,82,68262,293,3011
120,8,272,2813,82,68262,293,3011
120,8,272,2813,82,68262,293,3011
120,8,272,2813,82,68262,293,3011
120,8,272,5183,82,64355,293,4961
120,8,272,5183,82,64355,293,4961
120,8,272,5183,82,64355,293,4961
120,8,272,5183,82,64355,293,4961
120,8,272,7466,82,60596,293,6838
120,8,272,7466,82,60596,293,6838
120,8,272,7466,82,60596,293,6838
120,8,272,7466,82,60596,293,6838
120,8,272,9863,82,56641,293,881
120,8,272,9863,82,56641,293,881
120,8,272,9863,82,56641,293,881
120,8,273,2319,82,52588,294,083
120,8,273,2319,82,52588,294,083
120,8,273,2319,82,52588,294,083
120,8,273,2319,82,52588,294,083
120,8,273,48,82,48486,294,2871
120,8,273,48,82,48486,294,2871
120,8,273,48,82,48486,294,2871
120,8,273,48,82,48486,294,2871
120,8,273,6484,82,45703,294,4257
120,8,273,6484,82,45703,294,4257
120,8,273,6484,82,45703,294,4257
120,8,273,6484,82,45703,294,4257
120,8,273,9365,82,41553,294,6003
120,8,273,9365,82,41553,294,6003
120,8,273,9365,82,41553,294,6003
120,8,273,9365,82,41553,294,6003
120,8,274,2261,83,87354,294,7758
120,8,274,2261,83,87354,294,7758
120,8,274,2261,83,87354,294,7758
120,8,274,2261,83,87354,294,7758
120,8,274,5176,82,33252,294,9524
120,8,274,5176,82,33252,294,9524
120,8,274,5176,82,33252,294,9524
120,8,274,5176,82,33252,294,9524
120,8,274,5176,82,33252,294,9524
120,8,274,8091,82,29053,295,1292
120,8,274,8091,82,29053,295,1292
120,8,274,8091,82,29053,295,1292
120,8,274,8091,82,29053,295,1292
120,8,275,1018,82,24854,295,3065
120,8,275,1018,82,24854,295,3065
120,8,275,1018,82,24854,295,3065
120,8,275,1018,82,24854,295,3065
120,8,275,4023,82,20508,295,4888
120,8,275,4023,82,20508,295,4888
120,8,275,4023,82,20508,295,4888
120,8,275,4023,82,20508,295,4888
120,8,275,686,82,16455,295,6608
120,8,275,686,82,16455,295,6608
120,8,275,686,82,16455,295,6608
120,8,275,686,82,16455,295,6608
120,8,275,98,82,12256,295,8389
120,8,275,98,82,12256,295,8389
120,8,275,98,82,12256,295,8389
120,8,275,98,82,12256,295,8389
120,8,276,259,82,08252,296,0081
120,8,276,259,82,08252,296,0081
120,8,276,259,82,08252,296,0081
120,8,276,259,82,08252,296,0081
120,8,276,5496,82,04053,296,1841
120,8,276,5496,82,04053,296,1841
120,8,276,5496,82,04053,296,1841
120,8,276,5496,82,04053,296,1841
120,8,276,8508,81,99756,296,3667
120,8,276,8508,81,99756,296,3667
120,8,276,8508,81,99756,296,3667
120,8,276,8508,81,99756,296,3667
120,8,277,1453,81,95508,296,5452
120,8,277,1453,81,95508,296,5452
120,8,277,1453,81,95508,296,5452
120,8,277,1453,81,95508,296,5452
120,8,277,4363,81,91357,296,7217
120,8,277,4363,81,91357,296,7217
120,8,277,4363,81,91357,296,7217
120,8,277,4363,81,91357,296,7217
120,8,277,7043,81,875,296,884
120,8,277,7043,81,875,296,884
120,8,277,7043,81,875,296,884
120,8,277,7043,81,875,296,884
120,8,277,9763,81,83594,297,049
120,8,277,9763,81,83594,297,049
120,8,277,9763,81,83594,297,049
120,8,277,9763,81,83594,297,049
120,8,277,9763,81,83594,297,049
120,8,277,9763,81,83594,297,049
120,8,277,9763,81,83594,297,049
120,8,277,9763,81,83594,297,049
120,8,277,9763,81,83594,297,049
120,8,277,9763,81,83594,297,049
120,8,277,9763,81,83594,297,049
120,8,277,9763,81,83594,297,049
120,8,277,9763,81,83594,297,049
120,8,277,9763,81,83594,297,049
120,8,277,9763,81,83594,297,049
120,8,277,9763,81,83594,297,049
120,8,277,9763,81,83594,297,049
120,8,277,9763,81,83594,297,049
120,8,277,9763,81,83594,297,049
120,8,277,9763,81,83594,297,049
120,8,277,9763,81,83594,297,049
120,8,277,9763,81,83594,297,049
120,8,277,9763,81,83594,297,049
120,8,277,9763,81,83594,297,049
120,8,277,9763,81,83594,297,049
120,8,277,9763,81,83594,297,049
120,8,277,9763,81,83594,297,049
120,8,277,9763,81,83594,297,049
120,8,277,9763,81,83594,297,049
120,8,277,9763,81,83594,297,049
120,8,277,9763,81,83594,297,049
120,8,277,9763,81,83594,297,049
120,8,277,9763,81,83594,297,049
120,8,277,9763,81,83594,297,049
120,8,277,9763,81,83594,297,049
120,8,277,9763,81,83594,297,049
120,8,277,9763,81,83594,297,049
120,8,277,9763,81,83594,297,049
120,8,277,9763,81,83594,297,049
120,8,277,9763,81,83594,297,049
120,8,277,9763,81,83594,297,049
120,8,277,9763,81,83594,297,049
120,8,277,9763,81,83594,297,049
120,8,277,9763,81,83594,297,049
120,8,277,9763,81,83594,297,049
120,8,277,9763,81,83594,297,049
120,8,277,9763,81,83594,297,049
120,8,277,9763,81,83594,297,049
120,8,277,9763,81,83594,297,049
120,8,277,9763,81,83594,297,049
120,8,277,9763,81,83594,297,049
120,8,277,9763,81,83594,297,049
120,8,277,9763,81,83594,297,049
120,8,277,9763,81,83594,297,049
120,8,277,9763,81,83594,297,049
120,8,277,9763,81,83594,297,049
120,8,277,9763,81,83594,297,049
120,8,277,9763,81,83594,297,049
120,8,277,9763,81,83594,297,049
120,8,277,9763,81,83594,297,049
120,8,277,9763,81,83594,297,049
120,8,277,9763,81,83594,297,049
120,8,277,9763,81,83594,297,049
120,8,277,9763,81,83594,297,049
120,8,277,9763,81,83594,297,049
120,8,277,9763,81,83594,297,049
120,8,277,9763,81,83594,297,049
120,8,277,9763,81,83594,297,049
120,8,277,9763,81,83594,297,049
120,8,277,9763,81,83594,297,049
120,8,277,9763,81,83594,297,049
120,8,277,9763,81,83594,297,049
120,8,277,9763,81,83594,297,049
120,8,277,9763,81,83594,297,049
120,8,277,9763,81,83594,297,049
120,8,277,9763,81,83594,297,049
120,8,277,9763,81,83594,297,049
120,8,277,9763,81,83594,297,049
120,8,277,9763,81,83594,297,049
120,8,277,9763,81,83594,297,049
120,8,277,9763,81,83594,297,049
120,8,277,9763,81,83594,297,049
120,8,277,9763,81,83594,297,049
120,8,277,9763,81,83594,297,049
120,8,277,9763,81,83594,297,049
120,8,277,9763,81,83594,297,049
120,8,277,9763,81,83594,297,049
120,8,277,9763,81,83594,297,049
120,8,277,9763,81,83594,297,049
120,8,277,9763,81,83594,297,049
120,8,277,9763,81,83594,297,049
120,8,277,9763,81,83594,297,049
120,8,277,9763,81,83594,297,049
120,8,277,9763,81,83594,297,049
120,8,277,9763,81,83594,297,049
120,8,277,9763,81,83594,297,049
120,8,277,9763,81,83594,297,049
120,8,277,9763,81,83594,297,049
120,8,277,9763,81,83594,297,049
120,8,277,9763,81,83594,297,049
120,8,277,9763,81,83594,297,049
120,8,277,9763,81,83594,297,049
120,8,277,9763,81,83594,297,049
120,8,277,9763,81,83594,297,049
120,8,277,9763,81,83594,297,049
120,8,277,9763,81,83594,297,049
120,8,277,9763,81,83594,297,049
120,8,277,9763,81,83594,297,049
120,8,277,9763,81,83594,297,049
120,8,277,9763,81,83594,297,049
120,8,277,9763,81,83594,297,049
120,8,277,9763,81,83594,297,049
120,8,277,9763,81,83594,297,049
120,8,277,9763,81,83594,297,049
120,8,277,9763,81,83594,297,049
120,8,277,9763,81,83594,297,049
120,8,277,9763,81,83594,297,049
120,8,277,9763,81,83594,297,049
120,8,277,9763,81,83594,297,049
120,8,277,9763,81,83594,297,049
120,8,277,9763,81,83594,297,049
120,8,277,9763,81,83594,297,049
120,8,277,9763,81,83594,297,049
120,8,277,9763,81,83594,297,049
120,8,277,9763,81,83594,297,049
120,8,277,9763,81,83594,297,049
120,8,277,9763,81,83594,297,049
120,8,277,9763,81,83594,297,049
120,8,277,9763,81,83594,297,049
120,8,277,9763,81,83594,297,049
120,8,277,9763,81,83594,297,049
120,8,277,9763,81,83594,297,049
120,8,277,9763,81,83594,297,049
120,8,277,9763,81,83594,297,049
120,8,277,9763,81,83594,297,049
120,8,277,9763,81,83594,297,049
120,8,277,9763,81,83594,297,049
120,8,277,9763,81,83594,297,049
120,8,277,9763,81,83594,297,049
120,8,277,9763,81,83594,297,049
120,8,277,9763,81,83594,297,049
120,8,277,9763,81,83594,297,049
120,8,277,9763,81,83594,297,049
120,8,277,9763,81,83594,297,049
120,8,277,9763,81,83594,297,049
120,8,277,9763,81,83594,297,049
120,8,277,9763,81,83594,297,049
120,8,277,9763,81,83594,297,049
120,8,277,9763,81,83594,297,049
120,8,277,9763,81,83594,297,049
120,8,277,9763,81,83594,297,049
120,8,277,9763,81,83594,297,049
120,8,277,9763,81,83594,297,049
120,8,277,9763,81,83594,297,049
120,8,277,9763,81,83594,297,049
120,8,277,9763,81,83594,297,049
120,8,277,9763,81,83594,297,049
120,8,277,9763,81,83594,297,049
120,8,277,9763,81,83594,297,049
120,8,277,9763,81,83594,297,049
120,8,277,9763,81,83594,297,049
120,8,277,9763,81,83594,297,049
120,9,277,9763,81,83594,297,049
120,9,277,9763,81,83594,297,049
120,9,277,9763,81,83594,297,049
120,9,277,9763,81,83594,297,049
120,9,277,9763,81,83594,297,049
120,9,277,9763,81,83594,297,049
120,9,277,9763,81,83594,297,049
120,9,277,9763,81,83594,297,049
120,9,277,9763,81,83594,297,049
120,9,277,9763,81,83594,297,049
120,9,278,2534,81,79883,297,2095
120,9,278,2534,81,79883,297,2095
120,9,278,2534,81,79883,297,2095
120,9,278,2534,81,79883,297,2095
120,9,278,4939,83,37842,297,349
120,9,278,4939,83,37842,297,349
120,9,278,4939,83,37842,297,349
120,9,278,7664,81,72998,297,507
120,9,278,7664,81,72998,297,507
120,9,278,7664,81,72998,297,507
120,9,278,7664,81,72998,297,507
120,9,279,0347,81,69434,297,6624
120,9,279,0347,81,69434,297,6624
120,9,279,0347,81,69434,297,6624
120,9,279,0347,81,69434,297,6624
120,9,279,3059,81,65771,297,8196
120,9,279,3059,81,65771,297,8196
120,9,279,3059,81,65771,297,8196
120,9,279,3059,81,65771,297,8196
120,9,279,6008,81,61816,297,9906
120,9,279,6008,81,61816,297,9906
120,9,279,6008,81,61816,297,9906
120,9,279,6008,81,61816,297,9906
120,9,279,8865,81,58008,298,1561
120,9,279,8865,81,58008,298,1561
120,9,279,8865,81,58008,298,1561
120,9,279,8865,81,58008,298,1561
120,9,280,1868,81,53955,298,3302
120,9,280,1868,81,53955,298,3302
120,9,280,1868,81,53955,298,3302
120,9,280,1868,81,53955,298,3302
120,9,280,4692,81,50195,298,4939
120,9,280,4692,81,50195,298,4939
120,9,280,4692,81,50195,298,4939
120,9,280,4692,81,50195,298,4939
120,9,280,7363,81,46631,298,6488
120,9,280,7363,81,46631,298,6488
120,9,280,7363,81,46631,298,6488
120,9,280,7363,81,46631,298,6488
120,9,281,0144,81,42871,298,8101
120,9,281,0144,81,42871,298,8101
120,9,281,0144,81,42871,298,8101
120,9,281,2856,81,39258,298,9672
120,9,281,2856,81,39258,298,9672
120,9,281,2856,81,39258,298,9672
120,9,281,2856,81,39258,298,9672
120,9,281,5569,81,35645,299,1243
120,9,281,5569,81,35645,299,1243
120,9,281,5569,81,35645,299,1243
120,9,281,5569,81,35645,299,1243
120,9,281,8284,81,31982,299,2817
120,9,281,8284,81,31982,299,2817
120,9,281,8284,81,31982,299,2817
120,9,281,8284,81,31982,299,2817
120,9,282,1003,81,2832,299,4395
120,9,282,1003,81,2832,299,4395
120,9,282,1003,81,2832,299,4395
120,9,282,1711,81,27393,299,4805
120,9,282,1711,81,27393,299,4805
120,9,282,1711,81,27393,299,4805
120,9,282,1711,81,27393,299,4805
120,9,282,4404,81,23975,299,6311
120,9,282,4404,81,23975,299,6311
120,9,282,4404,81,23975,299,6311
120,9,282,4404,81,23975,299,6311
120,9,282,7107,82,93066,299,7823
120,9,282,7107,82,93066,299,7823
120,9,282,7107,82,93066,299,7823
120,9,282,7107,82,93066,299,7823
120,9,282,9919,81,16943,299,9397
120,9,282,9919,81,16943,299,9397
120,9,282,9919,81,16943,299,9397
120,9,283,2615,81,13525,300,0906
120,9,283,2615,81,13525,300,0906
120,9,283,2615,81,13525,300,0906
120,9,283,2615,81,13525,300,0906
120,9,283,5227,81,10205,300,2367
120,9,283,5227,81,10205,300,2367
120,9,283,5227,81,10205,300,2367
120,9,283,5227,81,10205,300,2367
120,9,283,7837,81,06885,300,3826
120,9,283,7837,81,06885,300,3826
120,9,283,7837,81,06885,300,3826
120,9,283,7837,81,06885,300,3826
120,9,284,0493,81,03467,300,5313
120,9,284,0493,81,03467,300,5313
120,9,284,0493,81,03467,300,5313
120,9,284,3547,80,99609,300,7021
120,9,284,3547,80,99609,300,7021
120,9,284,3547,80,99609,300,7021
120,9,284,3547,80,99609,300,7021
120,9,284,6182,80,9624,300,8496
120,9,284,6182,80,9624,300,8496
120,9,284,6182,80,9624,300,8496
120,9,284,6182,80,9624,300,8496
120,9,284,9033,80,92627,301,009
120,9,284,9033,80,92627,301,009
120,9,284,9033,80,92627,301,009
120,9,284,9033,80,92627,301,009
120,9,285,1792,80,89111,301,1633
120,9,285,1792,80,89111,301,1633
120,9,285,1792,80,89111,301,1633
120,9,285,438,80,85791,301,3081
120,9,285,438,80,85791,301,3081
120,9,285,438,80,85791,301,3081
120,9,285,438,80,85791,301,3081
120,9,285,7122,80,82324,301,4615
120,9,285,7122,80,82324,301,4615
120,9,285,7122,80,82324,301,4615
120,9,285,7122,80,82324,301,4615
120,9,285,9707,80,79053,301,6062
120,9,285,9707,80,79053,301,6062
120,10,285,9707,80,79053,301,6062
120,10,286,2393,80,75635,301,7563
120,10,286,2393,80,75635,301,7563
120,10,286,2393,80,75635,301,7563
120,10,286,2393,80,75635,301,7563
120,10,286,499,80,72314,301,9017
120,10,286,499,80,72314,301,9017
120,10,286,499,80,72314,301,9017
120,10,286,499,80,72314,301,9017
120,10,286,7585,80,68994,302,047
120,10,286,7585,80,68994,302,047
120,10,286,7585,80,68994,302,047
120,10,286,7585,80,68994,302,047
120,10,286,9932,80,66016,302,1782
120,10,286,9932,80,66016,302,1782
120,10,286,9932,80,66016,302,1782
120,10,287,248,80,62939,302,3083
120,10,287,248,80,62939,302,3083
120,10,287,248,80,62939,302,3083
120,10,287,248,80,62939,302,3083
120,10,287,5088,80,59766,302,4415
120,10,287,5088,80,59766,302,4415
120,10,287,5088,80,59766,302,4415
120,10,287,7695,80,56592,302,5747
120,10,287,7695,80,56592,302,5747
120,10,287,7695,80,56592,302,5747
120,10,287,7695,80,56592,302,5747
120,10,288,043,80,53271,302,7144
120,10,288,043,80,53271,302,7144
120,10,288,043,80,53271,302,7144
120,10,288,043,80,53271,302,7144
120,10,288,3098,80,50049,302,8506
120,10,288,3098,80,50049,302,8506
120,10,288,3098,80,50049,302,8506
120,10,288,5886,80,4668,302,9929
120,10,288,5886,80,4668,302,9929
120,10,288,5886,80,4668,302,9929
120,10,288,5886,80,4668,302,9929
120,10,288,8589,80,43359,303,131
120,10,288,8589,80,43359,303,131
120,10,288,8589,80,43359,303,131
120,10,289,1052,80,40381,303,2567
120,10,289,1052,80,40381,303,2567
120,10,289,1052,80,40381,303,2567
120,10,289,1052,80,40381,303,2567
120,10,289,3733,80,37158,303,3936
120,10,289,3733,80,37158,303,3936
120,10,289,3733,80,37158,303,3936
120,10,289,634,80,33984,303,5267
120,10,289,634,80,33984,303,5267
120,10,289,634,80,33984,303,5267
120,10,289,634,80,33984,303,5267
120,10,289,908,80,30664,303,6666
120,10,289,908,80,30664,303,6666
120,10,289,908,80,30664,303,6666
120,10,289,908,80,30664,303,6666
120,10,290,1807,80,27344,303,8059
120,10,290,1807,80,27344,303,8059
120,10,290,1807,80,27344,303,8059
120,10,290,459,80,23975,303,948
120,10,290,459,80,23975,303,948
120,10,290,459,80,23975,303,948
120,10,290,459,80,23975,303,948
120,10,290,7151,80,2085,304,0789
120,10,290,7151,80,2085,304,0789
120,10,290,7151,80,2085,304,0789
120,10,290,7151,80,2085,304,0789
120,10,290,9788,80,17676,304,2134
120,10,290,9788,80,17676,304,2134
120,10,290,9788,80,17676,304,2134
120,10,291,2622,80,14258,304,3582
120,10,291,2622,80,14258,304,3582
120,10,291,2622,80,14258,304,3582
120,10,291,2622,80,14258,304,3582
120,10,291,5332,80,10938,304,4966
120,10,291,5332,80,10938,304,4966
120,10,291,5332,80,10938,304,4966
120,10,291,5332,80,10938,304,4966
120,10,291,8188,80,07471,304,6425
120,10,291,8188,80,07471,304,6425
120,10,291,8188,80,07471,304,6425
120,10,292,0774,80,04346,304,7744
120,10,292,0774,80,04346,304,7744
120,10,292,0774,80,04346,304,7744
120,10,292,0774,80,04346,304,7744
120,10,292,3291,80,0127,304,903
120,10,292,3291,80,0127,304,903
120,10,292,3291,80,0127,304,903
120,10,292,6179,79,97803,305,0504
120,10,292,6179,79,97803,305,0504
120,10,292,6179,79,97803,305,0504
120,10,292,6179,79,97803,305,0504
120,10,292,8342,79,95166,305,1609
120,10,292,8342,79,95166,305,1609
120,10,292,8342,79,95166,305,1609
120,10,292,8342,79,95166,305,1609
120,10,293,0864,79,92236,305,2892
120,10,293,0864,79,92236,305,2892
120,10,293,0864,79,92236,305,2892
120,10,293,3772,79,88818,305,4371
120,10,293,3772,79,88818,305,4371
120,10,293,3772,79,88818,305,4371
120,10,293,3772,79,88818,305,4371
120,10,293,6628,79,85498,305,5825
120,10,293,6628,79,85498,305,5825
120,10,293,6628,79,85498,305,5825
120,10,293,6628,79,85498,305,5825
120,10,293,9507,79,82129,305,729
120,10,293,9507,79,82129,305,729
120,10,293,9507,79,82129,305,729
120,10,294,2175,79,79004,305,8647
120,10,294,2175,79,79004,305,8647
120,10,294,2175,79,79004,305,8647
120,10,294,2175,79,79004,305,8647
120,10,294,4729,79,76025,305,9946
120,10,294,4729,79,76025,305,9946
120,10,294,4729,79,76025,305,9946
120,10,294,7278,79,73047,306,1244
120,10,294,7278,79,73047,306,1244
120,10,294,7278,79,73047,306,1244
120,10,294,7278,79,73047,306,1244
120,10,294,9958,79,69922,306,2607
120,10,294,9958,79,69922,306,2607
120,10,294,9958,79,69922,306,2607
120,10,295,2629,79,66797,306,3966
120,10,295,2629,79,66797,306,3966
120,10,295,2629,79,66797,306,3966
120,10,295,2629,79,66797,306,3966
120,10,295,5242,79,63721,306,5295
120,10,295,5242,79,63721,306,5295
120,11,295,5242,79,63721,306,5295
120,11,295,5242,79,63721,306,5295
120,11,295,7893,79,60645,306,6646
120,11,295,7893,79,60645,306,6646
120,11,295,7893,79,60645,306,6646
120,11,295,7893,79,60645,306,6646
120,11,296,0588,79,57471,306,8016
120,11,296,0588,79,57471,306,8016
120,11,296,0588,79,57471,306,8016
120,11,296,3577,79,53955,306,9537
120,11,296,3577,79,53955,306,9537
120,11,296,3577,79,53955,306,9537
120,11,296,6096,79,51025,307,0819
120,11,296,6096,79,51025,307,0819
120,11,296,6096,79,51025,307,0819
120,11,296,6096,79,51025,307,0819
120,11,296,8623,79,48096,307,2104
120,11,296,8623,79,48096,307,2104
120,11,296,8623,79,48096,307,2104
120,11,296,8623,79,48096,307,2104
120,11,297,1379,79,44873,307,3508
120,11,297,1379,79,44873,307,3508
120,11,297,1379,79,44873,307,3508
120,11,297,3945,79,41846,307,4813
120,11,297,3945,79,41846,307,4813
120,11,297,3945,79,41846,307,4813
120,11,297,3945,79,41846,307,4813
120,11,297,6545,79,38818,307,6136
120,11,297,6545,79,38818,307,6136
120,11,297,6545,79,38818,307,6136
120,11,297,9353,79,35547,307,7565
120,11,297,9353,79,35547,307,7565
120,11,297,9353,79,35547,307,7565
120,11,298,1965,79,32471,307,8894
120,11,298,1965,79,32471,307,8894
120,11,298,1965,79,32471,307,8894
120,11,298,1965,79,32471,307,8894
120,11,298,4304,79,29736,308,0083
120,11,298,4304,79,29736,308,0083
120,11,298,4304,79,29736,308,0083
120,11,298,668,79,26953,308,1292
120,11,298,668,79,26953,308,1292
120,11,298,668,79,26953,308,1292
120,11,298,9233,79,23975,308,2592
120,11,298,9233,79,23975,308,2592
120,11,298,9233,79,23975,308,2592
120,11,298,9233,79,23975,308,2592
120,11,298,9868,79,23242,308,2915
120,11,298,9868,79,23242,308,2915
120,11,298,9868,79,23242,308,2915
120,11,299,2249,79,20508,308,4053
120,11,299,2249,79,20508,308,4053
120,11,299,2249,79,20508,308,4053
120,11,299,4841,79,17578,308,5291
120,11,299,4841,79,17578,308,5291
120,11,299,4841,79,17578,308,5291
120,11,299,4841,79,17578,308,5291
120,11,299,7319,79,14746,308,6476
120,11,299,7319,79,14746,308,6476
120,11,299,7319,79,14746,308,6476
120,11,299,9768,79,11963,308,7646
120,11,299,9768,79,11963,308,7646
120,11,299,9768,79,11963,308,7646
120,11,299,9768,79,11963,308,7646
120,11,299,9768,79,11963,308,7646
120,11,300,2109,79,09277,308,8765
120,11,300,2109,79,09277,308,8765
120,11,300,2109,79,09277,308,8765
120,11,300,2109,79,09277,308,8765
120,11,300,5879,79,0498,309,0565
120,11,300,5879,79,0498,309,0565
120,11,300,5879,79,0498,309,0565
120,11,300,8921,79,01514,309,2019
120,11,300,8921,79,01514,309,2019
120,11,300,8921,79,01514,309,2019
120,11,300,8921,79,01514,309,2019
120,11,301,1772,78,98291,309,3381
120,11,301,1772,78,98291,309,3381
120,11,301,1772,78,98291,309,3381
120,11,301,4146,78,95605,309,4517
120,11,301,4146,78,95605,309,4517
120,11,301,4146,78,95605,309,4517
120,11,301,6426,78,92969,309,5605
120,11,301,6426,78,92969,309,5605
120,11,301,6426,78,92969,309,5605
120,11,301,8938,78,90137,309,6805
120,11,301,8938,78,90137,309,6805
120,11,301,8938,78,90137,309,6805
120,11,301,8938,78,90137,309,6805
120,11,302,1421,78,87305,309,7993
120,11,302,1421,78,87305,309,7993
120,11,302,1421,78,87305,309,7993
120,11,302,4355,78,83936,309,9395
120,11,302,4355,78,83936,309,9395
120,11,302,4355,78,83936,309,9395
120,11,302,6809,78,81152,310,0568
120,11,302,6809,78,81152,310,0568
120,11,302,6809,78,81152,310,0568
120,11,302,9077,78,78564,310,1652
120,11,302,9077,78,78564,310,1652
120,11,302,9077,78,78564,310,1652
120,11,302,9077,78,78564,310,1652
120,11,303,1389,78,75928,310,2756
120,11,303,1389,78,75928,310,2756
120,11,303,1389,78,75928,310,2756
120,11,303,3862,78,73096,310,3938
120,12,303,3862,78,73096,310,3938
120,12,303,3862,78,73096,310,3938
120,12,303,6328,78,70313,310,5116
120,12,303,6328,78,70313,310,5116
120,12,303,6328,78,70313,310,5116
120,12,303,8721,78,67578,310,626
120,12,303,8721,78,67578,310,626
120,12,303,8721,78,67578,310,626
120,12,304,0977,78,6499,310,7338
120,12,304,0977,78,6499,310,7338
120,12,304,0977,78,6499,310,7338
120,12,304,3235,78,62451,310,8418
120,12,304,3235,78,62451,310,8418
120,12,304,3235,78,62451,310,8418
120,12,304,5544,78,59814,310,952
120,12,304,5544,78,59814,310,952
120,12,304,5544,78,59814,310,952
120,12,304,6096,78,5918,310,9784
120,12,304,6096,78,5918,310,9784
120,12,304,6096,78,5918,310,9784
120,12,304,8416,78,56592,311,0912
120,12,304,8416,78,56592,311,0912
120,12,304,8416,78,56592,311,0912
120,12,305,0642,78,54102,311,1996
120,12,305,0642,78,54102,311,1996
120,12,305,0642,78,54102,311,1996
120,12,305,2935,78,51563,311,311
120,12,305,2935,78,51563,311,311
120,12,305,2935,78,51563,311,311
120,12,305,2935,78,51563,311,311
120,12,305,5212,78,49023,311,4219
120,12,305,5212,78,49023,311,4219
120,12,305,5212,78,49023,311,4219
120,12,305,7559,78,46387,311,536
120,12,305,7559,78,46387,311,536
120,12,305,7559,78,46387,311,536
120,12,305,7559,78,46387,311,536
120,12,306,0229,78,43408,311,6659
120,12,306,0229,78,43408,311,6659
120,12,306,0229,78,43408,311,6659
120,12,306,0229,78,43408,311,6659
120,12,306,3154,78,40186,311,8082
120,12,306,3154,78,40186,311,8082
120,12,306,3154,78,40186,311,8082
120,12,306,575,78,37256,311,9344
120,12,306,575,78,37256,311,9344
120,12,306,575,78,37256,311,9344
120,12,306,8049,78,34717,312,0464
120,12,306,8049,78,34717,312,0464
120,12,306,8049,78,34717,312,0464
120,12,307,053,78,31934,312,167
120,12,307,053,78,31934,312,167
120,12,307,2522,78,29736,312,2639
120,12,307,2522,78,29736,312,2639
120,12,307,2522,78,29736,312,2639
120,12,307,4526,78,2749,312,3615
120,12,307,4526,78,2749,312,3615
120,12,307,4526,78,2749,312,3615
120,12,307,655,78,25244,312,4598
120,12,307,655,78,25244,312,4598
120,12,307,655,78,25244,312,4598
120,12,307,8828,78,22705,312,5708
120,12,307,8828,78,22705,312,5708
120,12,307,8828,78,22705,312,5708
120,12,308,1147,78,20117,312,6836
120,12,308,1147,78,20117,312,6836
120,12,308,3137,78,1792,312,7804
120,12,308,3137,78,1792,312,7804
120,12,308,3137,78,1792,312,7804
120,12,308,5076,78,15723,312,8748
120,12,308,5076,78,15723,312,8748
120,12,308,6841,78,1377,312,9606
120,12,308,6841,78,1377,312,9606
120,12,308,8691,78,11719,313,0505
120,12,308,8691,78,11719,313,0505
120,12,308,8691,78,11719,313,0505
120,12,309,0427,78,09766,313,135
120,12,309,0427,78,09766,313,135
120,12,309,2129,78,07861,313,2178
120,12,309,2129,78,07861,313,2178
120,12,309,3867,78,05957,313,3022
120,12,309,3867,78,05957,313,3022
120,12,309,3867,78,05957,313,3022
120,12,309,5679,78,03906,313,3904
120,12,309,5679,78,03906,313,3904
120,12,309,7397,78,02002,313,4741
120,12,309,7397,78,02002,313,4741
120,12,309,9106,78,00098,313,5571
120,12,309,9106,78,00098,313,5571
120,12,309,9106,78,00098,313,5571
120,12,310,0881,77,98145,313,6436
120,12,310,0881,77,98145,313,6436
120,12,310,1785,77,97119,313,6875
120,12,310,1785,77,97119,313,6875
120,12,310,1785,77,97119,313,6875
120,12,310,3513,77,95215,313,7717
120,12,310,3513,77,95215,313,7717
120,12,310,531,77,93262,313,8595
120,12,310,531,77,93262,313,8595
120,12,310,531,77,93262,313,8595
120,12,310,7112,77,91309,313,9475
120,12,310,7112,77,91309,313,9475
120,12,310,9097,77,8916,314,0443
120,12,310,9097,77,8916,314,0443
120,12,310,9097,77,8916,314,0443
120,12,311,1116,77,86914,314,1428
120,12,311,1116,77,86914,314,1428
120,12,311,2856,77,85059,314,2278
120,12,311,2856,77,85059,314,2278
120,12,311,2856,77,85059,314,2278
120,12,311,4846,77,82861,314,3248
120,12,311,4846,77,82861,314,3248
120,12,311,6614,77,80957,314,4111
120,12,311,6614,77,80957,314,4111
120,12,311,6614,77,80957,314,4111
120,12,311,6614,77,80957,314,4111
120,12,311,8447,77,78955,314,5006
120,12,311,8447,77,78955,314,5006
120,12,312,1292,77,7583,314,6393
120,12,312,1292,77,7583,314,6393
120,12,312,1292,77,7583,314,6393
120,12,312,3142,77,73828,314,7296
120,12,312,3142,77,73828,314,7296
120,12,312,5117,77,7168,314,8259
120,12,312,5117,77,7168,314,8259
120,12,312,5117,77,7168,314,8259
120,12,312,6853,77,69775,314,9106
120,13,312,6853,77,69775,314,9106
120,13,312,8743,77,67725,315,0029
120,13,312,8743,77,67725,315,0029
120,13,312,8743,77,67725,315,0029
120,13,313,0723,77,65527,315,0996
120,13,313,0723,77,65527,315,0996
120,13,313,0723,77,65527,315,0996
120,13,313,2686,77,63379,315,1953
120,13,313,2686,77,63379,315,1953
120,13,313,4683,77,6123,315,2927
120,13,313,4683,77,6123,315,2927
120,13,313,4683,77,6123,315,2927
120,13,313,6616,77,59131,315,3871
120,13,313,6616,77,59131,315,3871
120,13,313,8379,77,57178,315,4731
120,13,313,8379,77,57178,315,4731
120,13,313,8379,77,57178,315,4731
120,13,314,0396,77,5498,315,5715
120,13,314,0396,77,5498,315,5715
120,13,314,2317,77,52881,315,6652
120,13,314,2317,77,52881,315,6652
120,13,314,2317,77,52881,315,6652
120,13,314,426,77,50781,315,76
120,13,314,426,77,50781,315,76
120,13,314,6094,77,48779,315,8496
120,13,314,6094,77,48779,315,8496
120,13,314,7861,77,46826,315,9358
120,13,314,7861,77,46826,315,9358
120,13,314,7861,77,46826,315,9358
120,13,314,9634,77,44922,316,0222
120,13,314,9634,77,44922,316,0222
120,13,315,1382,77,43018,316,1074
120,13,315,1382,77,43018,316,1074
120,13,315,3108,77,41113,316,1918
120,13,315,3108,77,41113,316,1918
120,13,315,3108,77,41113,316,1918
120,13,315,4819,77,39258,316,2753
120,13,315,4819,77,39258,316,2753
120,13,315,6331,77,37598,316,349
120,13,315,6331,77,37598,316,349
120,13,315,8044,77,35742,316,4321
120,13,315,8044,77,35742,316,4321
120,13,315,8044,77,35742,316,4321
120,13,315,9829,77,33838,316,5187
120,13,315,9829,77,33838,316,5187
120,13,316,1575,77,31982,316,6034
120,13,316,1575,77,31982,316,6034
120,13,316,1575,77,31982,316,6034
120,13,316,333,77,30078,316,6885
120,13,316,333,77,30078,316,6885
120,13,316,522,77,28027,316,7803
120,13,316,522,77,28027,316,7803
120,13,316,522,77,28027,316,7803
120,13,316,7307,77,25781,316,8816
120,13,316,7307,77,25781,316,8816
120,13,316,9114,77,23877,316,9692
120,13,316,9114,77,23877,316,9692
120,13,316,9114,77,23877,316,9692
120,13,317,0989,77,21826,317,0601
120,13,317,0989,77,21826,317,0601
120,13,317,2651,77,20068,317,1407
120,13,317,2651,77,20068,317,1407
120,13,317,4468,77,18115,317,2289
120,13,317,4468,77,18115,317,2289
120,13,317,4468,77,18115,317,2289
120,13,317,626,77,16162,317,3158
120,13,317,626,77,16162,317,3158
120,13,317,7971,77,14355,317,3988
120,13,317,7971,77,14355,317,3988
120,13,317,7971,77,14355,317,3988
120,13,317,9915,77,12256,317,4932
120,13,317,9915,77,12256,317,4932
120,13,318,1943,77,10059,317,5916
120,13,318,1943,77,10059,317,5916
120,13,318,3728,77,08154,317,678
120,13,318,3728,77,08154,317,678
120,13,318,3728,77,08154,317,678
120,13,318,5398,77,06348,317,759
120,13,318,5398,77,06348,317,759
120,13,318,7058,77,0459,317,8397
120,13,318,7058,77,0459,317,8397
120,13,318,873,77,02783,317,9208
120,13,318,873,77,02783,317,9208
120,13,319,0364,77,01025,318
120,13,319,0364,77,01025,318
120,13,319,0364,77,01025,318
120,13,319,2019,76,99268,318,0803
120,13,319,2019,76,99268,318,0803
120,13,319,374,76,97412,318,1638
120,13,319,374,76,97412,318,1638
120,13,319,5349,76,95654,318,2418
120,13,319,5349,76,95654,318,2418
120,13,319,7031,76,93848,318,3235
120,13,319,7031,76,93848,318,3235
120,13,319,8706,76,9209,318,4048
120,13,319,8706,76,9209,318,4048
120,13,319,8706,76,9209,318,4048
120,13,320,0334,76,90332,318,4836
120,13,320,0334,76,90332,318,4836
120,13,320,2021,76,88525,318,5656
120,13,320,2021,76,88525,318,5656
120,13,320,374,76,8667,318,6489
120,13,320,374,76,8667,318,6489
120,13,320,53,76,84961,318,7246
120,13,320,53,76,84961,318,7246
120,13,320,6926,76,83252,318,8035
120,13,320,6926,76,83252,318,8035
120,13,320,8516,76,81543,318,8806
120,13,320,8516,76,81543,318,8806
120,13,321,0068,76,79883,318,9559
120,13,321,0068,76,79883,318,9559
120,13,321,0068,76,79883,318,9559
120,13,321,1667,76,78125,319,0336
120,13,321,1667,76,78125,319,0336
120,13,321,3547,76,76123,319,1246
120,13,321,3547,76,76123,319,1246
120,13,321,5203,76,74365,319,2051
120,13,321,5203,76,74365,319,2051
120,13,321,6697,76,72754,319,2775
120,13,321,6697,76,72754,319,2775
120,13,321,7683,76,7168,319,3253
120,13,321,7683,76,7168,319,3253
120,13,321,7683,76,7168,319,3253
120,13,321,9294,76,69971,319,4053
120,13,321,9294,76,69971,319,4053
120,13,322,0933,76,68262,319,4866
120,13,322,0933,76,68262,319,4866
120,13,322,2463,76,66602,319,5626
120,14,322,2463,76,66602,319,5626
120,14,322,4053,76,64941,319,6415
120,14,322,4053,76,64941,319,6415
120,14,322,5547,76,6333,319,7156
120,14,322,5547,76,6333,319,7156
120,14,322,7056,76,61768,319,7904
120,14,322,7056,76,61768,319,7904
120,14,322,8552,76,60156,319,8647
120,14,322,8552,76,60156,319,8647
120,14,323,0012,76,58643,319,9371
120,14,323,0012,76,58643,319,9371
120,14,323,1587,76,56934,320,0154
120,14,323,1587,76,56934,320,0154
120,14,323,3125,76,55322,320,0916
120,14,323,3125,76,55322,320,0916
120,14,323,4648,76,53711,320,1672
120,14,323,4648,76,53711,320,1672
120,14,323,614,76,52148,320,2412
120,14,323,614,76,52148,320,2412
120,14,323,7732,76,50439,320,3203
120,14,323,7732,76,50439,320,3203
120,14,323,9255,76,48828,320,3959
120,14,323,9255,76,48828,320,3959
120,14,323,9255,76,48828,320,3959
120,14,324,0989,76,46973,320,4819
120,14,324,0989,76,46973,320,4819
120,14,324,2771,76,45117,320,5703
120,14,324,2771,76,45117,320,5703
120,14,324,4553,76,43213,320,6588
120,14,324,4553,76,43213,320,6588
120,14,324,4553,76,43213,320,6588
120,14,324,6228,76,41455,320,7419
120,14,324,6228,76,41455,320,7419
120,14,324,803,76,39551,320,8313
120,14,324,803,76,39551,320,8313
120,14,324,98,76,37646,320,9192
120,14,324,98,76,37646,320,9192
120,14,325,1379,76,35986,320,9976
120,14,325,1379,76,35986,320,9976
120,14,325,3005,76,34277,321,0784
120,14,325,3005,76,34277,321,0784
120,14,325,4548,76,32617,321,1549
120,14,325,4548,76,32617,321,1549
120,14,325,4548,76,32617,321,1549
120,14,325,6108,76,30957,321,2323
120,14,325,6108,76,30957,321,2323
120,14,325,7852,76,2915,321,3188
120,14,325,7852,76,2915,321,3188
120,14,325,9512,76,27393,321,4011
120,14,325,9512,76,27393,321,4011
120,14,326,1121,76,25684,321,481
120,14,326,1121,76,25684,321,481
120,14,326,1121,76,25684,321,481
120,14,326,2781,76,23926,321,5635
120,14,326,2781,76,23926,321,5635
120,14,326,4392,76,22217,321,6433
120,14,326,4392,76,22217,321,6433
120,14,326,5972,76,20508,321,7218
120,14,326,5972,76,20508,321,7218
120,14,326,7617,76,18799,321,8035
120,14,326,7617,76,18799,321,8035
120,14,326,9172,76,17139,321,8806
120,14,326,9172,76,17139,321,8806
120,14,327,0769,76,1543,321,9598
120,14,327,0769,76,1543,321,9598
120,14,327,2327,76,1377,322,0371
120,14,327,2327,76,1377,322,0371
120,14,327,3945,76,12061,322,1176
120,14,327,3945,76,12061,322,1176
120,14,327,3945,76,12061,322,1176
120,14,327,4424,76,11572,322,1412
120,14,327,4424,76,11572,322,1412
120,14,327,6101,76,09814,322,2228
120,14,327,6101,76,09814,322,2228
120,14,327,7791,76,08057,322,3049
120,14,327,7791,76,08057,322,3049
120,14,327,9426,76,06348,322,3845
120,14,327,9426,76,06348,322,3845
120,14,328,1169,76,04492,322,4692
120,14,328,1169,76,04492,322,4692
120,14,328,2693,76,0293,322,5432
120,14,328,2693,76,0293,322,5432
120,14,328,2693,76,0293,322,5432
120,14,328,4299,76,01221,322,6213
120,14,328,4299,76,01221,322,6213
120,14,328,5874,75,99609,322,6979
120,14,328,5874,75,99609,322,6979
120,14,328,7498,75,979,322,777
120,14,328,7498,75,979,322,777
120,14,328,9124,75,96191,322,856
120,14,328,9124,75,96191,322,856
120,14,329,0771,75,94482,322,936
120,14,329,0771,75,94482,322,936
120,14,329,0771,75,94482,322,936
120,14,329,2456,75,92676,323,0179
120,14,329,2456,75,92676,323,0179
120,14,329,4314,75,90771,323,1084
120,14,329,4314,75,90771,323,1084
120,14,329,4314,75,90771,323,1084
120,14,329,6184,75,88818,323,1992
120,14,329,6184,75,88818,323,1992
120,14,329,8164,75,86719,323,2954
120,14,329,8164,75,86719,323,2954
120,14,329,9719,75,85107,323,3711
120,14,329,9719,75,85107,323,3711
120,14,330,1292,75,83447,323,4475
120,14,330,1292,75,83447,323,4475
120,14,330,2839,75,81836,323,5228
120,14,330,2839,75,81836,323,5228
120,14,330,4475,75,80127,323,6023
120,14,330,4475,75,80127,323,6023
120,14,330,4475,75,80127,323,6023
120,14,330,6091,75,78418,323,6809
120,14,330,6091,75,78418,323,6809
120,14,330,7732,75,76709,323,7607
120,14,330,7732,75,76709,323,7607
120,14,330,9548,75,74805,323,849
120,14,330,9548,75,74805,323,849
120,14,331,1147,75,73145,323,9268
120,14,331,1147,75,73145,323,9268
120,14,331,2708,75,71484,324,0026
120,14,331,2708,75,71484,324,0026
120,14,331,4331,75,69824,324,0815
120,14,331,4331,75,69824,324,0815
120,14,331,4331,75,69824,324,0815
120,14,331,5891,75,68164,324,1575
120,14,331,5891,75,68164,324,1575
120,14,331,7429,75,66553,324,2322
120,14,331,7429,75,66553,324,2322
120,14,331,8987,75,64941,324,3079
120,15,331,8987,75,64941,324,3079
120,15,332,0522,75,6333,324,3826
120,15,332,0522,75,6333,324,3826
120,15,332,2026,75,61768,324,4557
120,15,332,2026,75,61768,324,4557
120,15,332,3555,75,60156,324,53
120,15,332,3555,75,60156,324,53
120,15,332,5071,75,58545,324,6038
120,15,332,5071,75,58545,324,6038
120,15,332,6599,75,56934,324,678
120,15,332,6599,75,56934,324,678
120,15,332,8357,75,55127,324,7635
120,15,332,8357,75,55127,324,7635
120,15,332,9912,75,53467,324,8391
120,15,332,9912,75,53467,324,8391
120,15,333,1506,75,51807,324,9166
120,15,333,1506,75,51807,324,9166
120,15,333,3064,75,50195,324,9923
120,15,333,3064,75,50195,324,9923
120,15,333,3064,75,50195,324,9923
120,15,333,4692,75,48486,325,0715
120,15,333,4692,75,48486,325,0715
120,15,333,5579,75,47559,325,1146
120,15,333,5579,75,47559,325,1146
120,15,333,7026,75,46094,325,1938
120,15,333,7026,75,46094,325,1938
120,15,333,8635,75,44434,325,282
120,15,333,8635,75,44434,325,282
120,15,334,0132,75,42871,325,364
120,15,334,0132,75,42871,325,364
120,15,334,1772,75,41211,325,4537
120,15,334,1772,75,41211,325,4537
120,15,334,321,75,39746,325,5325
120,15,334,321,75,39746,325,5325
120,15,334,4812,75,38086,325,6202
120,15,334,4812,75,38086,325,6202
120,15,334,634,75,36523,325,704
120,15,334,634,75,36523,325,704
120,15,334,634,75,36523,325,704
120,15,334,7861,75,34961,325,7872
120,15,334,7861,75,34961,325,7872
120,15,334,9509,75,33301,325,8774
120,15,334,9509,75,33301,325,8774
120,15,335,1079,75,31689,325,9635
120,15,335,1079,75,31689,325,9635
120,15,335,2651,75,30078,326,0496
120,15,335,2651,75,30078,326,0496
120,15,335,4246,75,28467,326,1367
120,15,335,4246,75,28467,326,1367
120,15,335,585,75,26807,326,2247
120,15,335,585,75,26807,326,2247
120,15,335,7349,75,25244,326,3068
120,15,335,7349,75,25244,326,3068
120,15,335,885,75,2373,326,3889
120,15,335,885,75,2373,326,3889
120,15,336,0291,75,22266,326,4679
120,15,336,0291,75,22266,326,4679
120,15,336,0291,75,22266,326,4679
120,15,336,1838,75,20654,326,5526
120,15,336,1838,75,20654,326,5526
120,15,336,345,75,18994,326,6409
120,15,336,345,75,18994,326,6409
120,15,336,502,75,17432,326,7268
120,15,336,502,75,17432,326,7268
120,15,336,6592,75,1582,326,813
120,15,336,6592,75,1582,326,813
120,15,336,6592,75,1582,326,813
120,15,336,8152,75,14209,326,8984
120,15,336,8152,75,14209,326,8984
120,15,337,0522,75,11768,327,0282
120,15,337,0522,75,11768,327,0282
120,15,337,2019,75,10254,327,1101
120,15,337,2019,75,10254,327,1101
120,15,337,2019,75,10254,327,1101
120,15,337,356,75,08643,327,1945
120,15,337,356,75,08643,327,1945
120,15,337,5176,75,07031,327,283
120,15,337,5176,75,07031,327,283
120,15,337,6812,75,05322,327,3726
120,15,337,6812,75,05322,327,3726
120,15,337,8328,75,0376,327,4557
120,15,337,8328,75,0376,327,4557
120,15,337,9895,75,02197,327,5414
120,15,337,9895,75,02197,327,5414
120,15,338,1509,75,00537,327,6298
120,15,338,1509,75,00537,327,6298
120,15,338,3123,74,98877,327,7181
120,15,338,3123,74,98877,327,7181
120,15,338,3123,74,98877,327,7181
120,15,338,4641,74,97314,327,8014
120,15,338,4641,74,97314,327,8014
120,15,338,6243,74,95654,327,8889
120,15,338,6243,74,95654,327,8889
120,15,338,7913,74,93945,327,9805
120,15,338,7913,74,93945,327,9805
120,15,338,8552,74,93311,328,0155
120,15,338,8552,74,93311,328,0155
120,15,338,8552,74,93311,328,0155
120,15,338,9927,74,91943,328,1343
120,15,338,9927,74,91943,328,1343
120,15,339,1348,74,90576,328,2572
120,15,339,1348,74,90576,328,2572
120,15,339,2681,74,89258,328,3723
120,15,339,2681,74,89258,328,3723
120,15,339,4045,74,87939,328,4902
120,15,339,4045,74,87939,328,4902
120,15,339,4045,74,87939,328,4902
120,15,339,5464,74,86523,328,6129
120,15,339,5464,74,86523,328,6129
120,15,339,6963,74,85059,328,7424
120,15,339,6963,74,85059,328,7424
120,15,339,8523,74,83545,328,8773
120,15,339,8523,74,83545,328,8773
120,15,339,8523,74,83545,328,8773
120,15,339,9922,74,82178,328,9983
120,15,339,9922,74,82178,328,9983
120,15,340,1416,74,80713,329,1273
120,15,340,1416,74,80713,329,1273
120,15,340,2815,74,79346,329,248
120,15,340,2815,74,79346,329,248
120,15,340,4314,74,77881,329,3777
120,15,340,4314,74,77881,329,3777
120,15,340,5659,74,76563,329,4939
120,15,340,5659,74,76563,329,4939
120,15,340,5659,74,76563,329,4939
120,15,340,7021,74,75244,329,6118
120,16,340,7021,74,75244,329,6118
120,16,340,842,74,73877,329,7325
120,16,340,842,74,73877,329,7325
120,16,340,9697,74,72607,329,8431
120,16,340,9697,74,72607,329,8431
120,16,341,1077,74,71289,329,9622
120,16,341,1077,74,71289,329,9622
120,16,341,2498,74,69873,330,085
120,16,341,2498,74,69873,330,085
120,16,341,3826,74,68555,330,2
120,16,341,3826,74,68555,330,2
120,16,341,3826,74,68555,330,2
120,16,341,522,74,67188,330,3203
120,16,341,522,74,67188,330,3203
120,16,341,668,74,65771,330,4465
120,16,341,668,74,65771,330,4465
120,16,341,803,74,64453,330,5631
120,16,341,803,74,64453,330,5631
120,16,341,9485,74,63037,330,689
120,16,341,9485,74,63037,330,689
120,16,342,0881,74,6167,330,8097
120,16,342,0881,74,6167,330,8097
120,16,342,0881,74,6167,330,8097
120,16,342,2297,74,60303,330,9319
120,16,342,2297,74,60303,330,9319
120,16,342,3711,74,58887,331,0542
120,16,342,3711,74,58887,331,0542
120,16,342,5105,74,5752,331,1746
120,16,342,5105,74,5752,331,1746
120,16,342,6433,74,5625,331,2894
120,16,342,6433,74,5625,331,2894
120,16,342,7769,74,54932,331,4048
120,16,342,7769,74,54932,331,4048
120,16,342,916,74,53564,331,5251
120,16,342,916,74,53564,331,5251
120,16,342,916,74,53564,331,5251
120,16,343,0522,74,52246,331,6428
120,16,343,0522,74,52246,331,6428
120,16,343,1057,74,51709,331,6891
120,16,343,1057,74,51709,331,6891
120,16,343,2222,74,5083,331,8462
120,16,343,2222,74,5083,331,8462
120,16,343,3257,74,50098,331,9857
120,16,343,3257,74,50098,331,9857
120,16,343,3257,74,50098,331,9857
120,16,343,4407,74,49219,332,141
120,16,343,4407,74,49219,332,141
120,16,343,5542,74,48389,332,2942
120,16,343,5542,74,48389,332,2942
120,16,343,6702,74,4751,332,4507
120,16,343,6702,74,4751,332,4507
120,16,343,6702,74,4751,332,4507
120,16,343,783,74,4668,332,6025
120,16,343,783,74,4668,332,6025
120,16,343,8943,74,4585,332,7529
120,16,343,8943,74,4585,332,7529
120,16,344,0083,74,4502,332,9065
120,16,344,0083,74,4502,332,9065
120,16,344,0083,74,4502,332,9065
120,16,344,1257,74,44141,333,0649
120,16,344,1257,74,44141,333,0649
120,16,344,2446,74,43262,333,2251
120,16,344,2446,74,43262,333,2251
120,16,344,3726,74,42285,333,3979
120,16,344,3726,74,42285,333,3979
120,16,344,3726,74,42285,333,3979
120,16,344,4885,74,41455,333,5544
120,16,344,4885,74,41455,333,5544
120,16,344,4885,74,41455,333,5544
120,16,344,6135,74,40527,333,723
120,16,344,6135,74,40527,333,723
120,16,344,7424,74,39551,333,897
120,16,344,7424,74,39551,333,897
120,16,344,7424,74,39551,333,897
120,16,344,8701,74,38623,334,069
120,16,344,8701,74,38623,334,069
120,16,345,0037,74,37598,334,2493
120,16,345,0037,74,37598,334,2493
120,16,345,0037,74,37598,334,2493
120,16,345,1279,74,3667,334,4167
120,16,345,1279,74,3667,334,4167
120,16,345,251,74,35791,334,5828
120,16,345,251,74,35791,334,5828
120,16,345,251,74,35791,334,5828
120,16,345,3848,74,34766,334,7632
120,16,345,3848,74,34766,334,7632
120,16,345,3848,74,34766,334,7632
120,16,345,5154,74,33789,334,9392
120,16,345,5154,74,33789,334,9392
120,16,345,6555,74,32764,335,1285
120,16,345,6555,74,32764,335,1285
120,16,345,6555,74,32764,335,1285
120,16,345,7864,74,31787,335,3049
120,16,345,7864,74,31787,335,3049
120,16,345,7864,74,31787,335,3049
120,16,345,9072,74,30908,335,4678
120,16,345,9072,74,30908,335,4678
120,16,346,0469,74,29883,335,6563
120,16,346,0469,74,29883,335,6563
120,16,346,0469,74,29883,335,6563
120,16,346,1814,74,28857,335,8376
120,16,346,1814,74,28857,335,8376
120,16,346,3076,74,2793,336,0079
120,16,346,3076,74,2793,336,0079
120,16,346,3076,74,2793,336,0079
120,16,346,4336,74,27002,336,178
120,16,346,4336,74,27002,336,178
120,16,346,5681,74,25977,336,3594
120,16,346,5681,74,25977,336,3594
120,16,346,5681,74,25977,336,3594
120,16,346,6909,74,25098,336,5249
120,16,346,6909,74,25098,336,5249
120,16,346,6909,74,25098,336,5249
120,16,346,8164,74,24121,336,6942
120,16,346,8164,74,24121,336,6942
120,16,346,8164,74,24121,336,6942
120,16,346,9907,74,22852,336,9294
120,16,346,9907,74,22852,336,9294
120,16,347,1118,74,21924,337,0927
120,16,347,1118,74,21924,337,0927
120,16,347,1118,74,21924,337,0927
120,16,347,2361,74,21045,337,2604
120,16,347,2361,74,21045,337,2604
120,16,347,3574,74,20117,337,4238
120,16,347,3574,74,20117,337,4238
120,16,347,3843,74,19922,337,4602
120,17,347,3843,74,19922,337,4602
120,17,347,3843,74,19922,337,4602
120,17,347,4146,74,2041,337,6472
120,17,347,4146,74,2041,337,6472
120,17,347,4456,74,20947,337,8391
120,17,347,4456,74,20947,337,8391
120,17,347,4778,74,21484,338,0389
120,17,347,4778,74,21484,338,0389
120,17,347,4778,74,21484,338,0389
120,17,347,509,74,22021,338,2308
120,17,347,509,74,22021,338,2308
120,17,347,5396,74,2251,338,4204
120,17,347,5396,74,2251,338,4204
120,17,347,5396,74,2251,338,4204
120,17,347,5745,74,23096,338,6366
120,17,347,5745,74,23096,338,6366
120,17,347,6055,74,23633,338,8276
120,17,347,6055,74,23633,338,8276
120,17,347,6365,74,24121,339,0198
120,17,347,6365,74,24121,339,0198
120,17,347,6365,74,24121,339,0198
120,17,347,6694,74,24707,339,2229
120,17,347,6694,74,24707,339,2229
120,17,347,7039,74,25244,339,4352
120,17,347,7039,74,25244,339,4352
120,17,347,7336,74,25781,339,6199
120,17,347,7336,74,25781,339,6199
120,17,347,7336,74,25781,339,6199
120,17,347,7634,74,2627,339,8047
120,17,347,7634,74,2627,339,8047
120,17,347,7937,74,26758,339,9919
120,17,347,7937,74,26758,339,9919
120,17,347,7937,74,26758,339,9919
120,17,347,8276,74,27344,340,2007
120,17,347,8276,74,27344,340,2007
120,17,347,8606,74,27881,340,4043
120,17,347,8606,74,27881,340,4043
120,17,347,8606,74,27881,340,4043
120,17,347,8965,74,28467,340,6262
120,17,347,8965,74,28467,340,6262
120,17,347,927,74,29004,340,8158
120,17,347,927,74,29004,340,8158
120,17,347,927,74,29004,340,8158
120,17,347,9648,74,29639,341,0498
120,17,347,9648,74,29639,341,0498
120,17,347,9648,74,29639,341,0498
120,17,347,9998,74,30225,341,2653
120,17,347,9998,74,30225,341,2653
120,17,348,0339,74,30762,341,4766
120,17,348,0339,74,30762,341,4766
120,17,348,0339,74,30762,341,4766
120,17,348,0693,74,31348,341,6951
120,17,348,0693,74,31348,341,6951
120,17,348,0693,74,31348,341,6951
120,17,348,1057,74,31982,341,92
120,17,348,1057,74,31982,341,92
120,17,348,1404,74,32568,342,135
120,17,348,1404,74,32568,342,135
120,17,348,1404,74,32568,342,135
120,17,348,176,74,33154,342,3542
120,17,348,176,74,33154,342,3542
120,17,348,176,74,33154,342,3542
120,17,348,2131,74,33789,342,585
120,17,348,2131,74,33789,342,585
120,17,348,2476,74,34375,342,7975
120,17,348,2476,74,34375,342,7975
120,17,348,2476,74,34375,342,7975
120,17,348,2695,74,34717,342,9329
120,17,348,2695,74,34717,342,9329
120,17,348,2695,74,34717,342,9329
120,17,348,2349,74,37256,343,1626
120,17,348,2349,74,37256,343,1626
120,17,348,2349,74,37256,343,1626
120,17,348,198,74,39941,343,4089
120,17,348,198,74,39941,343,4089
120,17,348,1638,74,42383,343,6348
120,17,348,1638,74,42383,343,6348
120,17,348,1638,74,42383,343,6348
120,17,348,1328,74,44678,343,8413
120,17,348,1328,74,44678,343,8413
120,17,348,1023,74,46875,344,0446
120,17,348,1023,74,46875,344,0446
120,17,348,1023,74,46875,344,0446
120,17,348,0693,74,49268,344,2628
120,17,348,0693,74,49268,344,2628
120,17,348,0391,74,51465,344,4637
120,17,348,0391,74,51465,344,4637
120,17,348,0391,74,51465,344,4637
120,17,348,0068,74,53857,344,679
120,17,348,0068,74,53857,344,679
120,17,347,9753,74,56104,344,8871
120,17,347,9753,74,56104,344,8871
120,17,347,9753,74,56104,344,8871
120,17,347,9453,74,58301,345,087
120,17,347,9453,74,58301,345,087
120,17,347,916,74,60449,345,2822
120,17,347,916,74,60449,345,2822
120,17,347,8857,74,62646,345,4832
120,17,347,8857,74,62646,345,4832
120,17,347,8857,74,62646,345,4832
120,17,347,8564,74,64795,345,6775
120,17,347,8564,74,64795,345,6775
120,17,347,8279,74,66846,345,8676
120,17,347,8279,74,66846,345,8676
120,17,347,7991,74,68945,346,0585
120,17,347,7991,74,68945,346,0585
120,17,347,7991,74,68945,346,0585
120,17,347,7703,74,71045,346,2501
120,17,347,7703,74,71045,346,2501
120,17,347,7429,74,73047,346,4314
120,17,347,7429,74,73047,346,4314
120,17,347,7429,74,73047,346,4314
120,17,347,7139,74,75146,346,6249
120,17,347,7139,74,75146,346,6249
120,17,347,6809,74,77588,346,8453
120,17,347,6809,74,77588,346,8453
120,17,347,6521,74,79639,347,0349
120,17,347,6521,74,79639,347,0349
120,17,347,6235,74,81738,347,2263
120,17,347,6235,74,81738,347,2263
120,17,347,6235,74,81738,347,2263
120,17,347,5964,74,8374,347,4063
120,17,347,5964,74,8374,347,4063
120,17,347,5696,74,85693,347,5849
120,17,347,5696,74,85693,347,5849
120,17,347,5427,74,87646,347,7632
120,18,347,5427,74,87646,347,7632
120,18,347,5166,74,89551,347,9362
120,18,347,5166,74,89551,347,9362
120,18,347,4907,74,91406,348,1082
120,18,347,4907,74,91406,348,1082
120,18,347,4646,74,93311,348,2811
120,18,347,4646,74,93311,348,2811
120,18,347,437,74,95313,348,4648
120,18,347,437,74,95313,348,4648
120,18,347,4258,74,96143,348,5397
120,18,347,4258,74,96143,348,5397
120,18,347,3879,75,04004,348,689
120,18,347,3879,75,04004,348,689
120,18,347,3879,75,04004,348,689
120,18,347,3491,75,12109,348,8435
120,18,347,3491,75,12109,348,8435
120,18,347,3108,75,20068,348,995
120,18,347,2749,75,27539,349,1372
120,18,347,2749,75,27539,349,1372
120,18,347,2393,75,34912,349,2776
120,18,347,2393,75,34912,349,2776
120,18,347,2048,75,4209,349,4147
120,18,347,2048,75,4209,349,4147
120,18,347,1716,75,48975,349,5453
120,18,347,1716,75,48975,349,5453
120,18,347,1399,75,55615,349,6716
120,18,347,1399,75,55615,349,6716
120,18,347,1042,75,62988,349,8126
120,18,347,0708,75,69971,349,9449
120,18,347,0708,75,69971,349,9449
120,18,347,0376,75,76855,350,0763
120,18,347,0376,75,76855,350,0763
120,18,347,0024,75,8418,350,2153
120,18,347,0024,75,8418,350,2153
120,18,346,9658,75,91797,350,3605
120,18,346,9658,75,91797,350,3605
120,18,346,9319,75,98828,350,4945
120,18,346,9319,75,98828,350,4945
120,18,346,8999,76,05469,350,621
120,18,346,8999,76,05469,350,621
120,18,346,8628,76,13184,350,7677
120,18,346,8628,76,13184,350,7677
120,18,346,8318,76,19629,350,891
120,18,346,7959,76,271,351,0331
120,18,346,7959,76,271,351,0331
120,18,346,7634,76,33838,351,1613
120,18,346,7634,76,33838,351,1613
120,18,346,7285,76,41113,351,2997
120,18,346,7285,76,41113,351,2997
120,18,346,6956,76,47998,351,4304
120,18,346,6956,76,47998,351,4304
120,18,346,6594,76,55469,351,5726
120,18,346,6292,76,61719,351,6925
120,18,346,6292,76,61719,351,6925
120,18,346,5974,76,68359,351,8182
120,18,346,5974,76,68359,351,8182
120,18,346,5657,78,37451,351,9445
120,18,346,5369,76,80908,352,0576
120,18,346,5369,76,80908,352,0576
120,18,346,5051,76,87549,352,1842
120,18,346,5051,76,87549,352,1842
120,18,346,4746,76,93896,352,3042
120,18,346,4438,77,00293,352,4265
120,18,346,4438,77,00293,352,4265
120,18,346,4133,78,9668,352,5466
120,18,346,4133,78,9668,352,5466
120,18,346,3845,77,12646,352,6613
120,18,346,3748,77,14648,352,6997
120,18,346,3748,77,14648,352,6997
120,18,346,3242,77,229,352,8065
120,18,346,3242,77,229,352,8065
120,18,346,2751,77,30957,352,9103
120,18,346,2292,77,38477,353,0072
120,18,346,2292,77,38477,353,0072
120,18,346,1831,77,46045,353,1048
120,18,346,1831,77,46045,353,1048
120,18,346,135,77,53906,353,2064
120,18,346,0857,77,61963,353,3105
120,18,346,0857,77,61963,353,3105
120,18,346,0403,77,69385,353,4066
120,18,345,9888,77,77783,353,5151
120,18,345,9888,77,77783,353,5151
120,18,345,9421,77,85449,353,6139
120,18,345,9421,77,85449,353,6139
120,18,345,8979,77,92676,353,7072
120,18,345,845,78,01318,353,819
120,18,345,845,78,01318,353,819
120,18,345,7957,78,09424,353,9233
120,18,345,7957,78,09424,353,9233
120,18,345,7449,78,17725,354,0306
120,18,345,698,78,25439,354,1299
120,18,345,698,78,25439,354,1299
120,18,345,6489,78,33398,354,2333
120,18,345,6082,78,40137,354,3196
120,18,345,6082,78,40137,354,3196
120,18,345,5627,78,4751,354,4152
120,18,345,52,78,54492,354,5055
120,18,345,52,78,54492,354,5055
120,18,345,478,78,61377,354,5945
120,18,345,437,80,03516,354,681
120,18,345,3948,78,75049,354,7705
120,18,345,3948,78,75049,354,7705
120,18,345,3528,78,81885,354,8591
120,18,345,3528,78,81885,354,8591
120,18,345,3005,78,9043,354,9694
120,18,345,2561,78,97705,355,0632
120,18,345,2561,78,97705,355,0632
120,18,345,2095,80,58545,355,1618
120,18,345,1724,82,36963,355,2405
120,18,345,1282,84,44727,355,3336
120,18,345,1282,84,44727,355,3336
120,18,345,0928,79,24414,355,4084
120,18,345,092,79,24561,355,41
120,18,345,092,79,24561,355,41
120,18,345,092,79,24561,355,41
120,18,345,092,79,24561,355,41
120,18,345,092,79,24561,355,41
120,18,345,092,79,24561,355,41
120,18,345,092,79,24561,355,41
120,18,345,092,79,24561,355,41
120,18,345,092,79,24561,355,41
120,18,345,092,79,24561,355,41
120,18,345,092,79,24561,355,41
120,18,345,092,79,24561,355,41
120,18,345,092,79,24561,355,41
120,18,345,092,79,24561,355,41
120,18,345,092,79,24561,355,41
120,18,345,092,79,24561,355,41
120,18,345,092,79,24561,355,41
120,18,345,092,79,24561,355,41
120,18,345,092,79,24561,355,41
120,18,345,092,79,24561,355,41
120,18,345,092,79,24561,355,41
120,18,345,092,79,24561,355,41
120,18,345,092,79,24561,355,41
120,18,345,092,79,24561,355,41
120,18,345,092,79,24561,355,41
120,18,345,092,79,24561,355,41
120,18,345,092,79,24561,355,41
120,18,345,092,79,24561,355,41
120,18,345,092,79,24561,355,41
120,18,345,092,79,24561,355,41
120,18,345,092,79,24561,355,41
120,18,345,092,79,24561,355,41
120,18,345,092,79,24561,355,41
120,18,345,092,79,24561,355,41
120,18,345,092,79,24561,355,41
120,18,345,092,79,24561,355,41
120,18,345,092,79,24561,355,41
120,18,345,092,79,24561,355,41
120,18,345,092,79,24561,355,41
120,18,345,092,79,24561,355,41
120,18,345,092,79,24561,355,41
120,18,345,092,79,24561,355,41
120,18,345,092,79,24561,355,41
120,18,345,092,79,24561,355,41
120,18,345,092,79,24561,355,41
120,18,345,092,79,24561,355,41
120,18,345,092,79,24561,355,41
120,18,345,092,79,24561,355,41
120,18,345,092,79,24561,355,41
120,18,345,092,79,24561,355,41
120,18,345,092,79,24561,355,41
120,18,345,092,79,24561,355,41
120,18,345,092,79,24561,355,41
120,18,345,092,79,24561,355,41
120,18,345,092,79,24561,355,41
120,18,345,092,79,24561,355,41
120,18,345,092,79,24561,355,41
120,18,345,092,79,24561,355,41
120,18,345,092,79,24561,355,41
120,18,345,092,79,24561,355,41
120,18,345,092,79,24561,355,41
120,18,345,092,79,24561,355,41
120,18,345,092,79,24561,355,41
120,18,345,092,79,24561,355,41
120,18,345,092,79,24561,355,41
120,18,345,092,79,24561,355,41
120,18,345,092,79,24561,355,41
120,18,345,092,79,24561,355,41
120,18,345,092,79,24561,355,41
120,18,345,092,79,24561,355,41
120,18,345,092,79,24561,355,41
120,18,345,092,79,24561,355,41
120,18,345,092,79,24561,355,41
120,18,345,092,79,24561,355,41
120,18,345,092,79,24561,355,41
120,18,345,092,79,24561,355,41
120,18,345,092,79,24561,355,41
120,18,345,092,79,24561,355,41
120,18,345,092,79,24561,355,41
120,18,345,092,79,24561,355,41
120,18,345,092,79,24561,355,41
120,18,345,0461,79,31836,355,4928
120,18,344,9937,79,40186,355,5873
120,18,344,9492,79,47217,355,6674
120,18,344,9492,79,47217,355,6674
120,18,344,9041,79,54395,355,7489
120,18,344,8567,79,61865,355,8342
120,18,344,8567,79,61865,355,8342
120,18,344,8086,79,69482,355,9207
120,18,344,7585,79,77441,356,0109
120,18,344,7585,79,77441,356,0109
120,18,344,7114,79,84912,356,0959
120,18,344,6646,79,92334,356,1805
120,18,344,6646,79,92334,356,1805
120,18,344,6169,79,99902,356,2661
120,18,344,573,80,06836,356,3453
120,18,344,5291,80,13867,356,4249
120,18,344,5291,80,13867,356,4249
120,18,344,4863,80,20605,356,5018
120,18,344,4402,80,2793,356,5848
120,18,344,3955,80,3501,356,6655
120,18,344,3955,80,3501,356,6655
120,18,344,3528,80,41797,356,7423
120,18,344,313,81,8374,356,814
120,18,344,2759,83,30029,356,881
120,18,344,2415,84,90332,356,9427
120,18,344,2092,86,7417,357,0009
120,18,344,178,88,9082,357,0573
120,18,344,1553,80,73096,357,0983
120,18,344,1553,80,73096,357,0983
120,18,344,1553,80,73096,357,0983
120,18,344,1553,80,73096,357,0983
120,18,344,1553,80,73096,357,0983
120,18,344,1553,80,73096,357,0983
120,18,344,1553,80,73096,357,0983
120,18,344,1553,80,73096,357,0983
120,18,344,1553,80,73096,357,0983
120,18,344,1553,80,73096,357,0983
120,18,344,1553,80,73096,357,0983
120,18,344,1553,80,73096,357,0983
120,18,344,1553,80,73096,357,0983
120,18,344,1553,80,73096,357,0983
120,18,344,1553,80,73096,357,0983
120,18,344,1553,80,73096,357,0983
120,18,344,1553,80,73096,357,0983
120,18,344,1553,80,73096,357,0983
120,18,344,1553,80,73096,357,0983
120,18,344,1553,80,73096,357,0983
120,18,344,1553,80,73096,357,0983
120,18,344,1553,80,73096,357,0983
120,18,344,1553,80,73096,357,0983
120,18,344,1553,80,73096,357,0983
120,18,344,1553,80,73096,357,0983
120,18,344,1553,80,73096,357,0983
120,18,344,1553,80,73096,357,0983
120,18,344,1553,80,73096,357,0983
120,18,344,1553,80,73096,357,0983
120,18,344,1553,80,73096,357,0983
120,18,344,1553,80,73096,357,0983
120,18,344,1553,80,73096,357,0983
120,18,344,1553,80,73096,357,0983
120,18,344,1553,80,73096,357,0983
120,18,344,1553,80,73096,357,0983
120,18,344,1553,80,73096,357,0983
120,18,344,1553,80,73096,357,0983
120,18,344,1553,80,73096,357,0983
120,18,344,1553,80,73096,357,0983
120,18,344,1553,80,73096,357,0983
120,18,344,1553,80,73096,357,0983
120,18,344,1553,80,73096,357,0983
120,18,344,1553,80,73096,357,0983
120,18,344,1553,80,73096,357,0983
120,18,344,1553,80,73096,357,0983
120,18,344,1553,80,73096,357,0983
120,18,344,1553,80,73096,357,0983
120,18,344,1553,80,73096,357,0983
120,18,344,1553,80,73096,357,0983
120,18,344,1553,80,73096,357,0983
120,18,344,1553,80,73096,357,0983
120,18,344,1553,80,73096,357,0983
120,18,344,1553,80,73096,357,0983
120,18,344,1553,80,73096,357,0983
120,18,344,1553,80,73096,357,0983
120,18,344,1553,80,73096,357,0983
120,18,344,1553,80,73096,357,0983
120,18,344,1553,80,73096,357,0983
120,18,344,1553,80,73096,357,0983
120,18,344,1553,80,73096,357,0983
120,18,344,1553,80,73096,357,0983
120,18,344,1553,80,73096,357,0983
120,18,344,1553,80,73096,357,0983
120,18,344,1553,80,73096,357,0983
120,18,344,1553,80,73096,357,0983
120,18,344,1553,80,73096,357,0983
120,18,344,1553,80,73096,357,0983
120,18,344,1553,80,73096,357,0983
120,18,344,1553,80,73096,357,0983
120,18,344,1553,80,73096,357,0983
120,18,344,1553,80,73096,357,0983
120,18,344,1553,80,73096,357,0983
120,18,344,1553,80,73096,357,0983
120,18,344,1553,80,73096,357,0983
120,18,344,1553,80,73096,357,0983
120,18,344,1553,80,73096,357,0983
120,18,344,1553,80,73096,357,0983
120,18,344,1553,80,73096,357,0983
120,18,344,1553,80,73096,357,0983
120,18,344,1553,80,73096,357,0983
120,18,344,1553,80,73096,357,0983
120,18,344,1553,80,73096,357,0983
120,18,344,1553,80,73096,357,0983
120,18,344,1553,80,73096,357,0983
120,18,344,1553,80,73096,357,0983
120,18,344,1553,80,73096,357,0983
120,18,344,1553,80,73096,357,0983
120,18,344,1553,80,73096,357,0983
120,18,344,1553,80,73096,357,0983
120,18,344,1553,80,73096,357,0983
120,18,344,1553,80,73096,357,0983
120,18,344,1553,80,73096,357,0983
120,18,344,1553,80,73096,357,0983
120,18,344,1553,80,73096,357,0983
120,18,344,1553,80,73096,357,0983
120,18,344,1553,80,73096,357,0983
120,18,344,1553,80,73096,357,0983
120,18,344,1553,80,73096,357,0983
120,18,344,1553,80,73096,357,0983
120,18,344,0635,80,79834,357,1737
120,18,344,0635,80,79834,357,1737
120,18,343,9712,80,86621,357,2495
120,18,343,9712,80,86621,357,2495
120,18,343,8789,80,93359,357,3254
120,18,343,8789,80,93359,357,3254
120,18,343,7788,81,00732,357,4077
120,18,343,6851,81,07617,357,4846
120,18,343,6851,81,07617,357,4846
120,18,343,5808,81,15234,357,5703
120,18,343,5808,81,15234,357,5703
120,18,343,4856,81,22266,357,6486
120,18,343,4856,81,22266,357,6486
120,18,343,3862,81,29541,357,73
120,18,343,3862,81,29541,357,73
120,18,343,2788,81,37402,357,8184
120,18,343,1768,81,44873,357,9022
120,18,343,1768,81,44873,357,9022
120,18,343,0747,81,52393,357,9861
120,18,343,0747,81,52393,357,9861
120,18,342,9719,81,59912,358,0704
120,18,342,9719,81,59912,358,0704
120,18,342,8721,81,67236,358,1525
120,18,342,8721,81,67236,358,1525
120,18,342,771,81,74658,358,2355
120,18,342,771,81,74658,358,2355
120,18,342,6621,81,82666,358,3251
120,18,342,5549,81,90527,358,413
120,18,342,5549,81,90527,358,413
120,18,342,4517,81,98096,358,4979
120,18,342,4517,81,98096,358,4979
120,18,342,3372,82,06494,358,5919
120,18,342,3372,82,06494,358,5919
120,18,342,2515,82,12793,358,6624
120,18,342,2515,82,12793,358,6624
120,18,342,2515,82,12793,358,6624
120,18,342,2515,82,12793,358,6624
120,18,342,2515,82,12793,358,6624
120,18,342,2515,82,12793,358,6624
120,18,342,2515,82,12793,358,6624
120,18,342,2515,82,12793,358,6624
120,18,342,2515,82,12793,358,6624
120,18,342,2515,82,12793,358,6624
120,18,342,2515,82,12793,358,6624
120,18,342,2515,82,12793,358,6624
120,18,342,2515,82,12793,358,6624
120,18,342,2515,82,12793,358,6624
120,18,342,2515,82,12793,358,6624
120,18,342,2515,82,12793,358,6624
120,18,342,2515,82,12793,358,6624
120,18,342,2515,82,12793,358,6624
120,18,342,2515,82,12793,358,6624
120,18,342,2515,82,12793,358,6624
120,18,342,2515,82,12793,358,6624
120,18,342,2515,82,12793,358,6624
120,18,342,2515,82,12793,358,6624
120,18,342,2515,82,12793,358,6624
120,18,342,2515,82,12793,358,6624
120,18,342,2515,82,12793,358,6624
120,18,342,2515,82,12793,358,6624
120,18,342,2515,82,12793,358,6624
120,18,342,2515,82,12793,358,6624
120,18,342,2515,82,12793,358,6624
120,18,342,2515,82,12793,358,6624
120,18,342,2515,82,12793,358,6624
120,18,342,2515,82,12793,358,6624
120,18,342,2515,82,12793,358,6624
120,18,342,2515,82,12793,358,6624
120,18,342,2515,82,12793,358,6624
120,18,342,2515,82,12793,358,6624
120,18,342,2515,82,12793,358,6624
120,18,342,2515,82,12793,358,6624
120,18,342,2515,82,12793,358,6624
120,18,342,2515,82,12793,358,6624
120,18,342,2515,82,12793,358,6624
120,18,342,2515,82,12793,358,6624
120,18,342,2515,82,12793,358,6624
120,18,342,2515,82,12793,358,6624
120,18,342,2515,82,12793,358,6624
120,18,342,2515,82,12793,358,6624
120,18,342,2515,82,12793,358,6624
120,18,342,2515,82,12793,358,6624
120,18,342,2515,82,12793,358,6624
120,18,342,2515,82,12793,358,6624
120,18,342,2515,82,12793,358,6624
120,18,342,2515,82,12793,358,6624
120,18,342,2515,82,12793,358,6624
120,18,342,2515,82,12793,358,6624
120,18,342,2515,82,12793,358,6624
120,18,342,2515,82,12793,358,6624
120,18,342,2515,82,12793,358,6624
120,18,342,2515,82,12793,358,6624
120,18,342,2515,82,12793,358,6624
120,18,342,2515,82,12793,358,6624
120,18,342,2515,82,12793,358,6624
120,18,342,2515,82,12793,358,6624
120,18,342,2515,82,12793,358,6624
120,18,342,2515,82,12793,358,6624
120,18,342,2515,82,12793,358,6624
120,18,342,2515,82,12793,358,6624
120,18,342,2515,82,12793,358,6624
120,18,342,2515,82,12793,358,6624
120,18,342,2515,82,12793,358,6624
120,18,342,2515,82,12793,358,6624
120,18,342,2515,82,12793,358,6624
120,18,342,2515,82,12793,358,6624
120,18,342,2515,82,12793,358,6624
120,18,342,2515,82,12793,358,6624
120,18,342,2515,82,12793,358,6624
120,18,342,2515,82,12793,358,6624
120,18,342,2515,82,12793,358,6624
120,18,342,2515,82,12793,358,6624
120,18,342,2515,82,12793,358,6624
120,18,342,2515,82,12793,358,6624
120,18,342,2515,82,12793,358,6624
120,18,342,2515,82,12793,358,6624
120,18,342,2515,82,12793,358,6624
120,18,342,2515,82,12793,358,6624
120,18,342,2515,82,12793,358,6624
120,18,342,2515,82,12793,358,6624
120,18,342,2515,82,12793,358,6624
120,18,342,2515,82,12793,358,6624
120,18,342,2515,82,12793,358,6624
120,18,342,2515,82,12793,358,6624
120,18,342,2515,82,12793,358,6624
120,18,342,2515,82,12793,358,6624
120,18,342,2515,82,12793,358,6624
120,18,342,0574,82,17773,358,6536
120,18,342,0574,82,17773,358,6536
120,18,341,8435,82,23291,358,6439
120,18,341,8435,82,23291,358,6439
120,18,341,8435,82,23291,358,6439
120,18,341,6462,82,28369,358,635
120,18,341,6462,82,28369,358,635
120,18,341,4438,82,33545,358,6259
120,18,341,4438,82,33545,358,6259
120,18,341,4438,82,33545,358,6259
120,18,341,2422,82,38721,358,6168
120,18,341,2422,82,38721,358,6168
120,18,341,0366,82,43994,358,6075
120,18,341,0366,82,43994,358,6075
120,18,341,0366,82,43994,358,6075
120,18,340,8394,82,49072,358,5986
120,18,340,8394,82,49072,358,5986
120,18,340,645,82,54102,358,5899
120,18,340,645,82,54102,358,5899
120,18,340,4424,82,59277,358,5807
120,18,340,4424,82,59277,358,5807
120,18,340,4424,82,59277,358,5807
120,18,340,3328,82,62109,358,5758
120,18,340,3328,82,62109,358,5758
120,18,340,3328,82,62109,358,5758
120,18,340,3328,82,62109,358,5758
120,18,340,3328,82,62109,358,5758
120,18,340,3328,82,62109,358,5758
120,18,340,3328,82,62109,358,5758
120,18,340,3328,82,62109,358,5758
120,18,340,3328,82,62109,358,5758
120,18,340,3328,82,62109,358,5758
120,18,340,3328,82,62109,358,5758
120,18,340,3328,82,62109,358,5758
120,18,340,3328,82,62109,358,5758
120,18,340,3328,82,62109,358,5758
120,18,340,3328,82,62109,358,5758
120,18,340,3328,82,62109,358,5758
120,18,340,3328,82,62109,358,5758
120,18,340,3328,82,62109,358,5758
120,18,340,3328,82,62109,358,5758
120,18,340,3328,82,62109,358,5758
120,18,340,3328,82,62109,358,5758
120,18,340,3328,82,62109,358,5758
120,18,340,3328,82,62109,358,5758
120,18,340,3328,82,62109,358,5758
120,18,340,3328,82,62109,358,5758
120,18,340,3328,82,62109,358,5758
120,18,340,3328,82,62109,358,5758
120,18,340,3328,82,62109,358,5758
120,18,340,3328,82,62109,358,5758
120,18,340,3328,82,62109,358,5758
120,18,340,3328,82,62109,358,5758
120,18,340,3328,82,62109,358,5758
120,18,340,3328,82,62109,358,5758
120,18,340,3328,82,62109,358,5758
120,18,340,3328,82,62109,358,5758
120,18,340,3328,82,62109,358,5758
120,18,340,3328,82,62109,358,5758
120,18,340,3328,82,62109,358,5758
120,18,340,3328,82,62109,358,5758
120,18,340,3328,82,62109,358,5758
120,18,340,3328,82,62109,358,5758
120,18,340,3328,82,62109,358,5758
120,18,340,3328,82,62109,358,5758
120,18,340,3328,82,62109,358,5758
120,18,340,3328,82,62109,358,5758
120,18,340,3328,82,62109,358,5758
120,18,340,3328,82,62109,358,5758
120,18,340,3328,82,62109,358,5758
120,18,340,3328,82,62109,358,5758
120,18,340,3328,82,62109,358,5758
120,18,340,3328,82,62109,358,5758
120,18,340,3328,82,62109,358,5758
120,18,340,3328,82,62109,358,5758
120,18,340,3328,82,62109,358,5758
120,18,340,3328,82,62109,358,5758
120,18,340,3328,82,62109,358,5758
120,18,340,3328,82,62109,358,5758
120,18,340,3328,82,62109,358,5758
120,18,340,3328,82,62109,358,5758
120,18,340,3328,82,62109,358,5758
120,18,340,3328,82,62109,358,5758
120,18,340,3328,82,62109,358,5758
120,18,340,3328,82,62109,358,5758
120,18,340,3328,82,62109,358,5758
120,18,340,3328,82,62109,358,5758
120,18,340,3328,82,62109,358,5758
120,18,340,3328,82,62109,358,5758
120,18,340,3328,82,62109,358,5758
120,18,340,3328,82,62109,358,5758
120,18,340,3328,82,62109,358,5758
120,18,340,3328,82,62109,358,5758
120,18,340,3328,82,62109,358,5758
120,18,340,3328,82,62109,358,5758
120,18,340,3328,82,62109,358,5758
120,18,340,3328,82,62109,358,5758
120,18,340,3328,82,62109,358,5758
120,18,340,3328,82,62109,358,5758
120,18,340,3328,82,62109,358,5758
120,18,340,3328,82,62109,358,5758
120,18,340,3328,82,62109,358,5758
120,18,340,3328,82,62109,358,5758
120,18,340,3328,82,62109,358,5758
120,18,340,3328,82,62109,358,5758
120,18,340,3328,82,62109,358,5758
120,18,340,3328,82,62109,358,5758
120,18,340,3328,82,62109,358,5758
120,18,340,3328,82,62109,358,5758
120,18,340,3328,82,62109,358,5758
120,18,340,3328,82,62109,358,5758
120,18,340,3328,82,62109,358,5758
120,18,340,3328,82,62109,358,5758
120,18,340,3328,82,62109,358,5758
120,18,340,3328,82,62109,358,5758
120,18,340,3328,82,62109,358,5758
120,18,340,3328,82,62109,358,5758
120,18,340,3328,82,62109,358,5758
120,18,340,3328,82,62109,358,5758
120,18,340,3328,82,62109,358,5758
120,18,340,3328,82,62109,358,5758
120,18,340,3328,82,62109,358,5758
120,18,340,3328,82,62109,358,5758
120,18,340,3328,82,62109,358,5758
120,18,340,3328,82,62109,358,5758
120,18,340,3328,82,62109,358,5758
120,18,340,1184,82,604,358,5205
120,18,340,1184,82,604,358,5205
120,18,340,1184,82,604,358,5205
120,18,339,9099,82,5874,358,4667
120,18,339,9099,82,5874,358,4667
120,18,339,7185,82,57227,358,4172
120,18,339,7185,82,57227,358,4172
120,18,339,7185,82,57227,358,4172
120,18,339,5054,82,55518,358,3622
120,18,339,5054,82,55518,358,3622
120,18,339,3074,82,53955,358,3111
120,18,339,3074,82,53955,358,3111
120,18,339,1272,82,52539,358,2645
120,18,339,1272,82,52539,358,2645
120,18,339,1272,82,52539,358,2645
120,18,338,9346,82,50977,358,2148
120,18,338,9346,82,50977,358,2148
120,18,338,7441,82,49463,358,1656
120,18,338,7441,82,49463,358,1656
120,18,338,5537,82,47949,358,1165
120,18,338,5537,82,47949,358,1165
120,18,338,5537,82,47949,358,1165
120,18,338,5537,82,47949,358,1165
120,18,338,3635,82,46436,358,0674
120,18,338,3635,82,46436,358,0674
120,18,338,0938,82,44287,357,9977
120,18,338,0938,82,44287,357,9977
120,18,337,9153,82,42871,357,9517
120,18,337,9153,82,42871,357,9517
120,18,337,9153,82,42871,357,9517
120,18,337,7214,82,41357,357,9016
120,18,337,7214,82,41357,357,9016
120,18,337,5361,82,39844,357,8538
120,18,337,5361,82,39844,357,8538
120,18,337,3499,82,38379,357,8057
120,18,337,3499,82,38379,357,8057
120,18,337,1709,82,36963,357,7595
120,18,337,1709,82,36963,357,7595
120,18,336,9937,82,35547,357,7137
120,18,336,9937,82,35547,357,7137
120,18,336,9937,82,35547,357,7137
120,18,336,8577,82,34473,357,6786
120,18,336,8577,82,34473,357,6786
120,18,336,8577,82,34473,357,6786
120,18,336,8577,82,34473,357,6786
120,18,336,8577,82,34473,357,6786
120,18,336,8577,82,34473,357,6786
120,18,336,8577,82,34473,357,6786
120,18,336,8577,82,34473,357,6786
120,18,336,8577,82,34473,357,6786
120,18,336,8577,82,34473,357,6786
120,18,336,8577,82,34473,357,6786
120,18,336,8577,82,34473,357,6786
120,18,336,8577,82,34473,357,6786
120,18,336,8577,82,34473,357,6786
120,18,336,8577,82,34473,357,6786
120,18,336,8577,82,34473,357,6786
120,18,336,8577,82,34473,357,6786
120,18,336,8577,82,34473,357,6786
120,18,336,8577,82,34473,357,6786
120,18,336,8577,82,34473,357,6786
120,18,336,8577,82,34473,357,6786
120,18,336,8577,82,34473,357,6786
120,18,336,8577,82,34473,357,6786
120,18,336,8577,82,34473,357,6786
120,18,336,8577,82,34473,357,6786
120,18,336,8577,82,34473,357,6786
120,18,336,8577,82,34473,357,6786
120,18,336,8577,82,34473,357,6786
120,18,336,8577,82,34473,357,6786
120,18,336,8577,82,34473,357,6786
120,18,336,8577,82,34473,357,6786
120,18,336,8577,82,34473,357,6786
120,18,336,8577,82,34473,357,6786
120,18,336,8577,82,34473,357,6786
120,18,336,8577,82,34473,357,6786
120,18,336,8577,82,34473,357,6786
120,18,336,8577,82,34473,357,6786
120,18,336,8577,82,34473,357,6786
120,18,336,8577,82,34473,357,6786
120,18,336,8577,82,34473,357,6786
120,18,336,8577,82,34473,357,6786
120,18,336,8577,82,34473,357,6786
120,18,336,8577,82,34473,357,6786
120,18,336,8577,82,34473,357,6786
120,18,336,8577,82,34473,357,6786
120,18,336,8577,82,34473,357,6786
120,18,336,8577,82,34473,357,6786
120,18,336,8577,82,34473,357,6786
120,18,336,8577,82,34473,357,6786
120,18,336,8577,82,34473,357,6786
120,18,336,8577,82,34473,357,6786
120,18,336,8577,82,34473,357,6786
120,18,336,8577,82,34473,357,6786
120,18,336,8577,82,34473,357,6786
120,18,336,8577,82,34473,357,6786
120,18,336,8577,82,34473,357,6786
120,18,336,8577,82,34473,357,6786
120,18,336,8577,82,34473,357,6786
120,18,336,8577,82,34473,357,6786
120,18,336,8577,82,34473,357,6786
120,18,336,8577,82,34473,357,6786
120,18,336,8577,82,34473,357,6786
120,18,336,8577,82,34473,357,6786
120,18,336,8577,82,34473,357,6786
120,18,336,8577,82,34473,357,6786
120,18,336,8577,82,34473,357,6786
120,18,336,8577,82,34473,357,6786
120,18,336,8577,82,34473,357,6786
120,18,336,8577,82,34473,357,6786
120,18,336,8577,82,34473,357,6786
120,18,336,8577,82,34473,357,6786
120,18,336,8577,82,34473,357,6786
120,18,336,8577,82,34473,357,6786
120,18,336,8577,82,34473,357,6786
120,18,336,8577,82,34473,357,6786
120,18,336,8577,82,34473,357,6786
120,18,336,8577,82,34473,357,6786
120,18,336,8577,82,34473,357,6786
120,18,336,8577,82,34473,357,6786
120,18,336,8577,82,34473,357,6786
120,18,336,8577,82,34473,357,6786
120,18,336,6782,82,33936,357,6155
120,18,336,6782,82,33936,357,6155
120,18,336,5105,82,33447,357,5566
120,18,336,5105,82,33447,357,5566
120,18,336,3418,82,32959,357,4973
120,18,336,3418,82,32959,357,4973
120,18,336,1729,82,32471,357,438
120,18,336,1729,82,32471,357,438
120,18,336,1729,82,32471,357,438
120,18,335,9983,82,31934,357,3766
120,18,335,9983,82,31934,357,3766
120,18,335,8044,82,31348,357,3085
120,18,335,8044,82,31348,357,3085
120,18,335,6216,82,30811,357,2443
120,18,335,6216,82,30811,357,2443
120,18,335,6216,82,30811,357,2443
120,18,335,4373,82,30273,357,1794
120,18,335,4373,82,30273,357,1794
120,18,335,2571,82,29785,357,1161
120,18,335,2571,82,29785,357,1161
120,18,335,0881,82,29248,357,0568
120,18,335,0881,82,29248,357,0568
120,18,334,9167,82,2876,356,9965
120,18,334,9167,82,2876,356,9965
120,18,334,7412,82,28223,356,9349
120,18,334,7412,82,28223,356,9349
120,18,334,5835,82,27783,356,8794
120,18,334,5835,82,27783,356,8794
120,18,334,4246,82,27295,356,8236
120,18,334,4246,82,27295,356,8236
120,18,334,2588,82,26807,356,7654
120,18,334,2588,82,26807,356,7654
120,18,334,0906,82,26318,356,7063
120,18,334,0906,82,26318,356,7063
120,18,333,9277,82,2583,356,649
120,18,333,9277,82,2583,356,649
120,18,333,9277,82,2583,356,649
120,18,333,7644,82,25342,356,5916
120,18,333,7644,82,25342,356,5916
120,18,333,5925,82,24854,356,5313
120,18,333,5925,82,24854,356,5313
120,18,333,4277,82,24365,356,4733
120,18,333,4277,82,24365,356,4733
120,18,333,2505,82,23828,356,411
120,18,333,2505,82,23828,356,411
120,18,333,0879,82,23389,356,3539
120,18,333,0879,82,23389,356,3539
120,18,333,0879,82,23389,356,3539
120,18,332,9065,82,22852,356,2902
120,18,332,9065,82,22852,356,2902
120,18,332,7268,82,22314,356,2271
120,18,332,7268,82,22314,356,2271
120,18,332,5662,82,21826,356,1705
120,18,332,5662,82,21826,356,1705
120,18,332,4092,82,21387,356,1154
120,18,332,4092,82,21387,356,1154
120,18,332,28,82,20996,356,07
120,18,332,28,82,20996,356,07
120,18