Time,RSteps,X,Y,Z
120,0,308,4399,85,232,26
120,0,308,4399,85,232,26
120,0,308,4399,85,232,26
120,0,308,4399,85,232,26
120,0,308,4399,85,232,26
120,0,308,4399,85,232,26
120,0,308,4399,85,232,26
120,0,308,4399,85,232,26
120,0,308,4399,85,232,26
120,0,308,4399,85,232,26
120,0,308,4399,85,232,26
120,0,308,4399,85,232,26
120,0,308,4399,85,232,26
120,0,308,4399,85,232,26
120,0,308,4399,85,232,26
120,0,308,4399,85,232,26
120,0,308,4399,85,232,26
120,0,308,4399,85,232,26
120,0,308,4399,85,232,26
120,0,308,4399,85,232,26
120,1,308,4399,85,232,26
120,1,308,4399,85,232,26
120,1,308,4399,85,232,26
120,1,309,397,84,36719,232,3451
120,1,309,397,84,36719,232,3451
120,1,309,397,84,36719,232,3451
120,1,309,397,84,36719,232,3451
120,1,309,397,84,36719,232,3451
120,1,309,397,84,36719,232,3451
120,1,309,397,84,36719,232,3451
120,1,309,397,84,36719,232,3451
120,1,309,397,84,36719,232,3451
120,1,309,397,84,36719,232,3451
120,1,309,397,84,36719,232,3451
120,1,309,397,84,36719,232,3451
120,1,309,397,84,36719,232,3451
120,1,309,397,84,36719,232,3451
120,1,309,397,84,36719,232,3451
120,1,309,397,84,36719,232,3451
120,1,309,397,84,36719,232,3451
120,1,309,397,84,36719,232,3451
120,1,309,397,84,36719,232,3451
120,1,309,397,84,36719,232,3451
120,1,309,397,84,36719,232,3451
120,1,309,397,84,36719,232,3451
120,1,309,397,84,36719,232,3451
120,1,309,397,84,36719,232,3451
120,1,309,397,84,36719,232,3451
120,1,309,397,84,36719,232,3451
120,1,309,397,84,36719,232,3451
120,1,309,397,84,36719,232,3451
120,1,309,397,84,36719,232,3451
120,1,309,397,84,36719,232,3451
120,1,309,397,84,36719,232,3451
120,1,309,397,84,36719,232,3451
120,1,309,397,84,36719,232,3451
120,1,309,397,84,36719,232,3451
120,1,309,397,84,36719,232,3451
120,1,309,397,84,36719,232,3451
120,1,309,397,84,36719,232,3451
120,1,309,397,84,36719,232,3451
120,1,309,397,84,36719,232,3451
120,1,309,397,84,36719,232,3451
120,1,309,397,84,36719,232,3451
120,1,309,397,84,36719,232,3451
120,1,309,397,84,36719,232,3451
120,1,309,397,84,36719,232,3451
120,1,309,397,84,36719,232,3451
120,1,309,397,84,36719,232,3451
120,1,309,397,84,36719,232,3451
120,1,309,397,84,36719,232,3451
120,1,309,397,84,36719,232,3451
120,1,309,397,84,36719,232,3451
120,1,309,397,84,36719,232,3451
120,1,309,397,84,36719,232,3451
120,1,309,397,84,36719,232,3451
120,1,309,397,84,36719,232,3451
120,1,309,397,84,36719,232,3451
120,1,309,397,84,36719,232,3451
120,1,309,397,84,36719,232,3451
120,1,309,397,84,36719,232,3451
120,1,309,397,84,36719,232,3451
120,1,309,397,84,36719,232,3451
120,1,309,397,84,36719,232,3451
120,1,309,397,84,36719,232,3451
120,1,309,397,84,36719,232,3451
120,1,309,397,84,36719,232,3451
120,1,309,397,84,36719,232,3451
120,1,309,397,84,36719,232,3451
120,1,309,397,84,36719,232,3451
120,1,309,397,84,36719,232,3451
120,1,309,397,84,36719,232,3451
120,1,309,397,84,36719,232,3451
120,1,309,397,84,36719,232,3451
120,1,309,397,84,36719,232,3451
120,1,309,397,84,36719,232,3451
120,1,309,397,84,36719,232,3451
120,1,309,397,84,36719,232,3451
120,1,309,397,84,36719,232,3451
120,1,309,5532,84,35596,232,3793
120,1,309,5532,84,35596,232,3793
120,1,309,5532,84,35596,232,3793
120,1,309,6995,84,3457,232,4114
120,1,309,6995,84,3457,232,4114
120,1,309,6995,84,3457,232,4114
120,1,309,855,84,33447,232,4454
120,1,309,855,84,33447,232,4454
120,1,309,855,84,33447,232,4454
120,1,310,0054,84,32373,232,4784
120,1,310,0054,84,32373,232,4784
120,1,310,1655,84,3125,232,5134
120,1,310,1655,84,3125,232,5134
120,1,310,1655,84,3125,232,5134
120,1,310,3079,84,30225,232,5447
120,1,310,3079,84,30225,232,5447
120,1,310,3079,84,30225,232,5447
120,1,310,4575,84,2915,232,5774
120,1,310,4575,84,2915,232,5774
120,1,310,4575,84,2915,232,5774
120,1,310,6086,84,28076,232,6105
120,1,310,6086,84,28076,232,6105
120,1,310,7639,84,26953,232,6445
120,1,310,7639,84,26953,232,6445
120,1,310,7639,84,26953,232,6445
120,1,310,9089,84,25928,232,6763
120,1,310,9089,84,25928,232,6763
120,1,310,9089,84,25928,232,6763
120,1,311,0581,84,24854,232,709
120,1,311,0581,84,24854,232,709
120,1,311,2009,84,23828,232,7402
120,1,311,2009,84,23828,232,7402
120,1,311,2009,84,23828,232,7402
120,1,311,3506,84,22754,232,7729
120,1,311,3506,84,22754,232,7729
120,1,311,3506,84,22754,232,7729
120,1,311,4958,84,21729,232,8048
120,1,311,4958,84,21729,232,8048
120,1,311,4958,84,21729,232,8048
120,1,311,656,84,20605,232,84
120,1,311,656,84,20605,232,84
120,1,311,656,84,20605,232,84
120,1,311,8242,84,19385,232,8767
120,1,311,8242,84,19385,232,8767
120,1,311,9712,84,18359,232,9089
120,1,311,9712,84,18359,232,9089
120,1,311,9712,84,18359,232,9089
120,1,312,114,84,17334,232,9402
120,1,312,114,84,17334,232,9402
120,1,312,114,84,17334,232,9402
120,1,312,2659,84,1626,232,9734
120,2,312,2659,84,1626,232,9734
120,2,312,2659,84,1626,232,9734
120,2,312,4119,84,15186,233,0055
120,2,312,4119,84,15186,233,0055
120,2,312,5686,84,14063,233,0398
120,2,312,5686,84,14063,233,0398
120,2,312,5686,84,14063,233,0398
120,2,312,7134,84,13037,233,0715
120,2,312,7134,84,13037,233,0715
120,2,312,7134,84,13037,233,0715
120,2,312,8662,84,11963,233,105
120,2,312,8662,84,11963,233,105
120,2,313,0154,84,10889,233,1377
120,2,313,0154,84,10889,233,1377
120,2,313,0154,84,10889,233,1377
120,2,313,1643,84,09814,233,1703
120,2,313,1643,84,09814,233,1703
120,2,313,1643,84,09814,233,1703
120,2,313,3088,84,08789,233,2019
120,2,313,3088,84,08789,233,2019
120,2,313,4614,84,07715,233,2354
120,2,313,4614,84,07715,233,2354
120,2,313,4614,84,07715,233,2354
120,2,313,5283,84,07227,233,25
120,2,313,5283,84,07227,233,25
120,2,313,5283,84,07227,233,25
120,2,313,677,84,06543,233,2794
120,2,313,677,84,06543,233,2794
120,2,313,8152,84,05908,233,3068
120,2,313,8152,84,05908,233,3068
120,2,313,8152,84,05908,233,3068
120,2,313,968,84,05176,233,337
120,2,313,968,84,05176,233,337
120,2,313,968,84,05176,233,337
120,2,314,1187,84,04492,233,3669
120,2,314,1187,84,04492,233,3669
120,2,314,1187,84,04492,233,3669
120,2,314,2747,84,0376,233,3977
120,2,314,2747,84,0376,233,3977
120,2,314,2747,84,0376,233,3977
120,2,314,418,84,03076,233,4261
120,2,314,418,84,03076,233,4261
120,2,314,418,84,03076,233,4261
120,2,314,5908,84,02246,233,4604
120,2,314,5908,84,02246,233,4604
120,2,314,7402,84,01563,233,49
120,2,314,7402,84,01563,233,49
120,2,314,7402,84,01563,233,49
120,2,314,8867,84,00879,233,519
120,2,314,8867,84,00879,233,519
120,2,314,8867,84,00879,233,519
120,2,315,0256,84,00244,233,5465
120,2,315,0256,84,00244,233,5465
120,2,315,0256,84,00244,233,5465
120,2,315,179,83,99512,233,5768
120,2,315,179,83,99512,233,5768
120,2,315,322,83,98828,233,6052
120,2,315,322,83,98828,233,6052
120,2,315,322,83,98828,233,6052
120,2,315,4771,83,98145,233,6359
120,2,315,4771,83,98145,233,6359
120,2,315,4771,83,98145,233,6359
120,2,315,6235,83,97461,233,6649
120,2,315,6235,83,97461,233,6649
120,2,315,6235,83,97461,233,6649
120,2,315,7761,83,96729,233,6951
120,2,315,7761,83,96729,233,6951
120,2,315,9207,83,96045,233,7238
120,2,315,9207,83,96045,233,7238
120,2,315,9207,83,96045,233,7238
120,2,316,075,83,95313,233,7543
120,2,316,075,83,95313,233,7543
120,2,316,075,83,95313,233,7543
120,2,316,2141,83,94678,233,7817
120,2,316,2141,83,94678,233,7817
120,2,316,2141,83,94678,233,7817
120,2,316,3694,83,93945,233,8125
120,2,316,3694,83,93945,233,8125
120,2,316,5085,83,93311,233,8401
120,2,316,5085,83,93311,233,8401
120,2,316,5085,83,93311,233,8401
120,2,316,6589,83,92627,233,8699
120,2,316,6589,83,92627,233,8699
120,2,316,6589,83,92627,233,8699
120,2,316,8027,83,91943,233,8984
120,2,316,8027,83,91943,233,8984
120,2,316,9514,83,9126,233,9279
120,2,316,9514,83,9126,233,9279
120,2,316,9514,83,9126,233,9279
120,2,317,0916,83,90576,233,9556
120,2,317,0916,83,90576,233,9556
120,2,317,0916,83,90576,233,9556
120,2,317,2356,83,89893,233,9841
120,2,317,2356,83,89893,233,9841
120,2,317,3713,83,89258,234,011
120,2,317,3713,83,89258,234,011
120,2,317,3713,83,89258,234,011
120,2,317,5181,83,88574,234,04
120,2,317,5181,83,88574,234,04
120,2,317,5181,83,88574,234,04
120,2,317,5742,83,8833,234,0511
120,2,317,5742,83,8833,234,0511
120,2,317,7629,83,88818,234,0908
120,2,317,7629,83,88818,234,0908
120,2,317,7629,83,88818,234,0908
120,2,317,9324,83,89258,234,1265
120,2,317,9324,83,89258,234,1265
120,2,318,1179,83,89746,234,1654
120,2,318,1179,83,89746,234,1654
120,2,318,1179,83,89746,234,1654
120,2,318,2952,83,90234,234,2026
120,2,318,2952,83,90234,234,2026
120,2,318,2952,83,90234,234,2026
120,2,318,4773,83,90723,234,241
120,2,318,4773,83,90723,234,241
120,2,318,6499,83,91162,234,2772
120,2,318,6499,83,91162,234,2772
120,2,318,6499,83,91162,234,2772
120,2,318,8293,83,9165,234,3149
120,2,318,8293,83,9165,234,3149
120,2,318,8293,83,9165,234,3149
120,2,319,0022,83,9209,234,3513
120,2,319,0022,83,9209,234,3513
120,2,319,1975,83,92627,234,3923
120,2,319,1975,83,92627,234,3923
120,2,319,1975,83,92627,234,3923
120,2,319,3728,83,93115,234,4291
120,2,319,3728,83,93115,234,4291
120,2,319,3728,83,93115,234,4291
120,2,319,5569,83,93604,234,4678
120,2,319,5569,83,93604,234,4678
120,2,319,5569,83,93604,234,4678
120,2,319,7402,83,94043,234,5063
120,2,319,7402,83,94043,234,5063
120,2,319,9333,83,9458,234,5469
120,2,319,9333,83,9458,234,5469
120,2,319,9333,83,9458,234,5469
120,2,320,103,83,9502,234,5826
120,2,320,103,83,9502,234,5826
120,2,320,282,83,95508,234,6202
120,2,320,282,83,95508,234,6202
120,2,320,282,83,95508,234,6202
120,2,320,4539,83,95947,234,6564
120,2,320,4539,83,95947,234,6564
120,2,320,6262,83,96436,234,6926
120,2,320,6262,83,96436,234,6926
120,2,320,6262,83,96436,234,6926
120,2,320,7917,83,96875,234,7273
120,2,320,7917,83,96875,234,7273
120,2,320,9612,83,97314,234,7629
120,2,320,9612,83,97314,234,7629
120,2,320,9612,83,97314,234,7629
120,2,321,1228,83,97754,234,797
120,2,321,1228,83,97754,234,797
120,2,321,302,83,98193,234,8346
120,2,321,302,83,98193,234,8346
120,2,321,302,83,98193,234,8346
120,2,321,4814,83,98682,234,8723
120,2,321,4814,83,98682,234,8723
120,2,321,6528,83,99121,234,9083
120,2,321,6528,83,99121,234,9083
120,2,321,6528,83,99121,234,9083
120,2,321,8103,83,99561,234,9414
120,2,321,8103,83,99561,234,9414
120,2,321,9856,84,234,9783
120,2,321,9856,84,234,9783
120,2,321,9856,84,234,9783
120,2,322,1497,84,00439,235,0127
120,2,322,1497,84,00439,235,0127
120,2,322,3254,84,00928,235,0497
120,2,322,3254,84,00928,235,0497
120,2,322,3254,84,00928,235,0497
120,2,322,4871,84,01367,235,0837
120,2,322,4871,84,01367,235,0837
120,2,322,4871,84,01367,235,0837
120,2,322,4871,84,01367,235,0837
120,2,322,4871,84,01367,235,0837
120,2,322,4871,84,01367,235,0837
120,2,322,4871,84,01367,235,0837
120,2,322,4871,84,01367,235,0837
120,2,322,4871,84,01367,235,0837
120,2,322,4871,84,01367,235,0837
120,2,322,4871,84,01367,235,0837
120,2,322,4871,84,01367,235,0837
120,2,322,4871,84,01367,235,0837
120,2,322,4871,84,01367,235,0837
120,2,322,4871,84,01367,235,0837
120,2,322,4871,84,01367,235,0837
120,2,322,4871,84,01367,235,0837
120,2,322,4871,84,01367,235,0837
120,2,322,4871,84,01367,235,0837
120,2,322,4871,84,01367,235,0837
120,2,322,4871,84,01367,235,0837
120,2,322,4871,84,01367,235,0837
120,2,322,4871,84,01367,235,0837
120,2,322,4871,84,01367,235,0837
120,2,322,4871,84,01367,235,0837
120,2,322,4871,84,01367,235,0837
120,2,322,4871,84,01367,235,0837
120,2,322,4871,84,01367,235,0837
120,2,322,4871,84,01367,235,0837
120,2,322,4871,84,01367,235,0837
120,2,322,4871,84,01367,235,0837
120,2,322,4871,84,01367,235,0837
120,2,322,4871,84,01367,235,0837
120,2,322,4871,84,01367,235,0837
120,2,322,4871,84,01367,235,0837
120,2,322,4871,84,01367,235,0837
120,2,322,4871,84,01367,235,0837
120,2,322,4871,84,01367,235,0837
120,2,322,4871,84,01367,235,0837
120,2,322,4871,84,01367,235,0837
120,2,322,4871,84,01367,235,0837
120,2,322,4871,84,01367,235,0837
120,2,322,4871,84,01367,235,0837
120,2,322,4871,84,01367,235,0837
120,2,322,4871,84,01367,235,0837
120,2,322,4871,84,01367,235,0837
120,2,322,4871,84,01367,235,0837
120,2,322,4871,84,01367,235,0837
120,2,322,4871,84,01367,235,0837
120,2,322,4871,84,01367,235,0837
120,2,322,4871,84,01367,235,0837
120,2,322,4871,84,01367,235,0837
120,2,322,4871,84,01367,235,0837
120,2,322,4871,84,01367,235,0837
120,2,322,4871,84,01367,235,0837
120,2,322,4871,84,01367,235,0837
120,2,322,4871,84,01367,235,0837
120,2,322,4871,84,01367,235,0837
120,2,322,4871,84,01367,235,0837
120,2,322,4871,84,01367,235,0837
120,2,322,4871,84,01367,235,0837
120,2,322,4871,84,01367,235,0837
120,2,322,4871,84,01367,235,0837
120,2,322,4871,84,01367,235,0837
120,2,322,4871,84,01367,235,0837
120,2,322,4871,84,01367,235,0837
120,2,322,4871,84,01367,235,0837
120,2,322,4871,84,01367,235,0837
120,2,322,4871,84,01367,235,0837
120,2,322,4871,84,01367,235,0837
120,2,322,4871,84,01367,235,0837
120,2,322,4871,84,01367,235,0837
120,2,322,4871,84,01367,235,0837
120,2,322,4871,84,01367,235,0837
120,2,322,4871,84,01367,235,0837
120,2,322,4871,84,01367,235,0837
120,2,322,4871,84,01367,235,0837
120,2,322,4871,84,01367,235,0837
120,2,322,4871,84,01367,235,0837
120,2,322,4871,84,01367,235,0837
120,2,322,4871,84,01367,235,0837
120,2,322,4871,84,01367,235,0837
120,2,322,4871,84,01367,235,0837
120,2,322,4871,84,01367,235,0837
120,2,322,4871,84,01367,235,0837
120,2,322,4871,84,01367,235,0837
120,2,322,4871,84,01367,235,0837
120,2,322,4871,84,01367,235,0837
120,2,322,4871,84,01367,235,0837
120,2,322,4871,84,01367,235,0837
120,2,322,4871,84,01367,235,0837
120,2,322,4871,84,01367,235,0837
120,2,322,4871,84,01367,235,0837
120,2,322,4871,84,01367,235,0837
120,2,322,4871,84,01367,235,0837
120,2,322,4871,84,01367,235,0837
120,2,322,4871,84,01367,235,0837
120,2,322,4871,84,01367,235,0837
120,2,322,4871,84,01367,235,0837
120,2,322,4871,84,01367,235,0837
120,2,322,4871,84,01367,235,0837
120,2,322,4871,84,01367,235,0837
120,2,322,4871,84,01367,235,0837
120,2,322,4871,84,01367,235,0837
120,2,322,4871,84,01367,235,0837
120,2,322,4871,84,01367,235,0837
120,2,322,4871,84,01367,235,0837
120,2,322,4871,84,01367,235,0837
120,2,322,4871,84,01367,235,0837
120,2,322,4871,84,01367,235,0837
120,2,322,4871,84,01367,235,0837
120,2,322,4871,84,01367,235,0837
120,2,322,4871,84,01367,235,0837
120,2,322,4871,84,01367,235,0837
120,2,322,4871,84,01367,235,0837
120,2,322,4871,84,01367,235,0837
120,2,322,4871,84,01367,235,0837
120,2,322,4871,84,01367,235,0837
120,2,322,4871,84,01367,235,0837
120,2,322,4871,84,01367,235,0837
120,2,322,4871,84,01367,235,0837
120,2,322,4871,84,01367,235,0837
120,2,322,4871,84,01367,235,0837
120,2,322,4871,84,01367,235,0837
120,2,322,4871,84,01367,235,0837
120,2,322,4871,84,01367,235,0837
120,2,322,4871,84,01367,235,0837
120,2,322,4871,84,01367,235,0837
120,2,322,4871,84,01367,235,0837
120,2,322,4871,84,01367,235,0837
120,2,322,4871,84,01367,235,0837
120,2,322,4871,84,01367,235,0837
120,2,322,4871,84,01367,235,0837
120,2,322,4871,84,01367,235,0837
120,2,322,4871,84,01367,235,0837
120,2,322,4871,84,01367,235,0837
120,2,322,4871,84,01367,235,0837
120,2,322,4871,84,01367,235,0837
120,2,322,4871,84,01367,235,0837
120,2,322,4871,84,01367,235,0837
120,2,322,4871,84,01367,235,0837
120,2,322,4871,84,01367,235,0837
120,2,322,4871,84,01367,235,0837
120,2,322,4871,84,01367,235,0837
120,2,322,4871,84,01367,235,0837
120,2,322,4871,84,01367,235,0837
120,2,322,4871,84,01367,235,0837
120,2,322,4871,84,01367,235,0837
120,2,322,4871,84,01367,235,0837
120,2,322,4871,84,01367,235,0837
120,2,322,4871,84,01367,235,0837
120,2,322,4871,84,01367,235,0837
120,2,322,4871,84,01367,235,0837
120,2,322,4871,84,01367,235,0837
120,2,322,4871,84,01367,235,0837
120,2,322,4871,84,01367,235,0837
120,2,322,4871,84,01367,235,0837
120,2,322,4871,84,01367,235,0837
120,2,322,4871,84,01367,235,0837
120,2,322,4871,84,01367,235,0837
120,2,322,4871,84,01367,235,0837
120,2,322,4871,84,01367,235,0837
120,2,322,4871,84,01367,235,0837
120,2,322,4871,84,01367,235,0837
120,2,322,4871,84,01367,235,0837
120,2,322,4871,84,01367,235,0837
120,2,322,4871,84,01367,235,0837
120,2,322,4871,84,01367,235,0837
120,2,322,4871,84,01367,235,0837
120,2,322,4871,84,01367,235,0837
120,2,322,4871,84,01367,235,0837
120,2,322,4871,84,01367,235,0837
120,2,322,4871,84,01367,235,0837
120,2,322,4871,84,01367,235,0837
120,2,322,4871,84,01367,235,0837
120,2,322,4871,84,01367,235,0837
120,2,322,4871,84,01367,235,0837
120,2,322,4871,84,01367,235,0837
120,2,322,4871,84,01367,235,0837
120,2,322,4871,84,01367,235,0837
120,2,322,4871,84,01367,235,0837
120,2,322,4871,84,01367,235,0837
120,2,322,4871,84,01367,235,0837
120,2,322,4871,84,01367,235,0837
120,2,322,4871,84,01367,235,0837
120,2,322,4871,84,01367,235,0837
120,2,322,4871,84,01367,235,0837
120,2,322,4871,84,01367,235,0837
120,2,322,4871,84,01367,235,0837
120,2,322,4871,84,01367,235,0837
120,2,322,4871,84,01367,235,0837
120,2,322,4871,84,01367,235,0837
120,2,322,4871,84,01367,235,0837
120,2,322,4871,84,01367,235,0837
120,2,322,4871,84,01367,235,0837
120,2,322,4871,84,01367,235,0837
120,2,322,4871,84,01367,235,0837
120,2,322,4871,84,01367,235,0837
120,2,322,4871,84,01367,235,0837
120,2,322,4871,84,01367,235,0837
120,2,322,4871,84,01367,235,0837
120,2,322,4871,84,01367,235,0837
120,2,322,4871,84,01367,235,0837
120,2,322,4871,84,01367,235,0837
120,2,322,4871,84,01367,235,0837
120,2,322,4871,84,01367,235,0837
120,2,322,4871,84,01367,235,0837
120,2,322,4871,84,01367,235,0837
120,2,322,4871,84,01367,235,0837
120,2,322,4871,84,01367,235,0837
120,2,322,4871,84,01367,235,0837
120,2,322,4871,84,01367,235,0837
120,2,322,4871,84,01367,235,0837
120,2,322,4871,84,01367,235,0837
120,2,322,4871,84,01367,235,0837
120,2,322,4871,84,01367,235,0837
120,2,322,4871,84,01367,235,0837
120,2,322,4871,84,01367,235,0837
120,2,322,4871,84,01367,235,0837
120,2,322,4871,84,01367,235,0837
120,2,322,4871,84,01367,235,0837
120,2,322,4871,84,01367,235,0837
120,2,322,4871,84,01367,235,0837
120,2,322,4871,84,01367,235,0837
120,2,322,4871,84,01367,235,0837
120,2,322,4871,84,01367,235,0837
120,2,322,4871,84,01367,235,0837
120,2,322,4871,84,01367,235,0837
120,2,322,4871,84,01367,235,0837
120,2,322,4871,84,01367,235,0837
120,2,322,4871,84,01367,235,0837
120,2,322,4871,84,01367,235,0837
120,2,322,4871,84,01367,235,0837
120,2,322,4871,84,01367,235,0837
120,2,322,4871,84,01367,235,0837
120,2,322,4871,84,01367,235,0837
120,2,322,4871,84,01367,235,0837
120,2,322,4871,84,01367,235,0837
120,2,322,4871,84,01367,235,0837
120,2,322,4871,84,01367,235,0837
120,2,322,4871,84,01367,235,0837
120,2,322,4871,84,01367,235,0837
120,2,322,4871,84,01367,235,0837
120,2,322,4871,84,01367,235,0837
120,2,322,4871,84,01367,235,0837
120,2,322,4871,84,01367,235,0837
120,2,322,4871,84,01367,235,0837
120,2,322,4871,84,01367,235,0837
120,2,322,4871,84,01367,235,0837
120,2,322,4871,84,01367,235,0837
120,2,322,4871,84,01367,235,0837
120,2,322,4871,84,01367,235,0837
120,2,322,4871,84,01367,235,0837
120,2,322,4871,84,01367,235,0837
120,2,322,4871,84,01367,235,0837
120,2,322,4871,84,01367,235,0837
120,2,322,4871,84,01367,235,0837
120,2,322,4871,84,01367,235,0837
120,2,322,4871,84,01367,235,0837
120,2,322,4871,84,01367,235,0837
120,3,322,4871,84,01367,235,0837
120,3,322,4871,84,01367,235,0837
120,3,322,4871,84,01367,235,0837
120,3,322,4871,84,01367,235,0837
120,3,322,6616,84,01807,235,1204
120,3,322,6616,84,01807,235,1204
120,3,322,6616,84,01807,235,1204
120,3,322,8491,84,03418,235,1448
120,3,322,8491,84,03418,235,1448
120,3,322,8491,84,03418,235,1448
120,3,323,0378,84,0498,235,1694
120,3,323,0378,84,0498,235,1694
120,3,323,2351,84,06689,235,1952
120,3,323,2351,84,06689,235,1952
120,3,323,2351,84,06689,235,1952
120,3,323,4211,84,08252,235,2195
120,3,323,4211,84,08252,235,2195
120,3,323,4211,84,08252,235,2195
120,3,323,6091,84,09863,235,2439
120,3,323,6091,84,09863,235,2439
120,3,323,6091,84,09863,235,2439
120,3,323,7952,84,11426,235,2682
120,3,323,7952,84,11426,235,2682
120,3,323,7952,84,11426,235,2682
120,3,323,9895,84,13086,235,2936
120,3,323,9895,84,13086,235,2936
120,3,324,1763,84,14648,235,3179
120,3,324,1763,84,14648,235,3179
120,3,324,1763,84,14648,235,3179
120,3,324,3745,84,16309,235,3438
120,3,324,3745,84,16309,235,3438
120,3,324,3745,84,16309,235,3438
120,3,324,5642,84,1792,235,3685
120,3,324,5642,84,1792,235,3685
120,3,324,5642,84,1792,235,3685
120,3,324,7659,84,19629,235,3948
120,3,324,7659,84,19629,235,3948
120,3,324,7659,84,19629,235,3948
120,3,324,9524,84,2124,235,4192
120,3,324,9524,84,2124,235,4192
120,3,324,9524,84,2124,235,4192
120,3,325,1602,84,22998,235,4463
120,3,325,1602,84,22998,235,4463
120,3,325,1602,84,22998,235,4463
120,3,325,3501,84,24609,235,4711
120,3,325,3501,84,24609,235,4711
120,3,325,3501,84,24609,235,4711
120,3,325,5549,84,26367,235,4978
120,3,325,5549,84,26367,235,4978
120,3,325,5549,84,26367,235,4978
120,3,325,74,84,2793,235,522
120,3,325,74,84,2793,235,522
120,3,325,74,84,2793,235,522
120,3,325,9458,84,29639,235,5487
120,3,325,9458,84,29639,235,5487
120,3,325,9458,84,29639,235,5487
120,3,326,1328,84,3125,235,5731
120,3,326,1328,84,3125,235,5731
120,3,326,1328,84,3125,235,5731
120,3,326,334,84,32959,235,5994
120,3,326,334,84,32959,235,5994
120,3,326,334,84,32959,235,5994
120,3,326,5273,84,3457,235,6246
120,3,326,5273,84,3457,235,6246
120,3,326,5273,84,3457,235,6246
120,3,326,7405,84,36377,235,6525
120,3,326,7405,84,36377,235,6525
120,3,326,7405,84,36377,235,6525
120,3,326,9387,84,38086,235,6782
120,3,326,9387,84,38086,235,6782
120,3,326,9387,84,38086,235,6782
120,3,327,1467,84,39844,235,7054
120,3,327,1467,84,39844,235,7054
120,3,327,1467,84,39844,235,7054
120,3,327,3364,84,41455,235,7302
120,3,327,3364,84,41455,235,7302
120,3,327,5366,84,43164,235,7563
120,3,327,5366,84,43164,235,7563
120,3,327,5366,84,43164,235,7563
120,3,327,5366,84,43164,235,7563
120,3,327,7,84,44531,235,7776
120,3,327,7,84,44531,235,7776
120,3,327,9197,84,46777,235,769
120,3,327,9197,84,46777,235,769
120,3,327,9197,84,46777,235,769
120,3,327,9197,84,46777,235,769
120,3,328,1284,84,48975,235,761
120,3,328,1284,84,48975,235,761
120,3,328,3425,84,51172,235,7527
120,3,328,3425,84,51172,235,7527
120,3,328,3425,84,51172,235,7527
120,3,328,5454,84,53271,235,7449
120,3,328,5454,84,53271,235,7449
120,3,328,5454,84,53271,235,7449
120,3,328,7578,84,55469,235,7366
120,3,328,7578,84,55469,235,7366
120,3,328,7578,84,55469,235,7366
120,3,328,7578,84,55469,235,7366
120,3,328,9565,84,5752,235,7289
120,3,328,9565,84,5752,235,7289
120,3,328,9565,84,5752,235,7289
120,3,329,2234,84,60254,235,7185
120,3,329,2234,84,60254,235,7185
120,3,329,2234,84,60254,235,7185
120,3,329,448,84,62549,235,7098
120,3,329,448,84,62549,235,7098
120,3,329,448,84,62549,235,7098
120,3,329,6619,84,64795,235,7015
120,3,329,6619,84,64795,235,7015
120,3,329,6619,84,64795,235,7015
120,3,329,8657,84,66895,235,6937
120,4,329,8657,84,66895,235,6937
120,4,329,8657,84,66895,235,6937
120,4,330,0847,84,69141,235,6852
120,4,330,0847,84,69141,235,6852
120,4,330,0847,84,69141,235,6852
120,4,330,2925,84,71289,235,6771
120,4,330,2925,84,71289,235,6771
120,4,330,2925,84,71289,235,6771
120,4,330,5063,84,73486,235,6688
120,4,330,5063,84,73486,235,6688
120,4,330,5063,84,73486,235,6688
120,4,330,707,84,75586,235,6611
120,4,330,707,84,75586,235,6611
120,4,330,707,84,75586,235,6611
120,4,330,9197,84,77734,235,6528
120,4,330,9197,84,77734,235,6528
120,4,330,9197,84,77734,235,6528
120,4,331,1189,84,79834,235,6451
120,4,331,1189,84,79834,235,6451
120,4,331,1189,84,79834,235,6451
120,4,331,3369,84,8208,235,6367
120,4,331,3369,84,8208,235,6367
120,4,331,3369,84,8208,235,6367
120,4,331,5413,84,8418,235,6288
120,4,331,5413,84,8418,235,6288
120,4,331,5413,84,8418,235,6288
120,4,331,7522,84,86328,235,6206
120,4,331,7522,84,86328,235,6206
120,4,331,7522,84,86328,235,6206
120,4,331,9617,84,88525,235,6124
120,4,331,9617,84,88525,235,6124
120,4,331,9617,84,88525,235,6124
120,4,332,2085,84,91064,235,6029
120,4,332,2085,84,91064,235,6029
120,4,332,2085,84,91064,235,6029
120,4,332,2085,84,91064,235,6029
120,4,332,4287,84,93311,235,5944
120,4,332,4287,84,93311,235,5944
120,4,332,4287,84,93311,235,5944
120,4,332,6863,84,95996,235,5844
120,4,332,6863,84,95996,235,5844
120,4,332,6863,84,95996,235,5844
120,4,332,6863,84,95996,235,5844
120,4,332,9248,84,98438,235,5752
120,4,332,9248,84,98438,235,5752
120,4,332,9248,84,98438,235,5752
120,4,332,9895,84,99121,235,5726
120,4,332,9895,84,99121,235,5726
120,4,332,9895,84,99121,235,5726
120,4,333,198,85,01465,235,541
120,4,333,198,85,01465,235,541
120,4,333,198,85,01465,235,541
120,4,333,3982,85,03711,235,5107
120,4,333,3982,85,03711,235,5107
120,4,333,3982,85,03711,235,5107
120,4,333,3982,85,03711,235,5107
120,4,333,615,85,06152,235,4779
120,4,333,615,85,06152,235,4779
120,4,333,615,85,06152,235,4779
120,4,333,821,85,08447,235,4467
120,4,333,821,85,08447,235,4467
120,4,333,821,85,08447,235,4467
120,4,334,0083,85,10547,235,4183
120,4,334,0083,85,10547,235,4183
120,4,334,2061,85,12744,235,3884
120,4,334,2061,85,12744,235,3884
120,4,334,2061,85,12744,235,3884
120,4,334,3884,85,14795,235,3608
120,4,334,3884,85,14795,235,3608
120,4,334,3884,85,14795,235,3608
120,4,334,5781,85,16943,235,332
120,4,334,5781,85,16943,235,332
120,4,334,5781,85,16943,235,332
120,4,334,7625,85,18994,235,3041
120,4,334,7625,85,18994,235,3041
120,4,334,7625,85,18994,235,3041
120,4,334,9636,85,2124,235,2737
120,4,334,9636,85,2124,235,2737
120,4,334,9636,85,2124,235,2737
120,4,335,1443,85,23291,235,2462
120,4,335,1443,85,23291,235,2462
120,4,335,1443,85,23291,235,2462
120,4,335,3379,85,25439,235,217
120,4,335,3379,85,25439,235,217
120,4,335,3379,85,25439,235,217
120,4,335,5264,85,27539,235,1884
120,4,335,5264,85,27539,235,1884
120,4,335,5264,85,27539,235,1884
120,4,335,719,85,29736,235,1592
120,4,335,719,85,29736,235,1592
120,4,335,719,85,29736,235,1592
120,4,335,9084,85,31836,235,1305
120,4,335,9084,85,31836,235,1305
120,4,335,9084,85,31836,235,1305
120,4,336,1189,85,3418,235,0986
120,4,336,1189,85,3418,235,0986
120,4,336,1189,85,3418,235,0986
120,4,336,1189,85,3418,235,0986
120,4,336,3098,85,36328,235,0698
120,4,336,3098,85,36328,235,0698
120,4,336,3098,85,36328,235,0698
120,4,336,5266,85,3877,235,037
120,4,336,5266,85,3877,235,037
120,4,336,5266,85,3877,235,037
120,4,336,5266,85,3877,235,037
120,4,336,7292,85,41016,235,0062
120,4,336,7292,85,41016,235,0062
120,4,336,7292,85,41016,235,0062
120,4,336,9739,85,43799,234,9692
120,4,336,9739,85,43799,234,9692
120,4,336,9739,85,43799,234,9692
120,4,337,168,85,45947,234,9398
120,4,337,168,85,45947,234,9398
120,4,337,168,85,45947,234,9398
120,4,337,3655,85,48193,234,9099
120,4,337,3655,85,48193,234,9099
120,4,337,3655,85,48193,234,9099
120,4,337,5574,85,50342,234,8809
120,4,337,5574,85,50342,234,8809
120,4,337,5574,85,50342,234,8809
120,4,337,7549,85,52539,234,8508
120,4,337,7549,85,52539,234,8508
120,4,337,7549,85,52539,234,8508
120,4,337,8118,85,53174,234,8423
120,5,337,8118,85,53174,234,8423
120,5,337,8118,85,53174,234,8423
120,5,337,9902,85,55322,234,7992
120,5,337,9902,85,55322,234,7992
120,5,337,9902,85,55322,234,7992
120,5,338,1516,85,57275,234,7601
120,5,338,1516,85,57275,234,7601
120,5,338,1516,85,57275,234,7601
120,5,338,3125,85,59229,234,7213
120,5,338,3125,85,59229,234,7213
120,5,338,3125,85,59229,234,7213
120,5,338,4685,85,61133,234,6836
120,5,338,4685,85,61133,234,6836
120,5,338,4685,85,61133,234,6836
120,5,338,6313,85,63135,234,6443
120,5,338,6313,85,63135,234,6443
120,5,338,6313,85,63135,234,6443
120,5,338,7961,85,65088,234,6045
120,5,338,7961,85,65088,234,6045
120,5,338,7961,85,65088,234,6045
120,5,338,959,85,6709,234,5652
120,5,338,959,85,6709,234,5652
120,5,338,959,85,6709,234,5652
120,5,339,1177,85,68994,234,5269
120,5,339,1177,85,68994,234,5269
120,5,339,1177,85,68994,234,5269
120,5,339,2803,85,70996,234,4875
120,5,339,2803,85,70996,234,4875
120,5,339,2803,85,70996,234,4875
120,5,339,4343,85,72852,234,4503
120,5,339,4343,85,72852,234,4503
120,5,339,4343,85,72852,234,4503
120,5,339,5947,85,74805,234,4116
120,5,339,5947,85,74805,234,4116
120,5,339,5947,85,74805,234,4116
120,5,339,748,85,7666,234,3746
120,5,339,748,85,7666,234,3746
120,5,339,748,85,7666,234,3746
120,5,339,906,85,78564,234,3364
120,5,339,906,85,78564,234,3364
120,5,339,906,85,78564,234,3364
120,5,340,0586,85,8042,234,2996
120,5,340,0586,85,8042,234,2996
120,5,340,0586,85,8042,234,2996
120,5,340,2258,85,82471,234,2593
120,5,340,2258,85,82471,234,2593
120,5,340,2258,85,82471,234,2593
120,5,340,2258,85,82471,234,2593
120,5,340,3806,85,84326,234,2218
120,5,340,3806,85,84326,234,2218
120,5,340,3806,85,84326,234,2218
120,5,340,5908,85,86865,234,171
120,5,340,5908,85,86865,234,171
120,5,340,5908,85,86865,234,171
120,5,340,7473,85,8877,234,1333
120,5,340,7473,85,8877,234,1333
120,5,340,7473,85,8877,234,1333
120,5,340,9114,85,90771,234,0936
120,5,340,9114,85,90771,234,0936
120,5,340,9114,85,90771,234,0936
120,5,341,0667,85,92627,234,0562
120,5,341,0667,85,92627,234,0562
120,5,341,0667,85,92627,234,0562
120,5,341,2288,85,94629,234,017
120,5,341,2288,85,94629,234,017
120,5,341,2288,85,94629,234,017
120,5,341,3809,85,96436,233,9802
120,5,341,3809,85,96436,233,9802
120,5,341,3809,85,96436,233,9802
120,5,341,5466,85,98486,233,9402
120,5,341,5466,85,98486,233,9402
120,5,341,5466,85,98486,233,9402
120,5,341,7036,86,00391,233,9023
120,5,341,7036,86,00391,233,9023
120,5,341,7036,86,00391,233,9023
120,5,341,8101,86,0166,233,8766
120,5,341,8101,86,0166,233,8766
120,5,341,8101,86,0166,233,8766
120,5,341,9436,86,03223,233,8381
120,5,341,9436,86,03223,233,8381
120,5,341,9436,86,03223,233,8381
120,5,342,0872,86,04932,233,7968
120,5,342,0872,86,04932,233,7968
120,5,342,0872,86,04932,233,7968
120,5,342,2231,86,06543,233,7576
120,5,342,2231,86,06543,233,7576
120,5,342,2231,86,06543,233,7576
120,5,342,3608,86,08203,233,718
120,5,342,3608,86,08203,233,718
120,5,342,3608,86,08203,233,718
120,5,342,4932,86,09766,233,6798
120,5,342,4932,86,09766,233,6798
120,5,342,4932,86,09766,233,6798
120,5,342,6309,86,11377,233,6401
120,5,342,6309,86,11377,233,6401
120,5,342,6309,86,11377,233,6401
120,5,342,7646,86,12939,233,6017
120,5,342,7646,86,12939,233,6017
120,5,342,7646,86,12939,233,6017
120,5,342,7646,86,12939,233,6017
120,5,342,9219,86,14844,233,5564
120,5,342,9219,86,14844,233,5564
120,5,342,9219,86,14844,233,5564
120,5,343,072,86,16602,233,5131
120,5,343,072,86,16602,233,5131
120,5,343,072,86,16602,233,5131
120,5,343,2092,86,18213,233,4735
120,5,343,2092,86,18213,233,4735
120,5,343,2092,86,18213,233,4735
120,5,343,3516,86,19922,233,4326
120,5,343,3516,86,19922,233,4326
120,5,343,3516,86,19922,233,4326
120,5,343,4875,86,21533,233,3934
120,5,343,4875,86,21533,233,3934
120,5,343,4875,86,21533,233,3934
120,5,343,6252,86,23145,233,3538
120,5,343,6252,86,23145,233,3538
120,5,343,6252,86,23145,233,3538
120,5,343,7649,86,24805,233,3135
120,5,343,7649,86,24805,233,3135
120,5,343,8943,86,26318,233,2762
120,5,343,8943,86,26318,233,2762
120,5,343,8943,86,26318,233,2762
120,5,344,0156,86,27783,233,2413
120,5,344,0156,86,27783,233,2413
120,5,344,0156,86,27783,233,2413
120,5,344,1396,86,29248,233,2056
120,5,344,1396,86,29248,233,2056
120,5,344,2617,86,30664,233,1704
120,6,344,2617,86,30664,233,1704
120,6,344,2617,86,30664,233,1704
120,6,344,3765,86,32031,233,1375
120,6,344,3765,86,32031,233,1375
120,6,344,4966,86,33447,233,1028
120,6,344,4966,86,33447,233,1028
120,6,344,4966,86,33447,233,1028
120,6,344,6145,86,34863,233,0687
120,6,344,6145,86,34863,233,0687
120,6,344,6145,86,34863,233,0687
120,6,344,7588,86,36572,233,0272
120,6,344,7588,86,36572,233,0272
120,6,344,7588,86,36572,233,0272
120,6,344,894,86,38184,232,9883
120,6,344,894,86,38184,232,9883
120,6,344,894,86,38184,232,9883
120,6,345,0171,86,39648,232,9529
120,6,345,0171,86,39648,232,9529
120,6,345,0171,86,39648,232,9529
120,6,345,1265,86,40918,232,9214
120,6,345,1265,86,40918,232,9214
120,6,345,2458,86,42334,232,887
120,6,345,2458,86,42334,232,887
120,6,345,2458,86,42334,232,887
120,6,345,3679,86,4375,232,8246
120,6,345,3679,86,4375,232,8246
120,6,345,4932,86,45215,232,7604
120,6,345,4932,86,45215,232,7604
120,6,345,6077,86,46582,232,7019
120,6,345,6077,86,46582,232,7019
120,6,345,6077,86,46582,232,7019
120,6,345,7302,86,47998,232,6392
120,6,345,7302,86,47998,232,6392
120,6,345,8376,86,49268,232,5842
120,6,345,8376,86,49268,232,5842
120,6,345,8376,86,49268,232,5842
120,6,345,9636,86,50781,232,5198
120,6,345,9636,86,50781,232,5198
120,6,346,0798,86,52148,232,4603
120,6,346,0798,86,52148,232,4603
120,6,346,2046,86,53613,232,3965
120,6,346,2046,86,53613,232,3965
120,6,346,2046,86,53613,232,3965
120,6,346,3196,86,54932,232,3376
120,6,346,3196,86,54932,232,3376
120,6,346,4382,86,56348,232,277
120,6,346,4382,86,56348,232,277
120,6,346,4382,86,56348,232,277
120,6,346,5547,86,57715,232,2175
120,6,346,5547,86,57715,232,2175
120,6,346,6794,86,5918,232,1537
120,6,346,6794,86,5918,232,1537
120,6,346,6794,86,5918,232,1537
120,6,346,793,86,60498,232,0956
120,6,346,793,86,60498,232,0956
120,6,346,9131,86,61914,232,0341
120,6,346,9131,86,61914,232,0341
120,6,347,0222,86,63184,231,9783
120,6,347,0222,86,63184,231,9783
120,6,347,1384,86,64551,231,9188
120,6,347,1384,86,64551,231,9188
120,6,347,1384,86,64551,231,9188
120,6,347,2424,86,65771,231,8656
120,6,347,2424,86,65771,231,8656
120,6,347,3596,86,67139,231,8057
120,6,347,3596,86,67139,231,8057
120,6,347,4673,86,68408,231,7506
120,6,347,4673,86,68408,231,7506
120,6,347,5808,86,69727,231,6925
120,6,347,5808,86,69727,231,6925
120,6,347,6824,86,70947,231,6405
120,6,347,6824,86,70947,231,6405
120,6,347,7898,86,72217,231,5857
120,6,347,7898,86,72217,231,5857
120,6,347,7898,86,72217,231,5857
120,6,347,8928,86,73389,231,533
120,6,347,8928,86,73389,231,533
120,6,348,0044,86,74707,231,4758
120,6,348,0044,86,74707,231,4758
120,6,348,0044,86,74707,231,4758
120,6,348,1094,86,75928,231,4221
120,6,348,1094,86,75928,231,4221
120,6,348,2556,86,77686,231,3473
120,6,348,2556,86,77686,231,3473
120,6,348,3538,86,78809,231,2972
120,6,348,3538,86,78809,231,2972
120,6,348,4595,86,80078,231,243
120,6,348,4595,86,80078,231,243
120,6,348,5593,86,8125,231,1919
120,6,348,5593,86,8125,231,1919
120,6,348,6692,86,8252,231,1357
120,6,348,6692,86,8252,231,1357
120,6,348,7578,86,83545,231,0905
120,6,348,7578,86,83545,231,0905
120,6,348,8586,86,84766,231,0388
120,6,348,8586,86,84766,231,0388
120,6,348,927,86,85547,231,0039
120,6,348,927,86,85547,231,0039
120,6,348,927,86,85547,231,0039
120,6,348,927,86,85547,231,0039
120,6,348,927,86,85547,231,0039
120,6,348,9851,86,86035,230,9133
120,6,348,9851,86,86035,230,9133
120,6,349,127,86,87158,230,692
120,6,349,127,86,87158,230,692
120,6,349,1858,86,87646,230,6001
120,6,349,1858,86,87646,230,6001
120,6,349,2349,86,88086,230,5234
120,6,349,2349,86,88086,230,5234
120,6,349,2903,86,88525,230,4369
120,6,349,2903,86,88525,230,4369
120,7,349,3408,86,88916,230,3583
120,7,349,3955,86,89355,230,2729
120,7,349,3955,86,89355,230,2729
120,7,349,4424,86,89746,230,2
120,7,349,4424,86,89746,230,2
120,7,349,4963,86,90186,230,1156
120,7,349,4963,86,90186,230,1156
120,7,349,5444,86,90576,230,0406
120,7,349,5991,86,91016,229,9551
120,7,349,5991,86,91016,229,9551
120,7,349,647,86,91406,229,8804
120,7,349,647,86,91406,229,8804
120,7,349,7026,86,91895,229,7937
120,7,349,7026,86,91895,229,7937
120,7,349,7505,86,92285,229,7191
120,7,349,7505,86,92285,229,7191
120,7,349,8074,86,92725,229,6301
120,7,349,8074,86,92725,229,6301
120,7,349,8557,86,93115,229,5547
120,7,349,9094,86,93555,229,4709
120,7,349,9094,86,93555,229,4709
120,7,349,9592,86,93994,229,3934
120,7,349,9592,86,93994,229,3934
120,7,350,011,86,94385,229,3127
120,7,350,011,86,94385,229,3127
120,7,350,0588,86,94775,229,2379
120,7,350,113,86,95215,229,1533
120,7,350,113,86,95215,229,1533
120,7,350,1611,86,95605,229,0785
120,7,350,1611,86,95605,229,0785
120,7,350,2141,86,96045,228,9957
120,7,350,2141,86,96045,228,9957
120,7,350,2625,86,96436,228,92
120,7,350,2625,86,96436,228,92
120,7,350,3176,86,96924,228,8341
120,7,350,3176,86,96924,228,8341
120,7,350,3655,86,97314,228,7596
120,7,350,4192,86,97754,228,6755
120,7,350,4192,86,97754,228,6755
120,7,350,4661,86,98145,228,6024
120,7,350,4661,86,98145,228,6024
120,7,350,5198,86,98535,228,5187
120,7,350,5198,86,98535,228,5187
120,7,350,5652,86,98926,228,4478
120,7,350,6194,86,99365,228,3633
120,7,350,6194,86,99365,228,3633
120,7,350,667,86,99756,228,2891
120,7,350,667,86,99756,228,2891
120,7,350,72,87,00195,228,2062
120,7,350,72,87,00195,228,2062
120,7,350,7683,87,00586,228,1307
120,7,350,8206,87,01025,228,0494
120,7,350,8206,87,01025,228,0494
120,7,350,8677,87,01416,227,9757
120,7,350,8677,87,01416,227,9757
120,7,350,9182,87,01807,227,8969
120,7,350,9182,87,01807,227,8969
120,7,350,967,87,02197,227,821
120,7,351,0183,87,02637,227,741
120,7,351,0183,87,02637,227,741
120,7,351,0549,87,0293,227,6837
120,7,351,0549,87,0293,227,6837
120,7,351,0796,87,0293,227,6053
120,7,351,0796,87,0293,227,6053
120,7,351,1008,87,0293,227,5382
120,7,351,1257,87,0293,227,4591
120,7,351,1257,87,0293,227,4591
120,7,351,1475,87,0293,227,3904
120,7,351,1475,87,0293,227,3904
120,7,351,1738,87,0293,227,3069
120,7,351,1738,87,0293,227,3069
120,7,351,1956,87,0293,227,2383
120,7,351,2207,87,0293,227,1584
120,7,351,2207,87,0293,227,1584
120,7,351,2419,87,0293,227,0909
120,7,351,2419,87,0293,227,0909
120,7,351,2666,87,0293,227,0128
120,7,351,2666,87,0293,227,0128
120,7,351,291,87,0293,226,9358
120,7,351,3159,87,02881,226,8567
120,7,351,3159,87,02881,226,8567
120,7,351,3159,87,02881,226,8567
120,7,351,3372,87,02881,226,7894
120,7,351,3669,87,02881,226,6947
120,7,351,3669,87,02881,226,6947
120,7,351,3896,87,02881,226,6229
120,7,351,3896,87,02881,226,6229
120,7,351,4158,87,02881,226,5399
120,7,351,4158,87,02881,226,5399
120,7,351,438,87,02881,226,4698
120,7,351,438,87,02881,226,4698
120,7,351,4631,87,02881,226,3901
120,7,351,4861,87,02881,226,3174
120,7,351,4861,87,02881,226,3174
120,7,351,5105,87,02881,226,2399
120,7,351,5105,87,02881,226,2399
120,7,351,5327,87,02881,226,1698
120,7,351,5327,87,02881,226,1698
120,7,351,5576,87,02881,226,0908
120,7,351,5576,87,02881,226,0908
120,7,351,5813,87,02881,226,0161
120,7,351,6072,87,02881,225,9341
120,7,351,6072,87,02881,225,9341
120,7,351,6309,87,02881,225,8586
120,7,351,6309,87,02881,225,8586
120,7,351,656,87,02881,225,7793
120,7,351,656,87,02881,225,7793
120,7,351,6777,87,02881,225,71
120,7,351,7029,87,02881,225,6301
120,7,351,7029,87,02881,225,6301
120,7,351,7256,87,02881,225,5582
120,7,351,7256,87,02881,225,5582
120,7,351,751,87,02881,225,4781
120,7,351,751,87,02881,225,4781
120,7,351,7729,87,02881,225,4081
120,7,351,7729,87,02881,225,4081
120,7,351,7986,87,02881,225,327
120,7,351,7986,87,02881,225,327
120,7,351,8215,87,02832,225,2542
120,7,351,8477,87,02832,225,1715
120,7,351,8477,87,02832,225,1715
120,8,351,8708,87,02832,225,0981
120,8,351,8708,87,02832,225,0981
120,8,351,8958,87,02832,225,019
120,8,351,8958,87,02832,225,019
120,8,351,918,87,02832,224,9491
120,8,351,9434,87,02832,224,8682
120,8,351,9434,87,02832,224,8682
120,8,351,9661,87,02832,224,7963
120,8,351,9661,87,02832,224,7963
120,8,351,9905,87,02832,224,7194
120,8,351,9905,87,02832,224,7194
120,8,352,0125,87,02832,224,6493
120,8,352,0378,87,02832,224,569
120,8,352,0378,87,02832,224,569
120,8,352,0598,87,02832,224,4998
120,8,352,0598,87,02832,224,4998
120,8,352,0603,87,02832,224,4978
120,8,352,0603,87,02832,224,4978
120,8,352,0581,87,0249,224,4314
120,8,352,0559,87,021,224,3558
120,8,352,0559,87,021,224,3558
120,8,352,0537,87,01758,224,2887
120,8,352,0537,87,01758,224,2887
120,8,352,0515,87,01416,224,2163
120,8,352,0515,87,01416,224,2163
120,8,352,0493,87,01074,224,1527
120,8,352,0471,87,00732,224,0812
120,8,352,0471,87,00732,224,0812
120,8,352,0449,87,00391,224,0155
120,8,352,0449,87,00391,224,0155
120,8,352,0427,87,00049,223,9438
120,8,352,0427,87,00049,223,9438
120,8,352,0408,86,99707,223,8804
120,8,352,0383,86,99316,223,8074
120,8,352,0383,86,99316,223,8074
120,8,352,0364,86,99023,223,7432
120,8,352,0342,86,98633,223,673
120,8,352,0342,86,98633,223,673
120,8,352,0322,86,9834,223,6101
120,8,352,0322,86,9834,223,6101
120,8,352,03,86,97998,223,5403
120,8,352,03,86,97998,223,5403
120,8,352,0278,86,97656,223,4714
120,8,352,0256,86,97266,223,4031
120,8,352,0256,86,97266,223,4031
120,8,352,0234,86,96973,223,3368
120,8,352,0234,86,96973,223,3368
120,8,352,0212,86,96582,223,2687
120,8,352,0193,86,9624,223,2007
120,8,352,0193,86,9624,223,2007
120,8,352,0171,86,95898,223,1309
120,8,352,0171,86,95898,223,1309
120,8,352,0149,86,95557,223,0648
120,8,352,0127,86,95215,222,9966
120,8,352,0127,86,95215,222,9966
120,8,352,0107,86,94922,222,9343
120,8,352,0107,86,94922,222,9343
120,8,352,0085,86,9458,222,8656
120,8,352,0066,86,94238,222,8019
120,8,352,0066,86,94238,222,8019
120,8,352,0066,86,94238,222,8019
120,8,352,0044,86,93896,222,73
120,8,352,0017,86,93457,222,6489
120,8,352,0017,86,93457,222,6489
120,8,351,9995,86,93115,222,576
120,8,351,9995,86,93115,222,576
120,8,351,9995,86,93115,222,576
120,8,351,9968,86,92676,222,4924
120,8,351,9968,86,92676,222,4924
120,8,351,9941,86,92236,222,4067
120,8,351,9915,86,91846,222,3274
120,8,351,9915,86,91846,222,3274
120,8,351,9893,86,91455,222,2552
120,8,351,9893,86,91455,222,2552
120,8,351,9866,86,91064,222,1746
120,8,351,9866,86,91064,222,1746
120,8,351,9844,86,90674,222,1017
120,8,351,9844,86,90674,222,1017
120,8,351,9822,86,90381,222,0364
120,8,351,98,86,8999,221,9658
120,8,351,98,86,8999,221,9658
120,8,351,978,86,89697,221,9025
120,8,351,978,86,89697,221,9025
120,8,351,9758,86,89355,221,8333
120,8,351,9739,86,89014,221,769
120,8,351,9739,86,89014,221,769
120,8,351,9717,86,88672,221,699
120,8,351,9717,86,88672,221,699
120,8,351,9697,86,8833,221,6388
120,8,351,967,86,87939,221,5541
120,8,351,967,86,87939,221,5541
120,8,351,9653,86,87646,221,5004
120,8,351,9653,86,87646,221,5004
120,8,351,9634,86,86768,221,4106
120,8,351,9617,86,85986,221,3281
120,8,351,9617,86,85986,221,3281
120,8,351,9597,86,85059,221,2351
120,8,351,9597,86,85059,221,2351
120,8,351,958,86,84277,221,1515
120,8,351,9563,86,8335,221,0587
120,8,351,9563,86,8335,221,0587
120,8,351,9543,86,8252,220,9741
120,8,351,9543,86,8252,220,9741
120,8,351,9526,86,81689,220,8849
120,8,351,9509,86,80908,220,8065
120,8,351,9509,86,80908,220,8065
120,8,351,949,86,80029,220,7144
120,8,351,949,86,80029,220,7144
120,8,351,9475,86,79248,220,6348
120,8,351,9456,86,78418,220,5471
120,8,351,9456,86,78418,220,5471
120,8,351,9438,86,77588,220,4651
120,8,351,9419,86,76709,220,3732
120,8,351,9419,86,76709,220,3732
120,8,351,9402,86,75879,220,2886
120,8,351,9402,86,75879,220,2886
120,8,351,9385,86,75049,220,2003
120,8,351,9368,86,74268,220,1202
120,8,351,9368,86,74268,220,1202
120,8,351,9348,86,73389,220,0328
120,8,351,9333,86,72656,219,9539
120,8,351,9333,86,72656,219,9539
120,8,351,9314,86,71777,219,863
120,8,351,9314,86,71777,219,863
120,8,351,9297,86,70996,219,7832
120,8,351,928,86,70117,219,6927
120,8,351,928,86,70117,219,6927
120,8,351,926,86,69287,219,6096
120,8,351,926,86,69287,219,6096
120,8,351,9243,86,68408,219,5187
120,8,351,9226,86,67627,219,4377
120,8,351,9226,86,67627,219,4377
120,8,351,9207,86,66797,219,3488
120,8,351,9192,86,66064,219,277
120,8,351,9192,86,66064,219,277
120,8,351,9175,86,65234,219,1887
120,8,351,9175,86,65234,219,1887
120,8,351,9158,86,64502,219,1136
120,8,351,9158,86,64502,219,1136
120,8,351,9133,86,6333,218,996
120,8,351,9114,86,62354,218,8934
120,8,351,9114,86,62354,218,8934
120,8,351,9097,86,61572,218,8127
120,8,351,9082,86,60889,218,7417
120,8,351,9082,86,60889,218,7417
120,8,351,9065,86,60107,218,6597
120,8,351,905,86,59424,218,5896
120,8,351,9033,86,58643,218,5126
120,8,351,9033,86,58643,218,5126
120,8,351,9021,86,58008,218,4443
120,8,351,9004,86,57227,218,3639
120,8,351,9004,86,57227,218,3639
120,8,351,8987,86,56494,218,2898
120,8,351,8972,86,55762,218,2113
120,8,351,8972,86,55762,218,2113
120,8,351,8958,86,55078,218,141
120,8,351,894,86,54297,218,0645
120,8,351,8926,86,53613,217,9935
120,8,351,8926,86,53613,217,9935
120,8,351,8909,86,52881,217,9156
120,8,351,8896,86,52246,217,849
120,8,351,8896,86,52246,217,849
120,8,351,8879,86,51416,217,764
120,8,351,8865,86,50732,217,6957
120,8,351,8865,86,50732,217,6957
120,8,351,8843,86,49756,217,5963
120,8,351,8833,86,49268,217,5441
120,8,351,8787,86,479,217,4545
120,8,351,8787,86,479,217,4545
120,8,351,8748,86,46777,217,3787
120,8,351,8699,86,45361,217,2866
120,8,351,8699,86,45361,217,2866
120,8,351,8655,86,44141,217,2052
120,8,351,8608,86,42773,217,1156
120,8,351,8608,86,42773,217,1156
120,8,351,8557,86,4126,217,0156
120,8,351,8511,86,39941,216,9272
120,8,351,8511,86,39941,216,9272
120,8,351,8467,86,38672,216,8442
120,8,351,8418,86,37256,216,7504
120,8,351,8418,86,37256,216,7504
120,8,351,8376,86,36035,216,6694
120,8,351,8328,86,34668,216,5786
120,8,351,8286,86,33496,216,4998
120,8,351,8286,86,33496,216,4998
120,8,351,824,86,32129,216,4105
120,8,351,8198,86,30957,216,3322
120,8,351,8198,86,30957,216,3322
120,8,351,8152,86,2959,216,2415
120,8,351,811,86,28369,216,1627
120,8,351,8064,86,27002,216,0725
120,8,351,8064,86,27002,216,0725
120,8,351,8022,86,2583,215,9955
120,8,351,7976,86,24512,215,9081
120,8,351,7976,86,24512,215,9081
120,8,351,7935,86,23291,215,8278
120,8,351,7888,86,21924,215,7361
120,8,351,7844,86,20703,215,6556
120,8,351,7844,86,20703,215,6556
120,8,351,7798,86,19336,215,5641
120,8,351,7759,86,18213,215,4902
120,8,351,7712,86,16895,215,4028
120,8,351,7712,86,16895,215,4028
120,8,351,7673,86,15723,215,3265
120,8,351,7627,86,14355,215,2371
120,8,351,7627,86,14355,215,2371
120,8,351,7583,86,13135,215,1565
120,8,351,7537,86,11816,215,0673
120,8,351,7495,86,10596,214,9886
120,8,351,7495,86,10596,214,9886
120,8,351,7449,86,09229,214,8982
120,8,351,7412,86,08154,214,8268
120,8,351,7363,86,06787,214,7347
120,8,351,7363,86,06787,214,7347
120,8,351,7324,86,05615,214,6583
120,8,351,7278,86,04297,214,5698
120,8,351,7278,86,04297,214,5698
120,8,351,7236,86,03076,214,4913
120,8,351,7188,86,01709,214,3998
120,8,351,7146,86,00537,214,3212
120,8,351,7146,86,00537,214,3212
120,8,351,7102,85,9917,214,2329
120,8,351,7061,85,98047,214,1569
120,8,351,7012,85,96631,214,064
120,8,351,7012,85,96631,214,064
120,8,351,6973,85,95508,213,9899
120,8,351,6929,85,94189,213,9039
120,8,351,6929,85,94189,213,9039
120,8,351,6887,85,92969,213,8224
120,8,351,6838,85,91602,213,7323
120,8,351,6838,85,91602,213,7323
120,8,351,6797,85,9043,213,6526
120,8,351,6748,85,89014,213,5605
120,8,351,6709,85,87842,213,484
120,8,351,6709,85,87842,213,484
120,8,351,6663,85,86475,213,3936
120,8,351,6663,85,86475,213,3936
120,8,351,6606,85,84912,213,2896
120,8,351,656,85,83594,213,202
120,8,351,6521,85,82422,213,125
120,8,351,6521,85,82422,213,125
120,8,351,6472,85,81055,213,0338
120,8,351,646,85,80664,213,0082
120,8,351,645,85,79541,212,9283
120,8,351,645,85,79541,212,9283
120,8,351,644,85,78564,212,8606
120,8,351,6431,85,77441,212,7842
120,8,351,6431,85,77441,212,7842
120,8,351,6421,85,76367,212,7091
120,8,351,6409,85,75,212,613
120,8,351,6409,85,75,212,613
120,8,351,6399,85,74023,212,5433
120,8,351,6399,85,74023,212,5433
120,8,351,6387,85,72656,212,4487
120,8,351,6375,85,71338,212,3545
120,8,351,6375,85,71338,212,3545
120,8,351,6365,85,70166,212,2733
120,8,351,6355,85,69141,212,2018
120,8,351,6355,85,69141,212,2018
120,8,351,6345,85,67969,212,1196
120,8,351,6333,85,66602,212,0255
120,8,351,6333,85,66602,212,0255
120,8,351,6323,85,65479,211,9438
120,8,351,6313,85,64453,211,8751
120,8,351,6304,85,6333,211,7959
120,8,351,6304,85,6333,211,7959
120,8,351,6294,85,62354,211,7283
120,8,351,6282,85,60986,211,6309
120,8,351,6282,85,60986,211,6309
120,8,351,6272,85,6001,211,5632
120,8,351,6262,85,58887,211,4824
120,8,351,6262,85,58887,211,4824
120,8,351,6252,85,57861,211,4135
120,8,351,6243,85,56787,211,3357
120,8,351,6235,85,55762,211,2661
120,8,351,6235,85,55762,211,2661
120,8,351,6223,85,54639,211,1865
120,8,351,6216,85,53613,211,1149
120,8,351,6216,85,53613,211,1149
120,8,351,6204,85,5249,211,0354
120,8,351,6196,85,51465,210,9651
120,8,351,6187,85,50342,210,8848
120,8,351,6187,85,50342,210,8848
120,8,351,6177,85,49316,210,8137
120,8,351,6167,85,48242,210,739
120,8,351,6167,85,48242,210,739
120,8,351,6155,85,46973,210,6495
120,8,351,6145,85,45801,210,5697
120,8,351,6145,85,45801,210,5697
120,8,351,6135,85,44824,210,4996
120,8,351,6125,85,43701,210,4214
120,8,351,6116,85,42773,210,356
120,8,351,6116,85,42773,210,356
120,8,351,6106,85,4165,210,2772
120,8,351,6099,85,40723,210,2113
120,8,351,6089,85,39551,210,1318
120,8,351,6089,85,39551,210,1318
120,8,351,6079,85,38574,210,0623
120,8,351,6069,85,37402,209,9795
120,8,351,6069,85,37402,209,9795
120,8,351,606,85,36377,209,9084
120,8,351,605,85,35254,209,8313
120,8,351,605,85,35254,209,8313
120,8,351,6038,85,34131,209,75
120,8,351,6028,85,33008,209,6716
120,8,351,6021,85,32031,209,6042
120,8,351,6021,85,32031,209,6042
120,8,351,6021,85,32031,209,6042
120,8,351,6021,85,32031,209,6042
120,8,351,6021,85,32031,209,6042
120,8,351,6021,85,32031,209,6042
120,8,351,6021,85,32031,209,6042
120,8,351,6021,85,32031,209,6042
120,8,351,6021,85,32031,209,6042
120,8,351,6021,85,32031,209,6042
120,8,351,6021,85,32031,209,6042
120,8,351,6021,85,32031,209,6042
120,8,351,6021,85,32031,209,6042
120,8,351,6021,85,32031,209,6042
120,8,351,6021,85,32031,209,6042
120,8,351,6021,85,32031,209,6042
120,8,351,6021,85,32031,209,6042
120,8,351,6021,85,32031,209,6042
120,8,351,6021,85,32031,209,6042
120,8,351,6021,85,32031,209,6042
120,8,351,6021,85,32031,209,6042
120,9,351,6021,85,32031,209,6042
120,9,351,6021,85,32031,209,6042
120,9,351,6011,85,31055,209,5347
120,9,351,6001,85,29834,209,4501
120,9,351,6001,85,29834,209,4501
120,9,351,5991,85,28809,209,38
120,9,351,5991,85,28809,209,38
120,9,351,5981,85,27686,209,3015
120,9,351,5981,85,27686,209,3015
120,9,351,5967,85,2627,209,2009
120,9,351,5955,85,24854,209,1028
120,9,351,5955,85,24854,209,1028
120,9,351,5942,85,23535,209,0107
120,9,351,594,85,23193,208,9856
120,9,351,594,85,23193,208,9856
120,9,351,5942,85,22607,208,9082
120,9,351,5945,85,21924,208,8218
120,9,351,5945,85,21924,208,8218
120,9,351,5945,85,2124,208,7373
120,9,351,5947,85,20459,208,6367
120,9,351,5947,85,20459,208,6367
120,9,351,595,85,19873,208,5627
120,9,351,5952,85,19189,208,4762
120,9,351,5952,85,19189,208,4762
120,9,351,5955,85,18604,208,4012
120,9,351,5955,85,1792,208,3164
120,9,351,5955,85,1792,208,3164
120,9,351,5957,85,17285,208,2316
120,9,351,5959,85,16406,208,1239
120,9,351,5959,85,16406,208,1239
120,9,351,5962,85,15869,208,0521
120,9,351,5964,85,15186,207,9668
120,9,351,5964,85,146,207,8899
120,9,351,5964,85,146,207,8899
120,9,351,5967,85,13916,207,8066
120,9,351,5969,85,13379,207,7349
120,9,351,5969,85,13379,207,7349
120,9,351,5969,85,12695,207,6508
120,9,351,5972,85,12109,207,5737
120,9,351,5974,85,11426,207,4884
120,9,351,5974,85,11426,207,4884
120,9,351,5977,85,1084,207,4142
120,9,351,5977,85,1084,207,4142
120,9,351,5977,85,10156,207,3282
120,9,351,5979,85,09375,207,2268
120,9,351,5981,85,0874,207,1442
120,9,351,5981,85,0874,207,1442
120,9,351,5984,85,08203,207,0741
120,9,351,5986,85,07471,206,9862
120,9,351,5986,85,07471,206,9862
120,9,351,5986,85,06885,206,9093
120,9,351,5989,85,06201,206,8239
120,9,351,5991,85,05615,206,7478
120,9,351,5991,85,05615,206,7478
120,9,351,5994,85,04932,206,6613
120,9,351,5994,85,04346,206,5879
120,9,351,5996,85,03711,206,5071
120,9,351,5996,85,03711,206,5071
120,9,351,5999,85,03125,206,4331
120,9,351,5999,85,0249,206,349
120,9,351,5999,85,0249,206,349
120,9,351,6001,85,01855,206,2715
120,9,351,6003,85,0127,206,1917
120,9,351,6006,85,00635,206,1136
120,9,351,6006,85,00635,206,1136
120,9,351,6008,85,206,0332
120,9,351,6008,84,99414,205,9585
120,9,351,6008,84,99414,205,9585
120,9,351,6011,84,98779,205,8744
120,9,351,6013,84,98145,205,7974
120,9,351,6013,84,98145,205,7974
120,9,351,6013,84,9751,205,7129
120,9,351,6016,84,96729,205,6173
120,9,351,6018,84,96045,205,5284
120,9,351,6018,84,96045,205,5284
120,9,351,6021,84,95459,205,4567
120,9,351,6023,84,94824,205,3713
120,9,351,6023,84,94824,205,3713
120,9,351,6023,84,94189,205,2925
120,9,351,6025,84,93555,205,2111
120,9,351,6025,84,93555,205,2111
120,9,351,6028,84,9292,205,1317
120,9,351,603,84,92236,205,0457
120,9,351,603,84,91699,204,9733
120,9,351,603,84,91699,204,9733
120,9,351,6033,84,91016,204,8903
120,9,351,6033,84,91016,204,8903
120,9,351,6035,84,90234,204,7882
120,9,351,6038,84,89453,204,6892
120,9,351,6038,84,89453,204,6892
120,9,351,6091,84,89307,204,606
120,9,351,6091,84,89307,204,606
120,9,351,616,84,89063,204,4961
120,9,351,616,84,89063,204,4961
120,9,351,6238,84,88867,204,374
120,9,351,6238,84,88867,204,374
120,9,351,6309,84,88623,204,2604
120,9,351,6309,84,88623,204,2604
120,9,351,6379,84,88428,204,1477
120,9,351,6379,84,88428,204,1477
120,9,351,6462,84,88135,204,0177
120,9,351,6519,84,87988,203,9288
120,9,351,6519,84,87988,203,9288
120,9,351,6589,84,87744,203,816
120,9,351,6589,84,87744,203,816
120,9,351,6643,84,87598,203,7291
120,9,351,6714,84,87402,203,6188
120,9,351,6714,84,87402,203,6188
120,9,351,6765,84,87207,203,5371
120,9,351,6824,84,87061,203,4458
120,9,351,6824,84,87061,203,4458
120,9,351,688,84,86865,203,3574
120,9,351,6936,84,86719,203,2662
120,9,351,6987,84,86523,203,1851
120,9,351,6987,84,86523,203,1851
120,9,351,7046,84,86377,203,0941
120,9,351,7097,84,8623,203,0129
120,9,351,7097,84,8623,203,0129
120,9,351,7156,84,86035,202,92
120,9,351,7212,84,8584,202,8295
120,10,351,7212,84,8584,202,8295
120,10,351,7271,84,85693,202,7371
120,10,351,7271,84,85693,202,7371
120,10,351,7327,84,85498,202,6465
120,10,351,7393,84,85303,202,5448
120,10,351,7393,84,85303,202,5448
120,10,351,7446,84,85156,202,46
120,10,351,7507,84,84961,202,3621
120,10,351,7507,84,84961,202,3621
120,10,351,7566,84,84766,202,2709
120,10,351,7625,84,8457,202,177
120,10,351,7625,84,8457,202,177
120,10,351,7681,84,84424,202,0869
120,10,351,7681,84,84424,202,0869
120,10,351,7747,84,84229,201,985
120,10,351,7822,84,83984,201,8657
120,10,351,7822,84,83984,201,8657
120,10,351,7881,84,83789,201,7699
120,10,351,7881,84,83789,201,7699
120,10,351,7942,84,83643,201,676
120,10,351,802,84,83398,201,552
120,10,351,802,84,83398,201,552
120,10,351,8074,84,83203,201,4647
120,10,351,8074,84,83203,201,4647
120,10,351,8147,84,83008,201,3512
120,10,351,8147,84,83008,201,3512
120,10,351,821,84,82813,201,2489
120,10,351,8284,84,82568,201,1323
120,10,351,8284,84,82568,201,1323
120,10,351,8337,84,82422,201,0503
120,10,351,8396,84,82227,200,9548
120,10,351,8396,84,82227,200,9548
120,10,351,845,84,8208,200,8704
120,10,351,845,84,8208,200,8704
120,10,351,8508,84,81885,200,7762
120,10,351,8572,84,81689,200,679
120,10,351,8572,84,81689,200,679
120,10,351,863,84,81494,200,5853
120,10,351,8684,84,81348,200,4979
120,10,351,8684,84,81348,200,4979
120,10,351,8748,84,81152,200,3972
120,10,351,8809,84,80957,200,302
120,10,351,8809,84,80957,200,302
120,10,351,8872,84,80762,200,2008
120,10,351,8872,84,80762,200,2008
120,10,351,8892,84,80713,200,1714
120,10,351,8994,84,80811,200,074
120,10,351,908,84,80859,199,9922
120,10,351,908,84,80859,199,9922
120,10,351,9177,84,80908,199,8995
120,10,351,9177,84,80908,199,8995
120,10,351,927,84,81006,199,8124
120,10,351,9382,84,81055,199,7058
120,10,351,9382,84,81055,199,7058
120,10,351,9473,84,81152,199,6211
120,10,351,957,84,81201,199,5265
120,10,351,957,84,81201,199,5265
120,10,351,9663,84,81299,199,4391
120,10,351,9758,84,81348,199,3491
120,10,351,9758,84,81348,199,3491
120,10,351,9856,84,81445,199,2568
120,10,351,9954,84,81494,199,1649
120,10,351,9954,84,81494,199,1649
120,10,352,0044,84,81592,199,0791
120,10,352,0139,84,81641,198,9871
120,10,352,0139,84,81641,198,9871
120,10,352,0232,84,81689,198,9001
120,10,352,0322,84,81787,198,8146
120,10,352,0322,84,81787,198,8146
120,10,352,041,84,81836,198,7305
120,10,352,051,84,81934,198,6355
120,10,352,051,84,81934,198,6355
120,10,352,0608,84,81982,198,5437
120,10,352,0608,84,81982,198,5437
120,10,352,0723,84,8208,198,4332
120,10,352,082,84,82129,198,3412
120,10,352,082,84,82129,198,3412
120,10,352,0923,84,82227,198,245
120,10,352,1003,84,82275,198,1667
120,10,352,1101,84,82373,198,0756
120,10,352,1101,84,82373,198,0756
120,10,352,1189,84,82422,197,9921
120,10,352,1282,84,82471,197,9034
120,10,352,1282,84,82471,197,9034
120,10,352,1367,84,82568,197,8228
120,10,352,146,84,82617,197,7344
120,10,352,146,84,82617,197,7344
120,10,352,1543,84,82666,197,6558
120,10,352,1638,84,82764,197,5664
120,10,352,1721,84,82813,197,488
120,10,352,1721,84,82813,197,488
120,10,352,1816,84,8291,197,397
120,10,352,1895,84,82959,197,3217
120,10,352,1895,84,82959,197,3217
120,10,352,1997,84,83008,197,2261
120,10,352,2078,84,83105,197,149
120,10,352,2168,84,83154,197,0623
120,10,352,2168,84,83154,197,0623
120,10,352,2249,84,83203,196,9862
120,10,352,2344,84,83301,196,896
120,10,352,2344,84,83301,196,896
120,10,352,2427,84,8335,196,8167
120,10,352,252,84,83398,196,7292
120,10,352,252,84,83398,196,7292
120,10,352,261,84,83496,196,6426
120,10,352,261,84,83496,196,6426
120,10,352,2727,84,83545,196,5332
120,10,352,283,84,83643,196,4341
120,10,352,2925,84,83691,196,3459
120,10,352,2925,84,83691,196,3459
120,10,352,3003,84,83789,196,2699
120,10,352,3096,84,83838,196,182
120,10,352,3096,84,83838,196,182
120,10,352,3206,84,83936,196,0778
120,10,352,3206,84,83936,196,0778
120,10,352,3303,84,83984,195,9871
120,10,352,3398,84,84082,195,8956
120,10,352,3496,84,84131,195,8038
120,10,352,3496,84,84131,195,8038
120,10,352,3582,84,8418,195,7224
120,10,352,3582,84,8418,195,7224
120,10,352,3613,84,84229,195,6918
120,10,352,3745,84,8457,195,5874
120,10,352,3745,84,8457,195,5874
120,10,352,3865,84,84863,195,4926
120,10,352,396,84,85059,195,4155
120,10,352,4072,84,85352,195,3267
120,10,352,4072,84,85352,195,3267
120,10,352,4172,84,85596,195,2479
120,10,352,4172,84,85596,195,2479
120,10,352,4285,84,85889,195,1575
120,10,352,4417,84,86182,195,0529
120,10,352,4534,84,86475,194,9615
120,10,352,4534,84,86475,194,9615
120,11,352,4631,84,86719,194,8838
120,11,352,4744,84,86963,194,7946
120,11,352,4744,84,86963,194,7946
120,11,352,4839,84,87207,194,7172
120,11,352,4951,84,875,194,629
120,11,352,4951,84,875,194,629
120,11,352,5046,84,87744,194,5522
120,11,352,5173,84,88037,194,4525
120,11,352,5271,84,88281,194,3756
120,11,352,5271,84,88281,194,3756
120,11,352,5383,84,88525,194,2856
120,11,352,5476,84,8877,194,2107
120,11,352,5476,84,8877,194,2107
120,11,352,5588,84,89063,194,1218
120,11,352,5696,84,89307,194,0361
120,11,352,5696,84,89307,194,0361
120,11,352,5835,84,89648,193,9265
120,11,352,593,84,89893,193,8519
120,11,352,593,84,89893,193,8519
120,11,352,6047,84,90186,193,7583
120,11,352,6155,84,9043,193,6727
120,11,352,6155,84,9043,193,6727
120,11,352,6289,84,90771,193,566
120,11,352,6379,84,90967,193,4929
120,11,352,6487,84,9126,193,4087
120,11,352,6487,84,9126,193,4087
120,11,352,6487,84,9126,193,4087
120,11,352,6487,84,9126,193,4087
120,11,352,6487,84,9126,193,4087
120,11,352,6582,84,91455,193,3336
120,11,352,6582,84,91455,193,3336
120,11,352,696,84,92383,193,0326
120,11,352,7095,84,92725,192,9258
120,11,352,7095,84,92725,192,9258
120,11,352,7202,84,92969,192,8397
120,11,352,7202,84,92969,192,8397
120,11,352,7307,84,93262,192,7577
120,11,352,7444,84,93555,192,6483
120,11,352,7537,84,93799,192,5736
120,11,352,7537,84,93799,192,5736
120,11,352,7646,84,94092,192,4877
120,11,352,7751,84,94336,192,4049
120,11,352,7859,84,9458,192,3193
120,11,352,7859,84,9458,192,3193
120,11,352,7952,84,94824,192,2455
120,11,352,8062,84,95068,192,1583
120,11,352,8149,84,95313,192,0874
120,11,352,8149,84,95313,192,0874
120,11,352,8257,84,95557,192,0032
120,11,352,835,84,95801,191,9291
120,11,352,8459,84,96045,191,8407
120,11,352,8459,84,96045,191,8407
120,11,352,8552,84,96289,191,7679
120,11,352,866,84,96533,191,682
120,11,352,876,84,96777,191,6034
120,11,352,876,84,96777,191,6034
120,11,352,8875,84,9707,191,5125
120,11,352,8967,84,97314,191,4373
120,11,352,9077,84,97559,191,3507
120,11,352,9077,84,97559,191,3507
120,11,352,9167,84,97754,191,2799
120,11,352,9272,84,98047,191,1951
120,11,352,9272,84,98047,191,1951
120,11,352,9297,84,98096,191,176
120,11,352,9482,84,9873,191,0669
120,11,352,9482,84,9873,191,0669
120,11,352,9614,84,9917,190,9893
120,11,352,9771,84,99707,190,8984
120,11,352,99,85,00146,190,8224
120,11,352,99,85,00146,190,8224
120,11,353,0054,85,00635,190,7327
120,11,353,0227,85,01221,190,6311
120,11,353,0227,85,01221,190,6311
120,11,353,0369,85,01709,190,5482
120,11,353,0369,85,01709,190,5482
120,11,353,051,85,02197,190,4651
120,11,353,0706,85,02832,190,3496
120,11,353,0835,85,03271,190,2743
120,11,353,0835,85,03271,190,2743
120,11,353,0986,85,03809,190,1859
120,11,353,0986,85,03809,190,1859
120,11,353,1125,85,04248,190,1036
120,11,353,1311,85,04883,189,9945
120,11,353,1443,85,05322,189,9176
120,11,353,1443,85,05322,189,9176
120,11,353,1589,85,05811,189,8323
120,11,353,1724,85,0625,189,7526
120,11,353,1907,85,06885,189,6454
120,11,353,1907,85,06885,189,6454
120,11,353,2029,85,07324,189,5736
120,11,353,218,85,07813,189,4851
120,11,353,218,85,07813,189,4851
120,11,353,2319,85,08252,189,4044
120,11,353,2319,85,08252,189,4044
120,11,353,2471,85,08789,189,3149
120,11,353,2664,85,09424,189,2026
120,11,353,2664,85,09424,189,2026
120,11,353,2852,85,10059,189,0916
120,11,353,2974,85,10498,189,0195
120,11,353,3123,85,10986,188,9335
120,11,353,3123,85,10986,188,9335
120,11,353,3269,85,11475,188,8469
120,11,353,3269,85,11475,188,8469
120,11,353,3452,85,12109,188,7393
120,11,353,3452,85,12109,188,7393
120,11,353,3606,85,12598,188,6499
120,11,353,3801,85,13281,188,5349
120,11,353,3801,85,13281,188,5349
120,11,353,3801,85,13281,188,5349
120,11,353,3982,85,13867,188,4283
120,11,353,4211,85,14648,188,2937
120,11,353,4211,85,14648,188,2937
120,11,353,437,85,15186,188,2008
120,11,353,4563,85,1582,188,0886
120,11,353,4563,85,1582,188,0886
120,11,353,4688,85,1626,188,0156
120,11,353,4832,85,16748,187,9313
120,11,353,4954,85,17139,187,8595
120,11,353,4954,85,17139,187,8595
120,11,353,5129,85,17725,187,7557
120,11,353,5261,85,18164,187,6796
120,11,353,5403,85,18652,187,5955
120,11,353,5403,85,18652,187,5955
120,11,353,5525,85,19092,187,5237
120,12,353,5671,85,1958,187,4382
120,12,353,5798,85,2002,187,3636
120,12,353,5945,85,20508,187,2783
120,12,353,5945,85,20508,187,2783
120,12,353,6064,85,20898,187,2083
120,12,353,6211,85,21387,187,1221
120,12,353,6333,85,21777,187,0504
120,12,353,6333,85,21777,187,0504
120,12,353,6482,85,22314,186,9634
120,12,353,6604,85,22705,186,8912
120,12,353,6746,85,23193,186,8086
120,12,353,6746,85,23193,186,8086
120,12,353,688,85,23633,186,73
120,12,353,7065,85,24268,186,621
120,12,353,7065,85,24268,186,621
120,12,353,7239,85,25,186,5417
120,12,353,7239,85,25,186,5417
120,12,353,7466,85,26025,186,4368
120,12,353,7676,85,26904,186,3412
120,12,353,7859,85,27734,186,2576
120,12,353,7859,85,27734,186,2576
120,12,353,8015,85,28418,186,1854
120,12,353,8196,85,29199,186,1029
120,12,353,8196,85,29199,186,1029
120,12,353,8396,85,30029,186,0111
120,12,353,8572,85,30811,185,9301
120,12,353,8572,85,30811,185,9301
120,12,353,8762,85,31641,185,842
120,12,353,8987,85,32617,185,7391
120,12,353,9138,85,33252,185,6703
120,12,353,9138,85,33252,185,6703
120,12,353,9321,85,34082,185,5859
120,12,353,9478,85,34766,185,5143
120,12,353,9658,85,35547,185,4314
120,12,353,9658,85,35547,185,4314
120,12,353,981,85,36182,185,3624
120,12,353,9988,85,36963,185,2798
120,12,354,0139,85,37646,185,2113
120,12,354,0325,85,38428,185,1263
120,12,354,0325,85,38428,185,1263
120,12,354,0476,85,39111,185,0566
120,12,354,0657,85,39893,184,9738
120,12,354,0813,85,40576,184,9019
120,12,354,0984,85,41309,184,8232
120,12,354,0984,85,41309,184,8232
120,12,354,113,85,41943,184,7562
120,12,354,1316,85,42725,184,671
120,12,354,1482,85,43457,184,5947
120,12,354,1482,85,43457,184,5947
120,12,354,1655,85,44238,184,5153
120,12,354,1836,85,4502,184,4327
120,12,354,2014,85,45752,184,351
120,12,354,2014,85,45752,184,351
120,12,354,217,85,46436,184,2793
120,12,354,2346,85,47217,184,199
120,12,354,2493,85,47852,184,1307
120,12,354,2671,85,48633,184,05
120,12,354,2671,85,48633,184,05
120,12,354,2842,85,49365,183,9717
120,12,354,3064,85,50342,183,8696
120,12,354,3206,85,50928,183,8046
120,12,354,3206,85,50928,183,8046
120,12,354,3384,85,51709,183,7229
120,12,354,3535,85,52393,183,6534
120,12,354,3708,85,53125,183,573
120,12,354,3855,85,5376,183,5066
120,12,354,3855,85,5376,183,5066
120,12,354,4031,85,54541,183,4263
120,12,354,4194,85,55225,183,351
120,12,354,4412,85,56201,183,2517
120,12,354,4412,85,56201,183,2517
120,12,354,4553,85,56787,183,186
120,12,354,4729,85,57568,183,1057
120,12,354,4729,85,57568,183,1057
120,12,354,4878,85,58203,183,0367
120,12,354,5093,85,59131,182,9388
120,12,354,5237,85,59766,182,8724
120,12,354,5405,85,60498,182,7958
120,12,354,5557,85,61182,182,7258
120,12,354,5557,85,61182,182,7258
120,12,354,5728,85,61914,182,6475
120,12,354,5872,85,62549,182,5815
120,12,354,6047,85,63281,182,5007
120,12,354,6187,85,63916,182,4364
120,12,354,6187,85,63916,182,4364
120,12,354,637,85,64697,182,3528
120,12,354,6526,85,65381,182,2815
120,12,354,6702,85,66162,182,2012
120,12,354,6843,85,66748,182,1354
120,12,354,6863,85,66846,182,1267
120,12,354,6863,85,66846,182,1267
120,12,354,7068,85,67676,182,0686
120,12,354,7312,85,68604,181,9999
120,12,354,7312,85,68604,181,9999
120,12,354,7559,85,6958,181,9301
120,12,354,7856,85,70752,181,8457
120,12,354,8054,85,71533,181,7899
120,12,354,8308,85,72559,181,7181
120,12,354,8308,85,72559,181,7181
120,12,354,8518,85,7334,181,6592
120,12,354,8757,85,74316,181,5916
120,12,354,8958,85,75098,181,5349
120,12,354,9199,85,76074,181,4663
120,12,354,9402,85,76855,181,4094
120,12,354,9402,85,76855,181,4094
120,12,354,9651,85,77832,181,3391
120,12,354,9927,85,78906,181,2611
120,12,355,0171,85,79883,181,1924
120,12,355,0171,85,79883,181,1924
120,12,355,0386,85,80713,181,1311
120,12,355,0637,85,81689,181,0601
120,12,355,0842,85,8252,181,0022
120,12,355,0842,85,8252,181,0022
120,12,355,1082,85,83447,180,9348
120,12,355,1367,85,8457,180,8542
120,12,355,1594,85,85498,180,79
120,12,355,179,85,8623,180,735
120,12,355,2043,85,87256,180,6633
120,12,355,2043,85,87256,180,6633
120,12,355,2261,85,88086,180,6019
120,12,355,2549,85,89258,180,5204
120,12,355,2749,85,90039,180,4639
120,12,355,2993,85,90967,180,3947
120,12,355,2993,85,90967,180,3947
120,12,355,3176,85,91699,180,3431
120,12,355,3416,85,92627,180,2754
120,13,355,3611,85,93408,180,2203
120,13,355,3848,85,94336,180,1532
120,13,355,405,85,95166,180,0957
120,13,355,405,85,95166,180,0957
120,13,355,4299,85,96143,180,0258
120,13,355,4495,85,96924,179,9705
120,13,355,4744,85,979,179,9
120,13,355,4744,85,979,179,9
120,13,355,4958,85,9873,179,8391
120,13,355,5251,85,99854,179,757
120,13,355,5457,86,00684,179,699
120,13,355,5457,86,00684,179,699
120,13,355,5693,86,01611,179,6317
120,13,355,6011,86,02881,179,5424
120,13,355,6313,86,04053,179,4568
120,13,355,6313,86,04053,179,4568
120,13,355,6509,86,04834,179,4011
120,13,355,676,86,05811,179,3302
120,13,355,676,86,05811,179,3302
120,13,355,7048,86,06934,179,249
120,13,355,7292,86,0791,179,1799
120,13,355,7578,86,09033,179,0995
120,13,355,7578,86,09033,179,0995
120,13,355,7825,86,1001,179,0293
120,13,355,7825,86,1001,179,0293
120,13,355,8064,86,10938,178,9623
120,13,355,8428,86,12402,178,859
120,13,355,8628,86,13184,178,8025
120,13,355,8877,86,1416,178,7324
120,13,355,8877,86,1416,178,7324
120,13,355,9075,86,14941,178,6764
120,13,355,9316,86,15869,178,6084
120,13,355,9529,86,16748,178,5481
120,13,355,9529,86,16748,178,5481
120,13,355,9792,86,17773,178,4734
120,13,356,0107,86,18994,178,3846
120,13,356,0107,86,18994,178,3846
120,13,356,0413,86,20215,178,2988
120,13,356,0613,86,20996,178,2416
120,13,356,0762,86,21582,178,1998
120,13,356,1016,86,22559,178,1404
120,13,356,1323,86,2373,178,0685
120,13,356,1323,86,2373,178,0685
120,13,356,158,86,24756,178,0084
120,13,356,1897,86,25977,177,9346
120,13,356,2161,86,27002,177,8729
120,13,356,2478,86,28223,177,7985
120,13,356,2478,86,28223,177,7985
120,13,356,2742,86,29248,177,7371
120,13,356,3044,86,30371,177,6665
120,13,356,3311,86,31445,177,6038
120,13,356,3311,86,31445,177,6038
120,13,356,363,86,32666,177,5293
120,13,356,4001,86,34082,177,4423
120,13,356,4319,86,35303,177,3683
120,13,356,4319,86,35303,177,3683
120,13,356,4587,86,36377,177,3055
120,13,356,4915,86,37598,177,2291
120,13,356,4915,86,37598,177,2291
120,13,356,5227,86,38818,177,1559
120,13,356,561,86,40283,177,0665
120,13,356,5889,86,41357,177,0012
120,13,356,6213,86,42627,176,9255
120,13,356,6213,86,42627,176,9255
120,13,356,6487,86,43701,176,8616
120,13,356,6807,86,44922,176,7866
120,13,356,7092,86,46045,176,7198
120,13,356,7092,86,46045,176,7198
120,13,356,7405,86,47217,176,647
120,13,356,7671,86,48242,176,5845
120,13,356,7998,86,49512,176,5081
120,13,356,7998,86,49512,176,5081
120,13,356,8286,86,50635,176,4407
120,13,356,8601,86,51855,176,3669
120,13,356,8877,86,5293,176,3029
120,13,356,9197,86,5415,176,2279
120,13,356,9197,86,5415,176,2279
120,13,356,9475,86,55225,176,1631
120,13,356,9795,86,56445,176,088
120,13,356,9795,86,56445,176,088
120,13,357,0171,86,5791,176,0002
120,13,357,0491,86,59131,175,9255
120,13,357,0491,86,59131,175,9255
120,13,357,0874,86,60645,175,8359
120,13,357,0874,86,60645,175,8359
120,13,357,1199,86,61865,175,7601
120,13,357,1641,86,63574,175,6566
120,13,357,2031,86,65088,175,5651
120,13,357,2031,86,65088,175,5651
120,13,357,2305,86,66162,175,5012
120,13,357,2305,86,66162,175,5012
120,13,357,2646,86,6748,175,4216
120,13,357,3059,86,69043,175,3252
120,13,357,3059,86,69043,175,3252
120,13,357,3467,86,70654,175,2299
120,13,357,373,86,7168,175,1682
120,13,357,4053,86,729,175,0929
120,13,357,4324,86,73926,175,0295
120,13,357,4324,86,73926,175,0295
120,13,357,4653,86,75244,174,9523
120,13,357,4949,86,76367,174,8831
120,13,357,5266,86,77588,174,8092
120,13,357,5266,86,77588,174,8092
120,13,357,553,86,78613,174,7473
120,13,357,5869,86,79932,174,6681
120,13,357,5869,86,79932,174,6681
120,13,357,6152,86,81006,174,6021
120,13,357,6587,86,82666,174,5006
120,13,357,6587,86,82666,174,5006
120,13,357,6887,86,83838,174,4302
120,13,357,7219,86,85156,174,3523
120,13,357,7219,86,85156,174,3523
120,13,357,752,86,86279,174,2823
120,13,357,7935,86,87891,174,1855
120,13,357,8228,86,89014,174,1167
120,13,357,8228,86,89014,174,1167
120,13,357,8237,86,89063,174,1145
120,13,357,8684,86,90625,174,0297
120,13,357,8684,86,90625,174,0297
120,13,357,908,86,91992,173,9543
120,13,357,9463,86,93359,173,8811
120,13,357,9463,86,93359,173,8811
120,13,357,9866,86,94775,173,8044
120,13,358,0244,86,96094,173,7327
120,13,358,0244,86,96094,173,7327
120,13,358,0635,86,97461,173,658
120,13,358,0635,86,97461,173,658
120,13,358,1023,86,98779,173,5845
120,13,358,1541,87,00586,173,4858
120,14,358,1541,87,00586,173,4858
120,14,358,1997,87,02197,173,3989
120,14,358,2366,87,03467,173,3289
120,14,358,2698,87,04639,173,2655
120,14,358,2698,87,04639,173,2655
120,14,358,3069,87,05957,173,1946
120,14,358,3389,87,07031,173,134
120,14,358,3777,87,08398,173,0602
120,14,358,3777,87,08398,173,0602
120,14,358,4097,87,09521,172,9989
120,14,358,447,87,1084,172,928
120,14,358,4814,87,12061,172,8625
120,14,358,4814,87,12061,172,8625
120,14,358,5212,87,13428,172,7867
120,14,358,5212,87,13428,172,7867
120,14,358,5566,87,14648,172,7195
120,14,358,6038,87,16309,172,6294
120,14,358,637,87,1748,172,5663
120,14,358,637,87,1748,172,5663
120,14,358,6755,87,18799,172,4928
120,14,358,7092,87,2002,172,4286
120,14,358,748,87,21338,172,3551
120,14,358,748,87,21338,172,3551
120,14,358,7844,87,22607,172,2858
120,14,358,8296,87,24219,172,1998
120,14,358,8296,87,24219,172,1998
120,14,358,8635,87,25391,172,1353
120,14,358,9028,87,26758,172,0604
120,14,358,9028,87,26758,172,0604
120,14,358,9348,87,27881,171,9996
120,14,358,9749,87,29248,171,9233
120,14,359,0085,87,30469,171,859
120,14,359,0085,87,30469,171,859
120,14,359,0471,87,31787,171,7858
120,14,359,0828,87,33057,171,7179
120,14,359,0828,87,33057,171,7179
120,14,359,1313,87,34766,171,6254
120,14,359,1616,87,35791,171,5676
120,14,359,1616,87,35791,171,5676
120,14,359,2046,87,37305,171,4858
120,14,359,2507,87,38916,171,3982
120,14,359,2507,87,38916,171,3982
120,14,359,2905,87,40283,171,3221
120,14,359,3254,87,41504,171,2556
120,14,359,3254,87,41504,171,2556
120,14,359,3669,87,42969,171,1769
120,14,359,4038,87,44238,171,1066
120,14,359,4038,87,44238,171,1066
120,14,359,447,87,45752,171,0244
120,14,359,4829,87,47021,170,9561
120,14,359,4829,87,47021,170,9561
120,14,359,5259,87,48535,170,8741
120,14,359,5613,87,49756,170,8066
120,14,359,5996,87,51123,170,7339
120,14,359,5996,87,51123,170,7339
120,14,359,6348,87,52344,170,667
120,14,359,6755,87,5376,170,5894
120,14,359,6755,87,5376,170,5894
120,14,359,71,87,5498,170,5237
120,14,359,7505,87,56396,170,4465
120,14,359,7847,87,57568,170,3818
120,14,359,7847,87,57568,170,3818
120,14,359,8225,87,58887,170,3096
120,14,359,8225,87,58887,170,3096
120,14,359,8674,87,60303,170,2419
120,14,359,9387,87,62549,170,1344
120,14,359,9387,87,62549,170,1344
120,14,359,9792,87,6377,170,0737
120,14,360,0266,87,65283,170,0022
120,14,360,0266,87,65283,170,0022
120,14,360,0667,87,66504,169,9419
120,14,360,1162,87,68066,169,8673
120,14,360,1162,87,68066,169,8673
120,14,360,1694,87,69727,169,7871
120,14,360,2141,87,71143,169,72
120,14,360,2539,87,72363,169,66
120,14,360,2539,87,72363,169,66
120,14,360,3008,87,73877,169,5895
120,14,360,3413,87,75146,169,5284
120,14,360,3882,87,76611,169,458
120,15,360,3882,87,76611,169,458
120,15,360,4275,87,77832,169,3988
120,15,360,4736,87,79248,169,3292
120,15,360,5142,87,80518,169,2683
120,15,360,5142,87,80518,169,2683
120,15,360,5593,87,81934,169,2001
120,15,360,5991,87,83203,169,1404
120,15,360,6436,87,8457,169,0734
120,15,360,6436,87,8457,169,0734
120,15,360,687,87,85938,169,0081
120,15,360,7434,87,87695,168,9229
120,15,360,7434,87,87695,168,9229
120,15,360,7813,87,88916,168,866
120,15,360,8279,87,90332,168,7958
120,15,360,8279,87,90332,168,7958
120,15,360,8728,87,91748,168,7283
120,15,360,9185,87,93164,168,6595
120,15,360,9578,87,94434,168,6003
120,15,361,0042,87,9585,168,5303
120,15,361,0042,87,9585,168,5303
120,15,361,0427,87,9707,168,4725
120,15,361,0896,87,98535,168,4016
120,15,361,0896,87,98535,168,4016
120,15,361,1304,87,99805,168,3406
120,15,361,1765,88,0127,168,271
120,15,361,2156,88,0249,168,212
120,15,361,2156,88,0249,168,212
120,15,361,2617,88,03955,168,1426
120,15,361,3176,88,05664,168,0583
120,15,361,3176,88,05664,168,0583
120,15,361,363,88,0708,167,9901
120,15,361,4026,88,0835,167,9308
120,15,361,4475,88,09766,167,8629
120,15,361,4475,88,09766,167,8629
120,15,361,4861,88,10938,167,8048
120,15,361,5322,88,12402,167,7354
120,15,361,572,88,13623,167,6755
120,15,361,572,88,13623,167,6755
120,15,361,6174,88,15039,167,6071
120,15,361,6553,88,1626,167,55
120,15,361,7002,88,17676,167,4825
120,15,361,7002,88,17676,167,4825
120,15,361,7395,88,18896,167,4231
120,15,361,7861,88,20361,167,3529
120,15,361,8257,88,21582,167,2935
120,15,361,8704,88,22998,167,2263
120,15,361,8704,88,22998,167,2263
120,15,361,9094,88,24219,167,1672
120,15,361,9541,88,25586,167,1002
120,15,361,9541,88,25586,167,1002
120,15,362,0049,88,27197,167,0238
120,15,362,0522,88,28662,166,9523
120,15,362,0522,88,28662,166,9523
120,15,362,095,88,30029,166,8882
120,15,362,1384,88,31348,166,8225
120,15,362,177,88,32568,166,7645
120,15,362,2234,88,34033,166,6946
120,15,362,2234,88,34033,166,6946
120,15,362,2283,88,3418,166,6874
120,15,362,2705,88,35596,166,6205
120,15,362,3069,88,36816,166,5626
120,15,362,3069,88,36816,166,5626
120,15,362,3484,88,38232,166,4968
120,15,362,384,88,39453,166,4406
120,15,362,426,88,40869,166,3738
120,15,362,426,88,40869,166,3738
120,15,362,4614,88,42041,166,3179
120,15,362,5122,88,43799,166,2374
120,15,362,5122,88,43799,166,2374
120,15,362,5486,88,4502,166,1797
120,15,362,593,88,46533,166,1093
120,15,362,6309,88,47803,166,0493
120,15,362,6309,88,47803,166,0493
120,15,362,6743,88,49268,165,9802
120,15,362,7104,88,50488,165,9231
120,15,362,7517,88,51904,165,8575
120,15,362,7517,88,51904,165,8575
120,15,362,7888,88,53125,165,7986
120,15,362,8308,88,54541,165,7322
120,15,362,8662,88,55762,165,676
120,15,362,908,88,57178,165,6099
120,15,362,908,88,57178,165,6099
120,15,362,9436,88,58398,165,5533
120,15,362,9863,88,59814,165,4857
120,15,362,9863,88,59814,165,4857
120,15,363,0239,88,61084,165,4263
120,15,363,0662,88,62549,165,359
120,15,363,1028,88,6377,165,3013
120,15,363,1431,88,65137,165,2373
120,15,363,1431,88,65137,165,2373
120,15,363,178,88,66309,165,1819
120,15,363,2234,88,67871,165,1097
120,15,363,2234,88,67871,165,1097
120,15,363,2615,88,69141,165,0493
120,15,363,3018,88,70508,164,9857
120,15,363,3394,88,71777,164,9259
120,15,363,3394,88,71777,164,9259
120,15,363,3828,88,73242,164,8572
120,15,363,4202,88,74512,164,7981
120,15,363,4666,88,76074,164,7242
120,15,363,4666,88,76074,164,7242
120,15,363,5034,88,77295,164,6659
120,15,363,5457,88,7876,164,5989
120,15,363,5823,88,7998,164,541
120,15,363,6223,88,81348,164,4774
120,15,363,6223,88,81348,164,4774
120,15,363,6575,88,8252,164,4219
120,15,363,6982,88,83887,164,3569
120,15,363,7344,88,85107,164,3
120,15,363,7344,88,85107,164,3
120,15,363,7756,88,86523,164,2345
120,15,363,8113,88,87744,164,1781
120,15,363,856,88,89258,164,1073
120,15,363,856,88,89258,164,1073
120,15,363,8918,88,90479,164,0502
120,15,363,9324,88,91846,163,9861
120,15,363,9685,88,93066,163,9287
120,15,363,9685,88,93066,163,9287
120,15,364,0117,88,94531,163,8601
120,15,364,0464,88,95703,163,8052
120,15,364,0874,88,9707,163,7402
120,15,364,0874,88,9707,163,7402
120,15,364,1223,88,98242,163,6847
120,15,364,1665,88,99756,163,6147
120,15,364,2041,89,01025,163,5553
120,15,364,2041,89,01025,163,5553
120,15,364,2454,89,02441,163,4897
120,15,364,2827,89,03662,163,4305
120,15,364,3242,89,05078,163,365
120,15,364,3242,89,05078,163,365
120,15,364,3596,89,06299,163,3088
120,15,364,4031,89,07764,163,2397
120,15,364,4031,89,07764,163,2397
120,15,364,4514,89,09375,163,163
120,15,364,4597,89,09668,163,15
120,16,364,5046,89,11084,163,0846
120,16,364,5046,89,11084,163,0846
120,16,364,5559,89,12695,163,0098
120,16,364,5559,89,12695,163,0098
120,16,364,6082,89,14307,162,934
120,16,364,667,89,16113,162,8484
120,16,364,667,89,16113,162,8484
120,16,364,7153,89,17627,162,7781
120,16,364,7668,89,19238,162,7029
120,16,364,7668,89,19238,162,7029
120,16,364,8171,89,20801,162,6298
120,16,364,8171,89,20801,162,6298
120,16,364,8721,89,2251,162,5499
120,16,364,8721,89,2251,162,5499
120,16,364,926,89,24219,162,4712
120,16,364,9958,89,26367,162,3696
120,16,364,9958,89,26367,162,3696
120,16,365,0417,89,27832,162,3027
120,16,365,0925,89,29395,162,229
120,16,365,0925,89,29395,162,229
120,16,365,1394,89,30859,162,1608
120,16,365,1938,89,32568,162,0815
120,16,365,1938,89,32568,162,0815
120,16,365,2473,89,34229,162,0035
120,16,365,2473,89,34229,162,0035
120,16,365,3137,89,36279,161,9069
120,16,365,3137,89,36279,161,9069
120,16,365,3787,89,3833,161,8125
120,16,365,4404,89,40234,161,7225
120,16,365,4404,89,40234,161,7225
120,16,365,4827,89,41553,161,661
120,16,365,5332,89,43115,161,5875
120,16,365,5332,89,43115,161,5875
120,16,365,5798,89,4458,161,5195
120,16,365,6279,89,46094,161,4495
120,16,365,6731,89,4751,161,3835
120,16,365,6731,89,4751,161,3835
120,16,365,7207,89,48975,161,3146
120,16,365,7627,89,50293,161,2532
120,16,365,8118,89,51807,161,1818
120,16,365,8118,89,51807,161,1818
120,16,365,8518,89,53076,161,1235
120,16,365,9011,89,5459,161,052
120,16,365,9011,89,5459,161,052
120,16,365,9429,89,55908,160,9911
120,16,365,9897,89,57373,160,923
120,16,366,0337,89,5874,160,8589
120,16,366,0337,89,5874,160,8589
120,16,366,0854,89,60352,160,7836
120,16,366,127,89,6167,160,7233
120,16,366,1755,89,63184,160,6522
120,16,366,1755,89,63184,160,6522
120,16,366,2151,89,64404,160,5947
120,16,366,2664,89,66016,160,5203
120,16,366,2664,89,66016,160,5203
120,16,366,3101,89,67334,160,4565
120,16,366,3582,89,68848,160,3867
120,16,366,3987,89,70117,160,3274
120,16,366,4446,89,71533,160,261
120,16,366,4446,89,71533,160,261
120,16,366,4854,89,72803,160,2014
120,16,366,532,89,74268,160,1334
120,16,366,5732,89,75586,160,0735
120,16,366,5732,89,75586,160,0735
120,16,366,6216,89,77051,160,0032
120,16,366,6626,89,78369,159,9434
120,16,366,7112,89,79883,159,8728
120,16,366,7112,89,79883,159,8728
120,16,366,7524,89,81152,159,8127
120,16,366,801,89,82666,159,7419
120,16,366,801,89,82666,159,7419
120,16,366,8479,89,84131,159,6738
120,16,366,8943,89,85547,159,6063
120,16,366,9375,89,86914,159,5432
120,16,366,9375,89,86914,159,5432
120,16,366,9592,89,87598,159,5116
120,16,367,0076,89,89209,159,4448
120,16,367,0615,89,90967,159,3702
120,16,367,0615,89,90967,159,3702
120,16,367,1072,89,9248,159,3074
120,16,367,1587,89,94189,159,2361
120,16,367,1587,89,94189,159,2361
120,16,367,2034,89,95654,159,1743
120,16,367,2566,89,97412,159,101
120,16,367,3044,89,99023,159,0347
120,16,367,3044,89,99023,159,0347
120,16,367,3582,90,00781,158,9603
120,16,367,4028,90,02246,158,8989
120,16,367,4575,90,04053,158,8232
120,16,367,4575,90,04053,158,8232
120,16,367,5017,90,05518,158,7622
120,16,367,5535,90,07227,158,6904
120,16,367,5535,90,07227,158,6904
120,16,367,5979,90,08691,158,6294
120,16,367,6516,90,10498,158,5549
120,16,367,6516,90,10498,158,5549
120,16,367,7024,90,12158,158,4847
120,16,367,7681,90,14355,158,3942
120,16,367,7681,90,14355,158,3942
120,16,367,7681,90,14355,158,3942
120,16,367,7681,90,14355,158,3942
120,16,367,7681,90,14355,158,3942
120,16,367,8188,90,16016,158,3239
120,16,368,0002,90,22021,158,0734
120,16,368,0002,90,22021,158,0734
120,16,368,0486,90,23584,158,0066
120,16,368,0994,90,25293,157,9364
120,16,368,1431,90,26709,157,8761
120,16,368,1431,90,26709,157,8761
120,16,368,1948,90,28418,157,8047
120,16,368,2388,90,29883,157,7438
120,16,368,2903,90,31592,157,6725
120,16,368,2903,90,31592,157,6725
120,16,368,3337,90,33057,157,6125
120,16,368,3884,90,34863,157,537
120,16,368,3884,90,34863,157,537
120,16,368,4348,90,36377,157,473
120,16,368,4856,90,38037,157,4027
120,16,368,5374,90,39746,157,3313
120,16,368,5374,90,39746,157,3313
120,16,368,5935,90,41602,157,2539
120,16,368,5935,90,41602,157,2539
120,16,368,6499,90,43457,157,1759
120,16,368,7114,90,45508,157,0909
120,16,368,7566,90,47021,157,0283
120,16,368,7566,90,47021,157,0283
120,16,368,8081,90,4873,156,9573
120,16,368,853,90,50195,156,8951
120,16,368,9021,90,51807,156,8275
120,16,368,9021,90,51807,156,8275
120,16,368,9429,90,53174,156,7711
120,16,368,9932,90,54834,156,7017
120,16,369,0381,90,56299,156,6394
120,16,369,0898,90,58008,156,5679
120,16,369,0898,90,58008,156,5679
120,16,369,134,90,59473,156,507
120,16,369,1855,90,61182,156,4358
120,16,369,2322,90,62744,156,3716
120,16,369,2322,90,62744,156,3716
120,16,369,2808,90,64355,156,3042
120,16,369,3245,90,65771,156,244
120,16,369,374,90,67432,156,1754
120,16,369,374,90,67432,156,1754
120,16,369,4175,90,68848,156,1154
120,16,369,4695,90,70557,156,0435
120,16,369,5149,90,7207,155,9807
120,16,369,5149,90,7207,155,9807
120,16,369,5667,90,73779,155,9095
120,16,369,6111,90,75244,155,848
120,16,369,6621,90,76953,155,7775
120,16,369,6621,90,76953,155,7775
120,16,369,6787,90,7749,155,7545
120,16,369,7356,90,80029,155,6909
120,16,369,781,90,8208,155,6403
120,16,369,781,90,8208,155,6403
120,16,369,8293,90,84229,155,5863
120,16,369,8757,90,86279,155,5344
120,16,369,9287,90,88672,155,475
120,16,369,9287,90,88672,155,475
120,16,369,9739,90,90674,155,4247
120,16,370,0242,90,92969,155,3683
120,16,370,0242,90,92969,155,3683
120,16,370,0813,90,95508,155,3047
120,16,370,1343,90,97852,155,2452
120,16,370,1343,90,97852,155,2452
120,16,370,1794,90,99902,155,1947
120,16,370,229,91,021,155,1394
120,16,370,2737,91,04102,155,0896
120,16,370,324,91,06348,155,0332
120,16,370,324,91,06348,155,0332
120,16,370,365,91,08203,154,9874
120,16,370,4116,91,10303,154,9352
120,16,370,4543,91,12207,154,8875
120,16,370,5039,91,14404,154,8322
120,16,370,5039,91,14404,154,8322
120,16,370,5464,91,16309,154,7845
120,16,370,5464,91,16309,154,7845
120,16,370,6099,91,19141,154,7137
120,16,370,6687,91,21777,154,6481
120,16,370,72,91,24072,154,5906
120,16,370,72,91,24072,154,5906
120,16,370,761,91,25928,154,5448
120,16,370,8135,91,28271,154,4862
120,16,370,8135,91,28271,154,4862
120,16,370,8579,91,30225,154,4365
120,16,370,916,91,32861,154,3716
120,16,370,9592,91,34766,154,3232
120,16,370,9592,91,34766,154,3232
120,16,371,0134,91,37207,154,2627
120,16,371,0576,91,3916,154,2131
120,16,371,1091,91,41504,154,1555
120,16,371,1091,91,41504,154,1555
120,16,371,1519,91,43408,154,1078
120,16,371,1519,91,43408,154,1078
120,16,371,2141,91,46191,154,0382
120,16,371,2791,91,49072,153,9657
120,16,371,2791,91,49072,153,9657
120,16,371,3308,91,51416,153,9077
120,16,371,3831,91,5376,153,8494
120,16,371,4333,91,56006,153,7931
120,16,371,4333,91,56006,153,7931
120,16,371,4788,91,58008,153,7423
120,16,371,4788,91,58008,153,7423
120,16,371,54,91,60742,153,674
120,16,371,54,91,60742,153,674
120,16,371,6094,91,63867,153,5966
120,16,371,6631,91,6626,153,5364
120,16,371,7114,91,68408,153,4824
120,16,371,7114,91,68408,153,4824
120,16,371,7605,91,70605,153,4276
120,16,371,8054,91,72656,153,3772
120,16,371,8054,91,72656,153,3772
120,16,371,864,91,75244,153,3119
120,16,371,9265,91,78027,153,2421
120,16,371,9265,91,78027,153,2421
120,16,371,9824,91,80566,153,1794
120,16,372,0276,91,82568,153,129
120,16,372,0825,91,85059,153,0675
120,16,372,0825,91,85059,153,0675
120,16,372,127,91,87012,153,0179
120,16,372,1814,91,89453,152,9569
120,16,372,1814,91,89453,152,9569
120,16,372,2244,91,91357,152,9089
120,16,372,2773,91,9375,152,8497
120,16,372,3218,91,95752,152,8
120,16,372,3218,91,95752,152,8
120,16,372,3657,91,97705,152,751
120,16,372,4116,92,00684,152,6904
120,16,372,4656,92,0415,152,6195
120,16,372,4656,92,0415,152,6195
120,16,372,5134,92,07227,152,5568
120,16,372,563,92,104,152,4915
120,16,372,6074,92,13281,152,4327
120,16,372,6074,92,13281,152,4327
120,16,372,6633,92,16846,152,3594
120,16,372,6633,92,16846,152,3594
120,16,372,7175,92,20361,152,288
120,16,372,7886,92,24902,152,1946
120,16,372,7886,92,24902,152,1946
120,16,372,8501,92,28906,152,1134
120,16,372,8501,92,28906,152,1134
120,16,372,9053,92,32422,152,0409
120,16,372,9692,92,36572,151,9567
120,16,373,0251,92,40137,151,8831
120,16,373,0251,92,40137,151,8831
120,16,373,0725,92,43213,151,8208
120,16,373,1284,92,46826,151,7472
120,16,373,1284,92,46826,151,7472
120,16,373,177,92,49951,151,6833
120,16,373,2312,92,53418,151,6121
120,16,373,2788,92,56494,151,5492
120,16,373,2788,92,56494,151,5492
120,16,373,3357,92,60156,151,4745
120,16,373,3845,92,63281,151,4103
120,16,373,4375,92,66699,151,3403
120,16,373,4375,92,66699,151,3403
120,16,373,4834,92,69678,151,28
120,16,373,4834,92,69678,151,28
120,16,373,5378,92,73145,151,2085
120,16,373,6021,92,77295,151,1238
120,16,373,6021,92,77295,151,1238
120,16,373,6699,92,81689,151,0345
120,16,373,7156,92,8457,150,9747
120,16,373,7156,92,8457,150,9747
120,16,373,7756,92,88477,150,8955
120,16,373,8259,92,91699,150,8293
120,16,373,8259,92,91699,150,8293
120,16,373,8909,92,95898,150,7437
120,16,373,9412,92,99121,150,6779
120,16,373,9949,93,02588,150,6068
120,16,373,9949,93,02588,150,6068
120,16,374,0398,93,05469,150,548
120,16,374,106,93,09717,150,4608
120,16,374,106,93,09717,150,4608
120,16,374,1519,93,12695,150,4003
120,16,374,2078,93,16309,150,3269
120,16,374,2078,93,16309,150,3269
120,16,374,2551,93,19336,150,2644
120,16,374,3203,93,23535,150,1788
120,16,374,3203,93,23535,150,1788
120,16,374,3843,93,27637,150,0945
120,16,374,4375,93,31104,150,0244
120,16,374,4375,93,31104,150,0244
120,16,374,4832,93,34033,149,9644
120,16,374,5388,93,37598,149,8912
120,16,374,5884,93,40771,149,8258
120,16,374,5884,93,40771,149,8258
120,16,374,6436,93,44336,149,7532
120,16,374,6877,93,47168,149,6952
120,16,374,7449,93,50879,149,62
120,16,374,7449,93,50879,149,62
120,16,374,7917,93,53906,149,5582
120,16,374,8467,93,57422,149,486
120,16,374,8467,93,57422,149,486
120,16,374,9009,93,60889,149,4148
120,16,374,9009,93,60889,149,4148
120,16,374,97,93,65332,149,3237
120,16,375,0215,93,68652,149,256
120,16,375,0215,93,68652,149,256
120,16,375,093,93,73291,149,1617
120,16,375,1411,93,76367,149,0986
120,16,375,1411,93,76367,149,0986
120,16,375,1653,93,7793,149,0667
120,16,375,2234,93,81055,149,0024
120,16,375,2793,93,84082,148,9407
120,16,375,2793,93,84082,148,9407
120,16,375,3284,93,86719,148,8865
120,16,375,3845,93,89746,148,8245
120,16,375,4382,93,92627,148,7651
120,16,375,4382,93,92627,148,7651
120,16,375,4922,93,95557,148,7053
120,16,375,5435,93,98291,148,6488
120,16,375,605,94,01611,148,5808
120,16,375,605,94,01611,148,5808
120,16,375,658,94,04443,148,5223
120,16,375,7197,94,07764,148,454
120,16,375,7197,94,07764,148,454
120,16,375,7693,94,10449,148,3993
120,16,375,825,94,13428,148,3378
120,16,375,8782,94,16309,148,2791
120,16,375,8782,94,16309,148,2791
120,16,375,9377,94,19531,148,2131
120,16,375,9873,94,22168,148,1583
120,16,376,0444,94,25293,148,0952
120,16,376,0444,94,25293,148,0952
120,16,376,0923,94,27832,148,0424
120,16,376,1494,94,30908,147,9792
120,16,376,198,94,33545,147,9254
120,16,376,198,94,33545,147,9254
120,16,376,2568,94,36719,147,8604
120,16,376,311,94,39648,147,8005
120,16,376,311,94,39648,147,8005
120,16,376,3794,94,43311,147,7251
120,16,376,3794,94,43311,147,7251
120,16,376,4353,94,46289,147,6635
120,16,376,5088,94,50293,147,582
120,16,376,5596,94,53027,147,526
120,16,376,6162,94,56055,147,4634
120,16,376,6162,94,56055,147,4634
120,16,376,6624,94,58545,147,4125
120,16,376,7197,94,61621,147,349
120,16,376,7666,94,6416,147,2971
120,16,376,7666,94,6416,147,2971
120,16,376,8225,94,67188,147,2355
120,16,376,8748,94,69971,147,1776
120,16,376,8748,94,69971,147,1776
120,16,376,939,94,73438,147,1068
120,16,376,989,94,76123,147,0513
120,16,377,0503,94,79443,146,9836
120,16,377,0503,94,79443,146,9836
120,16,377,1006,94,82129,146,9281
120,16,377,156,94,85107,146,8669
120,16,377,156,94,85107,146,8669
120,16,377,2107,94,88086,146,8065
120,16,377,2729,94,91406,146,7377
120,16,377,2729,94,91406,146,7377
120,16,377,3242,94,94189,146,6809
120,16,377,3967,94,98096,146,601
120,16,377,4485,95,00879,146,5438
120,16,377,5034,95,03809,146,483
120,16,377,5034,95,03809,146,483
120,16,377,55,95,06348,146,4315
120,16,377,6084,95,09473,146,3671
120,16,377,6084,95,09473,146,3671
120,16,377,6663,95,12598,146,3031
120,16,377,6663,95,12598,146,3031
120,16,377,739,95,16504,146,2225
120,16,377,7937,95,19482,146,1621
120,16,377,8569,95,22852,146,0923
120,16,377,8569,95,22852,146,0923
120,16,377,9094,95,25684,146,0344
120,16,377,9719,95,29053,145,9653
120,16,377,9719,95,29053,145,9653
120,16,378,0269,95,32031,145,9045
120,16,378,0842,95,35107,145,8412
120,16,378,1343,95,37793,145,7859
120,16,378,1343,95,37793,145,7859
120,16,378,1858,95,40576,145,729
120,16,378,2275,95,41992,145,6891
120,16,378,2795,95,43799,145,6393
120,16,378,2795,95,43799,145,6393
120,16,378,3228,95,45313,145,5979
120,16,378,374,95,4707,145,5488
120,16,378,417,95,48584,145,5077
120,16,378,417,95,48584,145,5077
120,16,378,4675,95,50293,145,4594
120,16,378,5171,95,52002,145,412
120,16,378,5691,95,53809,145,3623
120,16,378,5691,95,53809,145,3623
120,16,378,6138,95,55371,145,3195
120,16,378,6643,95,57129,145,271
120,16,378,6643,95,57129,145,271
120,16,378,7112,95,5874,145,2262
120,16,378,7634,95,60547,145,1763
120,16,378,813,95,62256,145,1288
120,16,378,813,95,62256,145,1288
120,16,378,8665,95,64111,145,0775
120,16,378,9146,95,65771,145,0315
120,16,378,9683,95,67627,144,9802
120,16,378,9683,95,67627,144,9802
120,16,379,0112,95,69092,144,9392
120,16,379,0632,95,70898,144,8892
120,16,379,0632,95,70898,144,8892
120,16,379,1091,95,72461,144,8453
120,16,379,1621,95,74316,144,7947
120,16,379,2085,95,75928,144,7502
120,16,379,2085,95,75928,144,7502
120,16,379,26,95,77686,144,7009
120,16,379,3027,95,7915,144,66
120,16,379,3562,95,81006,144,6089
120,16,379,3562,95,81006,144,6089
120,16,379,3943,95,82324,144,5724
120,16,379,4453,95,84082,144,5237
120,16,379,4939,95,85791,144,4772
120,16,379,4939,95,85791,144,4772
120,16,379,5464,95,87598,144,4269
120,16,379,5933,95,89209,144,3821
120,16,379,6475,95,91064,144,3302
120,16,379,6475,95,91064,144,3302
120,16,379,6921,95,92627,144,2874
120,16,379,7432,95,94385,144,2385
120,16,379,7886,95,95947,144,1952
120,16,379,7886,95,95947,144,1952
120,16,379,8391,95,97705,144,1469
120,16,379,8831,95,99219,144,1049
120,16,379,9346,96,00977,144,0554
120,16,379,9346,96,00977,144,0554
120,16,379,9807,96,02588,144,0112
120,16,380,0322,96,04346,143,962
120,16,380,0322,96,04346,143,962
120,16,380,0322,96,04346,143,962
120,16,380,0322,96,04346,143,962
120,16,380,0322,96,04346,143,962
120,16,380,0322,96,04346,143,962
120,16,380,0322,96,04346,143,962
120,16,380,0322,96,04346,143,962
120,16,380,0322,96,04346,143,962
120,16,380,0322,96,04346,143,962
120,16,380,0322,96,04346,143,962
120,16,380,0322,96,04346,143,962
120,16,380,0322,96,04346,143,962
120,16,380,0322,96,04346,143,962
120,16,380,0322,96,04346,143,962
120,16,380,0322,96,04346,143,962
120,16,380,0322,96,04346,143,962
120,16,380,0322,96,04346,143,962
120,16,380,0322,96,04346,143,962
120,16,380,0322,96,04346,143,962
120,16,380,0322,96,04346,143,962
120,16,380,0322,96,04346,143,962
120,16,380,0322,96,04346,143,962
120,16,380,0322,96,04346,143,962
120,16,380,0322,96,04346,143,962
120,16,380,0322,96,04346,143,962
120,16,380,0322,96,04346,143,962
120,16,380,0322,96,04346,143,962
120,16,380,0322,96,04346,143,962
120,16,380,0322,96,04346,143,962
120,16,380,0322,96,04346,143,962
120,16,380,0322,96,04346,143,962
120,16,380,0322,96,04346,143,962
120,16,380,0322,96,04346,143,962
120,16,380,0322,96,04346,143,962
120,16,380,0322,96,04346,143,962
120,16,380,0322,96,04346,143,962
120,16,380,0322,96,04346,143,962
120,16,380,0322,96,04346,143,962
120,16,380,0322,96,04346,143,962
120,16,380,0322,96,04346,143,962
120,16,380,0322,96,04346,143,962
120,16,380,0322,96,04346,143,962
120,16,380,0322,96,04346,143,962
120,16,380,0322,96,04346,143,962
120,16,380,0322,96,04346,143,962
120,16,380,0322,96,04346,143,962
120,16,380,0322,96,04346,143,962
120,16,380,0322,96,04346,143,962
120,16,380,0322,96,04346,143,962
120,16,380,0322,96,04346,143,962
120,16,380,0322,96,04346,143,962
120,16,380,0322,96,04346,143,962
120,16,380,0322,96,04346,143,962
120,16,380,0322,96,04346,143,962
120,16,380,0322,96,04346,143,962
120,16,380,0322,96,04346,143,962
120,16,380,0322,96,04346,143,962
120,16,380,0322,96,04346,143,962
120,16,380,0322,96,04346,143,962
120,16,380,0322,96,04346,143,962
120,16,380,0322,96,04346,143,962
120,16,380,0322,96,04346,143,962
120,16,380,0322,96,04346,143,962
120,16,380,0322,96,04346,143,962
120,16,380,0322,96,04346,143,962
120,16,380,0322,96,04346,143,962
120,16,380,0322,96,04346,143,962
120,16,380,0322,96,04346,143,962
120,16,380,0322,96,04346,143,962
120,16,380,0322,96,04346,143,962
120,16,380,0322,96,04346,143,962
120,16,380,0322,96,04346,143,962
120,16,380,0322,96,04346,143,962
120,16,380,0322,96,04346,143,962
120,16,380,0322,96,04346,143,962
120,16,380,0322,96,04346,143,962
120,16,380,0322,96,04346,143,962
120,16,380,0322,96,04346,143,962
120,16,380,0322,96,04346,143,962
120,16,380,0322,96,04346,143,962
120,16,380,0322,96,04346,143,962
120,16,380,0322,96,04346,143,962
120,16,380,0322,96,04346,143,962
120,16,380,0322,96,04346,143,962
120,16,380,0322,96,04346,143,962
120,16,380,0322,96,04346,143,962
120,16,380,0322,96,04346,143,962
120,16,380,0322,96,04346,143,962
120,16,380,0322,96,04346,143,962
120,16,380,0322,96,04346,143,962
120,16,380,0322,96,04346,143,962
120,16,380,0322,96,04346,143,962
120,16,380,0322,96,04346,143,962
120,16,380,0322,96,04346,143,962
120,16,380,0322,96,04346,143,962
120,16,380,0322,96,04346,143,962
120,16,380,0322,96,04346,143,962
120,16,380,0322,96,04346,143,962
120,16,380,0322,96,04346,143,962
120,16,380,0322,96,04346,143,962
120,16,380,0322,96,04346,143,962
120,16,380,0322,96,04346,143,962
120,16,380,0322,96,04346,143,962
120,16,380,0322,96,04346,143,962
120,16,380,0322,96,04346,143,962
120,16,380,0322,96,04346,143,962
120,16,380,0322,96,04346,143,962
120,16,380,0322,96,04346,143,962
120,16,380,0322,96,04346,143,962
120,16,380,0322,96,04346,143,962
120,16,380,0322,96,04346,143,962
120,16,380,0322,96,04346,143,962
120,16,380,0322,96,04346,143,962
120,16,380,0322,96,04346,143,962
120,16,380,0322,96,04346,143,962
120,16,380,0322,96,04346,143,962
120,16,380,0322,96,04346,143,962
120,16,380,0322,96,04346,143,962
120,16,380,0322,96,04346,143,962
120,16,380,0322,96,04346,143,962
120,16,380,0322,96,04346,143,962
120,16,380,0322,96,04346,143,962
120,16,380,0322,96,04346,143,962
120,16,380,0322,96,04346,143,962
120,16,380,0322,96,04346,143,962
120,16,380,0322,96,04346,143,962
120,16,380,0322,96,04346,143,962
120,16,380,0322,96,04346,143,962
120,16,380,0322,96,04346,143,962
120,16,380,0322,96,04346,143,962
120,16,380,0322,96,04346,143,962
120,16,380,0322,96,04346,143,962
120,16,380,0322,96,04346,143,962
120,16,380,0322,96,04346,143,962
120,16,380,0322,96,04346,143,962
120,16,380,0322,96,04346,143,962
120,16,380,0322,96,04346,143,962
120,16,380,0322,96,04346,143,962
120,16,380,0322,96,04346,143,962
120,16,380,0322,96,04346,143,962
120,16,380,0322,96,04346,143,962
120,16,380,0322,96,04346,143,962
120,16,380,0322,96,04346,143,962
120,16,380,0322,96,04346,143,962
120,16,380,0322,96,04346,143,962
120,16,380,0322,96,04346,143,962
120,16,380,0322,96,04346,143,962
120,16,380,0322,96,04346,143,962
120,16,380,0322,96,04346,143,962
120,16,380,0322,96,04346,143,962
120,16,380,0322,96,04346,143,962
120,16,380,0322,96,04346,143,962
120,16,380,0322,96,04346,143,962
120,16,380,0322,96,04346,143,962
120,16,380,0322,96,04346,143,962
120,16,380,0322,96,04346,143,962
120,16,380,0322,96,04346,143,962
120,16,380,0322,96,04346,143,962
120,16,380,0322,96,04346,143,962
120,16,380,0322,96,04346,143,962
120,16,380,0322,96,04346,143,962
120,16,380,0322,96,04346,143,962
120,16,380,0322,96,04346,143,962
120,16,380,0322,96,04346,143,962
120,16,380,0322,96,04346,143,962
120,16,380,0322,96,04346,143,962
120,16,380,0322,96,04346,143,962
120,16,380,0322,96,04346,143,962
120,16,380,0322,96,04346,143,962
120,16,380,0322,96,04346,143,962
120,16,380,0322,96,04346,143,962
120,16,380,0322,96,04346,143,962
120,16,380,0322,96,04346,143,962
120,16,380,0322,96,04346,143,962
120,16,380,0322,96,04346,143,962
120,16,380,0322,96,04346,143,962
120,16,380,0322,96,04346,143,962
120,16,380,0322,96,04346,143,962
120,16,380,0322,96,04346,143,962
120,16,380,0322,96,04346,143,962
120,16,380,0322,96,04346,143,962
120,16,380,0322,96,04346,143,962
120,16,380,0322,96,04346,143,962
120,16,380,0322,96,04346,143,962
120,16,380,0322,96,04346,143,962
120,16,380,0322,96,04346,143,962
120,16,380,0322,96,04346,143,962
120,16,380,0322,96,04346,143,962
120,16,380,0322,96,04346,143,962
120,16,380,0322,96,04346,143,962
120,16,380,0322,96,04346,143,962
120,16,380,0322,96,04346,143,962
120,16,380,0322,96,04346,143,962
120,16,380,0322,96,04346,143,962
120,16,380,0322,96,04346,143,962
120,16,380,0322,96,04346,143,962
120,16,380,0322,96,04346,143,962
120,16,380,0322,96,04346,143,962
120,16,380,0322,96,04346,143,962
120,16,380,0322,96,04346,143,962
120,16,380,0322,96,04346,143,962
120,16,380,0322,96,04346,143,962
120,16,380,0322,96,04346,143,962
120,16,380,0322,96,04346,143,962
120,16,380,0322,96,04346,143,962
120,16,380,0322,96,04346,143,962
120,16,380,0322,96,04346,143,962
120,16,380,0322,96,04346,143,962
120,16,380,0322,96,04346,143,962
120,16,380,0322,96,04346,143,962
120,16,380,0322,96,04346,143,962
120,16,380,0322,96,04346,143,962
120,16,380,0322,96,04346,143,962
120,16,380,0322,96,04346,143,962
120,16,380,0322,96,04346,143,962
120,16,380,0322,96,04346,143,962
120,16,380,0322,96,04346,143,962
120,16,380,0322,96,04346,143,962
120,16,380,0322,96,04346,143,962
120,16,380,0322,96,04346,143,962
120,16,380,0322,96,04346,143,962
120,16,380,0322,96,04346,143,962
120,16,380,0322,96,04346,143,962
120,16,380,0322,96,04346,143,962
120,16,380,0322,96,04346,143,962
120,16,380,0322,96,04346,143,962
120,16,380,0322,96,04346,143,962
120,16,380,0322,96,04346,143,962
120,16,380,0322,96,04346,143,962
120,16,380,0322,96,04346,143,962
120,16,380,0322,96,04346,143,962
120,16,380,0322,96,04346,143,962
120,16,380,0322,96,04346,143,962
120,16,380,0322,96,04346,143,962
120,16,380,0322,96,04346,143,962
120,16,380,0322,96,04346,143,962
120,16,380,0322,96,04346,143,962
120,16,380,0322,96,04346,143,962
120,16,380,0322,96,04346,143,962
120,16,380,0322,96,04346,143,962
120,16,380,0322,96,04346,143,962
120,16,380,0322,96,04346,143,962
120,16,380,0322,96,04346,143,962
120,16,380,0322,96,04346,143,962
120,16,380,0322,96,04346,143,962
120,16,380,0322,96,04346,143,962
120,16,380,0322,96,04346,143,962
120,16,380,0322,96,04346,143,962
120,16,380,0322,96,04346,143,962
120,16,380,0322,96,04346,143,962
120,16,380,0322,96,04346,143,962
120,16,380,0322,96,04346,143,962
120,16,380,0322,96,04346,143,962
120,16,380,0322,96,04346,143,962
120,16,380,0322,96,04346,143,962
120,16,380,0322,96,04346,143,962
120,16,380,0322,96,04346,143,962
120,16,380,0322,96,04346,143,962
120,16,380,0322,96,04346,143,962
120,16,380,0322,96,04346,143,962
120,16,380,0322,96,04346,143,962
120,