Time,RSteps,X,Y,Z
300,0,617,4614,85,06006,295,2211
300,1,617,4614,85,06006,295,2211
300,1,617,4614,85,06006,295,2211
300,1,617,4614,85,06006,295,2211
300,1,617,4614,85,06006,295,2211
300,1,617,4614,84,84424,295,2211
300,1,617,4614,84,84424,295,2211
300,1,617,4614,84,84424,295,2211
300,1,617,4614,84,84424,295,2211
300,1,617,4614,84,84424,295,2211
300,1,617,4614,84,84424,295,2211
300,1,617,4614,84,84424,295,2211
300,1,617,2051,84,89258,295,1576
300,1,617,2051,84,89258,295,1576
300,1,617,2051,84,89258,295,1576
300,1,617,0254,84,92627,295,113
300,1,617,0254,84,92627,295,113
300,1,617,0254,84,92627,295,113
300,1,616,8667,84,95605,295,0737
300,1,616,8667,84,95605,295,0737
300,1,616,7297,84,98145,295,0398
300,1,616,7297,84,98145,295,0398
300,1,616,5925,85,00732,295,0059
300,1,616,5925,85,00732,295,0059
300,1,616,5925,85,00732,295,0059
300,1,616,4626,85,03174,294,9738
300,1,616,4626,85,03174,294,9738
300,1,616,333,85,05615,294,9417
300,1,616,333,85,05615,294,9417
300,1,616,333,85,05615,294,9417
300,1,616,1919,85,08252,294,9066
300,1,616,1919,85,08252,294,9066
300,1,616,0486,85,10938,294,8712
300,1,616,0486,85,10938,294,8712
300,1,616,0486,85,10938,294,8712
300,1,615,8838,85,14063,294,8303
300,1,615,8838,85,14063,294,8303
300,1,615,8838,85,14063,294,8303
300,1,615,7385,85,16797,294,7944
300,1,615,7385,85,16797,294,7944
300,1,615,7385,85,16797,294,7944
300,1,615,7385,85,16797,294,7944
300,1,615,552,85,20264,294,7482
300,1,615,552,85,20264,294,7482
300,1,615,552,85,20264,294,7482
300,1,615,3357,85,24316,294,6946
300,1,615,3357,85,24316,294,6946
300,1,615,3357,85,24316,294,6946
300,1,615,1719,85,27393,294,6541
300,1,615,1719,85,27393,294,6541
300,1,615,1719,85,27393,294,6541
300,1,615,1704,85,27441,294,6537
300,1,615,1704,85,27441,294,6537
300,1,615,1704,85,27441,294,6537
300,1,615,0046,85,30322,294,6112
300,1,615,0046,85,30322,294,6112
300,1,615,0046,85,30322,294,6112
300,1,614,8367,85,33252,294,5682
300,1,614,8367,85,33252,294,5682
300,1,614,8367,85,33252,294,5682
300,1,614,6521,85,36426,294,521
300,1,614,6521,85,36426,294,521
300,1,614,6521,85,36426,294,521
300,1,614,4541,85,39844,294,4702
300,1,614,4541,85,39844,294,4702
300,1,614,4541,85,39844,294,4702
300,1,614,269,85,43066,294,4227
300,1,614,269,85,43066,294,4227
300,1,614,269,85,43066,294,4227
300,1,614,1072,85,45898,294,3813
300,1,614,1072,85,45898,294,3813
300,1,613,9636,85,48389,294,3445
300,1,613,9636,85,48389,294,3445
300,2,613,9636,85,48389,294,3445
300,2,613,8152,85,50977,294,3064
300,2,613,8152,85,50977,294,3064
300,2,613,8152,85,50977,294,3064
300,2,613,6614,85,53613,294,2671
300,2,613,6614,85,53613,294,2671
300,2,613,5095,85,5625,294,2281
300,2,613,5095,85,5625,294,2281
300,2,613,5095,85,5625,294,2281
300,2,613,3669,85,5874,294,1917
300,2,613,3669,85,5874,294,1917
300,2,613,3669,85,5874,294,1917
300,2,613,217,85,61328,294,1533
300,2,613,217,85,61328,294,1533
300,2,613,0632,85,64014,294,1139
300,2,613,0632,85,64014,294,1139
300,2,613,0632,85,64014,294,1139
300,2,612,9153,85,66553,294,0759
300,2,612,9153,85,66553,294,0759
300,2,612,7664,85,69141,294,0378
300,2,612,7664,85,69141,294,0378
300,2,612,7664,85,69141,294,0378
300,2,612,614,85,71777,293,9988
300,2,612,614,85,71777,293,9988
300,2,612,614,85,71777,293,9988
300,2,612,4775,85,7417,293,9639
300,2,612,4775,85,7417,293,9639
300,2,612,4775,85,7417,293,9639
300,2,612,3953,85,75586,293,9427
300,2,612,3953,85,75586,293,9427
300,2,612,2166,85,77686,293,8591
300,2,612,2166,85,77686,293,8591
300,2,612,2166,85,77686,293,8591
300,2,612,0784,85,79346,293,7946
300,2,612,0784,85,79346,293,7946
300,2,611,9504,85,80859,293,7346
300,2,611,9504,85,80859,293,7346
300,2,611,9504,85,80859,293,7346
300,2,611,8279,85,82275,293,6772
300,2,611,8279,85,82275,293,6772
300,2,611,689,85,83936,293,6122
300,2,611,689,85,83936,293,6122
300,2,611,689,85,83936,293,6122
300,2,611,5464,85,85596,293,5457
300,2,611,5464,85,85596,293,5457
300,2,611,4229,85,87061,293,4878
300,2,611,4229,85,87061,293,4878
300,2,611,2942,85,88574,293,4275
300,2,611,2942,85,88574,293,4275
300,2,611,2942,85,88574,293,4275
300,2,611,168,85,90088,293,3684
300,2,611,168,85,90088,293,3684
300,2,611,0342,85,9165,293,3059
300,2,611,0342,85,9165,293,3059
300,2,610,9072,85,93164,293,2465
300,2,610,9072,85,93164,293,2465
300,2,610,9072,85,93164,293,2465
300,2,610,7869,85,9458,293,1902
300,2,610,7869,85,9458,293,1902
300,2,610,6665,85,95996,293,1338
300,2,610,6665,85,95996,293,1338
300,2,610,5388,85,9751,293,0741
300,2,610,5388,85,9751,293,0741
300,2,610,4143,85,98975,293,0157
300,2,610,4143,85,98975,293,0157
300,2,610,4143,85,98975,293,0157
300,2,610,2957,86,00342,292,9602
300,2,610,2957,86,00342,292,9602
300,2,610,2603,86,00781,292,9437
300,2,610,2603,86,00781,292,9437
300,2,610,2603,86,00781,292,9437
300,2,610,2603,86,00781,292,9437
300,2,610,2603,86,00781,292,9437
300,2,610,1553,86,0166,292,8523
300,2,610,1553,86,0166,292,8523
300,2,610,1553,86,0166,292,8523
300,2,610,0403,86,02588,292,7524
300,2,610,0403,86,02588,292,7524
300,2,609,926,86,03516,292,6528
300,2,609,926,86,03516,292,6528
300,2,609,926,86,03516,292,6528
300,2,609,8042,86,04492,292,5469
300,2,609,8042,86,04492,292,5469
300,2,609,6851,86,05469,292,4431
300,2,609,6851,86,05469,292,4431
300,2,609,6851,86,05469,292,4431
300,2,609,5808,86,06299,292,3525
300,2,609,5808,86,06299,292,3525
300,2,609,4758,86,07178,292,2612
300,2,609,4758,86,07178,292,2612
300,2,609,3687,86,08057,292,168
300,2,609,3687,86,08057,292,168
300,2,609,3687,86,08057,292,168
300,2,609,2546,86,08984,292,0687
300,2,609,2546,86,08984,292,0687
300,2,609,1443,86,09863,291,9725
300,2,609,1443,86,09863,291,9725
300,2,609,043,86,10693,291,8845
300,2,609,043,86,10693,291,8845
300,2,608,9421,86,11523,291,7968
300,2,608,9421,86,11523,291,7968
300,2,608,9421,86,11523,291,7968
300,2,608,8472,86,12256,291,7141
300,2,608,8472,86,12256,291,7141
300,2,608,7522,86,13037,291,6315
300,2,608,7522,86,13037,291,6315
300,2,608,6401,86,13965,291,5339
300,2,608,6401,86,13965,291,5339
300,2,608,5454,86,14746,291,4515
300,2,608,5454,86,14746,291,4515
300,2,608,5454,86,14746,291,4515
300,2,608,4897,86,15186,291,4031
300,2,608,4897,86,15186,291,4031
300,2,608,405,86,16357,291,2896
300,2,608,405,86,16357,291,2896
300,2,608,3235,86,17432,291,1802
300,2,608,3235,86,17432,291,1802
300,2,608,2432,86,18555,291,0723
300,2,608,2432,86,18555,291,0723
300,2,608,1636,86,19629,290,9656
300,2,608,1636,86,19629,290,9656
300,2,608,1636,86,19629,290,9656
300,2,608,0901,86,20654,290,8668
300,2,608,0901,86,20654,290,8668
300,2,608,0103,86,21729,290,7598
300,2,608,0103,86,21729,290,7598
300,2,607,9282,86,22852,290,6498
300,2,607,9282,86,22852,290,6498
300,2,607,9282,86,22852,290,6498
300,2,607,844,86,23975,290,5369
300,2,607,844,86,23975,290,5369
300,2,607,7637,86,25098,290,4291
300,2,607,7637,86,25098,290,4291
300,3,607,6794,86,26221,290,316
300,3,607,6794,86,26221,290,316
300,3,607,6033,86,27246,290,2141
300,3,607,6033,86,27246,290,2141
300,3,607,6033,86,27246,290,2141
300,3,607,5212,86,28369,290,1038
300,3,607,5212,86,28369,290,1038
300,3,607,4421,86,29443,289,9976
300,3,607,4421,86,29443,289,9976
300,3,607,3647,86,30518,289,8938
300,3,607,3647,86,30518,289,8938
300,3,607,2847,86,31592,289,7865
300,3,607,2847,86,31592,289,7865
300,3,607,2117,86,32617,289,6887
300,3,607,2117,86,32617,289,6887
300,3,607,136,86,33643,289,587
300,3,607,136,86,33643,289,587
300,3,607,136,86,33643,289,587
300,3,607,0562,86,34717,289,4799
300,3,607,0562,86,34717,289,4799
300,3,606,9775,86,35791,289,3745
300,3,606,9775,86,35791,289,3745
300,3,606,8977,86,36865,289,2671
300,3,606,8977,86,36865,289,2671
300,3,606,8257,86,37842,289,1707
300,3,606,8257,86,37842,289,1707
300,3,606,7485,86,38916,289,0671
300,3,606,7485,86,38916,289,0671
300,3,606,6721,86,39941,288,9646
300,3,606,6721,86,39941,288,9646
300,3,606,6472,86,40283,288,9313
300,3,606,6472,86,40283,288,9313
300,3,606,5791,86,41748,288,8168
300,3,606,5791,86,41748,288,8168
300,3,606,5791,86,41748,288,8168
300,3,606,5132,86,43164,288,7061
300,3,606,5132,86,43164,288,7061
300,3,606,4495,86,44531,288,5986
300,3,606,4495,86,44531,288,5986
300,3,606,3828,86,45996,288,4866
300,3,606,3828,86,45996,288,4866
300,3,606,3225,86,47266,288,3854
300,3,606,3225,86,47266,288,3854
300,3,606,2598,86,48633,288,2799
300,3,606,2598,86,48633,288,2799
300,3,606,1885,86,50146,288,16
300,3,606,1885,86,50146,288,16
300,3,606,123,86,51563,288,0498
300,3,606,123,86,51563,288,0498
300,3,606,0598,86,5293,287,9434
300,3,606,0598,86,5293,287,9434
300,3,605,9976,86,54248,287,8389
300,3,605,9976,86,54248,287,8389
300,3,605,9976,86,54248,287,8389
300,3,605,9341,86,55615,287,7322
300,3,605,9341,86,55615,287,7322
300,3,605,8682,86,57031,287,6211
300,3,605,8682,86,57031,287,6211
300,3,605,804,86,58447,287,5132
300,3,605,804,86,58447,287,5132
300,3,605,7439,86,59717,287,4126
300,3,605,7439,86,59717,287,4126
300,3,605,6826,86,61035,287,3093
300,3,605,6826,86,61035,287,3093
300,3,605,6218,86,62354,287,2068
300,3,605,6218,86,62354,287,2068
300,3,605,561,86,63672,287,1047
300,3,605,561,86,63672,287,1047
300,3,605,4861,86,65283,286,979
300,3,605,4861,86,65283,286,979
300,3,605,4275,86,66553,286,8801
300,3,605,4275,86,66553,286,8801
300,3,605,3689,86,67773,286,7817
300,3,605,3689,86,67773,286,7817
300,3,605,3064,86,69141,286,6765
300,3,605,3064,86,69141,286,6765
300,3,605,2468,86,7041,286,5763
300,3,605,2468,86,7041,286,5763
300,3,605,1851,86,71729,286,4728
300,3,605,1851,86,71729,286,4728
300,3,605,1282,86,72949,286,3768
300,3,605,1282,86,72949,286,3768
300,3,605,0698,86,74219,286,2791
300,3,605,0698,86,74219,286,2791
300,3,605,0117,86,75488,286,1813
300,3,604,9526,86,76758,286,0818
300,3,604,9526,86,76758,286,0818
300,3,604,8987,86,7793,285,9911
300,3,604,8987,86,7793,285,9911
300,3,604,8367,86,79248,285,8866
300,3,604,8367,86,79248,285,8866
300,3,604,7837,86,80371,285,7976
300,3,604,7837,86,80371,285,7976
300,3,604,7224,86,81689,285,6949
300,3,604,7224,86,81689,285,6949
300,3,604,7185,86,81787,285,6881
300,3,604,7185,86,81787,285,6881
300,3,604,6667,86,83057,285,5874
300,3,604,6667,86,83057,285,5874
300,3,604,6143,86,84326,285,4847
300,3,604,6143,86,84326,285,4847
300,3,604,561,86,85645,285,3811
300,3,604,561,86,85645,285,3811
300,3,604,5125,86,86816,285,2859
300,3,604,5125,86,86816,285,2859
300,3,604,4587,86,88135,285,181
300,3,604,4587,86,88135,285,181
300,3,604,4084,86,89355,285,083
300,3,604,4084,86,89355,285,083
300,3,604,3521,86,90771,284,9731
300,3,604,3521,86,90771,284,9731
300,3,604,2971,86,9209,284,866
300,3,604,2971,86,9209,284,866
300,3,604,2451,86,93359,284,7646
300,3,604,2451,86,93359,284,7646
300,3,604,1931,86,94629,284,6632
300,3,604,1931,86,94629,284,6632
300,3,604,1414,86,95898,284,5625
300,3,604,1414,86,95898,284,5625
300,3,604,0879,86,97217,284,458
300,3,604,0879,86,97217,284,458
300,3,604,0352,86,98486,284,355
300,3,603,9795,86,99854,284,2463
300,3,603,9795,86,99854,284,2463
300,3,603,9275,87,01123,284,1448
300,3,603,9275,87,01123,284,1448
300,3,603,8745,87,02441,284,0417
300,3,603,8745,87,02441,284,0417
300,3,603,8247,87,03662,283,9442
300,3,603,8247,87,03662,283,9442
300,3,603,7754,87,04883,283,8481
300,3,603,7754,87,04883,283,8481
300,3,603,7268,87,06055,283,7532
300,3,603,7268,87,06055,283,7532
300,3,603,6694,87,07471,283,6415
300,3,603,6694,87,07471,283,6415
300,3,603,6169,87,0874,283,5392
300,3,603,6169,87,0874,283,5392
300,3,603,5674,87,09961,283,4421
300,3,603,5149,87,1123,283,3401
300,3,603,5149,87,1123,283,3401
300,3,603,4656,87,12451,283,2438
300,3,603,4656,87,12451,283,2438
300,3,603,4165,87,13672,283,1479
300,3,603,4165,87,13672,283,1479
300,3,603,3621,87,1499,283,0421
300,3,603,3621,87,1499,283,0421
300,3,603,3108,87,16211,282,9418
300,3,603,3108,87,16211,282,9418
300,3,603,2617,87,17432,282,8462
300,3,603,2141,87,18604,282,7532
300,3,603,2141,87,18604,282,7532
300,3,603,2019,87,18896,282,7294
300,3,603,2019,87,18896,282,7294
300,3,603,2019,87,18896,282,7294
300,3,603,2019,87,18896,282,7294
300,3,603,2019,87,18896,282,7294
300,3,603,2019,87,18896,282,7294
300,3,603,2019,87,18896,282,7294
300,3,603,2019,87,18896,282,7294
300,3,603,2019,87,18896,282,7294
300,3,603,2019,87,18896,282,7294
300,3,603,2019,87,18896,282,7294
300,3,603,2019,87,18896,282,7294
300,3,603,2019,87,18896,282,7294
300,3,603,2019,87,18896,282,7294
300,3,603,2019,87,18896,282,7294
300,3,603,2019,87,18896,282,7294
300,3,603,2019,87,18896,282,7294
300,3,603,2019,87,18896,282,7294
300,3,603,2019,87,18896,282,7294
300,3,603,2019,87,18896,282,7294
300,3,603,2019,87,18896,282,7294
300,3,603,2019,87,18896,282,7294
300,3,603,2019,87,18896,282,7294
300,3,603,2019,87,18896,282,7294
300,3,603,2019,87,18896,282,7294
300,3,603,2019,87,18896,282,7294
300,3,603,2019,87,18896,282,7294
300,3,603,2019,87,18896,282,7294
300,3,603,2019,87,18896,282,7294
300,3,603,2019,87,18896,282,7294
300,3,603,2019,87,18896,282,7294
300,3,603,2019,87,18896,282,7294
300,3,603,2019,87,18896,282,7294
300,3,603,2019,87,18896,282,7294
300,3,603,2019,87,18896,282,7294
300,3,603,2019,87,18896,282,7294
300,3,603,2019,87,18896,282,7294
300,3,603,2019,87,18896,282,7294
300,3,603,2019,87,18896,282,7294
300,3,603,2019,87,18896,282,7294
300,3,603,2019,87,18896,282,7294
300,3,603,2019,87,18896,282,7294
300,3,603,2019,87,18896,282,7294
300,3,603,2019,87,18896,282,7294
300,3,603,2019,87,18896,282,7294
300,3,603,2019,87,18896,282,7294
300,3,603,2019,87,18896,282,7294
300,3,603,2019,87,18896,282,7294
300,3,603,2019,87,18896,282,7294
300,3,603,2019,87,18896,282,7294
300,3,603,2019,87,18896,282,7294
300,3,603,2019,87,18896,282,7294
300,3,603,2019,87,18896,282,7294
300,3,603,2019,87,18896,282,7294
300,3,603,2019,87,18896,282,7294
300,3,603,2019,87,18896,282,7294
300,3,603,2019,87,18896,282,7294
300,3,603,2019,87,18896,282,7294
300,3,603,2019,87,18896,282,7294
300,3,603,2019,87,18896,282,7294
300,3,603,2019,87,18896,282,7294
300,3,603,2019,87,18896,282,7294
300,3,603,2019,87,18896,282,7294
300,3,603,2019,87,18896,282,7294
300,3,603,2019,87,18896,282,7294
300,3,603,2019,87,18896,282,7294
300,3,603,2019,87,18896,282,7294
300,3,603,2019,87,18896,282,7294
300,3,603,2019,87,18896,282,7294
300,3,603,2019,87,18896,282,7294
300,3,603,2019,87,18896,282,7294
300,3,603,2019,87,18896,282,7294
300,3,603,2019,87,18896,282,7294
300,3,603,2019,87,18896,282,7294
300,3,603,2019,87,18896,282,7294
300,3,603,2019,87,18896,282,7294
300,3,603,2019,87,18896,282,7294
300,3,603,2019,87,18896,282,7294
300,3,603,2019,87,18896,282,7294
300,3,603,2019,87,18896,282,7294
300,3,603,2019,87,18896,282,7294
300,3,603,2019,87,18896,282,7294
300,3,603,2019,87,18896,282,7294
300,3,603,2019,87,18896,282,7294
300,3,603,2019,87,18896,282,7294
300,3,603,2019,87,18896,282,7294
300,3,603,2019,87,18896,282,7294
300,3,603,2019,87,18896,282,7294
300,3,603,2019,87,18896,282,7294
300,3,603,2019,87,18896,282,7294
300,3,603,2019,87,18896,282,7294
300,3,603,2019,87,18896,282,7294
300,3,603,2019,87,18896,282,7294
300,3,603,2019,87,18896,282,7294
300,3,603,2019,87,18896,282,7294
300,3,603,2019,87,18896,282,7294
300,3,603,2019,87,18896,282,7294
300,3,603,2019,87,18896,282,7294
300,3,603,2019,87,18896,282,7294
300,3,603,2019,87,18896,282,7294
300,3,603,2019,87,18896,282,7294
300,3,603,2019,87,18896,282,7294
300,3,603,2019,87,18896,282,7294
300,3,603,2019,87,18896,282,7294
300,3,603,2019,87,18896,282,7294
300,3,603,2019,87,18896,282,7294
300,3,603,2019,87,18896,282,7294
300,3,603,2019,87,18896,282,7294
300,3,603,2019,87,18896,282,7294
300,3,603,2019,87,18896,282,7294
300,3,603,2019,87,18896,282,7294
300,3,603,2019,87,18896,282,7294
300,3,603,2019,87,18896,282,7294
300,3,603,2019,87,18896,282,7294
300,3,603,2019,87,18896,282,7294
300,3,603,2019,87,18896,282,7294
300,3,603,2019,87,18896,282,7294
300,3,603,2019,87,18896,282,7294
300,3,603,2019,87,18896,282,7294
300,3,603,2019,87,18896,282,7294
300,3,603,2019,87,18896,282,7294
300,3,603,2019,87,18896,282,7294
300,3,603,2019,87,18896,282,7294
300,3,603,2019,87,18896,282,7294
300,3,603,2019,87,18896,282,7294
300,3,603,2019,87,18896,282,7294
300,3,603,2019,87,18896,282,7294
300,3,603,2019,87,18896,282,7294
300,3,603,2019,87,18896,282,7294
300,3,603,2019,87,18896,282,7294
300,3,603,2019,87,18896,282,7294
300,3,603,2019,87,18896,282,7294
300,3,603,2019,87,18896,282,7294
300,3,603,2019,87,18896,282,7294
300,3,603,2019,87,18896,282,7294
300,3,603,2019,87,18896,282,7294
300,3,603,2019,87,18896,282,7294
300,3,603,2019,87,18896,282,7294
300,3,603,2019,87,18896,282,7294
300,3,603,2019,87,18896,282,7294
300,3,603,2019,87,18896,282,7294
300,3,603,2019,87,18896,282,7294
300,3,603,2019,87,18896,282,7294
300,3,603,2019,87,18896,282,7294
300,3,603,2019,87,18896,282,7294
300,3,603,2019,87,18896,282,7294
300,3,603,2019,87,18896,282,7294
300,3,603,2019,87,18896,282,7294
300,3,603,2019,87,18896,282,7294
300,3,603,2019,87,18896,282,7294
300,3,603,2019,87,18896,282,7294
300,3,603,2019,87,18896,282,7294
300,3,603,2019,87,18896,282,7294
300,3,603,2019,87,18896,282,7294
300,3,603,2019,87,18896,282,7294
300,3,603,2019,87,18896,282,7294
300,3,603,2019,87,18896,282,7294
300,3,603,2019,87,18896,282,7294
300,3,603,2019,87,18896,282,7294
300,3,603,2019,87,18896,282,7294
300,3,603,2019,87,18896,282,7294
300,3,603,2019,87,18896,282,7294
300,3,603,2019,87,18896,282,7294
300,3,603,2019,87,18896,282,7294
300,3,603,2019,87,18896,282,7294
300,3,603,2019,87,18896,282,7294
300,3,603,2019,87,18896,282,7294
300,3,603,2019,87,18896,282,7294
300,3,603,2019,87,18896,282,7294
300,3,603,2019,87,18896,282,7294
300,3,603,2019,87,18896,282,7294
300,3,603,2019,87,18896,282,7294
300,3,603,2019,87,18896,282,7294
300,3,603,2019,87,18896,282,7294
300,3,603,2019,87,18896,282,7294
300,3,603,2019,87,18896,282,7294
300,3,603,2019,87,18896,282,7294
300,3,603,2019,87,18896,282,7294
300,3,603,2019,87,18896,282,7294
300,3,603,2019,87,18896,282,7294
300,3,603,2019,87,18896,282,7294
300,3,603,2019,87,18896,282,7294
300,3,603,2019,87,18896,282,7294
300,3,603,2019,87,18896,282,7294
300,3,603,2019,87,18896,282,7294
300,3,603,2019,87,18896,282,7294
300,3,603,2019,87,18896,282,7294
300,3,603,2019,87,18896,282,7294
300,3,603,2019,87,18896,282,7294
300,3,603,2019,87,18896,282,7294
300,3,603,2019,87,18896,282,7294
300,3,603,2019,87,18896,282,7294
300,3,603,2019,87,18896,282,7294
300,3,603,2019,87,18896,282,7294
300,3,603,2019,87,18896,282,7294
300,3,603,2019,87,18896,282,7294
300,3,603,2019,87,18896,282,7294
300,3,603,2019,87,18896,282,7294
300,3,603,2019,87,18896,282,7294
300,3,603,2019,87,18896,282,7294
300,3,603,2019,87,18896,282,7294
300,3,603,2019,87,18896,282,7294
300,3,603,2019,87,18896,282,7294
300,3,603,2019,87,18896,282,7294
300,3,603,2019,87,18896,282,7294
300,3,603,2019,87,18896,282,7294
300,3,603,2019,87,18896,282,7294
300,3,603,2019,87,18896,282,7294
300,3,603,2019,87,18896,282,7294
300,3,603,2019,87,18896,282,7294
300,3,603,2019,87,18896,282,7294
300,3,603,2019,87,18896,282,7294
300,3,603,2019,87,18896,282,7294
300,3,603,2019,87,18896,282,7294
300,3,603,2019,87,18896,282,7294
300,3,603,2019,87,18896,282,7294
300,3,603,2019,87,18896,282,7294
300,3,603,2019,87,18896,282,7294
300,3,603,2019,87,18896,282,7294
300,3,603,2019,87,18896,282,7294
300,3,603,2019,87,18896,282,7294
300,3,603,2019,87,18896,282,7294
300,3,603,2019,87,18896,282,7294
300,3,603,2019,87,18896,282,7294
300,3,603,2019,87,18896,282,7294
300,3,603,2019,87,18896,282,7294
300,3,603,2019,87,18896,282,7294
300,3,603,2019,87,18896,282,7294
300,3,603,2019,87,18896,282,7294
300,3,603,2019,87,18896,282,7294
300,3,603,2019,87,18896,282,7294
300,3,603,2019,87,18896,282,7294
300,3,603,2019,87,18896,282,7294
300,3,603,2019,87,18896,282,7294
300,3,603,2019,87,18896,282,7294
300,3,603,2019,87,18896,282,7294
300,3,603,2019,87,18896,282,7294
300,3,603,2019,87,18896,282,7294
300,3,603,2019,87,18896,282,7294
300,3,603,2019,87,18896,282,7294
300,3,603,2019,87,18896,282,7294
300,3,603,2019,87,18896,282,7294
300,3,603,2019,87,18896,282,7294
300,3,603,2019,87,18896,282,7294
300,3,603,2019,87,18896,282,7294
300,3,603,2019,87,18896,282,7294
300,3,603,2019,87,18896,282,7294
300,3,603,2019,87,18896,282,7294
300,3,603,2019,87,18896,282,7294
300,3,603,2019,87,18896,282,7294
300,3,603,2019,87,18896,282,7294
300,3,603,2019,87,18896,282,7294
300,3,603,2019,87,18896,282,7294
300,3,603,2019,87,18896,282,7294
300,3,603,2019,87,18896,282,7294
300,3,603,2019,87,18896,282,7294
300,3,603,2019,87,18896,282,7294
300,3,603,2019,87,18896,282,7294
300,3,603,2019,87,18896,282,7294
300,3,603,2019,87,18896,282,7294
300,3,603,2019,87,18896,282,7294
300,3,603,2019,87,18896,282,7294
300,3,603,2019,87,18896,282,7294
300,3,603,2019,87,18896,282,7294
300,3,603,2019,87,18896,282,7294
300,3,603,2019,87,18896,282,7294
300,3,603,2019,87,18896,282,7294
300,3,603,2019,87,18896,282,7294
300,3,603,2019,87,18896,282,7294
300,3,603,2019,87,18896,282,7294
300,3,603,2019,87,18896,282,7294
300,3,603,2019,87,18896,282,7294
300,3,603,2019,87,18896,282,7294
300,3,603,2019,87,18896,282,7294
300,3,603,2019,87,18896,282,7294
300,3,603,2019,87,18896,282,7294
300,3,603,2019,87,18896,282,7294
300,3,603,2019,87,18896,282,7294
300,3,603,2019,87,18896,282,7294
300,4,603,2019,87,18896,282,7294
300,4,603,2019,87,18896,282,7294
300,4,603,2019,87,18896,282,7294
300,4,603,2019,87,18896,282,7294
300,4,603,1467,87,20215,282,6342
300,4,603,1467,87,20215,282,6342
300,4,603,0964,87,21436,282,547
300,4,603,0964,87,21436,282,547
300,4,603,043,87,22705,282,4545
300,4,603,043,87,22705,282,4545
300,4,602,9912,87,23975,282,3647
300,4,602,9912,87,23975,282,3647
300,4,602,9368,87,25244,282,2708
300,4,602,9368,87,25244,282,2708
300,4,602,8772,87,26709,282,1677
300,4,602,821,87,28027,282,0704
300,4,602,821,87,28027,282,0704
300,4,602,7659,87,29346,281,9749
300,4,602,7659,87,29346,281,9749
300,4,602,7114,87,30664,281,8809
300,4,602,7114,87,30664,281,8809
300,4,602,658,87,31934,281,7881
300,4,602,658,87,31934,281,7881
300,4,602,6042,87,33252,281,6956
300,4,602,6042,87,33252,281,6956
300,4,602,5488,87,3457,281,5994
300,4,602,5488,87,3457,281,5994
300,4,602,4895,87,35986,281,4967
300,4,602,4351,87,37305,281,4026
300,4,602,4351,87,37305,281,4026
300,4,602,3821,87,38574,281,311
300,4,602,3821,87,38574,281,311
300,4,602,3296,87,39844,281,2202
300,4,602,3296,87,39844,281,2202
300,4,602,2783,87,41064,281,1315
300,4,602,2244,87,42383,281,0381
300,4,602,2244,87,42383,281,0381
300,4,602,1719,87,43604,280,9473
300,4,602,1719,87,43604,280,9473
300,4,602,1145,87,4502,280,8483
300,4,602,1145,87,4502,280,8483
300,4,602,0627,87,4624,280,7584
300,4,602,0627,87,4624,280,7584
300,4,602,0059,87,47607,280,66
300,4,602,0059,87,47607,280,66
300,4,601,9495,87,48975,280,5624
300,4,601,8931,87,50293,280,465
300,4,601,8931,87,50293,280,465
300,4,601,8425,87,51514,280,3777
300,4,601,8425,87,51514,280,3777
300,4,601,7896,87,52783,280,2859
300,4,601,7896,87,52783,280,2859
300,4,601,7351,87,54102,280,1917
300,4,601,7351,87,54102,280,1917
300,4,601,6807,87,5542,280,0977
300,4,601,6807,87,5542,280,0977
300,4,601,6172,87,56934,279,9877
300,4,601,6172,87,56934,279,9877
300,4,601,5535,87,58447,279,8777
300,4,601,5535,87,58447,279,8777
300,4,601,5535,87,58447,279,8777
300,4,601,4832,87,60156,279,7559
300,4,601,4832,87,60156,279,7559
300,4,601,4199,87,6167,279,6464
300,4,601,4199,87,6167,279,6464
300,4,601,3486,87,63379,279,5232
300,4,601,3486,87,63379,279,5232
300,4,601,3325,87,6377,279,4951
300,4,601,3325,87,6377,279,4951
300,4,601,2869,87,64795,279,4044
300,4,601,2869,87,64795,279,4044
300,4,601,24,87,65869,279,3107
300,4,601,1912,87,66992,279,2137
300,4,601,1912,87,66992,279,2137
300,4,601,1399,87,68164,279,1112
300,4,601,1399,87,68164,279,1112
300,4,601,094,87,69189,279,0198
300,4,601,094,87,69189,279,0198
300,4,601,0471,87,70264,278,9266
300,4,601,0007,87,71338,278,8339
300,4,601,0007,87,71338,278,8339
300,4,600,9541,87,72412,278,7412
300,4,600,9541,87,72412,278,7412
300,4,600,9094,87,73438,278,6521
300,4,600,8606,87,74512,278,5549
300,4,600,8606,87,74512,278,5549
300,4,600,8184,87,75488,278,4707
300,4,600,8184,87,75488,278,4707
300,4,600,7722,87,76563,278,3787
300,4,600,7722,87,76563,278,3787
300,4,600,7253,87,77637,278,2849
300,4,600,6768,87,78711,278,1884
300,4,600,6768,87,78711,278,1884
300,4,600,6348,87,79688,278,1046
300,4,600,6348,87,79688,278,1046
300,4,600,5881,87,80713,278,012
300,4,600,5488,87,81641,277,9333
300,4,600,5488,87,81641,277,9333
300,4,600,5017,87,82715,277,8395
300,4,600,5017,87,82715,277,8395
300,4,600,4543,87,83789,277,7452
300,4,600,408,87,84863,277,6526
300,4,600,408,87,84863,277,6526
300,4,600,3623,87,85889,277,5618
300,4,600,3623,87,85889,277,5618
300,4,600,3206,87,86816,277,4784
300,4,600,2761,87,87842,277,3901
300,4,600,2761,87,87842,277,3901
300,4,600,2302,87,88916,277,2985
300,4,600,2302,87,88916,277,2985
300,4,600,1863,87,89893,277,2111
300,5,600,1431,87,90869,277,1249
300,5,600,1431,87,90869,277,1249
300,5,600,0972,87,91943,277,0333
300,5,600,0972,87,91943,277,0333
300,5,600,0645,87,92676,276,9683
300,5,600,0645,87,92676,276,9683
300,5,600,0098,87,93604,276,8678
300,5,599,9626,87,94385,276,7817
300,5,599,9626,87,94385,276,7817
300,5,599,915,87,95166,276,6941
300,5,599,915,87,95166,276,6941
300,5,599,8667,87,95996,276,6055
300,5,599,8215,87,96729,276,5231
300,5,599,8215,87,96729,276,5231
300,5,599,7695,87,97607,276,4272
300,5,599,7695,87,97607,276,4272
300,5,599,7197,87,98438,276,3362
300,5,599,675,87,9917,276,2544
300,5,599,675,87,9917,276,2544
300,5,599,6243,88,276,1613
300,5,599,6243,88,276,1613
300,5,599,5786,88,00781,276,0771
300,5,599,532,88,01563,275,9917
300,5,599,532,88,01563,275,9917
300,5,599,4866,88,02344,275,9084
300,5,599,4407,88,03076,275,8243
300,5,599,4407,88,03076,275,8243
300,5,599,3992,88,0376,275,7483
300,5,599,3992,88,0376,275,7483
300,5,599,3535,88,04541,275,6644
300,5,599,3052,88,05371,275,5758
300,5,599,3052,88,05371,275,5758
300,5,599,2583,88,06152,275,4899
300,5,599,2122,88,06885,275,4053
300,5,599,2122,88,06885,275,4053
300,5,599,1665,88,07666,275,3215
300,5,599,1665,88,07666,275,3215
300,5,599,1169,88,08496,275,2308
300,5,599,073,88,09229,275,1499
300,5,599,073,88,09229,275,1499
300,5,599,022,88,10059,275,0566
300,5,599,022,88,10059,275,0566
300,5,598,9792,88,10791,274,9783
300,5,598,9792,88,10791,274,9783
300,5,598,947,88,11328,274,9191
300,5,598,947,88,11328,274,9191
300,5,598,947,88,11328,274,9191
300,5,598,947,88,11328,274,9191
300,5,598,947,88,11328,274,9191
300,5,598,947,88,11328,274,9191
300,5,598,947,88,11328,274,9191
300,5,598,947,88,11328,274,9191
300,5,598,947,88,11328,274,9191
300,5,598,947,88,11328,274,9191
300,5,598,947,88,11328,274,9191
300,5,598,947,88,11328,274,9191
300,5,598,947,88,11328,274,9191
300,5,598,947,88,11328,274,9191
300,5,598,947,88,11328,274,9191
300,5,598,947,88,11328,274,9191
300,5,598,947,88,11328,274,9191
300,5,598,947,88,11328,274,9191
300,5,598,947,88,11328,274,9191
300,5,598,947,88,11328,274,9191
300,5,598,947,88,11328,274,9191
300,5,598,947,88,11328,274,9191
300,5,598,9063,88,12012,274,8293
300,5,598,9063,88,12012,274,8293
300,5,598,8672,88,12695,274,7433
300,5,598,8257,88,13379,274,6521
300,5,598,8257,88,13379,274,6521
300,5,598,7854,88,14063,274,5638
300,5,598,7461,88,14746,274,4772
300,5,598,7461,88,14746,274,4772
300,5,598,7041,88,1543,274,3849
300,5,598,7041,88,1543,274,3849
300,5,598,6658,88,16113,274,3005
300,5,598,6257,88,16797,274,2123
300,5,598,6257,88,16797,274,2123
300,5,598,5894,88,17383,274,1324
300,5,598,5894,88,17383,274,1324
300,5,598,5459,88,18115,274,0369
300,5,598,5459,88,18115,274,0369
300,5,598,4946,88,18994,273,9241
300,5,598,4536,88,19678,273,834
300,5,598,4536,88,19678,273,834
300,5,598,4102,88,2041,273,7382
300,5,598,4102,88,2041,273,7382
300,5,598,3723,88,21094,273,6547
300,5,598,3308,88,21777,273,5637
300,5,598,3308,88,21777,273,5637
300,5,598,2825,88,22607,273,4572
300,5,598,2825,88,22607,273,4572
300,5,598,2405,88,23291,273,3647
300,5,598,2405,88,23291,273,3647
300,5,598,2014,88,23975,273,2788
300,5,598,2014,88,23975,273,2788
300,5,598,1575,88,24707,273,1823
300,5,598,1082,88,25537,273,0741
300,5,598,1082,88,25537,273,0741
300,5,598,064,88,26318,272,9764
300,5,598,064,88,26318,272,9764
300,5,598,0198,88,27051,272,8796
300,5,597,9778,88,27783,272,7867
300,5,597,9778,88,27783,272,7867
300,5,597,9385,88,28418,272,7004
300,5,597,9385,88,28418,272,7004
300,5,597,9004,88,29053,272,6169
300,5,597,8606,88,29736,272,5292
300,5,597,8606,88,29736,272,5292
300,5,597,824,88,30371,272,4485
300,5,597,7922,88,30908,272,3789
300,5,597,7922,88,30908,272,3789
300,5,597,7651,88,31445,272,2958
300,5,597,7346,88,3208,272,2018
300,5,597,7346,88,3208,272,2018
300,5,597,7043,88,32715,272,1084
300,5,597,676,88,33301,272,0215
300,5,597,676,88,33301,272,0215
300,5,597,6475,88,33887,271,9337
300,5,597,6475,88,33887,271,9337
300,5,597,6177,88,34521,271,8416
300,5,597,5889,88,35107,271,7532
300,6,597,5889,88,35107,271,7532
300,6,597,5593,88,35742,271,6626
300,6,597,5295,88,36328,271,5704
300,6,597,5295,88,36328,271,5704
300,6,597,5007,88,36963,271,4816
300,6,597,4719,88,37549,271,3932
300,6,597,4719,88,37549,271,3932
300,6,597,447,88,38037,271,3169
300,6,597,4182,88,38672,271,2278
300,6,597,4182,88,38672,271,2278
300,6,597,3892,88,39258,271,1388
300,6,597,3892,88,39258,271,1388
300,6,597,3596,88,39844,271,0482
300,6,597,3269,88,40527,270,9469
300,6,597,3269,88,40527,270,9469
300,6,597,2991,88,41113,270,8615
300,6,597,2676,88,41797,270,7645
300,6,597,2676,88,41797,270,7645
300,6,597,2385,88,42383,270,6752
300,6,597,2385,88,42383,270,6752
300,6,597,2097,88,42969,270,5869
300,6,597,1809,88,43555,270,4984
300,6,597,1809,88,43555,270,4984
300,6,597,1509,88,44189,270,4054
300,6,597,1509,88,44189,270,4054
300,6,597,1218,88,44775,270,3159
300,6,597,0896,88,45459,270,2168
300,6,597,0896,88,45459,270,2168
300,6,597,0598,88,46094,270,1251
300,6,597,0313,88,4668,270,0375
300,6,597,0313,88,4668,270,0375
300,6,597,0012,88,47266,269,9449
300,6,596,9905,88,4751,269,9121
300,6,596,9905,88,4751,269,9121
300,6,596,9624,88,48047,269,8295
300,6,596,9333,88,48584,269,7434
300,6,596,9333,88,48584,269,7434
300,6,596,9043,88,4917,269,6584
300,6,596,8745,88,49707,269,5707
300,6,596,8745,88,49707,269,5707
300,6,596,8438,88,50293,269,4802
300,6,596,8438,88,50293,269,4802
300,6,596,8157,88,5083,269,3972
300,6,596,7849,88,51465,269,3064
300,6,596,7849,88,51465,269,3064
300,6,596,7534,88,52051,269,2139
300,6,596,7239,88,52588,269,1272
300,6,596,7239,88,52588,269,1272
300,6,596,6929,88,53223,269,0356
300,6,596,6929,88,53223,269,0356
300,6,596,6565,88,53906,268,9281
300,6,596,6292,88,54443,268,8479
300,6,596,6292,88,54443,268,8479
300,6,596,5969,88,55029,268,7534
300,6,596,5691,88,55566,268,6709
300,6,596,5691,88,55566,268,6709
300,6,596,5374,88,56152,268,578
300,6,596,5085,88,56738,268,4927
300,6,596,5085,88,56738,268,4927
300,6,596,4807,88,57275,268,4108
300,6,596,4553,88,57764,268,3357
300,6,596,4553,88,57764,268,3357
300,6,596,427,88,58301,268,2531
300,6,596,3972,88,58838,268,1648
300,6,596,3972,88,58838,268,1648
300,6,596,3672,88,59424,268,0764
300,6,596,3384,88,59961,267,9917
300,6,596,3384,88,59961,267,9917
300,6,596,3071,88,60596,267,8998
300,6,596,2778,88,61133,267,8134
300,6,596,2778,88,61133,267,8134
300,6,596,2483,88,61719,267,7264
300,6,596,2192,88,62256,267,6406
300,6,596,2192,88,62256,267,6406
300,6,596,1931,88,62744,267,564
300,6,596,1638,88,6333,267,4774
300,6,596,1638,88,6333,267,4774
300,6,596,1372,88,63818,267,3992
300,6,596,1147,88,64258,267,333
300,6,596,1147,88,64258,267,333
300,6,596,0847,88,64795,267,2449
300,6,596,0547,88,65381,267,156
300,6,596,0547,88,65381,267,156
300,6,596,0247,88,65918,267,0679
300,6,595,9958,88,66455,266,9823
300,6,595,9958,88,66455,266,9823
300,6,595,9673,88,66992,266,8984
300,6,595,9417,88,6748,266,8232
300,6,595,9143,88,67969,266,7424
300,6,595,9143,88,67969,266,7424
300,6,595,8892,88,68457,266,6686
300,6,595,8596,88,68994,266,5811
300,6,595,8596,88,68994,266,5811
300,6,595,8333,88,69482,266,5037
300,6,595,804,88,7002,266,4177
300,6,595,804,88,7002,266,4177
300,6,595,7751,88,70557,266,333
300,6,595,7461,88,71094,266,2472
300,6,595,717,88,7168,266,1615
300,6,595,717,88,7168,266,1615
300,6,595,6921,88,72119,266,0883
300,6,595,6653,88,72607,266,0088
300,6,595,6653,88,72607,266,0088
300,6,595,636,88,73145,265,923
300,6,595,6072,88,73682,265,8381
300,6,595,6072,88,73682,265,8381
300,6,595,5803,88,74219,265,7588
300,6,595,554,88,74707,265,6807
300,6,595,554,88,74707,265,6807
300,6,595,5244,88,75244,265,5936
300,6,595,4951,88,75781,265,5078
300,6,595,4951,88,75781,265,5078
300,6,595,4668,88,76318,265,4241
300,6,595,4409,88,76807,265,3479
300,6,595,4409,88,76807,265,3479
300,6,595,4138,88,77295,265,2678
300,6,595,3821,88,77881,265,1748
300,6,595,3533,88,78418,265,0898
300,6,595,3533,88,78418,265,0898
300,6,595,3271,88,78906,265,0129
300,6,595,2981,88,79443,264,9272
300,6,595,2981,88,79443,264,9272
300,6,595,2717,88,79932,264,8497
300,6,595,2466,88,8042,264,7754
300,6,595,2249,88,80811,264,7114
300,6,595,2249,88,80811,264,7114
300,6,595,2249,88,80811,264,7114
300,6,595,2249,88,80811,264,7114
300,6,595,2249,88,80811,264,7114
300,6,595,2249,88,80811,264,7114
300,7,595,2249,88,80811,264,7114
300,7,595,2249,88,80811,264,7114
300,7,595,2249,88,80811,264,7114
300,7,595,196,88,81348,264,6245
300,7,595,196,88,81348,264,6245
300,7,595,1682,88,81885,264,541
300,7,595,1682,88,81885,264,541
300,7,595,1396,88,82422,264,4548
300,7,595,1101,88,82959,264,3657
300,7,595,1101,88,82959,264,3657
300,7,595,0833,88,83447,264,2845
300,7,595,0544,88,83984,264,198
300,7,595,0264,88,84521,264,1138
300,7,595,0264,88,84521,264,1138
300,7,594,9985,88,8501,264,0295
300,7,594,9729,88,85498,263,9529
300,7,594,9729,88,85498,263,9529
300,7,594,9456,88,86035,263,8699
300,7,594,9211,88,86475,263,796
300,7,594,9211,88,86475,263,796
300,7,594,8909,88,87061,263,7056
300,7,594,8652,88,875,263,6281
300,7,594,8652,88,875,263,6281
300,7,594,8367,88,88037,263,5422
300,7,594,8079,88,88574,263,4557
300,7,594,8079,88,88574,263,4557
300,7,594,7795,88,89111,263,3696
300,7,594,7515,88,89648,263,2855
300,7,594,7515,88,89648,263,2855
300,7,594,72,88,90234,263,1902
300,7,594,6921,88,90771,263,1064
300,7,594,6921,88,90771,263,1064
300,7,594,6628,88,91309,263,0179
300,7,594,6348,88,91797,262,9337
300,7,594,6348,88,91797,262,9337
300,7,594,6082,88,92334,262,8536
300,7,594,5801,88,92822,262,7688
300,7,594,5801,88,92822,262,7688
300,7,594,552,88,93359,262,6842
300,7,594,522,88,93945,262,5938
300,7,594,522,88,93945,262,5938
300,7,594,4963,88,94385,262,517
300,7,594,4683,88,94922,262,4321
300,7,594,4441,88,95361,262,3595
300,7,594,4441,88,95361,262,3595
300,7,594,4158,88,95898,262,274
300,7,594,4158,88,95898,262,274
300,7,594,3792,88,96582,262,1638
300,7,594,3508,88,97119,262,078
300,7,594,3508,88,97119,262,078
300,7,594,321,88,97656,261,9885
300,7,594,2954,88,98145,261,9115
300,7,594,2954,88,98145,261,9115
300,7,594,2698,88,98633,261,8346
300,7,594,2419,88,9917,261,75
300,7,594,2129,88,99707,261,663
300,7,594,2129,88,99707,261,663
300,7,594,1877,89,00146,261,5869
300,7,594,1614,89,00635,261,5073
300,7,594,1614,89,00635,261,5073
300,7,594,136,89,01123,261,4309
300,7,594,1084,89,0166,261,3481
300,7,594,1047,89,01709,261,337
300,7,594,1047,89,01709,261,337
300,7,594,0706,89,02197,261,2612
300,7,594,0378,89,02686,261,189
300,7,594,0378,89,02686,261,189
300,7,594,0017,89,03174,261,1094
300,7,593,9639,89,03711,261,0256
300,7,593,9639,89,03711,261,0256
300,7,593,9282,89,04248,260,9465
300,7,593,8928,89,04736,260,8682
300,7,593,8584,89,05225,260,7921
300,7,593,8584,89,05225,260,7921
300,7,593,825,89,05713,260,718
300,7,593,7937,89,06152,260,6494
300,7,593,7937,89,06152,260,6494
300,7,593,761,89,06641,260,5767
300,7,593,7246,89,07178,260,4965
300,7,593,6912,89,07666,260,4224
300,7,593,6912,89,07666,260,4224
300,7,593,6548,89,08154,260,3417
300,7,593,6187,89,08691,260,262
300,7,593,6187,89,08691,260,262
300,7,593,5835,89,0918,260,1843
300,7,593,5457,89,09717,260,1008
300,7,593,5457,89,09717,260,1008
300,7,593,5095,89,10254,260,0206
300,7,593,4775,89,10693,259,9501
300,7,593,4409,89,1123,259,8688
300,7,593,4409,89,1123,259,8688
300,7,593,4043,89,11768,259,7878
300,7,593,3706,89,12256,259,7135
300,7,593,3706,89,12256,259,7135
300,7,593,3335,89,12793,259,6312
300,7,593,2986,89,13281,259,5544
300,7,593,2986,89,13281,259,5544
300,7,593,2617,89,13818,259,4725
300,7,593,2283,89,14307,259,3983
300,7,593,2283,89,14307,259,3983
300,7,593,1934,89,14795,259,3213
300,7,593,157,89,15332,259,2411
300,7,593,1204,89,15869,259,1599
300,7,593,1204,89,15869,259,1599
300,7,593,0862,89,16357,259,0845
300,7,593,0491,89,16895,259,0024
300,7,593,0491,89,16895,259,0024
300,7,593,0103,89,17432,258,9163
300,7,592,9741,89,17969,258,8367
300,7,592,9741,89,17969,258,8367
300,7,592,938,89,18457,258,7567
300,7,592,8987,89,19043,258,6698
300,7,592,8987,89,19043,258,6698
300,7,592,8623,89,19531,258,5894
300,7,592,8284,89,2002,258,5143
300,7,592,8284,89,2002,258,5143
300,7,592,7952,89,20508,258,4409
300,7,592,7605,89,20996,258,3638
300,7,592,7258,89,21533,258,2875
300,8,592,7258,89,21533,258,2875
300,8,592,6924,89,21973,258,2133
300,8,592,6548,89,22559,258,1301
300,8,592,6548,89,22559,258,1301
300,8,592,6328,89,22852,258,0817
300,8,592,6328,89,22852,258,0817
300,8,592,5945,89,2334,258,0078
300,8,592,5491,89,23877,257,9208
300,8,592,5081,89,24365,257,8424
300,8,592,5081,89,24365,257,8424
300,8,592,4692,89,24854,257,7675
300,8,592,4324,89,25293,257,6968
300,8,592,4324,89,25293,257,6968
300,8,592,3928,89,25781,257,6207
300,8,592,3518,89,2627,257,5422
300,8,592,3127,89,26758,257,4668
300,8,592,3127,89,26758,257,4668
300,8,592,2744,89,27246,257,3933
300,8,592,2383,89,27686,257,3241
300,8,592,2007,89,28125,257,2517
300,8,592,2007,89,28125,257,2517
300,8,592,1646,89,28564,257,1825
300,8,592,1252,89,29053,257,1067
300,8,592,1252,89,29053,257,1067
300,8,592,0886,89,29492,257,0367
300,8,592,0471,89,30029,256,9569
300,8,592,0098,89,30469,256,8853
300,8,592,0098,89,30469,256,8853
300,8,591,9751,89,30908,256,8186
300,8,591,9363,89,31396,256,7438
300,8,591,8997,89,31836,256,6738
300,8,591,8997,89,31836,256,6738
300,8,591,8618,89,32275,256,6013
300,8,591,8208,89,32813,256,5225
300,8,591,7849,89,33252,256,4534
300,8,591,7849,89,33252,256,4534
300,8,591,7507,89,33643,256,3876
300,8,591,7131,89,34082,256,3158
300,8,591,6763,89,3457,256,2446
300,8,591,6763,89,3457,256,2446
300,8,591,6389,89,3501,256,1733
300,8,591,6038,89,35449,256,1053
300,8,591,5664,89,35889,256,0337
300,8,591,5664,89,35889,256,0337
300,8,591,5281,89,36377,255,9602
300,8,591,4919,89,36816,255,8906
300,8,591,4919,89,36816,255,8906
300,8,591,4517,89,37305,255,8134
300,8,591,4114,89,37793,255,7358
300,8,591,3743,89,38232,255,665
300,8,591,3743,89,38232,255,665
300,8,591,3357,89,38721,255,5907
300,8,591,2964,89,39209,255,5153
300,8,591,2964,89,39209,255,5153
300,8,591,2585,89,39648,255,4425
300,8,591,2173,89,40186,255,3633
300,8,591,2173,89,40186,255,3633
300,8,591,1758,89,40674,255,2836
300,8,591,1345,89,41211,255,2046
300,8,591,1345,89,41211,255,2046
300,8,591,0859,89,41797,255,111
300,8,591,0435,89,42285,255,0294
300,8,591,0435,89,42285,255,0294
300,8,591,0005,89,42822,254,947
300,8,591,0005,89,42822,254,947
300,8,590,9573,89,43359,254,864
300,8,590,9163,89,43848,254,785
300,8,590,8748,89,44385,254,7058
300,8,590,8748,89,44385,254,7058
300,8,590,8391,89,44824,254,637
300,8,590,7966,89,45313,254,5553
300,8,590,7966,89,45313,254,5553
300,8,590,7815,89,45508,254,5265
300,8,590,7815,89,45508,254,5265
300,8,590,7258,89,4585,254,451
300,8,590,6677,89,46191,254,3726
300,8,590,623,89,46484,254,3119
300,8,590,623,89,46484,254,3119
300,8,590,5659,89,46826,254,2346
300,8,590,5042,89,47217,254,1509
300,8,590,5042,89,47217,254,1509
300,8,590,4583,89,4751,254,0886
300,8,590,4128,89,47754,254,0273
300,8,590,4128,89,47754,254,0273
300,8,590,3596,89,48096,253,9551
300,8,590,3074,89,48389,253,8843
300,8,590,3074,89,48389,253,8843
300,8,590,2559,89,4873,253,8146
300,8,590,2029,89,49072,253,743
300,8,590,158,89,49316,253,6818
300,8,590,158,89,49316,253,6818
300,8,590,1018,89,49658,253,6061
300,8,590,1018,89,49658,253,6061
300,8,590,0439,89,5,253,5275
300,8,589,9924,89,50342,253,4578
300,8,589,9414,89,50635,253,3888
300,8,589,9414,89,50635,253,3888
300,8,589,8901,89,50977,253,3193
300,8,589,8447,89,51221,253,2577
300,8,589,7993,89,51514,253,1962
300,8,589,7993,89,51514,253,1962
300,8,589,7493,89,51807,253,1284
300,8,589,7034,89,521,253,0664
300,8,589,6528,89,52441,252,9977
300,8,589,6528,89,52441,252,9977
300,8,589,6042,89,52734,252,9321
300,8,589,5549,89,53027,252,865
300,8,589,5549,89,53027,252,865
300,8,589,5027,89,5332,252,7946
300,8,589,4585,89,53613,252,7345
300,8,589,4102,89,53906,252,6692
300,8,589,4102,89,53906,252,6692
300,8,589,3616,89,54199,252,6031
300,8,589,3086,89,54541,252,5316
300,8,589,2617,89,54834,252,468
300,8,589,2617,89,54834,252,468
300,8,589,2175,89,55078,252,4083
300,8,589,1711,89,55371,252,3455
300,9,589,1204,89,55664,252,2769
300,9,589,1204,89,55664,252,2769
300,9,589,0691,89,56006,252,2074
300,9,589,0242,89,5625,252,1462
300,9,588,9736,89,56592,252,0779
300,9,588,9736,89,56592,252,0779
300,9,588,9307,89,56836,252,0198
300,9,588,8801,89,57129,251,9513
300,9,588,833,89,57422,251,8873
300,9,588,833,89,57422,251,8873
300,9,588,7852,89,57715,251,8225
300,9,588,7363,89,58008,251,7563
300,9,588,6921,89,58301,251,6967
300,9,588,6921,89,58301,251,6967
300,9,588,6472,89,58594,251,636
300,9,588,6013,89,58838,251,5737
300,9,588,5723,89,59033,251,5343
300,9,588,5723,89,59033,251,5343
300,9,588,51,89,59375,251,4729
300,9,588,449,89,59668,251,413
300,9,588,3899,89,6001,251,3547
300,9,588,3899,89,6001,251,3547
300,9,588,3298,89,60352,251,2955
300,9,588,2754,89,60645,251,2418
300,9,588,2205,89,60938,251,1876
300,9,588,2205,89,60938,251,1876
300,9,588,1624,89,6123,251,1306
300,9,588,1018,89,61572,251,0709
300,9,588,1018,89,61572,251,0709
300,9,588,0403,89,61865,251,01
300,9,587,9795,89,62207,250,9502
300,9,587,9202,89,625,250,8917
300,9,587,9202,89,625,250,8917
300,9,587,8708,89,62793,250,8434
300,9,587,8142,89,63086,250,7876
300,9,587,8142,89,63086,250,7876
300,9,587,7551,89,63379,250,7292
300,9,587,6726,89,63867,250,6478
300,9,587,6184,89,64111,250,5946
300,9,587,6184,89,64111,250,5946
300,9,587,5684,89,64404,250,5453
300,9,587,5071,89,64746,250,4849
300,9,587,447,89,65039,250,4258
300,9,587,447,89,65039,250,4258
300,9,587,3921,89,65332,250,3716
300,9,587,3335,89,65674,250,314
300,9,587,2837,89,65918,250,2649
300,9,587,2837,89,65918,250,2649
300,9,587,2258,89,66211,250,2078
300,9,587,1667,89,66553,250,1497
300,9,587,113,89,66846,250,0966
300,9,587,113,89,66846,250,0966
300,9,587,0583,89,67139,250,0428
300,9,587,0002,89,67432,249,9856
300,9,586,9475,89,67725,249,9336
300,9,586,9475,89,67725,249,9336
300,9,586,8853,89,68066,249,8723
300,9,586,8323,89,68359,249,8202
300,9,586,7771,89,68652,249,7656
300,9,586,7771,89,68652,249,7656
300,9,586,7219,89,68945,249,7113
300,9,586,6609,89,69238,249,6512
300,9,586,6047,89,69531,249,5957
300,9,586,5486,89,69873,249,5405
300,9,586,5486,89,69873,249,5405
300,9,586,4963,89,70117,249,4893
300,9,586,4436,89,7041,249,4371
300,9,586,4436,89,7041,249,4371
300,9,586,3857,89,70703,249,3801
300,9,586,3206,89,71094,249,3159
300,9,586,2581,89,71387,249,2542
300,9,586,207,89,7168,249,204
300,9,586,207,89,7168,249,204
300,9,586,1521,89,71973,249,1499
300,9,586,095,89,72266,249,0936
300,9,586,0886,89,72314,249,0874
300,9,586,0886,89,72314,249,0874
300,9,586,0264,89,73145,249,0521
300,9,585,9519,89,74121,249,0098
300,9,585,9519,89,74121,249,0098
300,9,585,8833,89,75,248,9707
300,9,585,8035,89,76025,248,9255
300,9,585,7332,89,76953,248,8854
300,9,585,7332,89,76953,248,8854
300,9,585,6655,89,77832,248,847
300,9,585,5994,89,78711,248,8096
300,9,585,5359,89,79541,248,7734
300,9,585,5359,89,79541,248,7734
300,9,585,4651,89,80469,248,7332
300,9,585,3896,89,81445,248,6904
300,9,585,3193,89,82373,248,6504
300,9,585,3193,89,82373,248,6504
300,9,585,2454,89,8335,248,6084
300,9,585,176,89,84277,248,569
300,9,585,176,89,84277,248,569
300,9,585,105,89,85205,248,5287
300,9,585,0227,89,86279,248,4819
300,9,585,0227,89,86279,248,4819
300,9,584,9382,89,87402,248,434
300,9,584,8696,89,88281,248,395
300,9,584,8696,89,88281,248,395
300,9,584,7888,89,89355,248,349
300,9,584,7053,89,9043,248,3018
300,9,584,7053,89,9043,248,3018
300,9,584,6228,89,91504,248,2549
300,9,584,6228,89,91504,248,2549
300,9,584,5383,89,92627,248,2068
300,9,584,4534,89,9375,248,1586
300,9,584,4534,89,9375,248,1586
300,9,584,3728,89,94775,248,1128
300,9,584,3728,89,94775,248,1128
300,9,584,2854,89,95947,248,063
300,9,584,2,89,9707,248,0146
300,9,584,2,89,9707,248,0146
300,9,584,1128,89,98193,247,9651
300,9,584,1128,89,98193,247,9651
300,9,584,0205,89,99414,247,9126
300,9,584,0205,89,99414,247,9126
300,9,583,9365,90,00488,247,865
300,9,583,9365,90,00488,247,865
300,9,583,8303,90,01904,247,8047
300,9,583,7273,90,03223,247,7461
300,9,583,7273,90,03223,247,7461
300,9,583,6372,90,04395,247,6951
300,9,583,6372,90,04395,247,6951
300,9,583,5496,90,05566,247,6453
300,9,583,5496,90,05566,247,6453
300,9,583,438,90,07031,247,5818
300,9,583,438,90,07031,247,5818
300,9,583,3528,90,08154,247,5333
300,9,583,3528,90,08154,247,5333
300,9,583,2664,90,09277,247,4844
300,9,583,167,90,10596,247,4279
300,9,583,167,90,10596,247,4279
300,9,583,0769,90,11768,247,3767
300,9,583,0769,90,11768,247,3767
300,9,583,061,90,11963,247,3677
300,9,583,061,90,11963,247,3677
300,9,583,061,90,11963,247,3677
300,9,583,061,90,11963,247,3677
300,9,583,061,90,11963,247,3677
300,9,583,061,90,11963,247,3677
300,9,583,061,90,11963,247,3677
300,9,583,061,90,11963,247,3677
300,9,583,061,90,11963,247,3677
300,9,583,061,90,11963,247,3677
300,9,583,061,90,11963,247,3677
300,9,583,061,90,11963,247,3677
300,9,583,061,90,11963,247,3677
300,9,583,061,90,11963,247,3677
300,9,583,061,90,11963,247,3677
300,9,583,061,90,11963,247,3677
300,9,583,061,90,11963,247,3677
300,9,583,061,90,11963,247,3677
300,9,583,061,90,11963,247,3677
300,9,583,061,90,11963,247,3677
300,9,583,061,90,11963,247,3677
300,9,583,061,90,11963,247,3677
300,9,583,061,90,11963,247,3677
300,9,583,061,90,11963,247,3677
300,9,583,061,90,11963,247,3677
300,9,583,061,90,11963,247,3677
300,9,583,061,90,11963,247,3677
300,9,583,061,90,11963,247,3677
300,9,583,061,90,11963,247,3677
300,9,583,061,90,11963,247,3677
300,9,583,061,90,11963,247,3677
300,9,583,061,90,11963,247,3677
300,9,583,061,90,11963,247,3677
300,9,583,061,90,11963,247,3677
300,9,583,061,90,11963,247,3677
300,9,583,061,90,11963,247,3677
300,9,583,061,90,11963,247,3677
300,9,583,061,90,11963,247,3677
300,9,583,061,90,11963,247,3677
300,9,583,061,90,11963,247,3677
300,9,583,061,90,11963,247,3677
300,9,583,061,90,11963,247,3677
300,9,583,061,90,11963,247,3677
300,9,583,061,90,11963,247,3677
300,9,583,061,90,11963,247,3677
300,9,583,061,90,11963,247,3677
300,9,583,061,90,11963,247,3677
300,9,583,061,90,11963,247,3677
300,9,583,061,90,11963,247,3677
300,9,583,061,90,11963,247,3677
300,9,583,061,90,11963,247,3677
300,9,583,061,90,11963,247,3677
300,9,583,061,90,11963,247,3677
300,9,583,061,90,11963,247,3677
300,9,583,061,90,11963,247,3677
300,9,583,061,90,11963,247,3677
300,9,583,061,90,11963,247,3677
300,9,583,061,90,11963,247,3677
300,9,583,061,90,11963,247,3677
300,9,583,061,90,11963,247,3677
300,9,583,061,90,11963,247,3677
300,9,583,061,90,11963,247,3677
300,9,583,061,90,11963,247,3677
300,9,583,061,90,11963,247,3677
300,9,583,061,90,11963,247,3677
300,9,583,061,90,11963,247,3677
300,9,583,061,90,11963,247,3677
300,9,583,061,90,11963,247,3677
300,9,583,061,90,11963,247,3677
300,9,583,061,90,11963,247,3677
300,9,583,061,90,11963,247,3677
300,9,583,061,90,11963,247,3677
300,9,583,061,90,11963,247,3677
300,9,583,061,90,11963,247,3677
300,9,583,061,90,11963,247,3677
300,9,583,061,90,11963,247,3677
300,9,583,061,90,11963,247,3677
300,9,583,061,90,11963,247,3677
300,9,583,061,90,11963,247,3677
300,9,583,061,90,11963,247,3677
300,9,583,061,90,11963,247,3677
300,9,583,061,90,11963,247,3677
300,9,583,061,90,11963,247,3677
300,9,583,061,90,11963,247,3677
300,9,583,061,90,11963,247,3677
300,9,583,061,90,11963,247,3677
300,9,583,061,90,11963,247,3677
300,9,583,061,90,11963,247,3677
300,9,583,061,90,11963,247,3677
300,9,583,061,90,11963,247,3677
300,9,583,061,90,11963,247,3677
300,9,583,061,90,11963,247,3677
300,9,583,061,90,11963,247,3677
300,9,583,061,90,11963,247,3677
300,9,583,061,90,11963,247,3677
300,9,583,061,90,11963,247,3677
300,9,583,061,90,11963,247,3677
300,9,583,061,90,11963,247,3677
300,9,583,061,90,11963,247,3677
300,9,583,061,90,11963,247,3677
300,9,583,061,90,11963,247,3677
300,9,583,061,90,11963,247,3677
300,9,583,061,90,11963,247,3677
300,9,583,061,90,11963,247,3677
300,9,583,061,90,11963,247,3677
300,9,583,061,90,11963,247,3677
300,9,583,061,90,11963,247,3677
300,9,583,061,90,11963,247,3677
300,9,583,061,90,11963,247,3677
300,9,583,061,90,11963,247,3677
300,9,583,061,90,11963,247,3677
300,9,583,061,90,11963,247,3677
300,9,583,061,90,11963,247,3677
300,9,583,061,90,11963,247,3677
300,9,583,061,90,11963,247,3677
300,9,583,061,90,11963,247,3677
300,9,583,061,90,11963,247,3677
300,9,583,061,90,11963,247,3677
300,9,583,061,90,11963,247,3677
300,9,583,061,90,11963,247,3677
300,9,583,061,90,11963,247,3677
300,9,583,061,90,11963,247,3677
300,9,583,061,90,11963,247,3677
300,9,583,061,90,11963,247,3677
300,9,583,061,90,11963,247,3677
300,9,583,061,90,11963,247,3677
300,9,583,061,90,11963,247,3677
300,9,583,061,90,11963,247,3677
300,9,583,061,90,11963,247,3677
300,9,583,061,90,11963,247,3677
300,9,583,061,90,11963,247,3677
300,9,583,061,90,11963,247,3677
300,9,583,061,90,11963,247,3677
300,9,583,061,90,11963,247,3677
300,9,583,061,90,11963,247,3677
300,9,583,061,90,11963,247,3677
300,9,583,061,90,11963,247,3677
300,9,583,061,90,11963,247,3677
300,9,583,061,90,11963,247,3677
300,9,583,061,90,11963,247,3677
300,9,583,061,90,11963,247,3677
300,9,583,061,90,11963,247,3677
300,9,583,061,90,11963,247,3677
300,9,583,061,90,11963,247,3677
300,9,583,061,90,11963,247,3677
300,9,583,061,90,11963,247,3677
300,9,583,061,90,11963,247,3677
300,9,583,061,90,11963,247,3677
300,9,583,061,90,11963,247,3677
300,9,583,061,90,11963,247,3677
300,9,583,061,90,11963,247,3677
300,9,583,061,90,11963,247,3677
300,9,583,061,90,11963,247,3677
300,9,583,061,90,11963,247,3677
300,9,583,061,90,11963,247,3677
300,9,583,061,90,11963,247,3677
300,9,583,061,90,11963,247,3677
300,9,583,061,90,11963,247,3677
300,9,583,061,90,11963,247,3677
300,9,583,061,90,11963,247,3677
300,9,583,061,90,11963,247,3677
300,9,583,061,90,11963,247,3677
300,9,583,061,90,11963,247,3677
300,9,583,061,90,11963,247,3677
300,9,583,061,90,11963,247,3677
300,9,583,061,90,11963,247,3677
300,9,583,061,90,11963,247,3677
300,9,583,061,90,11963,247,3677
300,9,583,061,90,11963,247,3677
300,9,583,061,90,11963,247,3677
300,9,583,061,90,11963,247,3677
300,9,583,061,90,11963,247,3677
300,9,583,061,90,11963,247,3677
300,9,583,061,90,11963,247,3677
300,9,583,061,90,11963,247,3677
300,9,583,061,90,11963,247,3677
300,9,583,061,90,11963,247,3677
300,9,583,061,90,11963,247,3677
300,10,583,061,90,11963,247,3677
300,10,583,061,90,11963,247,3677
300,10,583,061,90,11963,247,3677
300,10,583,061,90,11963,247,3677
300,10,582,9309,90,14893,247,369
300,10,582,9309,90,14893,247,369
300,10,582,9309,90,14893,247,369
300,10,582,8025,90,17773,247,3704
300,10,582,8025,90,17773,247,3704
300,10,582,6646,90,20898,247,3717
300,10,582,6646,90,20898,247,3717
300,10,582,519,90,2417,247,3732
300,10,582,519,90,2417,247,3732
300,10,582,519,90,2417,247,3732
300,10,582,3928,90,27002,247,3745
300,10,582,3928,90,27002,247,3745
300,10,582,26,90,2998,247,3759
300,10,582,26,90,2998,247,3759
300,10,582,1404,90,32666,247,3771
300,10,582,1404,90,32666,247,3771
300,10,582,0134,90,35547,247,3783
300,10,582,0134,90,35547,247,3783
300,10,581,8811,90,38477,247,3796
300,10,581,8811,90,38477,247,3796
300,10,581,8811,90,38477,247,3796
300,10,581,7432,90,41602,247,3811
300,10,581,7432,90,41602,247,3811
300,10,581,6074,90,44629,247,3824
300,10,581,6074,90,44629,247,3824
300,10,581,6074,90,44629,247,3824
300,10,581,4622,90,479,247,3839
300,10,581,4622,90,479,247,3839
300,10,581,3152,90,51221,247,3854
300,10,581,3152,90,51221,247,3854
300,10,581,1904,90,54004,247,3867
300,10,581,1904,90,54004,247,3867
300,10,581,0601,90,56934,247,3879
300,10,581,0601,90,56934,247,3879
300,10,580,9402,90,59668,247,3892
300,10,580,9402,90,59668,247,3892
300,10,580,9402,90,59668,247,3892
300,10,580,8137,90,625,247,3905
300,10,580,8137,90,625,247,3905
300,10,580,6765,90,65576,247,3918
300,10,580,6765,90,65576,247,3918
300,10,580,5371,90,68701,247,3933
300,10,580,5371,90,68701,247,3933
300,10,580,5371,90,68701,247,3933
300,10,580,4043,90,7168,247,3947
300,10,580,4043,90,7168,247,3947
300,10,580,2676,90,74756,247,396
300,10,580,2676,90,74756,247,396
300,10,580,1379,90,77686,247,3973
300,10,580,1379,90,77686,247,3973
300,10,580,1379,90,77686,247,3973
300,10,580,1035,90,78467,247,3977
300,10,580,1035,90,78467,247,3977
300,10,580,1035,90,78467,247,3977
300,10,580,1035,90,78467,247,3977
300,10,580,1035,90,78467,247,3977
300,10,580,1035,90,78467,247,3977
300,10,580,1035,90,78467,247,3977
300,10,580,1035,90,78467,247,3977
300,10,580,1035,90,78467,247,3977
300,10,579,9778,90,81689,247,4316
300,10,579,9778,90,81689,247,4316
300,10,579,8435,90,85107,247,4677
300,10,579,8435,90,85107,247,4677
300,10,579,7043,90,88672,247,5051
300,10,579,7043,90,88672,247,5051
300,10,579,7043,90,88672,247,5051
300,10,579,5845,90,91699,247,5375
300,10,579,5845,90,91699,247,5375
300,10,579,4175,90,95996,247,5824
300,10,579,4175,90,95996,247,5824
300,10,579,4175,90,95996,247,5824
300,10,579,2908,90,99219,247,6166
300,10,579,2908,90,99219,247,6166
300,10,579,1492,91,02832,247,6547
300,10,579,1492,91,02832,247,6547
300,10,579,1492,91,02832,247,6547
300,10,579,0186,91,06152,247,6899
300,10,579,0186,91,06152,247,6899
300,10,578,887,91,09521,247,7252
300,10,578,887,91,09521,247,7252
300,10,578,7581,91,12842,247,76
300,10,578,7581,91,12842,247,76
300,10,578,6321,91,16064,247,7939
300,10,578,6321,91,16064,247,7939
300,10,578,6321,91,16064,247,7939
300,10,578,5037,91,19336,247,8285
300,10,578,5037,91,19336,247,8285
300,10,578,3743,91,22607,247,8633
300,10,578,3743,91,22607,247,8633
300,10,578,3743,91,22607,247,8633
300,10,578,2383,91,26123,247,9
300,10,578,2383,91,26123,247,9
300,10,578,1023,91,2959,247,9366
300,10,578,1023,91,2959,247,9366
300,10,577,9751,91,32813,247,9708
300,10,577,9751,91,32813,247,9708
300,10,577,8496,91,36035,248,0046
300,10,577,8496,91,36035,248,0046
300,10,577,7246,91,39209,248,0383
300,10,577,7246,91,39209,248,0383
300,10,577,7246,91,39209,248,0383
300,10,577,6016,91,42383,248,0714
300,10,577,6016,91,42383,248,0714
300,10,577,574,91,43066,248,0789
300,10,577,574,91,43066,248,0789
300,10,577,574,91,43066,248,0789
300,10,577,4382,91,4624,248,1155
300,10,577,4382,91,4624,248,1155
300,10,577,3088,91,49316,248,1503
300,10,577,3088,91,49316,248,1503
300,10,577,1804,91,52295,248,1848
300,10,577,1804,91,52295,248,1848
300,10,577,1804,91,52295,248,1848
300,10,577,0408,91,55615,248,2224
300,10,577,0408,91,55615,248,2224
300,11,576,9094,91,58691,248,2578
300,11,576,9094,91,58691,248,2578
300,11,576,7773,91,61768,248,2933
300,11,576,7773,91,61768,248,2933
300,11,576,6418,91,6499,248,3298
300,11,576,6418,91,6499,248,3298
300,11,576,6418,91,6499,248,3298
300,11,576,5247,91,67725,248,3615
300,11,576,5247,91,67725,248,3615
300,11,576,3948,91,70801,248,3964
300,11,576,3948,91,70801,248,3964
300,11,576,3948,91,70801,248,3964
300,11,576,2532,91,74121,248,4344
300,11,576,2532,91,74121,248,4344
300,11,576,1233,91,77148,248,4695
300,11,576,1233,91,77148,248,4695
300,11,575,9858,91,80371,248,5065
300,11,575,9858,91,80371,248,5065
300,11,575,9858,91,80371,248,5065
300,11,575,8477,91,83643,248,5437
300,11,575,8477,91,83643,248,5437
300,11,575,7146,91,86768,248,5795
300,11,575,7146,91,86768,248,5795
300,11,575,7146,91,86768,248,5795
300,11,575,5894,91,89697,248,6132
300,11,575,5894,91,89697,248,6132
300,11,575,4468,91,93066,248,6516
300,11,575,4468,91,93066,248,6516
300,11,575,3049,91,96387,248,6897
300,11,575,3049,91,96387,248,6897
300,11,575,1838,91,99219,248,7224
300,11,575,1838,91,99219,248,7224
300,11,575,1838,91,99219,248,7224
300,11,575,0635,92,02051,248,7548
300,11,575,0635,92,02051,248,7548
300,11,574,9324,92,05127,248,79
300,11,574,9324,92,05127,248,79
300,11,574,8069,92,08105,248,8239
300,11,574,8069,92,08105,248,8239
300,11,574,6814,92,11035,248,8577
300,11,574,6814,92,11035,248,8577
300,11,574,6814,92,11035,248,8577
300,11,574,553,92,14063,248,8922
300,11,574,553,92,14063,248,8922
300,11,574,429,92,16992,248,9257
300,11,574,429,92,16992,248,9257
300,11,574,3699,92,18359,248,9415
300,11,574,3699,92,18359,248,9415
300,11,574,2434,92,21387,248,9779
300,11,574,2434,92,21387,248,9779
300,11,574,115,92,24512,249,0148
300,11,574,115,92,24512,249,0148
300,11,574,115,92,24512,249,0148
300,11,573,9829,92,27686,249,0527
300,11,573,9829,92,27686,249,0527
300,11,573,8591,92,30664,249,0884
300,11,573,8591,92,30664,249,0884
300,11,573,7351,92,33643,249,124
300,11,573,7351,92,33643,249,124
300,11,573,6101,92,36621,249,1599
300,11,573,6101,92,36621,249,1599
300,11,573,6101,92,36621,249,1599
300,11,573,4895,92,39551,249,1946
300,11,573,4895,92,39551,249,1946
300,11,573,3594,92,42676,249,2321
300,11,573,3594,92,42676,249,2321
300,11,573,2312,92,45752,249,2689
300,11,573,2312,92,45752,249,2689
300,11,573,2312,92,45752,249,2689
300,11,573,1013,92,48877,249,3062
300,11,573,1013,92,48877,249,3062
300,11,572,9653,92,52148,249,3452
300,11,572,9653,92,52148,249,3452
300,11,572,8442,92,55078,249,3801
300,11,572,8442,92,55078,249,3801
300,11,572,7217,92,58008,249,4154
300,11,572,7217,92,58008,249,4154
300,11,572,5989,92,60986,249,4507
300,11,572,5989,92,60986,249,4507
300,11,572,5989,92,60986,249,4507
300,11,572,4739,92,63965,249,4866
300,11,572,4739,92,63965,249,4866
300,11,572,3462,92,67041,249,5233
300,11,572,3462,92,67041,249,5233
300,11,572,2207,92,70068,249,5593
300,11,572,2207,92,70068,249,5593
300,11,572,105,92,72852,249,5927
300,11,572,105,92,72852,249,5927
300,11,571,9836,92,75781,249,6276
300,11,571,9836,92,75781,249,6276
300,11,571,8613,92,78711,249,6627
300,11,571,8613,92,78711,249,6627
300,11,571,8613,92,78711,249,6627
300,11,571,7354,92,81738,249,6989
300,11,571,7354,92,81738,249,6989
300,11,571,5984,92,8501,249,7383
300,11,571,5984,92,8501,249,7383
300,11,571,4729,92,88037,249,7743
300,11,571,4729,92,88037,249,7743
300,11,571,4729,92,88037,249,7743
300,11,571,343,92,91162,249,8116
300,11,571,343,92,91162,249,8116
300,11,571,2192,92,94141,249,8473
300,11,571,2192,92,94141,249,8473
300,11,571,2192,92,94141,249,8473
300,11,571,1143,92,9668,249,8774
300,11,571,1143,92,9668,249,8774
300,11,570,99,92,99658,249,9089
300,11,570,99,92,99658,249,9089
300,11,570,8586,93,02783,249,9421
300,11,570,8586,93,02783,249,9421
300,11,570,729,93,05859,249,975
300,11,570,729,93,05859,249,975
300,11,570,729,93,05859,249,975
300,11,570,5996,93,08984,250,0078
300,11,570,5996,93,08984,250,0078
300,11,570,4749,93,11963,250,0393
300,11,570,4749,93,11963,250,0393
300,11,570,3438,93,15088,250,0725
300,11,570,3438,93,15088,250,0725
300,11,570,3438,93,15088,250,0725
300,11,570,2109,93,18262,250,1062
300,11,570,2109,93,18262,250,1062
300,11,570,082,93,21289,250,1387
300,11,570,082,93,21289,250,1387
300,11,569,9429,93,24658,250,174
300,11,569,9429,93,24658,250,174
300,11,569,9429,93,24658,250,174
300,11,569,8152,93,27686,250,2063
300,11,569,8152,93,27686,250,2063
300,12,569,6826,93,30859,250,2399
300,12,569,6826,93,30859,250,2399
300,12,569,554,93,33936,250,2725
300,12,569,554,93,33936,250,2725
300,12,569,554,93,33936,250,2725
300,12,569,4197,93,37109,250,3064
300,12,569,4197,93,37109,250,3064
300,12,569,2871,93,40283,250,34
300,12,569,2871,93,40283,250,34
300,12,569,1619,93,43262,250,3717
300,12,569,1619,93,43262,250,3717
300,12,569,0281,93,46484,250,4056
300,12,569,0281,93,46484,250,4056
300,12,569,0281,93,46484,250,4056
300,12,568,8987,93,49561,250,4384
300,12,568,8987,93,49561,250,4384
300,12,568,7681,93,52686,250,4714
300,12,568,7681,93,52686,250,4714
300,12,568,6433,93,55664,250,5029
300,12,568,6433,93,55664,250,5029
300,12,568,6433,93,55664,250,5029
300,12,568,5134,93,5874,250,5359
300,12,568,5134,93,5874,250,5359
300,12,568,3743,93,62061,250,5712
300,12,568,3743,93,62061,250,5712
300,12,568,3743,93,62061,250,5712
300,12,568,2336,93,6543,250,6067
300,12,568,2336,93,6543,250,6067
300,12,568,0962,93,68262,250,6533
300,12,568,0962,93,68262,250,6533
300,12,567,9663,93,70947,250,6974
300,12,567,9663,93,70947,250,6974
300,12,567,8445,93,73486,250,7388
300,12,567,8445,93,73486,250,7388
300,12,567,8445,93,73486,250,7388
300,12,567,7178,93,76123,250,7817
300,12,567,7178,93,76123,250,7817
300,12,567,6016,93,78516,250,8212
300,12,567,6016,93,78516,250,8212
300,12,567,4749,93,81152,250,8641
300,12,567,4749,93,81152,250,8641
300,12,567,3362,93,83984,250,9111
300,12,567,3362,93,83984,250,9111
300,12,567,3362,93,83984,250,9111
300,12,567,218,93,86426,250,9512
300,12,567,218,93,86426,250,9512
300,12,567,093,93,89014,250,9937
300,12,567,093,93,89014,250,9937
300,12,566,9604,93,91797,251,0387
300,12,566,9604,93,91797,251,0387
300,12,566,8391,93,94287,251,0798
300,12,566,8391,93,94287,251,0798
300,12,566,8391,93,94287,251,0798
300,12,566,7227,93,9668,251,1194
300,12,566,7227,93,9668,251,1194
300,12,566,5898,93,99463,251,1643
300,12,566,5898,93,99463,251,1643
300,12,566,4717,94,01904,251,2045
300,12,566,4717,94,01904,251,2045
300,12,566,3501,94,04395,251,2457
300,12,566,3501,94,04395,251,2457
300,12,566,2246,94,06982,251,2883
300,12,566,2246,94,06982,251,2883
300,12,566,2246,94,06982,251,2883
300,12,566,1047,94,09473,251,329
300,12,566,1047,94,09473,251,329
300,12,565,9805,94,12061,251,3711
300,12,565,9805,94,12061,251,3711
300,12,565,9211,94,13281,251,3912
300,12,565,9211,94,13281,251,3912
300,12,565,9211,94,13281,251,3912
300,12,565,9211,94,13281,251,3912
300,12,565,8005,94,15186,251,4204
300,12,565,8005,94,15186,251,4204
300,12,565,8005,94,15186,251,4204
300,12,565,6633,94,17334,251,4535
300,12,565,6633,94,17334,251,4535
300,12,565,5374,94,19287,251,4838
300,12,565,5374,94,19287,251,4838
300,12,565,4014,94,21436,251,5166
300,12,565,4014,94,21436,251,5166
300,12,565,4014,94,21436,251,5166
300,12,565,2595,94,23633,251,5508
300,12,565,2595,94,23633,251,5508
300,12,565,1292,94,25684,251,5823
300,12,565,1292,94,25684,251,5823
300,12,565,1292,94,25684,251,5823
300,12,564,9883,94,2793,251,6162
300,12,564,9883,94,2793,251,6162
300,12,564,8435,94,30176,251,6511
300,12,564,8435,94,30176,251,6511
300,12,564,8435,94,30176,251,6511
300,12,564,6882,94,32617,251,6886
300,12,564,6882,94,32617,251,6886
300,12,564,5544,94,34717,251,7208
300,12,564,5544,94,34717,251,7208
300,12,564,4177,94,36865,251,7538
300,12,564,4177,94,36865,251,7538
300,12,564,4177,94,36865,251,7538
300,12,564,2834,94,38965,251,7863
300,12,564,2834,94,38965,251,7863
300,12,564,1462,94,41113,251,8193
300,12,564,1462,94,41113,251,8193
300,12,564,1462,94,41113,251,8193
300,12,564,0146,94,43164,251,8511
300,12,564,0146,94,43164,251,8511
300,12,563,8672,94,45508,251,8866
300,12,563,8672,94,45508,251,8866
300,12,563,7283,94,47656,251,9202
300,12,563,7283,94,47656,251,9202
300,12,563,7283,94,47656,251,9202
300,12,563,5972,94,49707,251,9518
300,12,563,5972,94,49707,251,9518
300,12,563,4631,94,51855,251,9841
300,12,563,4631,94,51855,251,9841
300,12,563,3279,94,53955,252,0167
300,12,563,3279,94,53955,252,0167
300,12,563,3279,94,53955,252,0167
300,12,563,1936,94,56055,252,0491
300,12,563,1936,94,56055,252,0491
300,12,563,0559,94,58203,252,0823
300,12,563,0559,94,58203,252,0823
300,12,563,0039,94,59033,252,0948
300,12,563,0039,94,59033,252,0948
300,12,563,0039,94,59033,252,0948
300,12,562,8674,94,60498,252,1265
300,12,562,8674,94,60498,252,1265
300,12,562,7356,94,61914,252,157
300,12,562,7356,94,61914,252,157
300,12,562,7356,94,61914,252,157
300,12,562,5803,94,63623,252,193
300,13,562,5803,94,63623,252,193
300,13,562,4248,94,65283,252,2291
300,13,562,4248,94,65283,252,2291
300,13,562,4248,94,65283,252,2291
300,13,562,2874,94,66748,252,2609
300,13,562,2874,94,66748,252,2609
300,13,562,2874,94,66748,252,2609
300,13,562,1506,94,68262,252,2926
300,13,562,1506,94,68262,252,2926
300,13,561,9666,94,70215,252,3352
300,13,561,9666,94,70215,252,3352
300,13,561,833,94,7168,252,3662
300,13,561,833,94,7168,252,3662
300,13,561,7039,94,73047,252,3961
300,13,561,7039,94,73047,252,3961
300,13,561,7039,94,73047,252,3961
300,13,561,5789,94,74414,252,4252
300,13,561,5789,94,74414,252,4252
300,13,561,4453,94,75879,252,4561
300,13,561,4453,94,75879,252,4561
300,13,561,4453,94,75879,252,4561
300,13,561,2974,94,77441,252,4904
300,13,561,2974,94,77441,252,4904
300,13,561,1682,94,78857,252,5203
300,13,561,1682,94,78857,252,5203
300,13,561,0344,94,80273,252,5514
300,13,561,0344,94,80273,252,5514
300,13,560,8987,94,81738,252,5828
300,13,560,8987,94,81738,252,5828
300,13,560,8987,94,81738,252,5828
300,13,560,7676,94,83154,252,6132
300,13,560,7676,94,83154,252,6132
300,13,560,6399,94,8457,252,6427
300,13,560,6399,94,8457,252,6427
300,13,560,5056,94,85986,252,6738
300,13,560,5056,94,85986,252,6738
300,13,560,5056,94,85986,252,6738
300,13,560,3787,94,87354,252,7034
300,13,560,3787,94,87354,252,7034
300,13,560,2285,94,88965,252,738
300,13,560,2285,94,88965,252,738
300,13,560,0898,94,90479,252,7703
300,13,560,0898,94,90479,252,7703
300,13,560,0898,94,90479,252,7703
300,13,559,9548,94,91943,252,8015
300,13,559,9548,94,91943,252,8015
300,13,559,823,94,93359,252,8322
300,13,559,823,94,93359,252,8322
300,13,559,7422,94,94238,252,8508
300,13,559,7422,94,94238,252,8508
300,13,559,6116,94,95068,252,8876
300,13,559,6116,94,95068,252,8876
300,13,559,6116,94,95068,252,8876
300,13,559,4812,94,95898,252,9242
300,13,559,4812,94,95898,252,9242
300,13,559,3518,94,9668,252,9607
300,13,559,3518,94,9668,252,9607
300,13,559,2151,94,97559,252,9991
300,13,559,2151,94,97559,252,9991
300,13,559,2151,94,97559,252,9991
300,13,559,0886,94,9834,253,0348
300,13,559,0886,94,9834,253,0348
300,13,558,9524,94,99219,253,0731
300,13,558,9524,94,99219,253,0731
300,13,558,8162,95,00049,253,1115
300,13,558,8162,95,00049,253,1115
300,13,558,8162,95,00049,253,1115
300,13,558,6829,95,00879,253,1489
300,13,558,6829,95,00879,253,1489
300,13,558,5554,95,01709,253,1848
300,13,558,5554,95,01709,253,1848
300,13,558,4238,95,02539,253,2218
300,13,558,4238,95,02539,253,2218
300,13,558,2959,95,0332,253,2578
300,13,558,2959,95,0332,253,2578
300,13,558,2959,95,0332,253,2578
300,13,558,1633,95,0415,253,2952
300,13,558,1633,95,0415,253,2952
300,13,558,0325,95,0498,253,3319
300,13,558,0325,95,0498,253,3319
300,13,557,8928,95,05859,253,3713
300,13,557,8928,95,05859,253,3713
300,13,557,7676,95,06641,253,4065
300,13,557,7676,95,06641,253,4065
300,13,557,7676,95,06641,253,4065
300,13,557,6414,95,07422,253,442
300,13,557,6414,95,07422,253,442
300,13,557,5061,95,08252,253,4801
300,13,557,5061,95,08252,253,4801
300,13,557,3691,95,09131,253,5187
300,13,557,3691,95,09131,253,5187
300,13,557,3691,95,09131,253,5187
300,13,557,2373,95,09961,253,5558
300,13,557,2373,95,09961,253,5558
300,13,557,1008,95,1084,253,5942
300,13,557,1008,95,1084,253,5942
300,13,557,1008,95,1084,253,5942
300,13,556,9553,95,11719,253,6351
300,13,556,9553,95,11719,253,6351
300,13,556,8237,95,12549,253,6721
300,13,556,8237,95,12549,253,6721
300,13,556,6887,95,13428,253,7102
300,13,556,6887,95,13428,253,7102
300,13,556,6887,95,13428,253,7102
300,13,556,5498,95,14258,253,7493
300,13,556,5498,95,14258,253,7493
300,13,556,415,95,15137,253,7871
300,13,556,415,95,15137,253,7871
300,13,556,283,95,15967,253,8243
300,13,556,283,95,15967,253,8243
300,13,556,283,95,15967,253,8243
300,13,556,1514,95,16797,253,8613
300,13,556,1514,95,16797,253,8613
300,13,556,0186,95,17627,253,8987
300,13,556,0186,95,17627,253,8987
300,13,556,0186,95,17627,253,8987
300,13,555,874,95,18506,253,9395
300,13,555,874,95,18506,253,9395
300,13,555,7268,95,19434,253,9808
300,13,555,7268,95,19434,253,9808
300,13,555,5923,95,20313,254,0187
300,13,555,5923,95,20313,254,0187
300,13,555,4661,95,21094,254,0542
300,13,555,4661,95,21094,254,0542
300,13,555,3945,95,21533,254,0743
300,13,555,3945,95,21533,254,0743
300,13,555,3945,95,21533,254,0743
300,13,555,2722,95,22021,254,1078
300,13,555,2722,95,22021,254,1078
300,13,555,1453,95,22461,254,1425
300,13,555,1453,95,22461,254,1425
300,13,555,0073,95,22998,254,1802
300,13,555,0073,95,22998,254,1802
300,13,555,0073,95,22998,254,1802
300,13,554,8694,95,23535,254,2178
300,13,554,8694,95,23535,254,2178
300,13,554,7346,95,24023,254,2546
300,13,554,7346,95,24023,254,2546
300,13,554,5911,95,24609,254,2939
300,13,554,5911,95,24609,254,2939
300,13,554,5911,95,24609,254,2939
300,13,554,4636,95,25049,254,3287
300,13,554,4636,95,25049,254,3287
300,13,554,3267,95,25586,254,3662
300,13,554,3267,95,25586,254,3662
300,13,554,1985,95,26074,254,4012
300,13,554,1985,95,26074,254,4012
300,13,554,0674,95,26563,254,437
300,13,554,0674,95,26563,254,437
300,13,554,0674,95,26563,254,437
300,13,553,9434,95,27051,254,4709
300,13,553,9434,95,27051,254,4709
300,13,553,8208,95,2749,254,5044
300,13,553,8208,95,2749,254,5044
300,13,553,696,95,27979,254,5386
300,13,553,696,95,27979,254,5386
300,13,553,5725,95,28467,254,5723
300,13,553,5725,95,28467,254,5723
300,13,553,4509,95,28906,254,6055
300,13,553,4509,95,28906,254,6055
300,13,553,3079,95,29443,254,6445
300,13,553,3079,95,29443,254,6445
300,13,553,3079,95,29443,254,6445
300,13,553,1887,95,29932,254,6771
300,13,553,1887,95,29932,254,6771
300,13,553,0601,95,3042,254,7123
300,13,553,0601,95,3042,254,7123
300,13,552,9397,95,30859,254,7451
300,13,552,9397,95,30859,254,7451
300,13,552,8223,95,31299,254,7773
300,13,552,8223,95,31299,254,7773
300,13,552,7053,95,31738,254,8093
300,13,552,7053,95,31738,254,8093
300,13,552,5642,95,32275,254,8478
300,13,552,5642,95,32275,254,8478
300,13,552,5642,95,32275,254,8478
300,13,552,4358,95,32764,254,8828
300,13,552,4358,95,32764,254,8828
300,13,552,3127,95,33252,254,9165
300,13,552,3127,95,33252,254,9165
300,13,552,2004,95,33643,254,9473
300,13,552,2004,95,33643,254,9473
300,13,552,074,95,34131,254,9818
300,13,552,074,95,34131,254,9818
300,13,551,9519,95,34619,255,0151
300,13,551,9519,95,34619,255,0151
300,13,551,8303,95,35059,255,0483
300,13,551,8303,95,35059,255,0483
300,13,551,7007,95,35547,255,0837
300,13,551,7007,95,35547,255,0837
300,13,551,7007,95,35547,255,0837
300,13,551,5767,95,36035,255,1177
300,13,551,5767,95,36035,255,1177
300,13,551,4492,95,36377,255,1488
300,13,551,4492,95,36377,255,1488
300,13,551,3113,95,36719,255,1825
300,13,551,3113,95,36719,255,1825
300,13,551,1829,95,37061,255,2139
300,13,551,1829,95,37061,255,2139
300,13,551,0579,95,37402,255,2444
300,13,551,0579,95,37402,255,2444
300,13,551,0579,95,37402,255,2444
300,13,550,9399,95,37744,255,2732
300,13,550,9399,95,37744,255,2732
300,13,550,8035,95,38086,255,3065
300,13,550,8035,95,38086,255,3065
300,13,550,6714,95,38428,255,3387
300,13,550,6714,95,38428,255,3387
300,13,550,5471,95,3877,255,3691
300,13,550,5471,95,3877,255,3691
300,13,550,4143,95,39111,255,4015
300,13,550,4143,95,39111,255,4015
300,13,550,4143,95,39111,255,4015
300,13,550,2908,95,39453,255,4318
300,13,550,2908,95,39453,255,4318
300,13,550,1665,95,39795,255,462
300,13,550,1665,95,39795,255,462
300,13,550,0457,95,40088,255,4916
300,13,550,0457,95,40088,255,4916
300,13,549,9185,95,4043,255,5226
300,13,549,9185,95,4043,255,5226
300,13,549,7915,95,40771,255,5536
300,13,549,7915,95,40771,255,5536
300,13,549,6672,95,41113,255,584
300,13,549,6672,95,41113,255,584
300,13,549,5449,95,41455,255,6139
300,13,549,5449,95,41455,255,6139
300,13,549,4268,95,41748,255,6427
300,13,549,4268,95,41748,255,6427
300,13,549,4268,95,41748,255,6427
300,13,549,3074,95,4209,255,6719
300,13,549,3074,95,4209,255,6719
300,13,549,166,95,42432,255,7064
300,13,549,166,95,42432,255,7064
300,13,549,0439,95,42773,255,7362
300,13,549,0439,95,42773,255,7362
300,13,548,9192,95,43115,255,7667
300,13,548,9192,95,43115,255,7667
300,13,548,7883,95,43457,255,7986
300,13,548,7883,95,43457,255,7986
300,13,548,6589,95,43799,255,8302
300,13,548,6589,95,43799,255,8302
300,13,548,6589,95,43799,255,8302
300,13,548,5378,95,44141,255,8599
300,13,548,5378,95,44141,255,8599
300,13,548,405,95,44482,255,8923
300,13,548,405,95,44482,255,8923
300,13,548,2781,95,44824,255,9232
300,13,548,2781,95,44824,255,9232
300,13,548,1533,95,45117,255,9537
300,13,548,1533,95,45117,255,9537
300,13,548,1533,95,45117,255,9537
300,13,548,1438,95,45166,255,9561
300,13,548,1438,95,45166,255,9561
300,13,548,0149,95,45459,255,9934
300,13,548,0149,95,45459,255,9934
300,13,547,8892,95,45703,256,0298
300,13,547,8892,95,45703,256,0298
300,13,547,7695,95,45996,256,0645
300,13,547,7695,95,45996,256,0645
300,13,547,6455,95,4624,256,1003
300,13,547,6455,95,4624,256,1003
300,13,547,522,95,46484,256,1361
300,13,547,522,95,46484,256,1361
300,13,547,522,95,46484,256,1361
300,13,547,3953,95,46777,256,1727
300,13,547,3953,95,46777,256,1727
300,13,547,269,95,4707,256,2094
300,13,547,269,95,4707,256,2094
300,13,547,1389,95,47314,256,2469
300,13,547,1389,95,47314,256,2469
300,13,547,0161,95,47607,256,2826
300,13,547,0161,95,47607,256,2826
300,13,546,8872,95,47852,256,3198
300,13,546,8872,95,47852,256,3198
300,13,546,7673,95,48145,256,3545
300,13,546,7673,95,48145,256,3545
300,13,546,7673,95,48145,256,3545
300,13,546,6421,95,48389,256,3909
300,13,546,6421,95,48389,256,3909
300,13,546,5107,95,48682,256,4288
300,13,546,5107,95,48682,256,4288
300,13,546,3828,95,48975,256,4659
300,13,546,3828,95,48975,256,4659
300,13,546,2556,95,49219,256,5028
300,13,546,2556,95,49219,256,5028
300,13,546,1379,95,49463,256,5369
300,13,546,1379,95,49463,256,5369
300,13,546,1379,95,49463,256,5369
300,13,546,0022,95,49756,256,5762
300,13,546,0022,95,49756,256,5762
300,13,546,0022,95,49756,256,5762
300,13,545,8606,95,50098,256,6172
300,13,545,8606,95,50098,256,6172
300,13,545,6965,95,50439,256,6647
300,13,545,6965,95,50439,256,6647
300,13,545,5767,95,50684,256,6993
300,13,545,5767,95,50684,256,6993
300,13,545,5767,95,50684,256,6993
300,13,545,4473,95,50977,256,7368
300,13,545,4473,95,50977,256,7368
300,13,545,2908,95,51318,256,7821
300,13,545,2908,95,51318,256,7821
300,13,545,2908,95,51318,256,7821
300,13,545,1406,95,51611,256,8256
300,13,545,1406,95,51611,256,8256
300,13,545,1406,95,51611,256,8256
300,13,544,9697,95,52002,256,8751
300,13,544,9697,95,52002,256,8751
300,13,544,9697,95,52002,256,8751
300,13,544,8137,95,52344,256,9203
300,13,544,8137,95,52344,256,9203
300,13,544,6968,95,52588,256,9541
300,13,544,6968,95,52588,256,9541
300,13,544,6968,95,52588,256,9541
300,13,544,6968,95,52588,256,9541
300,13,544,6968,95,52588,256,9541
300,13,544,6968,95,52588,256,9541
300,13,544,6968,95,52588,256,9541
300,13,544,6968,95,52588,256,9541
300,13,544,6968,95,52588,256,9541
300,13,544,6968,95,52588,256,9541
300,13,544,6968,95,52588,256,9541
300,13,544,6968,95,52588,256,9541
300,13,544,5579,95,52832,256,9895
300,13,544,5579,95,52832,256,9895
300,13,544,4287,95,53076,257,0225
300,13,544,4287,95,53076,257,0225
300,13,544,2886,95,53369,257,0581
300,13,544,2886,95,53369,257,0581
300,13,544,2886,95,53369,257,0581
300,13,544,1541,95,53613,257,0923
300,13,544,1541,95,53613,257,0923
300,13,544,0232,95,53857,257,1257
300,13,544,0232,95,53857,257,1257
300,13,543,886,95,54102,257,1606
300,13,543,886,95,54102,257,1606
300,13,543,886,95,54102,257,1606
300,13,543,7456,95,54346,257,1964
300,13,543,7456,95,54346,257,1964
300,13,543,605,95,54639,257,2322
300,13,543,605,95,54639,257,2322
300,13,543,605,95,54639,257,2322
300,13,543,4683,95,54883,257,2671
300,13,543,4683,95,54883,257,2671
300,13,543,3323,95,55127,257,3018
300,13,543,3323,95,55127,257,3018
300,13,543,1995,95,55371,257,3354
300,13,543,1995,95,55371,257,3354
300,13,543,1995,95,55371,257,3354
300,13,543,0566,95,55615,257,3719
300,13,543,0566,95,55615,257,3719
300,13,542,9216,95,55908,257,4063
300,13,542,9216,95,55908,257,4063
300,13,542,7764,95,56152,257,4434
300,13,542,7764,95,56152,257,4434
300,13,542,7764,95,56152,257,4434
300,13,542,6387,95,56396,257,4784
300,13,542,6387,95,56396,257,4784
300,13,542,5042,95,56641,257,5127
300,13,542,5042,95,56641,257,5127
300,13,542,3669,95,56934,257,5476
300,13,542,3669,95,56934,257,5476
300,13,542,3669,95,56934,257,5476
300,13,542,2319,95,57178,257,582
300,13,542,2319,95,57178,257,582
300,13,542,0933,95,57422,257,6173
300,13,542,0933,95,57422,257,6173
300,13,542,0933,95,57422,257,6173
300,13,541,9514,95,57666,257,6534
300,13,541,9514,95,57666,257,6534
300,13,541,8059,95,57959,257,6906
300,13,541,8059,95,57959,257,6906
300,13,541,7522,95,58057,257,7042
300,13,541,7522,95,58057,257,7042
300,13,541,7522,95,58057,257,7042
300,13,541,7522,95,58057,257,7042
300,13,541,7522,95,58057,257,7042
300,13,541,7522,95,58057,257,7042
300,13,541,7522,95,58057,257,7042
300,13,541,7522,95,58057,257,7042
300,13,541,7522,95,58057,257,7042
300,13,541,7522,95,58057,257,7042
300,13,541,7522,95,58057,257,7042
300,13,541,7522,95,58057,257,7042
300,13,541,7522,95,58057,257,7042
300,13,541,7522,95,58057,257,7042
300,13,541,7522,95,58057,257,7042
300,13,541,7522,95,58057,257,7042
300,13,541,7522,95,58057,257,7042
300,13,541,7522,95,58057,257,7042
300,13,541,7522,95,58057,257,7042
300,13,541,7522,95,58057,257,7042
300,13,541,7522,95,58057,257,7042
300,13,541,7522,95,58057,257,7042
300,13,541,7522,95,58057,257,7042
300,13,541,7522,95,58057,257,7042
300,13,541,7522,95,58057,257,7042
300,13,541,7522,95,58057,257,7042
300,13,541,7522,95,58057,257,7042
300,13,541,7522,95,58057,257,7042
300,13,541,7522,95,58057,257,7042
300,13,541,7522,95,58057,257,7042
300,13,541,7522,95,58057,257,7042
300,13,541,7522,95,58057,257,7042
300,13,541,7522,95,58057,257,7042
300,13,541,7522,95,58057,257,7042
300,13,541,7522,95,58057,257,7042
300,13,541,7522,95,58057,257,7042
300,13,541,7522,95,58057,257,7042
300,13,541,7522,95,58057,257,7042
300,13,541,7522,95,58057,257,7042
300,13,541,7522,95,58057,257,7042
300,13,541,7522,95,58057,257,7042
300,13,541,7522,95,58057,257,7042
300,13,541,7522,95,58057,257,7042
300,13,541,7522,95,58057,257,7042
300,13,541,7522,95,58057,257,7042
300,13,541,7522,95,58057,257,7042
300,13,541,7522,95,58057,257,7042
300,13,541,7522,95,58057,257,7042
300,13,541,7522,95,58057,257,7042
300,13,541,7522,95,58057,257,7042
300,13,541,7522,95,58057,257,7042
300,13,541,7522,95,58057,257,7042
300,13,541,7522,95,58057,257,7042
300,13,541,7522,95,58057,257,7042
300,13,541,7522,95,58057,257,7042
300,13,541,7522,95,58057,257,7042
300,13,541,7522,95,58057,257,7042
300,13,541,7522,95,58057,257,7042
300,13,541,7522,95,58057,257,7042
300,13,541,7522,95,58057,257,7042
300,13,541,7522,95,58057,257,7042
300,13,541,7522,95,58057,257,7042
300,13,541,7522,95,58057,257,7042
300,13,541,7522,95,58057,257,7042
300,13,541,7522,95,58057,257,7042
300,13,541,7522,95,58057,257,7042
300,13,541,7522,95,58057,257,7042
300,13,541,7522,95,58057,257,7042
300,13,541,7522,95,58057,257,7042
300,13,541,7522,95,58057,257,7042
300,13,541,7522,95,58057,257,7042
300,13,541,7522,95,58057,257,7042
300,13,541,7522,95,58057,257,7042
300,13,541,7522,95,58057,257,7042
300,13,541,7522,95,58057,257,7042
300,13,541,7522,95,58057,257,7042
300,13,541,7522,95,58057,257,7042
300,13,541,7522,95,58057,257,7042
300,13,541,7522,95,58057,257,7042
300,13,541,7522,95,58057,257,7042
300,13,541,6201,95,58301,257,733
300,13,541,6201,95,58301,257,733
300,13,541,6201,95,58301,257,733
300,13,541,4817,95,58545,257,7632
300,13,541,4817,95,58545,257,7632
300,13,541,3384,95,58838,257,7946
300,13,541,3384,95,58838,257,7946
300,13,541,208,95,59082,257,823
300,13,541,208,95,59082,257,823
300,13,541,208,95,59082,257,823
300,13,541,0706,95,59326,257,853
300,13,541,0706,95,59326,257,853
300,13,540,9338,95,5957,257,8828
300,13,540,9338,95,5957,257,8828
300,13,540,7913,95,59863,257,9139
300,13,540,7913,95,59863,257,9139
300,13,540,7913,95,59863,257,9139
300,13,540,6567,95,60107,257,9434
300,13,540,6567,95,60107,257,9434
300,13,540,5183,95,60352,257,9735
300,13,540,5183,95,60352,257,9735
300,13,540,3772,95,60596,258,0043
300,13,540,3772,95,60596,258,0043
300,13,540,3772,95,60596,258,0043
300,13,540,2388,95,60889,258,0345
300,13,540,2388,95,60889,258,0345
300,13,540,0925,95,61133,258,0664
300,13,540,0925,95,61133,258,0664
300,13,540,0925,95,61133,258,0664
300,13,539,9456,95,61426,258,0985
300,13,539,9456,95,61426,258,0985
300,13,539,9456,95,61426,258,0985
300,13,539,8093,95,6167,258,1283
300,13,539,8093,95,6167,258,1283
300,13,539,6511,95,61963,258,1628
300,13,539,6511,95,61963,258,1628
300,13,539,5151,95,62207,258,1924
300,13,539,5151,95,62207,258,1924
300,13,539,5151,95,62207,258,1924
300,13,539,3708,95,625,258,2239
300,13,539,3708,95,625,258,2239
300,13,539,2317,95,62744,258,2543
300,13,539,2317,95,62744,258,2543
300,13,539,2317,95,62744,258,2543
300,13,539,0811,95,63037,258,2871
300,13,539,0811,95,63037,258,2871
300,13,538,9426,95,63281,258,3174
300,13,538,9426,95,63281,258,3174
300,13,538,8032,95,63525,258,3478
300,13,538,8032,95,63525,258,3478
300,13,538,8032,95,63525,258,3478
300,13,538,6675,95,6377,258,3774
300,13,538,6675,95,6377,258,3774
300,13,538,626,95,63867,258,3865
300,13,538,626,95,63867,258,3865
300,13,538,626,95,63867,258,3865
300,13,538,626,95,63867,258,3865
300,13,538,626,95,63867,258,3865
300,13,538,626,95,63867,258,3865
300,13,538,626,95,63867,258,3865
300,13,538,626,95,63867,258,3865
300,13,538,626,95,63867,258,3865
300,13,538,626,95,63867,258,3865
300,13,538,626,95,63867,258,3865
300,13,538,626,95,63867,258,3865
300,13,538,626,95,63867,258,3865
300,13,538,626,95,63867,258,3865
300,13,538,626,95,63867,258,3865
300,13,538,626,95,63867,258,3865
300,13,538,626,95,63867,258,3865
300,13,538,626,95,63867,258,3865
300,13,538,626,95,63867,258,3865
300,13,538,626,95,63867,258,3865
300,13,538,626,95,63867,258,3865
300,13,538,626,95,63867,258,3865
300,13,538,626,95,63867,258,3865
300,13,538,626,95,63867,258,3865
300,13,538,4902,95,6416,258,4141
300,13,538,4902,95,6416,258,4141
300,13,538,3503,95,64453,258,4424
300,13,538,3503,95,64453,258,4424
300,13,538,2058,95,64746,258,4716
300,13,538,2058,95,64746,258,4716
300,13,538,2058,95,64746,258,4716
300,13,538,0747,95,65039,258,4982
300,13,538,0747,95,65039,258,4982
300,13,537,936,95,65332,258,5262
300,13,537,936,95,65332,258,5262
300,13,537,936,95,65332,258,5262
300,13,537,7896,95,65625,258,5559
300,13,537,7896,95,65625,258,5559
300,13,537,6475,95,65918,258,5847
300,13,537,6475,95,65918,258,5847
300,13,537,6475,95,65918,258,5847
300,13,537,5061,95,66211,258,6134
300,13,537,5061,95,66211,258,6134
300,13,537,3582,95,66504,258,6433
300,13,537,3582,95,66504,258,6433
300,13,537,3582,95,66504,258,6433
300,13,537,188,95,66895,258,6779
300,13,537,188,95,66895,258,6779
300,13,537,0491,95,67188,258,7059
300,13,537,0491,95,67188,258,7059
300,13,537,0491,95,67188,258,7059
300,13,536,9146,95,67432,258,7332
300,13,536,9146,95,67432,258,7332
300,13,536,7717,95,67725,258,7622
300,13,536,7717,95,67725,258,7622
300,13,536,6379,95,68018,258,7893
300,13,536,6379,95,68018,258,7893
300,13,536,6379,95,68018,258,7893
300,13,536,4968,95,68311,258,8179
300,13,536,4968,95,68311,258,8179
300,13,536,3611,95,68604,258,8453
300,13,536,3611,95,68604,258,8453
300,13,536,2205,95,68896,258,8739
300,13,536,2205,95,68896,258,8739
300,13,536,2205,95,68896,258,8739
300,13,536,0847,95,69189,258,9014
300,13,536,0847,95,69189,258,9014
300,13,535,9495,95,69482,258,9287
300,13,535,9495,95,69482,258,9287
300,13,535,9495,95,69482,258,9287
300,13,535,8015,95,69775,258,9587
300,13,535,8015,95,69775,258,9587
300,13,535,656,95,70068,258,9883
300,13,535,656,95,70068,258,9883
300,13,535,5906,95,70215,259,0015
300,13,535,5906,95,70215,259,0015
300,13,535,5906,95,70215,259,0015
300,13,535,4478,95,70605,259,0221
300,13,535,4478,95,70605,259,0221
300,13,535,302,95,70947,259,0432
300,13,535,302,95,70947,259,0432
300,13,535,302,95,70947,259,0432
300,13,535,1628,95,71338,259,0634
300,13,535,1628,95,71338,259,0634
300,13,535,0227,95,7168,259,0836
300,13,535,0227,95,7168,259,0836
300,13,534,8853,95,72021,259,1035
300,13,534,8853,95,72021,259,1035
300,13,534,8853,95,72021,259,1035
300,13,534,7466,95,72412,259,1235
300,13,534,7466,95,72412,259,1235
300,13,534,6052,95,72754,259,1439
300,13,534,6052,95,72754,259,1439
300,13,534,4602,95,73145,259,1649
300,13,534,4602,95,73145,259,1649
300,13,534,4602,95,73145,259,1649
300,13,534,3215,95,73486,259,1849
300,13,534,3215,95,73486,259,1849
300,13,534,1846,95,73828,259,2048
300,13,534,1846,95,73828,259,2048
300,13,534,1846,95,73828,259,2048
300,13,534,0435,95,74219,259,2252
300,13,534,0435,95,74219,259,2252
300,13,533,8948,95,74609,259,2467
300,13,533,8948,95,74609,259,2467
300,13,533,8948,95,74609,259,2467
300,13,533,7488,95,74951,259,2678
300,13,533,7488,95,74951,259,2678
300,13,533,5994,95,75342,259,2894
300,13,533,5994,95,75342,259,2894
300,13,533,5994,95,75342,259,2894
300,13,533,4592,95,75732,259,3097
300,13,533,4592,95,75732,259,3097
300,13,533,2954,95,76123,259,3334
300,13,533,2954,95,76123,259,3334
300,13,533,1614,95,76465,259,3528
300,13,533,1614,95,76465,259,3528
300,13,533,1614,95,76465,259,3528
300,13,533,03,95,76807,259,3718
300,13,533,03,95,76807,259,3718
300,13,532,8801,95,77197,259,3934
300,13,532,8801,95,77197,259,3934
300,13,532,8801,95,77197,259,3934
300,13,532,7314,95,77588,259,415
300,13,532,7314,95,77588,259,415
300,13,532,5864,95,77979,259,4359
300,13,532,5864,95,77979,259,4359
300,13,532,541,95,78076,259,4425
300,13,532,541,95,78076,259,4425
300,13,532,541,95,78076,259,4425
300,13,532,541,95,78076,259,4425
300,13,532,541,95,78076,259,4425
300,13,532,541,95,78076,259,4425
300,13,532,541,95,78076,259,4425
300,13,532,541,95,78076,259,4425
300,13,532,541,95,78076,259,4425
300,13,532,541,95,78076,259,4425
300,13,532,541,95,78076,259,4425
300,13,532,541,95,78076,259,4425
300,13,532,541,95,78076,259,4425
300,13,532,541,95,78076,259,4425
300,13,532,541,95,78076,259,4425
300,13,532,541,95,78076,259,4425
300,13,532,541,95,78076,259,4425
300,13,532,541,95,78076,259,4425
300,13,532,541,95,78076,259,4425
300,13,532,541,95,78076,259,4425
300,13,532,4036,95,78516,259,4589
300,13,532,4036,95,78516,259,4589
300,13,532,2529,95,79053,259,4768
300,13,532,2529,95,79053,259,4768
300,13,532,1121,95,79492,259,4935
300,13,532,1121,95,79492,259,4935
300,13,532,1121,95,79492,259,4935
300,13,531,9849,95,79932,259,5087
300,13,531,9849,95,79932,259,5087
300,13,531,8452,95,80371,259,5253
300,13,531,8452,95,80371,259,5253
300,13,531,7061,95,80859,259,5419
300,13,531,7061,95,80859,259,5419
300,13,531,7061,95,80859,259,5419
300,13,531,5671,95,81299,259,5583
300,13,531,5671,95,81299,259,5583
300,13,531,4294,95,81787,259,5747
300,13,531,4294,95,81787,259,5747
300,13,531,2864,95,82275,259,5918
300,13,531,2864,95,82275,259,5918
300,13,531,2864,95,82275,259,5918
300,13,531,1511,95,82715,259,6079
300,13,531,1511,95,82715,259,6079
300,13,531,0076,95,83203,259,625
300,13,531,0076,95,83203,259,625
300,13,531,0076,95,83203,259,625
300,13,530,8633,95,83691,259,6421
300,13,530,8633,95,83691,259,6421
300,13,530,731,95,84131,259,658
300,13,530,731,95,84131,259,658
300,13,530,5869,95,8457,259,675
300,13,530,5869,95,8457,259,675
300,13,530,5869,95,8457,259,675
300,13,530,4482,95,85059,259,6915
300,13,530,4482,95,85059,259,6915
300,13,530,3132,95,85498,259,7075
300,13,530,3132,95,85498,259,7075
300,13,530,1731,95,85986,259,7242
300,13,530,1731,95,85986,259,7242
300,13,530,1731,95,85986,259,7242
300,13,530,0315,95,86426,259,7411
300,13,530,0315,95,86426,259,7411
300,13,529,897,95,86914,259,7571
300,13,529,897,95,86914,259,7571
300,13,529,897,95,86914,259,7571
300,13,529,802,95,87207,259,7684
300,13,529,802,95,87207,259,7684
300,13,529,802,95,87207,259,7684
300,13,529,802,95,87207,259,7684
300,13,529,802,95,87207,259,7684
300,13,529,802,95,87207,259,7684
300,13,529,802,95,87207,259,7684
300,13,529,802,95,87207,259,7684
300,13,529,802,95,87207,259,7684
300,13,529,6538,95,87744,259,7793
300,13,529,6538,95,87744,259,7793
300,13,529,6538,95,87744,259,7793
300,13,529,5125,95,88232,259,7898
300,13,529,5125,95,88232,259,7898
300,13,529,3452,95,88818,259,8021
300,13,529,3452,95,88818,259,8021
300,13,529,3452,95,88818,259,8021
300,13,529,2075,95,89307,259,8123
300,13,529,2075,95,89307,259,8123
300,13,529,0654,95,89795,259,8228
300,13,529,0654,95,89795,259,8228
300,13,528,9294,95,90234,259,8328
300,13,528,9294,95,90234,259,8328
300,13,528,9294,95,90234,259,8328
300,13,528,7869,95,90771,259,8433
300,13,528,7869,95,90771,259,8433
300,13,528,6458,95,9126,259,8536
300,13,528,6458,95,9126,259,8536
300,13,528,6458,95,9126,259,8536
300,13,528,5032,95,91748,259,8641
300,13,528,5032,95,91748,259,8641
300,13,528,3665,95,92236,259,8743
300,13,528,3665,95,92236,259,8743
300,13,528,231,95,92725,259,8843
300,13,528,231,95,92725,259,8843
300,13,528,231,95,92725,259,8843
300,13,528,083,95,93213,259,8951
300,13,528,083,95,93213,259,8951
300,13,527,9429,95,93701,259,9055
300,13,527,9429,95,93701,259,9055
300,13,527,9429,95,93701,259,9055
300,13,527,7881,95,94238,259,9169
300,13,527,7881,95,94238,259,9169
300,13,527,6443,95,94775,259,9275
300,13,527,6443,95,94775,259,9275
300,13,527,5032,95,95264,259,9379
300,13,527,5032,95,95264,259,9379
300,13,527,5032,95,95264,259,9379
300,13,527,365,95,95752,259,948
300,13,527,365,95,95752,259,948
300,13,527,2258,95,96191,259,9583
300,13,527,2258,95,96191,259,9583
300,13,527,0842,95,96729,259,9688
300,13,527,0842,95,96729,259,9688
300,13,527,0842,95,96729,259,9688
300,13,527,051,95,96826,259,9712
300,13,527,051,95,96826,259,9712
300,13,527,051,95,96826,259,9712
300,13,527,051,95,96826,259,9712
300,13,527,051,95,96826,259,9712
300,13,527,051,95,96826,259,9712
300,13,527,051,95,96826,259,9712
300,13,527,051,95,96826,259,9712
300,13,527,051,95,96826,259,9712
300,13,527,051,95,96826,259,9712
300,13,527,051,95,96826,259,9712
300,13,527,051,95,96826,259,9712
300,13,527,051,95,96826,259,9712
300,13,527,051,95,96826,259,9712
300,13,527,051,95,96826,259,9712
300,13,527,051,95,96826,259,9712
300,13,527,051,95,96826,259,9712
300,13,527,051,95,96826,259,9712
300,13,527,051,95,96826,259,9712
300,13,527,051,95,96826,259,9712
300,13,527,051,95,96826,259,9712
300,13,527,051,95,96826,259,9712
300,13,527,051,95,96826,259,9712
300,13,527,051,95,96826,259,9712
300,13,526,9048,95,97363,259,979
300,13,526,9048,95,97363,259,979
300,13,526,7661,95,97852,259,9863
300,13,526,7661,95,97852,259,9863
300,13,526,6196,95,9834,259,9941
300,13,526,6196,95,9834,259,9941
300,13,526,6196,95,9834,259,9941
300,13,526,4846,95,98828,260,0013
300,13,526,4846,95,98828,260,0013
300,13,526,3279,95,99365,260,0096
300,13,526,3279,95,99365,260,0096
300,13,526,3279,95,99365,260,0096
300,13,526,1917,95,99854,260,017
300,13,526,1917,95,99854,260,017
300,13,526,0476,96,00391,260,0247
300,13,526,0476,96,00391,260,0247
300,13,526,0476,96,00391,260,0247
300,13,525,894,96,00928,260,0327
300,13,525,894,96,00928,260,0327
300,13,525,7588,96,01367,260,04
300,13,525,7588,96,01367,260,04
300,13,525,7588,96,01367,260,04
300,13,525,6121,96,01904,260,0477
300,13,525,6121,96,01904,260,0477
300,13,525,4534,96,0249,260,0562
300,13,525,4534,96,0249,260,0562
300,13,525,4534,96,0249,260,0562
300,13,525,3025,96,02979,260,0642
300,13,525,3025,96,02979,260,0642
300,13,525,1563,96,03516,260,072
300,13,525,1563,96,03516,260,072
300,13,525,0188,96,04004,260,0793
300,13,525,0188,96,04004,260,0793
300,13,525,0188,96,04004,260,0793
300,13,524,8762,96,04492,260,0869
300,13,524,8762,96,04492,260,0869
300,13,524,7297,96,05029,260,0947
300,13,524,7297,96,05029,260,0947
300,13,524,7297,96,05029,260,0947
300,13,524,5745,96,05566,260,103
300,13,524,5745,96,05566,260,103
300,13,524,4392,96,06055,260,1102
300,13,524,4392,96,06055,260,1102
300,13,524,3,96,06543,260,1177
300,13,524,3,96,06543,260,1177
300,13,524,3,96,06543,260,1177
300,13,524,1533,96,0708,260,1254
300,13,524,1533,96,0708,260,1254
300,13,524,0234,96,0752,260,1323
300,13,524,0234,96,0752,260,1323
300,13,524,0234,96,0752,260,1323
300,13,524,0234,96,0752,260,1323
300,13,524,0234,96,0752,260,1323
300,13,524,0234,96,0752,260,1323
300,13,524,0234,96,0752,260,1323
300,13,523,8743,96,08057,260,1331
300,13,523,8743,96,08057,260,1331
300,13,523,8743,96,08057,260,1331
300,13,523,7422,96,08545,260,1338
300,13,523,7422,96,08545,260,1338
300,13,523,5891,96,09082,260,1345
300,13,523,5891,96,09082,260,1345
300,13,523,5891,96,09082,260,1345
300,13,523,4424,96,09619,260,1353
300,13,523,4424,96,09619,260,1353
300,13,523,2942,96,10156,260,136
300,13,523,2942,96,10156,260,136
300,13,523,2942,96,10156,260,136
300,13,523,1531,96,10645,260,1367
300,13,523,1531,96,10645,260,1367
300,13,523,0039,96,11182,260,1375
300,13,523,0039,96,11182,260,1375
300,13,523,0039,96,11182,260,1375
300,13,522,8706,96,1167,260,1382
300,13,522,8706,96,1167,260,1382
300,13,522,6995,96,12256,260,139
300,13,522,6995,96,12256,260,139
300,13,522,5669,96,12744,260,1398
300,13,522,5669,96,12744,260,1398
300,13,522,5669,96,12744,260,1398
300,13,522,4229,96,13281,260,1405
300,13,522,4229,96,13281,260,1405
300,13,522,282,96,1377,260,1412
300,13,522,282,96,1377,260,1412
300,13,522,1404,96,14258,260,1418
300,13,522,1404,96,14258,260,1418
300,13,522,1404,96,14258,260,1418
300,13,522,0012,96,14795,260,1426
300,13,522,0012,96,14795,260,1426
300,13,521,8696,96,15234,260,1433
300,13,521,8696,96,15234,260,1433
300,13,521,7292,96,15771,260,144
300,13,521,7292,96,15771,260,144
300,13,521,5964,96,16211,260,1447
300,13,521,5964,96,16211,260,1447
300,13,521,5964,96,16211,260,1447
300,13,521,458,96,16748,260,1454
300,13,521,458,96,16748,260,1454
300,13,521,3291,96,17188,260,146
300,13,521,3291,96,17188,260,146
300,13,521,1958,96,17676,260,1467
300,13,521,1958,96,17676,260,1467
300,13,521,0986,96,18018,260,1472
300,13,521,0986,96,18018,260,1472
300,13,521,0986,96,18018,260,1472
300,13,520,9558,96,18555,260,1504
300,13,520,9558,96,18555,260,1504
300,13,520,8274,96,19043,260,1533
300,13,520,8274,96,19043,260,1533
300,13,520,6956,96,19531,260,1561
300,13,520,6956,96,19531,260,1561
300,13,520,6956,96,19531,260,1561
300,13,520,551,96,20068,260,1594
300,13,520,551,96,20068,260,1594
300,13,520,4128,96,20557,260,1625
300,13,520,4128,96,20557,260,1625
300,13,520,2688,96,21094,260,1656
300,13,520,2688,96,21094,260,1656
300,13,520,2688,96,21094,260,1656
300,13,520,1177,96,2168,260,1689
300,13,520,1177,96,2168,260,1689
300,13,520,1177,96,2168,260,1689
300,13,519,968,96,22217,260,1724
300,13,519,968,96,22217,260,1724
300,13,519,968,96,22217,260,1724
300,13,519,7886,96,229,260,1763
300,13,519,7886,96,229,260,1763
300,13,519,6223,96,23535,260,1801
300,13,519,6223,96,23535,260,1801
300,13,519,6223,96,23535,260,1801
300,13,519,4795,96,24023,260,1832
300,13,519,4795,96,24023,260,1832
300,13,519,3142,96,24658,260,1869
300,13,519,3142,96,24658,260,1869
300,13,519,3142,96,24658,260,1869
300,13,519,166,96,25195,260,1902
300,13,519,166,96,25195,260,1902
300,13,519,0085,96,25781,260,1936
300,13,519,0085,96,25781,260,1936
300,13,519,0085,96,25781,260,1936
300,13,518,8738,96,26318,260,1967
300,13,518,8738,96,26318,260,1967
300,13,518,8738,96,26318,260,1967
300,13,518,7192,96,26855,260,2001
300,13,518,7192,96,26855,260,2001
300,13,518,7192,96,26855,260,2001
300,13,518,5537,96,2749,260,2037
300,13,518,5537,96,2749,260,2037
300,13,518,5537,96,2749,260,2037
300,13,518,3328,96,2832,260,2086
300,13,518,3328,96,2832,260,2086
300,13,518,1912,96,28857,260,2118
300,13,518,1912,96,28857,260,2118
300,13,518,0547,96,29346,260,2148
300,13,518,0547,96,29346,260,2148
300,13,518,0547,96,29346,260,2148
300,13,518,0547,96,29346,260,2148
300,13,518,0547,96,29346,260,2148
300,13,518,0547,96,29346,260,2148
300,13,518,0547,96,29346,260,2148
300,13,518,0547,96,29346,260,2148
300,13,518,0547,96,29346,260,2148
300,13,518,0547,96,29346,260,2148
300,13,518,0547,96,29346,260,2148
300,13,518,0547,96,29346,260,2148
300,13,518,0547,96,29346,260,2148
300,13,518,0547,96,29346,260,2148
300,13,518,0547,96,29346,260,2148
300,13,518,0547,96,29346,260,2148
300,13,518,0547,96,29346,260,2148
300,13,518,0547,96,29346,260,2148
300,13,518,0547,96,29346,260,2148
300,13,518,0547,96,29346,260,2148
300,13,518,0547,96,29346,260,2148
300,13,518,0547,96,29346,260,2148
300,13,518,0547,96,29346,260,2148
300,13,518,0547,96,29346,260,2148
300,13,518,0547,96,29346,260,2148
300,13,518,0547,96,29346,260,2148
300,13,517,9084,96,29932,260,2007
300,13,517,9084,96,29932,260,2007
300,13,517,7756,96,30469,260,1876
300,13,517,7756,96,30469,260,1876
300,13,517,6477,96,30957,260,1752
300,13,517,6477,96,30957,260,1752
300,13,517,5181,96,31494,260,1626
300,13,517,5181,96,31494,260,1626
300,13,517,3933,96,31982,260,1504
300,13,517,3933,96,31982,260,1504
300,13,517,2646,96,32471,260,1379
300,13,517,2646,96,32471,260,1379
300,13,517,137,96,32959,260,1255
300,13,517,137,96,32959,260,1255
300,13,517,137,96,32959,260,1255
300,13,517,0083,96,33496,260,1129
300,13,517,0083,96,33496,260,1129
300,13,516,8789,96,33984,260,1003
300,13,516,8789,96,33984,260,1003
300,13,516,7444,96,34521,260,0872
300,13,516,7444,96,34521,260,0872
300,13,516,6165,96,35059,260,0747
300,13,516,6165,96,35059,260,0747
300,13,516,4878,96,35547,260,0623
300,13,516,4878,96,35547,260,0623
300,13,516,3616,96,36035,260,0499
300,13,516,3616,96,36035,260,0499
300,13,516,3616,96,36035,260,0499
300,13,516,2351,96,36572,260,0376
300,13,516,2351,96,36572,260,0376
300,13,516,0867,96,37158,260,0232
300,13,516,0867,96,37158,260,0232
300,13,515,957,96,37646,260,0105
300,13,515,957,96,37646,260,0105
300,13,515,832,96,38135,259,9983
300,13,515,832,96,38135,259,9983
300,13,515,7073,96,38623,259,9861
300,13,515,7073,96,38623,259,9861
300,13,515,5818,96,3916,259,9739
300,13,515,5818,96,3916,259,9739
300,13,515,5818,96,3916,259,9739
300,13,515,4517,96,39648,259,9613
300,13,515,4517,96,39648,259,9613
300,13,515,3149,96,40186,259,948
300,13,515,3149,96,40186,259,948
300,13,515,1853,96,40723,259,9353
300,13,515,1853,96,40723,259,9353
300,13,515,0466,96,4126,259,9219
300,13,515,0466,96,4126,259,9219
300,13,515,0466,96,4126,259,9219
300,13,514,9146,96,41797,259,9089
300,13,514,9146,96,41797,259,9089
300,13,514,7795,96,42334,259,8958
300,13,514,7795,96,42334,259,8958
300,13,514,6453,96,42822,259,8827
300,13,514,6453,96,42822,259,8827
300,13,514,6262,96,4292,259,8809
300,13,514,6262,96,4292,259,8809
300,13,514,6262,96,4292,259,8809
300,13,514,6262,96,4292,259,8809
300,13,514,6262,96,4292,259,8809
300,13,514,6262,96,4292,259,8809
300,13,514,6262,96,4292,259,8809
300,13,514,6262,96,4292,259,8809
300,13,514,6262,96,4292,259,8809
300,13,514,6262,96,4292,259,8809
300,13,514,6262,96,4292,259,8809
300,13,514,6262,96,4292,259,8809
300,13,514,6262,96,4292,259,8809
300,13,514,6262,96,4292,259,8809
300,13,514,6262,96,4292,259,8809
300,13,514,6262,96,4292,259,8809
300,13,514,6262,96,4292,259,8809
300,13,514,6262,96,4292,259,8809
300,13,514,6262,96,4292,259,8809
300,13,514,6262,96,4292,259,8809
300,13,514,6262,96,4292,259,8809
300,13,514,6262,96,4292,259,8809
300,13,514,6262,96,4292,259,8809
300,13,514,6262,96,4292,259,8809
300,13,514,6262,96,4292,259,8809
300,13,514,6262,96,4292,259,8809
300,13,514,6262,96,4292,259,8809
300,13,514,6262,96,4292,259,8809
300,13,514,6262,96,4292,259,8809
300,13,514,6262,96,4292,259,8809
300,13,514,6262,96,4292,259,8809
300,13,514,6262,96,4292,259,8809
300,13,514,6262,96,4292,259,8809
300,13,514,6262,96,4292,259,8809
300,13,514,6262,96,4292,259,8809
300,13,514,6262,96,4292,259,8809
300,13,514,6262,96,4292,259,8809
300,13,514,6262,96,4292,259,8809
300,13,514,6262,96,4292,259,8809
300,13,514,6262,96,4292,259,8809
300,13,514,6262,96,4292,259,8809
300,13,514,6262,96,4292,259,8809
300,13,514,6262,96,4292,259,8809
300,13,514,6262,96,4292,259,8809
300,13,514,6262,96,4292,259,8809
300,13,514,6262,96,4292,259,8809
300,13,514,6262,96,4292,259,8809
300,13,514,6262,96,4292,259,8809
300,13,514,6262,96,4292,259,8809
300,13,514,6262,96,4292,259,8809
300,13,514,6262,96,4292,259,8809
300,13,514,6262,96,4292,259,8809
300,13,514,6262,96,4292,259,8809
300,13,514,6262,96,4292,259,8809
300,13,514,6262,96,4292,259,8809
300,13,514,6262,96,4292,259,8809
300,13,514,6262,96,4292,259,8809
300,13,514,6262,96,4292,259,8809
300,13,514,6262,96,4292,259,8809
300,13,514,6262,96,4292,259,8809
300,13,514,6262,96,4292,259,8809
300,13,514,6262,96,4292,259,8809
300,13,514,6262,96,4292,259,8809
300,13,514,6262,96,4292,259,8809
300,13,514,6262,96,4292,259,8809
300,13,514,6262,96,4292,259,8809
300,13,514,6262,96,4292,259,8809
300,13,514,6262,96,4292,259,8809
300,13,514,6262,96,4292,259,8809
300,13,514,6262,96,4292,259,8809
300,13,514,4966,96,43457,259,8613
300,13,514,4966,96,43457,259,8613
300,13,514,3708,96,44043,259,8424
300,13,514,3708,96,44043,259,8424
300,13,514,2488,96,44531,259,824
300,13,514,2488,96,44531,259,824
300,13,514,116,96,45117,259,804
300,13,514,116,96,45117,259,804
300,13,513,9917,96,45654,259,7854
300,13,513,9917,96,45654,259,7854
300,13,513,9917,96,45654,259,7854
300,13,513,8716,96,46191,259,7673
300,13,513,8716,96,46191,259,7673
300,13,513,7429,96,46729,259,7479
300,13,513,7429,96,46729,259,7479
300,13,513,6028,96,47363,259,7268
300,13,513,6028,96,47363,259,7268
300,13,513,4714,96,479,259,707
300,13,513,4714,96,479,259,707
300,13,513,3469,96,48438,259,6882
300,13,513,3469,96,48438,259,6882
300,13,513,3469,96,48438,259,6882
300,13,513,217,96,49023,259,6687
300,13,513,217,96,49023,259,6687
300,13,513,0898,96,49561,259,6495
300,13,513,0898,96,49561,259,6495
300,13,512,9678,96,50098,259,6312
300,13,512,9678,96,50098,259,6312
300,13,512,8435,96,50635,259,6124
300,13,512,8435,96,50635,259,6124
300,13,512,7266,96,51123,259,5948
300,13,512,7266,96,51123,259,5948
300,13,512,593,96,51709,259,5747
300,13,512,593,96,51709,259,5747
300,13,512,593,96,51709,259,5747
300,13,512,4634,96,52246,259,5552
300,13,512,4634,96,52246,259,5552
300,13,512,3066,96,5293,259,5317
300,13,512,3066,96,5293,259,5317
300,13,512,1804,96,53467,259,5127
300,13,512,1804,96,53467,259,5127
300,13,512,0544,96,54004,259,4937
300,13,512,0544,96,54004,259,4937
300,13,511,9355,96,54541,259,4758
300,13,511,9355,96,54541,259,4758
300,13,511,8118,96,55078,259,4572
300,13,511,8118,96,55078,259,4572
300,13,511,6934,96,55566,259,4393
300,13,511,6934,96,55566,259,4393
300,13,511,5691,96,56104,259,4207
300,13,511,5691,96,56104,259,4207
300,13,511,5691,96,56104,259,4207
300,13,511,4338,96,56689,259,4003
300,13,511,4338,96,56689,259,4003
300,13,511,3125,96,57227,259,382
300,13,511,3125,96,57227,259,382
300,13,511,2344,96,57568,259,3702
300,13,511,2344,96,57568,259,3702
300,13,511,2344,96,57568,259,3702
300,13,511,2344,96,57568,259,3702
300,13,511,2344,96,57568,259,3702
300,13,511,2344,96,57568,259,3702
300,13,511,2344,96,57568,259,3702
300,13,511,2344,96,57568,259,3702
300,13,511,2344,96,57568,259,3702
300,13,511,2344,96,57568,259,3702
300,13,511,2344,96,57568,259,3702
300,13,511,2344,96,57568,259,3702
300,13,511,2344,96,57568,259,3702
300,13,511,2344,96,57568,259,3702
300,13,511,2344,96,57568,259,3702
300,13,511,2344,96,57568,259,3702
300,13,511,2344,96,57568,259,3702
300,13,511,2344,96,57568,259,3702
300,13,511,2344,96,57568,259,3702
300,13,511,2344,96,57568,259,3702
300,13,511,2344,96,57568,259,3702
300,13,511,2344,96,57568,259,3702
300,13,511,2344,96,57568,259,3702
300,13,511,2344,96,57568,259,3702
300,13,511,2344,96,57568,259,3702
300,13,511,2344,96,57568,259,3702
300,13,511,2344,96,57568,259,3702
300,13,511,2344,96,57568,259,3702
300,13,511,2344,96,57568,259,3702
300,13,511,2344,96,57568,259,3702
300,13,511,2344,96,57568,259,3702
300,13,511,2344,96,57568,259,3702
300,13,511,2344,96,57568,259,3702
300,13,511,2344,96,57568,259,3702
300,13,511,2344,96,57568,259,3702
300,13,511,2344,96,57568,259,3702
300,13,511,2344,96,57568,259,3702
300,13,511,2344,96,57568,259,3702
300,13,511,2344,96,57568,259,3702
300,13,511,2344,96,57568,259,3702
300,13,511,2344,96,57568,259,3702
300,13,511,2344,96,57568,259,3702
300,13,511,2344,96,57568,259,3702
300,13,511,2344,96,57568,259,3702
300,13,511,2344,96,57568,259,3702
300,13,511,2344,96,57568,259,3702
300,13,511,2344,96,57568,259,3702
300,13,511,2344,96,57568,259,3702
300,13,511,2344,96,57568,259,3702
300,13,511,2344,96,57568,259,3702
300,13,511,2344,96,57568,259,3702
300,13,511,2344,96,57568,259,3702
300,13,511,2344,96,57568,259,3702
300,13,511,2344,96,57568,259,3702
300,13,511,2344,96,57568,259,3702
300,13,511,2344,96,57568,259,3702
300,13,511,2344,96,57568,259,3702
300,13,511,2344,96,57568,259,3702
300,13,511,2344,96,57568,259,3702
300,13,511,2344,96,57568,259,3702
300,13,511,2344,96,57568,259,3702
300,13,511,2344,96,57568,259,3702
300,13,511,2344,96,57568,259,3702
300,13,511,2344,96,57568,259,3702
300,13,511,2344,96,57568,259,3702
300,13,511,2344,96,57568,259,3702
300,13,511,2344,96,57568,259,3702
300,13,511,2344,96,57568,259,3702
300,13,511,1187,96,58105,259,3478
300,13,511,1187,96,58105,259,3478
300,13,511,009,96,58643,259,3265
300,13,511,009,96,58643,259,3265
300,13,510,886,96,59229,259,3026
300,13,510,886,96,59229,259,3026
300,13,510,886,96,59229,259,3026
300,13,510,886,96,59229,259,3026
300,13,510,886,96,59229,259,3026
300,13,510,7744,96,59766,259,281
300,13,510,7744,96,59766,259,281
300,13,510,4802,96,61133,259,2239
300,13,510,4802,96,61133,259,2239
300,13,510,3718,96,6167,259,2029
300,13,510,3718,96,6167,259,2029
300,13,510,2712,96,62158,259,1833
300,13,510,2712,96,62158,259,1833
300,13,510,1599,96,62646,259,1617
300,13,510,1599,96,62646,259,1617
300,13,510,0457,96,63184,259,1396
300,13,509,9402,96,63721,259,1191
300,13,509,9402,96,63721,259,1191
300,13,509,8267,96,64258,259,097
300,13,509,8267,96,64258,259,097
300,13,509,8267,96,64258,259,097
300,13,509,707,96,64795,259,0739
300,13,509,707,96,64795,259,0739
300,13,509,5859,96,65381,259,0503
300,13,509,5859,96,65381,259,0503
300,13,509,4636,96,65967,259,0266
300,13,509,3518,96,66504,259,0049
300,13,509,3518,96,66504,259,0049
300,13,509,2393,96,67041,258,9832
300,13,509,2393,96,67041,258,9832
300,13,509,2393,96,67041,258,9832
300,13,509,1223,96,67578,258,9604
300,13,509,1223,96,67578,258,9604
300,13,508,9932,96,68213,258,9353
300,13,508,9932,96,68213,258,9353
300,13,508,8647,96,68799,258,9104
300,13,508,8647,96,68799,258,9104
300,13,508,7498,96,69336,258,8882
300,13,508,7498,96,69336,258,8882
300,13,508,6348,96,69922,258,8658
300,13,508,6348,96,69922,258,8658
300,13,508,6348,96,69922,258,8658
300,13,508,4924,96,70557,258,8381
300,13,508,4924,96,70557,258,8381
300,13,508,3518,96,7124,258,8109
300,13,508,3518,96,7124,258,8109
300,13,508,2341,96,71777,258,7881
300,13,508,2341,96,71777,258,7881
300,13,508,1167,96,72363,258,7653
300,13,508,1167,96,72363,258,7653
300,13,507,9836,96,72998,258,7395
300,13,507,9836,96,72998,258,7395
300,13,507,9819,96,72998,258,7391
300,13,507,9819,96,72998,258,7391
300,13,507,8662,96,73633,258,7021
300,13,507,8662,96,73633,258,7021
300,13,507,7346,96,74316,258,6602
300,13,507,7346,96,74316,258,6602
300,13,507,7346,96,74316,258,6602
300,13,507,623,96,74902,258,6245
300,13,507,623,96,74902,258,6245
300,13,507,4834,96,75684,258,58
300,13,507,4834,96,75684,258,58
300,13,507,3499,96,76416,258,5374
300,13,507,3499,96,76416,258,5374
300,13,507,3499,96,76416,258,5374
300,13,507,2112,96,77148,258,493
300,13,507,2112,96,77148,258,493
300,13,507,0784,96,77832,258,4507
300,13,506,9688,96,78418,258,4156
300,13,506,9688,96,78418,258,4156
300,13,506,8618,96,79004,258,3815
300,13,506,8618,96,79004,258,3815
300,13,506,7502,96,79639,258,3459
300,13,506,7502,96,79639,258,3459
300,13,506,6367,96,80225,258,3097
300,13,506,6367,96,80225,258,3097
300,13,506,5215,96,80859,258,2728
300,13,506,5215,96,80859,258,2728
300,13,506,4111,96,81445,258,2375
300,13,506,4111,96,81445,258,2375
300,13,506,303,96,82031,258,2031
300,13,506,303,96,82031,258,2031
300,13,506,303,96,82031,258,2031
300,13,506,1907,96,82617,258,1672
300,13,506,1907,96,82617,258,1672
300,13,506,0542,96,8335,258,1237
300,13,506,0542,96,8335,258,1237
300,13,505,9329,96,84033,258,085
300,13,505,8269,96,8457,258,051
300,13,505,8269,96,8457,258,051
300,13,505,7185,96,85156,258,0165
30