Time,RSteps,X,Y,Z
120,0,68,7002,87,78027,125,0229
120,0,68,7002,87,78027,125,0229
120,1,68,7002,87,78027,125,0229
120,1,68,7002,87,78027,125,0229
120,1,68,7002,87,78027,125,0229
120,1,68,7002,87,78027,125,0229
120,1,68,7002,87,35059,125,0229
120,1,68,7002,87,35059,125,0229
120,1,68,7002,87,35059,125,0229
120,1,68,7002,87,35059,125,0229
120,1,68,7002,87,35059,125,0229
120,1,68,7002,87,35059,125,0229
120,1,68,7002,87,35059,125,0229
120,1,68,7002,87,35059,125,0229
120,1,68,68921,87,37305,125,3193
120,1,68,68286,87,38623,125,4889
120,1,68,68286,87,38623,125,4889
120,1,68,6792,87,39355,125,5862
120,1,68,67529,87,40137,125,6863
120,1,68,67529,87,40137,125,6863
120,1,68,67285,87,40674,125,7556
120,1,68,66772,87,41699,125,8888
120,1,68,66772,87,41699,125,8888
120,1,68,66772,87,41699,125,8888
120,1,68,66553,87,42139,125,9519
120,1,68,6604,87,43213,126,0874
120,1,68,6604,87,43213,126,0874
120,1,68,65771,87,4375,126,1616
120,1,68,65308,87,44727,126,2852
120,1,68,65308,87,44727,126,2852
120,1,68,65088,87,45117,126,3413
120,1,68,64551,87,4624,126,4862
120,1,68,64551,87,4624,126,4862
120,1,68,64551,87,4624,126,4862
120,1,68,64307,87,46777,126,554
120,1,68,64307,87,46777,126,554
120,1,68,63794,87,47754,126,6849
120,1,68,63794,87,47754,126,6849
120,1,68,63794,87,47754,126,6849
120,1,68,63379,87,48633,126,7997
120,1,68,63379,87,48633,126,7997
120,1,68,63379,87,48633,126,7997
120,1,68,63379,87,48633,126,7997
120,1,68,62622,87,50195,126,9993
120,1,68,62622,87,50195,126,9993
120,1,68,62622,87,50195,126,9993
120,1,68,62622,87,50195,126,9993
120,1,68,61694,87,52051,127,2466
120,1,68,61694,87,52051,127,2466
120,1,68,60767,87,53955,127,4945
120,1,68,60767,87,53955,127,4945
120,1,68,60474,87,5459,127,5768
120,2,68,60034,87,55518,127,6964
120,2,68,60034,87,55518,127,6964
120,2,68,59741,87,56055,127,7699
120,2,68,59277,87,57031,127,8942
120,2,68,59277,87,57031,127,8942
120,2,68,59277,87,57031,127,8942
120,2,68,59277,87,57031,127,8942
120,2,68,59009,87,57617,127,9701
120,2,68,59009,87,57617,127,9701
120,2,68,58179,87,59277,128,1921
120,2,68,58179,87,59277,128,1921
120,2,68,58179,87,59277,128,1921
120,2,68,57715,87,60205,128,3132
120,2,68,57056,87,61572,128,4911
120,2,68,57056,87,61572,128,4911
120,2,68,56763,87,62158,128,5686
120,2,68,56299,87,63135,128,6931
120,2,68,56299,87,63135,128,6931
120,2,68,56299,87,63135,128,6931
120,2,68,56079,87,63574,128,7544
120,2,68,55542,87,64697,128,8958
120,2,68,55542,87,64697,128,8958
120,2,68,55273,87,65234,128,9662
120,2,68,5498,87,6582,129,0454
120,2,68,5498,87,6582,129,0454
120,2,68,5459,87,66162,129,113
120,2,68,53809,87,66895,129,2472
120,2,68,53809,87,66895,129,2472
120,2,68,53809,87,66895,129,2472
120,2,68,53442,87,67188,129,3088
120,2,68,52661,87,6792,129,4462
120,2,68,52661,87,6792,129,4462
120,2,68,52271,87,68262,129,5111
120,2,68,51514,87,68945,129,6412
120,2,68,51514,87,68945,129,6412
120,2,68,51147,87,69287,129,7061
120,2,68,50366,87,69971,129,8418
120,2,68,50366,87,69971,129,8418
120,2,68,50366,87,69971,129,8418
120,2,68,49976,87,70313,129,9053
120,2,68,49194,87,71045,130,0414
120,2,68,49194,87,71045,130,0414
120,2,68,48804,87,71387,130,1097
120,2,68,48022,87,7207,130,2432
120,2,68,48022,87,7207,130,2432
120,2,68,47632,87,72412,130,3113
120,2,68,46875,87,73096,130,4406
120,2,68,46875,87,73096,130,4406
120,2,68,46875,87,73096,130,4406
120,2,68,46558,87,73389,130,4938
120,2,68,45728,87,74121,130,6392
120,2,68,45728,87,74121,130,6392
120,2,68,45386,87,74463,130,6984
120,2,68,4458,87,75195,130,8375
120,2,68,4458,87,75195,130,8375
120,2,68,44189,87,75537,130,9037
120,2,68,43408,87,76221,131,0389
120,2,68,43408,87,76221,131,0389
120,2,68,43408,87,76221,131,0389
120,2,68,43042,87,76563,131,1002
120,2,68,42261,87,77246,131,2365
120,2,68,42261,87,77246,131,2365
120,2,68,4187,87,77588,131,3022
120,2,68,41089,87,7832,131,438
120,2,68,41089,87,7832,131,438
120,2,68,40698,87,78662,131,5028
120,2,68,39917,87,79346,131,6365
120,2,68,39917,87,79346,131,6365
120,2,68,39917,87,79346,131,6365
120,2,68,39722,87,79541,131,672
120,2,68,39014,87,80225,131,811
120,2,68,39014,87,80225,131,811
120,2,68,38696,87,80518,131,873
120,2,68,37988,87,81152,132,0077
120,2,68,37988,87,81152,132,0077
120,2,68,37646,87,81494,132,0724
120,2,68,36963,87,82129,132,2061
120,2,68,36963,87,82129,132,2061
120,2,68,36963,87,82129,132,2061
120,2,68,3667,87,82422,132,2617
120,2,68,35938,87,83105,132,4064
120,2,68,35938,87,83105,132,4064
120,2,68,3562,87,83398,132,4689
120,2,68,34912,87,84082,132,6051
120,2,68,34912,87,84082,132,6051
120,2,68,34546,87,84424,132,6774
120,2,68,34546,87,84424,132,6774
120,2,68,33887,87,85059,132,8055
120,2,68,33887,87,85059,132,8055
120,2,68,33472,87,85449,132,8865
120,2,68,32837,87,86035,133,0078
120,2,68,32837,87,86035,133,0078
120,2,68,3252,87,86328,133,0691
120,2,68,31836,87,87012,133,203
120,2,68,31836,87,87012,133,203
120,2,68,3147,87,87305,133,2706
120,2,68,30786,87,87988,133,4049
120,2,68,30786,87,87988,133,4049
120,2,68,30786,87,87988,133,4049
120,2,68,30444,87,88281,133,4718
120,2,68,29736,87,88965,133,6063
120,2,68,29736,87,88965,133,6063
120,2,68,29419,87,89258,133,6721
120,2,68,28735,87,89893,133,8015
120,2,68,28735,87,89893,133,8015
120,2,68,28345,87,90283,133,8804
120,2,68,2771,87,90869,134,002
120,2,68,2771,87,90869,134,002
120,2,68,2771,87,90869,134,002
120,2,68,27368,87,91211,134,0688
120,2,68,2666,87,91846,134,2037
120,2,68,2666,87,91846,134,2037
120,2,68,26318,87,92188,134,2712
120,2,68,25659,87,92822,134,4006
120,2,68,25659,87,92822,134,4006
120,2,68,25317,87,93115,134,4646
120,2,68,24976,87,93457,134,5319
120,2,68,24976,87,93457,134,5319
120,2,68,24976,87,93457,134,5319
120,2,68,24976,87,93457,134,5319
120,2,68,24976,87,93457,134,5319
120,2,68,24976,87,93457,134,5319
120,2,68,24976,87,93457,134,5319
120,2,68,24976,87,93457,134,5319
120,2,68,24976,87,93457,134,5319
120,2,68,24976,87,93457,134,5319
120,2,68,24976,87,93457,134,5319
120,2,68,24976,87,93457,134,5319
120,2,68,24976,87,93457,134,5319
120,2,68,24976,87,93457,134,5319
120,3,68,24976,87,93457,134,5319
120,3,68,24976,87,93457,134,5319
120,3,68,24976,87,93457,134,5319
120,3,68,24976,87,93457,134,5319
120,3,68,24048,87,92725,134,6482
120,3,68,24048,87,92725,134,6482
120,3,68,23462,87,92285,134,7188
120,3,68,22461,87,91504,134,8453
120,3,68,22461,87,91504,134,8453
120,3,68,21826,87,91016,134,9231
120,3,68,21826,87,91016,134,9231
120,3,68,2085,87,90234,135,0439
120,3,68,2085,87,90234,135,0439
120,3,68,20142,87,89697,135,1335
120,3,68,20142,87,89697,135,1335
120,3,68,19238,87,88965,135,2452
120,3,68,19238,87,88965,135,2452
120,3,68,19238,87,88965,135,2452
120,3,68,18359,87,88281,135,3555
120,3,68,1687,87,87109,135,5408
120,3,68,1687,87,87109,135,5408
120,3,68,16138,87,86572,135,6316
120,3,68,15259,87,85889,135,7412
120,3,68,15259,87,85889,135,7412
120,3,68,146,87,85352,135,8226
120,3,68,146,87,85352,135,8226
120,3,68,13623,87,84619,135,9446
120,3,68,13623,87,84619,135,9446
120,3,68,12915,87,84033,136,032
120,3,68,12036,87,8335,136,1406
120,3,68,12036,87,8335,136,1406
120,3,68,11401,87,82861,136,2198
120,3,68,10449,87,82129,136,3403
120,3,68,10449,87,82129,136,3403
120,3,68,09814,87,81641,136,4198
120,3,68,09814,87,81641,136,4198
120,3,68,08862,87,80859,136,5374
120,3,68,08862,87,80859,136,5374
120,3,68,08179,87,80371,136,6207
120,3,68,07251,87,79639,136,7365
120,3,68,07251,87,79639,136,7365
120,3,68,06616,87,7915,136,8154
120,3,68,0564,87,78369,136,939
120,3,68,0564,87,78369,136,939
120,3,68,05127,87,77979,137,0002
120,3,68,04077,87,77148,137,1328
120,3,68,04077,87,77148,137,1328
120,3,68,04077,87,77148,137,1328
120,3,68,03564,87,76758,137,1969
120,3,68,02466,87,75879,137,3322
120,3,68,02466,87,75879,137,3322
120,3,68,01807,87,75391,137,416
120,3,68,01807,87,75391,137,416
120,3,68,00854,87,74609,137,5343
120,3,68,00171,87,74121,137,6185
120,3,67,99268,87,73389,137,7318
120,3,67,99268,87,73389,137,7318
120,3,67,99268,87,73389,137,7318
120,3,67,98779,87,72998,137,7914
120,3,67,98315,87,72656,137,8491
120,3,67,98315,87,72656,137,8491
120,3,67,98315,87,72656,137,8491
120,3,67,98315,87,72656,137,8491
120,3,67,98315,87,72656,137,8491
120,3,67,98315,87,72656,137,8491
120,3,67,98315,87,72656,137,8491
120,3,67,98315,87,72656,137,8491
120,3,67,98315,87,72656,137,8491
120,3,67,98315,87,72656,137,8491
120,3,67,96167,87,69971,137,9708
120,3,67,96167,87,69971,137,9708
120,3,67,94727,87,68164,138,051
120,3,67,92749,87,65674,138,1633
120,3,67,92749,87,65674,138,1633
120,3,67,9126,87,63818,138,2465
120,3,67,9126,87,63818,138,2465
120,3,67,89307,87,61377,138,3573
120,3,67,89307,87,61377,138,3573
120,3,67,88086,87,59863,138,4264
120,3,67,85913,87,57129,138,5494
120,3,67,85913,87,57129,138,5494
120,3,67,84595,87,55469,138,6232
120,3,67,82495,87,52832,138,7415
120,3,67,82495,87,52832,138,7415
120,3,67,81299,87,51367,138,8092
120,3,67,81299,87,51367,138,8092
120,3,67,79077,87,48584,138,9344
120,3,67,79077,87,48584,138,9344
120,3,67,77734,87,46924,139,0094
120,3,67,75635,87,44238,139,1288
120,3,67,75635,87,44238,139,1288
120,3,67,74341,87,42627,139,2014
120,3,67,72266,87,40039,139,3191
120,3,67,72266,87,40039,139,3191
120,3,67,71021,87,38477,139,3885
120,3,67,71021,87,38477,139,3885
120,3,67,68848,87,35791,139,5111
120,3,67,68848,87,35791,139,5111
120,3,67,67578,87,3418,139,5824
120,3,67,65454,87,31494,139,7031
120,3,67,65454,87,31494,139,7031
120,3,67,6416,87,29932,139,7754
120,3,67,62012,87,27197,139,8969
120,3,67,62012,87,27197,139,8969
120,3,67,60986,87,25928,139,9541
120,3,67,60986,87,25928,139,9541
120,3,67,58643,87,22998,140,0867
120,3,67,58643,87,22998,140,0867
120,3,67,57227,87,2124,140,1664
120,3,67,552,87,18701,140,2808
120,3,67,552,87,18701,140,2808
120,3,67,53687,87,16797,140,366
120,3,67,51831,87,14453,140,4717
120,3,67,51831,87,14453,140,4717
120,3,67,50708,87,13037,140,5352
120,3,67,50708,87,13037,140,5352
120,3,67,49438,87,11475,140,6061
120,3,67,49438,87,11475,140,6061
120,3,67,48706,87,08594,140,6792
120,3,67,4751,87,04004,140,7958
120,3,67,4751,87,04004,140,7958
120,3,67,46753,87,01074,140,8707
120,3,67,45679,86,96924,140,9764
120,3,67,45679,86,96924,140,9764
120,3,67,45068,86,94482,141,0383
120,3,67,45068,86,94482,141,0383
120,3,67,43823,86,89648,141,1616
120,3,67,43823,86,89648,141,1616
120,3,67,43042,86,86621,141,2384
120,3,67,41895,86,82227,141,3502
120,3,67,41895,86,82227,141,3502
120,3,67,41162,86,79346,141,424
120,3,67,40063,86,75098,141,5323
120,3,67,40063,86,75098,141,5323
120,3,67,39429,86,72705,141,5929
120,3,67,38135,86,67676,141,7212
120,3,67,38135,86,67676,141,7212
120,3,67,38135,86,67676,141,7212
120,3,67,37549,86,65381,141,7793
120,3,67,36279,86,60449,141,9054
120,3,67,36279,86,60449,141,9054
120,3,67,35474,86,57373,141,984
120,3,67,34424,86,53271,142,0886
120,3,67,34424,86,53271,142,0886
120,3,67,33716,86,50537,142,1581
120,3,67,33716,86,50537,142,1581
120,3,67,3252,86,45898,142,2761
120,3,67,3252,86,45898,142,2761
120,3,67,3186,86,43359,142,3411
120,3,67,30664,86,38721,142,4591
120,3,67,30664,86,38721,142,4591
120,3,67,29907,86,35791,142,5331
120,3,67,28784,86,31396,142,6455
120,3,67,28784,86,31396,142,6455
120,3,67,28003,86,28418,142,7212
120,3,67,28003,86,28418,142,7212
120,3,67,2688,86,24023,142,8328
120,3,67,2688,86,24023,142,8328
120,3,67,26196,86,21338,142,9008
120,3,67,25024,86,16846,143,0161
120,3,67,25024,86,16846,143,0161
120,3,67,24341,86,1416,143,0844
120,3,67,24341,86,1416,143,0844
120,3,67,23145,86,0957,143,2008
120,3,67,22266,86,06104,143,2891
120,3,67,22266,86,06104,143,2891
120,3,67,21777,86,04248,143,3364
120,3,67,21777,86,04248,143,3364
120,3,67,21777,86,04248,143,3364
120,3,67,21777,86,04248,143,3364
120,3,67,21777,86,04248,143,3364
120,3,67,21777,86,04248,143,3364
120,3,67,21777,86,04248,143,3364
120,3,67,21777,86,04248,143,3364
120,3,67,21777,86,04248,143,3364
120,3,67,21777,86,04248,143,3364
120,3,67,21777,86,04248,143,3364
120,3,67,21777,86,04248,143,3364
120,3,67,21777,86,04248,143,3364
120,3,67,21777,86,04248,143,3364
120,3,67,21777,86,04248,143,3364
120,3,67,21777,86,04248,143,3364
120,3,67,21777,86,04248,143,3364
120,3,67,21777,86,04248,143,3364
120,3,67,21777,86,04248,143,3364
120,3,67,21777,86,04248,143,3364
120,3,67,21777,86,04248,143,3364
120,3,67,21777,86,04248,143,3364
120,3,67,21777,86,04248,143,3364
120,3,67,21777,86,04248,143,3364
120,3,67,21777,86,04248,143,3364
120,3,67,21777,86,04248,143,3364
120,3,67,21777,86,04248,143,3364
120,3,67,21777,86,04248,143,3364
120,3,67,21777,86,04248,143,3364
120,3,67,21777,86,04248,143,3364
120,3,67,21777,86,04248,143,3364
120,3,67,21777,86,04248,143,3364
120,3,67,21777,86,04248,143,3364
120,3,67,21777,86,04248,143,3364
120,3,67,21777,86,04248,143,3364
120,3,67,21777,86,04248,143,3364
120,3,67,21777,86,04248,143,3364
120,3,67,21777,86,04248,143,3364
120,3,67,21777,86,04248,143,3364
120,3,67,21777,86,04248,143,3364
120,3,67,21777,86,04248,143,3364
120,3,67,21777,86,04248,143,3364
120,3,67,21777,86,04248,143,3364
120,3,67,21777,86,04248,143,3364
120,3,67,21777,86,04248,143,3364
120,3,67,21777,86,04248,143,3364
120,3,67,21777,86,04248,143,3364
120,3,67,21777,86,04248,143,3364
120,3,67,21777,86,04248,143,3364
120,3,67,21777,86,04248,143,3364
120,3,67,21777,86,04248,143,3364
120,3,67,21777,86,04248,143,3364
120,3,67,21777,86,04248,143,3364
120,3,67,21777,86,04248,143,3364
120,3,67,21777,86,04248,143,3364
120,3,67,21777,86,04248,143,3364
120,3,67,21777,86,04248,143,3364
120,3,67,21777,86,04248,143,3364
120,3,67,21777,86,04248,143,3364
120,3,67,21777,86,04248,143,3364
120,3,67,21777,86,04248,143,3364
120,3,67,21777,86,04248,143,3364
120,3,67,21777,86,04248,143,3364
120,3,67,21777,86,04248,143,3364
120,3,67,21777,86,04248,143,3364
120,3,67,21777,86,04248,143,3364
120,3,67,21777,86,04248,143,3364
120,3,67,21777,86,04248,143,3364
120,3,67,21777,86,04248,143,3364
120,3,67,21777,86,04248,143,3364
120,3,67,21777,86,04248,143,3364
120,3,67,21777,86,04248,143,3364
120,3,67,21777,86,04248,143,3364
120,3,67,21777,86,04248,143,3364
120,3,67,21777,86,04248,143,3364
120,3,67,21777,86,04248,143,3364
120,3,67,21777,86,04248,143,3364
120,3,67,21777,86,04248,143,3364
120,3,67,21777,86,04248,143,3364
120,3,67,21777,86,04248,143,3364
120,3,67,21777,86,04248,143,3364
120,3,67,21777,86,04248,143,3364
120,3,67,21777,86,04248,143,3364
120,3,67,21777,86,04248,143,3364
120,3,67,21777,86,04248,143,3364
120,3,67,21777,86,04248,143,3364
120,3,67,21777,86,04248,143,3364
120,3,67,21777,86,04248,143,3364
120,3,67,21777,86,04248,143,3364
120,3,67,21777,86,04248,143,3364
120,3,67,21777,86,04248,143,3364
120,3,67,21777,86,04248,143,3364
120,3,67,21777,86,04248,143,3364
120,3,67,21777,86,04248,143,3364
120,3,67,21777,86,04248,143,3364
120,3,67,21777,86,04248,143,3364
120,3,67,21777,86,04248,143,3364
120,3,67,21777,86,04248,143,3364
120,3,67,21777,86,04248,143,3364
120,3,67,21777,86,04248,143,3364
120,3,67,21777,86,04248,143,3364
120,3,67,21777,86,04248,143,3364
120,3,67,21777,86,04248,143,3364
120,3,67,21777,86,04248,143,3364
120,3,67,21777,86,04248,143,3364
120,3,67,21777,86,04248,143,3364
120,3,67,21777,86,04248,143,3364
120,3,67,21777,86,04248,143,3364
120,3,67,21777,86,04248,143,3364
120,3,67,21777,86,04248,143,3364
120,3,67,21777,86,04248,143,3364
120,3,67,21777,86,04248,143,3364
120,3,67,21777,86,04248,143,3364
120,3,67,21777,86,04248,143,3364
120,3,67,21777,86,04248,143,3364
120,3,67,21777,86,04248,143,3364
120,3,67,21777,86,04248,143,3364
120,3,67,21777,86,04248,143,3364
120,3,67,21777,86,04248,143,3364
120,3,67,21777,86,04248,143,3364
120,3,67,21777,86,04248,143,3364
120,3,67,21777,86,04248,143,3364
120,3,67,21777,86,04248,143,3364
120,3,67,21777,86,04248,143,3364
120,3,67,21777,86,04248,143,3364
120,3,67,21777,86,04248,143,3364
120,3,67,21777,86,04248,143,3364
120,3,67,21777,86,04248,143,3364
120,3,67,21777,86,04248,143,3364
120,3,67,21777,86,04248,143,3364
120,3,67,21777,86,04248,143,3364
120,3,67,21777,86,04248,143,3364
120,3,67,21777,86,04248,143,3364
120,3,67,21777,86,04248,143,3364
120,3,67,21777,86,04248,143,3364
120,3,67,21777,86,04248,143,3364
120,3,67,21777,86,04248,143,3364
120,3,67,21777,86,04248,143,3364
120,3,67,21777,86,04248,143,3364
120,3,67,21777,86,04248,143,3364
120,3,67,21777,86,04248,143,3364
120,3,67,21777,86,04248,143,3364
120,3,67,21777,86,04248,143,3364
120,3,67,21777,86,04248,143,3364
120,3,67,21777,86,04248,143,3364
120,3,67,21777,86,04248,143,3364
120,3,67,21777,86,04248,143,3364
120,3,67,21777,86,04248,143,3364
120,3,67,21777,86,04248,143,3364
120,3,67,21777,86,04248,143,3364
120,3,67,21777,86,04248,143,3364
120,3,67,21777,86,04248,143,3364
120,3,67,21777,86,04248,143,3364
120,3,67,21777,86,04248,143,3364
120,3,67,21777,86,04248,143,3364
120,3,67,21777,86,04248,143,3364
120,3,67,21777,86,04248,143,3364
120,3,67,21777,86,04248,143,3364
120,3,67,21777,86,04248,143,3364
120,3,67,21777,86,04248,143,3364
120,3,67,21777,86,04248,143,3364
120,3,67,21777,86,04248,143,3364
120,3,67,21777,86,04248,143,3364
120,3,67,21777,86,04248,143,3364
120,3,67,21777,86,04248,143,3364
120,3,67,21777,86,04248,143,3364
120,3,67,21777,86,04248,143,3364
120,3,67,21777,86,04248,143,3364
120,3,67,21777,86,04248,143,3364
120,3,67,21777,86,04248,143,3364
120,3,67,21777,86,04248,143,3364
120,3,67,21777,86,04248,143,3364
120,3,67,21777,86,04248,143,3364
120,3,67,21777,86,04248,143,3364
120,3,67,21777,86,04248,143,3364
120,3,67,21777,86,04248,143,3364
120,3,67,21777,86,04248,143,3364
120,3,67,21777,86,04248,143,3364
120,3,67,21777,86,04248,143,3364
120,3,67,21777,86,04248,143,3364
120,3,67,21777,86,04248,143,3364
120,3,67,21777,86,04248,143,3364
120,3,67,21777,86,04248,143,3364
120,3,67,21777,86,04248,143,3364
120,3,67,21777,86,04248,143,3364
120,3,67,21777,86,04248,143,3364
120,3,67,21777,86,04248,143,3364
120,3,67,21777,86,04248,143,3364
120,3,67,21777,86,04248,143,3364
120,3,67,21777,86,04248,143,3364
120,3,67,21777,86,04248,143,3364
120,3,67,21777,86,04248,143,3364
120,3,67,21777,86,04248,143,3364
120,3,67,21777,86,04248,143,3364
120,3,67,21777,86,04248,143,3364
120,3,67,21777,86,04248,143,3364
120,3,67,21777,86,04248,143,3364
120,3,67,21777,86,04248,143,3364
120,3,67,21777,86,04248,143,3364
120,3,67,21777,86,04248,143,3364
120,3,67,21777,86,04248,143,3364
120,3,67,21777,86,04248,143,3364
120,3,67,21777,86,04248,143,3364
120,3,67,21777,86,04248,143,3364
120,3,67,21777,86,04248,143,3364
120,3,67,21777,86,04248,143,3364
120,3,67,21777,86,04248,143,3364
120,3,67,21777,86,04248,143,3364
120,3,67,21777,86,04248,143,3364
120,3,67,21777,86,04248,143,3364
120,3,67,21777,86,04248,143,3364
120,3,67,21777,86,04248,143,3364
120,3,67,21777,86,04248,143,3364
120,3,67,21777,86,04248,143,3364
120,3,67,21777,86,04248,143,3364
120,3,67,21777,86,04248,143,3364
120,3,67,21777,86,04248,143,3364
120,3,67,21777,86,04248,143,3364
120,3,67,21777,86,04248,143,3364
120,3,67,21777,86,04248,143,3364
120,3,67,21777,86,04248,143,3364
120,3,67,21777,86,04248,143,3364
120,3,67,21777,86,04248,143,3364
120,3,67,21777,86,04248,143,3364
120,3,67,21777,86,04248,143,3364
120,3,67,21777,86,04248,143,3364
120,3,67,21777,86,04248,143,3364
120,3,67,21777,86,04248,143,3364
120,3,67,21777,86,04248,143,3364
120,3,67,21777,86,04248,143,3364
120,3,67,21777,86,04248,143,3364
120,3,67,21777,86,04248,143,3364
120,3,67,21777,86,04248,143,3364
120,3,67,21777,86,04248,143,3364
120,3,67,21777,86,04248,143,3364
120,3,67,21777,86,04248,143,3364
120,3,67,21777,86,04248,143,3364
120,3,67,21777,86,04248,143,3364
120,3,67,21777,86,04248,143,3364
120,3,67,21777,86,04248,143,3364
120,3,67,21777,86,04248,143,3364
120,3,67,21777,86,04248,143,3364
120,3,67,21777,86,04248,143,3364
120,3,67,21777,86,04248,143,3364
120,3,67,21777,86,04248,143,3364
120,3,67,21777,86,04248,143,3364
120,3,67,21777,86,04248,143,3364
120,3,67,21777,86,04248,143,3364
120,3,67,21777,86,04248,143,3364
120,3,67,21777,86,04248,143,3364
120,3,67,21777,86,04248,143,3364
120,3,67,21777,86,04248,143,3364
120,3,67,21777,86,04248,143,3364
120,3,67,21777,86,04248,143,3364
120,3,67,21777,86,04248,143,3364
120,3,67,21777,86,04248,143,3364
120,3,67,21777,86,04248,143,3364
120,3,67,21777,86,04248,143,3364
120,3,67,21777,86,04248,143,3364
120,3,67,21777,86,04248,143,3364
120,3,67,21777,86,04248,143,3364
120,3,67,21777,86,04248,143,3364
120,3,67,21777,86,04248,143,3364
120,3,67,21777,86,04248,143,3364
120,3,67,21777,86,04248,143,3364
120,4,67,21777,86,04248,143,3364
120,4,67,21777,86,04248,143,3364
120,4,67,21777,86,04248,143,3364
120,4,67,21777,86,04248,143,3364
120,4,67,19971,86,143,4143
120,4,67,17725,85,94824,143,5101
120,4,67,17725,85,94824,143,5101
120,4,67,1604,85,90869,143,5825
120,4,67,1377,85,85596,143,6796
120,4,67,1377,85,85596,143,6796
120,4,67,11963,85,81348,143,7576
120,4,67,11963,85,81348,143,7576
120,4,67,09741,85,76172,143,8525
120,4,67,09741,85,76172,143,8525
120,4,67,07568,85,71143,143,9452
120,4,67,05469,85,6626,144,0352
120,4,67,05469,85,6626,144,0352
120,4,67,04077,85,62988,144,0952
120,4,67,01489,85,56934,144,2063
120,4,67,01489,85,56934,144,2063
120,4,66,99951,85,53369,144,2719
120,4,66,99951,85,53369,144,2719
120,4,66,97437,85,47559,144,3794
120,4,66,97437,85,47559,144,3794
120,4,66,95703,85,43457,144,4539
120,4,66,93457,85,38184,144,5509
120,4,66,93457,85,38184,144,5509
120,4,66,91895,85,34619,144,6171
120,4,66,91895,85,34619,144,6171
120,4,66,89453,85,28857,144,7224
120,4,66,87573,85,24561,144,8021
120,4,66,87573,85,24561,144,8021
120,4,66,85425,85,19531,144,8945
120,4,66,85425,85,19531,144,8945
120,4,66,83887,85,15918,144,9603
120,4,66,81372,85,10059,145,0687
120,4,66,81372,85,10059,145,0687
120,4,66,80005,85,06836,145,1276
120,4,66,77393,85,00781,145,2393
120,4,66,77393,85,00781,145,2393
120,4,66,76196,84,97998,145,2903
120,4,66,76196,84,97998,145,2903
120,4,66,76196,84,97998,145,2903
120,4,66,76196,84,97998,145,2903
120,4,66,76196,84,97998,145,2903
120,4,66,76196,84,97998,145,2903
120,4,66,76196,84,97998,145,2903
120,4,66,76196,84,97998,145,2903
120,4,66,76196,84,97998,145,2903
120,4,66,76196,84,97998,145,2903
120,4,66,76196,84,97998,145,2903
120,4,66,76196,84,97998,145,2903
120,4,66,76196,84,97998,145,2903
120,4,66,76196,84,97998,145,2903
120,4,66,76196,84,97998,145,2903
120,4,66,76196,84,97998,145,2903
120,4,66,76196,84,97998,145,2903
120,4,66,76196,84,97998,145,2903
120,4,66,73926,84,92041,145,3904
120,4,66,73926,84,92041,145,3904
120,4,66,72632,84,88721,145,4469
120,4,66,70093,84,82129,145,5583
120,4,66,70093,84,82129,145,5583
120,4,66,70093,84,82129,145,5583
120,4,66,68872,84,78906,145,6119
120,4,66,66138,84,71826,145,7318
120,4,66,66138,84,71826,145,7318
120,4,66,64771,84,68262,145,7916
120,4,66,62378,84,62061,145,8967
120,4,66,62378,84,62061,145,8967
120,4,66,60938,84,58301,145,96
120,4,66,60938,84,58301,145,96
120,4,66,58569,84,521,146,0647
120,4,66,58569,84,521,146,0647
120,4,66,57056,84,48193,146,1305
120,4,66,54712,84,42041,146,234
120,4,66,54712,84,42041,146,234
120,4,66,53345,84,38525,146,2939
120,4,66,50854,84,32031,146,4033
120,4,66,50854,84,32031,146,4033
120,4,66,49536,84,28564,146,4612
120,4,66,49536,84,28564,146,4612
120,4,66,47021,84,22021,146,5719
120,4,66,47021,84,22021,146,5719
120,4,66,45117,84,1709,146,6554
120,4,66,4314,84,11963,146,7418
120,4,66,4314,84,11963,146,7418
120,4,66,41675,84,08105,146,8065
120,4,66,39307,84,01953,146,9106
120,4,66,39307,84,01953,146,9106
120,4,66,37842,83,98145,146,9749
120,4,66,37842,83,98145,146,9749
120,4,66,35474,83,91992,147,0787
120,4,66,35474,83,91992,147,0787
120,4,66,33789,83,87598,147,153
120,4,66,31616,83,81934,147,2485
120,4,66,31616,83,81934,147,2485
120,4,66,31445,83,81494,147,2556
120,4,66,31445,83,81494,147,2556
120,4,66,31445,83,81494,147,2556
120,4,66,31445,83,81494,147,2556
120,4,66,31445,83,81494,147,2556
120,4,66,31445,83,81494,147,2556
120,4,66,31445,83,81494,147,2556
120,4,66,31445,83,81494,147,2556
120,4,66,31445,83,81494,147,2556
120,4,66,31445,83,81494,147,2556
120,4,66,31445,83,81494,147,2556
120,4,66,31445,83,81494,147,2556
120,4,66,31445,83,81494,147,2556
120,4,66,31445,83,81494,147,2556
120,5,66,31445,83,81494,147,2556
120,5,66,31445,83,81494,147,2556
120,5,66,31445,83,81494,147,2556
120,5,66,31445,83,81494,147,2556
120,5,66,28687,83,74707,147,3701
120,5,66,28687,83,74707,147,3701
120,5,66,27173,83,71045,147,4316
120,5,66,24634,83,64746,147,5372
120,5,66,24634,83,64746,147,5372
120,5,66,23169,83,61133,147,5978
120,5,66,23169,83,61133,147,5978
120,5,66,20508,83,54639,147,707
120,5,66,20508,83,54639,147,707
120,5,66,18921,83,50732,147,7729
120,5,66,16455,83,44727,147,8745
120,5,66,16455,83,44727,147,8745
120,5,66,14795,83,40625,147,943
120,5,66,12402,83,34766,148,0419
120,5,66,12402,83,34766,148,0419
120,5,66,10669,83,30469,148,1138
120,5,66,10669,83,30469,148,1138
120,5,66,08325,83,24707,148,2109
120,5,66,08325,83,24707,148,2109
120,5,66,06836,83,21045,148,2727
120,5,66,04224,83,14648,148,3801
120,5,66,04224,83,14648,148,3801
120,5,66,02686,83,1084,148,444
120,5,66,00146,83,04639,148,5482
120,5,66,00146,83,04639,148,5482
120,5,65,98706,83,01123,148,6079
120,5,65,96094,82,94678,148,7158
120,5,65,96094,82,94678,148,7158
120,5,65,96094,82,94678,148,7158
120,5,65,94897,82,91699,148,7657
120,5,65,92017,82,84668,148,8843
120,5,65,92017,82,84668,148,8843
120,5,65,90454,82,80811,148,9491
120,5,65,87939,82,74658,149,0525
120,5,65,87939,82,74658,149,0525
120,5,65,86426,82,70947,149,1155
120,5,65,86426,82,70947,149,1155
120,5,65,83887,82,64697,149,2198
120,5,65,83887,82,64697,149,2198
120,5,65,82202,82,60547,149,2898
120,5,65,79736,82,54492,149,3915
120,5,65,79736,82,54492,149,3915
120,5,65,78418,82,5127,149,4463
120,5,65,75732,82,44629,149,5574
120,5,65,75732,82,44629,149,5574
120,5,65,74072,82,40576,149,6256
120,5,65,74072,82,40576,149,6256
120,5,65,72632,82,37061,149,6851
120,5,65,72632,82,37061,149,6851
120,5,65,72632,82,37061,149,6851
120,5,65,72632,82,37061,149,6851
120,5,65,72632,82,37061,149,6851
120,5,65,72632,82,37061,149,6851
120,5,65,72632,82,37061,149,6851
120,5,65,72632,82,37061,149,6851
120,5,65,72632,82,37061,149,6851
120,5,65,72632,82,37061,149,6851
120,5,65,72632,82,37061,149,6851
120,5,65,72632,82,37061,149,6851
120,5,65,72632,82,37061,149,6851
120,5,65,72632,82,37061,149,6851
120,5,65,72632,82,37061,149,6851
120,5,65,71143,82,33545,149,7458
120,5,65,71143,82,33545,149,7458
120,5,65,6853,82,27295,149,8541
120,5,65,66772,82,23145,149,9258
120,5,65,66772,82,23145,149,9258
120,5,65,64429,82,17578,150,0219
120,5,65,64429,82,17578,150,0219
120,5,65,63013,82,14209,150,0802
120,5,65,60303,82,07764,150,1914
120,5,65,60303,82,07764,150,1914
120,5,65,58887,82,04395,150,2498
120,5,65,56201,81,97998,150,3601
120,5,65,56201,81,97998,150,3601
120,5,65,54663,81,94287,150,4241
120,5,65,54663,81,94287,150,4241
120,5,65,52075,81,88184,150,5303
120,5,65,52075,81,88184,150,5303
120,5,65,50562,81,84619,150,5918
120,5,65,479,81,78271,150,7012
120,5,65,479,81,78271,150,7012
120,5,65,46387,81,74658,150,7634
120,5,65,43848,81,68652,150,8679
120,5,65,43848,81,68652,150,8679
120,5,65,4248,81,65381,150,9244
120,5,65,4248,81,65381,150,9244
120,5,65,39746,81,58887,151,0367
120,5,65,39746,81,58887,151,0367
120,5,65,3833,81,55469,151,0955
120,5,65,35547,81,48877,151,2096
120,5,65,35547,81,48877,151,2096
120,5,65,34106,81,45459,151,2688
120,5,65,31494,81,39258,151,3759
120,5,65,31494,81,39258,151,3759
120,5,65,29907,81,35449,151,4414
120,5,65,29907,81,35449,151,4414
120,5,65,27539,81,29834,151,5386
120,5,65,27539,81,29834,151,5386
120,5,65,27539,81,29834,151,5386
120,5,65,27539,81,29834,151,5386
120,5,65,27539,81,29834,151,5386
120,5,65,27539,81,29834,151,5386
120,5,65,27539,81,29834,151,5386
120,5,65,27539,81,29834,151,5386
120,5,65,27539,81,29834,151,5386
120,5,65,27539,81,29834,151,5386
120,5,65,27539,81,29834,151,5386
120,5,65,27539,81,29834,151,5386
120,5,65,27539,81,29834,151,5386
120,5,65,27539,81,29834,151,5386
120,5,65,27539,81,29834,151,5386
120,5,65,27539,81,29834,151,5386
120,5,65,27539,81,29834,151,5386
120,5,65,27539,81,29834,151,5386
120,5,65,27539,81,29834,151,5386
120,5,65,27539,81,29834,151,5386
120,5,65,27539,81,29834,151,5386
120,5,65,27539,81,29834,151,5386
120,5,65,27539,81,29834,151,5386
120,5,65,27539,81,29834,151,5386
120,6,65,27539,81,29834,151,5386
120,6,65,27539,81,29834,151,5386
120,6,65,27539,81,29834,151,5386
120,6,65,27539,81,29834,151,5386
120,6,65,26538,81,2666,151,5996
120,6,65,26538,81,2666,151,5996
120,6,65,24634,81,20654,151,7158
120,6,65,24634,81,20654,151,7158
120,6,65,23535,81,17188,151,7819
120,6,65,21753,81,11572,151,8901
120,6,65,21753,81,11572,151,8901
120,6,65,20703,81,08252,151,9546
120,6,65,18848,81,02393,152,0673
120,6,65,18848,81,02393,152,0673
120,6,65,17847,80,99268,152,1277
120,6,65,17847,80,99268,152,1277
120,6,65,15967,80,93311,152,2427
120,6,65,15967,80,93311,152,2427
120,6,65,14673,80,89258,152,3202
120,6,65,13013,80,84033,152,4208
120,6,65,13013,80,84033,152,4208
120,6,65,11743,80,80029,152,4984
120,6,65,10181,80,75049,152,5938
120,6,65,10181,80,75049,152,5938
120,6,65,08984,80,71289,152,6666
120,6,65,08984,80,71289,152,6666
120,6,65,07275,80,65918,152,7703
120,6,65,07275,80,65918,152,7703
120,6,65,0625,80,62646,152,8333
120,6,65,0437,80,56738,152,947
120,6,65,0437,80,56738,152,947
120,6,65,03003,80,52441,153,0295
120,6,65,01538,80,47754,153,1195
120,6,65,01538,80,47754,153,1195
120,6,65,00342,80,44043,153,1917
120,6,65,00342,80,44043,153,1917
120,6,64,98633,80,38672,153,2953
120,6,64,98633,80,38672,153,2953
120,6,64,97559,80,35254,153,3608
120,6,64,95703,80,29395,153,4731
120,6,64,95703,80,29395,153,4731
120,6,64,94556,80,25732,153,5439
120,6,64,92847,80,20361,153,6475
120,6,64,92847,80,20361,153,6475
120,6,64,91821,80,17139,153,7096
120,6,64,91821,80,17139,153,7096
120,6,64,91821,80,17139,153,7096
120,6,64,91821,80,17139,153,7096
120,6,64,91821,80,17139,153,7096
120,6,64,91821,80,17139,153,7096
120,6,64,91821,80,17139,153,7096
120,6,64,91821,80,17139,153,7096
120,6,64,91821,80,17139,153,7096
120,6,64,91821,80,17139,153,7096
120,6,64,91821,80,17139,153,7096
120,6,64,91821,80,17139,153,7096
120,6,64,91821,80,17139,153,7096
120,6,64,91821,80,17139,153,7096
120,6,64,91821,80,17139,153,7096
120,6,64,91821,80,17139,153,7096
120,6,64,91821,80,17139,153,7096
120,6,64,91821,80,17139,153,7096
120,6,64,91821,80,17139,153,7096
120,6,64,91821,80,17139,153,7096
120,6,64,91821,80,17139,153,7096
120,6,64,91821,80,17139,153,7096
120,6,64,91821,80,17139,153,7096
120,6,64,91821,80,17139,153,7096
120,6,64,90942,80,14795,153,7648
120,6,64,88916,80,09424,153,8923
120,6,64,88916,80,09424,153,8923
120,6,64,87744,80,06348,153,9648
120,6,64,86011,80,01758,154,0739
120,6,64,86011,80,01758,154,0739
120,6,64,84814,79,98584,154,1483
120,6,64,84814,79,98584,154,1483
120,6,64,83105,79,94043,154,2567
120,6,64,83105,79,94043,154,2567
120,6,64,81909,79,90869,154,3317
120,6,64,80176,79,86279,154,4401
120,6,64,80176,79,86279,154,4401
120,6,64,79077,79,83398,154,5083
120,6,64,77271,79,78564,154,6229
120,6,64,77271,79,78564,154,6229
120,6,64,76123,79,75586,154,6936
120,6,64,76123,79,75586,154,6936
120,6,64,74365,79,70898,154,804
120,6,64,74365,79,70898,154,804
120,6,64,73193,79,67773,154,8776
120,6,64,71436,79,63135,154,9883
120,6,64,71436,79,63135,154,9883
120,6,64,70215,79,59912,155,0643
120,6,64,70215,79,59912,155,0643
120,6,64,68555,79,55518,155,1686
120,6,64,67261,79,52051,155,25
120,6,64,67261,79,52051,155,25
120,6,64,65649,79,47754,155,3513
120,6,64,65649,79,47754,155,3513
120,6,64,64526,79,44824,155,4213
120,6,64,6272,79,40039,155,5347
120,6,64,6272,79,40039,155,5347
120,6,64,61572,79,37012,155,6062
120,6,64,59839,79,32373,155,7159
120,6,64,59839,79,32373,155,7159
120,6,64,58765,79,29541,155,7834
120,6,64,58765,79,29541,155,7834
120,6,64,56934,79,24707,155,8978
120,6,64,56934,79,24707,155,8978
120,6,64,55737,79,21533,155,9727
120,6,64,55444,79,20752,155,991
120,6,64,55444,79,20752,155,991
120,6,64,55347,79,18359,156,0635
120,6,64,55176,79,14502,156,1788
120,6,64,55176,79,14502,156,1788
120,6,64,55078,79,11914,156,2563
120,6,64,55078,79,11914,156,2563
120,6,64,54907,79,08203,156,3683
120,6,64,54907,79,08203,156,3683
120,6,64,5481,79,05518,156,4495
120,6,64,54639,79,01807,156,5609
120,6,64,54639,79,01807,156,5609
120,6,64,54541,78,99365,156,6348
120,6,64,5437,78,95557,156,7495
120,6,64,5437,78,95557,156,7495
120,6,64,54297,78,93408,156,8135
120,6,64,54297,78,93408,156,8135
120,6,64,54102,78,89209,156,9399
120,6,64,54102,78,89209,156,9399
120,6,64,54028,78,87207,157,0006
120,7,64,53833,78,8291,157,129
120,7,64,53833,78,8291,157,129
120,7,64,5376,78,80762,157,1943
120,7,64,53589,78,76611,157,3191
120,7,64,53589,78,76611,157,3191
120,7,64,53467,78,7417,157,3923
120,7,64,53467,78,7417,157,3923
120,7,64,5332,78,70361,157,5072
120,7,64,5332,78,70361,157,5072
120,7,64,53198,78,67822,157,5839
120,7,64,53052,78,63965,157,6996
120,7,64,53052,78,63965,157,6996
120,7,64,52954,78,61621,157,7693
120,7,64,52783,78,57715,157,8877
120,7,64,52783,78,57715,157,8877
120,7,64,52734,78,56689,157,9183
120,7,64,52734,78,56689,157,9183
120,7,64,52222,78,54395,158,035
120,7,64,52222,78,54395,158,035
120,7,64,51904,78,52979,158,1074
120,7,64,51392,78,50537,158,2314
120,7,64,51392,78,50537,158,2314
120,7,64,51074,78,49121,158,3031
120,7,64,50537,78,4668,158,4279
120,7,64,50537,78,4668,158,4279
120,7,64,50195,78,45215,158,5027
120,7,64,50195,78,45215,158,5027
120,7,64,49683,78,42871,158,6232
120,7,64,49683,78,42871,158,6232
120,7,64,49341,78,4126,158,704
120,7,64,48828,78,39014,158,8187
120,7,64,48828,78,39014,158,8187
120,7,64,48486,78,375,158,8976
120,7,64,47998,78,35156,159,0153
120,7,64,47998,78,35156,159,0153
120,7,64,47705,78,33936,159,078
120,7,64,47144,78,31299,159,2129
120,7,64,47144,78,31299,159,2129
120,7,64,47144,78,31299,159,2129
120,7,64,46875,78,30127,159,2733
120,7,64,46289,78,27441,159,4097
120,7,64,46289,78,27441,159,4097
120,7,64,45972,78,25977,159,4832
120,7,64,45435,78,23633,159,603
120,7,64,45435,78,23633,159,603
120,7,64,45117,78,22168,159,6794
120,7,64,45117,78,22168,159,6794
120,7,64,4458,78,19775,159,8003
120,7,64,4458,78,19775,159,8003
120,7,64,44263,78,18262,159,8768
120,7,64,4375,78,15918,159,9961
120,7,64,4375,78,15918,159,9961
120,7,64,43408,78,14404,160,0753
120,7,64,42896,78,12109,160,1919
120,7,64,42896,78,12109,160,1919
120,7,64,42554,78,10596,160,2689
120,7,64,42554,78,10596,160,2689
120,7,64,42041,78,08203,160,3896
120,7,64,42041,78,08203,160,3896
120,7,64,41724,78,06738,160,4652
120,7,64,41211,78,04395,160,5837
120,7,64,41211,78,04395,160,5837
120,7,64,40845,78,02881,160,6632
120,7,64,40845,78,02881,160,6632
120,7,64,40356,78,00537,160,7806
120,7,64,39966,77,98828,160,8689
120,7,64,39966,77,98828,160,8689
120,7,64,39502,77,96729,160,9758
120,7,64,39502,77,96729,160,9758
120,7,64,39136,77,95117,161,0591
120,7,64,38647,77,92871,161,1731
120,7,64,38647,77,92871,161,1731
120,7,64,3833,77,91406,161,2476
120,7,64,38037,77,90088,161,3143
120,7,64,38037,77,90088,161,3143
120,7,64,38086,77,89502,161,3859
120,7,64,38086,77,89502,161,3859
120,7,64,38208,77,88477,161,5134
120,7,64,38208,77,88477,161,5134
120,7,64,38257,77,87793,161,5942
120,7,64,38354,77,86816,161,7123
120,7,64,38354,77,86816,161,7123
120,7,64,38403,77,8623,161,786
120,7,64,38403,77,8623,161,786
120,7,64,38525,77,85205,161,9122
120,7,64,38599,77,84424,162,0061
120,7,64,38599,77,84424,162,0061
120,7,64,38672,77,83545,162,11
120,7,64,38672,77,83545,162,11
120,7,64,38721,77,82959,162,186
120,7,64,38843,77,81885,162,3121
120,7,64,38843,77,81885,162,3121
120,7,64,38892,77,81201,162,3976
120,7,64,38989,77,80273,162,5107
120,7,64,38989,77,80273,162,5107
120,7,64,39063,77,79639,162,5903
120,7,64,39063,77,79639,162,5903
120,7,64,3916,77,78662,162,7085
120,7,64,3916,77,78662,162,7085
120,7,64,39209,77,78027,162,7852
120,7,64,39307,77,77002,162,9076
120,7,64,39307,77,77002,162,9076
120,7,64,3938,77,76367,162,986
120,7,64,39478,77,75391,163,1072
120,7,64,39478,77,75391,163,1072
120,7,64,39526,77,74707,163,1881
120,7,64,39526,77,74707,163,1881
120,7,64,39624,77,7373,163,3076
120,7,64,39624,77,7373,163,3076
120,7,64,39697,77,73047,163,3945
120,7,64,39795,77,72119,163,5065
120,7,64,39795,77,72119,163,5065
120,7,64,39868,77,71338,163,5996
120,7,64,39868,77,71338,163,5996
120,7,64,39941,77,70459,163,7067
120,7,64,40015,77,69727,163,799
120,7,64,40015,77,69727,163,799
120,8,64,40112,77,68848,163,9043
120,8,64,40112,77,68848,163,9043
120,8,64,40161,77,68164,163,9878
120,8,64,40259,77,67188,164,1046
120,8,64,40259,77,67188,164,1046
120,8,64,40332,77,66406,164,1984
120,8,64,40332,77,66406,164,1984
120,8,64,4043,77,65576,164,3026
120,8,64,40479,77,64844,164,3903
120,8,64,40479,77,64844,164,3903
120,8,64,40576,77,63916,164,5035
120,8,64,40576,77,63916,164,5035
120,8,64,40649,77,63184,164,5941
120,8,64,40747,77,62256,164,7054
120,8,64,40747,77,62256,164,7054
120,8,64,4082,77,61475,164,8011
120,8,64,4082,77,61475,164,8011
120,8,64,40894,77,60645,164,9043
120,8,64,40894,77,60645,164,9043
120,8,64,40991,77,59814,165,0065
120,8,64,41064,77,58984,165,1075
120,8,64,41064,77,58984,165,1075
120,8,64,41089,77,58691,165,1415
120,8,64,41089,77,58691,165,1415
120,8,64,41455,77,58496,165,2493
120,8,64,41797,77,5835,165,348
120,8,64,41797,77,5835,165,348
120,8,64,42139,77,58154,165,4509
120,8,64,42139,77,58154,165,4509
120,8,64,42407,77,58057,165,5327
120,8,64,42822,77,57861,165,6527
120,8,64,42822,77,57861,165,6527
120,8,64,4314,77,57715,165,7411
120,8,64,43506,77,5752,165,853
120,8,64,43506,77,5752,165,853
120,8,64,43823,77,57373,165,9423
120,8,64,43823,77,57373,165,9423
120,8,64,44189,77,57178,166,0527
120,8,64,44189,77,57178,166,0527
120,8,64,44482,77,57031,166,1362
120,8,64,44873,77,56836,166,2507
120,8,64,44873,77,56836,166,2507
120,8,64,45215,77,56689,166,3553
120,8,64,45215,77,56689,166,3553
120,8,64,45581,77,56494,166,4608
120,8,64,45874,77,56348,166,5491
120,8,64,45874,77,56348,166,5491
120,8,64,46265,77,56152,166,6604
120,8,64,46265,77,56152,166,6604
120,8,64,46582,77,56006,166,7552
120,8,64,46924,77,55859,166,8584
120,8,64,46924,77,55859,166,8584
120,8,64,47266,77,55664,166,9551
120,8,64,47266,77,55664,166,9551
120,8,64,47607,77,55518,167,0586
120,8,64,47925,77,55371,167,1522
120,8,64,47925,77,55371,167,1522
120,8,64,48291,77,55176,167,259
120,8,64,48291,77,55176,167,259
120,8,64,48633,77,55029,167,3599
120,8,64,48633,77,55029,167,3599
120,8,64,48999,77,54834,167,4655
120,8,64,49341,77,54639,167,5701
120,8,64,49341,77,54639,167,5701
120,8,64,49707,77,54492,167,6735
120,8,64,49707,77,54492,167,6735
120,8,64,50049,77,54297,167,7747
120,8,64,50415,77,5415,167,8844
120,8,64,50415,77,5415,167,8844
120,8,64,50757,77,53955,167,9832
120,8,64,50757,77,53955,167,9832
120,8,64,51123,77,53809,168,09
120,8,64,51123,77,53809,168,09
120,8,64,51489,77,53613,168,196
120,8,64,51489,77,53613,168,196
120,8,64,51855,77,53418,168,3063
120,8,64,51855,77,53418,168,3063
120,8,64,52197,77,53271,168,4045
120,8,64,52197,77,53271,168,4045
120,8,64,52637,77,53076,168,5341
120,8,64,52637,77,53076,168,5341
120,8,64,53076,77,52832,168,6641
120,8,64,53076,77,52832,168,6641
120,8,64,53467,77,52637,168,7802
120,8,64,53833,77,52441,168,8898
120,8,64,53833,77,52441,168,8898
120,8,64,54224,77,52295,169,0026
120,8,64,54224,77,52295,169,0026
120,8,64,54614,77,521,169,1173
120,8,64,54614,77,521,169,1173
120,8,64,54883,77,51953,169,1971
120,8,64,54883,77,51953,169,1971
120,8,64,5564,77,52246,169,3165
120,8,64,5564,77,52246,169,3165
120,8,64,56396,77,5249,169,4386
120,8,64,56396,77,5249,169,4386
120,8,64,57056,77,52734,169,5405
120,8,64,57056,77,52734,169,5405
120,8,64,57886,77,53027,169,6705
120,8,64,57886,77,53027,169,6705
120,8,64,58618,77,5332,169,7898
120,8,64,58618,77,5332,169,7898
120,8,64,59277,77,53564,169,8922
120,8,64,59277,77,53564,169,8922
120,8,64,60034,77,53857,170,011
120,8,64,60034,77,53857,170,011
120,8,64,60742,77,54102,170,1243
120,8,64,60742,77,54102,170,1243
120,8,64,61572,77,54395,170,2546
120,8,64,61572,77,54395,170,2546
120,8,64,62256,77,54639,170,3652
120,8,64,63013,77,54932,170,4821
120,8,64,63013,77,54932,170,4821
120,8,64,63647,77,55176,170,5845
120,8,64,63647,77,55176,170,5845
120,8,64,64331,77,5542,170,6914
120,8,64,64331,77,5542,170,6914
120,8,64,65137,77,55713,170,8201
120,8,64,65137,77,55713,170,8201
120,8,64,6582,77,55957,170,9277
120,8,64,6582,77,55957,170,9277
120,8,64,66602,77,5625,171,0509
120,9,64,66602,77,5625,171,0509
120,9,64,6731,77,56494,171,1647
120,9,64,6731,77,56494,171,1647
120,9,64,68018,77,56787,171,2764
120,9,64,68018,77,56787,171,2764
120,9,64,68896,77,5708,171,4159
120,9,64,68896,77,5708,171,4159
120,9,64,69653,77,57373,171,5331
120,9,64,69653,77,57373,171,5331
120,9,64,70337,77,57617,171,6415
120,9,64,70337,77,57617,171,6415
120,9,64,71216,77,57959,171,7815
120,9,64,71216,77,57959,171,7815
120,9,64,71875,77,58203,171,8861
120,9,64,71875,77,58203,171,8861
120,9,64,72705,77,58496,172,0175
120,9,64,72705,77,58496,172,0175
120,9,64,72705,77,58496,172,0175
120,9,64,73413,77,5874,172,1295
120,9,64,74316,77,59082,172,274
120,9,64,74316,77,59082,172,274
120,9,64,74316,77,59082,172,274
120,9,64,75049,77,59375,172,3879
120,9,64,75049,77,59375,172,3879
120,9,64,7583,77,59619,172,5127
120,9,64,7583,77,59619,172,5127
120,9,64,76587,77,59912,172,6335
120,9,64,76587,77,59912,172,6335
120,9,64,77344,77,60205,172,7504
120,9,64,77344,77,60205,172,7504
120,9,64,78125,77,60498,172,8768
120,9,64,78125,77,60498,172,8768
120,9,64,78955,77,60791,173,0048
120,9,64,78955,77,60791,173,0048
120,9,64,79712,77,61084,173,1281
120,9,64,79712,77,61084,173,1281
120,9,64,80615,77,61377,173,2692
120,9,64,80615,77,61377,173,2692
120,9,64,81372,77,6167,173,3906
120,9,64,81372,77,6167,173,3906
120,9,64,81372,77,6167,173,3906
120,9,64,82202,77,61963,173,5199
120,9,64,82202,77,61963,173,5199
120,9,64,8269,77,62158,173,5977
120,9,64,8269,77,62158,173,5977
120,9,64,8269,77,62158,173,5977
120,9,64,84229,77,62939,173,7515
120,9,64,84229,77,62939,173,7515
120,9,64,85596,77,63672,173,8885
120,9,64,85596,77,63672,173,8885
120,9,64,86841,77,64307,174,0125
120,9,64,86841,77,64307,174,0125
120,9,64,87988,77,64893,174,1272
120,9,64,87988,77,64893,174,1272
120,9,64,89233,77,65527,174,2513
120,9,64,89233,77,65527,174,2513
120,9,64,90356,77,66113,174,3633
120,9,64,90356,77,66113,174,3633
120,9,64,91748,77,66797,174,5013
120,9,64,91748,77,66797,174,5013
120,9,64,92969,77,67432,174,6235
120,9,64,92969,77,67432,174,6235
120,9,64,94214,77,68115,174,7488
120,9,64,94214,77,68115,174,7488
120,9,64,9541,77,68701,174,8671
120,9,64,9541,77,68701,174,8671
120,9,64,9668,77,69336,174,9948
120,9,64,9668,77,69336,174,9948
120,9,64,97876,77,69971,175,1139
120,9,64,97876,77,69971,175,1139
120,9,64,99023,77,70557,175,229
120,9,64,99023,77,70557,175,229
120,9,65,00171,77,71143,175,3425
120,9,65,00171,77,71143,175,3425
120,9,65,01416,77,71777,175,4677
120,9,65,01416,77,71777,175,4677
120,9,65,02637,77,72412,175,5887
120,9,65,02637,77,72412,175,5887
120,9,65,03735,77,72998,175,7004
120,9,65,03735,77,72998,175,7004
120,9,65,05005,77,73633,175,8269
120,9,65,05005,77,73633,175,8269
120,9,65,06152,77,74219,175,9395
120,9,65,06152,77,74219,175,9395
120,9,65,07397,77,74854,176,0649
120,9,65,07397,77,74854,176,0649
120,9,65,08643,77,75537,176,1895
120,9,65,08643,77,75537,176,1895
120,9,65,0979,77,76123,176,304
120,9,65,0979,77,76123,176,304
120,9,65,10938,77,76709,176,4177
120,9,65,10938,77,76709,176,4177
120,9,65,12231,77,77344,176,5482
120,9,65,12231,77,77344,176,5482
120,9,65,13403,77,77979,176,6653
120,9,65,13403,77,77979,176,6653
120,9,65,14551,77,78564,176,7799
120,9,65,14551,77,78564,176,7799
120,9,65,15796,77,79199,176,9033
120,9,65,15796,77,79199,176,9033
120,9,65,16992,77,79834,177,0223
120,9,65,16992,77,79834,177,0223
120,9,65,18188,77,8042,177,1431
120,9,65,18188,77,8042,177,1431
120,9,65,19434,77,81055,177,2671
120,9,65,19434,77,81055,177,2671
120,9,65,20557,77,81641,177,379
120,9,65,20557,77,81641,177,379
120,9,65,21704,77,82227,177,4933
120,9,65,21704,77,82227,177,4933
120,9,65,22949,77,8291,177,619
120,9,65,22949,77,8291,177,619
120,9,65,23096,77,82959,177,6327
120,9,65,23096,77,82959,177,6327
120,9,65,24512,77,83789,177,7577
120,9,65,24512,77,83789,177,7577
120,9,65,25806,77,84521,177,8713
120,9,65,25806,77,84521,177,8713
120,9,65,25806,77,84521,177,8713
120,9,65,27271,77,854,178,0024
120,9,65,27271,77,854,178,0024
120,9,65,28784,77,86279,178,1367
120,9,65,28784,77,86279,178,1367
120,9,65,30127,77,87012,178,2537
120,9,65,30127,77,87012,178,2537
120,9,65,31641,77,87939,178,3884
120,9,65,31641,77,87939,178,3884
120,9,65,32983,77,88721,178,5071
120,9,65,32983,77,88721,178,5071
120,9,65,34326,77,89453,178,6248
120,9,65,34326,77,89453,178,6248
120,9,65,3584,77,90332,178,7588
120,9,65,3584,77,90332,178,7588
120,9,65,37036,77,91064,178,8663
120,9,65,37036,77,91064,178,8663
120,9,65,38525,77,91895,178,9973
120,9,65,38525,77,91895,178,9973
120,9,65,39917,77,92725,179,1205
120,9,65,39917,77,92725,179,1205
120,9,65,41235,77,93506,179,2374
120,9,65,41235,77,93506,179,2374
120,9,65,41235,77,93506,179,2374
120,9,65,42725,77,94336,179,3682
120,9,65,44189,77,95215,179,4978
120,9,65,44189,77,95215,179,4978
120,9,65,44189,77,95215,179,4978
120,9,65,45508,77,95947,179,6144
120,9,65,46875,77,96777,179,7358
120,9,65,46875,77,96777,179,7358
120,9,65,46875,77,96777,179,7358
120,9,65,48047,77,97461,179,8397
120,9,65,49561,77,9834,179,9725
120,9,65,49561,77,9834,179,9725
120,9,65,50806,77,99023,180,0837
120,9,65,50806,77,99023,180,0837
120,9,65,52051,77,99756,180,1926
120,9,65,52051,77,99756,180,1926
120,9,65,53491,78,00586,180,3212
120,9,65,53491,78,00586,180,3212
120,9,65,54834,78,01367,180,4401
120,9,65,54834,78,01367,180,4401
120,9,65,54834,78,01367,180,4401
120,9,65,5625,78,02197,180,5638
120,9,65,5625,78,02197,180,5638
120,9,65,5769,78,03027,180,6914
120,9,65,5769,78,03027,180,6914
120,9,65,59009,78,03809,180,8073
120,9,65,59009,78,03809,180,8073
120,9,65,60474,78,04639,180,9377
120,9,65,60474,78,04639,180,9377
120,9,65,61694,78,05371,181,045
120,9,65,63013,78,06152,181,163
120,9,65,63013,78,06152,181,163
120,9,65,63013,78,06152,181,163
120,9,65,64258,78,06836,181,2729
120,9,65,65698,78,07666,181,4006
120,9,65,65698,78,07666,181,4006
120,9,65,66919,78,08398,181,5087
120,9,65,66919,78,08398,181,5087
120,9,65,67773,78,08887,181,5833
120,9,65,67773,78,08887,181,5833
120,9,65,67773,78,08887,181,5833
120,9,65,67773,78,08887,181,5833
120,9,65,67773,78,08887,181,5833
120,9,65,67773,78,08887,181,5833
120,9,65,67773,78,08887,181,5833
120,9,65,67773,78,08887,181,5833
120,9,65,67773,78,08887,181,5833
120,9,65,67773,78,08887,181,5833
120,9,65,67773,78,08887,181,5833
120,9,65,67773,78,08887,181,5833
120,9,65,67773,78,08887,181,5833
120,9,65,67773,78,08887,181,5833
120,9,65,67773,78,08887,181,5833
120,9,65,67773,78,08887,181,5833
120,9,65,67773,78,08887,181,5833
120,9,65,67773,78,08887,181,5833
120,9,65,67773,78,08887,181,5833
120,9,65,67773,78,08887,181,5833
120,9,65,67773,78,08887,181,5833
120,9,65,67773,78,08887,181,5833
120,9,65,67773,78,08887,181,5833
120,9,65,67773,78,08887,181,5833
120,9,65,67773,78,08887,181,5833
120,9,65,67773,78,08887,181,5833
120,9,65,67773,78,08887,181,5833
120,9,65,67773,78,08887,181,5833
120,9,65,67773,78,08887,181,5833
120,9,65,67773,78,08887,181,5833
120,9,65,67773,78,08887,181,5833
120,9,65,67773,78,08887,181,5833
120,9,65,67773,78,08887,181,5833
120,9,65,67773,78,08887,181,5833
120,9,65,67773,78,08887,181,5833
120,9,65,67773,78,08887,181,5833
120,9,65,67773,78,08887,181,5833
120,9,65,67773,78,08887,181,5833
120,9,65,67773,78,08887,181,5833
120,9,65,67773,78,08887,181,5833
120,9,65,67773,78,08887,181,5833
120,9,65,67773,78,08887,181,5833
120,9,65,67773,78,08887,181,5833
120,9,65,67773,78,08887,181,5833
120,9,65,67773,78,08887,181,5833
120,9,65,67773,78,08887,181,5833
120,9,65,67773,78,08887,181,5833
120,9,65,67773,78,08887,181,5833
120,9,65,67773,78,08887,181,5833
120,9,65,67773,78,08887,181,5833
120,9,65,67773,78,08887,181,5833
120,9,65,67773,78,08887,181,5833
120,9,65,67773,78,08887,181,5833
120,9,65,67773,78,08887,181,5833
120,9,65,67773,78,08887,181,5833
120,9,65,67773,78,08887,181,5833
120,9,65,67773,78,08887,181,5833
120,9,65,67773,78,08887,181,5833
120,9,65,67773,78,08887,181,5833
120,9,65,67773,78,08887,181,5833
120,9,65,67773,78,08887,181,5833
120,9,65,67773,78,08887,181,5833
120,9,65,67773,78,08887,181,5833
120,9,65,67773,78,08887,181,5833
120,9,65,67773,78,08887,181,5833
120,9,65,67773,78,08887,181,5833
120,9,65,67773,78,08887,181,5833
120,9,65,67773,78,08887,181,5833
120,9,65,67773,78,08887,181,5833
120,9,65,67773,78,08887,181,5833
120,9,65,67773,78,08887,181,5833
120,9,65,67773,78,08887,181,5833
120,9,65,67773,78,08887,181,5833
120,9,65,67773,78,08887,181,5833
120,9,65,67773,78,08887,181,5833
120,9,65,67773,78,08887,181,5833
120,9,65,67773,78,08887,181,5833
120,9,65,67773,78,08887,181,5833
120,9,65,67773,78,08887,181,5833
120,9,65,67773,78,08887,181,5833
120,9,65,67773,78,08887,181,5833
120,9,65,67773,78,08887,181,5833
120,9,65,67773,78,08887,181,5833
120,9,65,67773,78,08887,181,5833
120,9,65,67773,78,08887,181,5833
120,9,65,67773,78,08887,181,5833
120,9,65,67773,78,08887,181,5833
120,9,65,67773,78,08887,181,5833
120,9,65,67773,78,08887,181,5833
120,9,65,67773,78,08887,181,5833
120,9,65,67773,78,08887,181,5833
120,9,65,67773,78,08887,181,5833
120,9,65,67773,78,08887,181,5833
120,9,65,67773,78,08887,181,5833
120,9,65,67773,78,08887,181,5833
120,9,65,67773,78,08887,181,5833
120,9,65,67773,78,08887,181,5833
120,9,65,67773,78,08887,181,5833
120,9,65,67773,78,08887,181,5833
120,9,65,67773,78,08887,181,5833
120,9,65,67773,78,08887,181,5833
120,9,65,67773,78,08887,181,5833
120,9,65,67773,78,08887,181,5833
120,9,65,67773,78,08887,181,5833
120,9,65,67773,78,08887,181,5833
120,9,65,67773,78,08887,181,5833
120,9,65,67773,78,08887,181,5833
120,9,65,67773,78,08887,181,5833
120,9,65,67773,78,08887,181,5833
120,9,65,67773,78,08887,181,5833
120,9,65,67773,78,08887,181,5833
120,9,65,67773,78,08887,181,5833
120,9,65,67773,78,08887,181,5833
120,9,65,67773,78,08887,181,5833
120,9,65,67773,78,08887,181,5833
120,9,65,67773,78,08887,181,5833
120,9,65,67773,78,08887,181,5833
120,9,65,67773,78,08887,181,5833
120,9,65,67773,78,08887,181,5833
120,9,65,67773,78,08887,181,5833
120,9,65,67773,78,08887,181,5833
120,9,65,67773,78,08887,181,5833
120,9,65,67773,78,08887,181,5833
120,9,65,67773,78,08887,181,5833
120,9,65,67773,78,08887,181,5833
120,9,65,67773,78,08887,181,5833
120,9,65,67773,78,08887,181,5833
120,9,65,67773,78,08887,181,5833
120,9,65,67773,78,08887,181,5833
120,9,65,67773,78,08887,181,5833
120,9,65,67773,78,08887,181,5833
120,9,65,67773,78,08887,181,5833
120,9,65,67773,78,08887,181,5833
120,9,65,67773,78,08887,181,5833
120,9,65,67773,78,08887,181,5833
120,9,65,67773,78,08887,181,5833
120,9,65,67773,78,08887,181,5833
120,9,65,67773,78,08887,181,5833
120,9,65,67773,78,08887,181,5833
120,9,65,67773,78,08887,181,5833
120,9,65,67773,78,08887,181,5833
120,9,65,67773,78,08887,181,5833
120,9,65,67773,78,08887,181,5833
120,9,65,67773,78,08887,181,5833
120,9,65,67773,78,08887,181,5833
120,9,65,67773,78,08887,181,5833
120,9,65,67773,78,08887,181,5833
120,9,65,67773,78,08887,181,5833
120,10,65,67773,78,08887,181,5833
120,10,65,67773,78,08887,181,5833
120,10,65,67773,78,08887,181,5833
120,10,65,67773,78,08887,181,5833
120,10,65,70044,78,09863,181,7161
120,10,65,70044,78,09863,181,7161
120,10,65,71973,78,10693,181,8301
120,10,65,71973,78,10693,181,8301
120,10,65,71973,78,10693,181,8301
120,10,65,74316,78,1167,181,968
120,10,65,7644,78,12549,182,0925
120,10,65,7644,78,12549,182,0925
120,10,65,78418,78,13428,182,2089
120,10,65,78418,78,13428,182,2089
120,10,65,80371,78,14258,182,324
120,10,65,80371,78,14258,182,324
120,10,65,82275,78,15039,182,4359
120,10,65,82275,78,15039,182,4359
120,10,65,84326,78,15918,182,5566
120,10,65,84326,78,15918,182,5566
120,10,65,84326,78,15918,182,5566
120,10,65,86353,78,16797,182,6753
120,10,65,86353,78,16797,182,6753
120,10,65,88623,78,17725,182,809
120,10,65,88623,78,17725,182,809
120,10,65,90649,78,18604,182,9291
120,10,65,90649,78,18604,182,9291
120,10,65,92749,78,19482,183,0516
120,10,65,92749,78,19482,183,0516
120,10,65,95068,78,20508,183,1887
120,10,65,95068,78,20508,183,1887
120,10,65,97119,78,21338,183,309
120,10,65,97119,78,21338,183,309
120,10,65,99292,78,22266,183,4364
120,10,65,99292,78,22266,183,4364
120,10,65,99292,78,22266,183,4364
120,10,66,01489,78,23242,183,5662
120,10,66,01489,78,23242,183,5662
120,10,66,03613,78,24121,183,6914
120,10,66,03613,78,24121,183,6914
120,10,66,05688,78,25,183,8135
120,10,66,05688,78,25,183,8135
120,10,66,07666,78,2583,183,9301
120,10,66,07666,78,2583,183,9301
120,10,66,09692,78,26709,184,0485
120,10,66,09692,78,26709,184,0485
120,10,66,11938,78,27637,184,1804
120,10,66,11938,78,27637,184,1804
120,10,66,14038,78,28564,184,3047
120,10,66,14038,78,28564,184,3047
120,10,66,16089,78,29443,184,4252
120,10,66,16089,78,29443,184,4252
120,10,66,18213,78,30322,184,5496
120,10,66,18213,78,30322,184,5496
120,10,66,20239,78,31201,184,6688
120,10,66,20239,78,31201,184,6688
120,10,66,21411,78,31689,184,7382
120,10,66,21411,78,31689,184,7382
120,10,66,21411,78,31689,184,7382
120,10,66,21411,78,31689,184,7382
120,10,66,25073,78,32568,184,8588
120,10,66,25073,78,32568,184,8588
120,10,66,25073,78,32568,184,8588
120,10,66,29004,78,33496,184,9888
120,10,66,29004,78,33496,184,9888
120,10,66,32764,78,34375,185,113
120,10,66,32764,78,34375,185,113
120,10,66,36255,78,35205,185,2283
120,10,66,36255,78,35205,185,2283
120,10,66,39648,78,36035,185,3406
120,10,66,39648,78,36035,185,3406
120,10,66,43237,78,36865,185,4592
120,10,66,43237,78,36865,185,4592
120,10,66,46802,78,37744,185,5768
120,10,66,46802,78,37744,185,5768
120,10,66,50146,78,38525,185,6869
120,10,66,50146,78,38525,185,6869
120,10,66,53491,78,39307,185,7979
120,10,66,53491,78,39307,185,7979
120,10,66,57153,78,40186,185,9188
120,10,66,57153,78,40186,185,9188
120,10,66,60352,78,40967,186,0238
120,10,66,63892,78,41797,186,1409
120,10,66,63892,78,41797,186,1409
120,10,66,63892,78,41797,186,1409
120,10,66,67139,78,42578,186,2484
120,10,66,67139,78,42578,186,2484
120,10,66,70703,78,43408,186,3662
120,10,66,74365,78,44287,186,4872
120,10,66,74365,78,44287,186,4872
120,10,66,74365,78,44287,186,4872
120,10,66,77515,78,4502,186,5909
120,10,66,81177,78,45898,186,7115
120,10,66,81177,78,45898,186,7115
120,10,66,84277,78,46631,186,8146
120,10,66,84277,78,46631,186,8146
120,10,66,87476,78,47412,186,9203
120,10,66,87476,78,47412,186,9203
120,10,66,90869,78,48193,187,0321
120,10,66,90869,78,48193,187,0321
120,10,66,93945,78,48926,187,1337
120,10,66,93945,78,48926,187,1337
120,10,66,9707,78,49707,187,2366
120,10,66,9707,78,49707,187,2366
120,10,67,00415,78,50488,187,3469
120,10,67,00415,78,50488,187,3469
120,10,67,03735,78,5127,187,4568
120,10,67,03735,78,5127,187,4568
120,10,67,07471,78,52148,187,5806
120,10,67,07471,78,52148,187,5806
120,10,67,10571,78,5293,187,6831
120,10,67,14136,78,5376,187,8005
120,10,67,14136,78,5376,187,8005
120,10,67,17456,78,54541,187,9104
120,10,67,17456,78,54541,187,9104
120,10,67,20459,78,55273,188,009
120,10,67,20459,78,55273,188,009
120,10,67,23584,78,56006,188,1122
120,10,67,26416,78,56689,188,2062
120,11,67,26416,78,56689,188,2062
120,11,67,29639,78,57422,188,3126
120,11,67,29639,78,57422,188,3126
120,11,67,30176,78,57568,188,3301
120,11,67,30176,78,57568,188,3301
120,11,67,35254,78,5835,188,4348
120,11,67,35254,78,5835,188,4348
120,11,67,40259,78,5918,188,5378
120,11,67,40259,78,5918,188,5378
120,11,67,45361,78,59961,188,6427
120,11,67,45361,78,59961,188,6427
120,11,67,50073,78,60693,188,7396
120,11,67,55078,78,61475,188,843
120,11,67,55078,78,61475,188,843
120,11,67,5957,78,62207,188,9355
120,11,67,5957,78,62207,188,9355
120,11,67,64233,78,62939,189,0316
120,11,67,64233,78,62939,189,0316
120,11,67,68823,78,63672,189,1262
120,11,67,73804,78,64453,189,2286
120,11,67,73804,78,64453,189,2286
120,11,67,77979,78,65088,189,3147
120,11,67,77979,78,65088,189,3147
120,11,67,82373,78,6582,189,4053
120,11,67,82373,78,6582,189,4053
120,11,67,87207,78,66553,189,5049
120,11,67,91919,78,67285,189,6017
120,11,67,91919,78,67285,189,6017
120,11,67,96313,78,68018,189,6925
120,11,67,96313,78,68018,189,6925
120,11,68,00806,78,68701,189,785
120,11,68,00806,78,68701,189,785
120,11,68,05786,78,69482,189,8876
120,11,68,05786,78,69482,189,8876
120,11,68,11011,78,70313,189,995
120,11,68,15283,78,70996,190,0831
120,11,68,15283,78,70996,190,0831
120,11,68,19922,78,71729,190,1785
120,11,68,19922,78,71729,190,1785
120,11,68,23877,78,72363,190,2601
120,11,68,28687,78,73096,190,3591
120,11,68,28687,78,73096,190,3591
120,11,68,33105,78,73828,190,4504
120,11,68,33105,78,73828,190,4504
120,11,68,37622,78,74512,190,5432
120,11,68,37622,78,74512,190,5432
120,11,68,42261,78,75244,190,6388
120,11,68,46802,78,75977,190,7324
120,11,68,46802,78,75977,190,7324
120,11,68,5083,78,76611,190,8152
120,11,68,5083,78,76611,190,8152
120,11,68,55493,78,77344,190,9111
120,11,68,56763,78,77539,190,9375
120,11,68,56763,78,77539,190,9375
120,11,68,56763,78,77539,190,9375
120,11,68,56763,78,77539,190,9375
120,11,68,56763,78,77539,190,9375
120,11,68,56763,78,77539,190,9375
120,11,68,56763,78,77539,190,9375
120,11,68,56763,78,77539,190,9375
120,11,68,56763,78,77539,190,9375
120,11,68,56763,78,77539,190,9375
120,11,68,56763,78,77539,190,9375
120,11,68,56763,78,77539,190,9375
120,11,68,56763,78,77539,190,9375
120,11,68,56763,78,77539,190,9375
120,11,68,56763,78,77539,190,9375
120,11,68,56763,78,77539,190,9375
120,11,68,56763,78,77539,190,9375
120,11,68,56763,78,77539,190,9375
120,11,68,56763,78,77539,190,9375
120,11,68,56763,78,77539,190,9375
120,11,68,56763,78,77539,190,9375
120,11,68,63013,78,78467,191,01
120,11,68,63013,78,78467,191,01
120,11,68,698,78,79492,191,0884
120,11,68,76709,78,80518,191,1683
120,11,68,76709,78,80518,191,1683
120,11,68,83398,78,81543,191,2458
120,11,68,83398,78,81543,191,2458
120,11,68,89429,78,82422,191,3157
120,11,68,89429,78,82422,191,3157
120,11,68,96387,78,83447,191,3962
120,11,69,03394,78,84521,191,4775
120,11,69,03394,78,84521,191,4775
120,11,69,10522,78,85596,191,5598
120,11,69,10522,78,85596,191,5598
120,11,69,16724,78,86523,191,6318
120,11,69,16724,78,86523,191,6318
120,11,69,2439,78,87646,191,7205
120,11,69,2439,78,87646,191,7205
120,11,69,31616,78,88721,191,804
120,11,69,31616,78,88721,191,804
120,11,69,38965,78,89844,191,8892
120,11,69,38965,78,89844,191,8892
120,11,69,46802,78,91016,191,98
120,11,69,46802,78,91016,191,98
120,11,69,5481,78,92188,192,0726
120,11,69,5481,78,92188,192,0726
120,11,69,63989,78,93555,192,1787
120,11,69,63989,78,93555,192,1787
120,11,69,72217,78,94775,192,2742
120,11,69,72217,78,94775,192,2742
120,11,69,80615,78,96045,192,3715
120,11,69,80615,78,96045,192,3715
120,11,69,89185,78,97314,192,4707
120,11,69,89185,78,97314,192,4707
120,11,69,89185,78,97314,192,4707
120,11,69,96216,78,98389,192,5519
120,11,69,96216,78,98389,192,5519
120,11,70,05347,78,99756,192,6577
120,11,70,05347,78,99756,192,6577
120,11,70,15161,79,01221,192,7714
120,11,70,15161,79,01221,192,7714
120,11,70,23584,79,02441,192,8688
120,11,70,23584,79,02441,192,8688
120,11,70,31201,79,03613,192,9569
120,11,70,31201,79,03613,192,9569
120,11,70,39185,79,04785,193,0493
120,11,70,39185,79,04785,193,0493
120,11,70,45947,79,05811,193,1277
120,11,70,45947,79,05811,193,1277
120,11,70,50537,79,06494,193,1809
120,11,70,50537,79,06494,193,1809
120,11,70,50537,79,06494,193,1809
120,11,70,50537,79,06494,193,1809
120,11,70,50537,79,06494,193,1809
120,11,70,50537,79,06494,193,1809
120,11,70,50537,79,06494,193,1809
120,11,70,50537,79,06494,193,1809
120,11,70,50537,79,06494,193,1809
120,11,70,50537,79,06494,193,1809
120,11,70,50537,79,06494,193,1809
120,11,70,50537,79,06494,193,1809
120,12,70,50537,79,06494,193,1809
120,12,70,50537,79,06494,193,1809
120,12,70,50537,79,06494,193,1809
120,12,70,50537,79,06494,193,1809
120,12,70,5957,79,0791,193,2614
120,12,70,5957,79,0791,193,2614
120,12,70,68652,79,09326,193,342
120,12,70,68652,79,09326,193,342
120,12,70,68652,79,09326,193,342
120,12,70,77515,79,10693,193,4207
120,12,70,77515,79,10693,193,4207
120,12,70,87769,79,12305,193,512
120,12,70,87769,79,12305,193,512
120,12,70,96899,79,13721,193,593
120,12,71,05786,79,15137,193,6721
120,12,71,05786,79,15137,193,6721
120,12,71,1377,79,16357,193,743
120,12,71,1377,79,16357,193,743
120,12,71,20605,79,17432,193,8038
120,12,71,28833,79,18701,193,877
120,12,71,28833,79,18701,193,877
120,12,71,3667,79,19922,193,9467
120,12,71,3667,79,19922,193,9467
120,12,71,44556,79,21191,194,0166
120,12,71,44556,79,21191,194,0166
120,12,71,51904,79,22314,194,0819
120,12,71,59473,79,23486,194,1493
120,12,71,59473,79,23486,194,1493
120,12,71,67725,79,24805,194,2228
120,12,71,67725,79,24805,194,2228
120,12,71,75488,79,25977,194,2916
120,12,71,75488,79,25977,194,2916
120,12,71,83594,79,27246,194,3636
120,12,71,83594,79,27246,194,3636
120,12,71,93042,79,2876,194,4476
120,12,71,93042,79,2876,194,4476
120,12,72,01929,79,30127,194,5269
120,12,72,01929,79,30127,194,5269
120,12,72,11353,79,31592,194,6105
120,12,72,11353,79,31592,194,6105
120,12,72,1958,79,32861,194,6836
120,12,72,1958,79,32861,194,6836
120,12,72,24463,79,33643,194,7271
120,12,72,24463,79,33643,194,7271
120,12,72,24463,79,33643,194,7271
120,12,72,24463,79,33643,194,7271
120,12,72,24463,79,33643,194,7271
120,12,72,24463,79,33643,194,7271
120,12,72,24463,79,33643,194,7271
120,12,72,24463,79,33643,194,7271
120,12,72,24463,79,33643,194,7271
120,12,72,24463,79,33643,194,7271
120,12,72,24463,79,33643,194,7271
120,12,72,24463,79,33643,194,7271
120,12,72,24463,79,33643,194,7271
120,12,72,24463,79,33643,194,7271
120,12,72,24463,79,33643,194,7271
120,12,72,24463,79,33643,194,7271
120,12,72,24463,79,33643,194,7271
120,12,72,24463,79,33643,194,7271
120,12,72,24463,79,33643,194,7271
120,12,72,24463,79,33643,194,7271
120,12,72,24463,79,33643,194,7271
120,12,72,24463,79,33643,194,7271
120,12,72,24463,79,33643,194,7271
120,12,72,24463,79,33643,194,7271
120,12,72,24463,79,33643,194,7271
120,12,72,24463,79,33643,194,7271
120,12,72,24463,79,33643,194,7271
120,12,72,24463,79,33643,194,7271
120,12,72,33325,79,3501,194,7869
120,12,72,33325,79,3501,194,7869
120,12,72,41528,79,3623,194,8422
120,12,72,41528,79,3623,194,8422
120,12,72,51807,79,37793,194,9115
120,12,72,51807,79,37793,194,9115
120,12,72,59644,79,39014,194,9644
120,12,72,68896,79,4043,195,0267
120,12,72,68896,79,4043,195,0267
120,12,72,76807,79,4165,195,0802
120,12,72,76807,79,4165,195,0802
120,12,72,8562,79,42969,195,1396
120,12,72,8562,79,42969,195,1396
120,12,72,92871,79,44092,195,1886
120,12,73,01904,79,45459,195,2494
120,12,73,01904,79,45459,195,2494
120,12,73,08765,79,46484,195,2957
120,12,73,18335,79,47949,195,3604
120,12,73,18335,79,47949,195,3604
120,12,73,26074,79,49121,195,4126
120,12,73,26074,79,49121,195,4126
120,12,73,34912,79,50488,195,4722
120,12,73,34912,79,50488,195,4722
120,12,73,43628,79,51807,195,5309
120,12,73,52124,79,53125,195,5881
120,12,73,52124,79,53125,195,5881
120,12,73,60278,79,54346,195,6433
120,12,73,60278,79,54346,195,6433
120,12,73,68774,79,55664,195,7006
120,12,73,68774,79,55664,195,7006
120,12,73,77026,79,56934,195,7562
120,12,73,85571,79,58203,195,8138
120,12,73,85571,79,58203,195,8138
120,12,73,92798,79,59326,195,8627
120,12,73,92798,79,59326,195,8627
120,12,74,01929,79,60693,195,9242
120,12,74,10303,79,62012,195,9807
120,12,74,10303,79,62012,195,9807
120,12,74,18799,79,63281,196,0381
120,12,74,18799,79,63281,196,0381
120,12,74,26294,79,64404,196,0886
120,12,74,32861,79,6543,196,1329
120,12,74,32861,79,6543,196,1329
120,12,74,39966,79,66455,196,1685
120,12,74,50659,79,68066,196,2218
120,12,74,50659,79,68066,196,2218
120,12,74,58301,79,69189,196,26
120,12,74,58301,79,69189,196,26
120,12,74,68481,79,70654,196,3109
120,12,74,68481,79,70654,196,3109
120,12,74,76953,79,71924,196,3533
120,12,74,86133,79,73291,196,3992
120,12,74,86133,79,73291,196,3992
120,12,74,9436,79,74463,196,4402
120,12,75,03809,79,75879,196,4874
120,12,75,03809,79,75879,196,4874
120,12,75,11694,79,77051,196,5267
120,13,75,11694,79,77051,196,5267
120,13,75,21582,79,78516,196,5762
120,13,75,21582,79,78516,196,5762
120,13,75,30493,79,79785,196,6206
120,13,75,39429,79,81104,196,6653
120,13,75,39429,79,81104,196,6653
120,13,75,47485,79,82324,196,7056
120,13,75,47485,79,82324,196,7056
120,13,75,57471,79,83789,196,7555
120,13,75,6665,79,85107,196,8013
120,13,75,6665,79,85107,196,8013
120,13,75,75928,79,86475,196,8477
120,13,75,75928,79,86475,196,8477
120,13,75,85571,79,87891,196,8958
120,13,75,85571,79,87891,196,8958
120,13,75,94702,79,89258,196,9414
120,13,75,94702,79,89258,196,9414
120,13,76,04761,79,90723,196,9917
120,13,76,15527,79,92334,197,0454
120,13,76,15527,79,92334,197,0454
120,13,76,23804,79,93555,197,0868
120,13,76,23804,79,93555,197,0868
120,13,76,33496,79,94971,197,1353
120,13,76,33496,79,94971,197,1353
120,13,76,42188,79,9624,197,1787
120,13,76,51294,79,97607,197,2241
120,13,76,51294,79,97607,197,2241
120,13,76,60376,79,98926,197,2695
120,13,76,60376,79,98926,197,2695
120,13,76,6958,80,00293,197,3156
120,13,76,6958,80,00293,197,3156
120,13,76,78882,80,0166,197,3619
120,13,76,84912,80,02539,197,3921
120,13,76,84912,80,02539,197,3921
120,13,76,92822,80,03662,197,4298
120,13,76,92822,80,03662,197,4298
120,13,77,03027,80,05078,197,4784
120,13,77,11865,80,06299,197,5206
120,13,77,21191,80,07617,197,5649
120,13,77,21191,80,07617,197,5649
120,13,77,21191,80,07617,197,5649
120,13,77,27661,80,08496,197,5958
120,13,77,39111,80,10107,197,6504
120,13,77,39111,80,10107,197,6504
120,13,77,39111,80,10107,197,6504
120,13,77,39111,80,10107,197,6504
120,13,77,46802,80,11182,197,687
120,13,77,66113,80,13867,197,7791
120,13,77,66113,80,13867,197,7791
120,13,77,75903,80,15234,197,8257
120,13,77,75903,80,15234,197,8257
120,13,77,85303,80,16553,197,8705
120,13,77,85303,80,16553,197,8705
120,13,77,94751,80,17871,197,9155
120,13,78,04346,80,19189,197,9612
120,13,78,04346,80,19189,197,9612
120,13,78,12305,80,20313,197,9991
120,13,78,12305,80,20313,197,9991
120,13,78,21875,80,21631,198,0448
120,13,78,3103,80,229,198,0884
120,13,78,3103,80,229,198,0884
120,13,78,4021,80,24219,198,1322
120,13,78,4021,80,24219,198,1322
120,13,78,47656,80,25244,198,1676
120,13,78,58276,80,26709,198,2183
120,13,78,58276,80,26709,198,2183
120,13,78,6582,80,27783,198,2542
120,13,78,6582,80,27783,198,2542
120,13,78,76074,80,29199,198,3031
120,13,78,83813,80,30273,198,34
120,13,78,83813,80,30273,198,34
120,13,78,94067,80,31738,198,3888
120,13,78,94067,80,31738,198,3888
120,13,79,02417,80,32861,198,4286
120,13,79,11865,80,3418,198,4736
120,13,79,11865,80,3418,198,4736
120,13,79,19434,80,35254,198,5098
120,13,79,19434,80,35254,198,5098
120,13,79,29858,80,36719,198,5594
120,13,79,37524,80,37793,198,5959
120,13,79,37524,80,37793,198,5959
120,13,79,47852,80,39209,198,6451
120,13,79,47852,80,39209,198,6451
120,13,79,54395,80,40137,198,6763
120,13,79,65771,80,41699,198,7305
120,13,79,65771,80,41699,198,7305
120,13,79,73755,80,42822,198,7686
120,13,79,73755,80,42822,198,7686
120,13,79,76489,80,43213,198,7816
120,13,79,76489,80,43213,198,7816
120,13,79,76489,80,43213,198,7816
120,13,79,76489,80,43213,198,7816
120,13,79,76489,80,43213,198,7816
120,13,79,84717,80,44336,198,8181
120,13,80,11914,80,47998,198,9391
120,13,80,11914,80,47998,198,9391
120,13,80,19189,80,48975,198,9714
120,13,80,30322,80,50488,199,0209
120,13,80,30322,80,50488,199,0209
120,13,80,38208,80,51563,199,056
120,13,80,38208,80,51563,199,056
120,13,80,48413,80,5293,199,1013
120,13,80,48413,80,5293,199,1013
120,13,80,56348,80,54004,199,1366
120,13,80,66382,80,55371,199,1812
120,13,80,66382,80,55371,199,1812
120,14,80,75073,80,56543,199,2197
120,14,80,84546,80,57861,199,262
120,14,80,84546,80,57861,199,262
120,14,80,9248,80,58887,199,2971
120,14,81,0271,80,60303,199,3427
120,14,81,0271,80,60303,199,3427
120,14,81,0271,80,60303,199,3427
120,14,81,0271,80,60303,199,3427
120,14,81,08374,80,61084,199,3678
120,14,81,08374,80,61084,199,3678
120,14,81,2854,80,6377,199,4575
120,14,81,3645,80,64844,199,4926
120,14,81,46045,80,66162,199,5353
120,14,81,46045,80,66162,199,5353
120,14,81,46045,80,66162,199,5353
120,14,81,51978,80,66943,199,5616
120,14,81,63965,80,68604,199,6149
120,14,81,63965,80,68604,199,6149
120,14,81,71069,80,69531,199,6465
120,14,81,82129,80,71045,199,6957
120,14,81,82129,80,71045,199,6957
120,14,81,89502,80,72021,199,7285
120,14,81,89502,80,72021,199,7285
120,14,82,00488,80,73535,199,7772
120,14,82,00488,80,73535,199,7772
120,14,82,08301,80,74609,199,812
120,14,82,18579,80,75977,199,8577
120,14,82,18579,80,75977,199,8577
120,14,82,2605,80,77002,199,8909
120,14,82,36597,80,78418,199,9377
120,14,82,36597,80,78418,199,9377
120,14,82,43481,80,79346,199,9684
120,14,82,43481,80,79346,199,9684
120,14,82,54785,80,80859,200,0186
120,14,82,54785,80,80859,200,0186
120,14,82,63281,80,82031,200,0563
120,14,82,729,80,8335,200,0991
120,14,82,729,80,8335,200,0991
120,14,82,80151,80,84326,200,1312
120,14,82,90991,80,85791,200,1796
120,14,82,90991,80,85791,200,1796
120,14,82,96558,80,86523,200,2042
120,14,83,09082,80,88232,200,26
120,14,83,09082,80,88232,200,26
120,14,83,09082,80,88232,200,26
120,14,83,14087,80,88916,200,2821
120,14,83,27441,80,90723,200,3416
120,14,83,27441,80,90723,200,3416
120,14,83,32495,80,91406,200,364
120,14,83,45435,80,93164,200,4215
120,14,83,45435,80,93164,200,4215
120,14,83,50903,80,93896,200,4458
120,14,83,63647,80,95605,200,5024
120,14,83,63647,80,95605,200,5024
120,14,83,63647,80,95605,200,5024
120,14,83,68652,80,96289,200,5247
120,14,83,75537,80,97217,200,5553
120,14,83,75537,80,97217,200,5553
120,14,83,81372,80,98047,200,5718
120,14,83,94189,80,99805,200,6082
120,14,83,94189,80,99805,200,6082
120,14,83,99634,81,00586,200,6235
120,14,84,13477,81,02539,200,6628
120,14,84,13477,81,02539,200,6628
120,14,84,13477,81,02539,200,6628
120,14,84,32422,81,05176,200,7166
120,14,84,32422,81,05176,200,7166
120,14,84,32422,81,05176,200,7166
120,14,84,37524,81,05908,200,731
120,14,84,5144,81,07861,200,7704
120,14,84,5144,81,07861,200,7704
120,14,84,57837,81,0874,200,7885
120,14,84,70459,81,10498,200,8242
120,14,84,70459,81,10498,200,8242
120,14,84,70459,81,10498,200,8242
120,14,84,75659,81,1123,200,839
120,14,84,89478,81,13184,200,8782
120,14,84,89478,81,13184,200,8782
120,14,84,95166,81,13965,200,8943
120,14,85,08643,81,15869,200,9325
120,14,85,08643,81,15869,200,9325
120,14,85,14844,81,16699,200,95
120,14,85,27759,81,18506,200,9866
120,14,85,27759,81,18506,200,9866
120,14,85,27759,81,18506,200,9866
120,14,85,32788,81,19238,201,0009
120,14,85,46802,81,21191,201,0405
120,14,85,46802,81,21191,201,0405
120,14,85,53442,81,22119,201,0593
120,14,85,65747,81,23828,201,0942
120,14,85,65747,81,23828,201,0942
120,14,85,73047,81,24854,201,1149
120,14,85,84839,81,26514,201,1484
120,14,85,84839,81,26514,201,1484
120,14,85,84839,81,26514,201,1484
120,14,85,90112,81,27246,201,1633
120,14,86,0415,81,29199,201,2031
120,14,86,0415,81,29199,201,2031
120,14,86,09424,81,2998,201,218
120,14,86,22974,81,31836,201,2563
120,14,86,22974,81,31836,201,2563
120,14,86,28442,81,32617,201,272
120,14,86,42456,81,3457,201,3116
120,14,86,42456,81,3457,201,3116
120,14,86,42456,81,3457,201,3116
120,14,86,48975,81,35498,201,3301
120,14,86,61401,81,37256,201,3654
120,14,86,61401,81,37256,201,3654
120,14,86,68701,81,38232,201,386
120,14,86,8042,81,39893,201,4192
120,14,86,8042,81,39893,201,4192
120,14,86,86401,81,40723,201,4362
120,14,86,99487,81,42578,201,4731
120,14,86,99487,81,42578,201,4731
120,14,86,99487,81,42578,201,4731
120,14,87,04468,81,43262,201,4873
120,14,87,18481,81,45215,201,527
120,14,87,18481,81,45215,201,527
120,14,87,23926,81,45996,201,5425
120,14,87,33423,81,47314,201,5693
120,14,87,33423,81,47314,201,5693
120,14,87,38843,81,47998,201,5814
120,14,87,52832,81,49707,201,6125
120,14,87,52832,81,49707,201,6125
120,14,87,52832,81,49707,201,6125
120,14,87,57642,81,50293,201,6233
120,14,87,72192,81,521,201,6555
120,14,87,72192,81,521,201,6555
120,14,87,7793,81,52783,201,6683
120,14,87,91626,81,54492,201,6987
120,15,87,91626,81,54492,201,6987
120,15,87,96704,81,55078,201,7101
120,15,88,11206,81,56885,201,7423
120,15,88,11206,81,56885,201,7423
120,15,88,11206,81,56885,201,7423
120,15,88,30371,81,59229,201,785
120,15,88,30371,81,59229,201,785
120,15,88,30371,81,59229,201,785
120,15,88,35693,81,59912,201,7969
120,15,88,49707,81,61621,201,828
120,15,88,49707,81,61621,201,828
120,15,88,55151,81,62305,201,8401
120,15,88,69116,81,64014,201,8712
120,15,88,69116,81,64014,201,8712
120,15,88,69116,81,64014,201,8712
120,15,88,74194,81,64648,201,8824
120,15,88,88574,81,66406,201,9144
120,15,88,88574,81,66406,201,9144
120,15,88,94946,81,67188,201,9286
120,15,89,08057,81,68799,201,9578
120,15,89,08057,81,68799,201,9578
120,15,89,13818,81,69531,201,9706
120,15,89,27295,81,71191,202,0006
120,15,89,27295,81,71191,202,0006
120,15,89,27295,81,71191,202,0006
120,15,89,32495,81,71826,202,0122
120,15,89,47241,81,73633,202,0449
120,15,89,47241,81,73633,202,0449
120,15,89,52979,81,74316,202,0577
120,15,89,66138,81,75977,202,0869
120,15,89,66138,81,75977,202,0869
120,15,89,71069,81,76563,202,098
120,15,89,85547,81,7832,202,1301
120,15,89,85547,81,7832,202,1301
120,15,89,85547,81,7832,202,1301
120,15,89,90332,81,78955,202,1409
120,15,90,04736,81,80713,202,1729
120,15,90,04736,81,80713,202,1729
120,15,90,11475,81,81543,202,1879
120,15,90,24243,81,83105,202,2163
120,15,90,24243,81,83105,202,2163
120,15,90,30786,81,83887,202,2308
120,15,90,43726,81,85498,202,2596
120,15,90,43726,81,85498,202,2596
120,15,90,43726,81,85498,202,2596
120,15,90,62939,81,87891,202,3022
120,15,90,62939,81,87891,202,3022
120,15,90,62939,81,87891,202,3022
120,15,90,68286,81,88525,202,3142
120,15,90,82495,81,90283,202,3458
120,15,90,82495,81,90283,202,3458
120,15,90,87915,81,90918,202,3579
120,15,91,0188,81,92676,202,3889
120,15,91,0188,81,92676,202,3889
120,15,91,0188,81,92676,202,3889
120,15,91,07129,81,93311,202,4006
120,15,91,21094,81,9502,202,4316
120,15,91,21094,81,9502,202,4316
120,15,91,27197,81,95752,202,4452
120,15,91,40405,81,97412,202,4746
120,15,91,40405,81,97412,202,4746
120,15,91,448,81,97949,202,4844
120,15,91,59912,81,99805,202,5181
120,15,91,59912,81,99805,202,5181
120,15,91,59912,81,99805,202,5181
120,15,91,65234,82,00439,202,5299
120,15,91,7937,82,02197,202,5613
120,15,91,7937,82,02197,202,5613
120,15,91,84985,82,02881,202,5737
120,15,91,97241,82,04395,202,6011
120,15,91,97241,82,04395,202,6011
120,15,92,02808,82,04932,202,614
120,15,92,1665,82,06201,202,6462
120,15,92,1665,82,06201,202,6462
120,15,92,1665,82,06201,202,6462
120,15,92,36011,82,08008,202,6913
120,15,92,36011,82,08008,202,6913
120,15,92,36011,82,08008,202,6913
120,15,92,41382,82,08545,202,7037
120,15,92,55518,82,09863,202,7366
120,15,92,55518,82,09863,202,7366
120,15,92,60718,82,10352,202,7487
120,15,92,74878,82,1167,202,7816
120,15,92,74878,82,1167,202,7816
120,15,92,74878,82,1167,202,7816
120,15,92,80005,82,12158,202,7936
120,15,92,94214,82,13477,202,8267
120,15,92,94214,82,13477,202,8267
120,15,92,99805,82,14014,202,8396
120,15,93,13623,82,15283,202,8718
120,15,93,13623,82,15283,202,8718
120,15,93,20264,82,15918,202,8872
120,15,93,20264,82,15918,202,8872
120,15,93,33447,82,17139,202,9178
120,15,93,33447,82,17139,202,9178
120,15,93,33447,82,17139,202,9178
120,15,93,42896,82,18018,202,9399
120,15,93,42896,82,18018,202,9399
120,15,93,42896,82,18018,202,9399
120,15,93,63086,82,19922,202,9868
120,15,93,63086,82,19922,202,9868
120,15,93,76489,82,21143,203,0181
120,15,93,76489,82,21143,203,0181
120,15,93,76489,82,21143,203,0181
120,15,93,92139,82,22607,203,0544
120,15,93,92139,82,22607,203,0544
120,15,94,05029,82,23828,203,0844
120,15,94,05029,82,23828,203,0844
120,15,94,19312,82,25146,203,1176
120,15,94,19312,82,25146,203,1176
120,15,94,3269,82,26416,203,1487
120,15,94,3269,82,26416,203,1487
120,15,94,44775,82,27539,203,1769
120,15,94,44775,82,27539,203,1769
120,15,94,44775,82,27539,203,1769
120,15,94,55664,82,28564,203,2021
120,15,94,55664,82,28564,203,2021
120,15,94,6936,82,29834,203,234
120,15,94,6936,82,29834,203,234
120,15,94,6936,82,29834,203,234
120,15,94,85693,82,31396,203,272
120,15,94,85693,82,31396,203,272
120,15,95,00732,82,32764,203,307
120,15,95,00732,82,32764,203,307
120,15,95,11353,82,33789,203,3317
120,15,95,11353,82,33789,203,3317
120,15,95,177,82,34375,203,3464
120,15,95,177,82,34375,203,3464
120,15,95,177,82,34375,203,3464
120,16,95,177,82,34375,203,3464
120,16,95,177,82,34375,203,3464
120,16,95,177,82,34375,203,3464
120,16,95,177,82,34375,203,3464
120,16,95,177,82,34375,203,3464
120,16,95,177,82,34375,203,3464
120,16,95,177,82,34375,203,3464
120,16,95,177,82,34375,203,3464
120,16,95,3252,82,34814,203,4066
120,16,95,3252,82,34814,203,4066
120,16,95,50269,82,35352,203,4785
120,16,95,63623,82,35742,203,5328
120,16,95,63623,82,35742,203,5328
120,16,95,63623,82,35742,203,5328
120,16,95,69067,82,35889,203,5548
120,16,95,82251,82,36279,203,6084
120,16,95,82251,82,36279,203,6084
120,16,95,89307,82,36523,203,637
120,16,96,00854,82,36865,203,6838
120,16,96,00854,82,36865,203,6838
120,16,96,07495,82,37061,203,7108
120,16,96,19312,82,37402,203,7588
120,16,96,19312,82,37402,203,7588
120,16,96,19312,82,37402,203,7588
120,16,96,25244,82,37598,203,7827
120,16,96,37939,82,37939,203,8342
120,16,96,37939,82,37939,203,8342
120,16,96,44141,82,38135,203,8595
120,16,96,56396,82,38525,203,9092
120,16,96,56396,82,38525,203,9092
120,16,96,64233,82,3877,203,9409
120,16,96,64233,82,3877,203,9409
120,16,96,74902,82,39063,203,9843
120,16,96,74902,82,39063,203,9843
120,16,96,81738,82,39258,204,012
120,16,96,9397,82,39648,204,0616
120,16,96,9397,82,39648,204,0616
120,16,97,0083,82,39844,204,0894
120,16,97,12012,82,40186,204,1348
120,16,97,12012,82,40186,204,1348
120,16,97,19946,82,4043,204,167
120,16,97,19946,82,4043,204,167
120,16,97,30786,82,40723,204,2109
120,16,97,30786,82,40723,204,2109
120,16,97,36963,82,40918,204,2361
120,16,97,49414,82,41309,204,2865
120,16,97,49414,82,41309,204,2865
120,16,97,55786,82,41455,204,3125
120,16,97,6748,82,41846,204,3599
120,16,97,6748,82,41846,204,3599
120,16,97,6748,82,41846,204,3599
120,16,97,6748,82,41846,204,3599
120,16,97,73535,82,41992,204,3844
120,16,97,73535,82,41992,204,3844
120,16,97,95996,82,42676,204,4755
120,16,98,0415,82,4292,204,5085
120,16,98,0415,82,4292,204,5085
120,16,98,14063,82,43213,204,5488
120,16,98,14063,82,43213,204,5488
120,16,98,18872,82,43359,204,5684
120,16,98,27246,82,42871,204,6405
120,16,98,27246,82,42871,204,6405
120,16,98,27246,82,42871,204,6405
120,16,98,27246,82,42871,204,6405
120,16,98,32642,82,42529,204,6869
120,16,98,32642,82,42529,204,6869
120,16,98,32642,82,42529,204,6869
120,16,98,49829,82,41504,204,8352
120,16,98,49829,82,41504,204,8352
120,16,98,49829,82,41504,204,8352
120,16,98,64209,82,40674,204,9591
120,16,98,64209,82,40674,204,9591
120,16,98,64209,82,40674,204,9591
120,16,98,79468,82,39746,205,0906
120,16,98,79468,82,39746,205,0906
120,16,98,79468,82,39746,205,0906
120,16,98,79468,82,39746,205,0906
120,16,98,94434,82,38867,205,2195
120,16,98,94434,82,38867,205,2195
120,16,99,08667,82,38037,205,342
120,16,99,08667,82,38037,205,342
120,16,99,08667,82,38037,205,342
120,16,99,20923,82,37305,205,4475
120,16,99,20923,82,37305,205,4475
120,17,99,20923,82,37305,205,4475
120,17,99,34106,82,36523,205,5613
120,17,99,34106,82,36523,205,5613
120,17,99,34106,82,36523,205,5613
120,17,99,4751,82,35742,205,6766
120,17,99,4751,82,35742,205,6766
120,17,99,4751,82,35742,205,6766
120,17,99,60815,82,34961,205,7913
120,17,99,60815,82,34961,205,7913
120,17,99,60815,82,34961,205,7913
120,17,99,60815,82,34961,205,7913
120,17,99,75586,82,34082,205,9186
120,17,99,75586,82,34082,205,9186
120,17,99,90625,82,33203,206,0481
120,17,99,90625,82,33203,206,0481
120,17,99,90625,82,33203,206,0481
120,17,99,95215,82,3291,206,0878
120,17,99,95215,82,3291,206,0878
120,17,99,95215,82,3291,206,0878
120,17,100,0803,82,31543,206,21
120,17,100,0803,82,31543,206,21
120,17,100,0803,82,31543,206,21
120,17,100,2051,82,30225,206,329
120,17,100,2051,82,30225,206,329
120,17,100,2051,82,30225,206,329
120,17,100,3384,82,28809,206,4559
120,17,100,3384,82,28809,206,4559
120,17,100,4607,82,27539,206,5728
120,17,100,4607,82,27539,206,5728
120,17,100,5518,82,26563,206,6594
120,17,100,5518,82,26563,206,6594
120,17,100,6086,82,25928,206,7136
120,17,100,6973,82,25,206,7982
120,17,100,6973,82,25,206,7982
120,17,100,7449,82,24512,206,8436
120,17,100,8413,82,23486,206,9354
120,17,100,8413,82,23486,206,9354
120,17,100,894,82,229,206,9857
120,17,100,894,82,229,206,9857
120,17,100,9851,82,21973,207,0726
120,17,100,9851,82,21973,207,0726
120,17,101,0486,82,21289,207,1332
120,17,101,1304,82,2041,207,2112
120,17,101,1304,82,2041,207,2112
120,17,101,1799,82,19873,207,2584
120,17,101,2739,82,18896,207,348
120,17,101,2739,82,18896,207,348
120,17,101,3252,82,18359,207,397
120,17,101,3252,82,18359,207,397
120,17,101,4207,82,17334,207,4879
120,17,101,4207,82,17334,207,4879
120,17,101,4751,82,16748,207,5399
120,17,101,5264,82,16211,207,5887
120,17,101,5264,82,16211,207,5887
120,17,101,5264,82,16211,207,5887
120,17,101,5264,82,16211,207,5887
120,17,101,5264,82,16211,207,5887
120,17,101,5264,82,16211,207,5887
120,17,101,5264,82,16211,207,5887
120,17,101,5264,82,16211,207,5887
120,17,101,5264,82,16211,207,5887
120,17,101,5264,82,16211,207,5887
120,17,101,6038,82,15381,207,6765
120,17,101,6038,82,15381,207,6765
120,17,101,6592,82,14795,207,7396
120,17,101,7356,82,13965,207,8264
120,17,101,7356,82,13965,207,8264
120,17,101,7827,82,13477,207,8801
120,17,101,7827,82,13477,207,8801
120,17,101,8665,82,12549,207,9752
120,17,101,8665,82,12549,207,9752
120,17,101,9177,82,12012,208,0333
120,17,101,9988,82,11133,208,1255
120,17,101,9988,82,11133,208,1255
120,17,102,0498,82,10596,208,1836
120,17,102,1321,82,09717,208,2771
120,17,102,1321,82,09717,208,2771
120,17,102,1816,82,0918,208,3334
120,17,102,1816,82,0918,208,3334
120,17,102,2617,82,0835,208,4243
120,17,102,2617,82,0835,208,4243
120,17,102,3113,82,07813,208,4806
120,17,102,394,82,06934,208,5746
120,17,102,394,82,06934,208,5746
120,17,102,4451,82,06396,208,6326
120,17,102,5256,82,05518,208,7241
120,17,102,5256,82,05518,208,7241
120,17,102,5837,82,04883,208,7903
120,17,102,5837,82,04883,208,7903
120,17,102,6572,82,04102,208,8738
120,17,102,6572,82,04102,208,8738
120,17,102,7122,82,03516,208,9362
120,17,102,7913,82,02686,209,026
120,17,102,7913,82,02686,209,026
120,17,102,8481,82,02051,209,0906
120,17,102,9224,82,0127,209,175
120,17,102,9224,82,0127,209,175
120,17,102,9224,82,0127,209,175
120,17,102,9224,82,0127,209,175
120,17,102,9619,82,0083,209,2201
120,17,103,1025,81,99316,209,3799
120,17,103,1025,81,99316,209,3799
120,17,103,1565,81,98779,209,4409
120,17,103,1565,81,98779,209,4409
120,17,103,219,81,98096,209,5121
120,17,103,219,81,98096,209,5121
120,17,103,219,81,98096,209,5121
120,17,103,219,81,98096,209,5121
120,17,103,219,81,98096,209,5121
120,17,103,2864,81,97705,209,6028
120,17,103,4651,81,96631,209,8434
120,17,103,4651,81,96631,209,8434
120,17,103,4651,81,96631,209,8434
120,17,103,4651,81,96631,209,8434
120,17,103,5286,81,96289,209,9288
120,17,103,6433,81,95605,210,083
120,17,103,6433,81,95605,210,083
120,17,103,6433,81,95605,210,083
120,17,103,6433,81,95605,210,083
120,17,103,6963,81,95264,210,1543
120,17,103,8232,81,94531,210,3251
120,17,103,8232,81,94531,210,3251
120,17,103,8726,81,94238,210,3916
120,17,103,9419,81,93799,210,485
120,17,103,9419,81,93799,210,485
120,17,103,9905,81,93555,210,5503
120,17,103,9905,81,93555,210,5503
120,17,104,0623,81,93115,210,6469
120,17,104,0623,81,93115,210,6469
120,17,104,1318,81,92676,210,7404
120,17,104,1318,81,92676,210,7404
120,17,104,1917,81,92334,210,821
120,17,104,1917,81,92334,210,821
120,17,104,1917,81,92334,210,821
120,17,104,2551,81,91992,210,9065
120,17,104,3701,81,91309,211,0613
120,17,104,3701,81,91309,211,0613
120,17,104,4231,81,90967,211,1323
120,17,104,4231,81,90967,211,1323
120,17,104,4902,81,90576,211,2229
120,17,104,4902,81,90576,211,2229
120,17,104,5447,81,90234,211,2961
120,17,104,5813,81,90039,211,3453
120,17,104,5813,81,90039,211,3453
120,17,104,6165,81,8999,211,4175
120,17,104,6692,81,89941,211,5258
120,17,104,6692,81,89941,211,5258
120,17,104,6692,81,89941,211,5258
120,17,104,7009,81,89893,211,5908
120,17,104,7009,81,89893,211,5908
120,17,104,7891,81,89795,211,772
120,17,104,7891,81,89795,211,772
120,17,104,8296,81,89746,211,8553
120,17,104,8738,81,89697,211,9463
120,17,104,8738,81,89697,211,9463
120,17,104,9043,81,89648,212,0087
120,17,104,9617,81,896,212,1265
120,17,104,9617,81,896,212,1265
120,17,104,9939,81,89551,212,1926
120,17,105,0486,81,89502,212,3053
120,17,105,0486,81,89502,212,3053
120,17,105,0486,81,89502,212,3053
120,17,105,0486,81,89502,212,3053
120,17,105,0757,81,89453,212,3607
120,17,105,1609,81,89355,212,5358
120,17,105,1887,81,89307,212,5928
120,17,105,1887,81,89307,212,5928
120,17,105,2332,81,89258,212,6841
120,17,105,2332,81,89258,212,6841
120,17,105,2729,81,89209,212,7657
120,17,105,3213,81,8916,212,8652
120,17,105,3213,81,8916,212,8652
120,17,105,3213,81,8916,212,8652
120,17,105,3213,81,8916,212,8652
120,17,105,3667,81,89111,212,9583
120,17,105,4519,81,89014,213,1333
120,17,105,4519,81,89014,213,1333
120,17,105,488,81,88965,213,2075
120,17,105,5005,81,88965,213,2332
120,17,105,5005,81,88965,213,2332
120,17,105,5005,81,88965,213,2332
120,17,105,5005,81,88965,213,2332
120,17,105,5396,81,89453,213,3574
120,17,105,5396,81,89453,213,3574
120,17,105,5603,81,89746,213,4233
120,17,105,5986,81,90234,213,5447
120,17,105,5986,81,90234,213,5447
120,17,105,6208,81,90527,213,6154
120,17,105,6587,81,91016,213,7355
120,17,105,6587,81,91016,213,7355
120,17,105,679,81,91309,213,7994
120,17,105,679,81,91309,213,7994
120,17,105,7183,81,91797,213,9248
120,17,105,7183,81,91797,213,9248
120,17,105,7397,81,9209,213,9928
120,17,105,7783,81,92578,214,1154
120,17,105,7783,81,92578,214,1154
120,17,105,7783,81,92578,214,1154
120,17,105,7966,81,92822,214,1733
120,17,105,8572,81,93604,214,366
120,17,105,8572,81,93604,214,366
120,17,105,8789,81,93896,214,4344
120,17,105,9089,81,94287,214,5298
120,17,105,9089,81,94287,214,5298
120,17,105,9329,81,9458,214,6062
120,17,105,9329,81,9458,214,6062
120,17,105,9329,81,9458,214,6062
120,17,105,9709,81,95068,214,7271
120,17,105,9709,81,95068,214,7271
120,17,105,9709,81,95068,214,7271
120,17,105,9709,81,95068,214,7271
120,17,106,012,81,95605,214,8568
120,17,106,0886,81,96631,215,1003
120,17,106,0886,81,96631,215,1003
120,17,106,115,81,96973,215,1843
120,17,106,115,81,96973,215,1843
120,17,106,1492,81,97412,215,2928
120,17,106,1492,81,97412,215,2928
120,17,106,1758,81,97754,215,3774
120,17,106,2095,81,98193,215,4845
120,17,106,2095,81,98193,215,4845
120,17,106,2095,81,98193,215,4845
120,17,106,2095,81,98193,215,4845
120,17,106,2327,81,98486,215,558
120,17,106,2327,81,98486,215,558
120,17,106,2327,81,98486,215,558
120,17,106,2327,81,98486,215,558
120,17,106,2327,81,98486,215,558
120,17,106,2327,81,98486,215,558
120,17,106,2327,81,98486,215,558
120,17,106,2327,81,98486,215,558
120,17,106,2327,81,98486,215,558
120,17,106,2327,81,98486,215,558
120,17,106,2327,81,98486,215,558
120,17,106,2327,81,98486,215,558
120,17,106,2327,81,98486,215,558
120,17,106,2327,81,98486,215,558
120,17,106,2327,81,98486,215,558
120,17,106,2639,81,99414,215,7161
120,17,106,2639,81,99414,215,7161
120,17,106,2639,81,99414,215,7161
120,17,106,2915,82,00244,215,8572
120,17,106,3215,82,01123,216,0088
120,17,106,3215,82,01123,216,0088
120,17,106,3333,82,01465,216,0691
120,17,106,3608,82,02295,216,2089
120,17,106,3608,82,02295,216,2089
120,17,106,3608,82,02295,216,2089
120,17,106,3728,82,02637,216,2698
120,17,106,3989,82,03418,216,4021
120,17,106,3989,82,03418,216,4021
120,17,106,4121,82,03809,216,4686
120,17,106,4375,82,0459,216,598
120,17,106,4375,82,0459,216,598
120,17,106,4492,82,04932,216,6567
120,17,106,4492,82,04932,216,6567
120,17,106,4763,82,05762,216,795
120,17,106,4763,82,05762,216,795
120,17,106,4897,82,06152,216,8627
120,17,106,5149,82,06885,216,9904
120,17,106,5149,82,06885,216,9904
120,17,106,5291,82,07324,217,0629
120,17,106,5537,82,08057,217,1874
120,17,106,5537,82,08057,217,1874
120,17,106,5537,82,08057,217,1874
120,17,106,5664,82,08398,217,2526
120,17,106,5942,82,09229,217,3929
120,17,106,5942,82,09229,217,3929
120,17,106,5942,82,09229,217,3929
120,17,106,5942,82,09229,217,3929
120,17,106,5942,82,09229,217,3929
120,17,106,6167,82,09912,217,5078
120,17,106,6167,82,09912,217,5078
120,17,106,6694,82,11475,217,7751
120,17,106,6694,82,11475,217,7751
120,17,106,6694,82,11475,217,7751
120,17,106,6741,82,11621,217,7987
120,17,106,6741,82,11621,217,7987
120,17,106,6741,82,11621,217,7987
120,17,106,6741,82,11621,217,7987
120,17,106,6741,82,11621,217,7987
120,17,106,6741,82,11621,217,7987
120,17,106,6741,82,11621,217,7987
120,17,106,6741,82,11621,217,7987
120,17,106,6741,82,11621,217,7987
120,17,106,6741,82,11621,217,7987
120,17,106,6741,82,11621,217,7987
120,17,106,6741,82,11621,217,7987
120,17,106,6741,82,11621,217,7987
120,17,106,6741,82,11621,217,7987
120,17,106,6741,82,11621,217,7987
120,17,106,6741,82,11621,217,7987
120,17,106,6741,82,11621,217,7987
120,17,106,6741,82,11621,217,7987
120,17,106,6741,82,11621,217,7987
120,17,106,6741,82,11621,217,7987
120,17,106,6741,82,11621,217,7987
120,17,106,6741,82,11621,217,7987
120,17,106,6741,82,11621,217,7987
120,17,106,6741,82,11621,217,7987
120,17,106,6741,82,11621,217,7987
120,17,106,6741,82,11621,217,7987
120,17,106,6741,82,11621,217,7987
120,17,106,6741,82,11621,217,7987
120,17,106,6741,82,11621,217,7987
120,17,106,6741,82,11621,217,7987
120,17,106,6741,82,11621,217,7987
120,17,106,6882,82,125,217,9337
120,17,106,6882,82,125,217,9337
120,17,106,6951,82,12939,217,9998
120,17,106,6951,82,12939,217,9998
120,17,106,7087,82,13818,218,1311
120,17,106,7087,82,13818,218,1311
120,17,106,7163,82,14307,218,2034
120,17,106,7295,82,15137,218,3295
120,17,106,7295,82,15137,218,3295
120,17,106,7349,82,15479,218,3816
120,17,106,7502,82,16406,218,5284
120,17,106,7502,82,16406,218,5284
120,17,106,7563,82,16797,218,5867
120,17,106,771,82,17725,218,7274
120,17,106,771,82,17725,218,7274
120,17,106,771,82,17725,218,7274
120,17,106,7773,82,18164,218,7888
120,17,106,7917,82,19043,218,9266
120,17,106,7917,82,19043,218,9266
120,17,106,7979,82,19434,218,9852
120,17,106,8123,82,20361,219,1237
120,17,106,8123,82,20361,219,1237
120,17,106,8206,82,2085,219,2018
120,17,106,833,82,2168,219,3226
120,17,106,833,82,2168,219,3226
120,17,106,833,82,2168,219,3226
120,17,106,8396,82,2207,219,385
120,17,106,8538,82,22998,219,5221
120,17,106,8538,82,22998,219,5221
120,17,106,8606,82,23389,219,5872
120,17,106,8745,82,24268,219,7194
120,17,106,8745,82,24268,219,7194
120,17,106,8813,82,24707,219,7854
120,17,106,8955,82,25586,219,9202
120,17,106,8955,82,25586,219,9202
120,17,106,8955,82,25586,219,9202
120,17,106,9011,82,25977,219,975
120,17,106,9158,82,26904,220,1152
120,17,106,9158,82,26904,220,1152
120,17,106,9214,82,27246,220,1687
120,17,106,9368,82,28223,220,3156
120,17,106,9368,82,28223,220,3156
120,17,106,9368,82,28223,220,3156
120,17,106,9431,82,28613,220,3767
120,17,106,9431,82,28613,220,3774
120,17,106,9431,82,28613,220,3774
120,17,106,9431,82,28613,220,3774
120,17,106,9431,82,28613,220,3774
120,17,106,9431,82,28613,220,3774
120,17,106,9431,82,28613,220,3774
120,17,106,9431,82,28613,220,3774
120,17,106,9431,82,28613,220,3774
120,17,106,9431,82,28613,220,3774
120,17,106,9431,82,28613,220,3774
120,17,106,9431,82,28613,220,3774
120,17,106,9431,82,28613,220,3774
120,17,106,9514,82,29004,220,4392
120,17,106,9695,82,29883,220,5759
120,17,106,9695,82,29883,220,5759
120,17,106,9771,82,30273,220,6329
120,17,106,9956,82,31152,220,772
120,17,106,9956,82,31152,220,772
120,17,107,0032,82,31543,220,8282
120,17,107,022,82,32422,220,9698
120,17,107,022,82,32422,220,9698
120,17,107,022,82,32422,220,9698
120,17,107,0283,82,32764,221,0172
120,17,107,0486,82,3374,221,1692
120,17,107,0486,82,3374,221,1692
120,17,107,0569,82,34131,221,2321
120,17,107,0747,82,3501,221,366
120,17,107,0747,82,3501,221,366
120,17,107,083,82,354,221,4279
120,17,107,1011,82,36279,221,5641
120,17,107,1011,82,36279,221,5641
120,17,107,1011,82,36279,221,5641
120,17,107,1072,82,36572,221,6108
120,17,107,1274,82,37549,221,7621
120,17,107,1274,82,37549,221,7621
120,17,107,1353,82,37939,221,8207
120,17,107,1536,82,38818,221,9585
120,17,107,1536,82,38818,221,9585
120,17,107,1624,82,39258,222,0237
120,17,107,1799,82,40137,222,157
120,17,107,1799,82,40137,222,157
120,17,107,1799,82,40137,222,157
120,17,107,1875,82,40479,222,2137
120,17,107,2063,82,41406,222,3551
120,17,107,2063,82,41406,222,3551
120,17,107,2136,82,41748,222,4103
120,17,107,2327,82,42676,222,5535
120,17,107,2327,82,42676,222,5535
120,17,107,2412,82,43066,222,6163
120,17,107,259,82,43945,222,7515
120,17,107,259,82,43945,222,7515
120,17,107,259,82,43945,222,7515
120,17,107,2666,82,44336,222,8083
120,17,107,2854,82,45215,222,9484
120,17,107,2854,82,45215,222,9484
120,17,107,2937,82,45654,223,0109
120,17,107,3115,82,46533,223,1458
120,17,107,3115,82,46533,223,1458
120,17,107,3181,82,46826,223,1947
120,17,107,3181,82,46826,223,1947
120,17,107,3181,82,46826,223,1947
120,17,107,3181,82,46826,223,1947
120,17,107,3181,82,46826,223,1947
120,17,107,3181,82,46826,223,1947
120,17,107,3181,82,46826,223,1947
120,17,107,3181,82,46826,223,1947
120,17,107,3181,82,46826,223,1947
120,17,107,3181,82,46826,223,1947
120,17,107,3181,82,46826,223,1947
120,17,107,3181,82,46826,223,1947
120,17,107,3181,82,46826,223,1947
120,17,107,3181,82,46826,223,1947
120,17,107,3181,82,46826,223,1947
120,17,107,3181,82,46826,223,1947
120,17,107,3181,82,46826,223,1947
120,17,107,3181,82,46826,223,1947
120,17,107,3181,82,46826,223,1947
120,17,107,3181,82,46826,223,1947
120,17,107,3181,82,46826,223,1947
120,17,107,3181,82,46826,223,1947
120,17,107,3181,82,46826,223,1947
120,17,107,3181,82,46826,223,1947
120,17,107,3181,82,46826,223,1947
120,17,107,3181,82,46826,223,1947
120,17,107,3181,82,46826,223,1947
120,17,107,3257,82,47168,223,2551
120,17,107,343,82,47949,223,3925
120,17,107,343,82,47949,223,3925
120,17,107,3525,82,48389,223,4669
120,17,107,3682,82,49121,223,5903
120,17,107,3682,82,49121,223,5903
120,17,107,3682,82,49121,223,5903
120,17,107,3743,82,49414,223,6394
120,17,107,3931,82,50244,223,7882
120,17,107,3931,82,50244,223,7882
120,17,107,4009,82,50635,223,8501
120,17,107,418,82,51416,223,9865
120,17,107,418,82,51416,223,9865
120,17,107,4268,82,51807,224,0559
120,17,107,4268,82,51807,224,0559
120,17,107,4429,82,52539,224,1832
120,17,107,4429,82,52539,224,1832
120,17,107,4519,82,52979,224,2551
120,17,107,468,82,53711,224,3828
120,17,107,468,82,53711,224,3828
120,17,107,4756,82,54053,224,442
120,17,107,4932,82,54834,224,5807
120,17,107,4932,82,54834,224,5807
120,17,107,5017,82,55225,224,6486
120,17,107,5181,82,56006,224,7795
120,17,107,5181,82,56006,224,7795
120,17,107,5181,82,56006,224,7795
120,17,107,5261,82,56396,224,8431
120,17,107,5437,82,57178,224,9827
120,17,107,5437,82,57178,224,9827
120,17,107,551,82,5752,225,041
120,17,107,5681,82,58301,225,175
120,17,107,5681,82,58301,225,175
120,17,107,5764,82,58691,225,2407
120,17,107,593,82,59424,225,3733
120,17,107,593,82,59424,225,3733
120,17,107,593,82,59424,225,3733
120,17,107,6001,82,59766,225,4283
120,17,107,6179,82,60596,225,5708
120,17,107,6179,82,60596,225,5708
120,17,107,625,82,60889,225,6257
120,17,107,6433,82,61768,225,7706
120,17,107,6433,82,61768,225,7706
120,17,107,6509,82,62109,225,8309
120,17,107,668,82,62891,225,967
120,17,107,668,82,62891,225,967
120,17,107,668,82,62891,225,967
120,17,107,675,82,63184,226,0232
120,17,107,6931,82,64014,226,1663
120,17,107,6931,82,64014,226,1663
120,17,107,7002,82,64355,226,2211
120,17,107,718,82,65186,226,3635
120,17,107,718,82,65186,226,3635
120,17,107,7261,82,65527,226,4272
120,17,107,7332,82,65869,226,483
120,17,107,7332,82,65869,226,483
120,17,107,7332,82,65869,226,483
120,17,107,7395,82,66016,226,5474
120,17,107,7524,82,6626,226,6809
120,17,107,7524,82,6626,226,6809
120,17,107,7578,82,66406,226,7349
120,17,107,7722,82,66699,226,8807
120,17,107,7722,82,66699,226,8807
120,17,107,7781,82,66846,226,9421
120,17,107,7915,82,6709,227,0787
120,17,107,7915,82,6709,227,0787
120,17,107,7915,82,6709,227,0787
120,17,107,7969,82,67236,227,1323
120,17,107,8113,82,67529,227,2802
120,17,107,8113,82,67529,227,2802
120,17,107,8174,82,67676,227,3425
120,17,107,8306,82,67969,227,4767
120,17,107,8306,82,67969,227,4767
120,17,107,8381,82,68115,227,5536
120,17,107,8501,82,68359,227,6764
120,17,107,8501,82,68359,227,6764
120,17,107,8501,82,68359,227,6764
120,17,107,8557,82,68506,227,7341
120,17,107,8696,82,68799,227,8771
120,17,107,8696,82,68799,227,8771
120,17,107,8752,82,68896,227,9331
120,17,107,8892,82,69189,228,075
120,17,107,8892,82,69189,228,075
120,17,107,8892,82,69189,228,075
120,17,107,8948,82,69336,228,1334
120,17,107,9138,82,69727,228,3264
120,17,107,9138,82,69727,228,3264
120,17,107,9194,82,69824,228,3833
120,17,107,9292,82,70068,228,4854
120,17,107,9292,82,70068,228,4854
120,17,107,9358,82,70215,228,5524
120,17,107,949,82,70459,228,6869
120,17,107,949,82,70459,228,6869
120,17,107,949,82,70459,228,6869
120,17,107,9551,82,70605,228,7482
120,17,107,968,82,70898,228,881
120,17,107,968,82,70898,228,881
120,17,107,9746,82,70996,228,9484
120,17,107,9878,82,71289,229,0812
120,17,107,9878,82,71289,229,0812
120,17,107,9939,82,71436,229,1443
120,17,108,0076,82,71729,229,283
120,17,108,0076,82,71729,229,283
120,17,108,0076,82,71729,229,283
120,17,108,0144,82,71875,229,3533
120,17,108,0266,82,72119,229,4783
120,17,108,0266,82,72119,229,4783
120,17,108,0337,82,72266,229,5497
120,17,108,0461,82,72559,229,6785
120,17,108,0461,82,72559,229,6785
120,17,108,0522,82,72656,229,7391
120,17,108,0522,82,72656,229,7391
120,17,108,0657,82,72949,229,8781
120,17,108,0657,82,72949,229,8781
120,17,108,072,82,73096,229,942
120,17,108,072,82,73096,229,942
120,17,108,072,82,73096,229,942
120,17,108,072,82,73096,229,942
120,17,108,072,82,73096,229,942
120,17,108,072,82,73096,229,942
120,17,108,072,82,73096,229,942
120,17,108,072,82,73096,229,942
120,17,108,072,82,73096,229,942
120,17,108,072,82,73096,229,942
120,17,108,072,82,73096,229,942
120,17,108,072,82,73096,229,942
120,17,108,072,82,73096,229,942
120,17,108,072,82,73096,229,942
120,17,108,072,82,73096,229,942
120,17,108,072,82,73096,229,942
120,17,108,072,82,73096,229,942
120,17,108,072,82,73096,229,942
120,17,108,072,82,73096,229,942
120,17,108,072,82,73096,229,942
120,17,108,072,82,73096,229,942
120,17,108,072,82,73096,229,942
120,17,108,072,82,73096,229,942
120,17,108,072,82,73096,229,942
120,17,108,072,82,73096,229,942
120,17,108,072,82,73096,229,942
120,17,108,072,82,73096,229,942
120,17,108,072,82,73096,229,942
120,17,108,072,82,73096,229,942
120,17,108,072,82,73096,229,942
120,17,108,072,82,73096,229,942
120,17,108,072,82,73096,229,942
120,17,108,072,82,73096,229,942
120,17,108,072,82,73096,229,942
120,17,108,072,82,73096,229,942
120,17,108,072,82,73096,229,942
120,17,108,072,82,73096,229,942
120,17,108,072,82,73096,229,942
120,17,108,072,82,73096,229,942
120,17,108,072,82,73096,229,942
120,17,108,072,82,73096,229,942
120,17,108,072,82,73096,229,942
120,17,108,072,82,73096,229,942
120,17,108,072,82,73096,229,942
120,17,108,072,82,73096,229,942
120,17,108,072,82,73096,229,942
120,17,108,072,82,73096,229,942
120,17,108,072,82,73096,229,942
120,17,108,072,82,73096,229,942
120,17,108,072,82,73096,229,942
120,17,108,072,82,73096,229,942
120,17,108,072,82,73096,229,942
120,17,108,072,82,73096,229,942
120,17,108,072,82,73096,229,942
120,17,108,072,82,73096,229,942
120,17,108,072,82,73096,229,942
120,17,108,072,82,73096,229,942
120,17,108,072,82,73096,229,942
120,17,108,072,82,73096,229,942
120,17,108,072,82,73096,229,942
120,17,108,072,82,73096,229,942
120,17,108,072,82,73096,229,942
120,17,108,072,82,73096,229,942
120,17,108,072,82,73096,229,942
120,17,108,072,82,73096,229,942
120,17,108,072,82,73096,229,942
120,17,108,072,82,73096,229,942
120,17,108,072,82,73096,229,942
120,17,108,0801,82,729,230,0721
120,17,108,0903,82,72656,230,2408
120,17,108,0903,82,72656,230,2408
120,17,108,0903,82,72656,230,2408
120,17,108,0903,82,72656,230,2408
120,17,108,0952,82,72559,230,3228
120,17,108,0952,82,72559,230,3228
120,17,108,1086,82,72217,230,5403
120,17,108,1086,82,72217,230,5403
120,17,108,1086,82,72217,230,5403
120,17,108,1167,82,72021,230,6747
120,17,108,1267,82,71777,230,8386
120,17,108,1267,82,71777,230,8386
120,17,108,1267,82,71777,230,8386
120,17,108,1309,82,7168,230,9049
120,17,108,1309,82,7168,230,9049
120,17,108,1433,82,71387,231,111
120,17,108,1477,82,71289,231,1799
120,17,108,1541,82,71143,231,2839
120,17,108,1541,82,71143,231,2839
120,17,108,1541,82,71143,231,2839
120,17,108,158,82,71045,231,3489
120,17,108,1663,82,7085,231,4838
120,17,108,1663,82,7085,231,4838
120,17,108,1699,82,70752,231,5444
120,17,108,1782,82,70557,231,6812
120,17,108,1782,82,70557,231,6812
120,17,108,1819,82,70459,231,7408
120,17,108,1904,82,70264,231,8823
120,17,108,1904,82,70264,231,8823
120,17,108,1904,82,70264,231,8823
120,17,108,1934,82,70215,231,9315
120,17,108,2026,82,69971,232,0815
120,17,108,2026,82,69971,232,0815
120,17,108,2063,82,69873,232,1409
120,17,108,2148,82,69678,232,2805
120,17,108,2148,82,69678,232,2805
120,17,108,2192,82,6958,232,3528
120,17,108,2271,82,69385,232,4801
120,17,108,2271,82,69385,232,4801
120,17,108,2271,82,69385,232,4801
120,17,108,2312,82,69287,232,5485
120,17,108,239,82,69092,232,6796
120,17,108,239,82,69092,232,6796
120,17,108,2429,82,68994,232,7404
120,17,108,2515,82,68799,232,88
120,17,108,2515,82,68799,232,88
120,17,108,2556,82,68701,232,948
120,17,108,2637,82,68506,233,0798
120,17,108,2637,82,68506,233,0798
120,17,108,2637,82,68506,233,0798
120,17,108,2676,82,68408,233,1462
120,17,108,2759,82,68213,233,2805
120,17,108,2759,82,68213,233,2805
120,17,108,2798,82,68115,233,3447
120,17,108,2878,82,6792,233,478
120,17,108,2878,82,6792,233,478
120,17,108,2913,82,67871,233,5337
120,17,108,3,82,67627,233,678
120,17,108,3,82,67627,233,678
120,17,108,3,82,67627,233,678
120,17,108,3032,82,67578,233,7305
120,17,108,3113,82,67383,233,8613
120,17,108,3113,82,67383,233,8613
120,17,108,3113,82,67383,233,8613
120,17,108,3113,82,67383,233,8613
120,17,108,3113,82,67383,233,8613
120,17,108,3113,82,67383,233,8613
120,17,108,3113,82,67383,233,8613
120,17,108,3113,82,67383,233,8613
120,17,108,3113,82,67383,233,8613
120,17,108,3113,82,67383,233,8613
120,17,108,3113,82,67383,233,8613
120,17,108,3113,82,67383,233,8613
120,17,108,3113,82,67383,233,8613
120,17,108,3113,82,67383,233,8613
120,17,108,3113,82,67383,233,8613
120,17,108,3113,82,67383,233,8613
120,17,108,3113,82,67383,233,8613
120,17,108,3113,82,67383,233,8613
120,17,108,3113,82,67383,233,8613
120,17,108,3113,82,67383,233,8613
120,17,108,3113,82,67383,233,8613
120,17,108,3113,82,67383,233,8613
120,17,108,3113,82,67383,233,8613
120,17,108,3113,82,67383,233,8613
120,17,108,3113,82,67383,233,8613
120,17,108,3113,82,67383,233,8613
120,17,108,3113,82,67383,233,8613
120,17,108,3113,82,67383,233,8613
120,17,108,3113,82,67383,233,8613
120,17,108,3113,82,67383,233,8613
120,17,108,3113,82,67383,233,8613
120,17,108,3113,82,67383,233,8613
120,17,108,3113,82,67383,233,8613
120,17,108,3113,82,67383,233,8613
120,17,108,3113,82,67383,233,8613
120,17,108,3113,82,67383,233,8613
120,17,108,3113,82,67383,233,8613
120,17,108,3113,82,67383,233,8613
120,17,108,3113,82,67383,233,8613
120,17,108,3113,82,67383,233,8613
120,17,108,3113,82,67383,233,8613
120,17,108,3113,82,67383,233,8613
120,17,108,3113,82,67383,233,8613
120,17,108,3113,82,67383,233,8613
120,17,108,3113,82,67383,233,8613
120,17,108,3113,82,67383,233,8613
120,17,108,3113,82,67383,233,8613
120,17,108,3113,82,67383,233,8613
120,17,108,3113,82,67383,233,8613
120,17,108,3113,82,67383,233,8613
120,17,108,3113,82,67383,233,8613
120,17,108,3113,82,67383,233,8613
120,17,108,3113,82,67383,233,8613
120,17,108,3113,82,67383,233,8613
120,17,108,3113,82,67383,233,8613
120,17,108,3113,82,67383,233,8613
120,17,108,3113,82,67383,233,8613
120,17,108,3113,82,67383,233,8613
120,17,108,3113,82,67383,233,8613
120,17,108,3206,82,65723,233,9445
120,17,108,3335,82,63477,234,0575
120,17,108,3335,82,63477,234,0575
120,17,108,3435,82,61719,234,146
120,17,108,3555,82,59619,234,2524
120,17,108,3555,82,59619,234,2524
120,17,108,3555,82,59619,234,2524
120,17,108,3555,82,59619,234,2524
120,17,108,3638,82,58105,234,3269
120,17,108,386,82,54199,234,5239
120,17,108,3928,82,52979,234,5851
120,17,108,4038,82,51025,234,6829
120,17,108,4038,82,51025,234,6829
120,17,108,4038,82,51025,234,6829
120,17,108,4109,82,49805,234,7455
120,17,108,4265,82,47021,234,8837
120,17,108,4265,82,47021,234,8837
120,17,108,4343,82,45654,234,9535
120,17,108,448,82,43262,235,0735
120,17,108,448,82,43262,235,0735
120,17,108,4558,82,41895,235,1428
120,17,108,4558,82,41895,235,1428
120,17,108,47,82,39355,235,269
120,17,108,47,82,39355,235,269
120,17,108,4788,82,37842,235,3459
120,17,108,4919,82,35449,235,4642
120,17,108,4919,82,35449,235,4642
120,17,108,4993,82,3418,235,5286
120,17,108,5139,82,31592,235,6593
120,17,108,5139,82,31592,235,6593
120,17,108,5225,82,30078,235,7343
120,17,108,5359,82,27734,235,8528
120,17,108,5359,82,27734,235,8528
120,17,108,5359,82,27734,235,8528
120,17,108,543,82,26514,235,9153
120,17,108,5598,82,23535,236,0648
120,17,108,5598,82,23535,236,0648
120,17,108,5667,82,22314,236,125
120,17,108,5798,82,19971,236,2429
120,17,108,5798,82,19971,236,2429
120,17,108,5869,82,18701,236,3062
120,17,108,6021,82,16064,236,4391
120,17,108,6021,82,16064,236,4391
120,17,108,6021,82,16064,236,4391
120,17,108,6086,82,14893,236,4991
120,17,108,6243,82,12109,236,6378
120,17,108,6243,82,12109,236,6378
120,17,108,6321,82,10791,236,7051
120,17,108,6458,82,0835,236,8274
120,17,108,6458,82,0835,236,8274
120,17,108,6536,82,06934,236,8972
120,17,108,668,82,04395,237,0242
120,17,108,668,82,04395,237,0242
120,17,108,668,82,04395,237,0242
120,17,108,6741,82,0332,237,0787
120,17,108,6899,82,00537,237,2189
120,17,108,6899,82,00537,237,2189
120,17,108,6956,81,99561,237,2682
120,17,108,7119,81,9668,237,4135
120,17,108,7119,81,9668,237,4135
120,17,108,7192,81,9541,237,4778
120,17,108,7341,81,92725,237,6107
120,17,108,7341,81,92725,237,6107
120,17,108,7341,81,92725,237,6107
120,17,108,7341,81,92725,237,6107
120,17,108,7397,81,91748,237,6609
120,17,108,7634,81,87549,237,8711
120,17,108,7634,81,87549,237,8711
120,17,108,772,81,86084,237,9463
120,17,108,7832,81,84082,238,0461
120,17,108,7832,81,84082,238,0461
120,17,108,7834,81,84033,238,0482
120,17,108,7834,81,84033,238,0482
120,17,108,7834,81,84033,238,0482
120,17,108,7834,81,84033,238,0482
120,17,108,7834,81,84033,238,0482
120,17,108,7834,81,84033,238,0482
120,17,108,7834,81,84033,238,0482
120,17,108,7834,81,84033,238,0482
120,17,108,7834,81,84033,238,0482
120,17,108,7834,81,84033,238,0482
120,17,108,7834,81,84033,238,0482
120,17,108,7834,81,84033,238,0482
120,17,108,7834,81,84033,238,0482
120,17,108,7834,81,84033,238,0482
120,17,108,7834,81,84033,238,0482
120,17,108,7834,81,84033,238,0482
120,17,108,7834,81,84033,238,0482
120,17,108,7834,81,84033,238,0482
120,17,108,7834,81,84033,238,0482
120,17,108,7834,81,84033,238,0482
120,17,108,7834,81,84033,238,0482
120,17,108,7834,81,84033,238,0482
120,17,108,7834,81,84033,238,0482
120,17,108,7834,81,84033,238,0482
120,17,108,7834,81,84033,238,0482
120,17,108,7834,81,84033,238,0482
120,17,108,7834,81,84033,238,0482
120,17,108,7834,81,84033,238,0482
120,17,108,7834,81,84033,238,0482
120,17,108,7834,81,84033,238,0482
120,17,108,7834,81,84033,238,0482
120,17,108,7834,81,84033,238,0482
120,17,108,7834,81,84033,238,0482
120,17,108,7834,81,84033,238,0482
120,17,108,7834,81,84033,238,0482
120,17,108,7834,81,84033,238,0482
120,17,108,7834,81,84033,238,0482
120,17,108,7834,81,84033,238,0482
120,17,108,7834,81,84033,238,0482
120,17,108,7834,81,84033,238,0482
120,17,108,7834,81,84033,238,0482
120,17,108,7834,81,84033,238,0482
120,17,108,7834,81,84033,238,0482
120,17,108,7834,81,84033,238,0482
120,17,108,7834,81,84033,238,0482
120,17,108,7834,81,84033,238,0482
120,17,108,7834,81,84033,238,0482
120,17,108,7834,81,84033,238,0482
120,17,108,7834,81,84033,238,0482
120,17,108,7834,81,84033,238,0482
120,17,108,7834,81,84033,238,0482
120,17,108,7834,81,84033,238,0482
120,17,108,7834,81,84033,238,0482
120,17,108,7905,81,8374,238,1885
120,17,108,7905,81,8374,238,1885
120,17,108,7976,81,83496,238,3314
120,17,108,7976,81,83496,238,3314
120,17,108,7976,81,83496,238,3314
120,17,108,8049,81,83203,238,4745
120,17,108,8049,81,83203,238,4745
120,17,108,8113,81,82959,238,6028
120,17,108,8113,81,82959,238,6028
120,17,108,8179,81,82715,238,7292
120,17,108,8179,81,82715,238,7292
120,17,108,8247,81,82422,238,8662
120,17,108,8247,81,82422,238,8662
120,17,108,8311,81,82227,238,9918
120,17,108,8311,81,82227,238,9918
120,17,108,8372,81,81982,239,1157
120,17,108,8372,81,81982,239,1157
120,17,108,844,81,81689,239,25
120,17,108,844,81,81689,239,25
120,17,108,8501,81,81445,239,3724
120,17,108,8501,81,81445,239,3724
120,17,108,8552,81,8125,239,4711
120,17,108,8604,81,81055,239,5747
120,17,108,8604,81,81055,239,5747
120,17,108,8633,81,80957,239,6315
120,17,108,8704,81,80664,239,7745
120,17,108,8704,81,80664,239,7745
120,17,108,8733,81,80566,239,8329
120,17,108,8806,81,80273,239,9749
120,17,108,8806,81,80273,239,9749
120,17,108,8806,81,80273,239,9749
120,17,108,8835,81,80176,240,0347
120,17,108,8904,81,79932,240,1726
120,17,108,8904,81,79932,240,1726
120,17,108,8938,81,79785,240,2385
120,17,108,9006,81,79541,240,3737
120,17,108,9006,81,79541,240,3737
120,17,108,9036,81,79395,240,4327
120,17,108,9036,81,79395,240,4327
120,17,108,9106,81,7915,240,5734
120,17,108,9106,81,7915,240,5734
120,17,108,9143,81,79004,240,6476
120,17,108,9207,81,7876,240,7732
120,17,108,9207,81,7876,240,7732
120,17,108,9243,81,78613,240,8441
120,17,108,9307,81,78369,240,9716
120,17,108,9307,81,78369,240,9716
120,17,108,9336,81,78271,241,0273
120,17,108,9409,81,77979,241,1729
120,17,108,9409,81,77979,241,1729
120,17,108,9409,81,77979,241,1729
120,17,108,9436,81,77881,241,2281
120,17,108,9509,81,77588,241,3726
120,17,108,9509,81,77588,241,3726
120,17,108,9534,81,7749,241,4211
120,17,108,9534,81,7749,241,4211
120,17,108,9534,81,7749,241,4211
120,17,108,9534,81,7749,241,4211
120,17,108,9534,81,7749,241,4211
120,17,108,9534,81,7749,241,4211
120,17,108,9534,81,7749,241,4211
120,17,108,9534,81,7749,241,4211
120,17,108,9534,81,7749,241,4211
120,17,108,9534,81,7749,241,4211
120,17,108,9534,81,7749,241,4211
120,17,108,9534,81,7749,241,4211
120,17,108,9534,81,7749,241,4211
120,17,108,9534,81,7749,241,4211
120,17,108,9534,81,7749,241,4211
120,17,108,9534,81,7749,241,4211
120,17,108,9534,81,7749,241,4211
120,17,108,9534,81,7749,241,4211
120,17,108,9534,81,7749,241,4211
120,17,108,9534,81,7749,241,4211
120,17,108,9534,81,7749,241,4211
120,17,108,9373,81,77246,241,5532
120,17,108,9373,81,77246,241,5532
120,17,108,9287,81,771,241,6232
120,17,108,9126,81,76855,241,754
120,17,108,9126,81,76855,241,754
120,17,108,9126,81,76855,241,754
120,17,108,906,81,76758,241,8082
120,17,108,8887,81,76514,241,9503
120,17,108,8887,81,76514,241,9503
120,17,108,8806,81,76367,242,015
120,17,108,8643,81,76123,242,149
120,17,108,8643,81,76123,242,149
120,17,108,8562,81,75977,242,2161
120,17,108,8398,81,75732,242,3494
120,17,108,8398,81,75732,242,3494
120,17,108,8398,81,75732,242,3494
120,17,108,8323,81,75635,242,4102
120,17,108,8159,81,75391,242,5454
120,17,108,8159,81,75391,242,5454
120,17,108,8086,81,75244,242,604
120,17,108,7915,81,75,242,7449
120,17,108,7915,81,75,242,7449
120,17,108,7852,81,74902,242,797
120,17,108,7671,81,74609,242,9429
120,17,108,7671,81,74609,242,9429
120,17,108,7671,81,74609,242,9429
120,17,108,7598,81,74512,243,0028
120,17,108,7429,81,74219,243,142
120,17,108,7429,81,74219,243,142
120,17,108,7361,81,74121,243,1969
120,17,108,7188,81,73877,243,3397
120,17,108,7188,81,73877,243,3397
120,17,108,7126,81,73779,243,3883
120,17,108,6943,81,73486,243,5376
120,17,108,6943,81,73486,243,5376
120,17,108,6943,81,73486,243,5376
120,17,108,6875,81,73389,243,5945
120,17,108,6702,81,73096,243,7367
120,17,108,6702,81,73096,243,7367
120,17,108,6621,81,72998,243,802
120,17,108,646,81,72754,243,9344
120,17,108,646,81,72754,243,9344
120,17,108,6392,81,72656,243,9886
120,17,108,6216,81,72363,244,1331
120,17,108,6216,81,72363,244,1331
120,17,108,6216,81,72363,244,1331
120,17,108,6155,81,72266,244,1824
120,17,108,6023,81,7207,244,2908
120,17,108,6023,81,7207,244,2908
120,17,108,6023,81,7207,244,2908
120,17,108,5947,81,71777,244,4203
120,17,108,5947,81,71777,244,4203
120,17,108,5911,81,71631,244,4833
120,17,108,583,81,71338,244,6206
120,17,108,583,81,71338,244,6206
120,17,108,583,81,71338,244,6206
120,17,108,5803,81,7124,244,6691
120,17,108,5715,81,70898,244,8185
120,17,108,5715,81,70898,244,8185
120,17,108,5679,81,70752,244,8818
120,17,108,5601,81,70459,245,0183
120,17,108,5601,81,70459,245,0183
120,17,108,5571,81,70361,245,0686
120,17,108,5483,81,7002,245,2184
120,17,108,5483,81,7002,245,2184
120,17,108,5483,81,7002,245,2184
120,17,108,5449,81,69873,245,2772
120,17,108,5366,81,6958,245,4183
120,17,108,5366,81,6958,245,4183
120,17,108,5332,81,69434,245,4784
120,17,108,5251,81,69141,245,6172
120,17,108,5251,81,69141,245,6172
120,17,108,522,81,68994,245,6715
120,17,108,522,81,68994,245,6715
120,17,108,5134,81,68701,245,8204
120,17,108,5134,81,68701,245,8204
120,17,108,5095,81,68555,245,8867
120,17,108,502,81,68262,246,0168
120,17,108,502,81,68262,246,0168
120,17,108,4988,81,68115,246,0723
120,17,108,4902,81,67822,246,2159
120,17,108,4902,81,67822,246,2159
120,17,108,4875,81,67725,246,2639
120,17,108,4875,81,67725,246,2639
120,17,108,4788,81,67383,246,4159
120,17,108,4788,81,67383,246,4159
120,17,108,4749,81,67236,246,4833
120,17,108,467,81,66943,246,6173
120,17,108,467,81,66943,246,6173
120,17,108,4634,81,66797,246,6776
120,17,108,4556,81,66504,246,8149
120,17,108,4556,81,66504,246,8149
120,17,108,4524,81,66357,246,8673
120,17,108,4438,81,66064,247,0143
120,17,108,4438,81,66064,247,0143
120,17,108,4438,81,66064,247,0143
120,17,108,4431,81,66016,247,0276
120,17,108,4431,81,66016,247,0276
120,17,108,4431,81,66016,247,0276
120,17,108,4431,81,66016,247,0276
120,17,108,4431,81,66016,247,0276
120,17,108,4431,81,66016,247,0276
120,17,108,4431,81,66016,247,0276
120,17,108,4431,81,66016,247,0276
120,17,108,4431,81,66016,247,0276
120,17,108,4431,81,66016,247,0276
120,17,108,4431,81,66016,247,0276
120,17,108,4431,81,66016,247,0276
120,17,108,4431,81,66016,247,0276
120,17,108,4431,81,66016,247,0276
120,17,108,4431,81,66016,247,0276
120,17,108,4431,81,66016,247,0276
120,17,108,4431,81,66016,247,0276
120,17,108,4431,81,66016,247,0276
120,17,108,4431,81,66016,247,0276
120,17,108,4431,81,66016,247,0276
120,17,108,4431,81,66016,247,0276
120,17,108,4431,81,66016,247,0276
120,17,108,4431,81,66016,247,0276
120,17,108,4431,81,66016,247,0276
120,17,108,4431,81,66016,247,0276
120,17,108,4431,81,66016,247,0276
120,17,108,4431,81,66016,247,0276
120,17,108,4431,81,66016,247,0276
120,17,108,4431,81,66016,247,0276
120,17,108,4431,81,66016,247,0276
120,17,108,4431,81,66016,247,0276
120,17,108,4431,81,66016,247,0276
120,17,108,4431,81,66016,247,0276
120,17,108,4431,81,66016,247,0276
120,17,108,4431,81,66016,247,0276
120,17,108,4431,81,66016,247,0276
120,17,108,4431,81,66016,247,0276
120,17,108,4431,81,66016,247,0276
120,17,108,4431,81,66016,247,0276
120,17,108,4431,81,66016,247,0276
120,17,108,4431,81,66016,247,0276
120,17,108,4431,81,66016,247,0276
120,17,108,4431,81,66016,247,0276
120,17,108,4431,81,66016,247,0276
120,17,108,4431,81,66016,247,0276
120,17,108,4431,81,66016,247,0276
120,17,108,4431,81,66016,247,0276
120,17,108,4431,81,66016,247,0276
120,17,108,4431,81,66016,247,0276
120,17,108,4431,81,66016,247,0276
120,17,108,4431,81,66016,247,0276
120,17,108,4431,81,66016,247,0276
120,17,108,4431,81,66016,247,0276
120,17,108,4431,81,66016,247,0276
120,17,108,4431,81,66016,247,0276
120,17,108,4431,81,66016,247,0276
120,17,108,4431,81,66016,247,0276
120,17,108,4431,81,66016,247,0276
120,17,108,4431,81,66016,247,0276
120,17,108,4431,81,66016,247,0276
120,17,108,4431,81,66016,247,0276
120,17,108,4431,81,66016,247,0276
120,17,108,4431,81,66016,247,0276
120,17,108,4431,81,66016,247,0276
120,17,108,4431,81,66016,247,0276
120,17,108,4431,81,66016,247,0276
120,17,108,4431,81,66016,247,0276
120,17,108,4431,81,66016,247,0276
120,17,108,4431,81,66016,247,0276
120,17,108,4431,81,66016,247,0276
120,17,108,4431,81,66016,247,0276
120,17,108,4431,81,66016,247,0276
120,17,108,4431,81,66016,247,0276
120,17,108,4431,81,66016,247,0276
120,17,108,4431,81,66016,247,0276
120,17,108,4431,81,66016,247,0276
120,17,108,4431,81,66016,247,0276
120,17,108,4607,81,6582,247,0867
120,17,108,5002,81,65332,247,2191
120,17,108,5002,81,65332,247,2191
120,17,108,5188,81,65137,247,2819
120,17,108,5623,81,646,247,4275
120,17,108,5623,81,646,247,4275
120,17,108,5786,81,64404,247,4825
120,17,108,614,81,64014,247,6017
120,17,108,614,81,64014,247,6017
120,17,108,614,81,64014,247,6017
120,17,108,614,81,64014,247,6017
120,17,108,6318,81,6377,247,661
120,17,108,6897,81,63086,247,8561
120,17,108,6897,81,63086,247,8561
120,17,108,7122,81,62842,247,931
120,17,108,7417,81,625,248,0303
120,17,108,7417,81,625,248,0303
120,17,108,7625,81,62256,248,1001
120,17,108,8,81,61816,248,2263
120,17,108,8,81,61816,248,2263
120,17,108,8,81,61816,248,2263
120,17,108,8164,81,61621,248,281
120,17,108,8557,81,61133,248,4131
120,17,108,8557,81,61133,248,4131
120,17,108,8733,81,60938,248,4725
120,17,108,9133,81,60449,248,6071
120,17,108,9133,81,60449,248,6071
120,17,108,9304,81,60254,248,6646
120,17,108,9697,81,59814,248,796
120,17,108,9697,81,59814,248,796
120,17,108,9697,81,59814,248,796
120,17,108,9871,81,5957,248,8544
120,17,109,0269,81,59131,248,9879
120,17,109,0269,81,59131,248,9879
120,17,109,0461,81,58887,249,0532
120,17,109,085,81,58447,249,1829
120,17,109,085,81,58447,249,1829
120,17,109,0999,81,58252,249,2333
120,17,109,1409,81,57764,249,371
120,17,109,1409,81,57764,249,371
120,17,109,1409,81,57764,249,371
120,17,109,1619,81,5752,249,4415
120,17,109,1619,81,5752,249,4415
120,17,109,1619,81,5752,249,4415
120,17,109,1619,81,5752,249,4415
120,17,109,1619,81,5752,249,4415
120,17,109,1619,81,5752,249,4415
120,17,109,1619,81,5752,249,4415
120,17,109,1619,81,5752,249,4415
120,17,109,1619,81,5752,249,4415
120,17,109,1619,81,5752,249,4415
120,17,109,1619,81,5752,249,4415
120,17,109,1619,81,5752,249,4415
120,17,109,1619,81,5752,249,4415
120,17,109,1619,81,5752,249,4415
120,17,109,1619,81,5752,249,4415
120,17,109,1619,81,5752,249,4415
120,17,109,1619,81,5752,249,4415
120,17,109,1619,81,5752,249,4415
120,17,109,1619,81,5752,249,4415
120,17,109,1619,81,5752,249,4415
120,17,109,1619,81,5752,249,4415
120,17,109,1619,81,5752,249,4415
120,17,109,1619,81,5752,249,4415
120,17,109,1619,81,5752,249,4415
120,17,109,1619,81,5752,249,4415
120,17,109,1619,81,5752,249,4415
120,17,109,1619,81,5752,249,4415
120,17,109,1619,81,5752,249,4415
120,17,109,1619,81,5752,249,4415
120,17,109,1619,81,5752,249,4415
120,17,109,1619,81,5752,249,4415
120,17,109,1619,81,5752,249,4415
120,17,109,1619,81,5752,249,4415
120,17,109,1619,81,5752,249,4415
120,17,109,1619,81,5752,249,4415
120,17,109,1619,81,5752,249,4415
120,17,109,1619,81,5752,249,4415
120,17,109,1619,81,5752,249,4415
120,17,109,1619,81,5752,249,4415
120,17,109,1619,81,5752,249,4415
120,17,109,1619,81,5752,249,4415
120,17,109,1619,81,5752,249,4415
120,17,109,1619,81,5752,249,4415
120,17,109,1619,81,5752,249,4415
120,17,109,1619,81,5752,249,4415
120,17,109,1619,81,5752,249,4415
120,17,109,1619,81,5752,249,4415
120,17,109,1619,81,5752,249,4415
120,17,109,1619,81,5752,249,4415
120,17,109,1619,81,5752,249,4415
120,17,109,1619,81,5752,249,4415
120,17,109,1619,81,5752,249,4415
120,17,109,1619,81,5752,249,4415
120,17,109,1619,81,5752,249,4415
120,17,109,1619,81,5752,249,4415
120,17,109,1619,81,5752,249,4415
120,17,109,1619,81,5752,249,4415
120,17,109,1619,81,5752,249,4415
120,17,109,1619,81,5752,249,4415
120,17,109,1619,81,5752,249,4415
120,17,109,1619,81,5752,249,4415