Time,RSteps,X,Y,Z
120,0,68,7002,87,78027,125,0229
120,0,68,7002,87,78027,125,0229
120,0,68,7002,87,78027,125,0229
120,0,68,7002,87,78027,125,0229
120,0,68,7002,87,78027,125,0229
120,0,68,7002,87,35059,125,0229
120,0,68,7002,87,35059,125,0229
120,0,68,7002,87,35059,125,0229
120,0,68,7002,87,35059,125,0229
120,0,68,7002,87,35059,125,0229
120,0,68,7002,87,35059,125,0229
120,0,68,7002,87,35059,125,0229
120,1,68,7002,87,35059,125,0229
120,1,68,69824,87,35449,125,0739
120,1,68,69702,87,35742,125,111
120,1,68,6936,87,36426,125,2007
120,1,68,69189,87,36768,125,2476
120,1,68,68994,87,37158,125,2957
120,1,68,68823,87,375,125,3442
120,1,68,68457,87,38232,125,4379
120,1,68,68311,87,38574,125,4819
120,1,68,68164,87,38867,125,5212
120,1,68,6792,87,39355,125,5874
120,1,68,67725,87,39746,125,6362
120,1,68,67358,87,40479,125,7328
120,1,68,67188,87,4082,125,7781
120,1,68,67017,87,41211,125,8254
120,1,68,6665,87,41943,125,9243
120,1,68,66479,87,42285,125,9692
120,1,68,66284,87,42676,126,0219
120,1,68,66089,87,43115,126,0762
120,1,68,65894,87,43506,126,1249
120,1,68,65723,87,43848,126,175
120,1,68,65332,87,44629,126,2743
120,1,68,65161,87,44971,126,3208
120,1,68,64966,87,45361,126,3718
120,1,68,64624,87,46094,126,4634
120,1,68,64478,87,46387,126,507
120,1,68,64307,87,46729,126,5485
120,1,68,64136,87,4707,126,5953
120,1,68,6377,87,47803,126,6917
120,1,68,63599,87,48193,126,7408
120,1,68,63452,87,48486,126,7805
120,1,68,6311,87,4917,126,8685
120,1,68,62939,87,49561,126,9177
120,1,68,62769,87,49902,126,9657
120,1,68,62573,87,50293,127,0165
120,1,68,62329,87,50781,127,0773
120,1,68,62012,87,51465,127,167
120,1,68,61792,87,51904,127,2249
120,1,68,61621,87,52246,127,2675
120,1,68,6145,87,52588,127,3171
120,1,68,6106,87,53369,127,4193
120,1,68,60913,87,53711,127,4596
120,1,68,60742,87,54004,127,5029
120,1,68,60522,87,54492,127,5627
120,1,68,60303,87,54932,127,6221
120,1,68,60107,87,55371,127,6764
120,1,68,59766,87,56055,127,7657
120,1,68,59595,87,56348,127,8088
120,1,68,59277,87,57031,127,8983
120,1,68,59106,87,57373,127,9412
120,1,68,58911,87,57813,127,9951
120,1,68,58716,87,58203,128,0479
120,1,68,58374,87,58887,128,1411
120,1,68,58203,87,59229,128,182
120,1,68,58057,87,59521,128,2228
120,1,68,57861,87,59912,128,2727
120,1,68,5752,87,60645,128,3668
120,1,68,57324,87,61035,128,4207
120,1,68,57153,87,61377,128,4618
120,1,68,56812,87,62109,128,557
120,1,68,56665,87,62402,128,5975
120,1,68,5647,87,62793,128,6473
120,1,68,56274,87,63184,128,7013
120,1,68,55933,87,63867,128,7893
120,1,68,55762,87,64209,128,8335
120,1,68,55591,87,64551,128,8815
120,1,68,5542,87,64893,128,9258
120,1,68,55078,87,65625,129,0215
120,1,68,5498,87,6582,129,0454
120,1,68,54712,87,66064,129,0896
120,1,68,54419,87,66357,129,144
120,1,68,53857,87,66846,129,2407
120,1,68,53589,87,6709,129,2856
120,1,68,53296,87,67334,129,3363
120,1,68,53003,87,67578,129,386
120,1,68,52637,87,6792,129,4482
120,1,68,52368,87,68164,129,4951
120,1,68,52051,87,68457,129,5514
120,1,68,51465,87,68994,129,652
120,1,68,51147,87,69287,129,7058
120,1,68,50879,87,69531,129,7527
120,1,68,50342,87,69971,129,8429
120,1,68,50098,87,70215,129,886
120,1,68,49854,87,70459,129,9296
120,1,68,49341,87,70898,130,014
120,1,68,49072,87,71143,130,0625
120,1,68,48804,87,71387,130,1084
120,1,68,48511,87,71631,130,1583
120,1,68,47974,87,72119,130,2504
120,1,68,47705,87,72363,130,2993
120,1,68,47412,87,72607,130,3485
120,1,68,47144,87,72852,130,395
120,1,68,46826,87,73145,130,4509
120,1,68,4624,87,73682,130,5508
120,1,68,45996,87,73926,130,5924
120,1,68,45752,87,74121,130,636
120,1,68,4519,87,74609,130,7291
120,1,68,44971,87,74805,130,7665
120,1,68,44751,87,75049,130,8079
120,1,68,44141,87,75586,130,9122
120,1,68,43896,87,75781,130,9547
120,1,68,43384,87,7627,131,043
120,1,68,4314,87,76465,131,0857
120,1,68,42822,87,76758,131,1367
120,1,68,42578,87,77002,131,1818
120,1,68,42285,87,77246,131,2311
120,1,68,41699,87,77734,131,3297
120,1,68,41479,87,77979,131,3689
120,1,68,40967,87,78418,131,4557
120,1,68,40723,87,78662,131,5007
120,1,68,40503,87,78857,131,538
120,1,68,39966,87,79346,131,6306
120,1,68,39722,87,79541,131,672
120,1,68,39502,87,79736,131,7131
120,1,68,39258,87,7998,131,7621
120,1,68,38745,87,80469,131,8591
120,1,68,38477,87,80713,131,9152
120,1,68,38208,87,80957,131,9633
120,1,68,37988,87,81201,132,0092
120,1,68,37744,87,81396,132,057
120,1,68,37231,87,81885,132,1559
120,1,68,36938,87,82178,132,2103
120,1,68,36719,87,82373,132,2529
120,1,68,36475,87,82617,132,3011
120,1,68,35962,87,83105,132,3998
120,1,68,35742,87,83301,132,4431
120,1,68,35522,87,83496,132,4855
120,1,68,3501,87,83984,132,5864
120,1,68,3479,87,8418,132,63
120,1,68,3457,87,84424,132,6714
120,1,68,34106,87,84814,132,7592
120,1,68,33887,87,85059,132,8051
120,1,68,33691,87,85254,132,8422
120,1,68,33179,87,85742,132,943
120,1,68,32935,87,85938,132,9883
120,1,68,32739,87,86133,133,028
120,1,68,32275,87,86572,133,114
120,1,68,32031,87,86816,133,1622
120,1,68,31836,87,86963,133,2015
120,1,68,31348,87,87451,133,2957
120,1,68,31104,87,87695,133,3428
120,1,68,30884,87,87891,133,3849
120,1,68,3042,87,8833,133,4768
120,1,68,30176,87,88574,133,5255
120,1,68,29956,87,8877,133,5645
120,1,68,29468,87,89209,133,6594
120,1,68,29224,87,89453,133,7062
120,1,68,29028,87,89648,133,7463
120,1,68,2854,87,90088,133,8391
120,1,68,28345,87,90283,133,8767
120,1,68,28101,87,90479,133,924
120,1,68,27881,87,90723,133,9706
120,1,68,27344,87,91211,134,0719
120,1,68,27075,87,91455,134,1239
120,1,68,2688,87,9165,134,1646
120,1,68,26392,87,9209,134,2551
120,1,68,26147,87,92334,134,3057
120,1,68,25928,87,92578,134,3494
120,1,68,25488,87,92969,134,4312
120,1,68,25269,87,93164,134,4768
120,1,68,25049,87,93408,134,5183
120,1,68,24976,87,93457,134,5319
120,1,68,24976,87,93457,134,5319
120,1,68,24976,87,93457,134,5319
120,1,68,24976,87,93457,134,5319
120,1,68,24976,87,93457,134,5319
120,1,68,24976,87,93457,134,5319
120,1,68,24976,87,93457,134,5319
120,1,68,24976,87,93457,134,5319
120,1,68,24976,87,93457,134,5319
120,1,68,24976,87,93457,134,5319
120,1,68,24976,87,93457,134,5319
120,1,68,24976,87,93457,134,5319
120,1,68,24976,87,93457,134,5319
120,1,68,24976,87,93457,134,5319
120,1,68,24976,87,93457,134,5319
120,1,68,24976,87,93457,134,5319
120,1,68,24976,87,93457,134,5319
120,1,68,24976,87,93457,134,5319
120,1,68,24976,87,93457,134,5319
120,1,68,24976,87,93457,134,5319
120,1,68,24976,87,93457,134,5319
120,1,68,24976,87,93457,134,5319
120,1,68,24976,87,93457,134,5319
120,1,68,24976,87,93457,134,5319
120,1,68,24976,87,93457,134,5319
120,1,68,24976,87,93457,134,5319
120,1,68,24976,87,93457,134,5319
120,1,68,24976,87,93457,134,5319
120,1,68,24976,87,93457,134,5319
120,1,68,24976,87,93457,134,5319
120,1,68,24976,87,93457,134,5319
120,1,68,24976,87,93457,134,5319
120,1,68,24976,87,93457,134,5319
120,1,68,24976,87,93457,134,5319
120,1,68,24976,87,93457,134,5319
120,1,68,24976,87,93457,134,5319
120,1,68,24976,87,93457,134,5319
120,1,68,24976,87,93457,134,5319
120,1,68,24976,87,93457,134,5319
120,1,68,24976,87,93457,134,5319
120,1,68,24976,87,93457,134,5319
120,1,68,24976,87,93457,134,5319
120,1,68,24976,87,93457,134,5319
120,1,68,24976,87,93457,134,5319
120,1,68,24976,87,93457,134,5319
120,1,68,24976,87,93457,134,5319
120,1,68,24976,87,93457,134,5319
120,1,68,24976,87,93457,134,5319
120,1,68,24976,87,93457,134,5319
120,1,68,24976,87,93457,134,5319
120,1,68,24976,87,93457,134,5319
120,1,68,24976,87,93457,134,5319
120,1,68,24976,87,93457,134,5319
120,1,68,24976,87,93457,134,5319
120,1,68,24976,87,93457,134,5319
120,1,68,24976,87,93457,134,5319
120,1,68,24976,87,93457,134,5319
120,1,68,24976,87,93457,134,5319
120,1,68,24976,87,93457,134,5319
120,1,68,24976,87,93457,134,5319
120,1,68,24976,87,93457,134,5319
120,1,68,24976,87,93457,134,5319
120,1,68,24976,87,93457,134,5319
120,1,68,24976,87,93457,134,5319
120,1,68,24976,87,93457,134,5319
120,1,68,24976,87,93457,134,5319
120,1,68,24976,87,93457,134,5319
120,1,68,24976,87,93457,134,5319
120,1,68,24976,87,93457,134,5319
120,1,68,24976,87,93457,134,5319
120,1,68,24976,87,93457,134,5319
120,1,68,24976,87,93457,134,5319
120,1,68,24976,87,93457,134,5319
120,1,68,24976,87,93457,134,5319
120,1,68,24976,87,93457,134,5319
120,1,68,24976,87,93457,134,5319
120,1,68,24976,87,93457,134,5319
120,1,68,24976,87,93457,134,5319
120,1,68,24976,87,93457,134,5319
120,1,68,24976,87,93457,134,5319
120,1,68,24976,87,93457,134,5319
120,1,68,24976,87,93457,134,5319
120,1,68,24976,87,93457,134,5319
120,1,68,24976,87,93457,134,5319
120,1,68,24976,87,93457,134,5319
120,1,68,24976,87,93457,134,5319
120,1,68,24976,87,93457,134,5319
120,1,68,24976,87,93457,134,5319
120,1,68,24976,87,93457,134,5319
120,1,68,24976,87,93457,134,5319
120,1,68,24976,87,93457,134,5319
120,1,68,24976,87,93457,134,5319
120,1,68,24976,87,93457,134,5319
120,1,68,24976,87,93457,134,5319
120,1,68,24976,87,93457,134,5319
120,1,68,24976,87,93457,134,5319
120,1,68,24976,87,93457,134,5319
120,1,68,24976,87,93457,134,5319
120,1,68,24976,87,93457,134,5319
120,1,68,24976,87,93457,134,5319
120,1,68,24976,87,93457,134,5319
120,1,68,24976,87,93457,134,5319
120,1,68,24976,87,93457,134,5319
120,1,68,24976,87,93457,134,5319
120,1,68,24976,87,93457,134,5319
120,1,68,24976,87,93457,134,5319
120,1,68,24976,87,93457,134,5319
120,1,68,24976,87,93457,134,5319
120,1,68,24976,87,93457,134,5319
120,1,68,24976,87,93457,134,5319
120,1,68,24976,87,93457,134,5319
120,1,68,24976,87,93457,134,5319
120,1,68,24976,87,93457,134,5319
120,1,68,24976,87,93457,134,5319
120,1,68,24976,87,93457,134,5319
120,1,68,24976,87,93457,134,5319
120,1,68,24976,87,93457,134,5319
120,1,68,24976,87,93457,134,5319
120,1,68,24976,87,93457,134,5319
120,1,68,24976,87,93457,134,5319
120,1,68,24976,87,93457,134,5319
120,1,68,24976,87,93457,134,5319
120,1,68,24976,87,93457,134,5319
120,1,68,24976,87,93457,134,5319
120,1,68,24976,87,93457,134,5319
120,1,68,24976,87,93457,134,5319
120,1,68,24976,87,93457,134,5319
120,1,68,24976,87,93457,134,5319
120,1,68,24976,87,93457,134,5319
120,1,68,24976,87,93457,134,5319
120,1,68,24976,87,93457,134,5319
120,1,68,24976,87,93457,134,5319
120,1,68,24976,87,93457,134,5319
120,1,68,24976,87,93457,134,5319
120,1,68,24976,87,93457,134,5319
120,1,68,24976,87,93457,134,5319
120,1,68,24976,87,93457,134,5319
120,1,68,24976,87,93457,134,5319
120,1,68,24976,87,93457,134,5319
120,1,68,24976,87,93457,134,5319
120,1,68,24976,87,93457,134,5319
120,1,68,24976,87,93457,134,5319
120,1,68,24976,87,93457,134,5319
120,1,68,24976,87,93457,134,5319
120,1,68,24976,87,93457,134,5319
120,1,68,24976,87,93457,134,5319
120,1,68,24976,87,93457,134,5319
120,1,68,24976,87,93457,134,5319
120,1,68,24976,87,93457,134,5319
120,1,68,24976,87,93457,134,5319
120,1,68,24976,87,93457,134,5319
120,1,68,24976,87,93457,134,5319
120,1,68,24976,87,93457,134,5319
120,1,68,24976,87,93457,134,5319
120,1,68,24976,87,93457,134,5319
120,1,68,24976,87,93457,134,5319
120,1,68,24976,87,93457,134,5319
120,1,68,24976,87,93457,134,5319
120,1,68,24976,87,93457,134,5319
120,1,68,24976,87,93457,134,5319
120,1,68,24976,87,93457,134,5319
120,1,68,24976,87,93457,134,5319
120,1,68,24976,87,93457,134,5319
120,1,68,24976,87,93457,134,5319
120,1,68,24976,87,93457,134,5319
120,1,68,24976,87,93457,134,5319
120,1,68,24976,87,93457,134,5319
120,1,68,24976,87,93457,134,5319
120,1,68,24976,87,93457,134,5319
120,1,68,24976,87,93457,134,5319
120,1,68,24976,87,93457,134,5319
120,1,68,24976,87,93457,134,5319
120,1,68,24976,87,93457,134,5319
120,1,68,24976,87,93457,134,5319
120,1,68,24976,87,93457,134,5319
120,1,68,24976,87,93457,134,5319
120,1,68,24976,87,93457,134,5319
120,1,68,24976,87,93457,134,5319
120,1,68,24976,87,93457,134,5319
120,1,68,24976,87,93457,134,5319
120,1,68,24976,87,93457,134,5319
120,1,68,24976,87,93457,134,5319
120,1,68,24976,87,93457,134,5319
120,1,68,24976,87,93457,134,5319
120,1,68,24976,87,93457,134,5319
120,1,68,24976,87,93457,134,5319
120,1,68,24976,87,93457,134,5319
120,1,68,24976,87,93457,134,5319
120,1,68,24976,87,93457,134,5319
120,1,68,24976,87,93457,134,5319
120,1,68,24976,87,93457,134,5319
120,1,68,24976,87,93457,134,5319
120,1,68,24976,87,93457,134,5319
120,1,68,24976,87,93457,134,5319
120,1,68,24976,87,93457,134,5319
120,1,68,24976,87,93457,134,5319
120,1,68,24976,87,93457,134,5319
120,1,68,24976,87,93457,134,5319
120,1,68,24976,87,93457,134,5319
120,1,68,24976,87,93457,134,5319
120,1,68,24976,87,93457,134,5319
120,1,68,24976,87,93457,134,5319
120,1,68,24976,87,93457,134,5319
120,1,68,24976,87,93457,134,5319
120,1,68,24976,87,93457,134,5319
120,1,68,24976,87,93457,134,5319
120,1,68,24976,87,93457,134,5319
120,1,68,24976,87,93457,134,5319
120,1,68,24976,87,93457,134,5319
120,1,68,24976,87,93457,134,5319
120,1,68,24976,87,93457,134,5319
120,1,68,24976,87,93457,134,5319
120,1,68,24976,87,93457,134,5319
120,1,68,24976,87,93457,134,5319
120,1,68,24976,87,93457,134,5319
120,1,68,24976,87,93457,134,5319
120,1,68,24976,87,93457,134,5319
120,1,68,24976,87,93457,134,5319
120,1,68,24976,87,93457,134,5319
120,1,68,24976,87,93457,134,5319
120,1,68,24976,87,93457,134,5319
120,1,68,24976,87,93457,134,5319
120,1,68,24976,87,93457,134,5319
120,1,68,24976,87,93457,134,5319
120,1,68,24976,87,93457,134,5319
120,1,68,24976,87,93457,134,5319
120,1,68,24976,87,93457,134,5319
120,1,68,24976,87,93457,134,5319
120,1,68,24976,87,93457,134,5319
120,1,68,24976,87,93457,134,5319
120,1,68,24976,87,93457,134,5319
120,1,68,24976,87,93457,134,5319
120,1,68,24976,87,93457,134,5319
120,1,68,24976,87,93457,134,5319
120,1,68,24976,87,93457,134,5319
120,1,68,24976,87,93457,134,5319
120,1,68,24976,87,93457,134,5319
120,1,68,24976,87,93457,134,5319
120,1,68,24976,87,93457,134,5319
120,1,68,24976,87,93457,134,5319
120,1,68,24976,87,93457,134,5319
120,1,68,24976,87,93457,134,5319
120,1,68,24976,87,93457,134,5319
120,1,68,24976,87,93457,134,5319
120,1,68,24976,87,93457,134,5319
120,1,68,24976,87,93457,134,5319
120,1,68,24976,87,93457,134,5319
120,1,68,24976,87,93457,134,5319
120,1,68,24976,87,93457,134,5319
120,1,68,24976,87,93457,134,5319
120,1,68,24976,87,93457,134,5319
120,1,68,24976,87,93457,134,5319
120,1,68,24976,87,93457,134,5319
120,1,68,24976,87,93457,134,5319
120,1,68,24976,87,93457,134,5319
120,1,68,24976,87,93457,134,5319
120,1,68,24976,87,93457,134,5319
120,1,68,24976,87,93457,134,5319
120,1,68,24976,87,93457,134,5319
120,1,68,24976,87,93457,134,5319
120,1,68,24976,87,93457,134,5319
120,1,68,24976,87,93457,134,5319
120,1,68,24976,87,93457,134,5319
120,1,68,24976,87,93457,134,5319
120,1,68,24976,87,93457,134,5319
120,1,68,24976,87,93457,134,5319
120,1,68,24976,87,93457,134,5319
120,1,68,24976,87,93457,134,5319
120,1,68,24976,87,93457,134,5319
120,1,68,24976,87,93457,134,5319
120,2,68,24976,87,93457,134,5319
120,2,68,24609,87,93164,134,5763
120,2,68,24243,87,92871,134,6235
120,2,68,23853,87,92578,134,6724
120,2,68,23438,87,92236,134,723
120,2,68,22998,87,91943,134,7767
120,2,68,22192,87,91309,134,8768
120,2,68,21802,87,90967,134,9255
120,2,68,2146,87,90723,134,9702
120,2,68,21021,87,90381,135,0245
120,2,68,20605,87,90039,135,0743
120,2,68,20166,87,89697,135,1304
120,2,68,19751,87,89404,135,1813
120,2,68,18872,87,88721,135,2909
120,2,68,18457,87,88379,135,3441
120,2,68,18091,87,88086,135,3899
120,2,68,17676,87,87793,135,4391
120,2,68,16895,87,87158,135,5386
120,2,68,16528,87,86865,135,583
120,2,68,16089,87,86523,135,6392
120,2,68,15649,87,86182,135,6921
120,2,68,15283,87,85889,135,7393
120,2,68,14868,87,85547,135,79
120,2,68,14087,87,84961,135,8875
120,2,68,13672,87,84619,135,939
120,2,68,13306,87,84375,135,9825
120,2,68,12915,87,84033,136,0334
120,2,68,12354,87,83594,136,103
120,2,68,1189,87,83252,136,1605
120,2,68,1145,87,8291,136,2151
120,2,68,10986,87,8252,136,2727
120,2,68,10522,87,82178,136,3317
120,2,68,10107,87,81836,136,3821
120,2,68,09277,87,81201,136,4846
120,2,68,09277,87,81201,136,4846
120,2,68,08862,87,80908,136,5361
120,2,68,0835,87,80469,136,5996
120,2,68,07373,87,79736,136,7231
120,2,68,06909,87,79346,136,7787
120,2,68,06519,87,79053,136,8296
120,2,68,06055,87,78711,136,8854
120,2,68,06055,87,78711,136,8854
120,2,68,05615,87,7832,136,9419
120,2,68,04956,87,77832,137,0225
120,2,68,04272,87,77295,137,1072
120,2,68,03687,87,76855,137,181
120,2,68,03687,87,76855,137,181
120,2,68,03174,87,76465,137,2446
120,2,68,02124,87,75635,137,3756
120,2,68,0166,87,75293,137,4321
120,2,68,01318,87,75,137,4742
120,2,68,00879,87,74658,137,531
120,2,68,00488,87,74365,137,5784
120,2,68,00488,87,74365,137,5784
120,2,67,99878,87,73877,137,6556
120,2,67,99219,87,7334,137,7375
120,2,67,98633,87,729,137,8085
120,2,67,98315,87,72656,137,8491
120,2,67,96899,87,70898,137,9292
120,2,67,96899,87,70898,137,9292
120,2,67,95557,87,69189,138,0046
120,2,67,94238,87,67578,138,0786
120,2,67,93237,87,66309,138,1349
120,2,67,91895,87,646,138,2114
120,2,67,90991,87,63477,138,2625
120,2,67,90063,87,62354,138,3145
120,2,67,88965,87,60938,138,377
120,2,67,87134,87,58643,138,4805
120,2,67,86182,87,57471,138,533
120,2,67,85278,87,56348,138,5844
120,2,67,84424,87,55273,138,6331
120,2,67,83521,87,54102,138,6843
120,2,67,82397,87,52734,138,7466
120,2,67,8125,87,5127,138,8123
120,2,67,80054,87,49805,138,8785
120,2,67,79126,87,48633,138,9321
120,2,67,78101,87,47363,138,9894
120,2,67,77124,87,46094,139,0452
120,2,67,76147,87,44922,139,0996
120,2,67,76147,87,44922,139,0996
120,2,67,73779,87,41943,139,2335
120,2,67,72949,87,40869,139,2805
120,2,67,72095,87,39844,139,3274
120,2,67,71265,87,38818,139,3745
120,2,67,70093,87,37354,139,4404
120,2,67,69434,87,36475,139,4785
120,2,67,68457,87,35303,139,5327
120,2,67,68457,87,35303,139,5327
120,2,67,68457,87,35303,139,5327
120,2,67,66968,87,33447,139,6169
120,2,67,66968,87,33447,139,6169
120,2,67,66968,87,33447,139,6169
120,2,67,66968,87,33447,139,6169
120,2,67,64624,87,30469,139,7494
120,2,67,64624,87,30469,139,7494
120,2,67,59546,87,24121,140,0356
120,2,67,59546,87,24121,140,0356
120,2,67,57617,87,21729,140,1445
120,2,67,57617,87,21729,140,1445
120,2,67,55859,87,19531,140,244
120,2,67,5437,87,17627,140,3286
120,2,67,5437,87,17627,140,3286
120,2,67,52856,87,15723,140,4138
120,2,67,51147,87,13623,140,5101
120,2,67,51147,87,13623,140,5101
120,2,67,49487,87,11523,140,603
120,2,67,49487,87,11523,140,603
120,2,67,49438,87,11475,140,6061
120,2,67,49438,87,11475,140,6061
120,2,67,49438,87,11475,140,6061
120,2,67,49438,87,11475,140,6061
120,2,67,49438,87,11475,140,6061
120,3,67,49438,87,11475,140,6061
120,3,67,49438,87,11475,140,6061
120,3,67,48901,87,09424,140,6586
120,3,67,48413,87,07471,140,7078
120,3,67,48413,87,07471,140,7078
120,3,67,47778,87,05029,140,7699
120,3,67,46997,87,01953,140,848
120,3,67,46997,87,01953,140,848
120,3,67,46118,86,98584,140,9342
120,3,67,45337,86,95557,141,0117
120,3,67,45337,86,95557,141,0117
120,3,67,44409,86,91943,141,1031
120,3,67,43701,86,89209,141,1731
120,3,67,43091,86,86816,141,2339
120,3,67,42529,86,84668,141,2883
120,3,67,42017,86,82715,141,3389
120,3,67,41211,86,79639,141,4171
120,3,67,41211,86,79639,141,4171
120,3,67,40381,86,76367,141,5004
120,3,67,40381,86,76367,141,5004
120,3,67,40381,86,76367,141,5004
120,3,67,40381,86,76367,141,5004
120,3,67,39526,86,73047,141,5851
120,3,67,37231,86,64111,141,812
120,3,67,36597,86,61719,141,8734
120,3,67,36108,86,59814,141,9218
120,3,67,3562,86,5791,141,9703
120,3,67,35059,86,55762,142,0244
120,3,67,34619,86,54004,142,0699
120,3,67,33594,86,50049,142,1699
120,3,67,33081,86,48047,142,2207
120,3,67,33081,86,48047,142,2207
120,3,67,32568,86,46094,142,271
120,3,67,31787,86,43066,142,3483
120,3,67,30737,86,38965,142,4529
120,3,67,30249,86,37061,142,5007
120,3,67,29785,86,35303,142,5455
120,3,67,29272,86,33301,142,5962
120,3,67,28809,86,31543,142,6416
120,3,67,28271,86,29395,142,6965
120,3,67,27734,86,27344,142,7482
120,3,67,27734,86,27344,142,7482
120,3,67,27002,86,24463,142,8218
120,3,67,26099,86,20996,142,9097
120,3,67,26099,86,20996,142,9097
120,3,67,25269,86,17773,142,9922
120,3,67,24438,86,146,143,073
120,3,67,2356,86,11133,143,1609
120,3,67,23071,86,09277,143,2084
120,3,67,22583,86,07324,143,2579
120,3,67,21924,86,04834,143,3218
120,3,67,21777,86,04248,143,3364
120,3,67,21777,86,04248,143,3364
120,3,67,21777,86,04248,143,3364
120,3,67,21777,86,04248,143,3364
120,3,67,21777,86,04248,143,3364
120,3,67,21777,86,04248,143,3364
120,3,67,21777,86,04248,143,3364
120,3,67,21777,86,04248,143,3364
120,3,67,21777,86,04248,143,3364
120,3,67,21777,86,04248,143,3364
120,3,67,21777,86,04248,143,3364
120,3,67,21777,86,04248,143,3364
120,3,67,21777,86,04248,143,3364
120,3,67,21777,86,04248,143,3364
120,3,67,21777,86,04248,143,3364
120,3,67,20386,86,00977,143,3964
120,3,67,19067,85,97949,143,4526
120,3,67,19067,85,97949,143,4526
120,3,67,17529,85,94336,143,5187
120,3,67,15747,85,90186,143,5953
120,3,67,14502,85,87256,143,6486
120,3,67,13208,85,84277,143,704
120,3,67,12109,85,81689,143,7513
120,3,67,11035,85,79199,143,7966
120,3,67,08789,85,73975,143,8931
120,3,67,07715,85,71484,143,9388
120,3,67,06787,85,69336,143,9788
120,3,67,05859,85,67139,144,0184
120,3,67,04858,85,64795,144,062
120,3,67,02734,85,59863,144,1523
120,3,67,01782,85,57617,144,1941
120,3,67,00781,85,55273,144,2368
120,3,66,99707,85,52832,144,2822
120,3,66,98755,85,50537,144,3237
120,3,66,96606,85,45557,144,4155
120,3,66,95654,85,43359,144,4562
120,3,66,94629,85,40967,144,5
120,3,66,93604,85,38574,144,5442
120,3,66,92773,85,36621,144,5802
120,3,66,90723,85,31885,144,6674
120,3,66,89795,85,29688,144,7072
120,3,66,88794,85,27393,144,7499
120,3,66,87817,85,25098,144,7917
120,3,66,8667,85,22412,144,8412
120,3,66,85645,85,2002,144,885
120,3,66,83496,85,15039,144,9771
120,3,66,82617,85,12988,145,0149
120,3,66,81689,85,10791,145,0551
120,3,66,80786,85,08691,145,0934
120,3,66,79663,85,06104,145,1414
120,3,66,78345,85,03027,145,1979
120,3,66,76294,84,98242,145,286
120,3,66,76196,84,97998,145,2903
120,3,66,75269,84,95557,145,3313
120,3,66,74292,84,93066,145,3735
120,3,66,73315,84,90527,145,4163
120,3,66,72266,84,87744,145,4633
120,3,66,71289,84,85254,145,5056
120,3,66,69141,84,79639,145,6003
120,3,66,67993,84,7666,145,6504
120,3,66,6709,84,74316,145,6898
120,3,66,6709,84,74316,145,6898
120,3,66,65771,84,7085,145,7479
120,3,66,64282,84,66992,145,8137
120,3,66,62524,84,62402,145,8909
120,3,66,6145,84,5957,145,9382
120,3,66,60474,84,57031,145,9812
120,3,66,59033,84,5332,146,0442
120,3,66,57886,84,50342,146,094
120,3,66,57886,84,50342,146,094
120,3,66,56836,84,47559,146,141
120,3,66,55078,84,42969,146,2181
120,3,66,53467,84,38818,146,2889
120,4,66,52344,84,35889,146,338
120,4,66,51074,84,32617,146,3933
120,4,66,49854,84,29395,146,4476
120,4,66,48804,84,2666,146,4937
120,4,66,46997,84,21973,146,5728
120,4,66,46143,84,19775,146,6097
120,4,66,44946,84,1665,146,6627
120,4,66,44019,84,14209,146,7035
120,4,66,42993,84,11572,146,7483
120,4,66,42041,84,09082,146,7899
120,4,66,41138,84,06689,146,8303
120,4,66,3916,84,01563,146,9172
120,4,66,38257,83,99219,146,9569
120,4,66,37354,83,96875,146,9962
120,4,66,3645,83,94482,147,0361
120,4,66,35254,83,91406,147,0886
120,4,66,34351,83,89063,147,1283
120,4,66,3313,83,85889,147,1815
120,4,66,32007,83,82959,147,2306
120,4,66,31445,83,81494,147,2556
120,4,66,30322,83,7876,147,3019
120,4,66,29248,83,76074,147,3464
120,4,66,26904,83,70361,147,443
120,4,66,25757,83,67529,147,4907
120,4,66,24805,83,65186,147,5298
120,4,66,23633,83,62305,147,5786
120,4,66,22583,83,59766,147,6213
120,4,66,21362,83,56738,147,6718
120,4,66,20142,83,53711,147,7228
120,4,66,18921,83,50732,147,7727
120,4,66,17871,83,48193,147,8159
120,4,66,16846,83,45605,147,859
120,4,66,15552,83,4248,147,9121
120,4,66,14258,83,39307,147,9655
120,4,66,12939,83,36084,148,0198
120,4,66,11719,83,33008,148,0708
120,4,66,10571,83,30225,148,1183
120,4,66,09375,83,27295,148,1676
120,4,66,08203,83,24414,148,2156
120,4,66,0708,83,2168,148,262
120,4,66,0708,83,2168,148,262
120,4,66,05737,83,18359,148,3174
120,4,66,03711,83,13379,148,4014
120,4,66,03711,83,13379,148,4014
120,4,66,01392,83,07715,148,4967
120,4,65,99146,83,02197,148,5897
120,4,65,99146,83,02197,148,5897
120,4,65,97852,82,98975,148,6436
120,4,65,95972,82,94385,148,7212
120,4,65,94531,82,9082,148,7805
120,4,65,93164,82,87451,148,8374
120,4,65,93164,82,87451,148,8374
120,4,65,91724,82,83936,148,897
120,4,65,91724,82,83936,148,897
120,4,65,89502,82,78467,148,9885
120,4,65,87671,82,73975,149,064
120,4,65,86353,82,70752,149,1187
120,4,65,8457,82,66406,149,1915
120,4,65,83472,82,63672,149,2377
120,4,65,81836,82,59668,149,3049
120,4,65,80566,82,56543,149,3572
120,4,65,79321,82,53516,149,4084
120,4,65,79321,82,53516,149,4084
120,4,65,78052,82,50391,149,4608
120,4,65,76514,82,46582,149,5251
120,4,65,75073,82,43066,149,5842
120,4,65,73779,82,39893,149,6378
120,4,65,72632,82,37061,149,6851
120,4,65,71509,82,34375,149,7312
120,4,65,70239,82,31348,149,7834
120,4,65,69019,82,28467,149,8336
120,4,65,67944,82,25928,149,8779
120,4,65,67944,82,25928,149,8779
120,4,65,66431,82,22314,149,9397
120,4,65,64355,82,17334,150,0256
120,4,65,64355,82,17334,150,0256
120,4,65,62354,82,12598,150,1077
120,4,65,62354,82,12598,150,1077
120,4,65,62354,82,12598,150,1077
120,4,65,62354,82,12598,150,1077
120,4,65,62354,82,12598,150,1077
120,4,65,60156,82,07373,150,1979
120,4,65,60156,82,07373,150,1979
120,4,65,54004,81,92773,150,4509
120,4,65,54004,81,92773,150,4509
120,4,65,51611,81,87061,150,5492
120,4,65,51611,81,87061,150,5492
120,4,65,49414,81,81836,150,6398
120,4,65,46997,81,76123,150,7386
120,4,65,46997,81,76123,150,7386
120,4,65,44897,81,71143,150,8247
120,4,65,44897,81,71143,150,8247
120,4,65,42529,81,65479,150,9225
120,4,65,42529,81,65479,150,9225
120,4,65,40015,81,59473,151,0262
120,4,65,40015,81,59473,151,0262
120,4,65,37817,81,54297,151,1157
120,4,65,37817,81,54297,151,1157
120,4,65,35645,81,49121,151,205
120,4,65,35645,81,49121,151,205
120,4,65,33228,81,43359,151,3052
120,4,65,33228,81,43359,151,3052
120,4,65,30981,81,38037,151,3967
120,4,65,28735,81,32715,151,4891
120,4,65,28735,81,32715,151,4891
120,4,65,27539,81,29834,151,5386
120,4,65,26294,81,25879,151,6147
120,4,65,24707,81,20898,151,7107
120,4,65,2395,81,18506,151,7568
120,4,65,23291,81,16406,151,7972
120,4,65,22461,81,13818,151,8473
120,4,65,21704,81,11426,151,8931
120,4,65,20947,81,09033,151,9393
120,4,65,20166,81,06592,151,9867
120,4,65,18652,81,01758,152,0791
120,4,65,18652,81,01758,152,0791
120,4,65,17871,80,99316,152,1262
120,4,65,16895,80,96289,152,1849
120,4,65,16895,80,96289,152,1849
120,4,65,16895,80,96289,152,1849
120,4,65,16895,80,96289,152,1849
120,4,65,15601,80,92139,152,2646
120,4,65,15601,80,92139,152,2646
120,4,65,12085,80,81104,152,4777
120,4,65,10742,80,76807,152,5602
120,4,65,10742,80,76807,152,5602
120,4,65,09351,80,72461,152,6434
120,4,65,08057,80,68359,152,7231
120,4,65,06738,80,6416,152,8036
120,4,65,06738,80,6416,152,8036
120,4,65,05981,80,61816,152,8485
120,5,65,04688,80,57764,152,927
120,5,65,04688,80,57764,152,927
120,5,65,03345,80,53516,153,0087
120,5,65,02026,80,49316,153,0897
120,5,65,00854,80,45605,153,161
120,5,65,00073,80,43213,153,2074
120,5,65,00073,80,43213,153,2074
120,5,64,98901,80,39453,153,2797
120,5,64,97705,80,35742,153,3517
120,5,64,97705,80,35742,153,3517
120,5,64,96313,80,31299,153,4371
120,5,64,95044,80,27344,153,5134
120,5,64,95044,80,27344,153,5134
120,5,64,93726,80,23145,153,5936
120,5,64,92358,80,18799,153,6775
120,5,64,91821,80,17139,153,7096
120,5,64,91113,80,15283,153,7539
120,5,64,91113,80,15283,153,7539
120,5,64,89844,80,11914,153,833
120,5,64,88721,80,08936,153,9042
120,5,64,88721,80,08936,153,9042
120,5,64,87231,80,0498,153,9977
120,5,64,8606,80,01855,154,0709
120,5,64,8606,80,01855,154,0709
120,5,64,84668,79,98193,154,1577
120,5,64,83276,79,94482,154,2455
120,5,64,8208,79,91309,154,3207
120,5,64,81299,79,89258,154,3689
120,5,64,81299,79,89258,154,3689
120,5,64,81299,79,89258,154,3689
120,5,64,8064,79,875,154,4114
120,5,64,77905,79,80322,154,5815
120,5,64,76978,79,77783,154,6411
120,5,64,7561,79,7417,154,7269
120,5,64,74951,79,72461,154,7672
120,5,64,74292,79,70703,154,8088
120,5,64,73682,79,69043,154,8477
120,5,64,729,79,66992,154,897
120,5,64,71338,79,62842,154,9946
120,5,64,70654,79,61084,155,0365
120,5,64,69971,79,59229,155,0802
120,5,64,6936,79,57666,155,1174
120,5,64,68701,79,55908,155,1593
120,5,64,67017,79,51367,155,2659
120,5,64,66382,79,49756,155,3044
120,5,64,65283,79,46826,155,3741
120,5,64,64697,79,45264,155,4113
120,5,64,63501,79,4209,155,4856
120,5,64,62866,79,4043,155,5256
120,5,64,62183,79,38574,155,5687
120,5,64,61426,79,36572,155,6163
120,5,64,60693,79,34668,155,6611
120,5,64,59937,79,32666,155,7089
120,5,64,59033,79,30273,155,7654
120,5,64,59033,79,30273,155,7654
120,5,64,57764,79,26855,155,8461
120,5,64,56567,79,23779,155,9199
120,5,64,56567,79,23779,155,9199
120,5,64,55444,79,20752,155,991
120,5,64,55444,79,20752,155,991
120,5,64,55444,79,20752,155,991
120,5,64,55444,79,20752,155,991
120,5,64,55273,79,16846,156,1084
120,5,64,55273,79,16846,156,1084
120,5,64,55273,79,16846,156,1084
120,5,64,55078,79,12207,156,248
120,5,64,55078,79,12207,156,248
120,5,64,54883,79,07471,156,391
120,5,64,54883,79,07471,156,391
120,5,64,54712,79,03418,156,5129
120,5,64,54712,79,03418,156,5129
120,5,64,54712,79,03418,156,5129
120,5,64,54712,79,03418,156,5129
120,5,64,54565,78,99707,156,6244
120,5,64,54565,78,99707,156,6244
120,5,64,54199,78,91064,156,8837
120,5,64,54199,78,91064,156,8837
120,5,64,54053,78,87646,156,9867
120,5,64,54053,78,87646,156,9867
120,5,64,53906,78,84131,157,0924
120,5,64,5376,78,81104,157,1841
120,5,64,5376,78,81104,157,1841
120,5,64,53638,78,78076,157,2748
120,5,64,53467,78,7373,157,4053
120,5,64,53394,78,72217,157,4518
120,5,64,5332,78,70459,157,5037
120,5,64,53247,78,68799,157,5547
120,5,64,53174,78,67139,157,6036
120,5,64,53101,78,65479,157,6539
120,5,64,52979,78,62451,157,7445
120,5,64,52905,78,6084,157,7933
120,5,64,52832,78,59277,157,8412
120,5,64,52759,78,57373,157,8982
120,5,64,52734,78,56689,157,9183
120,5,64,52734,78,56689,157,9183
120,5,64,52734,78,56689,157,9183
120,5,64,52734,78,56689,157,9183
120,5,64,52734,78,56689,157,9183
120,5,64,52734,78,56689,157,9183
120,5,64,52734,78,56689,157,9183
120,5,64,52734,78,56689,157,9183
120,5,64,52515,78,55713,157,9678
120,5,64,52246,78,54492,158,0315
120,5,64,52026,78,53418,158,0848
120,5,64,51782,78,52344,158,1411
120,5,64,51538,78,51318,158,1934
120,5,64,51318,78,50244,158,2474
120,5,64,51099,78,49219,158,2988
120,5,64,50586,78,46973,158,4138
120,5,64,50366,78,45996,158,4641
120,5,64,50366,78,45996,158,4641
120,5,64,50146,78,44971,158,5167
120,5,64,49829,78,43555,158,5887
120,5,64,49829,78,43555,158,5887
120,5,64,49463,78,41846,158,6748
120,5,64,48999,78,39795,158,7802
120,5,64,48633,78,38086,158,8669
120,6,64,48633,78,38086,158,8669
120,6,64,48364,78,36865,158,9282
120,6,64,48022,78,354,159,005
120,6,64,47778,78,34229,159,0629
120,6,64,4751,78,33057,159,123
120,6,64,4707,78,30957,159,2292
120,6,64,46802,78,29834,159,2876
120,6,64,46606,78,28955,159,3329
120,6,64,46362,78,27783,159,3914
120,6,64,46069,78,26514,159,4567
120,6,64,45825,78,25391,159,5142
120,6,64,45605,78,24316,159,5679
120,6,64,45605,78,24316,159,5679
120,6,64,45313,78,23096,159,6315
120,6,64,44971,78,21484,159,7125
120,6,64,44653,78,20117,159,7843
120,6,64,44409,78,18896,159,8446
120,6,64,44141,78,17773,159,9033
120,6,64,43921,78,16748,159,9553
120,6,64,43677,78,15625,160,0115
120,6,64,43311,78,13965,160,0978
120,6,64,43042,78,12744,160,1591
120,6,64,42798,78,11621,160,2164
120,6,64,42554,78,10596,160,2689
120,6,64,4231,78,09424,160,3275
120,6,64,42065,78,08301,160,3855
120,6,64,41846,78,07373,160,434
120,6,64,41577,78,06104,160,4976
120,6,64,41357,78,05176,160,5459
120,6,64,41138,78,0415,160,5984
120,6,64,40918,78,03125,160,6494
120,6,64,4043,78,00928,160,7612
120,6,64,4021,77,99951,160,8125
120,6,64,39966,77,98828,160,8689
120,6,64,39697,77,97607,160,9304
120,6,64,39453,77,96533,160,9865
120,6,64,39258,77,95605,161,0343
120,6,64,39014,77,94482,161,0903
120,6,64,38721,77,93164,161,1583
120,6,64,38477,77,9209,161,2131
120,6,64,38208,77,90869,161,2742
120,6,64,38037,77,90088,161,3143
120,6,64,38037,77,90088,161,3143
120,6,64,38086,77,896,161,3721
120,6,64,38159,77,88867,161,4604
120,6,64,38232,77,88086,161,557
120,6,64,38281,77,87646,161,6135
120,6,64,3833,77,87158,161,6714
120,6,64,38354,77,86719,161,7278
120,6,64,38403,77,8623,161,7817
120,6,64,38403,77,8623,161,7817
120,6,64,38403,77,8623,161,7817
120,6,64,38403,77,8623,161,7817
120,6,64,38403,77,8623,161,7817
120,6,64,38477,77,85645,161,8569
120,6,64,38477,77,85645,161,8569
120,6,64,38477,77,85645,161,8569
120,6,64,38696,77,83203,162,1559
120,6,64,38696,77,83203,162,1559
120,7,64,38867,77,81641,162,3436
120,7,64,3894,77,80859,162,4421
120,7,64,38989,77,80273,162,5087
120,7,64,39038,77,79834,162,5634
120,7,64,39087,77,79297,162,6276
120,7,64,39136,77,78809,162,6877
120,7,64,39185,77,7832,162,7483
120,7,64,39233,77,77783,162,8156
120,7,64,39233,77,77783,162,8156
120,7,64,39282,77,77246,162,8792
120,7,64,39331,77,76709,162,9467
120,7,64,39404,77,76123,163,019
120,7,64,39453,77,75586,163,0833
120,7,64,39502,77,75,163,1539
120,7,64,39502,77,75,163,1539
120,7,64,39575,77,74365,163,2307
120,7,64,39624,77,73779,163,3047
120,7,64,39673,77,73242,163,3689
120,7,64,39722,77,72705,163,4354
120,7,64,39722,77,72705,163,4354
120,7,64,39819,77,71875,163,5342
120,7,64,39868,77,71289,163,6038
120,7,64,39917,77,70752,163,6724
120,7,64,39966,77,70166,163,7427
120,7,64,40039,77,6958,163,8113
120,7,64,40088,77,68994,163,8831
120,7,64,40088,77,68994,163,8831
120,7,64,40137,77,68457,163,9506
120,7,64,4021,77,67822,164,0259
120,7,64,40259,77,67188,164,1063
120,7,64,40259,77,67188,164,1063
120,7,64,40332,77,66504,164,1884
120,7,64,40332,77,66504,164,1884
120,7,64,40332,77,66504,164,1884
120,7,64,40332,77,66504,164,1884
120,7,64,40332,77,66504,164,1884
120,7,64,40405,77,6582,164,2722
120,7,64,40405,77,6582,164,2722
120,7,64,40625,77,63379,164,5712
120,7,64,40723,77,62451,164,681
120,7,64,40723,77,62451,164,681
120,7,64,40796,77,61621,164,7817
120,7,64,40869,77,61035,164,8583
120,7,64,40918,77,604,164,9314
120,7,64,40967,77,59863,164,9994
120,7,64,4104,77,5918,165,0835
120,7,64,4104,77,5918,165,0835
120,7,64,41089,77,58691,165,1415
120,7,64,41333,77,58545,165,2159
120,7,64,41602,77,58447,165,2938
120,7,64,41602,77,58447,165,2938
120,7,64,4187,77,58301,165,3716
120,7,64,42163,77,58154,165,4541
120,7,64,42456,77,58008,165,5431
120,7,64,42456,77,58008,165,5431
120,7,64,427,77,5791,165,6185
120,7,64,427,77,5791,165,6185
120,7,64,42993,77,57764,165,7021
120,7,64,43335,77,57568,165,804
120,7,64,43604,77,57471,165,8813
120,7,64,43872,77,57324,165,9613
120,7,64,43872,77,57324,165,9613
120,7,64,44141,77,57178,166,0389
120,7,64,44409,77,5708,166,1185
120,7,64,44702,77,56934,166,2057
120,7,64,44702,77,56934,166,2057
120,7,64,44946,77,56787,166,2793
120,7,64,45239,77,56689,166,3599
120,7,64,45239,77,56689,166,3599
120,7,64,45532,77,56543,166,4445
120,7,64,45776,77,56396,166,5222
120,7,64,46094,77,5625,166,6132
120,7,64,46338,77,56104,166,686
120,7,64,46338,77,56104,166,686
120,7,64,46582,77,56006,166,7581
120,7,64,46582,77,56006,166,7581
120,7,64,46899,77,55859,166,8468
120,7,64,47217,77,55713,166,9419
120,7,64,4751,77,55566,167,0298
120,7,64,4751,77,55566,167,0298
120,7,64,47803,77,5542,167,1165
120,7,64,48096,77,55273,167,2023
120,7,64,48096,77,55273,167,2023
120,7,64,48389,77,55127,167,2854
120,7,64,48389,77,55127,167,2854
120,7,64,48682,77,5498,167,374
120,7,64,48682,77,5498,167,374
120,7,64,49097,77,54785,167,4966
120,7,64,49097,77,54785,167,4966
120,7,64,49585,77,54541,167,6385
120,7,64,49585,77,54541,167,6385
120,7,64,49976,77,54346,167,7548
120,7,64,49976,77,54346,167,7548
120,7,64,50391,77,5415,167,8752
120,7,64,50757,77,53955,167,9823
120,7,64,50757,77,53955,167,9823
120,7,64,51074,77,53809,168,0773
120,7,64,51074,77,53809,168,0773
120,7,64,51416,77,53662,168,1768
120,7,64,51733,77,53467,168,2726
120,7,64,51733,77,53467,168,2726
120,7,64,521,77,5332,168,3782
120,7,64,521,77,5332,168,3782
120,7,64,52515,77,53125,168,4978
120,7,64,52515,77,53125,168,4978
120,7,64,52832,77,5293,168,5952
120,7,64,53174,77,52783,168,6981
120,7,64,53174,77,52783,168,6981
120,7,64,53491,77,52637,168,7916
120,7,64,53491,77,52637,168,7916
120,7,64,53857,77,52441,168,8925
120,7,64,54175,77,52295,168,9885
120,7,64,54175,77,52295,168,9885
120,7,64,54492,77,52148,169,0797
120,7,64,54785,77,52002,169,1709
120,7,64,54785,77,52002,169,1709
120,7,64,54883,77,51953,169,1971
120,7,64,54883,77,51953,169,1971
120,7,64,54883,77,51953,169,1971
120,7,64,54883,77,51953,169,1971
120,7,64,54883,77,51953,169,1971
120,7,64,54883,77,51953,169,1971
120,7,64,54883,77,51953,169,1971
120,7,64,54883,77,51953,169,1971
120,7,64,54883,77,51953,169,1971
120,7,64,54883,77,51953,169,1971
120,7,64,54883,77,51953,169,1971
120,7,64,54883,77,51953,169,1971
120,7,64,54883,77,51953,169,1971
120,7,64,54883,77,51953,169,1971
120,7,64,54883,77,51953,169,1971
120,7,64,54883,77,51953,169,1971
120,7,64,54883,77,51953,169,1971
120,7,64,54883,77,51953,169,1971
120,7,64,54883,77,51953,169,1971
120,7,64,54883,77,51953,169,1971
120,7,64,54883,77,51953,169,1971
120,7,64,54883,77,51953,169,1971
120,7,64,54883,77,51953,169,1971
120,7,64,54883,77,51953,169,1971
120,7,64,54883,77,51953,169,1971
120,7,64,54883,77,51953,169,1971
120,7,64,54883,77,51953,169,1971
120,7,64,54883,77,51953,169,1971
120,7,64,54883,77,51953,169,1971
120,7,64,54883,77,51953,169,1971
120,7,64,54883,77,51953,169,1971
120,7,64,54883,77,51953,169,1971
120,7,64,54883,77,51953,169,1971
120,7,64,54883,77,51953,169,1971
120,7,64,54883,77,51953,169,1971
120,7,64,54883,77,51953,169,1971
120,7,64,54883,77,51953,169,1971
120,7,64,54883,77,51953,169,1971
120,7,64,54883,77,51953,169,1971
120,7,64,54883,77,51953,169,1971
120,7,64,54883,77,51953,169,1971
120,7,64,54883,77,51953,169,1971
120,7,64,54883,77,51953,169,1971
120,7,64,54883,77,51953,169,1971
120,7,64,54883,77,51953,169,1971
120,7,64,54883,77,51953,169,1971
120,7,64,54883,77,51953,169,1971
120,7,64,54883,77,51953,169,1971
120,7,64,54883,77,51953,169,1971
120,7,64,54883,77,51953,169,1971
120,7,64,54883,77,51953,169,1971
120,7,64,54883,77,51953,169,1971
120,7,64,54883,77,51953,169,1971
120,7,64,54883,77,51953,169,1971
120,7,64,54883,77,51953,169,1971
120,7,64,54883,77,51953,169,1971
120,7,64,54883,77,51953,169,1971
120,7,64,54883,77,51953,169,1971
120,7,64,54883,77,51953,169,1971
120,7,64,54883,77,51953,169,1971
120,7,64,54883,77,51953,169,1971
120,7,64,54883,77,51953,169,1971
120,7,64,54883,77,51953,169,1971
120,7,64,54883,77,51953,169,1971
120,7,64,54883,77,51953,169,1971
120,7,64,54883,77,51953,169,1971
120,7,64,54883,77,51953,169,1971
120,7,64,54883,77,51953,169,1971
120,7,64,54883,77,51953,169,1971
120,7,64,54883,77,51953,169,1971
120,7,64,54883,77,51953,169,1971
120,7,64,54883,77,51953,169,1971
120,7,64,54883,77,51953,169,1971
120,7,64,54883,77,51953,169,1971
120,7,64,54883,77,51953,169,1971
120,7,64,54883,77,51953,169,1971
120,7,64,54883,77,51953,169,1971
120,7,64,54883,77,51953,169,1971
120,7,64,54883,77,51953,169,1971
120,7,64,54883,77,51953,169,1971
120,7,64,54883,77,51953,169,1971
120,7,64,54883,77,51953,169,1971
120,7,64,54883,77,51953,169,1971
120,7,64,54883,77,51953,169,1971
120,7,64,54883,77,51953,169,1971
120,7,64,54883,77,51953,169,1971
120,7,64,54883,77,51953,169,1971
120,7,64,54883,77,51953,169,1971
120,7,64,54883,77,51953,169,1971
120,7,64,54883,77,51953,169,1971
120,7,64,54883,77,51953,169,1971
120,7,64,54883,77,51953,169,1971
120,7,64,54883,77,51953,169,1971
120,7,64,54883,77,51953,169,1971
120,7,64,54883,77,51953,169,1971
120,7,64,54883,77,51953,169,1971
120,7,64,54883,77,51953,169,1971
120,7,64,54883,77,51953,169,1971
120,7,64,54883,77,51953,169,1971
120,7,64,54883,77,51953,169,1971
120,7,64,54883,77,51953,169,1971
120,7,64,54883,77,51953,169,1971
120,7,64,54883,77,51953,169,1971
120,7,64,54883,77,51953,169,1971
120,7,64,54883,77,51953,169,1971
120,7,64,54883,77,51953,169,1971
120,7,64,54883,77,51953,169,1971
120,7,64,54883,77,51953,169,1971
120,7,64,54883,77,51953,169,1971
120,7,64,54883,77,51953,169,1971
120,7,64,54883,77,51953,169,1971
120,7,64,54883,77,51953,169,1971
120,7,64,54883,77,51953,169,1971
120,7,64,54883,77,51953,169,1971
120,7,64,54883,77,51953,169,1971
120,7,64,54883,77,51953,169,1971
120,7,64,54883,77,51953,169,1971
120,7,64,54883,77,51953,169,1971
120,7,64,54883,77,51953,169,1971
120,7,64,54883,77,51953,169,1971
120,7,64,54883,77,51953,169,1971
120,7,64,54883,77,51953,169,1971
120,7,64,54883,77,51953,169,1971
120,7,64,54883,77,51953,169,1971
120,7,64,54883,77,51953,169,1971
120,7,64,54883,77,51953,169,1971
120,7,64,54883,77,51953,169,1971
120,7,64,54883,77,51953,169,1971
120,7,64,54883,77,51953,169,1971
120,7,64,54883,77,51953,169,1971
120,7,64,54883,77,51953,169,1971
120,7,64,54883,77,51953,169,1971
120,7,64,54883,77,51953,169,1971
120,7,64,54883,77,51953,169,1971
120,7,64,54883,77,51953,169,1971
120,7,64,54883,77,51953,169,1971
120,7,64,54883,77,51953,169,1971
120,7,64,54883,77,51953,169,1971
120,7,64,54883,77,51953,169,1971
120,7,64,54883,77,51953,169,1971
120,7,64,54883,77,51953,169,1971
120,7,64,54883,77,51953,169,1971
120,7,64,54883,77,51953,169,1971
120,7,64,54883,77,51953,169,1971
120,7,64,54883,77,51953,169,1971
120,7,64,54883,77,51953,169,1971
120,7,64,54883,77,51953,169,1971
120,7,64,54883,77,51953,169,1971
120,7,64,54883,77,51953,169,1971
120,7,64,54883,77,51953,169,1971
120,7,64,54883,77,51953,169,1971
120,7,64,54883,77,51953,169,1971
120,7,64,54883,77,51953,169,1971
120,7,64,54883,77,51953,169,1971
120,7,64,54883,77,51953,169,1971
120,7,64,54883,77,51953,169,1971
120,7,64,54883,77,51953,169,1971
120,7,64,54883,77,51953,169,1971
120,7,64,54883,77,51953,169,1971
120,7,64,54883,77,51953,169,1971
120,7,64,54883,77,51953,169,1971
120,7,64,54883,77,51953,169,1971
120,7,64,54883,77,51953,169,1971
120,7,64,54883,77,51953,169,1971
120,7,64,54883,77,51953,169,1971
120,7,64,54883,77,51953,169,1971
120,7,64,54883,77,51953,169,1971
120,7,64,54883,77,51953,169,1971
120,7,64,54883,77,51953,169,1971
120,7,64,54883,77,51953,169,1971
120,7,64,54883,77,51953,169,1971
120,7,64,54883,77,51953,169,1971
120,7,64,54883,77,51953,169,1971
120,7,64,54883,77,51953,169,1971
120,7,64,54883,77,51953,169,1971
120,7,64,54883,77,51953,169,1971
120,7,64,54883,77,51953,169,1971
120,7,64,54883,77,51953,169,1971
120,7,64,54883,77,51953,169,1971
120,8,64,54883,77,51953,169,1971
120,8,64,54883,77,51953,169,1971
120,8,64,54883,77,51953,169,1971
120,8,64,55444,77,52148,169,2858
120,8,64,55444,77,52148,169,2858
120,8,64,56152,77,52441,169,3973
120,8,64,56152,77,52441,169,3973
120,8,64,56738,77,52637,169,4889
120,8,64,57422,77,52881,169,6006
120,8,64,57422,77,52881,169,6006
120,8,64,58057,77,53125,169,6978
120,8,64,58057,77,53125,169,6978
120,8,64,58691,77,53369,169,8002
120,8,64,59375,77,53613,169,9083
120,8,64,59375,77,53613,169,9083
120,8,64,60034,77,53857,170,0142
120,8,64,60034,77,53857,170,0142
120,8,64,60669,77,54102,170,1134
120,8,64,61304,77,54297,170,2134
120,8,64,61304,77,54297,170,2134
120,8,64,61914,77,54541,170,3086
120,8,64,62451,77,54736,170,3956
120,8,64,62451,77,54736,170,3956
120,8,64,63086,77,5498,170,494
120,8,64,63086,77,5498,170,494
120,8,64,63696,77,55176,170,5912
120,8,64,64282,77,5542,170,686
120,8,64,64282,77,5542,170,686
120,8,64,64893,77,55615,170,7804
120,8,64,65503,77,55859,170,8777
120,8,64,65503,77,55859,170,8777
120,8,64,66113,77,56055,170,974
120,8,64,66675,77,56299,171,0618
120,8,64,66675,77,56299,171,0618
120,8,64,67212,77,56494,171,1476
120,8,64,67212,77,56494,171,1476
120,8,64,67212,77,56494,171,1476
120,8,64,67969,77,56738,171,2676
120,8,64,67969,77,56738,171,2676
120,8,64,67969,77,56738,171,2676
120,8,64,67969,77,56738,171,2676
120,8,64,67969,77,56738,171,2676
120,8,64,69067,77,57178,171,4427
120,8,64,69067,77,57178,171,4427
120,8,64,69067,77,57178,171,4427
120,8,64,70972,77,57861,171,7422
120,8,64,70972,77,57861,171,7422
120,8,64,71973,77,58252,171,9033
120,8,64,71973,77,58252,171,9033
120,8,64,71973,77,58252,171,9033
120,8,64,729,77,58545,172,0496
120,8,64,729,77,58545,172,0496
120,8,64,73755,77,58887,172,1853
120,8,64,73755,77,58887,172,1853
120,8,64,74658,77,59229,172,3276
120,8,64,74658,77,59229,172,3276
120,8,64,74658,77,59229,172,3276
120,8,64,75586,77,5957,172,4722
120,8,64,75586,77,5957,172,4722
120,8,64,75586,77,5957,172,4722
120,8,64,76563,77,59912,172,6288
120,8,64,76563,77,59912,172,6288
120,8,64,76563,77,59912,172,6288
120,8,64,77612,77,60303,172,7926
120,8,64,77612,77,60303,172,7926
120,8,64,78613,77,60645,172,9521
120,8,64,78613,77,60645,172,9521
120,8,64,79517,77,60986,173,0974
120,8,64,79517,77,60986,173,0974
120,8,64,79517,77,60986,173,0974
120,8,64,80396,77,61328,173,236
120,8,64,80396,77,61328,173,236
120,8,64,81323,77,6167,173,38
120,8,64,81323,77,6167,173,38
120,8,64,82227,77,61963,173,5227
120,8,64,82227,77,61963,173,5227
120,8,64,8269,77,62158,173,5977
120,9,64,8269,77,62158,173,5977
120,9,64,84204,77,62939,173,7485
120,9,64,84204,77,62939,173,7485
120,9,64,85498,77,63623,173,8789
120,9,64,85498,77,63623,173,8789
120,9,64,85498,77,63623,173,8789
120,9,64,85498,77,63623,173,8789
120,9,64,85498,77,63623,173,8789
120,9,64,86597,77,6416,173,9884
120,9,64,86597,77,6416,173,9884
120,9,64,86597,77,6416,173,9884
120,9,64,89526,77,65674,174,2798
120,9,64,90918,77,66406,174,4203
120,9,64,90918,77,66406,174,4203
120,9,64,90918,77,66406,174,4203
120,9,64,92065,77,66992,174,533
120,9,64,92065,77,66992,174,533
120,9,64,93457,77,67676,174,6721
120,9,64,93457,77,67676,174,6721
120,9,64,93457,77,67676,174,6721
120,9,64,94922,77,68457,174,8186
120,9,64,96265,77,69141,174,9532
120,9,64,96265,77,69141,174,9532
120,9,64,97217,77,69629,175,0477
120,9,64,97217,77,69629,175,0477
120,9,64,98242,77,70166,175,1509
120,9,64,99316,77,70703,175,2577
120,9,64,99316,77,70703,175,2577
120,9,65,00342,77,7124,175,3605
120,9,65,01245,77,71729,175,4496
120,9,65,01245,77,71729,175,4496
120,9,65,02222,77,72217,175,5481
120,9,65,03052,77,72656,175,63
120,9,65,03052,77,72656,175,63
120,9,65,03906,77,73096,175,7173
120,9,65,04761,77,73535,175,8029
120,9,65,04761,77,73535,175,8029
120,9,65,05713,77,74023,175,8956
120,9,65,05713,77,74023,175,8956
120,9,65,06592,77,74463,175,9845
120,9,65,06592,77,74463,175,9845
120,9,65,0769,77,75049,176,095
120,9,65,0769,77,75049,176,095
120,9,65,0769,77,75049,176,095
120,9,65,0769,77,75049,176,095
120,9,65,0769,77,75049,176,095
120,9,65,09229,77,7583,176,2474
120,9,65,09229,77,7583,176,2474
120,9,65,09229,77,7583,176,2474
120,9,65,09229,77,7583,176,2474
120,9,65,09229,77,7583,176,2474
120,9,65,12207,77,77344,176,5455
120,9,65,12207,77,77344,176,5455
120,9,65,15137,77,78857,176,8385
120,9,65,15137,77,78857,176,8385
120,9,65,16431,77,79541,176,9661
120,9,65,17358,77,7998,177,059
120,9,65,17358,77,7998,177,059
120,9,65,18311,77,80518,177,1559
120,9,65,18311,77,80518,177,1559
120,9,65,19214,77,80957,177,2449
120,9,65,20166,77,81445,177,3391
120,9,65,20166,77,81445,177,3391
120,9,65,21045,77,81885,177,4287
120,9,65,21973,77,82373,177,5197
120,9,65,21973,77,82373,177,5197
120,9,65,22998,77,8291,177,6227
120,9,65,23096,77,82959,177,6327
120,9,65,23096,77,82959,177,6327
120,9,65,24097,77,83545,177,7216
120,9,65,25024,77,84082,177,8029
120,9,65,25024,77,84082,177,8029
120,9,65,26074,77,84668,177,8962
120,9,65,27002,77,85205,177,9775
120,9,65,27002,77,85205,177,9775
120,9,65,28027,77,8584,178,0691
120,9,65,29126,77,86475,178,1653
120,9,65,29126,77,86475,178,1653
120,9,65,302,77,87061,178,2609
120,9,65,31226,77,87695,178,3516
120,9,65,31226,77,87695,178,3516
120,9,65,32202,77,88232,178,4384
120,9,65,32202,77,88232,178,4384
120,9,65,33252,77,88867,178,5314
120,9,65,34351,77,89502,178,6276
120,9,65,34351,77,89502,178,6276
120,9,65,354,77,90088,178,7208
120,9,65,36401,77,90674,178,8083
120,9,65,36401,77,90674,178,8083
120,9,65,37402,77,9126,178,8981
120,9,65,37402,77,9126,178,8981
120,9,65,38574,77,91943,179,0016
120,9,65,39795,77,92627,179,1086
120,9,65,39795,77,92627,179,1086
120,9,65,40845,77,93262,179,2024
120,9,65,41968,77,93896,179,3019
120,9,65,41968,77,93896,179,3019
120,9,65,42993,77,94531,179,3925
120,9,65,42993,77,94531,179,3925
120,9,65,44141,77,95166,179,4935
120,9,65,45166,77,95752,179,5847
120,9,65,45166,77,95752,179,5847
120,9,65,46216,77,96387,179,6779
120,9,65,46216,77,96387,179,6779
120,9,65,47266,77,96973,179,7693
120,9,65,48462,77,97656,179,8757
120,9,65,4939,77,98242,179,9583
120,9,65,4939,77,98242,179,9583
120,9,65,50342,77,98779,180,0426
120,9,65,51367,77,99365,180,1331
120,9,65,51367,77,99365,180,1331
120,9,65,52417,77,99951,180,2253
120,9,65,52417,77,99951,180,2253
120,9,65,53516,78,00586,180,3221
120,9,65,54468,78,01172,180,407
120,9,65,54468,78,01172,180,407
120,9,65,55493,78,01758,180,4979
120,9,65,56519,78,02344,180,5875
120,9,65,56519,78,02344,180,5875
120,9,65,5752,78,0293,180,6757
120,9,65,58521,78,03516,180,7646
120,9,65,58521,78,03516,180,7646
120,9,65,59546,78,04102,180,8564
120,9,65,59546,78,04102,180,8564
120,9,65,6084,78,04883,180,9695
120,9,65,6084,78,04883,180,9695
120,9,65,6084,78,04883,180,9695
120,9,65,62476,78,05811,181,1138
120,9,65,62476,78,05811,181,1138
120,9,65,62476,78,05811,181,1138
120,9,65,62476,78,05811,181,1138
120,9,65,64136,78,06787,181,2618
120,9,65,64136,78,06787,181,2618
120,9,65,64136,78,06787,181,2618
120,9,65,67163,78,08545,181,5298
120,9,65,67163,78,08545,181,5298
120,9,65,67773,78,08887,181,5833
120,9,65,698,78,09766,181,7029
120,9,65,698,78,09766,181,7029
120,9,65,71533,78,10498,181,804
120,9,65,71533,78,10498,181,804
120,9,65,71533,78,10498,181,804
120,9,65,73633,78,11377,181,9275
120,9,65,73633,78,11377,181,9275
120,9,65,75781,78,12305,182,0544
120,9,65,75781,78,12305,182,0544
120,9,65,78052,78,13232,182,1875
120,9,65,78052,78,13232,182,1875
120,9,65,802,78,1416,182,3147
120,9,65,802,78,1416,182,3147
120,9,65,802,78,1416,182,3147
120,9,65,82349,78,15088,182,4403
120,9,65,82349,78,15088,182,4403
120,9,65,85376,78,16357,182,619
120,9,65,85376,78,16357,182,619
120,9,65,85376,78,16357,182,619
120,9,65,87598,78,17334,182,7495
120,9,65,87598,78,17334,182,7495
120,9,65,89771,78,18262,182,8772
120,9,65,91724,78,19043,182,9916
120,9,65,9314,78,19678,183,0754
120,9,65,94312,78,20166,183,1445
120,9,65,94312,78,20166,183,1445
120,9,65,95605,78,20703,183,2198
120,9,65,96948,78,21289,183,299
120,9,65,96948,78,21289,183,299
120,9,65,98486,78,21973,183,3904
120,9,65,98486,78,21973,183,3904
120,9,65,98486,78,21973,183,3904
120,9,66,00659,78,22852,183,5171
120,10,66,00659,78,22852,183,5171
120,10,66,02856,78,23828,183,6473
120,10,66,02856,78,23828,183,6473
120,10,66,02856,78,23828,183,6473
120,10,66,02856,78,23828,183,6473
120,10,66,05298,78,24854,183,79
120,10,66,05298,78,24854,183,79
120,10,66,09692,78,26709,184,0488
120,10,66,09692,78,26709,184,0488
120,10,66,11621,78,27539,184,162
120,10,66,11621,78,27539,184,162
120,10,66,13306,78,28271,184,262
120,10,66,13306,78,28271,184,262
120,10,66,15405,78,2915,184,3848
120,10,66,16846,78,29736,184,4702
120,10,66,17944,78,30225,184,5343
120,10,66,19287,78,30811,184,6135
120,10,66,19287,78,30811,184,6135
120,10,66,20703,78,31396,184,6973
120,10,66,20703,78,31396,184,6973
120,10,66,21411,78,31689,184,7382
120,10,66,21411,78,31689,184,7382
120,10,66,2522,78,32617,184,8635
120,10,66,28516,78,33398,184,9731
120,10,66,28516,78,33398,184,9731
120,10,66,30762,78,33936,185,047
120,10,66,3291,78,34424,185,118
120,10,66,35107,78,34961,185,1901
120,10,66,37085,78,354,185,2561
120,10,66,38916,78,3584,185,3163
120,10,66,41016,78,36328,185,3854
120,10,66,41016,78,36328,185,3854
120,10,66,43188,78,36865,185,4575
120,10,66,4519,78,37354,185,5232
120,10,66,47339,78,37842,185,5942
120,10,66,49536,78,38379,185,6671
120,10,66,49536,78,38379,185,6671
120,10,66,51685,78,38867,185,7378
120,10,66,54297,78,39502,185,8242
120,10,66,56274,78,3999,185,8894
120,10,66,56274,78,3999,185,8894
120,10,66,58374,78,40479,185,9589
120,10,66,6062,78,41016,186,0332
120,10,66,6062,78,41016,186,0332
120,10,66,6062,78,41016,186,0332
120,10,66,6062,78,41016,186,0332
120,10,66,62866,78,41553,186,1072
120,10,66,62866,78,41553,186,1072
120,10,66,69458,78,43115,186,3248
120,10,66,69458,78,43115,186,3248
120,10,66,7312,78,43994,186,4458
120,10,66,7312,78,43994,186,4458
120,10,66,76782,78,44873,186,5665
120,10,66,79956,78,45605,186,6713
120,10,66,79956,78,45605,186,6713
120,10,66,82617,78,4624,186,7594
120,10,66,82617,78,4624,186,7594
120,10,66,82617,78,4624,186,7594
120,10,66,8606,78,4707,186,8735
120,10,66,8606,78,4707,186,8735
120,10,66,90137,78,48047,187,0079
120,10,66,90137,78,48047,187,0079
120,10,66,93823,78,48926,187,1292
120,10,66,93823,78,48926,187,1292
120,10,66,97314,78,49756,187,2449
120,10,67,00903,78,50586,187,363
120,10,67,00903,78,50586,187,363
120,10,67,03809,78,5127,187,4591
120,10,67,05981,78,51807,187,5308
120,10,67,07837,78,52246,187,5922
120,10,67,09814,78,52734,187,6577
120,10,67,11621,78,53174,187,7175
120,10,67,13745,78,53662,187,7872
120,10,67,13745,78,53662,187,7872
120,10,67,15918,78,54199,187,8593
120,10,67,17896,78,54639,187,9244
120,10,67,19922,78,55127,187,9918
120,10,67,19922,78,55127,187,9918
120,10,67,22217,78,55664,188,067
120,10,67,25171,78,56396,188,1647
120,10,67,27417,78,56934,188,2391
120,10,67,29175,78,57324,188,2966
120,11,67,29175,78,57324,188,2966
120,11,67,29175,78,57324,188,2966
120,11,67,30176,78,57568,188,3301
120,11,67,3833,78,58838,188,4982
120,11,67,3833,78,58838,188,4982
120,11,67,41016,78,59277,188,5536
120,11,67,44189,78,59766,188,6185
120,11,67,47168,78,60254,188,6801
120,11,67,5,78,60693,188,7385
120,11,67,53052,78,61182,188,8014
120,11,67,5647,78,61719,188,8718
120,11,67,5647,78,61719,188,8718
120,11,67,5957,78,62207,188,9354
120,11,67,62451,78,62646,188,9949
120,11,67,65723,78,63184,189,0623
120,11,67,68457,78,63623,189,1185
120,11,67,71436,78,64063,189,1801
120,11,67,74146,78,64502,189,2355
120,11,67,77319,78,6499,189,301
120,11,67,77319,78,6499,189,301
120,11,67,8042,78,65479,189,3649
120,11,67,8042,78,65479,189,3649
120,11,67,84155,78,66064,189,4419
120,11,67,84155,78,66064,189,4419
120,11,67,89624,78,66943,189,5548
120,11,67,94678,78,67725,189,6587
120,11,67,97656,78,68213,189,7202
120,11,67,97656,78,68213,189,7202
120,11,68,00464,78,68652,189,7778
120,11,68,04224,78,69238,189,8552
120,11,68,07349,78,69727,189,9196
120,11,68,07349,78,69727,189,9196
120,11,68,10791,78,70313,189,9907
120,11,68,15479,78,71045,190,087
120,11,68,18335,78,71484,190,1461
120,11,68,21387,78,71973,190,2086
120,11,68,2417,78,72412,190,2664
120,11,68,26587,78,72754,190,3159
120,11,68,29517,78,73242,190,3762
120,11,68,29517,78,73242,190,3762
120,11,68,3252,78,7373,190,438
120,11,68,3252,78,7373,190,438
120,11,68,3252,78,7373,190,438
120,11,68,3562,78,74219,190,5018
120,11,68,44165,78,75537,190,6781
120,12,68,4834,78,76221,190,764
120,12,68,4834,78,76221,190,764
120,12,68,50903,78,76611,190,817
120,12,68,54028,78,771,190,8811
120,12,68,56763,78,77539,190,9375
120,12,68,60498,78,78076,190,9808
120,12,68,64282,78,78662,191,0244
120,12,68,68384,78,79297,191,072
120,12,68,72363,78,79883,191,1182
120,12,68,75781,78,80371,191,1577
120,12,68,79639,78,80957,191,2024
120,12,68,87134,78,8208,191,2892
120,12,68,87134,78,8208,191,2892
120,12,68,90771,78,82617,191,3313
120,12,68,90771,78,82617,191,3313
120,12,68,95044,78,83252,191,3806
120,12,69,02832,78,84424,191,4709
120,12,69,02832,78,84424,191,4709
120,12,69,02832,78,84424,191,4709
120,12,69,10156,78,85498,191,5557
120,12,69,10156,78,85498,191,5557
120,12,69,18213,78,86719,191,649
120,12,69,2627,78,87939,191,7423
120,12,69,33203,78,88965,191,8226
120,12,69,33203,78,88965,191,8226
120,12,69,37451,78,896,191,8717
120,12,69,43262,78,90479,191,9388
120,12,69,47168,78,91064,191,9841
120,12,69,50781,78,91602,192,0259
120,12,69,53931,78,92041,192,0625
120,12,69,58032,78,92676,192,1099
120,12,69,65186,78,9375,192,1929
120,12,69,68652,78,94238,192,2329
120,12,69,71729,78,94727,192,2686
120,12,69,75098,78,95215,192,3076
120,12,69,78784,78,95752,192,3502
120,12,69,78784,78,95752,192,3502
120,12,69,78784,78,95752,192,3502
120,12,69,78784,78,95752,192,3502
120,12,69,82495,78,96338,192,3932
120,12,69,96729,78,98438,192,558
120,12,70,01245,78,99121,192,6102
120,12,70,04321,78,99609,192,6458
120,12,70,07983,79,00146,192,6882
120,12,70,125,79,0083,192,7406
120,12,70,16772,79,01465,192,79
120,12,70,21411,79,02148,192,8436
120,12,70,26025,79,02832,192,897
120,12,70,26025,79,02832,192,897
120,12,70,31079,79,03564,192,9556
120,12,70,35303,79,04199,193,0045
120,12,70,39844,79,04883,193,0573
120,12,70,44458,79,05566,193,1106
120,12,70,49365,79,06299,193,1672
120,12,70,50537,79,06494,193,1809
120,12,70,50537,79,06494,193,1809
120,12,70,50537,79,06494,193,1809
120,12,70,50537,79,06494,193,1809
120,12,70,50537,79,06494,193,1809
120,12,70,50537,79,06494,193,1809
120,12,70,50537,79,06494,193,1809
120,12,70,50537,79,06494,193,1809
120,12,70,50537,79,06494,193,1809
120,12,70,50537,79,06494,193,1809
120,12,70,50537,79,06494,193,1809
120,12,70,50537,79,06494,193,1809
120,12,70,50537,79,06494,193,1809
120,12,70,50537,79,06494,193,1809
120,12,70,50537,79,06494,193,1809
120,12,70,50537,79,06494,193,1809
120,12,70,50537,79,06494,193,1809
120,12,70,50537,79,06494,193,1809
120,12,70,56812,79,07471,193,2368
120,12,70,56812,79,07471,193,2368
120,12,70,63452,79,08496,193,2957
120,12,70,69678,79,09473,193,3511
120,12,70,69678,79,09473,193,3511
120,12,70,76172,79,10498,193,4087
120,12,70,81934,79,11377,193,4601
120,12,70,87524,79,12256,193,5098
120,12,70,87524,79,12256,193,5098
120,12,70,93408,79,13184,193,5621
120,12,70,99854,79,14209,193,6193
120,12,71,06421,79,15234,193,6776
120,12,71,06421,79,15234,193,6776
120,12,71,12573,79,16162,193,7323
120,12,71,198,79,17285,193,7966
120,12,71,198,79,17285,193,7966
120,12,71,26147,79,18311,193,853
120,12,71,31714,79,19189,193,9026
120,12,71,3772,79,20117,193,9561
120,12,71,3772,79,20117,193,9561
120,12,71,4397,79,21094,194,0116
120,12,71,49976,79,22021,194,0649
120,12,71,56299,79,22998,194,1211
120,12,71,56299,79,22998,194,1211
120,12,71,61768,79,23877,194,1698
120,12,71,61768,79,23877,194,1698
120,12,71,69019,79,25,194,2341
120,12,71,76147,79,26123,194,2976
120,12,71,76147,79,26123,194,2976
120,12,71,83154,79,27197,194,3599
120,12,71,89526,79,28174,194,4165
120,12,71,89526,79,28174,194,4165
120,12,71,96167,79,29248,194,4756
120,12,72,02368,79,30176,194,5306
120,12,72,02368,79,30176,194,5306
120,12,72,09717,79,31348,194,5959
120,12,72,16284,79,32373,194,6543
120,12,72,21948,79,33252,194,7048
120,12,72,21948,79,33252,194,7048
120,12,72,24463,79,33643,194,7271
120,12,72,24463,79,33643,194,7271
120,12,72,31665,79,34717,194,7756
120,12,72,40356,79,36084,194,8342
120,12,72,40356,79,36084,194,8342
120,12,72,47754,79,37207,194,8843
120,12,72,55176,79,3833,194,9342
120,12,72,62134,79,39404,194,9812
120,12,72,62134,79,39404,194,9812
120,12,72,69092,79,4043,195,0281
120,12,72,7583,79,41455,195,0735
120,12,72,7583,79,41455,195,0735
120,12,72,82959,79,42578,195,1217
120,12,72,90747,79,4375,195,1742
120,12,72,90747,79,4375,195,1742
120,12,72,98242,79,44873,195,2247
120,12,73,04736,79,45898,195,2686
120,12,73,10669,79,46777,195,3086
120,12,73,10669,79,46777,195,3086
120,12,73,17041,79,47754,195,3516
120,12,73,17041,79,47754,195,3516
120,12,73,17041,79,47754,195,3516
120,12,73,2771,79,49414,195,4236
120,12,73,2771,79,49414,195,4236
120,12,73,38647,79,51074,195,4974
120,12,73,38647,79,51074,195,4974
120,12,73,38647,79,51074,195,4974
120,12,73,38647,79,51074,195,4974
120,12,73,49072,79,52637,195,5677
120,12,73,49072,79,52637,195,5677
120,12,73,49072,79,52637,195,5677
120,12,73,71655,79,56104,195,7201
120,12,73,71655,79,56104,195,7201
120,12,73,83325,79,57861,195,7987
120,12,73,83325,79,57861,195,7987
120,12,73,94287,79,5957,195,8727
120,12,73,94287,79,5957,195,8727
120,12,74,04517,79,61084,195,9417
120,12,74,1394,79,62549,196,0052
120,12,74,1394,79,62549,196,0052
120,12,74,1394,79,62549,196,0052
120,12,74,21899,79,6377,196,0591
120,12,74,21899,79,6377,196,0591
120,12,74,32861,79,6543,196,1329
120,12,74,42358,79,66846,196,1804
120,12,74,49268,79,67822,196,215
120,12,74,54907,79,68652,196,243
120,12,74,60938,79,6958,196,2732
120,12,74,66821,79,7041,196,3025
120,12,74,66821,79,7041,196,3025
120,12,74,73169,79,71387,196,3344
120,12,74,79712,79,72314,196,3669
120,12,74,86719,79,7334,196,402
120,12,74,92114,79,7417,196,429
120,12,74,98608,79,75098,196,4613
120,12,74,98608,79,75098,196,4613
120,12,75,04932,79,76025,196,493
120,12,75,11694,79,77051,196,5267
120,12,75,17114,79,77832,196,5538
120,12,75,22998,79,78711,196,5833
120,12,75,29932,79,79736,196,6179
120,12,75,35645,79,80566,196,6464
120,12,75,35645,79,80566,196,6464
120,12,75,42993,79,81641,196,6831
120,12,75,49194,79,82568,196,7141
120,12,75,5481,79,83398,196,7421
120,12,75,5481,79,83398,196,7421
120,12,75,5481,79,83398,196,7421
120,12,75,5481,79,83398,196,7421
120,12,75,61865,79,84424,196,7775
120,12,75,61865,79,84424,196,7775
120,12,75,81372,79,87305,196,8749
120,12,75,81372,79,87305,196,8749
120,12,75,9104,79,88721,196,9231
120,12,76,03271,79,90527,196,9843
120,12,76,09155,79,91406,197,0137
120,12,76,16382,79,92432,197,0497
120,12,76,16382,79,92432,197,0497
120,12,76,22046,79,93262,197,078
120,12,76,2915,79,94336,197,1135
120,12,76,35913,79,95313,197,1472
120,12,76,41382,79,96143,197,1747
120,12,76,48413,79,97168,197,2098
120,12,76,54077,79,97998,197,238
120,12,76,54077,79,97998,197,238
120,12,76,59497,79,98779,197,2651
120,12,76,66089,79,99756,197,2981
120,12,76,73511,80,00879,197,3351
120,12,76,80078,80,01807,197,368
120,12,76,84912,80,02539,197,3921
120,12,76,90771,80,03369,197,4199
120,12,76,96094,80,04102,197,4454
120,12,77,0188,80,04883,197,4729
120,12,77,0188,80,04883,197,4729
120,12,77,07837,80,05762,197,5013
120,12,77,13794,80,06543,197,5297
120,12,77,2019,80,07471,197,5602
120,12,77,27319,80,08447,197,5942
120,12,77,27319,80,08447,197,5942
120,12,77,33569,80,09326,197,6239
120,12,77,40259,80,10254,197,6559
120,12,77,40259,80,10254,197,6559
120,12,77,4873,80,11426,197,6963
120,12,77,4873,80,11426,197,6963
120,12,77,60083,80,13037,197,7504
120,12,77,60083,80,13037,197,7504
120,12,77,71021,80,14551,197,8025
120,12,77,71021,80,14551,197,8025
120,12,77,71021,80,14551,197,8025
120,12,77,71021,80,14551,197,8025
120,12,77,78564,80,15625,197,8385
120,12,78,02124,80,18896,197,9507
120,12,78,02124,80,18896,197,9507
120,12,78,08716,80,19824,197,9821
120,12,78,15405,80,20752,198,0139
120,12,78,21875,80,21631,198,0448
120,12,78,2915,80,22656,198,0795
120,12,78,2915,80,22656,198,0795
120,12,78,36328,80,23682,198,1136
120,12,78,43042,80,24609,198,1456
120,12,78,50586,80,25635,198,1816
120,12,78,50586,80,25635,198,1816
120,12,78,57617,80,26611,198,2152
120,12,78,64136,80,27539,198,2462
120,12,78,70581,80,28418,198,2769
120,12,78,76538,80,29248,198,3053
120,12,78,83716,80,30273,198,3396
120,12,78,83716,80,30273,198,3396
120,12,78,89941,80,31152,198,3693
120,12,78,96094,80,31982,198,3984
120,12,79,03418,80,33008,198,4335
120,12,79,0979,80,33887,198,4637
120,12,79,0979,80,33887,198,4637
120,12,79,16772,80,34863,198,4971
120,12,79,23706,80,3584,198,53
120,12,79,30078,80,36719,198,5604
120,12,79,37085,80,37695,198,5938
120,12,79,42822,80,38525,198,6212
120,12,79,42822,80,38525,198,6212
120,12,79,49561,80,39453,198,6533
120,12,79,55298,80,40234,198,6807
120,12,79,62061,80,41211,198,7129
120,12,79,68848,80,42139,198,7451
120,12,79,74561,80,4292,198,7725
120,12,79,76489,80,43213,198,7816
120,12,79,76489,80,43213,198,7816
120,12,79,76489,80,43213,198,7816
120,12,79,76489,80,43213,198,7816
120,12,79,76489,80,43213,198,7816
120,12,79,76489,80,43213,198,7816
120,12,79,76489,80,43213,198,7816
120,12,79,76489,80,43213,198,7816
120,12,79,76489,80,43213,198,7816
120,12,79,76489,80,43213,198,7816
120,12,79,76489,80,43213,198,7816
120,12,79,76489,80,43213,198,7816
120,12,79,76489,80,43213,198,7816
120,12,79,76489,80,43213,198,7816
120,12,79,76489,80,43213,198,7816
120,12,79,76489,80,43213,198,7816
120,12,79,76489,80,43213,198,7816
120,12,79,76489,80,43213,198,7816
120,12,79,76489,80,43213,198,7816
120,12,79,76489,80,43213,198,7816
120,12,79,76489,80,43213,198,7816
120,12,79,82642,80,44043,198,809
120,12,79,82642,80,44043,198,809
120,12,79,89014,80,44922,198,8373
120,12,79,95996,80,4585,198,8683
120,12,80,02588,80,46729,198,8976
120,12,80,08179,80,4751,198,9224
120,12,80,13745,80,48242,198,9471
120,12,80,20874,80,49219,198,979
120,12,80,27026,80,50049,199,0062
120,12,80,27026,80,50049,199,0062
120,12,80,33325,80,50928,199,0342
120,12,80,40015,80,51807,199,064
120,12,80,46313,80,52637,199,0919
120,12,80,52148,80,53467,199,1179
120,12,80,58691,80,54346,199,147
120,12,80,65527,80,55273,199,1774
120,12,80,71265,80,56055,199,2029
120,12,80,71265,80,56055,199,2029
120,12,80,76855,80,56787,199,2278
120,12,80,82593,80,57568,199,2532
120,12,80,88403,80,5835,199,2791
120,12,80,94922,80,59229,199,308
120,12,81,0061,80,6001,199,3333
120,12,81,06128,80,60742,199,3578
120,12,81,12769,80,6167,199,3875
120,12,81,18848,80,625,199,4143
120,12,81,24658,80,63281,199,4402
120,12,81,24658,80,63281,199,4402
120,12,81,30933,80,64111,199,468
120,12,81,30933,80,64111,199,468
120,12,81,41284,80,65527,199,5142
120,12,81,41284,80,65527,199,5142
120,12,81,51611,80,66895,199,5599
120,12,81,51611,80,66895,199,5599
120,12,81,51611,80,66895,199,5599
120,12,81,58765,80,67871,199,5918
120,12,81,79004,80,70605,199,6816
120,12,81,79004,80,70605,199,6816
120,12,81,85449,80,71484,199,7104
120,12,81,9231,80,72412,199,7408
120,12,81,98022,80,73193,199,7662
120,12,82,03833,80,73975,199,7921
120,12,82,10327,80,74854,199,821
120,12,82,15796,80,75586,199,8452
120,12,82,21753,80,76416,199,8717
120,12,82,28491,80,77295,199,9017
120,12,82,28491,80,77295,199,9017
120,12,82,34009,80,78076,199,9263
120,12,82,40137,80,78906,199,9534
120,12,82,47363,80,79883,199,9856
120,12,82,53931,80,80762,200,0149
120,12,82,60229,80,81592,200,0427
120,12,82,66089,80,82422,200,0688
120,12,82,71704,80,83154,200,0938
120,12,82,71704,80,83154,200,0938
120,12,82,77539,80,83936,200,1198
120,12,82,84473,80,84912,200,1505
120,12,82,92017,80,85938,200,1841
120,12,82,97754,80,8667,200,2095
120,12,83,03809,80,875,200,2366
120,12,83,03809,80,875,200,2366
120,12,83,10059,80,88379,200,2642
120,12,83,177,80,89404,200,2982
120,12,83,2439,80,90283,200,3279
120,12,83,30835,80,91162,200,3566
120,12,83,30835,80,91162,200,3566
120,12,83,37476,80,92041,200,3861
120,12,83,43726,80,9292,200,4139
120,12,83,49634,80,93701,200,4402
120,12,83,5603,80,9458,200,4686
120,12,83,61646,80,95313,200,4935
120,12,83,67603,80,96143,200,52
120,12,83,7356,80,96924,200,5465
120,12,83,75537,80,97217,200,5553
120,12,83,81836,80,98096,200,5731
120,12,83,88428,80,99023,200,5918
120,12,83,9436,80,99854,200,6086
120,12,83,9436,80,99854,200,6086
120,12,84,01172,81,00781,200,6279
120,12,84,07764,81,01709,200,6466
120,12,84,13159,81,0249,200,6619
120,12,84,20654,81,03516,200,6831
120,12,84,27393,81,04492,200,7021
120,12,84,33716,81,05371,200,7202
120,12,84,40625,81,06348,200,7397
120,12,84,40625,81,06348,200,7397
120,12,84,46509,81,07129,200,7563
120,12,84,53271,81,08105,200,7755
120,12,84,60303,81,09082,200,7954
120,12,84,67529,81,10107,200,8159
120,12,84,67529,81,10107,200,8159
120,12,84,75415,81,11182,200,8383
120,12,84,82983,81,12256,200,8597
120,12,84,90161,81,13281,200,8801
120,12,84,9707,81,14209,200,8997
120,12,85,03101,81,15088,200,9167
120,12,85,03101,81,15088,200,9167
120,12,85,08716,81,15869,200,9326
120,12,85,15698,81,16846,200,9524
120,12,85,22144,81,17725,200,9707
120,12,85,28052,81,18555,200,9874
120,12,85,33765,81,19385,201,0037
120,12,85,40845,81,20361,201,0237
120,12,85,47119,81,2124,201,0415
120,12,85,47119,81,2124,201,0415
120,12,85,54639,81,22266,201,0627
120,12,85,61499,81,23242,201,0823
120,12,85,69336,81,24365,201,1045
120,12,85,74951,81,25146,201,1204
120,12,85,81104,81,25977,201,1378
120,12,85,89063,81,271,201,1603
120,12,85,89063,81,271,201,1603
120,12,85,94946,81,2793,201,177
120,12,86,02075,81,28906,201,1971
120,12,86,08936,81,29883,201,2166
120,12,86,15234,81,30762,201,2345
120,12,86,21997,81,31738,201,2537
120,12,86,28369,81,32617,201,2716
120,12,86,28369,81,32617,201,2716
120,12,86,34717,81,33496,201,2897
120,12,86,41675,81,34473,201,3093
120,12,86,49097,81,35498,201,3304
120,12,86,57031,81,36621,201,3529
120,12,86,63965,81,37598,201,3726
120,12,86,63965,81,37598,201,3726
120,12,86,69434,81,38379,201,3881
120,12,86,76245,81,39307,201,4073
120,12,86,82739,81,40234,201,4257
120,12,86,89282,81,41113,201,4443
120,12,86,95435,81,41992,201,4617
120,12,87,01855,81,4292,201,48
120,12,87,07764,81,43701,201,4966
120,12,87,13965,81,4458,201,5143
120,12,87,19385,81,45361,201,5295
120,12,87,24829,81,46094,201,5449
120,12,87,31177,81,47021,201,563
120,12,87,33423,81,47314,201,5693
120,12,87,39746,81,48096,201,5834
120,12,87,39746,81,48096,201,5834
120,12,87,46338,81,48926,201,5981
120,12,87,52808,81,49707,201,6124
120,12,87,59253,81,50488,201,6267
120,12,87,6626,81,51367,201,6423
120,12,87,72852,81,52148,201,6571
120,12,87,78784,81,52881,201,6703
120,12,87,86011,81,53809,201,6863
120,12,87,91626,81,54492,201,6987
120,12,87,91626,81,54492,201,6987
120,12,87,98901,81,55371,201,715
120,12,88,05542,81,56201,201,7297
120,12,88,12109,81,56982,201,7444
120,12,88,18335,81,57764,201,7582
120,12,88,18335,81,57764,201,7582
120,12,88,18335,81,57764,201,7582
120,12,88,18335,81,57764,201,7582
120,12,88,18335,81,57764,201,7582
120,12,88,2522,81,58594,201,7736
120,12,88,2522,81,58594,201,7736
120,12,88,54272,81,62207,201,8381
120,12,88,54272,81,62207,201,8381
120,12,88,66675,81,63721,201,8657
120,12,88,76758,81,64941,201,8882
120,12,88,85718,81,66064,201,9081
120,12,88,91528,81,66797,201,921
120,12,88,91528,81,66797,201,921
120,12,88,97754,81,67529,201,9349
120,12,89,04419,81,68359,201,9497
120,12,89,1123,81,69189,201,9648
120,12,89,1123,81,69189,201,9648
120,12,89,19824,81,70264,201,984
120,12,89,19824,81,70264,201,984
120,12,89,32129,81,71777,202,0114
120,12,89,39014,81,72607,202,0267
120,12,89,39014,81,72607,202,0267
120,12,89,48438,81,73779,202,0476
120,12,89,58154,81,74951,202,0692
120,12,89,58154,81,74951,202,0692
120,12,89,64746,81,75781,202,0839
120,12,89,73877,81,76904,202,1042
120,12,89,80225,81,77686,202,1184
120,12,89,80225,81,77686,202,1184
120,12,89,88721,81,78711,202,1372
120,12,89,97778,81,79834,202,1573
120,12,89,97778,81,79834,202,1573
120,12,90,07056,81,81006,202,178
120,12,90,18237,81,82373,202,2029
120,12,90,18237,81,82373,202,2029
120,12,90,24707,81,83154,202,2173
120,12,90,31909,81,84033,202,2333
120,12,90,41187,81,85205,202,2539
120,12,90,47046,81,85889,202,267
120,12,90,47046,81,85889,202,267
120,12,90,53735,81,86719,202,2819
120,12,90,61401,81,87695,202,299
120,12,90,68677,81,88574,202,3151
120,12,90,75244,81,89404,202,3297
120,12,90,75244,81,89404,202,3297
120,12,90,84106,81,90479,202,3494
120,12,90,84106,81,90479,202,3494
120,12,90,9292,81,91553,202,369
120,12,91,02808,81,92773,202,391
120,12,91,02808,81,92773,202,391
120,12,91,12451,81,93945,202,4125
120,12,91,12451,81,93945,202,4125
120,12,91,22412,81,95166,202,4346
120,12,91,3103,81,9624,202,4537
120,12,91,39893,81,97314,202,4735
120,12,91,47388,81,98242,202,4902
120,12,91,51929,81,98828,202,5002
120,12,91,56836,81,99414,202,5112
120,12,91,6626,82,00586,202,5321
120,12,91,70581,82,01123,202,5417
120,12,91,75342,82,01709,202,5524
120,12,91,84741,82,02881,202,5732
120,12,91,88647,82,0332,202,582
120,12,91,92749,82,03857,202,5911
120,12,91,97241,82,04395,202,6011
120,12,92,01636,82,04785,202,6113
120,12,92,09644,82,05566,202,6299
120,12,92,14038,82,05957,202,6401
120,12,92,17725,82,06299,202,6487
120,12,92,2666,82,07129,202,6696
120,12,92,30786,82,0752,202,6791
120,12,92,35498,82,07959,202,6901
120,12,92,39648,82,0835,202,6997
120,12,92,49463,82,09277,202,7225
120,12,92,54028,82,09717,202,7332
120,12,92,58521,82,10107,202,7437
120,12,92,67407,82,10938,202,7643
120,12,92,71631,82,11377,202,7742
120,12,92,76025,82,11768,202,7843
120,12,92,85229,82,12646,202,8057
120,12,92,88916,82,12988,202,8143
120,12,92,92749,82,1333,202,8232
120,12,93,02466,82,14258,202,8458
120,12,93,07422,82,14697,202,8573
120,12,93,11768,82,15088,202,8674
120,12,93,16724,82,15576,202,879
120,12,93,20996,82,15967,202,8889
120,12,93,27368,82,16553,202,9037
120,12,93,37573,82,17529,202,9275
120,12,93,42456,82,17969,202,9388
120,12,93,47144,82,18408,202,9497
120,12,93,51538,82,18848,202,96
120,12,93,60718,82,19678,202,9813
120,12,93,65381,82,20117,202,9922
120,12,93,69458,82,20508,203,0017
120,12,93,74316,82,20947,203,0129
120,12,93,83813,82,21826,203,035
120,12,93,88208,82,22266,203,0452
120,12,93,92334,82,22656,203,0548
120,12,94,01245,82,23486,203,0756
120,12,94,0625,82,23926,203,0872
120,12,94,10889,82,24365,203,098
120,12,94,16748,82,24951,203,1117
120,12,94,21558,82,25391,203,1228
120,12,94,30688,82,26221,203,144
120,12,94,354,82,2666,203,155
120,12,94,38965,82,27002,203,1633
120,12,94,47778,82,27832,203,1838
120,12,94,52832,82,2832,203,1956
120,12,94,5686,82,28662,203,205
120,12,94,61353,82,29102,203,2153
120,12,94,71411,82,30029,203,2388
120,12,94,76001,82,30469,203,2494
120,12,94,80127,82,30859,203,259
120,12,94,84839,82,31299,203,27
120,12,94,93823,82,32129,203,2909
120,12,94,97632,82,3252,203,2998
120,12,95,02148,82,3291,203,3103
120,12,95,11621,82,33789,203,3323
120,12,95,15747,82,3418,203,3419
120,12,95,177,82,34375,203,3464
120,12,95,2605,82,34619,203,3802
120,12,95,30884,82,34766,203,3999
120,12,95,34814,82,34863,203,4159
120,12,95,43384,82,35156,203,4506
120,12,95,47412,82,35254,203,467
120,12,95,5144,82,354,203,4833
120,12,95,59473,82,35645,203,5159
120,12,95,63623,82,35742,203,5327
120,12,95,67822,82,35889,203,5498
120,12,95,76343,82,36133,203,5844
120,12,95,80298,82,3623,203,6005
120,12,95,85278,82,36377,203,6206
120,12,95,93677,82,36621,203,6548
120,12,95,97876,82,36768,203,6718
120,12,96,02344,82,36914,203,6899
120,12,96,10034,82,37109,203,7211
120,12,96,14795,82,37256,203,7404
120,12,96,18286,82,37354,203,7546
120,12,96,26758,82,37646,203,7888
120,12,96,3125,82,37744,203,8071
120,12,96,35083,82,37891,203,8226
120,12,96,39795,82,38037,203,8418
120,12,96,44897,82,38184,203,8625
120,12,96,49414,82,38281,203,8809
120,12,96,60327,82,38623,203,9252
120,12,96,64648,82,3877,203,9426
120,12,96,68384,82,38867,203,9578
120,12,96,73145,82,39014,203,9771
120,12,96,77612,82,3916,203,9952
120,12,96,82104,82,39258,204,0134
120,12,96,88965,82,39502,204,0414
120,12,96,9834,82,39746,204,0793
120,12,97,02612,82,39893,204,0967
120,12,97,06616,82,3999,204,1129
120,12,97,15405,82,40283,204,1486
120,12,97,19727,82,40381,204,1661
120,12,97,24194,82,40527,204,1843
120,12,97,28613,82,40674,204,2021
120,12,97,37817,82,40918,204,2395
120,12,97,42236,82,41064,204,2574
120,12,97,46729,82,41211,204,2756
120,12,97,51318,82,41357,204,2943
120,12,97,55469,82,41455,204,3112
120,12,97,60205,82,41602,204,3303
120,12,97,67114,82,41797,204,3584
120,12,97,72168,82,41943,204,3788
120,12,97,76538,82,4209,204,3966
120,12,97,87769,82,42432,204,4421
120,12,97,92261,82,42578,204,4604
120,12,97,96558,82,42676,204,4778
120,12,98,00781,82,42822,204,4949
120,12,98,06665,82,43018,204,5188
120,12,98,11401,82,43115,204,5381
120,12,98,16089,82,43262,204,5571
120,12,98,18872,82,43359,204,5684
120,12,98,24072,82,43066,204,6132
120,12,98,30298,82,42676,204,6667
120,12,98,33887,82,4248,204,6978
120,12,98,37598,82,42236,204,7296
120,12,98,41528,82,42041,204,7635
120,12,98,46899,82,41699,204,8098
120,12,98,55249,82,41211,204,8818
120,12,98,59082,82,40967,204,9148
120,12,98,62793,82,40771,204,9468
120,12,98,66577,82,40527,204,9792
120,12,98,70386,82,40332,205,0122
120,12,98,77979,82,39844,205,0778
120,12,98,81689,82,39648,205,1097
120,12,98,85303,82,39404,205,1406
120,12,98,8916,82,39209,205,174
120,12,98,92871,82,38965,205,2059
120,12,98,97363,82,38721,205,2446
120,12,99,05078,82,38232,205,311
120,12,99,08911,82,38037,205,3442
120,12,99,12891,82,37793,205,3785
120,12,99,16553,82,37549,205,4102
120,12,99,23535,82,37158,205,4702
120,12,99,27026,82,36963,205,5004
120,12,99,30786,82,36719,205,5326
120,12,99,3479,82,36475,205,5671
120,12,99,41943,82,36084,205,6288
120,12,99,45288,82,35889,205,6575
120,12,99,48706,82,35645,205,687
120,12,99,52197,82,35449,205,717
120,12,99,60034,82,3501,205,7847
120,12,99,63672,82,34766,205,816
120,12,99,67456,82,3457,205,8486
120,12,99,71484,82,34326,205,8833
120,12,99,75293,82,34082,205,9161
120,12,99,82788,82,33643,205,9806
120,12,99,86377,82,33447,206,0116
120,12,99,90112,82,33203,206,0437
120,12,99,93848,82,33008,206,0759
120,12,99,95215,82,3291,206,0878
120,12,99,95215,82,3291,206,0878
120,12,99,95215,82,3291,206,0878
120,12,99,95215,82,3291,206,0878
120,12,99,95215,82,3291,206,0878
120,12,99,95215,82,3291,206,0878
120,12,99,95215,82,3291,206,0878
120,12,99,95215,82,3291,206,0878
120,12,99,95215,82,3291,206,0878
120,12,100,0002,82,32422,206,1335
120,12,100,0503,82,31885,206,1814
120,12,100,0503,82,31885,206,1814
120,12,100,1074,82,3125,206,2358
120,12,100,157,82,30762,206,2831
120,12,100,2241,82,30029,206,3472
120,12,100,272,82,29541,206,3927
120,12,100,3225,82,29004,206,4409
120,12,100,3225,82,29004,206,4409
120,12,100,3667,82,28516,206,483
120,12,100,4338,82,27783,206,5471
120,12,100,4863,82,27246,206,5972
120,12,100,5354,82,26709,206,6438
120,12,100,5789,82,2627,206,6853
120,12,100,5789,82,2627,206,6853
120,12,100,6233,82,25781,206,7277
120,12,100,6802,82,25195,206,782
120,12,100,728,82,24658,206,8275
120,12,100,7727,82,24219,206,8702
120,12,100,8191,82,2373,206,9143
120,12,100,8679,82,23193,206,9609
120,12,100,9158,82,22705,207,0066
120,12,100,9626,82,22168,207,0511
120,12,101,01,82,2168,207,0964
120,12,101,01,82,2168,207,0964
120,12,101,054,82,2124,207,1383
120,12,101,1047,82,20703,207,1866
120,12,101,1633,82,20068,207,2426
120,12,101,217,82,19482,207,2938
120,12,101,2639,82,18994,207,3384
120,12,101,3074,82,18555,207,38
120,12,101,3074,82,18555,207,38
120,12,101,3518,82,18066,207,4222
120,12,101,4077,82,1748,207,4757
120,12,101,459,82,16943,207,5247
120,12,101,5049,82,16455,207,5684
120,12,101,5264,82,16211,207,5887
120,12,101,5264,82,16211,207,5887
120,12,101,5264,82,16211,207,5887
120,12,101,5264,82,16211,207,5887
120,12,101,5264,82,16211,207,5887
120,12,101,5264,82,16211,207,5887
120,12,101,5264,82,16211,207,5887
120,12,101,5264,82,16211,207,5887
120,12,101,5264,82,16211,207,5887
120,12,101,5264,82,16211,207,5887
120,12,101,5264,82,16211,207,5887
120,12,101,5264,82,16211,207,5887
120,12,101,5264,82,16211,207,5887
120,12,101,5264,82,16211,207,5887
120,12,101,5264,82,16211,207,5887
120,12,101,5264,82,16211,207,5887
120,12,101,5264,82,16211,207,5887
120,12,101,5691,82,15771,207,6372
120,12,101,6218,82,15186,207,6973
120,12,101,6218,82,15186,207,6973
120,12,101,6787,82,146,207,7617
120,12,101,7239,82,14111,207,8132
120,12,101,7688,82,13623,207,8644
120,12,101,8115,82,13184,207,9127
120,12,101,8511,82,12744,207,9576
120,12,101,8926,82,12305,208,0049
120,12,101,9324,82,11865,208,0502
120,12,101,9758,82,11426,208,0994
120,12,102,021,82,10938,208,1509
120,12,102,0618,82,10498,208,197
120,12,102,1074,82,1001,208,2489
120,12,102,1477,82,0957,208,2948
120,12,102,1909,82,09082,208,344
120,12,102,2329,82,08643,208,3916
120,12,102,2329,82,08643,208,3916
120,12,102,2737,82,08203,208,438
120,12,102,3181,82,07715,208,4884
120,12,102,3635,82,07227,208,54
120,12,102,4041,82,06836,208,5861
120,12,102,4414,82,06396,208,6284
120,12,102,4866,82,05957,208,6799
120,12,102,4866,82,05957,208,6799
120,12,102,5339,82,0542,208,7336
120,12,102,5999,82,04736,208,8086
120,12,102,6426,82,04248,208,8572
120,12,102,6833,82,03809,208,9034
120,12,102,7209,82,03418,208,946
120,12,102,7659,82,0293,208,9973
120,12,102,7659,82,0293,208,9973
120,12,102,8257,82,02295,209,0652
120,12,102,8879,82,0166,209,1359
120,12,102,9292,82,01221,209,1829
120,12,102,97,82,00781,209,229
120,12,103,0076,82,00342,209,272
120,12,103,0442,81,99951,209,3136
120,12,103,0842,81,99561,209,3591
120,12,103,1206,81,9917,209,4004
120,12,103,165,81,98682,209,4507
120,12,103,2065,81,98242,209,4978
120,12,103,219,81,98096,209,5121
120,12,103,219,81,98096,209,5121
120,12,103,219,81,98096,209,5121
120,12,103,219,81,98096,209,5121
120,12,103,219,81,98096,209,5121
120,12,103,219,81,98096,209,5121
120,12,103,219,81,98096,209,5121
120,12,103,219,81,98096,209,5121
120,12,103,219,81,98096,209,5121
120,12,103,219,81,98096,209,5121
120,12,103,219,81,98096,209,5121
120,12,103,219,81,98096,209,5121
120,12,103,219,81,98096,209,5121
120,12,103,219,81,98096,209,5121
120,12,103,219,81,98096,209,5121
120,12,103,219,81,98096,209,5121
120,12,103,219,81,98096,209,5121
120,12,103,219,81,98096,209,5121
120,12,103,219,81,98096,209,5121
120,12,103,219,81,98096,209,5121
120,12,103,219,81,98096,209,5121
120,12,103,219,81,98096,209,5121
120,12,103,219,81,98096,209,5121
120,12,103,219,81,98096,209,5121
120,12,103,219,81,98096,209,5121
120,12,103,219,81,98096,209,5121
120,12,103,219,81,98096,209,5121
120,12,103,219,81,98096,209,5121
120,12,103,219,81,98096,209,5121
120,12,103,2585,81,97852,209,5652
120,12,103,2925,81,97656,209,6111
120,12,103,3293,81,97461,209,6604
120,12,103,365,81,97217,209,7086
120,12,103,4001,81,97021,209,7559
120,12,103,4382,81,96777,209,8073
120,12,103,4753,81,96582,209,8571
120,12,103,5085,81,96387,209,9016
120,12,103,542,81,96191,209,9465
120,12,103,5764,81,95996,209,9932
120,12,103,6143,81,95752,210,0441
120,12,103,6592,81,95508,210,1045
120,12,103,6951,81,95264,210,1528
120,12,103,7312,81,95068,210,2013
120,12,103,7642,81,94873,210,2457
120,12,103,8057,81,94629,210,3015
120,12,103,8057,81,94629,210,3015
120,12,103,845,81,94385,210,3545
120,12,103,8816,81,94189,210,4037
120,12,103,9531,81,9375,210,5
120,12,103,9883,81,93555,210,5472
120,12,104,0229,81,93359,210,594
120,12,104,0564,81,93164,210,639
120,12,104,0925,81,9292,210,6875
120,12,104,1284,81,92725,210,736
120,12,104,1284,81,92725,210,736
120,12,104,2036,81,92285,210,8369
120,12,104,2385,81,9209,210,884
120,12,104,2717,81,91846,210,9288
120,12,104,3054,81,9165,210,9741
120,12,104,3054,81,9165,210,9741
120,12,104,3833,81,91211,211,079
120,12,104,4165,81,91016,211,1235
120,12,104,45,81,9082,211,1685
120,12,104,4832,81,90625,211,2133
120,12,104,5144,81,9043,211,2554
120,12,104,5486,81,90234,211,3013
120,12,104,5813,81,90039,211,3453
120,12,104,5813,81,90039,211,3453
120,12,104,5813,81,90039,211,3453
120,12,104,5813,81,90039,211,3453
120,12,104,5813,81,90039,211,3453
120,12,104,5813,81,90039,211,3453
120,12,104,5813,81,90039,211,3453
120,12,104,5813,81,90039,211,3453
120,12,104,5813,81,90039,211,3453
120,12,104,5813,81,90039,211,3453
120,12,104,5813,81,90039,211,3453
120,12,104,5813,81,90039,211,3453
120,12,104,5813,81,90039,211,3453
120,12,104,5813,81,90039,211,3453
120,12,104,5813,81,90039,211,3453
120,12,104,5813,81,90039,211,3453
120,12,104,5813,81,90039,211,3453
120,12,104,5813,81,90039,211,3453
120,12,104,6206,81,8999,211,4263
120,12,104,6589,81,89941,211,5048
120,12,104,7009,81,89893,211,5908
120,12,104,7261,81,89893,211,6428
120,12,104,749,81,89844,211,6899
120,12,104,7747,81,89795,211,7424
120,12,104,7983,81,89795,211,7909
120,12,104,8225,81,89746,211,8409
120,12,104,8472,81,89746,211,8915
120,12,104,8745,81,89697,211,9475
120,12,104,9016,81,89648,212,0033
120,12,104,9263,81,89648,212,054
120,12,104,95,81,896,212,1027
120,12,104,9739,81,896,212,1515
120,12,105,0022,81,89551,212,2096
120,12,105,0259,81,89502,212,2584
120,12,105,0601,81,89502,212,3289
120,12,105,0862,81,89453,212,3822
120,12,105,1143,81,89404,212,4399
120,12,105,1406,81,89404,212,4941
120,12,105,1638,81,89355,212,5416
120,12,105,1873,81,89355,212,5898
120,12,105,2119,81,89307,212,6403
120,12,105,2329,81,89258,212,6837
120,12,105,2639,81,89258,212,7474
120,12,105,2883,81,89209,212,7976
120,12,105,3372,81,8916,212,8977
120,12,105,3616,81,89111,212,9479
120,12,105,386,81,89111,212,998
120,12,105,4102,81,89063,213,0475
120,12,105,4326,81,89063,213,0938
120,12,105,4565,81,89014,213,1431
120,12,105,4814,81,88965,213,1941
120,12,105,5005,81,88965,213,2332
120,12,105,5005,81,88965,213,2332
120,12,105,5005,81,88965,213,2332
120,12,105,5005,81,88965,213,2332
120,12,105,5005,81,88965,213,2332
120,12,105,5005,81,88965,213,2332
120,12,105,5005,81,88965,213,2332
120,12,105,5005,81,88965,213,2332
120,12,105,5005,81,88965,213,2332
120,12,105,5005,81,88965,213,2332
120,12,105,5005,81,88965,213,2332
120,12,105,5005,81,88965,213,2332
120,12,105,5005,81,88965,213,2332
120,12,105,5005,81,88965,213,2332
120,12,105,5005,81,88965,213,2332
120,12,105,5005,81,88965,213,2332
120,12,105,5005,81,88965,213,2332
120,12,105,5005,81,88965,213,2332
120,12,105,5005,81,88965,213,2332
120,12,105,5005,81,88965,213,2332
120,12,105,5005,81,88965,213,2332
120,12,105,5005,81,88965,213,2332
120,12,105,5005,81,88965,213,2332
120,12,105,5005,81,88965,213,2332
120,12,105,5005,81,88965,213,2332
120,12,105,5005,81,88965,213,2332
120,12,105,5005,81,88965,213,2332
120,12,105,5005,81,88965,213,2332
120,12,105,5005,81,88965,213,2332
120,12,105,5005,81,88965,213,2332
120,12,105,5005,81,88965,213,2332
120,12,105,5005,81,88965,213,2332
120,12,105,5005,81,88965,213,2332
120,12,105,5005,81,88965,213,2332
120,12,105,5005,81,88965,213,2332
120,12,105,5005,81,88965,213,2332
120,12,105,5005,81,88965,213,2332
120,12,105,5005,81,88965,213,2332
120,12,105,5142,81,8916,213,2766
120,12,105,5293,81,89355,213,3243
120,12,105,5464,81,89551,213,3787
120,12,105,5806,81,8999,213,4873
120,12,105,5969,81,90234,213,5397
120,12,105,6111,81,90381,213,5844
120,12,105,6279,81,90625,213,6378
120,12,105,6475,81,90869,213,6996
120,12,105,6641,81,91113,213,7522
120,12,105,6807,81,91309,213,8052
120,12,105,6963,81,91504,213,8551
120,12,105,7144,81,91748,213,9121
120,12,105,7292,81,91943,213,9592
120,12,105,7456,81,92139,214,0117
120,12,105,7791,81,92578,214,1173
120,12,105,7957,81,92822,214,1704
120,12,105,811,81,93018,214,2192
120,12,105,8289,81,93213,214,2759
120,12,105,8459,81,93457,214,33
120,12,105,8635,81,93701,214,3855
120,12,105,8813,81,93896,214,4426
120,12,105,8975,81,94141,214,4937
120,12,105,9124,81,94336,214,5411
120,12,105,9297,81,94531,214,5961
120,12,105,9453,81,94727,214,6458
120,12,105,9619,81,94971,214,6981
120,12,105,9951,81,9541,214,8038
120,12,106,0112,81,95605,214,8552
120,12,106,0273,81,95801,214,9064
120,12,106,0466,81,96045,214,9675
120,12,106,0642,81,96289,215,0234
120,12,106,0825,81,96533,215,0809
120,12,106,1021,81,96777,215,1428
120,12,106,1194,81,97021,215,1982
120,12,106,136,81,97217,215,2507
120,12,106,1541,81,97461,215,3082
120,12,106,1689,81,97656,215,3558
120,12,106,187,81,979,215,4127
120,12,106,2058,81,98145,215,4728
120,12,106,2236,81,98389,215,5295
120,12,106,2327,81,98486,215,558
120,12,106,2327,81,98486,215,558
120,12,106,2327,81,98486,215,558
120,12,106,2327,81,98486,215,558
120,12,106,2327,81,98486,215,558
120,12,106,2327,81,98486,215,558
120,12,106,2327,81,98486,215,558
120,12,106,2327,81,98486,215,558
120,12,106,2327,81,98486,215,558
120,12,106,2327,81,98486,215,558
120,12,106,2405,81,9873,215,5979
120,12,106,2502,81,99023,215,6466
120,12,106,2715,81,99658,215,7551
120,12,106,2817,81,99951,215,8065
120,12,106,2927,82,00293,215,863
120,12,106,3015,82,00537,215,907
120,12,106,312,82,0083,215,9613
120,12,106,3225,82,01172,216,0134
120,12,106,3413,82,01709,216,1091
120,12,106,3506,82,02002,216,157
120,12,106,3606,82,02295,216,2076
120,12,106,3701,82,02588,216,256
120,12,106,3794,82,02832,216,303
120,12,106,3997,82,03467,216,4056
120,12,106,4089,82,03711,216,4526
120,12,106,4182,82,04004,216,4999
120,12,106,4287,82,04297,216,5532
120,12,106,4402,82,04688,216,6118
120,12,106,4502,82,0498,216,6626
120,12,106,4602,82,05273,216,7133
120,12,106,4702,82,05566,216,764
120,12,106,491,82,06152,216,8691
120,12,106,5012,82,06494,216,9208
120,12,106,5103,82,06738,216,9668
120,12,106,521,82,0708,217,0217
120,12,106,5303,82,07324,217,0684
120,12,106,5396,82,07617,217,1158
120,12,106,5498,82,0791,217,1681
120,12,106,5613,82,08252,217,2256
120,12,106,5835,82,08936,217,3389
120,12,106,594,82,09229,217,3926
120,12,106,6028,82,09521,217,437
120,12,106,6138,82,09814,217,4919
120,12,106,623,82,10107,217,5398
120,12,106,634,82,10449,217,5955
120,12,106,644,82,10742,217,6461
120,12,106,6584,82,11133,217,7194
120,12,106,6704,82,11523,217,7803
120,12,106,6741,82,11621,217,7987
120,12,106,6741,82,11621,217,7987
120,12,106,6741,82,11621,217,7987
120,12,106,6741,82,11621,217,7987
120,12,106,6741,82,11621,217,7987
120,12,106,6741,82,11621,217,7987
120,12,106,6741,82,11621,217,7987
120,12,106,6741,82,11621,217,7987
120,12,106,6741,82,11621,217,7987
120,12,106,6741,82,11621,217,7987
120,12,106,6741,82,11621,217,7987
120,12,106,6741,82,11621,217,7987
120,12,106,6741,82,11621,217,7987
120,12,106,6741,82,11621,217,7987
120,12,106,6741,82,11621,217,7987
120,12,106,6741,82,11621,217,7987
120,12,106,6741,82,11621,217,7987
120,12,106,6741,82,11621,217,7987
120,12,106,6741,82,11621,217,7987
120,12,106,6741,82,11621,217,7987
120,12,106,6741,82,11621,217,7987
120,12,106,6741,82,11621,217,7987
120,12,106,6741,82,11621,217,7987
120,12,106,6741,82,11621,217,7987
120,12,106,6741,82,11621,217,7987
120,12,106,6741,82,11621,217,7987
120,12,106,6741,82,11621,217,7987
120,12,106,6741,82,11621,217,7987
120,12,106,6741,82,11621,217,7987
120,12,106,6741,82,11621,217,7987
120,12,106,6741,82,11621,217,7987
120,12,106,6741,82,11621,217,7987
120,12,106,6741,82,11621,217,7987
120,12,106,6741,82,11621,217,7987
120,12,106,6741,82,11621,217,7987
120,12,106,6741,82,11621,217,7987
120,12,106,6741,82,11621,217,7987
120,12,106,6741,82,11621,217,7987
120,12,106,6741,82,11621,217,7987
120,12,106,6741,82,11621,217,7987
120,12,106,6741,82,11621,217,7987
120,12,106,6741,82,11621,217,7987
120,12,106,6741,82,11621,217,7987
120,12,106,6741,82,11621,217,7987
120,12,106,6741,82,11621,217,7987
120,12,106,6741,82,11621,217,7987
120,12,106,6741,82,11621,217,7987
120,12,106,6741,82,11621,217,7987
120,12,106,6741,82,11621,217,7987
120,12,106,6741,82,11621,217,7987
120,12,106,687,82,12451,217,9237
120,12,106,6982,82,13135,218,0302
120,12,106,7034,82,13477,218,0796
120,12,106,708,82,1377,218,1234
120,12,106,7144,82,1416,218,1846
120,12,106,7195,82,14502,218,2333
120,12,106,7295,82,15137,218,3297
120,12,106,7346,82,1543,218,3794
120,12,106,7393,82,15723,218,4231
120,12,106,7456,82,16113,218,4836
120,12,106,7502,82,16455,218,5295
120,12,106,7556,82,16748,218,5795
120,12,106,7664,82,17432,218,684
120,12,106,7717,82,17773,218,7354
120,12,106,7766,82,18115,218,7817
120,12,106,7817,82,18408,218,8298
120,12,106,7874,82,1875,218,8843
120,12,106,7983,82,19482,218,9897
120,12,106,8032,82,19775,219,0359
120,12,106,8076,82,20068,219,0785
120,12,106,8125,82,20361,219,1249
120,12,106,823,82,21045,219,2269
120,12,106,8276,82,21338,219,2715
120,12,106,832,82,21582,219,3132
120,12,106,8376,82,21973,219,3677
120,12,106,8474,82,22559,219,4611
120,12,106,8521,82,22852,219,5049
120,12,106,8604,82,23389,219,5837
120,12,106,8655,82,2373,219,6333
120,12,106,8701,82,24023,219,6777
120,12,106,8755,82,24316,219,7285
120,12,106,8804,82,24658,219,7767
120,12,106,8906,82,25293,219,8744
120,12,106,8953,82,25586,219,9189
120,12,106,8997,82,25879,219,96
120,12,106,9092,82,26465,220,052
120,12,106,9146,82,26807,220,104
120,12,106,9192,82,271,220,1492
120,12,106,9243,82,27441,220,1975
120,12,106,9297,82,27783,220,248
120,12,106,9404,82,28418,220,3511
120,12,106,9431,82,28613,220,3774
120,12,106,949,82,28906,220,4224
120,12,106,957,82,29297,220,4817
120,12,106,9646,82,29639,220,5391
120,12,106,9717,82,2998,220,5916
120,12,106,979,82,30371,220,6469
120,12,106,9927,82,31006,220,75
120,12,106,9988,82,31299,220,7965
120,12,107,0046,82,31592,220,8394
120,12,107,0115,82,31934,220,8903
120,12,107,0186,82,32275,220,9445
120,12,107,0251,82,32617,220,9941
120,12,107,0332,82,33008,221,0551
120,12,107,0405,82,3335,221,1089
120,12,107,0486,82,3374,221,1705
120,12,107,0559,82,34082,221,2253
120,12,107,0667,82,34619,221,3054
120,12,107,073,82,34912,221,3524
120,12,107,0793,82,35205,221,4008
120,12,107,0952,82,35986,221,5195
120,12,107,1016,82,36328,221,5685
120,12,107,1077,82,36621,221,6128
120,12,107,1147,82,36963,221,6666
120,12,107,1211,82,37256,221,7144
120,12,107,1343,82,37891,221,8142
120,12,107,1411,82,38232,221,8649
120,12,107,1482,82,38574,221,9177
120,12,107,1545,82,38867,221,9663
120,12,107,1616,82,39209,222,0183
120,12,107,1689,82,396,222,0736
120,12,107,1821,82,40234,222,1726
120,12,107,1885,82,40527,222,22
120,12,107,1943,82,4082,222,2651
120,12,107,2009,82,41113,222,3145
120,12,107,207,82,41455,222,3607
120,12,107,2173,82,41943,222,437
120,12,107,2236,82,42236,222,4856
120,12,107,2324,82,42676,222,5515
120,12,107,2456,82,43311,222,6501
120,12,107,2522,82,43652,222,7003
120,12,107,2595,82,43994,222,7542
120,12,107,2681,82,44385,222,8196
120,12,107,2747,82,44727,222,8677
120,12,107,282,82,45068,222,9236
120,12,107,2893,82,4541,222,9778
120,12,107,2961,82,45752,223,0291
120,12,107,3027,82,46094,223,0786
120,12,107,3103,82,46436,223,1357
120,12,107,3176,82,46826,223,1917
120,12,107,3181,82,46826,223,1947
120,12,107,3181,82,46826,223,1947
120,12,107,3181,82,46826,223,1947
120,12,107,3181,82,46826,223,1947
120,12,107,3181,82,46826,223,1947
120,12,107,3181,82,46826,223,1947
120,12,107,3181,82,46826,223,1947
120,12,107,3181,82,46826,223,1947
120,12,107,3181,82,46826,223,1947
120,12,107,3181,82,46826,223,1947
120,12,107,3181,82,46826,223,1947
120,12,107,3181,82,46826,223,1947
120,12,107,3181,82,46826,223,1947
120,12,107,3181,82,46826,223,1947
120,12,107,3181,82,46826,223,1947
120,12,107,3181,82,46826,223,1947
120,12,107,3181,82,46826,223,1947
120,12,107,3181,82,46826,223,1947
120,12,107,3181,82,46826,223,1947
120,12,107,3181,82,46826,223,1947
120,12,107,3181,82,46826,223,1947
120,12,107,3181,82,46826,223,1947
120,12,107,3181,82,46826,223,1947
120,12,107,3181,82,46826,223,1947
120,12,107,3181,82,46826,223,1947
120,12,107,3181,82,46826,223,1947
120,12,107,325,82,47119,223,2494
120,12,107,3318,82,47461,223,302
120,12,107,3386,82,47754,223,3568
120,12,107,3516,82,4834,223,4597
120,12,107,3569,82,48633,223,5028
120,12,107,3633,82,48877,223,5521
120,12,107,3716,82,49268,223,6179
120,12,107,3784,82,49609,223,6722
120,12,107,385,82,49902,223,7244
120,12,107,3975,82,50488,223,8232
120,12,107,4038,82,50781,223,8743
120,12,107,4092,82,51025,223,9161
120,12,107,4153,82,5127,223,9645
120,12,107,4219,82,51611,224,0175
120,12,107,4287,82,51904,224,0706
120,12,107,4287,82,51904,224,0706
120,12,107,4287,82,51904,224,0706
120,12,107,4287,82,51904,224,0706
120,12,107,4287,82,51904,224,0706
120,12,107,4351,82,52197,224,121
120,12,107,4724,82,53906,224,4181
120,12,107,4822,82,54346,224,4951
120,12,107,4895,82,54688,224,5525
120,12,107,4966,82,55029,224,608
120,12,107,5024,82,55273,224,6552
120,12,107,5166,82,55908,224,767
120,12,107,5225,82,56201,224,8136
120,12,107,5293,82,56494,224,8674
120,12,107,5356,82,56787,224,9177
120,12,107,542,82,5708,224,9688
120,12,107,5491,82,57422,225,0239
120,12,107,5559,82,57715,225,0781
120,12,107,5701,82,58398,225,1904
120,12,107,5764,82,58691,225,2415
120,12,107,582,82,58936,225,2853
120,12,107,5886,82,59229,225,3386
120,12,107,5962,82,5957,225,3986
120,12,107,6035,82,59912,225,4559
120,12,107,6094,82,60205,225,5028
120,12,107,6226,82,60791,225,6069
120,12,107,6287,82,61084,225,6556
120,12,107,634,82,61328,225,6969
120,12,107,6401,82,61621,225,7465
120,12,107,6528,82,62207,225,8472
120,12,107,6584,82,62451,225,8903
120,12,107,6646,82,62744,225,9399
120,12,107,6709,82,62988,225,9891
120,12,107,6775,82,6333,226,0424
120,12,107,6838,82,63623,226,0922
120,12,107,6904,82,63916,226,1444
120,12,107,698,82,64258,226,2047
120,12,107,698,82,64258,226,2047
120,12,107,7095,82,64795,226,295
120,12,107,7095,82,64795,226,295
120,12,107,7332,82,65869,226,483
120,12,107,7388,82,65967,226,5392
120,12,107,7388,82,65967,226,5392
120,12,107,7429,82,66064,226,584
120,12,107,7566,82,66357,226,7217
120,12,107,7617,82,66455,226,7739
120,12,107,7661,82,66553,226,8193
120,12,107,771,82,66699,226,8696
120,12,107,7759,82,66797,226,9188
120,12,107,7864,82,66992,227,0256
120,12,107,7908,82,6709,227,0717
120,12,107,7949,82,67188,227,1128
120,12,107,7996,82,67285,227,1613
120,12,107,8054,82,67432,227,2196
120,12,107,8105,82,67529,227,272
120,12,107,821,82,67725,227,3806
120,12,107,8262,82,67871,227,432
120,12,107,8311,82,67969,227,4833
120,12,107,8372,82,68066,227,5452
120,12,107,8435,82,68213,227,6095
120,12,107,8484,82,68311,227,6589
120,12,107,8535,82,68457,227,7128
120,12,107,8584,82,68555,227,7622
120,12,107,8635,82,68652,227,8134
120,12,107,874,82,68848,227,9202
120,12,107,8787,82,68994,227,9675
120,12,107,8831,82,69043,228,0131
120,12,107,8877,82,69189,228,061
120,12,107,8921,82,69238,228,1058
120,12,107,8977,82,69385,228,1614
120,12,107,9084,82,69629,228,2733
120,12,107,9133,82,69727,228,322
120,12,107,9177,82,69824,228,3672
120,12,107,9229,82,69922,228,4204
120,12,107,9326,82,70117,228,5192
120,12,107,9326,82,70117,228,5192
120,12,107,9375,82,70215,228,5692
120,12,107,9441,82,70361,228,636
120,12,107,95,82,70508,228,6962
120,12,107,9553,82,70605,228,7516
120,12,107,9624,82,70752,228,8225
120,12,107,9727,82,70996,228,9285
120,12,107,9778,82,71094,228,9796
120,12,107,9822,82,71191,229,0253
120,12,107,9873,82,71289,229,0776
120,12,107,9929,82,71387,229,1343
120,12,108,0024,82,71631,229,231
120,12,108,0071,82,71729,229,2795
120,12,108,0115,82,71826,229,325
120,12,108,0173,82,71924,229,3845
120,12,108,0239,82,7207,229,4521
120,12,108,0295,82,72168,229,509
120,12,108,0352,82,72314,229,5669
120,12,108,0398,82,72412,229,6124
120,12,108,0447,82,7251,229,6624
120,12,108,0549,82,72754,229,7679
120,12,108,0598,82,72852,229,8181
120,12,108,0635,82,729,229,8546
120,12,108,0684,82,72998,229,9058
120,12,108,075,82,73047,229,9913
120,12,108,0781,82,72949,230,0408
120,12,108,0813,82,729,230,092
120,12,108,0847,82,72803,230,1481
120,12,108,0879,82,72705,230,2013
120,12,108,0913,82,72656,230,2588
120,12,108,0942,82,72559,230,3066
120,12,108,1008,82,72412,230,4156
120,12,108,1042,82,72314,230,4684
120,12,108,1069,82,72266,230,5133
120,12,108,1106,82,72168,230,5739
120,12,108,1138,82,72119,230,6273
120,12,108,1172,82,72021,230,6816
120,12,108,1204,82,71924,230,7327
120,12,108,1238,82,71875,230,7902
120,12,108,1267,82,71777,230,8376
120,12,108,1301,82,71729,230,8955
120,12,108,134,82,71631,230,9564
120,12,108,1377,82,71533,231,0179
120,12,108,1418,82,71436,231,0856
120,12,108,145,82,71338,231,1392
120,12,108,1489,82,7124,231,2031
120,12,108,1523,82,71191,231,2577
120,12,108,1592,82,70996,231,3688
120,12,108,1619,82,70947,231,4128
120,12,108,1672,82,70801,231,5017
120,12,108,1699,82,70752,231,5453
120,12,108,1729,82,70703,231,5928
120,12,108,1755,82,70605,231,6375
120,12,108,1814,82,70508,231,7321
120,12,108,1846,82,7041,231,7864
120,12,108,1875,82,70361,231,8337
120,12,108,1912,82,70264,231,8916
120,12,108,1941,82,70166,231,9431
120,12,108,1975,82,70117,231,996
120,12,108,2012,82,7002,232,0566
120,12,108,2053,82,69922,232,1238
120,12,108,2087,82,69824,232,1835
120,12,108,2117,82,69775,232,228
120,12,108,2153,82,69678,232,2889
120,12,108,2185,82,6958,232,3422
120,12,108,2251,82,69434,232,4489
120,12,108,2283,82,69385,232,5017
120,12,108,2312,82,69287,232,5477
120,12,108,2344,82,69238,232,6022
120,12,108,2375,82,69141,232,6519
120,12,108,2412,82,69043,232,7122
120,12,108,2441,82,68994,232,7629
120,12,108,2476,82,68896,232,818
120,12,108,2546,82,6875,232,9321
120,12,108,2576,82,68652,232,9824
120,12,108,2605,82,68604,233,0311
120,12,108,2644,82,68506,233,0917
120,12,108,2673,82,68408,233,142
120,12,108,2705,82,68359,233,1917
120,12,108,2766,82,68213,233,2915
120,12,108,2795,82,68164,233,3402
120,12,108,283,82,68066,233,3962
120,12,108,2859,82,67969,233,4447
120,12,108,2888,82,6792,233,4949
120,12,108,2917,82,67871,233,5403
120,12,108,2952,82,67773,233,5969
120,12,108,3018,82,67627,233,7067
120,12,108,3044,82,67529,233,751
120,12,108,3076,82,6748,233,8018
120,12,108,311,82,67383,233,8563
120,12,108,3113,82,67383,233,8613
120,12,108,3171,82,66357,233,9128
120,12,108,323,82,65332,233,9653
120,12,108,3289,82,64258,234,0173
120,12,108,3413,82,62061,234,1285
120,12,108,3474,82,61035,234,1809
120,12,108,3528,82,60059,234,2288
120,12,108,3584,82,59082,234,2784
120,12,108,3643,82,58057,234,3309
120,12,108,3706,82,56934,234,3866
120,12,108,376,82,55957,234,4348
120,12,108,3816,82,5498,234,4845
120,12,108,394,82,52783,234,5953
120,12,108,3989,82,51904,234,6388
120,12,108,4031,82,51172,234,6755
120,12,108,4084,82,50195,234,7239
120,12,108,4209,82,48047,234,8339
120,12,108,4268,82,47021,234,8845
120,12,108,4321,82,46045,234,9337
120,12,108,4392,82,44824,234,9952
120,12,108,4458,82,43652,235,0535
120,12,108,4514,82,42627,235,1046
120,12,108,4573,82,41602,235,1564
120,12,108,4629,82,40625,235,2063
120,12,108,4683,82,39648,235,2537
120,12,108,48,82,37598,235,3569
120,12,108,4858,82,36572,235,4089
120,12,108,491,82,35645,235,4553
120,12,108,4963,82,34717,235,5017
120,12,108,5068,82,32861,235,5962
120,12,108,5122,82,31934,235,6425
120,12,108,5176,82,31006,235,6898
120,12,108,5225,82,30127,235,734
120,12,108,5293,82,28906,235,7938
120,12,108,5396,82,271,235,886
120,12,108,5447,82,26172,235,931
120,12,108,5496,82,25342,235,9741
120,12,108,5596,82,23535,236,0634
120,12,108,5647,82,22656,236,1085
120,12,108,5693,82,21826,236,1501
120,12,108,5747,82,2085,236,1978
120,12,108,5857,82,18945,236,2949
120,12,108,5906,82,18066,236,3384
120,12,108,5955,82,17236,236,3802
120,12,108,605,82,15527,236,4666
120,12,108,6101,82,14648,236,5115
120,12,108,615,82,1377,236,5555
120,12,108,6257,82,11914,236,6488
120,12,108,6306,82,11035,236,6923
120,12,108,6355,82,10156,236,7355
120,12,108,6411,82,0918,236,7863
120,12,108,6514,82,07373,236,8767
120,12,108,656,82,06543,236,9185
120,12,108,6653,82,04883,237,0007
120,12,108,6704,82,03955,237,0469
120,12,108,6765,82,02881,237,1008
120,12,108,6816,82,02002,237,1458
120,12,108,6917,82,00244,237,2344
120,12,108,6968,81,99316,237,2797
120,12,108,7009,81,98584,237,3165
120,12,108,7107,81,96875,237,4033
120,12,108,7158,81,95947,237,4485
120,12,108,7202,81,95215,237,4873
120,12,108,7314,81,93213,237,5879
120,12,108,7366,81,92334,237,6323
120,12,108,7415,81,91455,237,6757
120,12,108,7468,81,90527,237,7228
120,12,108,7576,81,88623,237,8181
120,12,108,7629,81,87646,237,8672
120,12,108,7671,81,86914,237,9023
120,12,108,7771,81,85156,237,9916
120,12,108,7822,81,84277,238,0369
120,12,108,7859,81,83936,238,0966
120,12,108,7878,81,83838,238,1372
120,12,108,7896,81,83789,238,17
120,12,108,7942,81,83594,238,2629
120,12,108,7966,81,83545,238,3094
120,12,108,7988,81,83447,238,3516
120,12,108,8035,81,83252,238,4442
120,12,108,8054,81,83203,238,4867
120,12,108,8074,81,83105,238,5245
120,12,108,8123,81,8291,238,6178
120,12,108,8142,81,82861,238,6584
120,12,108,8186,81,82666,238,7471
120,12,108,821,81,82568,238,7927
120,12,108,825,81,82422,238,8743
120,12,108,8271,81,82373,238,916
120,12,108,8291,81,82275,238,9551
120,12,108,8335,81,82129,239,0417
120,12,108,8359,81,82031,239,089
120,12,108,8398,81,81885,239,1677
120,12,108,842,81,81787,239,2112
120,12,108,8459,81,81641,239,2865
120,12,108,8477,81,81543,239,3245
120,12,108,8516,81,81396,239,4026
120,12,108,8535,81,81348,239,438
120,12,108,8577,81,81152,239,5217
120,12,108,8594,81,81104,239,5566
120,12,108,8638,81,80957,239,6418
120,12,108,8662,81,80859,239,6908
120,12,108,8704,81,80664,239,7728
120,12,108,8723,81,80615,239,8124
120,12,108,8745,81,80518,239,8541
120,12,108,8789,81,80371,239,9426
120,12,108,8813,81,80273,239,993
120,12,108,8838,81,80176,240,0403
120,12,108,8865,81,80078,240,0951
120,12,108,8892,81,7998,240,1447
120,12,108,8938,81,79785,240,2395
120,12,108,896,81,79688,240,2842
120,12,108,9006,81,79541,240,3721
120,12,108,9026,81,79443,240,4124
120,12,108,9067,81,79297,240,4934
120,12,108,9084,81,79199,240,5313
120,12,108,9104,81,7915,240,568
120,12,108,915,81,78955,240,6619
120,12,108,9175,81,78857,240,71
120,12,108,9197,81,78809,240,7518
120,12,108,9241,81,78613,240,8375
120,12,108,9263,81,78516,240,8816
120,12,108,9304,81,78369,240,9646
120,12,108,9329,81,78271,241,0131
120,12,108,9346,81,78223,241,047
120,12,108,9392,81,78027,241,1423
120,12,108,9417,81,7793,241,1886
120,12,108,9456,81,77783,241,2678
120,12,108,9478,81,77734,241,3074
120,12,108,9495,81,77637,241,3445
120,12,108,9534,81,7749,241,4211
120,12,108,9475,81,77393,241,4692
120,12,108,9429,81,77344,241,5077
120,12,108,9324,81,77148,241,5927
120,12,108,9272,81,771,241,6345
120,12,108,917,81,76904,241,719
120,12,108,9114,81,76855,241,7638
120,12,108,9065,81,76758,241,8037
120,12,108,8997,81,7666,241,8606
120,12,108,8889,81,76514,241,9473
120,12,108,8838,81,76416,241,9889
120,12,108,874,81,7627,242,0706
120,12,108,8689,81,76172,242,1115
120,12,108,8645,81,76123,242,1476
120,12,108,8528,81,75928,242,2441
120,12,108,8474,81,75879,242,2866
120,12,108,8374,81,75684,242,3684
120,12,108,8333,81,75635,242,4033
120,12,108,823,81,75488,242,486
120,12,108,8179,81,75391,242,5295
120,12,108,8079,81,75244,242,6097
120,12,108,8032,81,75195,242,6492
120,12,108,7932,81,75,242,731
120,12,108,7878,81,74951,242,7737
120,12,108,7837,81,74854,242,8085
120,12,108,7717,81,74707,242,9054
120,12,108,7666,81,74609,242,9475
120,12,108,7566,81,74463,243,0287
120,12,108,7515,81,74365,243,072
120,12,108,7417,81,74219,243,1511
120,12,108,7375,81,7417,243,1857
120,12,108,7278,81,74023,243,2654
120,12,108,7236,81,73926,243,2983
120,12,108,7141,81,73779,243,3761
120,12,108,7092,81,7373,243,4165
120,12,108,6992,81,73584,243,4983
120,12,108,6934,81,73486,243,5457
120,12,108,6836,81,7334,243,6261
120,12,108,6782,81,73242,243,6694
120,12,108,6726,81,73145,243,7152
120,12,108,6633,81,72998,243,7921
120,12,108,658,81,72949,243,8368
120,12,108,6479,81,72754,243,9171
120,12,108,6426,81,72705,243,9609
120,12,108,6335,81,72559,244,035
120,12,108,6257,81,72412,244,099
120,12,108,6169,81,72314,244,172
120,12,108,6123,81,72217,244,2084
120,12,108,6077,81,72168,244,2478
120,12,108,6023,81,7207,244,2908
120,12,108,6023,81,7207,244,2908
120,12,108,6023,81,7207,244,2908
120,12,108,6023,81,7207,244,2908
120,12,108,6023,81,7207,244,2908
120,12,108,6023,81,7207,244,2908
120,12,108,6023,81,7207,244,2908
120,12,108,6023,81,7207,244,2908
120,12,108,6023,81,7207,244,2908
120,12,108,6023,81,7207,244,2908
120,12,108,6023,81,7207,244,2908
120,12,108,6023,81,7207,244,2908
120,12,108,6023,81,7207,244,2908
120,12,108,6023,81,7207,244,2908
120,12,108,6023,81,7207,244,2908
120,12,108,6023,81,7207,244,2908
120,12,108,6023,81,7207,244,2908
120,12,108,6023,81,7207,244,2908
120,12,108,6023,81,7207,244,2908
120,12,108,6023,81,7207,244,2908
120,12,108,6023,81,7207,244,2908
120,12,108,6023,81,7207,244,2908
120,12,108,6023,81,7207,244,2908
120,12,108,6023,81,7207,244,2908
120,12,108,6023,81,7207,244,2908
120,12,108,6023,81,7207,244,2908
120,12,108,6023,81,7207,244,2908
120,12,108,6023,81,7207,244,2908
120,12,108,6023,81,7207,244,2908
120,12,108,6023,81,7207,244,2908
120,12,108,6023,81,7207,244,2908
120,12,108,6023,81,7207,244,2908
120,12,108,6023,81,7207,244,2908
120,12,108,6023,81,7207,244,2908
120,12,108,6023,81,7207,244,2908
120,12,108,6023,81,7207,244,2908
120,12,108,6023,81,7207,244,2908
120,12,108,6023,81,7207,244,2908
120,12,108,6023,81,7207,244,2908
120,12,108,6023,81,7207,244,2908
120,12,108,6023,81,7207,244,2908
120,12,108,6023,81,7207,244,2908
120,12,108,6023,81,7207,244,2908
120,12,108,6023,81,7207,244,2908
120,12,108,6023,81,7207,244,2908
120,12,108,6023,81,7207,244,2908
120,12,108,6023,81,7207,244,2908
120,12,108,6023,81,7207,244,2908
120,12,108,6023,81,7207,244,2908
120,12,108,6023,81,7207,244,2908
120,12,108,6023,81,7207,244,2908
120,12,108,6023,81,7207,244,2908
120,12,108,6023,81,7207,244,2908
120,12,108,6001,81,71973,244,3281
120,12,108,5977,81,71875,244,3702
120,12,108,5925,81,7168,244,4607
120,12,108,5898,81,71582,244,505
120,12,108,5867,81,71484,244,5573
120,12,108,584,81,71387,244,6041
120,12,108,5813,81,71289,244,6526
120,12,108,5754,81,71045,244,7544
120,12,108,5728,81,70947,244,8002
120,12,108,5703,81,7085,244,8396
120,12,108,5652,81,70654,244,9304
120,12,108,5623,81,70557,244,9805
120,12,108,5598,81,70459,245,0228
120,12,108,5566,81,70313,245,0751
120,12,108,551,81,70117,245,1729
120,12,108,5483,81,7002,245,2168
120,12,108,5459,81,69922,245,2612
120,12,108,5408,81,69727,245,3506
120,12,108,5376,81,69629,245,4014
120,12,108,5352,81,69531,245,4463
120,12,108,5322,81,69385,245,4966
120,12,108,5269,81,69189,245,5883
120,12,108,5242,81,69092,245,6331
120,12,108,5212,81,68994,245,6827
120,12,108,5161,81,68799,245,7717
120,12,108,5134,81,68701,245,8175
120,12,108,511,81,68604,245,8602
120,12,108,5051,81,68359,245,9617
120,12,108,5027,81,68262,246,0015
120,12,108,4983,81,68115,246,0784
120,12,108,4961,81,68018,246,1169
120,12,108,4915,81,67871,246,1985
120,12,108,4895,81,67773,246,2317
120,12,108,4849,81,67627,246,3083
120,12,108,4827,81,67529,246,3485
120,12,108,478,81,67334,246,4287
120,12,108,4753,81,67236,246,4718
120,12,108,4734,81,67188,246,5066
120,12,108,4675,81,66943,246,6097
120,12,108,4631,81,66797,246,6849
120,12,108,4612,81,66699,246,7188
120,12,108,4585,81,66602,246,7637
120,12,108,4534,81,66406,246,8514
120,12,108,4507,81,66309,246,8956
120,12,108,4465,81,66162,246,9709
120,12,108,4438,81,66064,247,0161
120,12,108,4431,81,66016,247,0276
120,12,108,4431,81,66016,247,0276
120,12,108,4431,81,66016,247,0276
120,12,108,4431,81,66016,247,0276
120,12,108,4431,81,66016,247,0276
120,12,108,4431,81,66016,247,0276
120,12,108,4431,81,66016,247,0276
120,12,108,4431,81,66016,247,0276
120,12,108,4431,81,66016,247,0276
120,12,108,4431,81,66016,247,0276
120,12,108,4431,81,66016,247,0276
120,12,108,4431,81,66016,247,0276
120,12,108,4431,81,66016,247,0276
120,12,108,4431,81,66016,247,0276
120,12,108,4431,81,66016,247,0276
120,12,108,4431,81,66016,247,0276
120,12,108,4431,81,66016,247,0276
120,12,108,4431,81,66016,247,0276
120,12,108,4431,81,66016,247,0276
120,12,108,4431,81,66016,247,0276
120,12,108,4431,81,66016,247,0276
120,12,108,4431,81,66016,247,0276
120,12,108,4431,81,66016,247,0276
120,12,108,4431,81,66016,247,0276
120,12,108,4431,81,66016,247,0276
120,12,108,4431,81,66016,247,0276
120,12,108,4431,81,66016,247,0276
120,12,108,4431,81,66016,247,0276
120,12,108,4431,81,66016,247,0276
120,12,108,4431,81,66016,247,0276
120,12,108,4431,81,66016,247,0276
120,12,108,4431,81,66016,247,0276
120,12,108,4431,81,66016,247,0276
120,12,108,4431,81,66016,247,0276
120,12,108,4431,81,66016,247,0276
120,12,108,4431,81,66016,247,0276
120,12,108,4431,81,66016,247,0276
120,12,108,4431,81,66016,247,0276
120,12,108,4431,81,66016,247,0276
120,12,108,4431,81,66016,247,0276
120,12,108,4431,81,66016,247,0276
120,12,108,4431,81,66016,247,0276
120,12,108,4431,81,66016,247,0276
120,12,108,4431,81,66016,247,0276
120,12,108,4431,81,66016,247,0276
120,12,108,4431,81,66016,247,0276
120,12,108,4431,81,66016,247,0276
120,12,108,4431,81,66016,247,0276
120,12,108,4431,81,66016,247,0276
120,12,108,4431,81,66016,247,0276
120,12,108,4431,81,66016,247,0276
120,12,108,4431,81,66016,247,0276
120,12,108,4431,81,66016,247,0276
120,12,108,4431,81,66016,247,0276
120,12,108,4431,81,66016,247,0276
120,12,108,4431,81,66016,247,0276
120,12,108,4431,81,66016,247,0276
120,12,108,4431,81,66016,247,0276
120,12,108,4431,81,66016,247,0276
120,12,108,4431,81,66016,247,0276
120,12,108,4431,81,66016,247,0276
120,12,108,4431,81,66016,247,0276
120,12,108,4431,81,66016,247,0276
120,12,108,4431,81,66016,247,0276
120,12,108,4431,81,66016,247,0276
120,12,108,4431,81,66016,247,0276
120,12,108,4431,81,66016,247,0276
120,12,108,4431,81,66016,247,0276
120,12,108,4431,81,66016,247,0276
120,12,108,4431,81,66016,247,0276
120,12,108,4431,81,66016,247,0276
120,12,108,4431,81,66016,247,0276
120,12,108,4431,81,66016,247,0276
120,12,108,4431,81,66016,247,0276
120,12,108,4431,81,66016,247,0276
120,12,108,4431,81,66016,247,0276
120,12,108,4431,81,66016,247,0276
120,12,108,4431,81,66016,247,0276
120,12,108,4431,81,66016,247,0276
120,12,108,4431,81,66016,247,0276
120,12,108,4431,81,66016,247,0276
120,12,108,4431,81,66016,247,0276
120,12,108,4431,81,66016,247,0276
120,12,108,4431,81,66016,247,0276
120,12,108,4431,81,66016,247,0276
120,12,108,4431,81,66016,247,0276
120,12,108,4431,81,66016,247,0276
120,12,108,4431,81,66016,247,0276
120,12,108,4431,81,66016,247,0276
120,12,108,4431,81,66016,247,0276
120,12,108,4431,81,66016,247,0276
120,12,108,4431,81,66016,247,0276
120,12,108,4431,81,66016,247,0276
120,12,108,4431,81,66016,247,0276
120,12,108,4431,81,66016,247,0276
120,12,108,4431,81,66016,247,0276
120,12,108,4431,81,66016,247,0276
120,12,108,4431,81,66016,247,0276
120,12,108,4431,81,66016,247,0276
120,12,108,4431,81,66016,247,0276
120,12,108,4431,81,66016,247,0276
120,12,108,4431,81,66016,247,0276
120,12,108,4431,81,66016,247,0276
120,12,108,4431,81,66016,247,0276
120,12,108,4431,81,66016,247,0276
120,12,108,4431,81,66016,247,0276
120,12,108,4431,81,66016,247,0276
120,12,108,4431,81,66016,247,0276
120,12,108,4431,81,66016,247,0276
120,12,108,4431,81,66016,247,0276
120,12,108,4431,81,66016,247,0276
120,12,108,4431,81,66016,247,0276
120,12,108,4431,81,66016,247,0276
120,12,108,4431,81,66016,247,0276
120,12,108,4431,81,66016,247,0276
120,12,108,4431,81,66016,247,0276
120,12,108,4431,81,66016,247,0276
120,12,108,4431,81,66016,247,0276
120,12,108,4431,81,66016,247,0276
120,12,108,4431,81,66016,247,0276
120,12,108,4431,81,66016,247,0276
120,12,108,4431,81,66016,247,0276
120,12,108,4431,81,66016,247,0276
120,12,108,4431,81,66016,247,0276
120,12,108,4431,81,66016,247,0276
120,12,108,4431,81,66016,247,0276
120,12,108,4431,81,66016,247,0276
120,12,108,4431,81,66016,247,0276
120,12,108,4431,81,66016,247,0276
120,12,108,4431,81,66016,247,0276
120,12,108,4431,81,66016,247,0276
120,12,108,4431,81,66016,247,0276
120,12,108,4431,81,66016,247,0276
120,12,108,4431,81,66016,247,0276
120,12,108,4431,81,66016,247,0276
120,12,108,4431,81,66016,247,0276
120,12,108,4431,81,66016,247,0276
120,12,108,4431,81,66016,247,0276
120,12,108,4431,81,66016,247,0276
120,12,108,4431,81,66016,247,0276
120,12,108,4431,81,66016,247,0276
120,12,108,4431,81,66016,247,0276
120,12,108,4431,81,66016,247,0276
120,12,108,4431,81,66016,247,0276
120,12,108,4431,81,66016,247,0276
120,12,108,4431,81,66016,247,0276
120,12,108,4431,81,66016,247,0276
120,12,108,4431,81,66016,247,0276
120,12,108,4431,81,66016,247,0276
120,12,108,4431,81,66016,247,0276
120,12,108,4431,81,66016,247,0276
120,12,108,4431,81,66016,247,0276
120,12,108,4431,81,66016,247,0276
120,12,108,4431,81,66016,247,0276
120,12,108,4431,81,66016,247,0276
120,12,108,4431,81,66016,247,0276
120,12,108,4431,81,66016,247,0276
120,12,108,4431,81,66016,247,0276
120,12,108,4431,81,66016,247,0276
120,12,108,4431,81,66016,247,0276
120,12,108,4431,81,66016,247,0276
120,12,108,4431,81,66016,247,0276
120,12,108,4431,81,66016,247,0276
120,12,108,4431,81,66016,247,0276
120,12,108,4431,81,66016,247,0276
120,12,108,4431,81,66016,247,0276
120,12,108,4431,81,66016,247,0276
120,12,108,4431,81,66016,247,0276
120,12,108,4431,81,66016,247,0276
120,12,108,4431,81,66016,247,0276
120,12,108,4431,81,66016,247,0276
120,12,108,4431,81,66016,247,0276
120,12,108,4431,81,66016,247,0276
120,12,108,4431,81,66016,247,0276
120,12,108,4431,81,66016,247,0276
120,12,108,4431,81,66016,247,0276
120,12,108,4431,81,66016,247,0276
120,12,108,4431,81,66016,247,0276
120,12,108,4431,81,66016,247,0276
120,12,108,4431,81,66016,247,0276
120,12,108,4431,81,66016,247,0276
120,12,108,4431,81,66016,247,0276
120,12,108,4431,81,66016,247,0276
120,12,108,4431,81,66016,247,0276
120,12,108,4431,81,66016,247,0276
120,12,108,4431,81,66016,247,0276
120,12,108,4431,81,66016,247,0276
120,12,108,4431,81,66016,247,0276
120,12,108,4431,81,66016,247,0276
120,12,108,4431,81,66016,247,0276
120,12,108,4431,81,66016,247,0276
120,12,108,4431,81,66016,247,0276
120,12,108,4431,81,66016,247,0276
120,12,108,4431,81,66016,247,0276
120,12,108,4431,81,66016,247,0276
120,12,108,4431,81,66016,247,0276
120,12,108,4431,81,66016,247,0276
120,12,108,4431,81,66016,247,0276
120,12,108,4431,81,66016,247,0276
120,12,108,4431,81,66016,247,0276
120,12,108,4431,81,66016,247,0276
120,12,108,4431,81,66016,247,0276
120,12,108,4431,81,66016,247,0276
120,12,108,4431,81,66016,247,0276
120,12,108,4431,81,66016,247,0276
120,12,108,4431,81,66016,247,0276
120,12,108,4431,81,66016,247,0276
120,12,108,4431,81,66016,247,0276
120,12,108,4431,81,66016,247,0276
120,12,108,4431,81,66016,247,0276
120,12,108,4431,81,66016,247,0276
120,12,108,4431,81,66016,247,0276
120,12,108,4431,81,66016,247,0276
120,12,108,4431,81,66016,247,0276
120,12,108,4431,81,66016,247,0276
120,12,108,4431,81,66016,247,0276
120,12,108,4431,81,66016,247,0276
120,12,108,4431,81,66016,247,0276
120,12,108,4431,81,66016,247,0276
120,12,108,4431,81,66016,247,0276
120,12,108,4431,81,66016,247,0276
120,12,108,4431,81,66016,247,0276
120,12,108,4431,81,66016,247,0276
120,12,108,4431,81,66016,247,0276
120,12,108,4431,81,66016,247,0276
120,12,108,4431,81,66016,247,0276
120,12,108,4431,81,66016,247,0276
120,12,108,4431,81,66016,247,0276
120,12,108,4431,81,66016,247,0276
120,12,108,4431,81,66016,247,0276
120,12,108,4431,81,66016,247,0276
120,12,108,4431,81,66016,247,0276
120,12,108,4431,81,66016,247,0276
120,12,108,4431,81,66016,247,0276
120,12,108,4431,81,66016,247,0276
120,12,108,4431,81,66016,247,0276
120,12,108,4431,81,66016,247,0276
120,12,108,4431,81,66016,247,0276
120,12,108,4431,81,66016,247,0276
120,12,108,4431,81,66016,247,0276
120,12,108,4431,81,66016,247,0276
120,12,108,4431,81,66016,247,0276
120,12,108,4431,81,66016,247,0276
120,12,108,4431,81,66016,247,0276
120,12,108,4431,81,66016,247,0276
120,12,108,4431,81,66016,247,0276
120,12,108,4431,81,66016,247,0276
120,12,108,4431,81,66016,247,0276
120,12,108,4431,81,66016,247,0276
120,12,108,4431,81,66016,247,0276
120,12,108,4431,81,66016,247,0276
120,12,108,4431,81,66016,247,0276
120,12,108,4431,81,66016,247,0276
120,12,108,4431,81,66016,247,0276
120,12,108,4431,81,66016,247,0276
120,12,108,4431,81,66016,247,0276
120,12,108,4431,81,66016,247,0276
120,12,108,4431,81,66016,247,0276
120,12,108,4431,81,66016,247,0276
120,12,108,4431,81,66016,247,0276
120,12,108,4431,81,66016,247,0276
120,12,108,4431,81,66016,247,0276
120,12,108,4431,81,66016,247,0276
120,12,108,4431,81,66016,247,0276
120,12,108,4431,81,66016,247,0276
120,12,108,4431,81,66016,247,0276
120,12,108,4431,81,66016,247,0276
120,12,108,4431,81,66016,247,0276
120,12,108,4431,81,66016,247,0276
120,12,108,4431,81,66016,247,0276
120,12,108,4431,81,66016,247,0276
120,12,108,4431,81,66016,247,0276
120,12,108,4431,81,66016,247,0276
120,12,108,4431,81,66016,247,0276
120,12,108,4431,81,66016,247,0276
120,12,108,4431,81,66016,247,0276
120,12,108,4431,81,66016,247,0276
120,12,108,4431,81,66016,247,0276
120,12,108,4431,81,66016,247,0276
120,12,108,4431,81,66016,247,0276
120,12,108,4431,81,66016,247,0276
120,12,108,4431,81,66016,247,0276
120,12,108,4431,81,66016,247,0276
120,12,108,4431,81,66016,247,0276
120,12,108,4431,81,66016,247,0276
120,12,108,4431,81,66016,247,0276
120,12,108,4431,81,66016,247,0276
120,12,108,4431,81,66016,247,0276
120,12,108,4431,81,66016,247,0276
120,12,108,4431,81,66016,247,0276
120,12,108,4431,81,66016,247,0276
120,12,108,4431,81,66016,247,0276
120,12,108,4431,81,66016,247,0276
120,12,108,4431,81,66016,247,0276
120,12,108,4431,81,66016,247,0276
120,12,108,4431,81,66016,247,0276
120,12,108,4431,81,66016,247,0276
120,12,108,4431,81,66016,247,0276
120,12,108,4431,81,66016,247,0276
120,12,108,4431,81,66016,247,0276
120,12,108,4431,81,66016,247,0276
120,12,108,4431,81,66016,247,0276
120,12,108,4431,81,66016,247,0276
120,12,108,4431,81,66016,247,0276
120,12,108,4431,81,66016,247,0276
120,12,108,4431,81,66016,247,0276
120,12,108,4431,81,66016,247,0276
120,12,108,4431,81,66016,247,0276
120,12,108,4431,81,66016,247,0276
120,12,108,4431,81,66016,247,0276
120,12,108,4431,81,66016,247,0276
120,12,108,4431,81,66016,247,0276
120,12,108,4431,81,66016,247,0276
120,12,108,4431,81,66016,247,0276
120,12,108,4431,81,66016,247,0276
120,12,108,4431,81,66016,247,0276
120,12,108,4431,81,66016,247,0276
120,12,108,4431,81,66016,247,0276
120,12,108,4431,81,66016,247,0276
120,12,108,4431,81,66016,247,0276
120,12,108,4431,81,66016,247,0276
120,12,108,4431,81,66016,247,0276
120,12,108,4431,81,66016,247,0276
120,12,108,4431,81,66016,247,0276
120,12,108,4431,81,66016,247,0276
120,12,108,4431,81,66016,247,0276
120,12,108,4431,81,66016,247,0276
120,12,108,4431,81,66016,247,0276
120,12,108,4431,81,66016,247,0276
120,12,108,4431,81,66016,247,0276
120,12,108,4431,81,66016,247,0276
120,12,108,4431,81,66016,247,0276
120,12,108,4431,81,66016,247,0276
120,12,108,4431,81,66016,247,0276
120,12,108,4431,81,66016,247,0276
120,12,108,4431,81,66016,247,0276
120,12,108,4431,81,66016,247,0276
120,12,108,4431,81,66016,247,0276
120,12,108,4431,81,66016,247,0276
120,12,108,4431,81,66016,247,0276
120,12,108,4431,81,66016,247,0276
120,12,108,4431,81,66016,247,0276
120,12,108,4431,81,66016,247,0276
120,12,108,4431,81,66016,247,0276
120,12,108,4431,81,66016,247,0276
120,12,108,4431,81,66016,247,0276
120,12,108,4431,81,66016,247,0276
120,12,108,4431,81,66016,247,0276
120,12,108,4431,81,66016,247,0276
120,12,108,4431,81,66016,247,0276
120,12,108,4431,81,66016,247,0276
120,12,108,4431,81,66016,247,0276
120,12,108,4431,81,66016,247,0276
120,12,108,4431,81,66016,247,0276
120,12,108,4431,81,66016,247,0276
120,12,108,4431,81,66016,247,0276
120,12,108,4431,81,66016,247,0276
120,12,108,4431,81,66016,247,0276
120,12,108,4431,81,66016,247,0276
120,12,108,4431,81,66016,247,0276
120,12,108,4431,81,66016,247,0276
120,12,108,4431,81,66016,247,0276
120,12,108,4431,81,66016,247,0276
120,12,108,4431,81,66016,247,0276
120,12,108,4431,81,66016,247,0276
120,12,108,4431,81,66016,247,0276
120,12,108,4431,81,66016,247,0276
120,12,108,4431,81,66016,247,0276
120,12,108,4431,81,66016,247,0276
120,12,108,4431,81,66016,247,0276
120,12,108,4431,81,66016,247,0276
120,12,108,4431,81,66016,247,0276
120,12,108,4431,81,66016,247,0276
120,12,108,4431,81,66016,247,0276
120,12,108,4431,81,66016,247,0276
120,12,108,4431,81,66016,247,0276
120,12,108,4431,81,66016,247,0276
120,12,108,4431,81,66016,247,0276
120,12,108,4431,81,66016,247,0276
120,12,108,4431,81,66016,247,0276
120,12,108,4431,81,66016,247,0276
120,12,108,4431,81,66016,247,0276
120,12,108,4431,81,66016,247,0276
120,12,108,4431,81,66016,247,0276
120,12,108,4431,81,66016,247,0276
120,12,108,4431,81,66016,247,0276
120,12,108,4431,81,66016,247,0276
120,12,108,4431,81,66016,247,0276
120,12,108,4431,81,66016,247,0276
120,12,108,4431,81,66016,247,0276
120,12,108,4431,81,66016,247,0276
120,12,108,4431,81,66016,247,0276
120,12,108,4431,81,66016,247,0276
120,12,108,4431,81,66016,247,0276
120,12,108,4431,81,66016,247,0276
120,12,108,4431,81,66016,247,0276
120,12,108,4431,81,66016,247,0276
120,12,108,4431,81,66016,247,0276
120,12,108,4431,81,66016,247,0276
120,12,108,4431,81,66016,247,0276
120,12,108,4431,81,66016,247,0276
120,12,108,4431,81,66016,247,0276
120,12,108,4431,81,66016,247,0276
120,12,108,4431,81,66016,247,0276
120,12,108,4431,81,66016,247,0276
120,12,108,4431,81,66016,247,0276
120,12,108,4431,81,66016,247,0276
120,12,108,4431,81,66016,247,0276
120,12,108,4431,81,66016,247,0276
120,12,108,4431,81,66016,247,0276
120,12,108,4431,81,66016,247,0276
120,12,108,4431,81,66016,247,0276
120,12,108,4431,81,66016,247,0276
120,12,108,4431,81,66016,247,0276
120,12,108,4431,81,66016,247,0276
120,12,108,4431,81,66016,247,0276
120,12,108,4431,81,66016,247,0276
120,12,108,4431,81,66016,247,0276
120,12,108,4431,81,66016,247,0276
120,12,108,4431,81,66016,247,0276
120,12,108,4431,81,66016,247,0276
120,12,108,4431,81,66016,247,0276
120,12,108,4431,81,66016,247,0276
120,12,108,4431,81,66016,247,0276
120,12,108,4431,81,66016,247,0276
