Time,RSteps,X,Y,Z
120,0,308,4399,85,232,26
120,0,308,4399,85,232,26
120,0,308,4399,85,232,26
120,0,308,4399,85,232,26
120,0,308,4399,85,232,26
120,0,308,4399,85,232,26
120,0,308,4399,85,232,26
120,0,308,4399,85,232,26
120,0,308,4399,85,232,26
120,0,308,4399,85,232,26
120,0,308,4399,85,232,26
120,0,308,4399,85,232,26
120,0,308,4399,85,232,26
120,0,308,4399,85,232,26
120,0,308,4399,85,232,26
120,0,308,4399,85,232,26
120,0,308,4399,85,232,26
120,0,308,4399,85,232,26
120,0,308,4399,85,232,26
120,0,308,4399,85,232,26
120,0,308,4399,85,232,26
120,0,308,4399,85,232,26
120,0,308,4399,85,232,26
120,0,308,4399,85,232,26
120,0,308,4399,85,232,26
120,0,308,4399,85,232,26
120,0,308,4399,85,232,26
120,0,308,4399,85,232,26
120,0,308,4399,85,232,26
120,0,308,4399,85,232,26
120,0,308,4399,85,232,26
120,0,308,4399,85,232,26
120,0,308,4399,85,232,26
120,0,308,4399,85,232,26
120,0,308,4399,85,232,26
120,0,308,4399,85,232,26
120,0,308,4399,85,232,26
120,0,308,4399,85,232,26
120,0,308,4399,85,232,26
120,0,308,4399,85,232,26
120,0,308,4399,85,232,26
120,0,308,4399,85,232,26
120,0,308,4399,85,232,26
120,0,308,4399,85,232,26
120,0,308,4399,85,232,26
120,0,308,4399,85,232,26
120,0,308,4399,85,232,26
120,0,308,4399,85,232,26
120,0,308,4399,85,232,26
120,0,308,4399,85,232,26
120,0,308,4399,85,232,26
120,0,308,4399,85,232,26
120,0,308,4399,85,232,26
120,0,308,4399,85,232,26
120,0,308,4399,85,232,26
120,0,308,4399,85,232,26
120,0,308,4399,85,232,26
120,0,308,4399,85,232,26
120,0,308,4399,85,232,26
120,0,308,4399,85,232,26
120,0,308,4399,85,232,26
120,0,308,4399,85,232,26
120,0,308,4399,85,232,26
120,0,308,4399,85,232,26
120,0,308,4399,85,232,26
120,0,308,4399,85,232,26
120,0,308,4399,85,232,26
120,0,308,4399,85,232,26
120,0,308,4399,85,232,26
120,0,308,4399,85,232,26
120,0,308,4399,85,232,26
120,0,308,4399,85,232,26
120,0,308,4399,85,232,26
120,1,308,4399,85,232,26
120,1,308,4399,85,232,26
120,1,308,4399,85,232,26
120,1,308,4399,85,232,26
120,1,308,4399,85,232,26
120,1,308,4399,85,232,26
120,1,309,397,84,36719,232,3451
120,1,309,397,84,36719,232,3451
120,1,309,397,84,36719,232,3451
120,1,309,397,84,36719,232,3451
120,1,309,397,84,36719,232,3451
120,1,309,397,84,36719,232,3451
120,1,309,397,84,36719,232,3451
120,1,309,397,84,36719,232,3451
120,1,309,397,84,36719,232,3451
120,1,309,397,84,36719,232,3451
120,1,309,397,84,36719,232,3451
120,1,309,397,84,36719,232,3451
120,1,309,397,84,36719,232,3451
120,1,309,397,84,36719,232,3451
120,1,309,397,84,36719,232,3451
120,1,309,397,84,36719,232,3451
120,1,309,397,84,36719,232,3451
120,1,309,397,84,36719,232,3451
120,1,309,397,84,36719,232,3451
120,1,309,397,84,36719,232,3451
120,1,309,397,84,36719,232,3451
120,1,309,397,84,36719,232,3451
120,1,309,397,84,36719,232,3451
120,1,309,397,84,36719,232,3451
120,1,309,397,84,36719,232,3451
120,1,309,397,84,36719,232,3451
120,1,309,397,84,36719,232,3451
120,1,309,397,84,36719,232,3451
120,1,309,397,84,36719,232,3451
120,1,309,397,84,36719,232,3451
120,1,309,397,84,36719,232,3451
120,1,309,397,84,36719,232,3451
120,1,309,397,84,36719,232,3451
120,1,309,397,84,36719,232,3451
120,1,309,397,84,36719,232,3451
120,1,309,397,84,36719,232,3451
120,1,309,397,84,36719,232,3451
120,1,309,397,84,36719,232,3451
120,1,309,397,84,36719,232,3451
120,1,309,397,84,36719,232,3451
120,1,309,397,84,36719,232,3451
120,1,309,397,84,36719,232,3451
120,1,309,397,84,36719,232,3451
120,1,309,397,84,36719,232,3451
120,1,309,397,84,36719,232,3451
120,1,309,397,84,36719,232,3451
120,1,309,397,84,36719,232,3451
120,1,309,397,84,36719,232,3451
120,1,309,397,84,36719,232,3451
120,1,309,397,84,36719,232,3451
120,1,309,397,84,36719,232,3451
120,1,309,397,84,36719,232,3451
120,1,309,397,84,36719,232,3451
120,1,309,397,84,36719,232,3451
120,1,309,397,84,36719,232,3451
120,1,309,397,84,36719,232,3451
120,1,309,397,84,36719,232,3451
120,1,309,397,84,36719,232,3451
120,1,309,397,84,36719,232,3451
120,1,309,397,84,36719,232,3451
120,1,309,397,84,36719,232,3451
120,1,309,397,84,36719,232,3451
120,1,309,397,84,36719,232,3451
120,1,309,397,84,36719,232,3451
120,1,309,397,84,36719,232,3451
120,1,309,397,84,36719,232,3451
120,1,309,397,84,36719,232,3451
120,1,309,397,84,36719,232,3451
120,1,309,397,84,36719,232,3451
120,1,309,397,84,36719,232,3451
120,1,309,397,84,36719,232,3451
120,1,309,397,84,36719,232,3451
120,1,309,397,84,36719,232,3451
120,1,309,397,84,36719,232,3451
120,1,309,397,84,36719,232,3451
120,1,309,397,84,36719,232,3451
120,1,309,5847,84,354,232,3862
120,1,309,5847,84,354,232,3862
120,1,309,5847,84,354,232,3862
120,1,309,5847,84,354,232,3862
120,1,309,7798,84,33984,232,429
120,1,309,7798,84,33984,232,429
120,1,309,7798,84,33984,232,429
120,1,309,9717,84,32617,232,4709
120,1,309,9717,84,32617,232,4709
120,1,309,9717,84,32617,232,4709
120,1,309,9717,84,32617,232,4709
120,1,310,1619,84,3125,232,5126
120,1,310,1619,84,3125,232,5126
120,1,310,1619,84,3125,232,5126
120,1,310,3599,84,29834,232,556
120,1,310,3599,84,29834,232,556
120,1,310,3599,84,29834,232,556
120,1,310,3599,84,29834,232,556
120,1,310,5547,84,28467,232,5986
120,1,310,5547,84,28467,232,5986
120,1,310,5547,84,28467,232,5986
120,1,310,74,84,27148,232,6393
120,1,310,74,84,27148,232,6393
120,1,310,74,84,27148,232,6393
120,1,310,9265,84,25781,232,6802
120,1,310,9265,84,25781,232,6802
120,1,310,9265,84,25781,232,6802
120,1,310,9265,84,25781,232,6802
120,1,311,1047,84,24512,232,7192
120,1,311,1047,84,24512,232,7192
120,1,311,1047,84,24512,232,7192
120,1,311,2996,84,23145,232,7618
120,1,311,2996,84,23145,232,7618
120,1,311,2996,84,23145,232,7618
120,1,311,2996,84,23145,232,7618
120,1,311,478,84,21875,232,8009
120,1,311,478,84,21875,232,8009
120,1,311,478,84,21875,232,8009
120,1,311,478,84,21875,232,8009
120,1,311,6882,84,20361,232,8469
120,1,311,6882,84,20361,232,8469
120,1,311,6882,84,20361,232,8469
120,1,311,9092,84,18799,232,8954
120,1,311,9092,84,18799,232,8954
120,1,311,9092,84,18799,232,8954
120,1,311,9092,84,18799,232,8954
120,1,312,0977,84,17432,232,9366
120,1,312,0977,84,17432,232,9366
120,1,312,0977,84,17432,232,9366
120,1,312,2817,84,16113,232,9769
120,2,312,2817,84,16113,232,9769
120,2,312,2817,84,16113,232,9769
120,2,312,469,84,14795,233,0179
120,2,312,469,84,14795,233,0179
120,2,312,469,84,14795,233,0179
120,2,312,6436,84,13525,233,0562
120,2,312,6436,84,13525,233,0562
120,2,312,6436,84,13525,233,0562
120,2,312,8223,84,12256,233,0953
120,2,312,8223,84,12256,233,0953
120,2,312,8223,84,12256,233,0953
120,2,312,8223,84,12256,233,0953
120,2,312,9868,84,11084,233,1313
120,2,312,9868,84,11084,233,1313
120,2,312,9868,84,11084,233,1313
120,2,313,1672,84,09814,233,1709
120,2,313,1672,84,09814,233,1709
120,2,313,1672,84,09814,233,1709
120,2,313,3403,84,08545,233,2089
120,2,313,3403,84,08545,233,2089
120,2,313,3403,84,08545,233,2089
120,2,313,5193,84,07275,233,248
120,2,313,5193,84,07275,233,248
120,2,313,5193,84,07275,233,248
120,2,313,5283,84,07227,233,25
120,2,313,5283,84,07227,233,25
120,2,313,5283,84,07227,233,25
120,2,313,5283,84,07227,233,25
120,2,313,7024,84,06396,233,2844
120,2,313,7024,84,06396,233,2844
120,2,313,7024,84,06396,233,2844
120,2,313,7024,84,06396,233,2844
120,2,313,8801,84,05566,233,3197
120,2,313,8801,84,05566,233,3197
120,2,313,8801,84,05566,233,3197
120,2,314,0867,84,04639,233,3606
120,2,314,0867,84,04639,233,3606
120,2,314,0867,84,04639,233,3606
120,2,314,0867,84,04639,233,3606
120,2,314,2864,84,03662,233,4001
120,2,314,2864,84,03662,233,4001
120,2,314,2864,84,03662,233,4001
120,2,314,47,84,02832,233,4365
120,2,314,47,84,02832,233,4365
120,2,314,47,84,02832,233,4365
120,2,314,6365,84,02051,233,4695
120,2,314,6365,84,02051,233,4695
120,2,314,6365,84,02051,233,4695
120,2,314,8115,84,01221,233,5042
120,2,314,8115,84,01221,233,5042
120,2,314,8115,84,01221,233,5042
120,2,314,9795,84,00439,233,5374
120,2,314,9795,84,00439,233,5374
120,2,314,9795,84,00439,233,5374
120,2,315,1526,83,99658,233,5717
120,2,315,1526,83,99658,233,5717
120,2,315,1526,83,99658,233,5717
120,2,315,1526,83,99658,233,5717
120,2,315,3171,83,98877,233,6042
120,2,315,3171,83,98877,233,6042
120,2,315,3171,83,98877,233,6042
120,2,315,4983,83,98047,233,64
120,2,315,4983,83,98047,233,64
120,2,315,4983,83,98047,233,64
120,2,315,4983,83,98047,233,64
120,2,315,6741,83,97217,233,6748
120,2,315,6741,83,97217,233,6748
120,2,315,6741,83,97217,233,6748
120,2,315,8882,83,96191,233,7173
120,2,315,8882,83,96191,233,7173
120,2,315,8882,83,96191,233,7173
120,2,316,0613,83,9541,233,7516
120,2,316,0613,83,9541,233,7516
120,2,316,0613,83,9541,233,7516
120,2,316,0613,83,9541,233,7516
120,2,316,2349,83,9458,233,7859
120,2,316,2349,83,9458,233,7859
120,2,316,2349,83,9458,233,7859
120,2,316,4053,83,93799,233,8197
120,2,316,4053,83,93799,233,8197
120,2,316,4053,83,93799,233,8197
120,2,316,5767,83,92969,233,8536
120,2,316,5767,83,92969,233,8536
120,2,316,5767,83,92969,233,8536
120,2,316,751,83,92188,233,8882
120,2,316,751,83,92188,233,8882
120,2,316,751,83,92188,233,8882
120,2,316,926,83,91357,233,9227
120,2,316,926,83,91357,233,9227
120,2,316,926,83,91357,233,9227
120,2,316,926,83,91357,233,9227
120,2,317,0967,83,90576,233,9565
120,2,317,0967,83,90576,233,9565
120,2,317,0967,83,90576,233,9565
120,2,317,2847,83,89697,233,9938
120,2,317,2847,83,89697,233,9938
120,2,317,2847,83,89697,233,9938
120,2,317,4617,83,88867,234,0288
120,2,317,4617,83,88867,234,0288
120,2,317,4617,83,88867,234,0288
120,2,317,4617,83,88867,234,0288
120,2,317,5742,83,8833,234,0511
120,2,317,5742,83,8833,234,0511
120,2,317,5742,83,8833,234,0511
120,2,317,7844,83,88867,234,0953
120,2,317,7844,83,88867,234,0953
120,2,317,7844,83,88867,234,0953
120,2,318,0085,83,89502,234,1425
120,2,318,0085,83,89502,234,1425
120,2,318,0085,83,89502,234,1425
120,2,318,2192,83,90039,234,1868
120,2,318,2192,83,90039,234,1868
120,2,318,2192,83,90039,234,1868
120,2,318,4426,83,90625,234,2336
120,2,318,4426,83,90625,234,2336
120,2,318,4426,83,90625,234,2336
120,2,318,6438,83,91162,234,2759
120,2,318,6438,83,91162,234,2759
120,2,318,6438,83,91162,234,2759
120,2,318,6438,83,91162,234,2759
120,2,318,8625,83,91748,234,3219
120,2,318,8625,83,91748,234,3219
120,2,318,8625,83,91748,234,3219
120,2,319,0713,83,92285,234,3657
120,2,319,0713,83,92285,234,3657
120,2,319,0713,83,92285,234,3657
120,2,319,0713,83,92285,234,3657
120,2,319,3132,83,9292,234,4166
120,2,319,3132,83,9292,234,4166
120,2,319,3132,83,9292,234,4166
120,2,319,3132,83,9292,234,4166
120,2,319,3132,83,9292,234,4166
120,2,319,6125,83,9375,234,4795
120,2,319,6125,83,9375,234,4795
120,2,319,6125,83,9375,234,4795
120,2,319,6125,83,9375,234,4795
120,2,319,6125,83,9375,234,4795
120,2,319,9148,83,94531,234,5431
120,2,319,9148,83,94531,234,5431
120,2,319,9148,83,94531,234,5431
120,2,319,9148,83,94531,234,5431
120,2,320,23,83,95361,234,6094
120,2,320,23,83,95361,234,6094
120,2,320,23,83,95361,234,6094
120,2,320,23,83,95361,234,6094
120,2,320,5305,83,96143,234,6725
120,2,320,5305,83,96143,234,6725
120,2,320,5305,83,96143,234,6725
120,2,320,5305,83,96143,234,6725
120,2,320,5305,83,96143,234,6725
120,2,320,834,83,96973,234,7363
120,2,320,834,83,96973,234,7363
120,2,320,834,83,96973,234,7363
120,2,320,834,83,96973,234,7363
120,2,321,1453,83,97803,234,8016
120,2,321,1453,83,97803,234,8016
120,2,321,1453,83,97803,234,8016
120,2,321,1453,83,97803,234,8016
120,2,321,4333,83,98535,234,8622
120,2,321,4333,83,98535,234,8622
120,2,321,4333,83,98535,234,8622
120,2,321,4333,83,98535,234,8622
120,2,321,4333,83,98535,234,8622
120,2,321,7021,83,99268,234,9187
120,2,321,7021,83,99268,234,9187
120,2,321,7021,83,99268,234,9187
120,2,321,7021,83,99268,234,9187
120,2,321,7021,83,99268,234,9187
120,2,322,001,84,00049,234,9816
120,2,322,001,84,00049,234,9816
120,2,322,001,84,00049,234,9816
120,2,322,001,84,00049,234,9816
120,2,322,3401,84,00977,235,0529
120,2,322,3401,84,00977,235,0529
120,2,322,3401,84,00977,235,0529
120,2,322,3401,84,00977,235,0529
120,2,322,3401,84,00977,235,0529
120,2,322,3401,84,00977,235,0529
120,2,322,3401,84,00977,235,0529
120,2,322,3401,84,00977,235,0529
120,2,322,3401,84,00977,235,0529
120,2,322,3401,84,00977,235,0529
120,2,322,3401,84,00977,235,0529
120,2,322,3401,84,00977,235,0529
120,2,322,3401,84,00977,235,0529
120,2,322,3401,84,00977,235,0529
120,2,322,3401,84,00977,235,0529
120,2,322,3401,84,00977,235,0529
120,2,322,3401,84,00977,235,0529
120,2,322,3401,84,00977,235,0529
120,2,322,3401,84,00977,235,0529
120,2,322,3401,84,00977,235,0529
120,2,322,3401,84,00977,235,0529
120,2,322,3401,84,00977,235,0529
120,2,322,3401,84,00977,235,0529
120,2,322,3401,84,00977,235,0529
120,2,322,3401,84,00977,235,0529
120,2,322,3401,84,00977,235,0529
120,2,322,3401,84,00977,235,0529
120,2,322,3401,84,00977,235,0529
120,2,322,3401,84,00977,235,0529
120,2,322,3401,84,00977,235,0529
120,2,322,3401,84,00977,235,0529
120,2,322,3401,84,00977,235,0529
120,2,322,3401,84,00977,235,0529
120,2,322,3401,84,00977,235,0529
120,2,322,3401,84,00977,235,0529
120,2,322,3401,84,00977,235,0529
120,2,322,3401,84,00977,235,0529
120,2,322,3401,84,00977,235,0529
120,2,322,3401,84,00977,235,0529
120,2,322,3401,84,00977,235,0529
120,2,322,3401,84,00977,235,0529
120,2,322,3401,84,00977,235,0529
120,2,322,3401,84,00977,235,0529
120,2,322,3401,84,00977,235,0529
120,2,322,3401,84,00977,235,0529
120,2,322,3401,84,00977,235,0529
120,2,322,3401,84,00977,235,0529
120,2,322,3401,84,00977,235,0529
120,2,322,3401,84,00977,235,0529
120,2,322,3401,84,00977,235,0529
120,2,322,3401,84,00977,235,0529
120,2,322,3401,84,00977,235,0529
120,2,322,3401,84,00977,235,0529
120,2,322,3401,84,00977,235,0529
120,2,322,3401,84,00977,235,0529
120,2,322,3401,84,00977,235,0529
120,2,322,3401,84,00977,235,0529
120,2,322,3401,84,00977,235,0529
120,2,322,3401,84,00977,235,0529
120,2,322,3401,84,00977,235,0529
120,2,322,3401,84,00977,235,0529
120,2,322,3401,84,00977,235,0529
120,2,322,3401,84,00977,235,0529
120,2,322,3401,84,00977,235,0529
120,2,322,3401,84,00977,235,0529
120,2,322,3401,84,00977,235,0529
120,2,322,3401,84,00977,235,0529
120,2,322,3401,84,00977,235,0529
120,2,322,3401,84,00977,235,0529
120,2,322,3401,84,00977,235,0529
120,2,322,3401,84,00977,235,0529
120,2,322,3401,84,00977,235,0529
120,2,322,3401,84,00977,235,0529
120,2,322,3401,84,00977,235,0529
120,2,322,3401,84,00977,235,0529
120,2,322,3401,84,00977,235,0529
120,2,322,3401,84,00977,235,0529
120,2,322,3401,84,00977,235,0529
120,2,322,3401,84,00977,235,0529
120,2,322,3401,84,00977,235,0529
120,2,322,3401,84,00977,235,0529
120,2,322,3401,84,00977,235,0529
120,2,322,3401,84,00977,235,0529
120,2,322,3401,84,00977,235,0529
120,2,322,3401,84,00977,235,0529
120,2,322,3401,84,00977,235,0529
120,2,322,3401,84,00977,235,0529
120,2,322,3401,84,00977,235,0529
120,2,322,3401,84,00977,235,0529
120,2,322,3401,84,00977,235,0529
120,2,322,3401,84,00977,235,0529
120,2,322,3401,84,00977,235,0529
120,2,322,3401,84,00977,235,0529
120,2,322,3401,84,00977,235,0529
120,2,322,3401,84,00977,235,0529
120,2,322,3401,84,00977,235,0529
120,2,322,3401,84,00977,235,0529
120,2,322,3401,84,00977,235,0529
120,2,322,3401,84,00977,235,0529
120,2,322,3401,84,00977,235,0529
120,2,322,3401,84,00977,235,0529
120,2,322,3401,84,00977,235,0529
120,2,322,3401,84,00977,235,0529
120,2,322,3401,84,00977,235,0529
120,2,322,3401,84,00977,235,0529
120,2,322,3401,84,00977,235,0529
120,2,322,3401,84,00977,235,0529
120,2,322,3401,84,00977,235,0529
120,2,322,3401,84,00977,235,0529
120,2,322,3401,84,00977,235,0529
120,2,322,3401,84,00977,235,0529
120,2,322,3401,84,00977,235,0529
120,2,322,3401,84,00977,235,0529
120,2,322,3401,84,00977,235,0529
120,2,322,3401,84,00977,235,0529
120,2,322,3401,84,00977,235,0529
120,2,322,3401,84,00977,235,0529
120,2,322,3401,84,00977,235,0529
120,2,322,3401,84,00977,235,0529
120,2,322,3401,84,00977,235,0529
120,2,322,3401,84,00977,235,0529
120,2,322,3401,84,00977,235,0529
120,2,322,3401,84,00977,235,0529
120,2,322,3401,84,00977,235,0529
120,2,322,3401,84,00977,235,0529
120,2,322,3401,84,00977,235,0529
120,2,322,3401,84,00977,235,0529
120,2,322,3401,84,00977,235,0529
120,2,322,3401,84,00977,235,0529
120,2,322,3401,84,00977,235,0529
120,2,322,3401,84,00977,235,0529
120,2,322,3401,84,00977,235,0529
120,2,322,3401,84,00977,235,0529
120,2,322,3401,84,00977,235,0529
120,2,322,3401,84,00977,235,0529
120,2,322,3401,84,00977,235,0529
120,2,322,3401,84,00977,235,0529
120,2,322,3401,84,00977,235,0529
120,2,322,3401,84,00977,235,0529
120,2,322,3401,84,00977,235,0529
120,2,322,3401,84,00977,235,0529
120,2,322,3401,84,00977,235,0529
120,2,322,3401,84,00977,235,0529
120,2,322,3401,84,00977,235,0529
120,2,322,3401,84,00977,235,0529
120,2,322,3401,84,00977,235,0529
120,2,322,3401,84,00977,235,0529
120,2,322,3401,84,00977,235,0529
120,2,322,3401,84,00977,235,0529
120,2,322,3401,84,00977,235,0529
120,2,322,3401,84,00977,235,0529
120,2,322,3401,84,00977,235,0529
120,2,322,3401,84,00977,235,0529
120,2,322,3401,84,00977,235,0529
120,2,322,3401,84,00977,235,0529
120,2,322,3401,84,00977,235,0529
120,2,322,3401,84,00977,235,0529
120,2,322,3401,84,00977,235,0529
120,2,322,3401,84,00977,235,0529
120,2,322,3401,84,00977,235,0529
120,2,322,3401,84,00977,235,0529
120,2,322,3401,84,00977,235,0529
120,2,322,3401,84,00977,235,0529
120,2,322,3401,84,00977,235,0529
120,2,322,3401,84,00977,235,0529
120,2,322,3401,84,00977,235,0529
120,2,322,3401,84,00977,235,0529
120,2,322,3401,84,00977,235,0529
120,2,322,3401,84,00977,235,0529
120,2,322,3401,84,00977,235,0529
120,2,322,3401,84,00977,235,0529
120,2,322,3401,84,00977,235,0529
120,2,322,3401,84,00977,235,0529
120,2,322,3401,84,00977,235,0529
120,2,322,3401,84,00977,235,0529
120,2,322,3401,84,00977,235,0529
120,2,322,3401,84,00977,235,0529
120,2,322,3401,84,00977,235,0529
120,2,322,3401,84,00977,235,0529
120,2,322,3401,84,00977,235,0529
120,2,322,3401,84,00977,235,0529
120,2,322,3401,84,00977,235,0529
120,2,322,3401,84,00977,235,0529
120,2,322,3401,84,00977,235,0529
120,2,322,3401,84,00977,235,0529
120,2,322,3401,84,00977,235,0529
120,2,322,3401,84,00977,235,0529
120,2,322,3401,84,00977,235,0529
120,2,322,3401,84,00977,235,0529
120,2,322,3401,84,00977,235,0529
120,2,322,3401,84,00977,235,0529
120,2,322,3401,84,00977,235,0529
120,2,322,3401,84,00977,235,0529
120,2,322,3401,84,00977,235,0529
120,2,322,3401,84,00977,235,0529
120,2,322,3401,84,00977,235,0529
120,2,322,3401,84,00977,235,0529
120,2,322,3401,84,00977,235,0529
120,2,322,3401,84,00977,235,0529
120,2,322,3401,84,00977,235,0529
120,2,322,3401,84,00977,235,0529
120,2,322,3401,84,00977,235,0529
120,2,322,3401,84,00977,235,0529
120,2,322,3401,84,00977,235,0529
120,2,322,3401,84,00977,235,0529
120,2,322,3401,84,00977,235,0529
120,2,322,3401,84,00977,235,0529
120,2,322,3401,84,00977,235,0529
120,2,322,3401,84,00977,235,0529
120,2,322,3401,84,00977,235,0529
120,2,322,3401,84,00977,235,0529
120,2,322,3401,84,00977,235,0529
120,2,322,3401,84,00977,235,0529
120,2,322,3401,84,00977,235,0529
120,2,322,3401,84,00977,235,0529
120,2,322,3401,84,00977,235,0529
120,2,322,3401,84,00977,235,0529
120,2,322,3401,84,00977,235,0529
120,2,322,3401,84,00977,235,0529
120,2,322,3401,84,00977,235,0529
120,2,322,3401,84,00977,235,0529
120,2,322,3401,84,00977,235,0529
120,2,322,3401,84,00977,235,0529
120,2,322,3401,84,00977,235,0529
120,2,322,3401,84,00977,235,0529
120,2,322,3401,84,00977,235,0529
120,2,322,3401,84,00977,235,0529
120,2,322,3401,84,00977,235,0529
120,2,322,3401,84,00977,235,0529
120,2,322,3401,84,00977,235,0529
120,2,322,3401,84,00977,235,0529
120,2,322,3401,84,00977,235,0529
120,2,322,3401,84,00977,235,0529
120,2,322,3401,84,00977,235,0529
120,2,322,3401,84,00977,235,0529
120,2,322,3401,84,00977,235,0529
120,2,322,3401,84,00977,235,0529
120,2,322,3401,84,00977,235,0529
120,2,322,3401,84,00977,235,0529
120,2,322,3401,84,00977,235,0529
120,2,322,3401,84,00977,235,0529
120,2,322,3401,84,00977,235,0529
120,2,322,3401,84,00977,235,0529
120,2,322,3401,84,00977,235,0529
120,2,322,3401,84,00977,235,0529
120,2,322,3401,84,00977,235,0529
120,2,322,3401,84,00977,235,0529
120,2,322,3401,84,00977,235,0529
120,3,322,3401,84,00977,235,0529
120,3,322,3401,84,00977,235,0529
120,3,322,3401,84,00977,235,0529
120,3,322,3401,84,00977,235,0529
120,3,322,3401,84,00977,235,0529
120,3,322,53,84,01465,235,0928
120,3,322,53,84,01465,235,0928
120,3,322,53,84,01465,235,0928
120,3,322,6616,84,01807,235,1204
120,3,322,6616,84,01807,235,1204
120,3,322,6616,84,01807,235,1204
120,3,322,8889,84,03711,235,15
120,3,322,8889,84,03711,235,15
120,3,322,8889,84,03711,235,15
120,3,323,0959,84,05469,235,177
120,3,323,0959,84,05469,235,177
120,3,323,0959,84,05469,235,177
120,3,323,3071,84,07275,235,2046
120,3,323,3071,84,07275,235,2046
120,3,323,3071,84,07275,235,2046
120,3,323,3071,84,07275,235,2046
120,3,323,5054,84,08984,235,2305
120,3,323,5054,84,08984,235,2305
120,3,323,5054,84,08984,235,2305
120,3,323,5054,84,08984,235,2305
120,3,323,5054,84,08984,235,2305
120,3,323,7561,84,11084,235,2632
120,3,323,7561,84,11084,235,2632
120,3,323,7561,84,11084,235,2632
120,3,323,7561,84,11084,235,2632
120,3,323,7561,84,11084,235,2632
120,3,324,0764,84,13818,235,3049
120,3,324,0764,84,13818,235,3049
120,3,324,0764,84,13818,235,3049
120,3,324,0764,84,13818,235,3049
120,3,324,4082,84,16602,235,3481
120,3,324,4082,84,16602,235,3481
120,3,324,4082,84,16602,235,3481
120,3,324,4082,84,16602,235,3481
120,3,324,7061,84,19141,235,3871
120,3,324,7061,84,19141,235,3871
120,3,324,7061,84,19141,235,3871
120,3,324,7061,84,19141,235,3871
120,3,324,7061,84,19141,235,3871
120,3,324,9915,84,21582,235,4243
120,3,324,9915,84,21582,235,4243
120,3,324,9915,84,21582,235,4243
120,3,324,9915,84,21582,235,4243
120,3,324,9915,84,21582,235,4243
120,3,325,3274,84,24414,235,4681
120,3,325,3274,84,24414,235,4681
120,3,325,3274,84,24414,235,4681
120,3,325,6379,84,27051,235,5087
120,3,325,6379,84,27051,235,5087
120,3,325,6379,84,27051,235,5087
120,3,325,6379,84,27051,235,5087
120,3,325,6379,84,27051,235,5087
120,3,325,8777,84,29102,235,5399
120,3,325,8777,84,29102,235,5399
120,3,325,8777,84,29102,235,5399
120,3,326,1626,84,31494,235,577
120,3,326,1626,84,31494,235,577
120,3,326,1626,84,31494,235,577
120,3,326,1626,84,31494,235,577
120,3,326,1626,84,31494,235,577
120,3,326,3779,84,33301,235,6051
120,3,326,3779,84,33301,235,6051
120,3,326,3779,84,33301,235,6051
120,3,326,3779,84,33301,235,6051
120,3,326,7139,84,36182,235,6489
120,3,326,7139,84,36182,235,6489
120,3,326,7139,84,36182,235,6489
120,3,326,9836,84,38477,235,6841
120,3,326,9836,84,38477,235,6841
120,3,326,9836,84,38477,235,6841
120,3,327,1897,84,40186,235,7111
120,3,327,1897,84,40186,235,7111
120,3,327,1897,84,40186,235,7111
120,3,327,1897,84,40186,235,7111
120,3,327,1897,84,40186,235,7111
120,3,327,3999,84,41992,235,7384
120,4,327,3999,84,41992,235,7384
120,4,327,3999,84,41992,235,7384
120,4,327,7,84,44531,235,7776
120,4,327,7,84,44531,235,7776
120,4,327,7,84,44531,235,7776
120,4,327,8997,84,46582,235,7699
120,4,327,8997,84,46582,235,7699
120,4,327,8997,84,46582,235,7699
120,4,328,0884,84,48535,235,7626
120,4,328,0884,84,48535,235,7626
120,4,328,2915,84,50635,235,7546
120,4,328,2915,84,50635,235,7546
120,4,328,2915,84,50635,235,7546
120,4,328,4827,84,52588,235,7473
120,4,328,4827,84,52588,235,7473
120,4,328,4827,84,52588,235,7473
120,4,328,6604,84,54443,235,7404
120,4,328,6604,84,54443,235,7404
120,4,328,8635,84,56543,235,7325
120,4,328,8635,84,56543,235,7325
120,4,328,8635,84,56543,235,7325
120,4,329,0498,84,58447,235,7253
120,4,329,0498,84,58447,235,7253
120,4,329,2148,84,60156,235,7189
120,4,329,2148,84,60156,235,7189
120,4,329,3884,84,61963,235,7122
120,4,329,3884,84,61963,235,7122
120,4,329,3884,84,61963,235,7122
120,4,329,5486,84,63623,235,7059
120,4,329,5486,84,63623,235,7059
120,4,329,5486,84,63623,235,7059
120,4,329,7302,84,65479,235,699
120,4,329,7302,84,65479,235,699
120,4,329,7302,84,65479,235,699
120,4,329,7302,84,65479,235,699
120,4,329,9209,84,67432,235,6915
120,4,329,9209,84,67432,235,6915
120,4,329,9209,84,67432,235,6915
120,4,330,2263,84,70605,235,6797
120,4,330,2263,84,70605,235,6797
120,4,330,4131,84,7251,235,6725
120,4,330,4131,84,7251,235,6725
120,4,330,5769,84,74219,235,6661
120,4,330,5769,84,74219,235,6661
120,4,330,7319,84,7583,235,6602
120,4,330,7319,84,7583,235,6602
120,4,330,7319,84,7583,235,6602
120,4,330,8987,84,77539,235,6537
120,4,330,8987,84,77539,235,6537
120,4,330,8987,84,77539,235,6537
120,4,331,0745,84,79346,235,6469
120,4,331,0745,84,79346,235,6469
120,4,331,2832,84,81494,235,6388
120,4,331,2832,84,81494,235,6388
120,4,331,2832,84,81494,235,6388
120,4,331,4468,84,83203,235,6324
120,4,331,4468,84,83203,235,6324
120,4,331,6238,84,8501,235,6255
120,4,331,6238,84,8501,235,6255
120,4,331,7856,84,86719,235,6193
120,4,331,7856,84,86719,235,6193
120,4,331,7856,84,86719,235,6193
120,4,331,957,84,88477,235,6127
120,4,331,957,84,88477,235,6127
120,4,332,1135,84,90088,235,6066
120,4,332,1135,84,90088,235,6066
120,4,332,1135,84,90088,235,6066
120,4,332,2947,84,91943,235,5996
120,4,332,2947,84,91943,235,5996
120,4,332,468,84,9375,235,5928
120,4,332,468,84,9375,235,5928
120,4,332,6284,84,9541,235,5867
120,4,332,6284,84,9541,235,5867
120,4,332,6284,84,9541,235,5867
120,4,332,7954,84,97119,235,5802
120,4,332,7954,84,97119,235,5802
120,4,332,9822,84,99023,235,5729
120,4,332,9822,84,99023,235,5729
120,4,332,9822,84,99023,235,5729
120,4,332,9895,84,99121,235,5726
120,4,332,9895,84,99121,235,5726
120,4,333,1311,85,00732,235,5511
120,4,333,1311,85,00732,235,5511
120,4,333,2786,85,02344,235,5288
120,4,333,2786,85,02344,235,5288
120,4,333,2786,85,02344,235,5288
120,4,333,438,85,0415,235,5046
120,4,333,438,85,0415,235,5046
120,4,333,5933,85,05908,235,4812
120,4,333,5933,85,05908,235,4812
120,4,333,7385,85,0752,235,4592
120,4,333,7385,85,0752,235,4592
120,4,333,7385,85,0752,235,4592
120,4,333,8811,85,09131,235,4376
120,4,333,8811,85,09131,235,4376
120,4,334,0474,85,10986,235,4124
120,4,334,0474,85,10986,235,4124
120,4,334,2007,85,12695,235,3892
120,4,334,2007,85,12695,235,3892
120,4,334,2007,85,12695,235,3892
120,4,334,3501,85,14355,235,3666
120,4,334,3501,85,14355,235,3666
120,4,334,499,85,16064,235,344
120,4,334,499,85,16064,235,344
120,5,334,499,85,16064,235,344
120,5,334,6665,85,1792,235,3186
120,5,334,6665,85,1792,235,3186
120,5,334,8157,85,1958,235,296
120,5,334,8157,85,1958,235,296
120,5,334,9639,85,2124,235,2736
120,5,334,9639,85,2124,235,2736
120,5,334,9639,85,2124,235,2736
120,5,335,1133,85,22949,235,251
120,5,335,1133,85,22949,235,251
120,5,335,2788,85,24805,235,226
120,5,335,2788,85,24805,235,226
120,5,335,2788,85,24805,235,226
120,5,335,4282,85,26465,235,2032
120,5,335,4282,85,26465,235,2032
120,5,335,594,85,2832,235,1782
120,5,335,594,85,2832,235,1782
120,5,335,594,85,2832,235,1782
120,5,335,7495,85,30078,235,1547
120,5,335,7495,85,30078,235,1547
120,5,335,9116,85,31885,235,1301
120,5,335,9116,85,31885,235,1301
120,5,335,9116,85,31885,235,1301
120,5,336,0703,85,33643,235,1061
120,5,336,0703,85,33643,235,1061
120,5,336,2378,85,35547,235,0807
120,5,336,2378,85,35547,235,0807
120,5,336,2378,85,35547,235,0807
120,5,336,4036,85,37402,235,0555
120,5,336,4036,85,37402,235,0555
120,5,336,55,85,39014,235,0334
120,5,336,55,85,39014,235,0334
120,5,336,55,85,39014,235,0334
120,5,336,7283,85,41016,235,0063
120,5,336,7283,85,41016,235,0063
120,5,336,886,85,42773,234,9824
120,5,336,886,85,42773,234,9824
120,5,337,0327,85,44434,234,9603
120,5,337,0327,85,44434,234,9603
120,5,337,0327,85,44434,234,9603
120,5,337,1768,85,46045,234,9385
120,5,337,1768,85,46045,234,9385
120,5,337,3245,85,47705,234,9161
120,5,337,3245,85,47705,234,9161
120,5,337,3245,85,47705,234,9161
120,5,337,4897,85,49561,234,8911
120,5,337,4897,85,49561,234,8911
120,5,337,6365,85,51221,234,8688
120,5,337,6365,85,51221,234,8688
120,5,337,79,85,5293,234,8456
120,5,337,79,85,5293,234,8456
120,5,337,79,85,5293,234,8456
120,5,337,8118,85,53174,234,8423
120,5,337,8118,85,53174,234,8423
120,5,337,948,85,54834,234,8093
120,5,337,948,85,54834,234,8093
120,5,338,0696,85,56299,234,78
120,5,338,0696,85,56299,234,78
120,5,338,0696,85,56299,234,78
120,5,338,1895,85,57764,234,751
120,5,338,1895,85,57764,234,751
120,5,338,3079,85,5918,234,7225
120,5,338,3079,85,5918,234,7225
120,5,338,3079,85,5918,234,7225
120,5,338,4553,85,60986,234,6869
120,5,338,4553,85,60986,234,6869
120,5,338,5854,85,62549,234,6554
120,5,338,5854,85,62549,234,6554
120,5,338,7048,85,64014,234,6266
120,5,338,7048,85,64014,234,6266
120,5,338,7048,85,64014,234,6266
120,5,338,8262,85,65479,234,5973
120,5,338,8262,85,65479,234,5973
120,5,338,9602,85,6709,234,5649
120,5,338,9602,85,6709,234,5649
120,5,338,9602,85,6709,234,5649
120,5,339,0835,85,68604,234,5352
120,5,339,0835,85,68604,234,5352
120,5,339,2195,85,70264,234,5023
120,5,339,2195,85,70264,234,5023
120,5,339,2195,85,70264,234,5023
120,5,339,3408,85,71729,234,473
120,5,339,3408,85,71729,234,473
120,5,339,4812,85,73438,234,4391
120,5,339,4812,85,73438,234,4391
120,5,339,6106,85,75,234,4078
120,5,339,6106,85,75,234,4078
120,5,339,6106,85,75,234,4078
120,5,339,7297,85,76416,234,379
120,5,339,7297,85,76416,234,379
120,5,339,8542,85,7793,234,349
120,5,339,8542,85,7793,234,349
120,5,339,8542,85,7793,234,349
120,5,339,9915,85,7959,234,3158
120,5,339,9915,85,7959,234,3158
120,5,340,1311,85,81299,234,2821
120,5,340,1311,85,81299,234,2821
120,5,340,2502,85,82764,234,2534
120,5,340,2502,85,82764,234,2534
120,5,340,2502,85,82764,234,2534
120,5,340,3613,85,84082,234,2266
120,5,340,3613,85,84082,234,2266
120,5,340,4946,85,85693,234,1943
120,5,340,4946,85,85693,234,1943
120,5,340,6143,85,87158,234,1654
120,5,340,6143,85,87158,234,1654
120,5,340,7368,85,88623,234,1357
120,5,340,7368,85,88623,234,1357
120,5,340,7368,85,88623,234,1357
120,5,340,8513,85,90039,234,1082
120,5,340,8513,85,90039,234,1082
120,5,340,8513,85,90039,234,1082
120,5,340,9817,85,91602,234,0767
120,5,340,9817,85,91602,234,0767
120,5,340,9817,85,91602,234,0767
120,5,341,144,85,93604,234,0375
120,5,341,144,85,93604,234,0375
120,5,341,144,85,93604,234,0375
120,5,341,3201,85,95703,233,9949
120,5,341,3201,85,95703,233,9949
120,5,341,3201,85,95703,233,9949
120,5,341,458,85,97412,233,9617
120,5,341,458,85,97412,233,9617
120,5,341,458,85,97412,233,9617
120,5,341,6274,85,99463,233,9207
120,5,341,6274,85,99463,233,9207
120,5,341,6274,85,99463,233,9207
120,5,341,6274,85,99463,233,9207
120,5,341,8071,86,01611,233,8773
120,5,341,8071,86,01611,233,8773
120,6,341,8071,86,01611,233,8773
120,6,341,8101,86,0166,233,8766
120,6,341,8101,86,0166,233,8766
120,6,341,8101,86,0166,233,8766
120,6,341,9583,86,03418,233,834
120,6,341,9583,86,03418,233,834
120,6,341,9583,86,03418,233,834
120,6,341,9583,86,03418,233,834
120,6,342,1094,86,05225,233,7904
120,6,342,1094,86,05225,233,7904
120,6,342,1094,86,05225,233,7904
120,6,342,2725,86,07129,233,7434
120,6,342,2725,86,07129,233,7434
120,6,342,2725,86,07129,233,7434
120,6,342,4177,86,08838,233,7017
120,6,342,4177,86,08838,233,7017
120,6,342,4177,86,08838,233,7017
120,6,342,4177,86,08838,233,7017
120,6,342,5742,86,10693,233,6565
120,6,342,5742,86,10693,233,6565
120,6,342,5742,86,10693,233,6565
120,6,342,7463,86,12744,233,6069
120,6,342,7463,86,12744,233,6069
120,6,342,7463,86,12744,233,6069
120,6,342,7463,86,12744,233,6069
120,6,342,9019,86,146,233,5621
120,6,342,9019,86,146,233,5621
120,6,342,9019,86,146,233,5621
120,6,343,0715,86,16602,233,5133
120,6,343,0715,86,16602,233,5133
120,6,343,0715,86,16602,233,5133
120,6,343,2087,86,18213,233,4738
120,6,343,2087,86,18213,233,4738
120,6,343,2087,86,18213,233,4738
120,6,343,2087,86,18213,233,4738
120,6,343,3386,86,19775,233,4363
120,6,343,3386,86,19775,233,4363
120,6,343,3386,86,19775,233,4363
120,6,343,5186,86,21875,233,3845
120,6,343,5186,86,21875,233,3845
120,6,343,6384,86,23291,233,35
120,6,343,6384,86,23291,233,35
120,6,343,6384,86,23291,233,35
120,6,343,6384,86,23291,233,35
120,6,343,7488,86,24609,233,3182
120,6,343,7488,86,24609,233,3182
120,6,343,7488,86,24609,233,3182
120,6,343,9202,86,2666,233,2688
120,6,343,9202,86,2666,233,2688
120,6,343,9202,86,2666,233,2688
120,6,343,9202,86,2666,233,2688
120,6,343,9202,86,2666,233,2688
120,6,344,0901,86,28662,233,2198
120,6,344,0901,86,28662,233,2198
120,6,344,0901,86,28662,233,2198
120,6,344,3191,86,31348,233,1539
120,6,344,3191,86,31348,233,1539
120,6,344,3191,86,31348,233,1539
120,6,344,4309,86,32666,233,1217
120,6,344,4309,86,32666,233,1217
120,6,344,5542,86,34131,233,0862
120,6,344,5542,86,34131,233,0862
120,7,344,6538,86,35303,233,0575
120,7,344,6538,86,35303,233,0575
120,7,344,7554,86,36523,233,0282
120,7,344,7554,86,36523,233,0282
120,7,344,8494,86,37646,233,0011
120,7,344,8494,86,37646,233,0011
120,7,344,9517,86,38867,232,9717
120,7,344,9517,86,38867,232,9717
120,7,345,0496,86,3999,232,9435
120,7,345,0496,86,3999,232,9435
120,7,345,1436,86,41113,232,9164
120,7,345,1436,86,41113,232,9164
120,7,345,1436,86,41113,232,9164
120,7,345,2358,86,42236,232,8899
120,7,345,2358,86,42236,232,8899
120,7,345,2458,86,42334,232,887
120,7,345,2458,86,42334,232,887
120,7,345,3525,86,43604,232,8324
120,7,345,3525,86,43604,232,8324
120,7,345,4622,86,44873,232,7762
120,7,345,4622,86,44873,232,7762
120,7,345,5627,86,46045,232,7249
120,7,345,5627,86,46045,232,7249
120,7,345,6606,86,47217,232,6748
120,7,345,7429,86,48193,232,6326
120,7,345,7429,86,48193,232,6326
120,7,345,8254,86,49121,232,5905
120,7,345,8254,86,49121,232,5905
120,7,345,9036,86,50049,232,5505
120,7,345,9036,86,50049,232,5505
120,7,346,0029,86,51221,232,4998
120,7,346,0879,86,52197,232,4563
120,7,346,0879,86,52197,232,4563
120,7,346,1719,86,53223,232,4133
120,7,346,1719,86,53223,232,4133
120,7,346,2512,86,5415,232,3727
120,7,346,2512,86,5415,232,3727
120,7,346,3337,86,55127,232,3304
120,7,346,4324,86,5625,232,28
120,7,346,4324,86,5625,232,28
120,7,346,5159,86,57227,232,2373
120,7,346,5159,86,57227,232,2373
120,7,346,5972,86,58203,232,1958
120,7,346,5972,86,58203,232,1958
120,7,346,6819,86,5918,232,1523
120,7,346,6819,86,5918,232,1523
120,7,346,7673,86,60205,232,1086
120,7,346,8625,86,61328,232,0599
120,7,346,8625,86,61328,232,0599
120,7,346,9448,86,62256,232,0178
120,7,347,0222,86,63184,231,9784
120,7,347,0222,86,63184,231,9784
120,7,347,1021,86,64111,231,9375
120,7,347,1021,86,64111,231,9375
120,7,347,1951,86,65234,231,8899
120,7,347,1951,86,65234,231,8899
120,7,347,2971,86,66406,231,8376
120,7,347,2971,86,66406,231,8376
120,7,347,3813,86,67383,231,7946
120,7,347,4578,86,68311,231,7554
120,7,347,4578,86,68311,231,7554
120,7,347,5342,86,69189,231,7163
120,7,347,5342,86,69189,231,7163
120,7,347,6116,86,70117,231,6768
120,7,347,7085,86,7124,231,6272
120,7,347,7085,86,7124,231,6272
120,7,347,793,86,72217,231,584
120,7,347,865,86,73096,231,5471
120,7,347,865,86,73096,231,5471
120,7,347,9392,86,73975,231,5092
120,7,347,9392,86,73975,231,5092
120,7,348,0115,86,74805,231,4722
120,7,348,1021,86,75879,231,4259
120,7,348,1021,86,75879,231,4259
120,7,348,176,86,76709,231,3881
120,7,348,2407,86,7749,231,3549
120,7,348,3098,86,7832,231,3196
120,7,348,3098,86,7832,231,3196
120,7,348,3762,86,79102,231,2856
120,7,348,447,86,79932,231,2495
120,7,348,447,86,79932,231,2495
120,7,348,5249,86,80811,231,2096
120,7,348,595,86,81641,231,1737
120,7,348,6589,86,82422,231,1411
120,7,348,6589,86,82422,231,1411
120,7,348,7249,86,83154,231,1074
120,7,348,7896,86,83936,231,0742
120,7,348,7896,86,83936,231,0742
120,7,348,8533,86,84668,231,0416
120,7,348,927,86,85547,231,0039
120,7,348,9653,86,8584,230,9441
120,7,348,9653,86,8584,230,9441
120,7,349,0029,86,86182,230,8853
120,7,349,0417,86,86475,230,8251
120,7,349,0784,86,86768,230,7677
120,7,349,0784,86,86768,230,7677
120,7,349,1155,86,87109,230,71
120,7,349,1155,86,87109,230,71
120,7,349,1155,86,87109,230,71
120,7,349,1155,86,87109,230,71
120,7,349,1155,86,87109,230,71
120,7,349,158,86,87451,230,6437
120,7,349,2998,86,88574,230,4224
120,7,349,2998,86,88574,230,4224
120,7,349,3464,86,88965,230,3495
120,7,349,3831,86,89258,230,2922
120,7,349,4211,86,896,230,2327
120,7,349,4211,86,896,230,2327
120,7,349,4561,86,89844,230,1785
120,7,349,4988,86,90234,230,1119
120,7,349,4988,86,90234,230,1119
120,7,349,5391,86,90527,230,0488
120,7,349,5876,86,90967,229,9731
120,8,349,5876,86,90967,229,9731
120,8,349,6272,86,9126,229,9115
120,8,349,6636,86,91553,229,8547
120,8,349,7002,86,91846,229,7975
120,8,349,7349,86,92139,229,7434
120,8,349,7349,86,92139,229,7434
120,8,349,772,86,92432,229,6855
120,8,349,8137,86,92773,229,6205
120,8,349,8511,86,93115,229,5621
120,8,349,8511,86,93115,229,5621
120,8,349,8857,86,93359,229,5079
120,8,349,9233,86,93701,229,4493
120,8,349,9595,86,93994,229,3928
120,8,349,9595,86,93994,229,3928
120,8,349,9993,86,94287,229,3307
120,8,350,0454,86,94678,229,2587
120,8,350,0454,86,94678,229,2587
120,8,350,0454,86,94678,229,2587
120,8,350,0454,86,94678,229,2587
120,8,350,0454,86,94678,229,2587
120,8,350,0854,86,9502,229,1964
120,8,350,0854,86,9502,229,1964
120,8,350,2273,86,96191,228,9751
120,8,350,2273,86,96191,228,9751
120,8,350,2795,86,96582,228,8937
120,8,350,2795,86,96582,228,8937
120,8,350,3257,86,96973,228,8217
120,8,350,3735,86,97363,228,7468
120,8,350,3735,86,97363,228,7468
120,8,350,417,86,97705,228,679
120,8,350,4626,86,98096,228,6077
120,8,350,4626,86,98096,228,6077
120,8,350,5071,86,98438,228,5387
120,8,350,5515,86,98828,228,4692
120,8,350,5515,86,98828,228,4692
120,8,350,5969,86,9917,228,3982
120,8,350,5969,86,9917,228,3982
120,8,350,6428,86,99561,228,3267
120,8,350,6921,86,99951,228,25
120,8,350,6921,86,99951,228,25
120,8,350,7371,87,00342,228,1798
120,8,350,7371,87,00342,228,1798
120,8,350,781,87,00684,228,111
120,8,350,8274,87,01074,228,0386
120,9,350,8274,87,01074,228,0386
120,9,350,8733,87,01465,227,9673
120,9,350,9187,87,01807,227,8965
120,9,350,9187,87,01807,227,8965
120,9,350,9622,87,02148,227,8282
120,9,350,9995,87,0249,227,7703
120,9,350,9995,87,0249,227,7703
120,9,351,0374,87,02783,227,7113
120,9,351,0549,87,0293,227,6837
120,9,351,0549,87,0293,227,6837
120,9,351,0549,87,0293,227,6837
120,9,351,0784,87,0293,227,6093
120,9,351,0784,87,0293,227,6093
120,9,351,1094,87,0293,227,5111
120,9,351,1094,87,0293,227,5111
120,9,351,1411,87,0293,227,4105
120,9,351,1411,87,0293,227,4105
120,9,351,1702,87,0293,227,3187
120,9,351,1702,87,0293,227,3187
120,9,351,1946,87,0293,227,2415
120,9,351,1946,87,0293,227,2415
120,9,351,2236,87,0293,227,1489
120,9,351,2236,87,0293,227,1489
120,9,351,2471,87,0293,227,0751
120,9,351,2471,87,0293,227,0751
120,9,351,2703,87,0293,227,0013
120,9,351,2937,87,0293,226,9268
120,9,351,2937,87,0293,226,9268
120,9,351,3181,87,02881,226,8501
120,9,351,3181,87,02881,226,8501
120,9,351,3464,87,02881,226,7595
120,9,351,3464,87,02881,226,7595
120,9,351,3718,87,02881,226,6792
120,9,351,3718,87,02881,226,6792
120,9,351,3945,87,02881,226,6077
120,9,351,3945,87,02881,226,6077
120,9,351,4177,87,02881,226,5344
120,9,351,4177,87,02881,226,5344
120,9,351,4426,87,02881,226,4552
120,9,351,4426,87,02881,226,4552
120,9,351,4739,87,02881,226,3561
120,9,351,4739,87,02881,226,3561
120,9,351,4971,87,02881,226,2825
120,9,351,5212,87,02881,226,2059
120,9,351,5212,87,02881,226,2059
120,9,351,5212,87,02881,226,2059
120,9,351,5454,87,02881,226,1292
120,9,351,5818,87,02881,226,014
120,9,351,5818,87,02881,226,014
120,9,351,5999,87,02881,225,957
120,9,351,6187,87,02881,225,8977
120,9,351,6187,87,02881,225,8977
120,9,351,6379,87,02881,225,8361
120,9,351,6379,87,02881,225,8361
120,9,351,6555,87,02881,225,7803
120,9,351,6555,87,02881,225,7803
120,9,351,6855,87,02881,225,6851
120,9,351,7092,87,02881,225,6107
120,9,351,7263,87,02881,225,556
120,9,351,7439,87,02881,225,5004
120,9,351,7439,87,02881,225,5004
120,9,351,7439,87,02881,225,5004
120,9,351,7622,87,02881,225,4426
120,9,351,7622,87,02881,225,4426
120,9,351,7915,87,02881,225,3495
120,9,351,7915,87,02881,225,3495
120,9,351,8289,87,02832,225,2311
120,9,351,8289,87,02832,225,2311
120,9,351,8538,87,02832,225,1527
120,9,351,8538,87,02832,225,1527
120,9,351,8755,87,02832,225,0836
120,9,351,9016,87,02832,225,0005
120,9,351,9016,87,02832,225,0005
120,9,351,9221,87,02832,224,9354
120,9,351,939,87,02832,224,8826
120,9,351,9563,87,02832,224,8274
120,9,351,9563,87,02832,224,8274
120,9,351,9739,87,02832,224,7716
120,9,351,9907,87,02832,224,7183
120,9,352,0115,87,02832,224,653
120,9,352,0115,87,02832,224,653
120,9,352,0298,87,02832,224,5945
120,9,352,0476,87,02832,224,5383
120,9,352,0603,87,02832,224,4978
120,9,352,0603,87,02832,224,4978
120,9,352,0586,87,02539,224,4445
120,9,352,0571,87,02295,224,3948
120,9,352,0552,87,02002,224,334
120,9,352,0552,87,02002,224,334
120,9,352,0537,87,01758,224,2866
120,9,352,052,87,01514,224,2377
120,9,352,0503,87,01221,224,1832
120,9,352,0503,87,01221,224,1832
120,9,352,0486,87,00977,224,1299
120,9,352,0469,87,00684,224,077
120,9,352,0469,87,00684,224,077
120,9,352,0447,87,00342,224,0088
120,9,352,043,87,00049,223,9508
120,9,352,0413,86,99756,223,8945
120,9,352,0413,86,99756,223,8945
120,9,352,0396,86,99512,223,8419
120,9,352,0378,86,99219,223,7863
120,9,352,0378,86,99219,223,7863
120,9,352,0359,86,98926,223,7301
120,9,352,0339,86,98633,223,6646
120,9,352,0339,86,98633,223,6646
120,9,352,0322,86,9834,223,6108
120,9,352,0305,86,98047,223,5554
120,9,352,0288,86,97803,223,5005
120,9,352,0288,86,97803,223,5005
120,9,352,0269,86,9751,223,4454
120,9,352,0254,86,97266,223,3943
120,9,352,0234,86,96924,223,334
120,9,352,0234,86,96924,223,334
120,9,352,022,86,9668,223,2877
120,9,352,0203,86,96436,223,2377
120,9,352,0186,86,96191,223,183
120,9,352,0173,86,95947,223,1395
120,9,352,0173,86,95947,223,1395
120,9,352,0159,86,95703,223,094
120,9,352,0139,86,9541,223,0338
120,9,352,0125,86,95166,222,9836
120,9,352,0107,86,94922,222,9343
120,9,352,0107,86,94922,222,9343
120,9,352,0093,86,94678,222,8854
120,9,352,0076,86,94434,222,8378
120,9,352,0061,86,94189,222,7886
120,9,352,0042,86,93848,222,7289
120,9,352,0042,86,93848,222,7289
120,9,352,0029,86,93652,222,6844
120,9,352,0012,86,93408,222,6362
120,9,351,9998,86,93164,222,5876
120,9,351,9978,86,92871,222,5284
120,9,351,9978,86,92871,222,5284
120,9,351,9963,86,92627,222,4813
120,9,351,9944,86,92285,222,4197
120,9,351,9944,86,92285,222,4197
120,9,351,9929,86,92041,222,3691
120,9,351,9912,86,91797,222,3193
120,9,351,9897,86,91553,222,2738
120,9,351,9883,86,91309,222,2219
120,9,351,9883,86,91309,222,2219
120,9,351,9866,86,91016,222,17
120,9,351,9846,86,90723,222,1057
120,9,351,9829,86,90479,222,0555
120,9,351,9814,86,90234,222,0104
120,9,351,9814,86,90234,222,0104
120,9,351,98,86,8999,221,9622
120,9,351,9785,86,89746,221,9143
120,9,351,9768,86,89502,221,8655
120,9,351,9768,86,89502,221,8655
120,9,351,9751,86,89209,221,8057
120,9,351,9734,86,88965,221,7566
120,9,351,9719,86,88721,221,708
120,9,351,9705,86,88477,221,6621
120,9,351,969,86,88232,221,6138
120,9,351,9675,86,87988,221,5684
120,9,351,9675,86,87988,221,5684
120,9,351,9661,86,87744,221,5223
120,9,351,9653,86,87646,221,5004
120,9,351,9639,86,87012,221,4341
120,9,351,9639,86,87012,221,4341
120,9,351,9626,86,86377,221,3684
120,9,351,9612,86,85791,221,3068
120,9,351,96,86,85156,221,2418
120,9,351,96,86,85156,221,2418
120,9,351,9585,86,84473,221,1755
120,9,351,957,86,8374,221,0999
120,9,351,9556,86,83105,221,032
120,9,351,9543,86,82568,220,9747
120,9,351,9531,86,81934,220,9104
120,9,351,9531,86,81934,220,9104
120,9,351,9519,86,81348,220,8503
120,9,351,9502,86,80566,220,7711
120,9,351,9487,86,79834,220,6951
120,9,351,9487,86,79834,220,6951
120,9,351,9473,86,79248,220,6332
120,9,351,946,86,78662,220,572
120,9,351,9448,86,78027,220,5095
120,9,351,9436,86,77441,220,4484
120,9,351,9421,86,76807,220,3853
120,9,351,9421,86,76807,220,3853
120,9,351,9409,86,76221,220,3246
120,9,351,9395,86,75537,220,2501
120,9,351,9377,86,74805,220,1763
120,9,351,9377,86,74805,220,1763
120,9,351,9365,86,74121,220,1062
120,9,351,9353,86,73535,220,0474
120,9,351,9338,86,729,219,9821
120,9,351,9326,86,72314,219,9182
120,9,351,9326,86,72314,219,9182
120,9,351,9309,86,71582,219,8434
120,9,351,9297,86,70996,219,7815
120,9,351,9282,86,70313,219,7144
120,9,351,927,86,69727,219,6512
120,9,351,9255,86,69092,219,5869
120,9,351,9255,86,69092,219,5869
120,9,351,9243,86,68457,219,5223
120,9,351,9226,86,67627,219,437
120,9,351,9226,86,67627,219,437
120,9,351,9211,86,66992,219,3706
120,9,351,9199,86,66357,219,3082
120,9,351,9185,86,65771,219,244
120,9,351,9172,86,65186,219,1826
120,9,351,9172,86,65186,219,1826
120,9,351,9158,86,64502,219,1152
120,9,351,9143,86,63721,219,033
120,9,351,9143,86,63721,219,033
120,9,351,9128,86,63086,218,9675
120,9,351,9111,86,62305,218,8876
120,9,351,9099,86,61768,218,8306
120,9,351,9087,86,61133,218,7688
120,9,351,9075,86,60547,218,7078
120,9,351,906,86,59863,218,6339
120,9,351,9048,86,59277,218,5769
120,9,351,9048,86,59277,218,5769
120,9,351,9036,86,5874,218,5195
120,9,351,9023,86,58203,218,4637
120,9,351,9011,86,57568,218,4014
120,9,351,8999,86,5708,218,3472
120,9,351,8999,86,5708,218,3472
120,9,351,8984,86,56299,218,2697
120,9,351,8967,86,55518,218,1907
120,9,351,894,86,54346,218,0668
120,9,351,894,86,54346,218,0668
120,9,351,894,86,54346,218,0668
120,9,351,894,86,54346,218,0668
120,9,351,894,86,54297,218,0651
120,10,351,894,86,54297,218,0651
120,10,351,8896,86,52246,217,8489
120,10,351,8877,86,5127,217,7517
120,10,351,8862,86,50635,217,6873
120,10,351,8862,86,50635,217,6873
120,10,351,885,86,50098,217,6305
120,10,351,8838,86,49463,217,5635
120,10,351,8833,86,49268,217,5441
120,10,351,8833,86,49268,217,5441
120,10,351,8799,86,48242,217,4775
120,10,351,8745,86,46729,217,3757
120,10,351,8704,86,45508,217,297
120,10,351,8669,86,44531,217,2303
120,10,351,8635,86,43555,217,166
120,10,351,8604,86,42676,217,1073
120,10,351,8604,86,42676,217,1073
120,10,351,8572,86,41699,217,0426
120,10,351,8533,86,40625,216,9717
120,10,351,8486,86,39209,216,8805
120,10,351,845,86,38184,216,8121
120,10,351,8416,86,37158,216,7434
120,10,351,8379,86,36133,216,6743
120,10,351,8379,86,36133,216,6743
120,10,351,8345,86,35156,216,6122
120,10,351,8313,86,3418,216,5475
120,10,351,8271,86,33008,216,4703
120,10,351,8271,86,33008,216,4703
120,10,351,8223,86,31592,216,377
120,10,351,8184,86,30469,216,3011
120,10,351,8149,86,29492,216,2374
120,10,351,8118,86,28564,216,1742
120,10,351,8086,86,27637,216,1151
120,10,351,8054,86,26709,216,0535
120,10,351,802,86,25781,215,9918
120,10,351,7976,86,24512,215,9065
120,10,351,7944,86,23535,215,844
120,10,351,7913,86,22607,215,7826
120,10,351,7874,86,21533,215,7091
120,10,351,7839,86,20557,215,6454
120,10,351,7808,86,19629,215,5852
120,10,351,7808,86,19629,215,5852
120,10,351,7776,86,18701,215,5247
120,10,351,7737,86,17529,215,4465
120,10,351,77,86,16504,215,3784
120,10,351,7671,86,15625,215,3209
120,10,351,7634,86,14648,215,2549
120,10,351,7603,86,13721,215,1927
120,10,351,7571,86,12793,215,1317
120,10,351,7539,86,11865,215,0723
120,10,351,7507,86,10938,215,0107
120,10,351,7468,86,09814,214,9368
120,10,351,7468,86,09814,214,9368
120,10,351,7437,86,08887,214,8741
120,10,351,739,86,07617,214,7886
120,10,351,7356,86,06543,214,7198
120,10,351,7324,86,05664,214,6608
120,10,351,7295,86,04785,214,6031
120,10,351,7263,86,03857,214,5419
120,10,351,7222,86,02686,214,4644
120,10,351,719,86,01807,214,4047
120,10,351,7161,86,00879,214,3462
120,10,351,7126,85,99951,214,2831
120,10,351,7097,85,99072,214,2242
120,10,351,7063,85,98145,214,1625
120,10,351,7034,85,97266,214,1053
120,10,351,7002,85,96338,214,046
120,10,351,6963,85,95215,213,9692
120,10,351,6931,85,94238,213,9067
120,10,351,6897,85,93311,213,8447
120,10,351,6868,85,92432,213,7875
120,10,351,6836,85,91504,213,7249
120,10,351,6802,85,90527,213,6598
120,10,351,677,85,89648,213,6024
120,10,351,677,85,89648,213,6024
120,10,351,6741,85,8877,213,5441
120,10,351,6699,85,87598,213,4655
120,10,351,6665,85,86572,213,3992
120,10,351,6616,85,85156,213,3055
120,10,351,6584,85,84277,213,2478
120,10,351,6555,85,83398,213,189
120,10,351,6523,85,8252,213,1295
120,10,351,6489,85,81494,213,064
120,10,351,646,85,80664,213,0082
120,10,351,6453,85,79883,212,9543
120,10,351,6445,85,7915,212,9026
120,10,351,644,85,78418,212,8517
120,10,351,6433,85,77686,212,8
120,10,351,6426,85,76904,212,7457
120,10,351,6418,85,76172,212,6926
120,10,351,6418,85,76172,212,6926
120,10,351,6414,85,75439,212,6418
120,10,351,6404,85,74414,212,5704
120,10,351,6396,85,73584,212,5118
120,10,351,6389,85,72754,212,4562
120,10,351,6382,85,71973,212,3987
120,10,351,6375,85,71191,212,3444
120,10,351,6367,85,70361,212,287
120,10,351,636,85,69629,212,2346
120,10,351,635,85,68555,212,1621
120,10,351,6345,85,67822,212,11
120,10,351,6338,85,67041,212,0557
120,10,351,6331,85,66357,212,0078
120,10,351,6323,85,65576,211,9528
120,10,351,6316,85,64795,211,8982
120,10,351,6311,85,64063,211,8472
120,10,351,6304,85,6333,211,7957
120,10,351,6294,85,62354,211,7278
120,10,351,6287,85,61621,211,6765
120,10,351,6282,85,60889,211,6229
120,10,351,6274,85,60156,211,5732
120,10,351,6274,85,60156,211,5732
120,10,351,6274,85,60156,211,5732
120,10,351,6267,85,59375,211,5198
120,10,351,625,85,57422,211,3804
120,10,351,624,85,56299,211,303
120,10,351,624,85,56299,211,303
120,10,351,623,85,55273,211,2325
120,10,351,623,85,55273,211,2325
120,10,351,6221,85,54199,211,1571
120,10,351,6208,85,52881,211,0624
120,10,351,6199,85,51807,210,988
120,10,351,6191,85,51025,210,9333
120,10,351,6191,85,51025,210,9333
120,10,351,6184,85,50049,210,8643
120,10,351,6174,85,49072,210,7961
120,10,351,6165,85,47949,210,7178
120,10,351,6157,85,47217,210,666
120,10,351,615,85,46436,210,614
120,10,351,615,85,46436,210,614
120,10,351,6143,85,45508,210,5486
120,10,351,6133,85,44531,210,4789
120,10,351,6133,85,44531,210,4789
120,10,351,6121,85,43213,210,3868
120,11,351,6111,85,41943,210,298
120,11,351,6111,85,41943,210,298
120,11,351,6101,85,40918,210,2278
120,11,351,6091,85,39893,210,1548
120,11,351,6082,85,38916,210,0852
120,11,351,6082,85,38916,210,0852
120,11,351,6072,85,37891,210,0146
120,11,351,6072,85,37891,210,0146
120,11,351,6062,85,36572,209,9209
120,11,351,6047,85,35205,209,8269
120,11,351,6038,85,34131,209,7502
120,11,351,6038,85,34131,209,7502
120,11,351,603,85,33105,209,678
120,11,351,603,85,33105,209,678
120,11,351,6021,85,3208,209,6084
120,11,351,6008,85,30664,209,5096
120,11,351,5999,85,29688,209,4399
120,11,351,5989,85,2876,209,3737
120,11,351,5989,85,2876,209,3737
120,11,351,5981,85,27783,209,3081
120,11,351,5972,85,26807,209,2382
120,11,351,5972,85,26807,209,2382
120,11,351,5964,85,2583,209,1704
120,11,351,5952,85,24512,209,0789
120,11,351,5942,85,23486,209,0076
120,11,351,5942,85,23486,209,0076
120,11,351,594,85,23193,208,9856
120,11,351,5942,85,22607,208,9111
120,11,351,5942,85,22021,208,8339
120,11,351,5942,85,22021,208,8339
120,11,351,5945,85,21338,208,752
120,11,351,5945,85,21338,208,752
120,11,351,5947,85,20508,208,6462
120,11,351,595,85,19971,208,5725
120,11,351,5952,85,19336,208,4919
120,11,351,5952,85,19336,208,4919
120,11,351,5952,85,18701,208,4165
120,11,351,5955,85,18164,208,3425
120,11,351,5955,85,18164,208,3425
120,11,351,5957,85,17578,208,2688
120,11,351,5959,85,16748,208,1654
120,11,351,5959,85,16162,208,0883
120,11,351,5962,85,15576,208,0171
120,11,351,5964,85,15088,207,9551
120,11,351,5964,85,15088,207,9551
120,11,351,5964,85,146,207,8907
120,11,351,5967,85,14111,207,8281
120,11,351,5969,85,13379,207,7379
120,11,351,5969,85,12891,207,6743
120,11,351,5972,85,12402,207,6106
120,11,351,5972,85,12402,207,6106
120,11,351,5972,85,11914,207,5492
120,11,351,5972,85,11914,207,5492
120,11,351,5974,85,10986,207,434
120,11,351,5977,85,104,207,3536
120,11,351,5979,85,09814,207,2804
120,11,351,5979,85,09375,207,229
120,11,351,5981,85,08984,207,1746
120,11,351,5981,85,08594,207,1234
120,11,351,5984,85,08105,207,0673
120,11,351,5984,85,08105,207,0673
120,11,351,5984,85,08105,207,0673
120,11,351,5986,85,07422,206,9756
120,11,351,5986,85,07422,206,9756
120,11,351,5989,85,06445,206,8541
120,11,351,5989,85,06445,206,8541
120,11,351,5991,85,05371,206,7131
120,11,351,5994,85,04639,206,6199
120,11,351,5994,85,04639,206,6199
120,11,351,5996,85,03809,206,5189
120,11,351,5999,85,03174,206,4344
120,11,351,5999,85,02686,206,3746
120,11,351,6001,85,021,206,3025
120,11,351,6003,85,0166,206,2463
120,11,351,6003,85,0127,206,1946
120,11,351,6003,85,00879,206,1411
120,11,351,6006,85,00391,206,085
120,11,351,6008,85,206,0303
120,11,351,6008,84,99561,205,9767
120,11,351,6008,84,99121,205,9225
120,11,351,6011,84,98584,205,8525
120,11,351,6013,84,98145,205,7988
120,11,351,6013,84,97754,205,7449
120,11,351,6016,84,97314,205,6893
120,11,351,6016,84,96875,205,6355
120,11,351,6018,84,96289,205,562
120,11,351,6018,84,96289,205,562
120,11,351,6021,84,95703,205,4872
120,11,351,6021,84,95166,205,4194
120,11,351,6023,84,9458,205,3451
120,11,351,6023,84,94189,205,2915
120,11,351,6025,84,9375,205,2349
120,11,351,6028,84,93311,205,1787
120,11,351,6028,84,9292,205,1282
120,11,351,6028,84,9248,205,0759
120,11,351,603,84,92041,205,0193
120,11,351,6033,84,91455,204,9458
120,11,351,6033,84,91016,204,8893
120,11,351,6035,84,90625,204,8369
120,11,351,6035,84,90186,204,782
120,11,351,6038,84,89453,204,6892
120,11,351,6072,84,89355,204,6366
120,11,351,6072,84,89355,204,6366
120,11,351,6152,84,89111,204,5088
120,11,351,6189,84,89014,204,4515
120,11,351,6221,84,88867,204,3982
120,11,351,6257,84,8877,204,3429
120,11,351,6294,84,88672,204,2847
120,11,351,6331,84,88574,204,2256
120,11,351,6365,84,88477,204,1716
120,11,351,6401,84,8833,204,1119
120,11,351,6448,84,88184,204,04
120,11,351,6482,84,88086,203,9836
120,11,351,6521,84,87988,203,9261
120,11,351,6555,84,87891,203,8708
120,11,351,6592,84,87744,203,8132
120,11,351,6626,84,87646,203,7565
120,11,351,6663,84,87549,203,7008
120,11,351,6694,84,87451,203,6486
120,11,351,6741,84,87305,203,5747
120,11,351,678,84,87158,203,5125
120,11,351,6814,84,87061,203,4596
120,11,351,6851,84,86963,203,4036
120,11,351,6887,84,86865,203,3455
120,11,351,6919,84,86768,203,2927
120,11,351,6958,84,86621,203,2338
120,11,351,6992,84,86523,203,1768
120,11,351,7039,84,86377,203,1061
120,12,351,7075,84,86279,203,0481
120,12,351,7126,84,86133,202,9666
120,12,351,7163,84,85986,202,9078
120,12,351,7197,84,85889,202,8533
120,12,351,7231,84,85791,202,7977
120,12,351,7268,84,85693,202,743
120,12,351,7305,84,85596,202,684
120,12,351,7351,84,85449,202,6094
120,12,351,7388,84,85303,202,5525
120,12,351,7424,84,85205,202,4946
120,12,351,7461,84,85107,202,4376
120,12,351,7493,84,8501,202,3855
120,12,351,7527,84,84912,202,3324
120,12,351,7563,84,84766,202,2742
120,12,351,76,84,84668,202,2155
120,12,351,7646,84,84521,202,144
120,12,351,7683,84,84424,202,0823
120,12,351,7722,84,84277,202,0214
120,12,351,7759,84,8418,201,9642
120,12,351,7795,84,84082,201,908
120,12,351,783,84,83984,201,8516
120,12,351,7866,84,83838,201,795
120,12,351,7903,84,8374,201,738
120,12,351,7949,84,83594,201,6639
120,12,351,7988,84,83496,201,6027
120,12,351,8025,84,8335,201,5433
120,12,351,8064,84,83252,201,4832
120,12,351,8103,84,83154,201,4214
120,12,351,814,84,83008,201,3605
120,12,351,8179,84,8291,201,2996
120,12,351,8215,84,82764,201,2404
120,12,351,8264,84,82617,201,1654
120,12,351,8306,84,8252,201,0985
120,12,351,8342,84,82422,201,0426
120,12,351,8379,84,82275,200,9829
120,12,351,8416,84,82178,200,9269
120,12,351,8452,84,8208,200,8662
120,12,351,8491,84,81934,200,8055
120,12,351,8528,84,81836,200,7454
120,12,351,8577,84,81689,200,67
120,12,351,8616,84,81543,200,6075
120,12,351,865,84,81445,200,5519
120,12,351,8691,84,81348,200,4897
120,12,351,8728,84,81201,200,4314
120,12,351,8765,84,81104,200,373
120,12,351,8804,84,81006,200,3105
120,12,351,8804,84,81006,200,3105
120,12,351,8843,84,80859,200,2496
120,12,351,8892,84,80713,200,1714
120,12,351,8965,84,80762,200,1023
120,12,351,9028,84,80811,200,0422
120,12,351,9102,84,80859,199,973
120,12,351,917,84,80908,199,9076
120,12,351,9233,84,80957,199,8472
120,12,351,9233,84,80957,199,8472
120,12,351,9302,84,81006,199,7828
120,12,351,939,84,81104,199,6993
120,12,351,946,84,81152,199,6316
120,12,351,9531,84,81201,199,5648
120,12,351,9597,84,8125,199,5011
120,12,351,9663,84,81299,199,4402
120,12,351,9729,84,81348,199,3771
120,12,351,9729,84,81348,199,3771
120,12,351,9729,84,81348,199,3771
120,12,351,9729,84,81348,199,3771
120,12,351,9729,84,81348,199,3771
120,12,351,9797,84,81396,199,3109
120,12,352,0112,84,81641,199,0123
120,12,352,0112,84,81641,199,0123
120,12,352,0203,84,81689,198,9279
120,12,352,0203,84,81689,198,9279
120,12,352,0203,84,81689,198,9279
120,12,352,0203,84,81689,198,9279
120,12,352,0203,84,81689,198,9279
120,12,352,0278,84,81738,198,856
120,12,352,0278,84,81738,198,856
120,12,352,0593,84,81982,198,5573
120,12,352,0593,84,81982,198,5573
120,12,352,0715,84,8208,198,4419
120,12,352,0862,84,82178,198,3016
120,12,352,0862,84,82178,198,3016
120,12,352,0862,84,82178,198,3016
120,12,352,0935,84,82227,198,2339
120,12,352,0935,84,82227,198,2339
120,12,352,0935,84,82227,198,2339
120,12,352,1138,84,82373,198,0414
120,12,352,1138,84,82373,198,0414
120,12,352,1304,84,8252,197,8823
120,12,352,1436,84,82617,197,7578
120,12,352,1514,84,82666,197,6838
120,12,352,1514,84,82666,197,6838
120,12,352,1589,84,82715,197,6128
120,12,352,1665,84,82764,197,5402
120,12,352,1665,84,82764,197,5402
120,12,352,176,84,82861,197,4506
120,12,352,1855,84,8291,197,3588
120,12,352,1934,84,82959,197,2863
120,12,352,1934,84,82959,197,2863
120,12,352,2026,84,83057,197,1969
120,12,352,2102,84,83105,197,1248
120,12,352,218,84,83154,197,0526
120,12,352,218,84,83154,197,0526
120,12,352,2275,84,83252,196,9607
120,12,352,2356,84,83301,196,8856
120,12,352,2454,84,8335,196,7927
120,12,352,2454,84,8335,196,7927
120,12,352,2522,84,83398,196,7266
120,12,352,2617,84,83496,196,6366
120,12,352,2617,84,83496,196,6366
120,12,352,2698,84,83545,196,5597
120,12,352,2793,84,83594,196,4703
120,12,352,2871,84,83691,196,3965
120,12,352,2947,84,8374,196,3228
120,12,352,302,84,83789,196,2554
120,12,352,302,84,83789,196,2554
120,12,352,3098,84,83838,196,1818
120,12,352,3174,84,83887,196,1088
120,12,352,3267,84,83984,196,0205
120,12,352,3267,84,83984,196,0205
120,12,352,334,84,84033,195,9503
120,12,352,3423,84,84082,195,8727
120,12,352,3503,84,84131,195,7957
120,12,352,3584,84,84229,195,7203
120,12,352,3584,84,84229,195,7203
120,12,352,3613,84,84229,195,6918
120,12,352,3726,84,84521,195,6029
120,12,352,3818,84,84717,195,5286
120,12,352,3914,84,84961,195,454
120,12,352,3914,84,84961,195,454
120,12,352,4006,84,85205,195,3795
120,12,352,4097,84,854,195,3075
120,12,352,4187,84,85645,195,2352
120,12,352,4187,84,85645,195,2352
120,12,352,4307,84,85938,195,1416
120,12,352,4399,84,86133,195,0677
120,12,352,449,84,86377,194,9949
120,12,352,4578,84,86572,194,9247
120,12,352,467,84,86816,194,8511
120,12,352,467,84,86816,194,8511
120,12,352,4758,84,87012,194,7814
120,12,352,4871,84,87305,194,6923
120,12,352,4963,84,87549,194,6183
120,12,352,4963,84,87549,194,6183
120,12,352,5066,84,87793,194,5376
120,12,352,5149,84,87988,194,4722
120,12,352,5242,84,88184,194,3983
120,12,352,5242,84,88184,194,3983
120,12,352,5344,84,88428,194,3168
120,12,352,5464,84,88721,194,222
120,12,352,5559,84,88965,194,146
120,12,352,5652,84,89209,194,0724
120,12,352,5652,84,89209,194,0724
120,12,352,5737,84,89404,194,0045
120,12,352,5833,84,89648,193,9297
120,12,352,5833,84,89648,193,9297
120,12,352,595,84,89941,193,8362
120,12,352,6062,84,90186,193,7471
120,12,352,615,84,9043,193,676
120,12,352,625,84,90674,193,5973
120,12,352,634,84,90869,193,5255
120,13,352,634,84,90869,193,5255
120,13,352,6433,84,91113,193,451
120,13,352,6523,84,91309,193,3798
120,13,352,6638,84,91602,193,2878
120,13,352,6638,84,91602,193,2878
120,13,352,6731,84,91846,193,215
120,13,352,6821,84,92041,193,1426
120,13,352,6919,84,92285,193,0662
120,13,352,7012,84,92529,192,9908
120,13,352,7012,84,92529,192,9908
120,13,352,7102,84,92725,192,9198
120,13,352,7214,84,93018,192,8312
120,13,352,7305,84,93262,192,7581
120,13,352,7305,84,93262,192,7581
120,13,352,741,84,93506,192,6755
120,13,352,75,84,93701,192,6042
120,13,352,7593,84,93945,192,5298
120,13,352,7688,84,94189,192,4535
120,13,352,7688,84,94189,192,4535
120,13,352,7798,84,94434,192,3667
120,13,352,7883,84,94629,192,2981
120,13,352,7976,84,94873,192,2257
120,13,352,8064,84,95068,192,1564
120,13,352,8152,84,95313,192,0861
120,13,352,8152,84,95313,192,0861
120,13,352,8242,84,95508,192,0142
120,13,352,8337,84,95752,191,938
120,13,352,8455,84,96045,191,8452
120,13,352,8455,84,96045,191,8452
120,13,352,8552,84,96289,191,7672
120,13,352,8635,84,96484,191,7012
120,13,352,8728,84,96729,191,6288
120,13,352,8809,84,96924,191,5632
120,13,352,8904,84,97119,191,4891
120,13,352,8904,84,97119,191,4891
120,13,352,8992,84,97363,191,4196
120,13,352,9104,84,97607,191,3292
120,13,352,9197,84,97852,191,2561
120,13,352,9285,84,98047,191,1857
120,13,352,9297,84,98096,191,176
120,13,352,9297,84,98096,191,176
120,13,352,9417,84,98486,191,1052
120,13,352,9536,84,98877,191,0361
120,13,352,9661,84,99316,190,9624
120,13,352,9661,84,99316,190,9624
120,13,352,9814,84,99854,190,8722
120,13,352,9939,85,00244,190,7988
120,13,353,0056,85,00635,190,7317
120,13,353,0188,85,01074,190,6537
120,13,353,0305,85,01465,190,5854
120,13,353,043,85,01904,190,5123
120,13,353,043,85,01904,190,5123
120,13,353,0544,85,02295,190,4446
120,13,353,0698,85,02832,190,3547
120,13,353,0698,85,02832,190,3547
120,13,353,084,85,03271,190,271
120,13,353,1003,85,03857,190,1753
120,13,353,1003,85,03857,190,1753
120,13,353,1169,85,04395,190,0775
120,13,353,1169,85,04395,190,0775
120,13,353,1338,85,0498,189,9794
120,13,353,1338,85,0498,189,9794
120,13,353,1558,85,05713,189,8507
120,13,353,1729,85,06299,189,7506
120,13,353,1729,85,06299,189,7506
120,13,353,1902,85,06885,189,6489
120,13,353,2061,85,07422,189,5557
120,13,353,2061,85,07422,189,5557
120,13,353,2217,85,0791,189,4636
120,13,353,2217,85,0791,189,4636
120,13,353,2417,85,08594,189,3463
120,13,353,2417,85,08594,189,3463
120,13,353,2581,85,0918,189,2505
120,13,353,2581,85,0918,189,2505
120,13,353,2756,85,09766,189,1476
120,13,353,2756,85,09766,189,1476
120,13,353,2979,85,10498,189,0167
120,13,353,2979,85,10498,189,0167
120,13,353,3157,85,11084,188,9122
120,13,353,3372,85,11816,188,7866
120,13,353,3372,85,11816,188,7866
120,13,353,3538,85,12402,188,6899
120,13,353,3696,85,12939,188,5967
120,13,353,3696,85,12939,188,5967
120,13,353,3867,85,13477,188,4965
120,13,353,3867,85,13477,188,4965
120,13,353,4026,85,14014,188,4037
120,13,353,4026,85,14014,188,4037
120,13,353,4265,85,14844,188,2623
120,13,353,4265,85,14844,188,2623
120,13,353,4434,85,15381,188,1637
120,13,353,4607,85,15967,188,062
120,13,353,4607,85,15967,188,062
120,13,353,4766,85,16504,187,9701
120,13,353,4766,85,16504,187,9701
120,13,353,4929,85,1709,187,8738
120,13,353,5164,85,17871,187,7355
120,13,353,5164,85,17871,187,7355
120,13,353,531,85,18359,187,6494
120,13,353,5439,85,18799,187,5746
120,13,353,5576,85,19238,187,4943
120,13,353,5576,85,19238,187,4943
120,13,353,571,85,19727,187,4149
120,13,353,5869,85,20215,187,3224
120,13,353,5999,85,20654,187,2467
120,13,353,5999,85,20654,187,2467
120,13,353,5999,85,20654,187,2467
120,13,353,614,85,21143,187,1633
120,13,353,6384,85,21973,187,0205
120,13,353,6516,85,22412,186,9436
120,13,353,6516,85,22412,186,9436
120,13,353,6663,85,229,186,8567
120,13,353,6787,85,2334,186,7842
120,13,353,6914,85,23779,186,7091
120,13,353,6914,85,23779,186,7091
120,13,353,7065,85,24268,186,621
120,13,353,7065,85,24268,186,621
120,13,353,7312,85,25342,186,5083
120,13,353,7312,85,25342,186,5083
120,13,353,7312,85,25342,186,5083
120,13,353,76,85,26611,186,3754
120,14,353,76,85,26611,186,3754
120,14,353,7925,85,28027,186,2263
120,14,353,8142,85,28955,186,1274
120,14,353,8142,85,28955,186,1274
120,14,353,8362,85,29883,186,0269
120,14,353,8574,85,30811,185,9288
120,14,353,8574,85,30811,185,9288
120,14,353,8765,85,31641,185,8418
120,14,353,8765,85,31641,185,8418
120,14,353,8994,85,32666,185,7366
120,14,353,9194,85,33496,185,6444
120,14,353,9348,85,3418,185,574
120,14,353,9504,85,34863,185,5016
120,14,353,9504,85,34863,185,5016
120,14,353,9673,85,35596,185,4248
120,14,353,9836,85,36328,185,3496
120,14,354,0037,85,37207,185,2574
120,14,354,0037,85,37207,185,2574
120,14,354,0198,85,37891,185,1838
120,14,354,0349,85,38525,185,1144
120,14,354,0505,85,39209,185,0425
120,14,354,0664,85,39893,184,9697
120,14,354,0664,85,39893,184,9697
120,14,354,0825,85,40625,184,8962
120,14,354,103,85,41504,184,8021
120,14,354,1189,85,42188,184,7291
120,14,354,1348,85,42871,184,6563
120,14,354,1348,85,42871,184,6563
120,14,354,1499,85,43555,184,5876
120,14,354,1672,85,44287,184,5079
120,14,354,1833,85,44971,184,4343
120,14,354,1833,85,44971,184,4343
120,14,354,2021,85,45801,184,3475
120,14,354,2185,85,46533,184,272
120,14,354,2346,85,47217,184,1981
120,14,354,2495,85,47852,184,13
120,14,354,2659,85,48584,184,0552
120,14,354,2659,85,48584,184,0552
120,14,354,2805,85,49219,183,9885
120,14,354,2959,85,49902,183,9172
120,14,354,3154,85,50732,183,8279
120,14,354,3154,85,50732,183,8279
120,14,354,3313,85,51416,183,7546
120,14,354,354,85,52393,183,6505
120,14,354,3696,85,53076,183,5792
120,14,354,385,85,5376,183,5088
120,14,354,385,85,5376,183,5088
120,14,354,4001,85,54395,183,4393
120,14,354,4189,85,55225,183,3533
120,14,354,436,85,55957,183,2743
120,14,354,436,85,55957,183,2743
120,14,354,4504,85,56592,183,2086
120,14,354,4658,85,57275,183,1378
120,14,354,481,85,5791,183,0686
120,14,354,4956,85,58545,183,0016
120,14,354,4956,85,58545,183,0016
120,14,354,5112,85,59229,182,9294
120,14,354,532,85,60156,182,8346
120,14,354,5493,85,60889,182,7552
120,14,354,5493,85,60889,182,7552
120,14,354,5654,85,61621,182,6807
120,14,354,5845,85,62402,182,5938
120,14,354,6025,85,63184,182,5109
120,14,354,6025,85,63184,182,5109
120,14,354,6199,85,63965,182,4316
120,14,354,6409,85,64893,182,3346
120,14,354,6584,85,65625,182,2548
120,14,354,6584,85,65625,182,2548
120,14,354,6743,85,66309,182,1818
120,14,354,6863,85,66846,182,1267
120,14,354,7119,85,67871,182,0543
120,14,354,7119,85,67871,182,0543
120,14,354,7346,85,6875,181,9899
120,14,354,7639,85,69922,181,9073
120,14,354,7871,85,70801,181,8422
120,14,354,7871,85,70801,181,8422
120,14,354,8083,85,71631,181,7822
120,14,354,8306,85,7251,181,7192
120,14,354,856,85,73535,181,6472
120,14,354,856,85,73535,181,6472
120,14,354,8772,85,74365,181,5875
120,14,354,9065,85,75537,181,5048
120,14,354,9319,85,76514,181,4326
120,14,354,9319,85,76514,181,4326
120,14,354,9553,85,77441,181,3668
120,14,354,9802,85,78418,181,2959
120,14,355,0042,85,79346,181,2286
120,14,355,0042,85,79346,181,2286
120,14,355,0259,85,80225,181,1672
120,14,355,054,85,81299,181,0881
120,14,355,0769,85,82227,181,0229
120,14,355,0989,85,83105,180,9611
120,14,355,0989,85,83105,180,9611
120,14,355,1206,85,83936,180,8994
120,14,355,1448,85,84912,180,8314
120,14,355,1692,85,8584,180,7623
120,14,355,197,85,86963,180,684
120,14,355,197,85,86963,180,684
120,14,355,2188,85,87793,180,6224
120,14,355,24,85,88672,180,5621
120,14,355,2639,85,896,180,495
120,14,355,2639,85,896,180,495
120,14,355,2905,85,90625,180,4196
120,14,355,3123,85,91504,180,3584
120,14,355,3408,85,92627,180,2772
120,14,355,3408,85,92627,180,2772
120,14,355,3638,85,93506,180,2124
120,14,355,3857,85,94385,180,1504
120,14,355,4084,85,95264,180,0865
120,14,355,4307,85,96143,180,0238
120,14,355,4307,85,96143,180,0238
120,14,355,4536,85,9707,179,9587
120,14,355,4807,85,98145,179,8821
120,14,355,5032,85,99023,179,8185
120,14,355,5244,85,99854,179,7589
120,14,355,5483,86,00781,179,6909
120,14,355,5483,86,00781,179,6909
120,14,355,5703,86,0166,179,6289
120,14,355,5908,86,02441,179,5714
120,14,355,5908,86,02441,179,5714
120,14,355,6143,86,03418,179,5046
120,14,355,6475,86,04688,179,411
120,14,355,6702,86,05566,179,3473
120,14,355,6917,86,06445,179,2865
120,14,355,7139,86,07324,179,2235
120,14,355,7139,86,07324,179,2235
120,14,355,7344,86,08105,179,1655
120,14,355,7568,86,08984,179,1019
120,14,355,7832,86,10059,179,0277
120,14,355,7832,86,10059,179,0277
120,14,355,8083,86,11035,178,9567
120,15,355,8303,86,11914,178,8945
120,15,355,8523,86,12744,178,8323
120,15,355,877,86,13721,178,7625
120,15,355,877,86,13721,178,7625
120,15,355,8987,86,146,178,7014
120,15,355,9263,86,15674,178,6233
120,15,355,949,86,16553,178,5593
120,15,355,9707,86,17432,178,4977
120,15,355,9929,86,18311,178,4347
120,15,355,9929,86,18311,178,4347
120,15,356,0144,86,19141,178,374
120,15,356,0371,86,20068,178,3101
120,15,356,0593,86,20898,178,2476
120,15,356,0762,86,21582,178,1998
120,15,356,0762,86,21582,178,1998
120,15,356,103,86,22607,178,1371
120,15,356,1311,86,23682,178,0714
120,15,356,1584,86,24756,178,0074
120,15,356,1848,86,25781,177,9459
120,15,356,2109,86,26807,177,8846
120,15,356,2109,86,26807,177,8846
120,15,356,2385,86,27832,177,8199
120,15,356,2717,86,2915,177,7426
120,15,356,303,86,30322,177,6697
120,15,356,303,86,30322,177,6697
120,15,356,3337,86,31543,177,5979
120,15,356,3616,86,32617,177,5327
120,15,356,3894,86,33691,177,4679
120,15,356,3894,86,33691,177,4679
120,15,356,4163,86,34717,177,405
120,15,356,4556,86,3623,177,3131
120,15,356,488,86,375,177,2373
120,15,356,5151,86,38525,177,1736
120,15,356,5432,86,396,177,108
120,15,356,5432,86,396,177,108
120,15,356,5688,86,40625,177,0481
120,15,356,5952,86,41602,176,9866
120,15,356,6274,86,42871,176,9111
120,15,356,6538,86,43896,176,8492
120,15,356,6816,86,44971,176,7845
120,15,356,6816,86,44971,176,7845
120,15,356,7097,86,46045,176,7189
120,15,356,7395,86,47168,176,6494
120,15,356,7395,86,47168,176,6494
120,15,356,7717,86,48438,176,5741
120,15,356,8054,86,49756,176,4951
120,15,356,8342,86,5083,176,428
120,15,356,8623,86,51953,176,3618
120,15,356,8901,86,53027,176,2972
120,15,356,8901,86,53027,176,2972
120,15,356,9187,86,54102,176,2305
120,15,356,9463,86,55176,176,1655
120,15,356,9817,86,56543,176,0833
120,15,357,0098,86,57617,176,0172
120,15,357,0098,86,57617,176,0172
120,15,357,0359,86,58643,175,9563
120,15,357,0649,86,59766,175,8883
120,15,357,0928,86,6084,175,8234
120,15,357,1201,86,61914,175,7593
120,15,357,1201,86,61914,175,7593
120,15,357,1465,86,62891,175,6978
120,15,357,1812,86,64258,175,6167
120,15,357,2092,86,65332,175,5508
120,15,357,2092,86,65332,175,5508
120,15,357,2354,86,66357,175,4897
120,15,357,2708,86,67725,175,4071
120,15,357,2998,86,68848,175,3395
120,15,357,3274,86,69922,175,2747
120,15,357,3274,86,69922,175,2747
120,15,357,3616,86,7124,175,1946
120,15,357,3896,86,72314,175,1294
120,15,357,4185,86,73438,175,0619
120,15,357,4458,86,74463,174,9979
120,15,357,4458,86,74463,174,9979
120,15,357,4727,86,75488,174,9352
120,15,357,5039,86,76709,174,8621
120,15,357,5378,86,78027,174,7828
120,15,357,5642,86,79053,174,7211
120,15,357,5898,86,80029,174,6611
120,15,357,5898,86,80029,174,6611
120,15,357,6157,86,81055,174,6006
120,15,357,6433,86,8208,174,536
120,15,357,6729,86,83252,174,4672
120,15,357,6987,86,84229,174,407
120,15,357,6987,86,84229,174,407
120,15,357,7305,86,85449,174,3324
120,15,357,759,86,86572,174,266
120,15,357,7844,86,87549,174,2064
120,15,357,8113,86,88574,174,1439
120,15,357,8237,86,89063,174,1145
120,15,357,8528,86,90088,174,059
120,15,357,8528,86,90088,174,059
120,15,357,8831,86,91113,174,0015
120,15,357,9221,86,9248,173,9274
120,15,357,9534,86,93604,173,8679
120,15,357,9861,86,94727,173,8055
120,15,358,0161,86,95801,173,7483
120,15,358,0454,86,96826,173,6924
120,15,358,075,86,97852,173,6361
120,15,358,075,86,97852,173,6361
120,15,358,1057,86,98926,173,5776
120,15,358,1455,87,00293,173,5022
120,15,358,1785,87,01465,173,4393
120,15,358,1785,87,01465,173,4393
120,15,358,2083,87,0249,173,3823
120,15,358,2397,87,03613,173,3226
120,15,358,2737,87,04785,173,2581
120,15,358,3044,87,05859,173,1995
120,15,358,3044,87,05859,173,1995
120,15,358,3335,87,06885,173,1442
120,15,358,3733,87,08252,173,0682
120,15,358,4067,87,09424,173,0048
120,15,358,4377,87,10498,172,9454
120,15,358,467,87,11523,172,89
120,15,358,4988,87,12646,172,8296
120,15,358,4988,87,12646,172,8296
120,15,358,531,87,1377,172,7683
120,15,358,5627,87,14893,172,7075
120,15,358,6023,87,1626,172,6326
120,15,358,6023,87,1626,172,6326
120,15,358,6328,87,17334,172,5741
120,15,358,6663,87,18506,172,5107
120,15,358,698,87,19629,172,4502
120,15,358,7288,87,20654,172,392
120,15,358,7612,87,21826,172,33
120,15,358,7612,87,21826,172,33
120,15,358,7913,87,22852,172,2725
120,15,358,8296,87,24219,172,1998
120,15,358,8601,87,25293,172,1415
120,15,358,8909,87,26318,172,083
120,15,358,9224,87,27441,172,0232
120,15,358,9524,87,28516,171,9657
120,15,358,9524,87,28516,171,9657
120,15,358,9822,87,29541,171,9092
120,15,359,0125,87,30566,171,8517
120,15,359,05,87,31885,171,7802
120,15,359,05,87,31885,171,7802
120,15,359,0837,87,33057,171,7159
120,15,359,1252,87,34521,171,637
120,15,359,158,87,35693,171,5746
120,15,359,1877,87,36719,171,5179
120,15,359,1877,87,36719,171,5179
120,15,359,218,87,37793,171,4603
120,15,359,2583,87,3916,171,3835
120,15,359,2925,87,40381,171,3186
120,15,359,322,87,41406,171,2622
120,15,359,322,87,41406,171,2622
120,15,359,3538,87,42529,171,2017
120,15,359,3865,87,43652,171,1394
120,15,359,4189,87,44775,171,0778
120,15,359,4548,87,46045,171,0093
120,15,359,4861,87,47119,170,9498
120,15,359,4861,87,47119,170,9498
120,15,359,5161,87,48193,170,8926
120,15,359,5464,87,49219,170,8352
120,15,359,5771,87,50293,170,7769
120,15,359,6079,87,51367,170,7183
120,15,359,6389,87,5249,170,6592
120,15,359,6389,87,5249,170,6592
120,15,359,6772,87,53809,170,5859
120,15,359,7083,87,54883,170,5271
120,15,359,7393,87,55957,170,468
120,15,359,77,87,57031,170,4095
120,15,359,804,87,58252,170,3447
120,15,359,804,87,58252,170,3447
120,15,359,8225,87,58887,170,3096
120,15,359,8599,87,60059,170,2534
120,15,359,907,87,61523,170,1826
120,15,359,9451,87,62695,170,1252
120,15,359,9451,87,62695,170,1252
120,15,359,9807,87,63818,170,0714
120,15,360,0208,87,65088,170,011
120,15,360,0588,87,6626,169,9539
120,15,360,0928,87,67334,169,9027
120,15,360,1277,87,68457,169,8501
120,15,360,1724,87,69824,169,783
120,15,360,1724,87,69824,169,783
120,15,360,2087,87,70947,169,7283
120,15,360,2439,87,7207,169,6749
120,15,360,2795,87,73193,169,6215
120,15,360,3157,87,74316,169,567
120,15,360,3503,87,75391,169,515
120,15,360,3872,87,76563,169,4594
120,15,360,3872,87,76563,169,4594
120,15,360,4314,87,7793,169,3931
120,15,360,4705,87,7915,169,3339
120,15,360,5063,87,80273,169,28
120,15,360,543,87,81445,169,2247
120,15,360,5771,87,8252,169,1733
120,15,360,613,87,83643,169,1194
120,15,360,613,87,83643,169,1194
120,15,360,6492,87,84766,169,0647
120,15,360,6936,87,86133,168,9982
120,15,360,7305,87,87305,168,9425
120,15,360,7681,87,88477,168,8859
120,15,360,803,87,896,168,8331
120,15,360,803,87,896,168,8331
120,15,360,8389,87,90723,168,7792
120,15,360,8892,87,92285,168,7036
120,15,360,8892,87,92285,168,7036
120,15,360,9456,87,94043,168,6187
120,15,360,9915,87,95459,168,5496
120,15,361,0322,87,96729,168,4882
120,15,361,0669,87,97852,168,436
120,15,361,1006,87,98877,168,3851
120,15,361,1006,87,98877,168,3851
120,15,361,1372,88,00049,168,3301
120,15,361,1741,88,01172,168,2744
120,15,361,2134,88,02393,168,2155
120,15,361,2134,88,02393,168,2155
120,15,361,2583,88,03809,168,1477
120,15,361,3044,88,05273,168,0782
120,15,361,3406,88,06396,168,024
120,15,361,374,88,07422,167,9736
120,15,361,4109,88,08594,167,918
120,15,361,4502,88,09814,167,8589
120,15,361,4502,88,09814,167,8589
120,15,361,4846,88,10889,167,8071
120,15,361,5286,88,12305,167,7408
120,15,361,5669,88,13477,167,6831
120,15,361,6035,88,14648,167,6281
120,15,361,6409,88,1582,167,5718
120,15,361,6802,88,17041,167,5127
120,15,361,6802,88,17041,167,5127
120,15,361,7161,88,18164,167,4586
120,15,361,7522,88,19287,167,4039
120,15,361,7983,88,20703,167,3348
120,15,361,8381,88,21973,167,275
120,15,361,8755,88,23145,167,2185
120,15,361,8755,88,23145,167,2185
120,15,361,9089,88,2417,167,1681
120,15,361,948,88,25391,167,1093
120,15,361,948,88,25391,167,1093
120,15,362,0024,88,271,167,0273
120,15,362,0491,88,28564,166,9572
120,15,362,0908,88,29883,166,8943
120,15,362,1262,88,31006,166,8409
120,15,362,1262,88,31006,166,8409
120,15,362,165,88,32178,166,7826
120,15,362,2029,88,33398,166,7255
120,15,362,2283,88,3418,166,6874
120,15,362,2627,88,35352,166,6327
120,15,362,2627,88,35352,166,6327
120,15,362,3069,88,36816,166,563
120,15,362,3423,88,38037,166,5066
120,15,362,3757,88,3916,166,4539
120,15,362,4099,88,40332,166,3994
120,15,362,446,88,41553,166,342
120,15,362,4814,88,42725,166,2861
120,15,362,4814,88,42725,166,2861
120,15,362,5142,88,43848,166,2343
120,15,362,5569,88,45313,166,1665
120,15,362,5945,88,46582,166,1068
120,15,362,5945,88,46582,166,1068
120,15,362,6262,88,47656,166,0564
120,15,362,6648,88,48926,165,9956
120,15,362,6987,88,50098,165,9415
120,15,362,7327,88,51221,165,8878
120,15,362,7671,88,52393,165,8331
120,15,362,7671,88,52393,165,8331
120,15,362,8098,88,53857,165,7657
120,15,362,8438,88,5498,165,7115
120,15,362,8777,88,56152,165,658
120,15,362,9121,88,57324,165,6034
120,15,362,9451,88,58447,165,5509
120,15,362,9788,88,5957,165,4978
120,15,362,9788,88,5957,165,4978
120,15,363,012,88,60693,165,4448
120,15,363,0574,88,62207,165,3729
120,15,363,0942,88,63477,165,3147
120,15,363,1292,88,64648,165,2592
120,15,363,1609,88,65723,165,2087
120,15,363,1609,88,65723,165,2087
120,15,363,1997,88,67041,165,1475
120,15,363,2327,88,68164,165,0952
120,15,363,2668,88,69336,165,041
120,15,363,3064,88,70654,164,9783
120,15,363,3425,88,71875,164,9213
120,15,363,3425,88,71875,164,9213
120,15,363,375,88,72949,164,8695
120,15,363,4094,88,74121,164,8148
120,15,363,4431,88,75293,164,7615
120,15,363,4431,88,75293,164,7615
120,15,363,4431,88,75293,164,7615
120,15,363,4431,88,75293,164,7615
120,15,363,4431,88,75293,164,7615
120,15,363,4768,88,76416,164,708
120,15,363,4768,88,76416,164,708
120,15,363,6257,88,81445,164,4722
120,15,363,688,88,83545,164,3733
120,15,363,688,88,83545,164,3733
120,15,363,7336,88,85107,164,3009
120,15,363,7773,88,86572,164,2318
120,15,363,7773,88,86572,164,2318
120,15,363,8206,88,88037,164,1632
120,15,363,8206,88,88037,164,1632
120,15,363,8635,88,89502,164,0953
120,15,363,9185,88,91357,164,0081
120,15,363,9185,88,91357,164,0081
120,15,363,9666,88,92969,163,9319
120,15,364,009,88,94434,163,8646
120,15,364,009,88,94434,163,8646
120,15,364,053,88,95898,163,7947
120,15,364,0977,88,97412,163,7239
120,15,364,0977,88,97412,163,7239
120,15,364,1509,88,99219,163,6398
120,15,364,1926,89,00635,163,5732
120,15,364,1926,89,00635,163,5732
120,15,364,24,89,02246,163,4983
120,15,364,2808,89,03613,163,4337
120,15,364,2808,89,03613,163,4337
120,15,364,324,89,05078,163,3651
120,15,364,324,89,05078,163,3651
120,15,364,3767,89,06836,163,2817
120,15,364,4216,89,08398,163,2106
120,15,364,4216,89,08398,163,2106
120,15,364,4597,89,09668,163,15
120,15,364,5085,89,11182,163,0789
120,15,364,5085,89,11182,163,0789
120,15,364,5574,89,12695,163,0081
120,15,364,5574,89,12695,163,0081
120,15,364,6204,89,14697,162,9163
120,15,364,6697,89,16211,162,8445
120,15,364,7192,89,17773,162,7723
120,15,364,7192,89,17773,162,7723
120,15,364,7649,89,19189,162,7056
120,15,364,7649,89,19189,162,7056
120,15,364,8113,89,20605,162,6383
120,15,364,8738,89,22559,162,5472
120,15,364,8738,89,22559,162,5472
120,15,364,9265,89,24219,162,4705
120,15,364,9714,89,25635,162,4052
120,15,364,9714,89,25635,162,4052
120,15,365,0193,89,271,162,3354
120,15,365,0674,89,28613,162,2656
120,15,365,0674,89,28613,162,2656
120,15,365,1299,89,30566,162,1746
120,15,365,1665,89,31689,162,1211
120,15,365,2097,89,33057,162,0583
120,15,365,2454,89,3418,162,0066
120,15,365,2852,89,354,161,9486
120,15,365,2852,89,354,161,9486
120,15,365,3206,89,36523,161,897
120,15,365,3718,89,38086,161,8223
120,15,365,4104,89,39307,161,7661
120,15,365,4104,89,39307,161,7661
120,15,365,4531,89,40625,161,7039
120,15,365,5176,89,42676,161,6101
120,15,365,5549,89,43799,161,5559
120,15,365,5549,89,43799,161,5559
120,15,365,5913,89,44971,161,5028
120,15,365,6384,89,46436,161,4341
120,15,365,6765,89,47607,161,3789
120,15,365,6765,89,47607,161,3789
120,15,365,7136,89,48779,161,3248
120,15,365,7136,89,48779,161,3248
120,15,365,7664,89,50391,161,2478
120,15,365,7664,89,50391,161,2478
120,15,365,8435,89,52832,161,1356
120,15,365,8435,89,52832,161,1356
120,15,365,9319,89,55566,161,0072
120,15,365,981,89,5708,160,9357
120,15,365,981,89,5708,160,9357
120,15,366,0256,89,58496,160,8705
120,15,366,0696,89,59863,160,8064
120,15,366,1116,89,61182,160,7454
120,15,366,1116,89,61182,160,7454
120,15,366,1614,89,62744,160,6731
120,15,366,2002,89,63916,160,6165
120,15,366,2356,89,65039,160,5649
120,15,366,27,89,66113,160,5148
120,15,366,3054,89,67236,160,4633
120,15,366,3386,89,68262,160,4149
120,15,366,3735,89,69336,160,3641
120,15,366,3735,89,69336,160,3641
120,15,366,4314,89,71143,160,2798
120,15,366,4666,89,72217,160,2288
120,15,366,5037,89,73389,160,1749
120,16,366,54,89,74512,160,1218
120,16,366,5779,89,75684,160,0668
120,16,366,6157,89,76904,160,0115
120,16,366,6511,89,77979,159,9603
120,16,366,6511,89,77979,159,9603
120,16,366,6968,89,79395,159,8938
120,16,366,7356,89,80615,159,8373
120,16,366,7729,89,81787,159,7827
120,16,366,8093,89,8291,159,7297
120,16,366,8479,89,84131,159,6737
120,16,366,886,89,85303,159,6182
120,16,366,886,89,85303,159,6182
120,16,366,927,89,86572,159,5583
120,16,366,9592,89,87598,159,5116
120,16,367,0012,89,88965,159,4537
120,16,367,0417,89,90332,159,3977
120,16,367,0417,89,90332,159,3977
120,16,367,0847,89,91748,159,3383
120,16,367,1294,89,93213,159,2764
120,16,367,1719,89,94629,159,2178
120,16,367,1719,89,94629,159,2178
120,16,367,2144,89,96045,159,1591
120,16,367,2717,89,97949,159,0797
120,16,367,3186,89,99463,159,0151
120,16,367,3608,90,00879,158,9567
120,16,367,4043,90,02295,158,8966
120,16,367,4043,90,02295,158,8966
120,16,367,4473,90,03711,158,8374
120,16,367,4958,90,05322,158,7703
120,16,367,5488,90,0708,158,6971
120,16,367,5894,90,08447,158,6409
120,16,367,6299,90,09766,158,585
120,16,367,6299,90,09766,158,585
120,16,367,6665,90,10986,158,5345
120,16,367,7104,90,12451,158,4739
120,16,367,7529,90,13818,158,415
120,16,367,7917,90,15137,158,3615
120,16,367,8406,90,16748,158,2939
120,16,367,8816,90,18066,158,2374
120,16,367,9194,90,19336,158,1851
120,16,367,9565,90,20557,158,1337
120,16,367,9946,90,21826,158,0811
120,16,368,0317,90,23047,158,03
120,16,368,0317,90,23047,158,03
120,16,368,0686,90,24268,157,9791
120,16,368,1213,90,26025,157,9063
120,16,368,1594,90,27246,157,8535
120,16,368,1968,90,28516,157,8018
120,16,368,2332,90,29688,157,7515
120,16,368,272,90,31006,157,6979
120,16,368,3093,90,32227,157,6462
120,16,368,3093,90,32227,157,6462
120,16,368,3494,90,33545,157,5912
120,16,368,3967,90,35107,157,5256
120,16,368,4373,90,36475,157,4695
120,16,368,4746,90,37695,157,4181
120,16,368,5117,90,38916,157,3667
120,16,368,5491,90,40137,157,3151
120,16,368,5891,90,41455,157,2599
120,16,368,625,90,42676,157,2103
120,16,368,6733,90,44238,157,1436
120,16,368,7166,90,45703,157,0836
120,16,368,7556,90,46973,157,0298
120,16,368,7556,90,46973,157,0298
120,16,368,7942,90,48242,156,9763
120,16,368,8335,90,49561,156,9221
120,16,368,8872,90,51318,156,848
120,16,368,9263,90,52637,156,7939
120,16,368,9263,90,52637,156,7939
120,16,368,9749,90,54248,156,7268
120,16,369,0164,90,55615,156,6694
120,16,369,054,90,56836,156,6177
120,16,369,0947,90,58203,156,5614
120,16,369,1348,90,59521,156,506
120,16,369,1733,90,60791,156,4526
120,16,369,2117,90,62061,156,3997
120,16,369,262,90,63721,156,3303
120,16,369,2979,90,64893,156,2808
120,16,369,3352,90,66113,156,2291
120,16,369,3352,90,66113,156,2291
120,16,369,3721,90,67334,156,1781
120,16,369,4116,90,68652,156,1234
120,16,369,4512,90,69971,156,0688
120,16,369,4912,90,71289,156,0137
120,16,369,5398,90,729,155,9464
120,16,369,5798,90,74219,155,8911
120,16,369,6194,90,75537,155,8367
120,16,369,6563,90,76758,155,7855
120,16,369,6787,90,7749,155,7545
120,16,369,7148,90,79102,155,7141
120,16,369,7148,90,79102,155,7141
120,16,369,7544,90,80859,155,6698
120,16,369,8069,90,83252,155,6111
120,16,369,8481,90,85059,155,5652
120,16,369,8845,90,86719,155,5245
120,16,369,9224,90,88379,155,4822
120,16,369,9607,90,90088,155,4395
120,16,369,9968,90,91748,155,3988
120,16,369,9968,90,91748,155,3988
120,16,370,0378,90,93555,155,3533
120,16,370,085,90,95654,155,3003
120,16,370,1245,90,97412,155,2562
120,16,370,1626,90,99121,155,2136
120,16,370,2004,91,0083,155,1714
120,16,370,2378,91,0249,155,1295
120,16,370,2803,91,04395,155,0822
120,16,370,2803,91,04395,155,0822
120,16,370,3186,91,06104,155,0393
120,16,370,3669,91,08301,154,9851
120,16,370,4055,91,1001,154,9421
120,16,370,4426,91,1167,154,9005
120,16,370,48,91,1333,154,8588
120,16,370,5164,91,1499,154,8181
120,16,370,5583,91,16846,154,7711
120,16,370,6003,91,1875,154,7242
120,16,370,6003,91,1875,154,7242
120,16,370,6482,91,2085,154,6709
120,16,370,6904,91,22754,154,6237
120,16,370,7275,91,24414,154,5822
120,16,370,7681,91,26221,154,5369
120,16,370,7681,91,26221,154,5369
120,16,370,8196,91,28516,154,4792
120,16,370,8701,91,30811,154,4226
120,16,370,9304,91,33496,154,3552
120,16,370,9692,91,35205,154,312
120,16,370,9692,91,35205,154,312
120,16,371,0083,91,36963,154,2683
120,16,371,05,91,38818,154,2217
120,16,371,0908,91,40674,154,1761
120,16,371,1313,91,4248,154,1309
120,16,371,1313,91,4248,154,1309
120,16,371,1753,91,44434,154,0817
120,16,371,2334,91,4707,154,0166
120,16,371,2759,91,48926,153,9692
120,16,371,2759,91,48926,153,9692
120,16,371,3196,91,50928,153,9202
120,16,371,374,91,5332,153,8595
120,16,371,4146,91,55176,153,8142
120,16,371,4556,91,56982,153,7683
120,16,371,4556,91,56982,153,7683
120,16,371,5103,91,59424,153,7073
120,16,371,5483,91,61133,153,6648
120,16,371,5908,91,63037,153,6172
120,16,371,6348,91,6499,153,5681
120,16,371,6709,91,66602,153,5276
120,16,371,7092,91,68359,153,4847
120,16,371,7471,91,7002,153,4424
120,16,371,7471,91,7002,153,4424
120,16,371,7957,91,72217,153,3881
120,16,371,835,91,73975,153,3444
120,16,371,875,91,75732,153,2994
120,16,371,9119,91,77393,153,2584
120,16,371,9507,91,7915,153,2148
120,16,371,988,91,80811,153,1732
120,16,372,0232,91,82373,153,1339
120,16,372,072,91,8457,153,0793
120,16,372,1104,91,86279,153,0365
120,16,372,1487,91,87988,152,9935
120,16,372,1858,91,89648,152,9523
120,16,372,2222,91,91309,152,9114
120,16,372,2222,91,91309,152,9114
120,16,372,261,91,93018,152,8679
120,16,372,2996,91,94727,152,8251
120,16,372,3489,91,96973,152,7699
120,16,372,3657,91,97705,152,751
120,16,372,4043,92,00195,152,7003
120,16,372,4434,92,02686,152,6489
120,16,372,481,92,05127,152,5992
120,16,372,5188,92,07568,152,5496
120,16,372,5554,92,09912,152,5012
120,16,372,6047,92,13086,152,4363
120,16,372,6438,92,15625,152,3851
120,16,372,6804,92,17969,152,3367
120,16,372,7185,92,2041,152,2866
120,16,372,7566,92,22852,152,2367
120,16,372,7927,92,25195,152,1892
120,16,372,8315,92,27686,152,1379
120,16,372,8315,92,27686,152,1379
120,16,372,8699,92,30176,152,0874
120,16,372,9175,92,33252,152,0248
120,16,372,9568,92,35742,151,9733
120,16,372,9929,92,38086,151,9257
120,16,373,0305,92,40479,151,8762
120,16,373,0676,92,42871,151,8274
120,16,373,1035,92,45215,151,78
120,16,373,1421,92,47656,151,7294
120,16,373,1777,92,49951,151,6825
120,16,373,2258,92,53076,151,6189
120,16,373,2639,92,55518,151,5687
120,16,373,3003,92,57861,151,521
120,16,373,3384,92,60303,151,4709
120,16,373,3767,92,62793,151,4207
120,16,373,4116,92,65039,151,3746
120,16,373,4482,92,67383,151,3264
120,16,373,4836,92,69678,151,2797
120,16,373,531,92,72705,151,2174
120,16,373,5676,92,75049,151,1693
120,16,373,6057,92,77539,151,1191
120,16,373,6411,92,79785,151,0726
120,16,373,6782,92,82178,151,0238
120,16,373,7295,92,85498,150,9562
120,16,373,7295,92,85498,150,9562
120,16,373,7666,92,87891,150,9075
120,16,373,814,92,90918,150,845
120,16,373,8535,92,93457,150,7931
120,16,373,8899,92,9585,150,745
120,16,373,9265,92,98193,150,697
120,16,373,9602,93,00342,150,6526
120,16,373,9956,93,02637,150,6058
120,16,374,0325,93,05029,150,5574
120,16,374,0701,93,07422,150,5081
120,16,374,1177,93,10498,150,4454
120,16,374,1563,93,12988,150,3945
120,16,374,1921,93,15283,150,3474
120,16,374,228,93,17578,150,3002
120,16,374,2642,93,19922,150,2527
120,16,374,3044,93,2251,150,1995
120,16,374,344,93,25049,150,1476
120,16,374,3835,93,27588,150,0955
120,16,374,4292,93,30518,150,0354
120,16,374,467,93,33008,149,9855
120,16,374,5032,93,35303,149,9381
120,16,374,54,93,37695,149,8894
120,16,374,5771,93,40088,149,8407
120,16,374,6145,93,4248,149,7914
120,16,374,6497,93,44727,149,7451
120,16,374,6863,93,4707,149,697
120,16,374,7332,93,50098,149,6353
120,16,374,7703,93,5249,149,5864
120,16,374,8049,93,54736,149,5409
120,16,374,8391,93,56934,149,4958
120,16,374,8728,93,59082,149,4517
120,16,374,9094,93,61475,149,4032
120,16,374,9448,93,63721,149,3567
120,16,374,9795,93,65967,149,311
120,16,375,0266,93,68994,149,249
120,16,375,0667,93,71582,149,1964
120,16,375,1008,93,73779,149,1514
120,16,375,1379,93,76172,149,1027
120,16,375,1653,93,7793,149,0667
120,16,375,2043,93,80029,149,0236
120,16,375,2476,93,82373,148,9758
120,16,375,2849,93,84375,148,9344
120,16,375,3352,93,87109,148,8788
120,16,375,3733,93,89111,148,8369
120,16,375,4119,93,91211,148,7941
120,16,375,4529,93,93408,148,749
120,16,375,4888,93,95361,148,7091
120,16,375,5356,93,97852,148,6575
120,16,375,5728,93,99854,148,6165
120,16,375,6116,94,01953,148,5734
120,16,375,6116,94,01953,148,5734
120,16,375,7041,94,06934,148,4713
120,16,375,7417,94,08984,148,4298
120,16,375,7783,94,10938,148,3893
120,16,375,8149,94,12891,148,3489
120,16,375,8518,94,14893,148,308
120,16,375,8901,94,16943,148,2656
120,16,375,9304,94,19141,148,2211
120,16,375,9805,94,21826,148,1658
120,16,375,9805,94,21826,148,1658
120,16,376,021,94,24023,148,121
120,16,376,0754,94,26953,148,0609
120,16,376,125,94,2959,148,0061
120,16,376,1628,94,31641,147,9642
120,16,376,2029,94,33789,147,92
120,16,376,2405,94,3584,147,8785
120,16,376,2891,94,38428,147,8247
120,16,376,3301,94,40674,147,7795
120,16,376,3665,94,42627,147,7394
120,16,376,4041,94,44629,147,6978
120,16,376,4404,94,46582,147,6575
120,16,376,478,94,48633,147,6161
120,16,376,5176,94,50732,147,5723
120,16,376,5562,94,52832,147,5298
120,16,376,606,94,55518,147,4747
120,16,376,6455,94,57617,147,431
120,16,376,6829,94,59619,147,3899
120,16,376,7212,94,61719,147,3473
120,16,376,7581,94,63721,147,3066
120,16,376,8318,94,67676,147,2252
120,16,376,8318,94,67676,147,2252
120,16,376,8682,94,69629,147,1849
120,16,376,916,94,72217,147,1321
120,16,376,9932,94,76367,147,0469
120,16,377,0308,94,78369,147,0054
120,16,377,0674,94,80371,146,9648
120,16,377,1033,94,82275,146,9253
120,16,377,1431,94,84424,146,8812
120,16,377,1431,94,84424,146,8812
120,16,377,1431,94,84424,146,8812
120,16,377,1431,94,84424,146,8812
120,16,377,1431,94,84424,146,8812
120,16,377,1431,94,84424,146,8812
120,16,377,1431,94,84424,146,8812
120,16,377,1431,94,84424,146,8812
120,16,377,1431,94,84424,146,8812
120,16,377,1431,94,84424,146,8812
120,16,377,1431,94,84424,146,8812
120,16,377,1431,94,84424,146,8812
120,16,377,1431,94,84424,146,8812
120,16,377,1431,94,84424,146,8812
120,16,377,1431,94,84424,146,8812
120,16,377,1431,94,84424,146,8812
120,16,377,1431,94,84424,146,8812
120,16,377,1431,94,84424,146,8812
120,16,377,1431,94,84424,146,8812
120,16,377,1431,94,84424,146,8812
120,16,377,1431,94,84424,146,8812
120,16,377,1431,94,84424,146,8812
120,16,377,1431,94,84424,146,8812
120,16,377,1431,94,84424,146,8812
120,16,377,1431,94,84424,146,8812
120,16,377,1431,94,84424,146,8812
120,16,377,1431,94,84424,146,8812
120,16,377,1431,94,84424,146,8812
120,16,377,1431,94,84424,146,8812
120,16,377,1431,94,84424,146,8812
120,16,377,1431,94,84424,146,8812
120,16,377,1431,94,84424,146,8812
120,16,377,1431,94,84424,146,8812
120,16,377,1431,94,84424,146,8812
120,16,377,1431,94,84424,146,8812
120,16,377,1431,94,84424,146,8812
120,16,377,1431,94,84424,146,8812
120,16,377,1431,94,84424,146,8812
120,16,377,1431,94,84424,146,8812
120,16,377,1431,94,84424,146,8812
120,16,377,1431,94,84424,146,8812
120,16,377,1431,94,84424,146,8812
120,16,377,1431,94,84424,146,8812
120,16,377,1431,94,84424,146,8812
120,16,377,1431,94,84424,146,8812
120,16,377,1431,94,84424,146,8812
120,16,377,1431,94,84424,146,8812
120,16,377,1431,94,84424,146,8812
120,16,377,1431,94,84424,146,8812
120,16,377,1431,94,84424,146,8812
120,16,377,1431,94,84424,146,8812
120,16,377,1431,94,84424,146,8812
120,16,377,1431,94,84424,146,8812
120,16,377,1431,94,84424,146,8812
120,16,377,1431,94,84424,146,8812
120,16,377,1431,94,84424,146,8812
120,16,377,1431,94,84424,146,8812
120,16,377,1431,94,84424,146,8812
120,16,377,1431,94,84424,146,8812
120,16,377,1431,94,84424,146,8812
120,16,377,1431,94,84424,146,8812
120,16,377,1431,94,84424,146,8812
120,16,377,1431,94,84424,146,8812
120,16,377,1431,94,84424,146,8812
120,16,377,1431,94,84424,146,8812
120,16,377,1431,94,84424,146,8812
120,16,377,1431,94,84424,146,8812
120,16,377,1431,94,84424,146,8812
120,16,377,1431,94,84424,146,8812
120,16,377,1431,94,84424,146,8812
120,16,377,1431,94,84424,146,8812
120,16,377,1431,94,84424,146,8812
120,16,377,1431,94,84424,146,8812
120,16,377,1431,94,84424,146,8812
120,16,377,1431,94,84424,146,8812
120,16,377,1431,94,84424,146,8812
120,16,377,1431,94,84424,146,8812
120,16,377,1431,94,84424,146,8812
120,16,377,1431,94,84424,146,8812
120,16,377,1431,94,84424,146,8812
120,16,377,1431,94,84424,146,8812
120,16,377,1431,94,84424,146,8812
120,16,377,1431,94,84424,146,8812
120,16,377,1431,94,84424,146,8812
120,16,377,1431,94,84424,146,8812
120,16,377,1431,94,84424,146,8812
120,16,377,1431,94,84424,146,8812
120,16,377,1431,94,84424,146,8812
120,16,377,1431,94,84424,146,8812
120,16,377,1431,94,84424,146,8812
120,16,377,1431,94,84424,146,8812
120,16,377,1431,94,84424,146,8812
120,16,377,1431,94,84424,146,8812
120,16,377,1431,94,84424,146,8812
120,16,377,1431,94,84424,146,8812
120,16,377,1431,94,84424,146,8812
120,16,377,1431,94,84424,146,8812
120,16,377,1431,94,84424,146,8812
120,16,377,1431,94,84424,146,8812
120,16,377,1431,94,84424,146,8812
120,16,377,1431,94,84424,146,8812
120,16,377,1431,94,84424,146,8812
120,16,377,1431,94,84424,146,8812
120,16,377,1431,94,84424,146,8812
120,16,377,1431,94,84424,146,8812
120,16,377,1431,94,84424,146,8812
120,16,377,1431,94,84424,146,8812
120,16,377,1431,94,84424,146,8812
120,16,377,1431,94,84424,146,8812
120,16,377,1431,94,84424,146,8812
120,16,377,1431,94,84424,146,8812
120,16,377,1431,94,84424,146,8812
120,16,377,1431,94,84424,146,8812
120,16,377,1431,94,84424,146,8812
120,16,377,1431,94,84424,146,8812
120,16,377,1431,94,84424,146,8812
120,16,377,1431,94,84424,146,8812
120,16,377,1431,94,84424,146,8812
120,16,377,1431,94,84424,146,8812
120,16,377,1431,94,84424,146,8812
120,16,377,1431,94,84424,146,8812
120,16,377,1431,94,84424,146,8812
120,16,377,1431,94,84424,146,8812
120,16,377,1431,94,84424,146,8812
120,16,377,1431,94,84424,146,8812
120,16,377,1431,94,84424,146,8812
120,16,377,1431,94,84424,146,8812
120,16,377,1431,94,84424,146,8812
120,16,377,1431,94,84424,146,8812
120,16,377,1431,94,84424,146,8812
120,16,377,1431,94,84424,146,8812
120,16,377,1431,94,84424,146,8812
120,16,377,1431,94,84424,146,8812
120,16,377,1431,94,84424,146,8812
120,16,377,1431,94,84424,146,8812
120,16,377,1431,94,84424,146,8812
120,16,377,1431,94,84424,146,8812
120,16,377,1431,94,84424,146,8812
120,16,377,1431,94,84424,146,8812
120,16,377,1431,94,84424,146,8812
120,16,377,1431,94,84424,146,8812
120,16,377,1431,94,84424,146,8812
120,16,377,1431,94,84424,146,8812
120,16,377,1431,94,84424,146,8812
120,16,377,1431,94,84424,146,8812
120,16,377,1431,94,84424,146,8812
120,16,377,1431,94,84424,146,8812
120,16,377,1431,94,84424,146,8812
120,16,377,1431,94,84424,146,8812
120,16,377,1431,94,84424,146,8812
120,16,377,1431,94,84424,146,8812
120,16,377,1431,94,84424,146,8812
120,16,377,1431,94,84424,146,8812
120,16,377,1431,94,84424,146,8812
120,16,377,1431,94,84424,146,8812
120,16,377,1431,94,84424,146,8812
120,16,377,1431,94,84424,146,8812
120,16,377,1431,94,84424,146,8812
120,16,377,1431,94,84424,146,8812
120,16,377,1431,94,84424,146,8812
120,16,377,1431,94,84424,146,8812
120,16,377,1431,94,84424,146,8812
120,16,377,1431,94,84424,146,8812
120,16,377,1431,94,84424,146,8812
120,16,377,1431,94,84424,146,8812
120,16,377,1431,94,84424,146,8812
120,16,377,1431,94,84424,146,8812
120,16,377,1431,94,84424,146,8812
120,16,377,1431,94,84424,146,8812
120,16,377,1431,94,84424,146,8812
120,16,377,1431,94,84424,146,8812
120,16,377,1431,94,84424,146,8812
120,16,377,1431,94,84424,146,8812
120,16,377,1431,94,84424,146,8812
120,16,377,1431,94,84424,146,8812
120,16,377,1431,94,84424,146,8812
120,16,377,1431,94,84424,146,8812
120,16,377,1431,94,84424,146,8812
120,16,377,1431,94,84424,146,8812
120,16,377,1431,94,84424,146,8812
120,16,377,1431,94,84424,146,8812
120,16,377,1431,94,84424,146,8812
120,16,377,1431,94,84424,146,8812
120,16,377,1431,94,84424,146,8812
120,16,377,1431,94,84424,146,8812
120,16,377,1431,94,84424,146,8812
120,16,377,1431,94,84424,146,8812
120,16,377,1431,94,84424,146,8812
120,16,377,1431,94,84424,146,8812
120,16,377,1431,94,84424,146,8812
120,16,377,1431,94,84424,146,8812
120,16,377,1431,94,84424,146,8812
120,16,377,1431,94,84424,146,8812
120,16,377,1431,94,84424,146,8812
120,16,377,1431,94,84424,146,8812
120,16,377,1431,94,84424,146,8812
120,16,377,1431,94,84424,146,8812
120,16,377,1431,94,84424,146,8812
120,16,377,1431,94,84424,146,8812
120,16,377,1431,94,84424,146,8812
120,16,377,1431,94,84424,146,8812
120,16,377,1431,94,84424,146,8812
120,16,377,1431,94,84424,146,8812
120,16,377,1431,94,84424,146,8812
120,16,377,1431,94,84424,146,8812
120,16,377,1431,94,84424,146,8812
120,16,377,1431,94,84424,146,8812
120,16,377,1431,94,84424,146,8812
120,16,377,1431,94,84424,146,8812
120,16,377,1431,94,84424,146,8812
120,16,377,1431,94,84424,146,8812
120,16,377,1431,94,84424,146,8812
120,16,377,1431,94,84424,146,8812
120,16,377,1431,94,84424,146,8812
120,16,377,1431,94,84424,146,8812
120,16,377,1431,94,84424,146,8812
120,16,377,1431,94,84424,146,8812
120,16,377,1431,94,84424,146,8812
120,16,377,1431,94,84424,146,8812
120,16,377,1431,94,84424,146,8812
120,16,377,1431,94,84424,146,8812
120,16,377,1431,94,84424,146,8812
120,16,377,1431,94,84424,146,8812
120,16,377,1431,94,84424,146,8812
120,16,377,1431,94,84424,146,8812
120,16,377,1431,94,84424,146,8812
120,16,377,1431,94,84424,146,8812
120,16,377,1431,94,84424,146,8812
120,16,377,1431,94,84424,146,8812
120,16,377,1431,94,84424,146,8812
120,16,377,1431,94,84424,146,8812
120,16,377,1431,94,84424,146,8812
120,16,377,1431,94,84424,146,8812
120,16,377,1431,94,84424,146,8812
120,16,377,1431,94,84424,146,8812
120,16,377,1431,94,84424,146,8812
120,16,377,1431,94,84424,146,8812
120,16,377,1431,94,84424,146,8812
120,16,377,1431,94,84424,146,8812
120,16,377,1431,94,84424,146,8812
120,16,377,1431,94,84424,146,8812
120,16,377,1431,94,84424,146,8812
120,16,377,1431,94,84424,146,8812
120,16,377,1431,94,84424,146,8812
120,16,377,1431,94,84424,146,8812
120,16,377,1431,94,84424,146,8812
120,16,377,1431,94,84424,146,8812
120,16,377,1431,94,84424,146,8812
120,16,377,1431,94,84424,146,8812
120,16,377,1431,94,84424,146,8812
120,16,377,1431,94,84424,146,8812
120,16,377,1431,94,84424,146,8812
120,16,377,1431,94,84424,146,8812
120,16,377,1431,94,84424,146,8812
120,16,377,1431,94,84424,146,8812
120,16,377,1431,94,84424,146,8812
120,16,377,1431,94,84424,146,8812
120,16,377,1431,94,84424,146,8812
120,16,377,1431,94,84424,146,8812
120,16,377,1431,94,84424,146,8812
120,16,377,1431,94,84424,146,8812
120,16,377,1431,94,84424,146,8812
120,16,377,1431,94,84424,146,8812
120,16,377,1431,94,84424,146,8812
120,16,377,1431,94,84424,146,8812
120,16,377,1431,94,84424,146,8812
120,16,377,1431,94,84424,146,8812
120,16,377,1431,94,84424,146,8812
120,16,377,1431,94,84424,146,8812
120,16,377,1431,94,84424,146,8812
120,16,377,1431,94,84424,146,8812
120,16,377,1431,94,84424,146,8812
120,16,377,1431,94,84424,146,8812
120,16,377,1431,94,84424,146,8812
120,16,377,1431,94,84424,146,8812
120,16,377,1431,94,84424,146,8812
120,16,377,1431,94,84424,146,8812
120,16,377,1431,94,84424,146,8812
120,16,377,1431,94,84424,146,8812
120,16,377,1431,94,84424,146,8812
120,16,377,1431,94,84424,146,8812
120,16,377,1431,94,84424,146,8812
120,16,377,1431,94,84424,146,8812
120,16,377,1431,94,84424,146,8812
120,16,377,1431,94,84424,146,8812
120,16,377,1431,94,84424,146,8812
120,16,377,1431,94,84424,146,8812
120,16,377,1431,94,84424,146,8812
120,16,377,1431,94,84424,146,8812
120,16,377,1431,94,84424,146,8812
120,16,377,1431,94,84424,146,8812
120,16,377,1431,94,84424,146,8812
120,16,377,1431,94,84424,146,8812
120,16,377,1431,94,84424,146,8812
120,16,377,1431,94,84424,146,8812
120,16,377,1431,94,84424,146,8812
120,16,377,1431,94,84424,146,8812
120,16,377,1431,94,84424,146,8812
120,16,377,1431,94,84424,146,8812
120,16,377,1431,94,84424,146,8812
120,16,377,1431,94,84424,146,8812
120,16,377,1431,94,84424,146,8812
120,16,377,1431,94,84424,146,8812
120,16,377,1431,94,84424,146,8812
120,16,377,1431,94,84424,146,8812
120,16,377,1431,94,84424,146,8812
120,16,377,1431,94,84424,146,8812
120,16,377,1431,94,84424,146,8812
120,16,377,1431,94,84424,146,8812
120,16,377,1431,94,84424,146,8812
120,16,377,1431,94,84424,146,8812
120,16,377,1431,94,84424,146,8812
120,16,377,1431,94,84424,146,8812
120,16,377,1431,94,84424,146,8812
120,16,377,1431,94,84424,146,8812
120,16,377,1431,94,84424,146,8812
120,16,377,1431,94,84424,146,8812
120,16,377,1431,94,84424,146,8812
120,16,377,1431,94,84424,146,8812
120,16,377,1431,94,84424,146,8812
120,16,377,1431,94,84424,146,8812
120,16,377,1431,94,84424,146,8812
120,16,377,1431,94,84424,146,8812
120,16,377,1431,94,84424,146,8812
120,16,377,1431,94,84424,146,8812
120,16,377,1431,94,84424,146,8812
120,16,377,1431,94,84424,146,8812
120,16,377,1431,94,84424,146,8812
120,16,377,1431,94,84424,146,8812
120,16,377,1431,94,84424,146,8812
120,16,377,1431,94,84424,146,8812
120,16,377,1431,94,84424,146,8812
120,16,377,1431,94,84424,146,8812
120,16,377,1431,94,84424,146,8812
120,16,377,1431,94,84424,146,8812
120,16,377,1431,94,84424,146,8812
120,16,377,1431,94,84424,146,8812
120,16,377,1431,94,84424,146,8812
120,16,377,1431,94,84424,146,8812
120,16,377,1431,94,84424,146,8812
120,16,377,1431,94,84424,146,8812
120,16,377,1431,94,84424,146,8812
120,16,377,1431,94,84424,146,8812
120,16,377,1431,94,84424,146,8812
120,16,377,1431,94,84424,146,8812
120,16,377,1431,94,84424,146,8812
120,16,377,1431,94,84424,146,8812
120,16,377,1431,94,84424,146,8812
120,16,377,1431,94,84424,146,8812
120,16,377,1431,94,84424,146,8812
120,16,377,1431,94,84424,146,8812
120,16,377,1431,94,84424,146,8812
120,16,377,1431,94,84424,146,8812
120,16,377,1431,94,84424,146,8812
120,16,377,1431,94,84424,146,8812
120,16,377,1431,94,84424,146,8812
120,16,377,1431,94,84424,146,8812
120,16,377,1431,94,84424,146,8812
120,16,377,1431,94,84424,146,8812
120,16,377,1431,94,84424,146,8812
120,16,377,1431,94,84424,146,8812
120,16,377,1431,94,84424,146,8812
120,16,377,1431,94,84424,146,8812
120,16,377,1431,94,84424,146,8812
120,16,377,1431,94,84424,146,8812
120,16,377,1431,94,84424,146,8812
120,16,377,1431,94,84424,146,8812
120,16,377,1431,94,84424,146,8812
120,16,377,1431,94,84424,146,8812
120,16,377,1431,94,84424,146,8812
120,16,377,1431,94,84424,146,8812
120,16,377,1431,94,84424,146,8812
120,16,377,1431,94,84424,146,8812
120,16,377,1431,94,84424,146,8812
120,16,377,1431,94,84424,146,8812
120,16,377,1431,94,84424,146,8812
120,16,377,1431,94,84424,146,8812
120,16,377,1431,94,84424,146,8812
120,16,377,1431,94,84424,146,8812
120,16,377,1431,94,84424,146,8812
120,16,377,1431,94,84424,146,8812
120,16,377,1431,94,84424,146,8812
120,16,377,1431,94,84424,146,8812
120,16,377,1431,94,84424,146,8812
120,16,377,1431,94,84424,146,8812
120,16,377,1431,94,84424,146,8812
120,16,377,1431,94,84424,146,8812
120,16,377,1431,94,84424,146,8812
120,16,377,1431,94,84424,146,8812
120,16,377,1431,94,84424,146,8812
120,16,377,1431,94,84424,146,8812
120,16,377,1431,94,84424,146,8812
120,16,377,1431,94,84424,146,8812
120,16,377,1431,94,84424,146,8812
120,16,377,1431,94,84424,146,8812
120,16,377,1431,94,84424,146,8812
120,16,377,1431,94,84424,146,8812
120,16,377,1431,94,84424,146,8812
120,16,377,1431,94,84424,146,8812
120,16,377,1431,94,84424,146,8812
120,16,377,1431,94,84424,146,8812
120,16,377,1431,94,84424,146,8812
120,16,377,1431,94,84424,146,8812
120,16,377,1431,94,84424,146,8812
120,16,377,1431,94,84424,146,8812
120,16,377,1431,94,84424,146,8812
120,16,377,1431,94,84424,146,8812
120,16,377,1431,94,84424,146,8812
120,16,377,1431,94,84424,146,8812
120,16,377,1431,94,84424,146,8812
120,16,377,1431,94,84424,146,8812
120,16,377,1431,94,84424,146,8812
120,16,377,1431,94,84424,146,8812
120,16,377,1431,94,84424,146,8812
120,16,377,1431,94,84424,146,8812
120,16,377,1431,94,84424,146,8812
120,16,377,1431,94,84424,146,8812
120,16,377,1431,94,84424,146,8812
120,16,377,1431,94,84424,146,8812
120,16,377,1431,94,84424,146,8812
120,16,377,1431,94,84424,146,8812
120,16,377,1431,94,84424,146,8812
120,16,377,1431,94,84424,146,8812
120,16,377,1431,94,84424,146,8812
120,16,377,1431,94,84424,146,8812
120,16,377,1431,94,84424,146,8812
120,16,377,1431,94,84424,146,8812
120,16,377,1431,94,84424,146,8812
120,16,377,1431,94,84424,146,8812
120,16,377,1431,94,84424,146,8812
120,16,377,1431,94,84424,146,8812
120,16,377,1431,94,84424,146,8812
120,16,377,1431,94,84424,146,8812
120,16,377,1431,94,84424,146,8812
120,16,377,1431,94,84424,146,8812
120,16,377,1431,94,84424,146,8812
120,16,377,1431,94,84424,146,8812
120,16,377,1431,94,84424,146,8812
120,16,377,1431,94,84424,146,8812
120,16,377,1431,94,84424,146,8812
120,16,377,1431,94,84424,146,8812
120,16,377,1431,94,84424,146,8812
120,16,377,1431,94,84424,146,8812
120,16,377,1431,94,84424,146,8812
120,16,377,1431,94,84424,146,8812
120,16,377,1431,94,84424,146,8812
120,16,377,1431,94,84424,146,8812
120,16,377,1431,94,84424,146,8812
120,16,377,1431,94,84424,146,8812
120,16,377,1431,94,84424,146,8812
120,16,377,1431,94,84424,146,8812
120,16,377,1431,94,84424,146,8812
120,16,377,1431,94,84424,146,8812
120,16,377,1431,94,84424,146,8812
120,16,377,1431,94,84424,146,8812
120,16,377,1431,94,84424,146,8812
120,16,377,1431,94,84424,146,8812
120,16,377,1431,94,84424,146,8812
120,16,377,1431,94,84424,146,8812
120,16,377,1431,94,84424,146,8812
120,16,377,1431,94,84424,146,8812
120,16,377,1431,94,84424,146,8812
120,16,377,1431,94,84424,146,8812
120,16,377,1431,94,84424,146,8812
120,16,377,1431,94,84424,146,8812
120,16,377,1431,94,84424,146,8812
120,16,377,1431,94,84424,146,8812
120,16,377,1431,94,84424,146,8812
120,16,377,1431,94,84424,146,8812
120,16,377,1431,94,84424,146,8812
120,16,377,1431,94,84424,146,8812
120,16,377,1431,94,84424,146,8812
120,16,377,1431,94,84424,146,8812
120,16,377,1431,94,84424,146,8812
120,16,377,1431,94,84424,146,8812
120,16,377,1431,94,84424,146,8812
120,16,377,1431,94,84424,146,8812
120,16,377,1431,94,84424,146,8812
120,16,377,1431,94,84424,146,8812
120,16,377,1431,94,84424,146,8812
120,16,377,1431,94,84424,146,8812
120,16,377,1431,94,84424,146,8812
120,16,377,1431,94,84424,146,8812
120,16,377,1431,94,84424,146,8812
120,16,377,1431,94,84424,146,8812
120,16,377,1431,94,84424,146,8812
120,16,377,1431,94,84424,146,8812
120,16,377,1431,94,84424,146,8812
120,16,377,1431,94,84424,146,8812
120,16,377,1431,94,84424,146,8812
120,16,377,1431,94,84424,146,8812
120,16,377,1431,94,84424,146,8812
120,16,377,1431,94,84424,146,8812
120,16,377,1431,94,84424,146,8812
120,16,377,1431,94,84424,146,8812
120,16,377,1431,94,84424,146,8812
120,16,377,1431,94,84424,146,8812
120,16,377,1431,94,84424,146,8812
120,16,377,1431,94,84424,146,8812
120,16,377,1431,94,84424,146,8812
120,16,377,1431,94,84424,146,8812
120,16,377,1431,94,84424,146,8812
120,16,377,1431,94,84424,146,8812
120,16,377,1431,94,84424,146,8812
120,16,377,1431,94,84424,146,8812
120,16,377,1431,94,84424,146,8812
120,16,377,1431,94,84424,146,8812
120,16,377,1431,94,84424,146,8812
120,16,377,1431,94,84424,146,8812
120,16,377,1431,94,84424,146,8812
120,16,377,1431,94,84424,146,8812
120,16,377,1431,94,84424,146,8812
120,16,377,1431,94,84424,146,8812
120,16,377,1431,94,84424,146,8812
120,16,377,1431,94,84424,146,8812
120,16,377,1431,94,84424,146,8812
120,16,377,1431,94,84424,146,8812
120,16,377,1431,94,84424,146,8812
120,16,377,1431,94,84424,146,8812
120,16,377,1431,94,84424,146,8812
120,16,377,1431,94,84424,146,8812
120,16,377,1431,94,84424,146,8812
120,16,377,1431,94,84424,146,8812
120,16,377,1431,94,84424,146,8812
120,16,377,1431,94,84424,146,8812
120,16,377,1431,94,84424,146,8812
120,16,377,1431,94,84424,146,8812
120,16,377,1431,94,84424,146,8812
120,16,377,1431,94,84424,146,8812
120,16,377,1431,94,84424,146,8812
120,16,377,1431,94,84424,146,8812
120,16,377,1431,94,84424,146,8812
120,16,377,1431,94,84424,146,8812
120,16,377,1431,94,84424,146,8812
120,16,377,1431,94,84424,146,8812
120,16,377,1431,94,84424,146,8812
120,16,377,1431,94,84424,146,8812
120,16,377,1431,94,84424,146,8812
120,16,377,1431,94,84424,146,8812
120,16,377,1431,94,84424,146,8812
120,16,377,1431,94,84424,146,8812
120,16,377,1431,94,84424,146,8812
120,16,377,1431,94,84424,146,8812
120,16,377,1431,94,84424,146,8812
120,16,377,1431,94,84424,146,8812
120,16,377,1431,94,84424,146,8812
120,16,377,1431,94,84424,146,8812
120,16,377,1431,94,84424,146,8812
120,16,377,1431,94,84424,146,8812
120,16,377,1431,94,84424,146,8812
120,16,377,1431,94,84424,146,8812
120,16,377,1431,94,84424,146,8812
120,16,377,1431,94,84424,146,8812
120,16,377,1431,94,84424,146,8812
120,16,377,1431,94,84424,146,8812
120,16,377,1431,94,84424,146,8812
120,16,377,1431,94,84424,146,8812
120,16,377,1431,94,84424,146,8812
120,16,377,1431,94,84424,146,8812
120,16,377,1431,94,84424,146,8812
120,16,377,1431,94,84424,146,8812
120,16,377,1431,94,84424,146,8812
120,16,377,1431,94,84424,146,8812
120,16,377,1431,94,84424,146,8812
120,16,377,1431,94,84424,146,8812
120,16,377,1431,94,84424,146,8812
120,16,377,1431,94,84424,146,8812
120,16,377,1431,94,84424,146,8812
120,16,377,1431,94,84424,146,8812
120,16,377,1431,94,84424,146,8812
120,16,377,1431,94,84424,146,8812
120,16,377,1431,94,84424,146,8812
120,16,377,1431,94,84424,146,8812
120,16,377,1431,94,84424,146,8812
120,16,377,1431,94,84424,146,8812
120,16,377,1431,94,84424,146,8812
120,16,377,1431,94,84424,146,8812
120,16,377,1431,94,84424,146,8812
120,16,377,1431,94,84424,146,8812
120,16,377,1431,94,84424,146,8812
120,16,377,1431,94,84424,146,8812
120,16,377,1431,94,84424,146,8812
120,16,377,1431,94,84424,146,8812
120,16,377,1431,94,84424,146,8812
120,16,377,1431,94,84424,146,8812
120,16,377,1431,94,84424,146,8812
120,16,377,1431,94,84424,146,8812
120,16,377,1431,94,84424,146,8812
120,16,377,1431,94,84424,146,8812
120,16,377,1431,94,84424,146,8812
120,16,377,1431,94,84424,146,8812
120,16,377,1431,94,84424,146,8812
120,16,377,1431,94,84424,146,8812
120,16,377,1431,94,84424,146,8812
120,16,377,1431,94,84424,146,8812
120,16,377,1431,94,84424,146,8812
120,16,377,1431,94,84424,146,8812
120,16,377,1431,94,84424,146,8812
120,16,377,1431,94,84424,146,8812
120,16,377,1431,94,84424,146,8812
120,16,377,1431,94,84424,146,8812
120,16,377,1431,94,84424,146,8812
120,16,377,1431,94,84424,146,8812
120,16,377,1431,94,84424,146,8812
120,16,377,1431,94,84424,146,8812
120,16,377,1431,94,84424,146,8812
120,16,377,1431,94,84424,146,8812
120,16,377,1431,94,84424,146,8812
120,16,377,1431,94,84424,146,8812
120,16,377,1431,94,84424,146,8812
120,16,377,1431,94,84424,146,8812
120,16,377,1431,94,84424,146,8812
120,16,377,1431,94,84424,146,8812
120,16,377,1431,94,84424,146,8812
120,16,377,1431,94,84424,146,8812
120,16,377,1431,94,84424,146,8812
120,16,377,1431,94,84424,146,8812
120,16,377,1431,94,84424,146,8812
120,16,377,1431,94,84424,146,8812
120,16,377,1431,94,84424,146,8812
120,16,377,1431,94,84424,146,8812
120,16,377,1431,94,84424,146,8812
120,16,377,1431,94,84424,146,8812
120,16,377,1431,94,84424,146,8812
120,16,377,1431,94,84424,146,8812
120,16,377,1431,94,84424,146,8812
120,16,377,1431,94,84424,146,8812
120,16,377,1431,94,84424,146,8812
120,16,377,1431,94,84424,146,8812
120,16,377,1431,94,84424,146,8812
120,16,377,1431,94,84424,146,8812
120,16,377,1431,94,84424,146,8812
120,16,377,1431,94,84424,146,8812
120,16,377,1431,94,84424,146,8812
120,16,377,1431,94,84424,146,8812
120,16,377,1431,94,84424,146,8812
120,16,377,1431,94,84424,146,8812
120,16,377,1431,94,84424,146,8812
120,16,377,1431,94,84424,146,8812
120,16,377,1431,94,84424,146,8812
120,16,377,1431,94,84424,146,8812
120,16,377,1431,94,84424,146,8812
120,16,377,1431,94,84424,146,8812
120,16,377,1431,94,84424,146,8812
120,16,377,1431,94,84424,146,8812
120,16,377,1431,94,84424,146,8812
120,16,377,1431,94,84424,146,8812
120,16,377,1431,94,84424,146,8812
120,16,377,1431,94,84424,146,8812
120,16,377,1431,94,84424,146,8812
120,16,377,1431,94,84424,146,8812
120,16,377,1431,94,84424,146,8812
120,16,377,1431,94,84424,146,8812
120,16,377,1431,94,84424,146,8812
120,16,377,1431,94,84424,146,8812
120,16,377,1431,94,84424,146,8812
120,16,377,1431,94,84424,146,8812
120,16,377,1431,94,84424,146,8812
120,16,377,1431,94,84424,146,8812
120,16,377,1431,94,84424,146,8812
120,16,377,1431,94,84424,146,8812
120,16,377,1431,94,84424,146,8812
120,16,377,1431,94,84424,146,8812
120,16,377,1431,94,84424,146,8812
120,16,377,1431,94,84424,146,8812
120,16,377,1431,94,84424,146,8812
120,16,377,1431,94,84424,146,8812
120,16,377,1431,94,84424,146,8812
120,16,377,1431,94,84424,146,8812
120,16,377,1431,94,84424,146,8812
120,16,377,1431,94,84424,146,8812
120,16,377,1431,94,84424,146,8812
120,16,377,1431,94,84424,146,8812
120,16,377,1431,94,84424,146,8812
120,16,377,1431,94,84424,146,8812
120,16,377,1431,94,84424,146,8812
120,16,377,1431,94,84424,146,8812
120,16,377,1431,94,84424,146,8812
120,16,377,1431,94,84424,146,8812
120,16,377,1431,94,84424,146,8812
120,16,377,1431,94,84424,146,8812
120,16,377,1431,94,84424,146,8812
120,16,377,1431,94,84424,146,8812
120,16,377,1431,94,84424,146,8812
120,16,377,1431,94,84424,146,8812
120,16,377,1431,94,84424,146,8812
120,16,377,1431,94,84424,146,8812
120,16,377,1431,94,84424,146,8812
120,16,377,1431,94,84424,146,8812
120,16,377,1431,94,84424,146,8812
120,16,377,1431,94,84424,146,8812
120,16,377,1431,94,84424,146,8812
120,16,377,1431,94,84424,146,8812
120,16,377,1431,94,84424,146,8812
120,16,377,1431,94,84424,146,8812
120,16,377,1431,94,84424,146,8812
120,16,377,1431,94,84424,146,8812
120,16,377,1431,94,84424,146,8812
120,16,377,1431,94,84424,146,8812
120,16,377,1431,94,84424,146,8812
120,16,377,1431,94,84424,146,8812
120,16,377,1431,94,84424,146,8812
120,16,377,1431,94,84424,146,8812
120,16,377,1431,94,84424,146,8812
120,16,377,1431,94,84424,146,8812
120,16,377,1431,94,84424,146,8812
120,16,377,1431,94,84424,146,8812
120,16,377,1431,94,84424,146,8812
120,16,377,1431,94,84424,146,8812
120,16,377,1431,94,84424,146,8812
120,16,377,1431,94,84424,146,8812
120,16,377,1431,94,84424,146,8812
120,16,377,1431,94,84424,146,8812
120,16,377,1431,94,84424,146,8812
120,16,377,1431,94,84424,146,8812
120,16,377,1431,94,84424,146,8812
120,16,377,1431,94,84424,146,8812
120,16,377,1431,94,84424,146,8812
120,16,377,1431,94,84424,146,8812
120,16,377,1431,94,84424,146,8812
120,16,377,1431,94,84424,146,8812
120,16,377,1431,94,84424,146,8812
120,16,377,1431,94,84424,146,8812
120,16,377,1431,94,84424,146,8812
120,16,377,1431,94,84424,146,8812
120,16,377,1431,94,84424,146,8812
120,16,377,1431,94,84424,146,8812
120,16,377,1431,94,84424,146,8812
120,16,377,1431,94,84424,146,8812
120,16,377,1431,94,84424,146,8812
120,16,377,1431,94,84424,146,8812
120,16,377,1431,94,84424,146,8812
120,16,377,1431,94,84424,146,8812
120,16,377,1431,94,84424,146,8812
120,16,377,1431,94,84424,146,8812
120,16,377,1431,94,84424,146,8812
120,16,377,1431,94,84424,146,8812
120,16,377,1431,94,84424,146,8812
120,16,377,1431,94,84424,146,8812
120,16,377,1431,94,84424,146,8812
120,16,377,1431,94,84424,146,8812
120,16,377,1431,94,84424,146,8812
120,16,377,1431,94,84424,146,8812
120,16,377,1431,94,84424,146,8812
120,16,377,1431,94,84424,146,8812
120,16,377,1431,94,84424,146,8812
120,16,377,1431,94,84424,146,8812
120,16,377,1431,94,84424,146,8812
120,16,377,1431,94,84424,146,8812
120,16,377,1431,94,84424,146,8812
120,16,377,1431,94,84424,146,8812
120,16,377,1431,94,84424,146,8812
120,16,377,1431,94,84424,146,8812
120,16,377,1431,94,84424,146,8812
120,16,377,1431,94,84424,146,8812
120,16,377,1431,94,84424,146,8812
120,16,377,1431,94,84424,146,8812
120,16,377,1431,94,84424,146,8812
120,16,377,1431,94,84424,146,8812
120,16,377,1431,94,84424,146,8812
120,16,377,1431,94,84424,146,8812
120,16,377,1431,94,84424,146,8812
120,16,377,1431,94,84424,146,8812
120,16,377,1431,94,84424,146,8812
120,16,377,1431,94,84424,146,8812
120,16,377,1431,94,84424,146,8812
120,16,377,1431,94,84424,146,8812
120,16,377,1431,94,84424,146,8812
120,16,377,1431,94,84424,146,8812
120,16,377,1431,94,84424,146,8812
120,16,377,1431,94,84424,146,8812
120,16,377,1431,94,84424,146,8812
120,16,377,1431,94,84424,146,8812
120,16,377,1431,94,84424,146,8812
120,16,377,1431,94,84424,146,8812
120,16,377,1431,94,84424,146,8812
120,16,377,1431,94,84424,146,8812
120,16,377,1431,94,84424,146,8812
120,16,377,1431,94,84424,146,8812
120,16,377,1431,94,84424,146,8812
120,16,377,1431,94,84424,146,8812
120,16,377,1431,94,84424,146,8812
120,16,377,1431,94,84424,146,8812
120,16,377,1431,94,84424,146,8812
120,16,377,1431,94,84424,146,8812
120,16,377,1431,94,84424,146,8812
120,16,377,1431,94,84424,146,8812
120,16,377,1431,94,84424,146,8812
120,16,377,1431,94,84424,146,8812
120,16,377,1431,94,84424,146,8812
120,16,377,1431,94,84424,146,8812
120,16,377,1431,94,84424,146,8812
120,16,377,1431,94,84424,146,8812
120,16,377,1431,94,84424,146,8812
120,16,377,1431,94,84424,146,8812
120,16,377,1431,94,84424,146,8812
120,16,377,1431,94,84424,146,8812
120,16,377,1431,94,84424,146,8812
120,16,377,1431,94,84424,146,8812
120,16,377,1431,94,84424,146,8812
120,16,377,1431,94,84424,146,8812
120,16,377,1431,94,84424,146,8812
120,16,377,1431,94,84424,146,8812
120,16,377,1431,94,84424,146,8812
120,16,377,1431,94,84424,146,8812
120,16,377,1431,94,84424,146,8812
120,16,377,1431,94,84424,146,8812
120,16,377,1431,94,84424,146,8812
120,16,377,1431,94,84424,146,8812
120,16,377,1431,94,84424,146,8812
120,16,377,1431,94,84424,146,8812
120,16,377,1431,94,84424,146,8812
120,16,377,1431,94,84424,146,8812
120,16,377,1431,94,84424,146,8812
120,16,377,1431,94,84424,146,8812
120,16,377,1431,94,84424,146,8812
120,16,377,1431,94,84424,146,8812
120,16,377,1431,94,84424,146,8812
120,16,377,1431,94,84424,146,8812
120,16,377,1431,94,84424,146,8812
120,16,377,1431,94,84424,146,8812
120,16,377,1431,94,84424,146,8812
120,16,377,1431,94,84424,146,8812
120,16,377,1431,94,84424,146,8812
120,16,377,1431,94,84424,146,8812
120,16,377,1431,94,84424,146,8812
120,16,377,1431,94,84424,146,8812
120,16,377,1431,94,84424,146,8812
120,16,377,1431,94,84424,146,8812
120,16,377,1431,94,84424,146,8812
120,16,377,1431,94,84424,146,8812
120,16,377,1431,94,84424,146,8812
120,16,377,1431,94,84424,146,8812
120,16,377,1431,94,84424,146,8812
120,16,377,1431,94,84424,146,8812
120,16,377,1431,94,84424,146,8812
120,16,377,1431,94,84424,146,8812
120,16,377,1431,94,84424,146,8812
120,16,377,1431,94,84424,146,8812
120,16,377,1431,94,84424,146,8812
120,16,377,1431,94,84424,146,8812
120,16,377,1431,94,84424,146,8812
120,16,377,1431,94,84424,146,8812
120,16,377,1431,94,84424,146,8812
120,16,377,1431,94,84424,146,8812
120,16,377,1431,94,84424,146,8812
120,16,377,1431,94,84424,146,8812
120,16,377,1431,94,84424,146,8812
120,16,377,1431,94,84424,146,8812
120,16,377,1431,94,84424,146,8812
120,16,377,1431,94,84424,146,8812
120,16,377,1431,94,84424,146,8812
120,16,377,1431,94,84424,146,8812
120,16,377,1431,94,84424,146,8812
120,16,377,1431,94,84424,146,8812
120,16,377,1431,94,84424,146,8812
120,16,377,1431,94,84424,146,8812
120,16,377,1431,94,84424,146,8812
120,16,377,1431,94,84424,146,8812
120,16,377,1431,94,84424,146,8812
120,16,377,1431,94,84424,146,8812
120,16,377,1431,94,84424,146,8812
120,16,377,1431,94,84424,146,8812
120,16,377,1431,94,84424,146,8812
120,16,377,1431,94,84424,146,8812
120,16,377,1431,94,84424,146,8812
120,16,377,1431,94,84424,146,8812
120,16,377,1431,94,84424,146,8812
120,16,377,1431,94,84424,146,8812
120,16,377,1431,94,84424,146,8812
120,16,377,1431,94,84424,146,8812
120,16,377,1431,94,84424,146,8812
120,16,377,1431,94,84424,146,8812
120,16,377,1431,94,84424,146,8812
120,16,377,1431,94,84424,146,8812
120,16,377,1431,94,84424,146,8812
120,16,377,1431,94,84424,146,8812
120,16,377,1431,94,84424,146,8812
