Time,RSteps,X,Y,Z
120,0,68,7002,87,78027,125,0229
120,1,68,7002,87,78027,125,0229
120,1,68,7002,87,78027,125,0229
120,1,68,7002,87,78027,125,0229
120,1,68,7002,87,78027,125,0229
120,1,68,7002,88,35059,125,0229
120,1,68,7002,88,35059,125,0229
120,1,68,7002,88,35059,125,0229
120,1,68,7002,88,35059,125,0229
120,1,68,7002,88,35059,125,0229
120,1,68,69092,88,37842,125,4219
120,1,68,69092,88,37842,125,4219
120,1,68,69092,88,37842,125,4219
120,1,68,68164,88,40576,125,8141
120,1,68,68164,88,40576,125,8141
120,1,68,67603,88,42285,126,0579
120,1,68,67603,88,42285,126,0579
120,1,68,67603,88,42285,126,0579
120,1,68,67163,88,43604,126,2461
120,1,68,67163,88,43604,126,2461
120,1,68,66699,88,44971,126,4413
120,1,68,66699,88,44971,126,4413
120,1,68,66699,88,44971,126,4413
120,1,68,66235,88,46387,126,6423
120,1,68,66235,88,46387,126,6423
120,1,68,65747,88,47803,126,847
120,1,68,65747,88,47803,126,847
120,1,68,65747,88,47803,126,847
120,1,68,65283,88,4917,127,0442
120,1,68,65283,88,4917,127,0442
120,1,68,64819,88,50586,127,2421
120,1,68,64819,88,50586,127,2421
120,1,68,64819,88,50586,127,2421
120,1,68,64355,88,52002,127,4423
120,1,68,64355,88,52002,127,4423
120,1,68,63892,88,53418,127,641
120,1,68,63892,88,53418,127,641
120,1,68,63892,88,53418,127,641
120,1,68,63403,88,54834,127,844
120,1,68,63403,88,54834,127,844
120,1,68,63403,88,54834,127,844
120,1,68,62891,88,56348,128,0616
120,1,68,62891,88,56348,128,0616
120,1,68,62378,88,5791,128,2825
120,1,68,62378,88,5791,128,2825
120,1,68,62378,88,5791,128,2825
120,1,68,61914,88,59277,128,4794
120,1,68,61914,88,59277,128,4794
120,1,68,61914,88,59277,128,4794
120,1,68,61914,88,59277,128,4794
120,1,68,61914,88,59277,128,4794
120,1,68,61475,88,60596,128,6692
120,1,68,61475,88,60596,128,6692
120,1,68,60547,88,63428,129,0681
120,1,68,60547,88,63428,129,0681
120,1,68,60547,88,63428,129,0681
120,1,68,60083,88,64844,129,2683
120,1,68,60083,88,64844,129,2683
120,1,68,5957,88,66309,129,4811
120,1,68,5957,88,66309,129,4811
120,1,68,5957,88,66309,129,4811
120,1,68,58911,88,67676,129,6824
120,1,68,58911,88,67676,129,6824
120,1,68,58911,88,67676,129,6824
120,1,68,57446,88,68848,129,9012
120,1,68,57446,88,68848,129,9012
120,1,68,57446,88,68848,129,9012
120,1,68,55811,88,70166,130,1473
120,1,68,55811,88,70166,130,1473
120,1,68,54492,88,7124,130,3477
120,1,68,54492,88,7124,130,3477
120,1,68,54492,88,7124,130,3477
120,1,68,53149,88,72314,130,5488
120,1,68,53149,88,72314,130,5488
120,1,68,51807,88,73438,130,7528
120,1,68,51807,88,73438,130,7528
120,1,68,51807,88,73438,130,7528
120,1,68,50415,88,74561,130,9612
120,1,68,50415,88,74561,130,9612
120,1,68,50415,88,74561,130,9612
120,1,68,48901,88,75781,131,189
120,1,68,48901,88,75781,131,189
120,1,68,48901,88,75781,131,189
120,1,68,47363,88,77051,131,4191
120,1,68,47363,88,77051,131,4191
120,1,68,45947,88,78223,131,6312
120,1,68,45947,88,78223,131,6312
120,1,68,45947,88,78223,131,6312
120,1,68,44556,88,79395,131,843
120,1,68,44556,88,79395,131,843
120,1,68,44556,88,79395,131,843
120,1,68,43237,88,80469,132,0427
120,1,68,43237,88,80469,132,0427
120,1,68,41821,88,81641,132,2566
120,1,68,41821,88,81641,132,2566
120,1,68,41821,88,81641,132,2566
120,1,68,40503,88,82715,132,4553
120,2,68,40503,88,82715,132,4553
120,2,68,39038,88,83936,132,677
120,2,68,39038,88,83936,132,677
120,2,68,39038,88,83936,132,677
120,2,68,37671,88,85059,132,8845
120,2,68,37671,88,85059,132,8845
120,2,68,36353,88,86133,133,0815
120,2,68,36353,88,86133,133,0815
120,2,68,36353,88,86133,133,0815
120,2,68,3501,88,87207,133,2826
120,2,68,3501,88,87207,133,2826
120,2,68,3501,88,87207,133,2826
120,2,68,33643,88,8833,133,4893
120,2,68,33643,88,8833,133,4893
120,2,68,31738,88,8877,133,6946
120,2,68,31738,88,8877,133,6946
120,2,68,31738,88,8877,133,6946
120,2,68,2915,88,88428,133,8987
120,2,68,2915,88,88428,133,8987
120,2,68,26758,88,88135,134,0874
120,2,68,26758,88,88135,134,0874
120,2,68,24365,88,87842,134,2762
120,2,68,24365,88,87842,134,2762
120,2,68,24365,88,87842,134,2762
120,2,68,22021,88,87549,134,4607
120,2,68,22021,88,87549,134,4607
120,2,68,1958,88,87207,134,653
120,2,68,1958,88,87207,134,653
120,2,68,1958,88,87207,134,653
120,2,68,1709,88,86865,134,8496
120,2,68,1709,88,86865,134,8496
120,2,68,14673,88,86572,135,0397
120,2,68,14673,88,86572,135,0397
120,2,68,12183,88,8623,135,2355
120,2,68,12183,88,8623,135,2355
120,2,68,12183,88,8623,135,2355
120,2,68,09741,88,85938,135,4279
120,2,68,09741,88,85938,135,4279
120,2,68,073,88,85645,135,6213
120,2,68,073,88,85645,135,6213
120,2,68,073,88,85645,135,6213
120,2,68,04883,88,85352,135,8124
120,2,68,04883,88,85352,135,8124
120,2,68,02539,88,85059,135,9965
120,2,68,02539,88,85059,135,9965
120,2,68,00098,88,84717,136,1892
120,2,68,00098,88,84717,136,1892
120,2,68,00098,88,84717,136,1892
120,2,67,97681,88,84375,136,3796
120,2,67,97681,88,84375,136,3796
120,2,67,95117,88,84033,136,5819
120,2,67,95117,88,84033,136,5819
120,2,67,95117,88,84033,136,5819
120,2,67,95117,88,84033,136,5819
120,2,67,92651,88,8374,136,7764
120,2,67,92651,88,8374,136,7764
120,2,67,89233,88,82422,137,0524
120,2,67,89233,88,82422,137,0524
120,2,67,89233,88,82422,137,0524
120,2,67,87061,88,78564,137,2461
120,2,67,87061,88,78564,137,2461
120,2,67,87061,88,78564,137,2461
120,2,67,87061,88,78564,137,2461
120,2,67,87061,88,78564,137,2461
120,2,67,87061,88,78564,137,2461
120,2,67,87061,88,78564,137,2461
120,2,67,84766,88,74463,137,4509
120,2,67,84766,88,74463,137,4509
120,2,67,84766,88,74463,137,4509
120,2,67,84766,88,74463,137,4509
120,2,67,84766,88,74463,137,4509
120,2,67,82544,88,70508,137,6497
120,2,67,82544,88,70508,137,6497
120,2,67,7876,88,6377,137,9867
120,2,67,7876,88,6377,137,9867
120,2,67,7876,88,6377,137,9867
120,2,67,76514,88,59766,138,1873
120,2,67,76514,88,59766,138,1873
120,2,67,7417,88,55566,138,3975
120,2,67,7417,88,55566,138,3975
120,2,67,7417,88,55566,138,3975
120,2,67,71973,88,5166,138,5942
120,2,67,71973,88,5166,138,5942
120,2,67,71973,88,5166,138,5942
120,2,67,69824,88,47803,138,787
120,2,67,69824,88,47803,138,787
120,2,67,67456,88,43604,138,9973
120,2,67,67456,88,43604,138,9973
120,2,67,67456,88,43604,138,9973
120,2,67,65234,88,39648,139,1953
120,2,67,65234,88,39648,139,1953
120,2,67,62964,88,35596,139,3986
120,2,67,62964,88,35596,139,3986
120,2,67,62964,88,35596,139,3986
120,2,67,60742,88,31592,139,5979
120,2,67,60742,88,31592,139,5979
120,2,67,58521,88,27637,139,795
120,2,67,58521,88,27637,139,795
120,2,67,58521,88,27637,139,795
120,2,67,5625,88,23584,139,9977
120,2,67,5625,88,23584,139,9977
120,2,67,5625,88,23584,139,9977
120,2,67,54077,88,19727,140,1925
120,2,67,54077,88,19727,140,1925
120,2,67,51685,88,15479,140,4064
120,2,67,51685,88,15479,140,4064
120,2,67,51685,88,15479,140,4064
120,2,67,49487,88,11572,140,6021
120,2,67,49487,88,11572,140,6021
120,2,67,46558,88,09082,140,7999
120,2,67,46558,88,09082,140,7999
120,2,67,46558,88,09082,140,7999
120,2,67,43628,88,06641,140,9971
120,2,67,43628,88,06641,140,9971
120,2,67,40723,88,04199,141,1929
120,2,67,40723,88,04199,141,1929
120,2,67,40723,88,04199,141,1929
120,2,67,40723,88,04199,141,1929
120,2,67,40723,88,04199,141,1929
120,2,67,40723,88,04199,141,1929
120,2,67,40723,88,04199,141,1929
120,2,67,40723,88,04199,141,1929
120,2,67,40723,88,04199,141,1929
120,2,67,40723,88,04199,141,1929
120,2,67,40723,88,04199,141,1929
120,2,67,40723,88,04199,141,1929
120,2,67,40723,88,04199,141,1929
120,3,67,40723,88,04199,141,1929
120,3,67,40723,88,04199,141,1929
120,3,67,40723,88,04199,141,1929
120,3,67,37671,88,0166,141,3975
120,3,67,37671,88,0166,141,3975
120,3,67,37671,88,0166,141,3975
120,3,67,34546,87,99023,141,6068
120,3,67,34546,87,99023,141,6068
120,3,67,34546,87,99023,141,6068
120,3,67,31006,87,96045,141,8446
120,3,67,31006,87,96045,141,8446
120,3,67,31006,87,96045,141,8446
120,3,67,2793,87,93457,142,051
120,3,67,2793,87,93457,142,051
120,3,67,24927,87,88867,142,2527
120,3,67,24927,87,88867,142,2527
120,3,67,24927,87,88867,142,2527
120,3,67,22363,87,78467,142,4235
120,3,67,22363,87,78467,142,4235
120,3,67,19629,87,67432,142,6052
120,3,67,19629,87,67432,142,6052
120,3,67,19629,87,67432,142,6052
120,3,67,17212,87,57666,142,766
120,3,67,17212,87,57666,142,766
120,3,67,14746,87,47705,142,9299
120,3,67,14746,87,47705,142,9299
120,3,67,12329,87,37939,143,0909
120,3,67,12329,87,37939,143,0909
120,3,67,12329,87,37939,143,0909
120,3,67,09937,87,2832,143,2496
120,3,67,09937,87,2832,143,2496
120,3,67,07568,87,1875,143,4072
120,3,67,07568,87,1875,143,4072
120,3,67,052,87,0918,143,5645
120,3,67,052,87,0918,143,5645
120,3,67,052,87,0918,143,5645
120,3,67,02808,86,9917,143,7234
120,3,67,02808,86,9917,143,7234
120,3,67,00464,86,8877,143,8799
120,3,67,00464,86,8877,143,8799
120,3,66,98169,86,78613,144,0327
120,3,66,98169,86,78613,144,0327
120,3,66,98169,86,78613,144,0327
120,3,66,95776,86,68115,144,1909
120,3,66,95776,86,68115,144,1909
120,3,66,93457,86,57861,144,3453
120,3,66,93457,86,57861,144,3453
120,3,66,91138,86,47607,144,4991
120,3,66,91138,86,47607,144,4991
120,3,66,91138,86,47607,144,4991
120,3,66,88892,86,37695,144,6481
120,3,66,88892,86,37695,144,6481
120,3,66,8645,86,26807,144,8114
120,3,66,8645,86,26807,144,8114
120,3,66,8645,86,26807,144,8114
120,3,66,8645,86,26807,144,8114
120,3,66,8645,86,26807,144,8114
120,3,66,8645,86,26807,144,8114
120,3,66,8645,86,26807,144,8114
120,3,66,8645,86,26807,144,8114
120,3,66,8645,86,26807,144,8114
120,3,66,8645,86,26807,144,8114
120,3,66,8645,86,26807,144,8114
120,3,66,8645,86,26807,144,8114
120,3,66,8645,86,26807,144,8114
120,3,66,8645,86,26807,144,8114
120,3,66,8645,86,26807,144,8114
120,3,66,8645,86,26807,144,8114
120,3,66,83984,86,16699,144,9678
120,3,66,83984,86,16699,144,9678
120,3,66,79663,86,10498,145,1288
120,3,66,79663,86,10498,145,1288
120,3,66,79663,86,10498,145,1288
120,3,66,75146,86,04004,145,2975
120,3,66,75146,86,04004,145,2975
120,3,66,70752,85,97705,145,4615
120,3,66,70752,85,97705,145,4615
120,3,66,65894,85,90723,145,6429
120,3,66,65894,85,90723,145,6429
120,3,66,65894,85,90723,145,6429
120,3,66,6167,85,84668,145,8007
120,3,66,6167,85,84668,145,8007
120,3,66,5686,85,77734,145,9799
120,3,66,5686,85,77734,145,9799
120,3,66,5686,85,77734,145,9799
120,3,66,52295,85,71191,146,1504
120,3,66,52295,85,71191,146,1504
120,3,66,49121,85,62158,146,3245
120,3,66,49121,85,62158,146,3245
120,3,66,49121,85,62158,146,3245
120,3,66,46289,85,53613,146,4861
120,3,66,46289,85,53613,146,4861
120,3,66,43237,85,44385,146,6606
120,3,66,43237,85,44385,146,6606
120,3,66,40308,85,35547,146,8281
120,3,66,40308,85,35547,146,8281
120,3,66,40308,85,35547,146,8281
120,3,66,37451,85,26904,146,9919
120,3,66,37451,85,26904,146,9919
120,3,66,34692,85,18604,147,1498
120,3,66,34692,85,18604,147,1498
120,3,66,31812,85,09863,147,3154
120,3,66,31812,85,09863,147,3154
120,3,66,29199,85,01953,147,4651
120,3,66,29199,85,01953,147,4651
120,3,66,29199,85,01953,147,4651
120,3,66,26489,84,93799,147,6201
120,3,66,26489,84,93799,147,6201
120,3,66,2373,84,85547,147,7771
120,3,66,2373,84,85547,147,7771
120,3,66,19873,84,77588,147,9419
120,3,66,19873,84,77588,147,9419
120,3,66,19873,84,77588,147,9419
120,3,66,15454,84,70166,148,1055
120,3,66,15454,84,70166,148,1055
120,3,66,10815,84,62354,148,2775
120,3,66,10815,84,62354,148,2775
120,3,66,06445,84,5498,148,4396
120,3,66,06445,84,5498,148,4396
120,3,66,06445,84,5498,148,4396
120,3,66,06445,84,5498,148,4396
120,3,66,06445,84,5498,148,4396
120,3,66,06445,84,5498,148,4396
120,3,66,06445,84,5498,148,4396
120,3,66,06445,84,5498,148,4396
120,3,66,06445,84,5498,148,4396
120,3,66,06445,84,5498,148,4396
120,3,66,06445,84,5498,148,4396
120,3,66,06445,84,5498,148,4396
120,3,66,06445,84,5498,148,4396
120,3,66,06445,84,5498,148,4396
120,3,66,06445,84,5498,148,4396
120,3,66,06445,84,5498,148,4396
120,3,66,06445,84,5498,148,4396
120,3,66,06445,84,5498,148,4396
120,3,66,06445,84,5498,148,4396
120,3,66,06445,84,5498,148,4396
120,3,66,06445,84,5498,148,4396
120,3,66,06445,84,5498,148,4396
120,3,66,06445,84,5498,148,4396
120,3,66,06445,84,5498,148,4396
120,3,66,06445,84,5498,148,4396
120,3,66,06445,84,5498,148,4396
120,3,66,06445,84,5498,148,4396
120,3,66,06445,84,5498,148,4396
120,3,66,06445,84,5498,148,4396
120,3,66,06445,84,5498,148,4396
120,3,66,06445,84,5498,148,4396
120,3,66,06445,84,5498,148,4396
120,3,66,06445,84,5498,148,4396
120,3,66,06445,84,5498,148,4396
120,3,66,06445,84,5498,148,4396
120,3,66,06445,84,5498,148,4396
120,3,66,06445,84,5498,148,4396
120,3,66,06445,84,5498,148,4396
120,3,66,06445,84,5498,148,4396
120,3,66,06445,84,5498,148,4396
120,3,66,06445,84,5498,148,4396
120,3,66,06445,84,5498,148,4396
120,3,66,06445,84,5498,148,4396
120,3,66,06445,84,5498,148,4396
120,3,66,06445,84,5498,148,4396
120,3,66,06445,84,5498,148,4396
120,3,66,06445,84,5498,148,4396
120,3,66,06445,84,5498,148,4396
120,3,66,06445,84,5498,148,4396
120,3,66,06445,84,5498,148,4396
120,3,66,06445,84,5498,148,4396
120,3,66,06445,84,5498,148,4396
120,3,66,06445,84,5498,148,4396
120,3,66,06445,84,5498,148,4396
120,3,66,06445,84,5498,148,4396
120,3,66,06445,84,5498,148,4396
120,3,66,06445,84,5498,148,4396
120,3,66,06445,84,5498,148,4396
120,3,66,06445,84,5498,148,4396
120,3,66,06445,84,5498,148,4396
120,3,66,06445,84,5498,148,4396
120,3,66,06445,84,5498,148,4396
120,3,66,06445,84,5498,148,4396
120,3,66,06445,84,5498,148,4396
120,3,66,06445,84,5498,148,4396
120,3,66,06445,84,5498,148,4396
120,3,66,06445,84,5498,148,4396
120,3,66,06445,84,5498,148,4396
120,3,66,06445,84,5498,148,4396
120,3,66,06445,84,5498,148,4396
120,3,66,06445,84,5498,148,4396
120,3,66,06445,84,5498,148,4396
120,3,66,06445,84,5498,148,4396
120,3,66,06445,84,5498,148,4396
120,3,66,06445,84,5498,148,4396
120,3,66,06445,84,5498,148,4396
120,3,66,06445,84,5498,148,4396
120,3,66,06445,84,5498,148,4396
120,3,66,06445,84,5498,148,4396
120,3,66,06445,84,5498,148,4396
120,3,66,06445,84,5498,148,4396
120,3,66,06445,84,5498,148,4396
120,3,66,06445,84,5498,148,4396
120,3,66,06445,84,5498,148,4396
120,3,66,06445,84,5498,148,4396
120,3,66,06445,84,5498,148,4396
120,3,66,06445,84,5498,148,4396
120,3,66,06445,84,5498,148,4396
120,3,66,06445,84,5498,148,4396
120,3,66,06445,84,5498,148,4396
120,3,66,06445,84,5498,148,4396
120,3,66,06445,84,5498,148,4396
120,3,66,06445,84,5498,148,4396
120,3,66,06445,84,5498,148,4396
120,3,66,06445,84,5498,148,4396
120,3,66,06445,84,5498,148,4396
120,3,66,06445,84,5498,148,4396
120,3,66,06445,84,5498,148,4396
120,3,66,06445,84,5498,148,4396
120,3,66,06445,84,5498,148,4396
120,3,66,06445,84,5498,148,4396
120,3,66,06445,84,5498,148,4396
120,3,66,06445,84,5498,148,4396
120,3,66,06445,84,5498,148,4396
120,3,66,06445,84,5498,148,4396
120,3,66,06445,84,5498,148,4396
120,3,66,06445,84,5498,148,4396
120,3,66,06445,84,5498,148,4396
120,3,66,06445,84,5498,148,4396
120,3,66,06445,84,5498,148,4396
120,3,66,06445,84,5498,148,4396
120,3,66,06445,84,5498,148,4396
120,3,66,06445,84,5498,148,4396
120,3,66,06445,84,5498,148,4396
120,3,66,06445,84,5498,148,4396
120,3,66,06445,84,5498,148,4396
120,3,66,06445,84,5498,148,4396
120,3,66,06445,84,5498,148,4396
120,3,66,06445,84,5498,148,4396
120,3,66,06445,84,5498,148,4396
120,3,66,06445,84,5498,148,4396
120,3,66,06445,84,5498,148,4396
120,3,66,06445,84,5498,148,4396
120,3,66,06445,84,5498,148,4396
120,3,66,06445,84,5498,148,4396
120,3,66,06445,84,5498,148,4396
120,3,66,06445,84,5498,148,4396
120,3,66,06445,84,5498,148,4396
120,3,66,06445,84,5498,148,4396
120,3,66,06445,84,5498,148,4396
120,3,66,06445,84,5498,148,4396
120,3,66,06445,84,5498,148,4396
120,3,66,06445,84,5498,148,4396
120,3,66,06445,84,5498,148,4396
120,3,66,06445,84,5498,148,4396
120,3,66,06445,84,5498,148,4396
120,3,66,06445,84,5498,148,4396
120,3,66,06445,84,5498,148,4396
120,3,66,06445,84,5498,148,4396
120,3,66,06445,84,5498,148,4396
120,3,66,06445,84,5498,148,4396
120,3,66,06445,84,5498,148,4396
120,3,66,06445,84,5498,148,4396
120,3,66,06445,84,5498,148,4396
120,3,66,06445,84,5498,148,4396
120,3,66,06445,84,5498,148,4396
120,3,66,06445,84,5498,148,4396
120,3,66,06445,84,5498,148,4396
120,3,66,06445,84,5498,148,4396
120,3,66,06445,84,5498,148,4396
120,3,66,06445,84,5498,148,4396
120,3,66,06445,84,5498,148,4396
120,3,66,06445,84,5498,148,4396
120,3,66,06445,84,5498,148,4396
120,3,66,06445,84,5498,148,4396
120,3,66,06445,84,5498,148,4396
120,3,66,06445,84,5498,148,4396
120,3,66,06445,84,5498,148,4396
120,3,66,06445,84,5498,148,4396
120,3,66,06445,84,5498,148,4396
120,3,66,06445,84,5498,148,4396
120,3,66,06445,84,5498,148,4396
120,3,66,06445,84,5498,148,4396
120,3,66,06445,84,5498,148,4396
120,3,66,06445,84,5498,148,4396
120,3,66,06445,84,5498,148,4396
120,3,66,06445,84,5498,148,4396
120,3,66,06445,84,5498,148,4396
120,3,66,06445,84,5498,148,4396
120,3,66,06445,84,5498,148,4396
120,3,66,06445,84,5498,148,4396
120,3,66,06445,84,5498,148,4396
120,3,66,06445,84,5498,148,4396
120,3,66,06445,84,5498,148,4396
120,3,66,06445,84,5498,148,4396
120,3,66,06445,84,5498,148,4396
120,3,66,06445,84,5498,148,4396
120,3,66,06445,84,5498,148,4396
120,3,66,06445,84,5498,148,4396
120,3,66,06445,84,5498,148,4396
120,3,66,06445,84,5498,148,4396
120,3,66,06445,84,5498,148,4396
120,3,66,06445,84,5498,148,4396
120,3,66,06445,84,5498,148,4396
120,3,66,06445,84,5498,148,4396
120,3,66,06445,84,5498,148,4396
120,3,66,06445,84,5498,148,4396
120,3,66,06445,84,5498,148,4396
120,3,66,06445,84,5498,148,4396
120,3,66,06445,84,5498,148,4396
120,3,66,06445,84,5498,148,4396
120,3,66,06445,84,5498,148,4396
120,3,66,06445,84,5498,148,4396
120,3,66,06445,84,5498,148,4396
120,3,66,06445,84,5498,148,4396
120,3,66,06445,84,5498,148,4396
120,3,66,06445,84,5498,148,4396
120,3,66,06445,84,5498,148,4396
120,3,66,06445,84,5498,148,4396
120,3,66,06445,84,5498,148,4396
120,3,66,06445,84,5498,148,4396
120,3,66,06445,84,5498,148,4396
120,3,66,06445,84,5498,148,4396
120,3,66,06445,84,5498,148,4396
120,3,66,06445,84,5498,148,4396
120,3,66,06445,84,5498,148,4396
120,3,66,06445,84,5498,148,4396
120,3,66,06445,84,5498,148,4396
120,3,66,06445,84,5498,148,4396
120,3,66,06445,84,5498,148,4396
120,3,66,06445,84,5498,148,4396
120,3,66,06445,84,5498,148,4396
120,3,66,06445,84,5498,148,4396
120,3,66,06445,84,5498,148,4396
120,3,66,06445,84,5498,148,4396
120,3,66,06445,84,5498,148,4396
120,3,66,06445,84,5498,148,4396
120,3,66,06445,84,5498,148,4396
120,3,66,06445,84,5498,148,4396
120,3,66,06445,84,5498,148,4396
120,3,66,06445,84,5498,148,4396
120,3,66,06445,84,5498,148,4396
120,3,66,06445,84,5498,148,4396
120,3,66,06445,84,5498,148,4396
120,3,66,06445,84,5498,148,4396
120,3,66,06445,84,5498,148,4396
120,3,66,06445,84,5498,148,4396
120,3,66,06445,84,5498,148,4396
120,3,66,06445,84,5498,148,4396
120,3,66,06445,84,5498,148,4396
120,3,66,06445,84,5498,148,4396
120,3,66,06445,84,5498,148,4396
120,3,66,06445,84,5498,148,4396
120,3,66,06445,84,5498,148,4396
120,3,66,06445,84,5498,148,4396
120,3,66,06445,84,5498,148,4396
120,3,66,06445,84,5498,148,4396
120,3,66,06445,84,5498,148,4396
120,3,66,06445,84,5498,148,4396
120,3,66,06445,84,5498,148,4396
120,3,66,06445,84,5498,148,4396
120,3,66,06445,84,5498,148,4396
120,3,66,06445,84,5498,148,4396
120,3,66,06445,84,5498,148,4396
120,3,66,06445,84,5498,148,4396
120,3,66,06445,84,5498,148,4396
120,3,66,06445,84,5498,148,4396
120,3,66,06445,84,5498,148,4396
120,3,66,06445,84,5498,148,4396
120,3,66,06445,84,5498,148,4396
120,3,66,06445,84,5498,148,4396
120,3,66,06445,84,5498,148,4396
120,3,66,06445,84,5498,148,4396
120,3,66,06445,84,5498,148,4396
120,3,66,06445,84,5498,148,4396
120,3,66,06445,84,5498,148,4396
120,3,66,06445,84,5498,148,4396
120,3,66,06445,84,5498,148,4396
120,3,66,06445,84,5498,148,4396
120,3,66,06445,84,5498,148,4396
120,3,66,06445,84,5498,148,4396
120,3,66,06445,84,5498,148,4396
120,3,66,06445,84,5498,148,4396
120,3,66,06445,84,5498,148,4396
120,3,66,06445,84,5498,148,4396
120,3,66,06445,84,5498,148,4396
120,3,66,06445,84,5498,148,4396
120,3,66,06445,84,5498,148,4396
120,3,66,06445,84,5498,148,4396
120,3,66,06445,84,5498,148,4396
120,3,66,06445,84,5498,148,4396
120,3,66,06445,84,5498,148,4396
120,3,66,06445,84,5498,148,4396
120,3,66,06445,84,5498,148,4396
120,3,66,06445,84,5498,148,4396
120,3,66,06445,84,5498,148,4396
120,3,66,06445,84,5498,148,4396
120,3,66,06445,84,5498,148,4396
120,3,66,06445,84,5498,148,4396
120,3,66,06445,84,5498,148,4396
120,3,66,06445,84,5498,148,4396
120,3,66,06445,84,5498,148,4396
120,3,66,06445,84,5498,148,4396
120,3,66,06445,84,5498,148,4396
120,3,66,06445,84,5498,148,4396
120,3,66,06445,84,5498,148,4396
120,3,66,06445,84,5498,148,4396
120,3,66,06445,84,5498,148,4396
120,3,66,06445,84,5498,148,4396
120,3,66,06445,84,5498,148,4396
120,3,66,06445,84,5498,148,4396
120,3,66,06445,84,5498,148,4396
120,3,66,06445,84,5498,148,4396
120,3,66,06445,84,5498,148,4396
120,3,66,06445,84,5498,148,4396
120,3,66,06445,84,5498,148,4396
120,3,66,06445,84,5498,148,4396
120,3,66,06445,84,5498,148,4396
120,3,66,06445,84,5498,148,4396
120,3,66,06445,84,5498,148,4396
120,3,66,06445,84,5498,148,4396
120,3,66,06445,84,5498,148,4396
120,3,66,06445,84,5498,148,4396
120,3,66,06445,84,5498,148,4396
120,3,66,06445,84,5498,148,4396
120,3,66,06445,84,5498,148,4396
120,3,66,06445,84,5498,148,4396
120,3,66,06445,84,5498,148,4396
120,3,66,06445,84,5498,148,4396
120,3,66,06445,84,5498,148,4396
120,3,66,06445,84,5498,148,4396
120,3,66,06445,84,5498,148,4396
120,3,66,06445,84,5498,148,4396
120,3,66,06445,84,5498,148,4396
120,3,66,06445,84,5498,148,4396
120,4,66,06445,84,5498,148,4396
120,4,66,06445,84,5498,148,4396
120,4,66,02148,84,47754,148,5981
120,4,66,02148,84,47754,148,5981
120,4,66,02148,84,47754,148,5981
120,4,65,9751,84,39941,148,7701
120,4,65,9751,84,39941,148,7701
120,4,65,93188,84,32666,148,9299
120,4,65,93188,84,32666,148,9299
120,4,65,93188,84,32666,148,9299
120,4,65,88184,84,24219,149,1154
120,4,65,88184,84,24219,149,1154
120,4,65,83789,84,16846,149,2778
120,4,65,83789,84,16846,149,2778
120,4,65,83789,84,16846,149,2778
120,4,65,79541,84,09717,149,4351
120,4,65,79541,84,09717,149,4351
120,4,65,74194,84,00732,149,6326
120,4,65,74194,84,00732,149,6326
120,4,65,74194,84,00732,149,6326
120,4,65,69385,83,92383,149,8138
120,4,65,69385,83,92383,149,8138
120,4,65,65234,83,8374,149,9851
120,4,65,65234,83,8374,149,9851
120,4,65,61304,83,75586,150,1472
120,4,65,61304,83,75586,150,1472
120,4,65,61304,83,75586,150,1472
120,4,65,57104,83,66895,150,3198
120,4,65,57104,83,66895,150,3198
120,4,65,53296,83,59033,150,4764
120,4,65,53296,83,59033,150,4764
120,4,65,49268,83,50635,150,6431
120,4,65,49268,83,50635,150,6431
120,4,65,49268,83,50635,150,6431
120,4,65,4541,83,42627,150,8021
120,4,65,4541,83,42627,150,8021
120,4,65,41504,83,3457,150,9626
120,4,65,41504,83,3457,150,9626
120,4,65,37476,83,26221,151,1287
120,4,65,37476,83,26221,151,1287
120,4,65,33716,83,18408,151,2834
120,4,65,33716,83,18408,151,2834
120,4,65,33716,83,18408,151,2834
120,4,65,2981,83,10254,151,4453
120,4,65,2981,83,10254,151,4453
120,4,65,2605,83,00879,151,6204
120,4,65,2605,83,00879,151,6204
120,4,65,2605,83,00879,151,6204
120,4,65,23047,82,91455,151,7845
120,4,65,23047,82,91455,151,7845
120,4,65,20142,82,82324,151,943
120,4,65,20142,82,82324,151,943
120,4,65,20142,82,82324,151,943
120,4,65,20142,82,82324,151,943
120,4,65,20142,82,82324,151,943
120,4,65,20142,82,82324,151,943
120,4,65,20142,82,82324,151,943
120,4,65,17139,82,72949,152,1058
120,4,65,17139,82,72949,152,1058
120,4,65,17139,82,72949,152,1058
120,4,65,14185,82,63672,152,2671
120,4,65,14185,82,63672,152,2671
120,4,65,11133,82,54102,152,4332
120,4,65,11133,82,54102,152,4332
120,4,65,08203,82,44922,152,5929
120,4,65,08203,82,44922,152,5929
120,4,65,08203,82,44922,152,5929
120,4,65,05005,82,34912,152,7671
120,4,65,05005,82,34912,152,7671
120,4,65,01953,82,25342,152,9333
120,4,65,01953,82,25342,152,9333
120,4,64,99414,82,17334,153,0718
120,4,64,99414,82,17334,153,0718
120,4,64,99414,82,17334,153,0718
120,4,64,96875,82,10791,153,2399
120,4,64,96875,82,10791,153,2399
120,4,64,94263,82,04053,153,413
120,4,64,94263,82,04053,153,413
120,4,64,94263,82,04053,153,413
120,4,64,94263,82,04053,153,413
120,4,64,94263,82,04053,153,413
120,4,64,91504,81,96924,153,5964
120,4,64,91504,81,96924,153,5964
120,4,64,91504,81,96924,153,5964
120,4,64,91504,81,96924,153,5964
120,4,64,85938,81,82568,153,9657
120,4,64,85938,81,82568,153,9657
120,4,64,85938,81,82568,153,9657
120,4,64,85938,81,82568,153,9657
120,4,64,82031,81,72314,154,2256
120,4,64,82031,81,72314,154,2256
120,4,64,82031,81,72314,154,2256
120,4,64,77661,81,5791,154,5154
120,4,64,77661,81,5791,154,5154
120,4,64,77661,81,5791,154,5154
120,4,64,73877,81,45459,154,766
120,4,64,73877,81,45459,154,766
120,4,64,73877,81,45459,154,766
120,4,64,70386,81,33984,154,9974
120,4,64,70386,81,33984,154,9974
120,4,64,67651,81,24951,155,1799
120,4,64,67651,81,24951,155,1799
120,4,64,67651,81,24951,155,1799
120,4,64,65259,81,1709,155,3384
120,4,64,65259,81,1709,155,3384
120,4,64,62793,81,08936,155,5031
120,4,64,62793,81,08936,155,5031
120,4,64,62793,81,08936,155,5031
120,4,64,62793,81,08936,155,5031
120,4,64,62793,81,08936,155,5031
120,4,64,62793,81,08936,155,5031
120,4,64,62793,81,08936,155,5031
120,4,64,62793,81,08936,155,5031
120,4,64,62793,81,08936,155,5031
120,4,64,62793,81,08936,155,5031
120,4,64,62793,81,08936,155,5031
120,4,64,62793,81,08936,155,5031
120,4,64,62793,81,08936,155,5031
120,4,64,62793,81,08936,155,5031
120,4,64,62793,81,08936,155,5031
120,4,64,62793,81,08936,155,5031
120,4,64,62793,81,08936,155,5031
120,4,64,62793,81,08936,155,5031
120,4,64,62793,81,08936,155,5031
120,4,64,62793,81,08936,155,5031
120,4,64,62793,81,08936,155,5031
120,4,64,62793,81,08936,155,5031
120,4,64,62793,81,08936,155,5031
120,4,64,62793,81,08936,155,5031
120,4,64,62793,81,08936,155,5031
120,4,64,62793,81,08936,155,5031
120,4,64,62793,81,08936,155,5031
120,4,64,62793,81,08936,155,5031
120,4,64,62793,81,08936,155,5031
120,4,64,62793,81,08936,155,5031
120,4,64,62793,81,08936,155,5031
120,4,64,62793,81,08936,155,5031
120,4,64,62793,81,08936,155,5031
120,4,64,62793,81,08936,155,5031
120,4,64,62793,81,08936,155,5031
120,4,64,62793,81,08936,155,5031
120,4,64,62793,81,08936,155,5031
120,4,64,62793,81,08936,155,5031
120,4,64,62793,81,08936,155,5031
120,4,64,62793,81,08936,155,5031
120,4,64,62793,81,08936,155,5031
120,4,64,62793,81,08936,155,5031
120,4,64,62793,81,08936,155,5031
120,4,64,62793,81,08936,155,5031
120,5,64,62793,81,08936,155,5031
120,5,64,62793,81,08936,155,5031
120,5,64,62793,81,08936,155,5031
120,5,64,62793,81,08936,155,5031
120,5,64,59814,80,99121,155,7009
120,5,64,59814,80,99121,155,7009
120,5,64,56934,80,896,155,8928
120,5,64,56934,80,896,155,8928
120,5,64,54272,80,81445,156,051
120,5,64,54272,80,81445,156,051
120,5,64,51392,80,73438,156,1991
120,5,64,51392,80,73438,156,1991
120,5,64,51392,80,73438,156,1991
120,5,64,48242,80,64648,156,3615
120,5,64,48242,80,64648,156,3615
120,5,64,48242,80,64648,156,3615
120,5,64,45215,80,56201,156,5178
120,5,64,45215,80,56201,156,5178
120,5,64,4126,80,45117,156,7219
120,5,64,4126,80,45117,156,7219
120,5,64,38379,80,37061,156,8705
120,5,64,38379,80,37061,156,8705
120,5,64,35327,80,28516,157,0281
120,5,64,35327,80,28516,157,0281
120,5,64,32373,80,20215,157,1813
120,5,64,32373,80,20215,157,1813
120,5,64,32373,80,20215,157,1813
120,5,64,2937,80,11816,157,3363
120,5,64,2937,80,11816,157,3363
120,5,64,26465,80,03711,157,4861
120,5,64,26465,80,03711,157,4861
120,5,64,23682,79,95947,157,6521
120,5,64,23682,79,95947,157,6521
120,5,64,23682,79,95947,157,6521
120,5,64,22803,79,93506,157,8464
120,5,64,22803,79,93506,157,8464
120,5,64,22803,79,93506,157,8464
120,5,64,21948,79,91162,158,0316
120,5,64,21948,79,91162,158,0316
120,5,64,20923,79,8833,158,2565
120,5,64,20923,79,8833,158,2565
120,5,64,20093,79,86035,158,4384
120,5,64,20093,79,86035,158,4384
120,5,64,19263,79,83789,158,6187
120,5,64,19263,79,83789,158,6187
120,5,64,19263,79,83789,158,6187
120,5,64,19263,79,83789,158,6187
120,5,64,18433,79,81494,158,8022
120,5,64,18433,79,81494,158,8022
120,5,64,17188,79,78076,159,0764
120,5,64,17188,79,78076,159,0764
120,5,64,17188,79,78076,159,0764
120,5,64,1626,79,75537,159,28
120,5,64,1626,79,75537,159,28
120,5,64,1626,79,75537,159,28
120,5,64,1626,79,75537,159,28
120,5,64,1626,79,75537,159,28
120,5,64,1626,79,75537,159,28
120,5,64,1626,79,75537,159,28
120,5,64,1626,79,75537,159,28
120,5,64,1626,79,75537,159,28
120,5,64,1626,79,75537,159,28
120,5,64,1626,79,75537,159,28
120,5,64,1626,79,75537,159,28
120,5,64,1626,79,75537,159,28
120,5,64,1626,79,75537,159,28
120,5,64,1626,79,75537,159,28
120,5,64,1626,79,75537,159,28
120,5,64,15479,79,73389,159,4521
120,5,64,15479,79,73389,159,4521
120,5,64,15479,79,73389,159,4521
120,5,64,14502,79,70703,159,6652
120,5,64,14502,79,70703,159,6652
120,5,64,13672,79,68408,159,8479
120,5,64,13672,79,68408,159,8479
120,5,64,13672,79,68408,159,8479
120,5,64,12671,79,65674,160,0659
120,5,64,12671,79,65674,160,0659
120,5,64,11865,79,63428,160,2432
120,5,64,11865,79,63428,160,2432
120,5,64,10986,79,61035,160,4343
120,5,64,10986,79,61035,160,4343
120,5,64,10986,79,61035,160,4343
120,5,64,10156,79,5874,160,6171
120,5,64,10156,79,5874,160,6171
120,5,64,10156,79,5874,160,6171
120,5,64,09131,79,55957,160,8397
120,5,64,09131,79,55957,160,8397
120,5,64,08179,79,5332,161,0502
120,5,64,08179,79,5332,161,0502
120,5,64,07373,79,51074,161,2253
120,5,64,07373,79,51074,161,2253
120,5,64,07373,79,51074,161,2253
120,5,64,08057,79,49902,161,3984
120,5,64,08057,79,49902,161,3984
120,5,64,09937,79,49219,161,6101
120,5,64,09937,79,49219,161,6101
120,5,64,09937,79,49219,161,6101
120,5,64,11792,79,48535,161,8197
120,5,64,11792,79,48535,161,8197
120,5,64,11792,79,48535,161,8197
120,5,64,13599,79,47852,162,0247
120,5,64,13599,79,47852,162,0247
120,5,64,15576,79,47119,162,2479
120,5,64,15576,79,47119,162,2479
120,5,64,15576,79,47119,162,2479
120,5,64,17407,79,46436,162,4557
120,5,64,17407,79,46436,162,4557
120,5,64,18896,79,45898,162,6245
120,5,64,18896,79,45898,162,6245
120,5,64,18896,79,45898,162,6245
120,5,64,20459,79,45313,162,8004
120,5,64,20459,79,45313,162,8004
120,5,64,22461,79,44531,163,028
120,5,64,22461,79,44531,163,028
120,5,64,22461,79,44531,163,028
120,5,64,24097,79,43896,163,2144
120,5,64,24097,79,43896,163,2144
120,5,64,24097,79,43896,163,2144
120,5,64,24097,79,43896,163,2144
120,5,64,24097,79,43896,163,2144
120,5,64,24097,79,43896,163,2144
120,5,64,24097,79,43896,163,2144
120,5,64,24097,79,43896,163,2144
120,5,64,24097,79,43896,163,2144
120,5,64,24097,79,43896,163,2144
120,5,64,24097,79,43896,163,2144
120,5,64,24097,79,43896,163,2144
120,5,64,24097,79,43896,163,2144
120,6,64,24097,79,43896,163,2144
120,6,64,24097,79,43896,163,2144
120,6,64,25854,79,43262,163,4128
120,6,64,25854,79,43262,163,4128
120,6,64,27417,79,42676,163,5911
120,6,64,27417,79,42676,163,5911
120,6,64,27417,79,42676,163,5911
120,6,64,29126,79,42041,163,7863
120,6,64,29126,79,42041,163,7863
120,6,64,30713,79,41455,163,967
120,6,64,30713,79,41455,163,967
120,6,64,30713,79,41455,163,967
120,6,64,32739,79,40674,164,1957
120,6,64,32739,79,40674,164,1957
120,6,64,34448,79,40039,164,3882
120,6,64,34448,79,40039,164,3882
120,6,64,3606,79,39404,164,5702
120,6,64,3606,79,39404,164,5702
120,6,64,3606,79,39404,164,5702
120,6,64,37671,79,3877,164,7533
120,6,64,37671,79,3877,164,7533
120,6,64,37671,79,3877,164,7533
120,6,64,39746,79,37988,164,9877
120,6,64,39746,79,37988,164,9877
120,6,64,39746,79,37988,164,9877
120,6,64,41235,79,37256,165,2228
120,6,64,41235,79,37256,165,2228
120,6,64,41235,79,37256,165,2228
120,6,64,41602,79,36572,165,4465
120,6,64,41602,79,36572,165,4465
120,6,64,41919,79,35986,165,636
120,6,64,41919,79,35986,165,636
120,6,64,42212,79,35449,165,8187
120,6,64,42212,79,35449,165,8187
120,6,64,42505,79,34912,165,9932
120,6,64,42505,79,34912,165,9932
120,6,64,42798,79,34375,166,166
120,6,64,42798,79,34375,166,166
120,6,64,42798,79,34375,166,166
120,6,64,43091,79,33838,166,3456
120,6,64,43091,79,33838,166,3456
120,6,64,43384,79,33301,166,522
120,6,64,43384,79,33301,166,522
120,6,64,43384,79,33301,166,522
120,6,64,4375,79,32617,166,7462
120,6,64,4375,79,32617,166,7462
120,6,64,44092,79,31982,166,9546
120,6,64,44092,79,31982,166,9546
120,6,64,44092,79,31982,166,9546
120,6,64,44385,79,31445,167,13
120,6,64,44385,79,31445,167,13
120,6,64,44727,79,30811,167,3407
120,6,64,44727,79,30811,167,3407
120,6,64,44727,79,30811,167,3407
120,6,64,44727,79,30811,167,3407
120,6,64,44727,79,30811,167,3407
120,6,64,44727,79,30811,167,3407
120,6,64,44727,79,30811,167,3407
120,6,64,44727,79,30811,167,3407
120,6,64,44727,79,30811,167,3407
120,6,64,4502,79,30273,167,5205
120,6,64,4502,79,30273,167,5205
120,6,64,45313,79,29785,167,6948
120,6,64,45313,79,29785,167,6948
120,6,64,45313,79,29785,167,6948
120,6,64,4563,79,29248,167,8826
120,6,64,4563,79,29248,167,8826
120,6,64,45972,79,28662,168,09
120,6,64,45972,79,28662,168,09
120,6,64,46265,79,28125,168,2698
120,6,64,46265,79,28125,168,2698
120,6,64,46558,79,27637,168,4421
120,6,64,46558,79,27637,168,4421
120,6,64,46826,79,27148,168,611
120,6,64,46826,79,27148,168,611
120,6,64,47119,79,2666,168,781
120,6,64,47119,79,2666,168,781
120,6,64,47119,79,2666,168,781
120,6,64,47388,79,26172,168,9489
120,6,64,47388,79,26172,168,9489
120,6,64,47681,79,25635,169,1244
120,6,64,47681,79,25635,169,1244
120,6,64,47974,79,25098,169,3002
120,6,64,47974,79,25098,169,3002
120,6,64,49219,79,25439,169,4697
120,6,64,49219,79,25439,169,4697
120,6,64,50586,79,25879,169,639
120,6,64,50586,79,25879,169,639
120,6,64,5188,79,2627,169,7993
120,6,64,5188,79,2627,169,7993
120,6,64,53223,79,26709,169,9652
120,6,64,53223,79,26709,169,9652
120,6,64,5459,79,27148,170,1343
120,6,64,5459,79,27148,170,1343
120,6,64,55981,79,27588,170,3047
120,6,64,55981,79,27588,170,3047
120,6,64,55981,79,27588,170,3047
120,6,64,57324,79,28027,170,4712
120,6,64,57324,79,28027,170,4712
120,6,64,58667,79,28467,170,6377
120,6,64,58667,79,28467,170,6377
120,6,64,60107,79,28906,170,8148
120,6,64,60107,79,28906,170,8148
120,6,64,61523,79,29346,170,9899
120,6,64,61523,79,29346,170,9899
120,6,64,62891,79,29785,171,1597
120,6,64,62891,79,29785,171,1597
120,6,64,62891,79,29785,171,1597
120,6,64,62891,79,29785,171,1597
120,6,64,62891,79,29785,171,1597
120,6,64,64282,79,30225,171,3325
120,6,64,64282,79,30225,171,3325
120,6,64,64282,79,30225,171,3325
120,6,64,64282,79,30225,171,3325
120,6,64,64282,79,30225,171,3325
120,6,64,64282,79,30225,171,3325
120,6,64,64282,79,30225,171,3325
120,6,64,64282,79,30225,171,3325
120,6,64,64282,79,30225,171,3325
120,6,64,64282,79,30225,171,3325
120,6,64,64282,79,30225,171,3325
120,6,64,64282,79,30225,171,3325
120,7,64,64282,79,30225,171,3325
120,7,64,64282,79,30225,171,3325
120,7,64,64282,79,30225,171,3325
120,7,64,64282,79,30225,171,3325
120,7,64,65625,79,30615,171,4976
120,7,64,65625,79,30615,171,4976
120,7,64,67578,79,31201,171,7371
120,7,64,67578,79,31201,171,7371
120,7,64,67578,79,31201,171,7371
120,7,64,69263,79,31738,171,9435
120,7,64,69263,79,31738,171,9435
120,7,64,69263,79,31738,171,9435
120,7,64,70972,79,32275,172,1537
120,7,64,70972,79,32275,172,1537
120,7,64,72583,79,32764,172,3507
120,7,64,72583,79,32764,172,3507
120,7,64,74048,79,33203,172,5327
120,7,64,74048,79,33203,172,5327
120,7,64,74048,79,33203,172,5327
120,7,64,75439,79,33643,172,7053
120,7,64,75439,79,33643,172,7053
120,7,64,77148,79,3418,172,916
120,7,64,77148,79,3418,172,916
120,7,64,78442,79,3457,173,0759
120,7,64,78442,79,3457,173,0759
120,7,64,79785,79,34961,173,241
120,7,64,79785,79,34961,173,241
120,7,64,8103,79,35352,173,3933
120,7,64,8103,79,35352,173,3933
120,7,64,82275,79,35742,173,5479
120,7,64,82275,79,35742,173,5479
120,7,64,83862,79,35938,173,7142
120,7,64,83862,79,35938,173,7142
120,7,64,85474,79,36084,173,8754
120,7,64,85474,79,36084,173,8754
120,7,64,87085,79,3623,174,0354
120,7,64,87085,79,3623,174,0354
120,7,64,88696,79,36377,174,196
120,7,64,88696,79,36377,174,196
120,7,64,90308,79,36523,174,3574
120,7,64,90308,79,36523,174,3574
120,7,64,91846,79,3667,174,5105
120,7,64,91846,79,3667,174,5105
120,7,64,93555,79,36816,174,6821
120,7,64,93555,79,36816,174,6821
120,7,64,95117,79,36963,174,8374
120,7,64,96631,79,37109,174,9897
120,7,64,96631,79,37109,174,9897
120,7,64,98047,79,37207,175,1305
120,7,64,98047,79,37207,175,1305
120,7,64,99634,79,37354,175,2886
120,7,64,99634,79,37354,175,2886
120,7,65,01196,79,375,175,4447
120,7,65,01196,79,375,175,4447
120,7,65,01196,79,375,175,4447
120,7,65,01196,79,375,175,4447
120,7,65,01196,79,375,175,4447
120,7,65,01196,79,375,175,4447
120,7,65,01196,79,375,175,4447
120,7,65,01196,79,375,175,4447
120,7,65,01196,79,375,175,4447
120,7,65,01196,79,375,175,4447
120,7,65,01196,79,375,175,4447
120,7,65,02881,79,37646,175,6128
120,7,65,02881,79,37646,175,6128
120,7,65,04614,79,37793,175,7861
120,7,65,04614,79,37793,175,7861
120,7,65,06616,79,37939,175,9861
120,7,65,06616,79,37939,175,9861
120,7,65,08179,79,38037,176,1432
120,7,65,08179,79,38037,176,1432
120,7,65,0979,79,38184,176,304
120,7,65,0979,79,38184,176,304
120,7,65,0979,79,38184,176,304
120,7,65,11426,79,3833,176,4666
120,7,65,11426,79,3833,176,4666
120,7,65,13623,79,38477,176,6854
120,7,65,13623,79,38477,176,6854
120,7,65,15186,79,38574,176,8428
120,7,65,15186,79,38574,176,8428
120,7,65,15186,79,38574,176,8428
120,7,65,17212,79,38721,177,0459
120,7,65,17212,79,38721,177,0459
120,7,65,19092,79,38867,177,2323
120,7,65,19092,79,38867,177,2323
120,7,65,20654,79,39014,177,3896
120,7,65,20654,79,39014,177,3896
120,7,65,22192,79,3916,177,5437
120,7,65,22192,79,3916,177,5437
120,7,65,23853,79,39648,177,6995
120,7,65,25586,79,40674,177,8527
120,7,65,25586,79,40674,177,8527
120,7,65,27246,79,4165,177,9994
120,7,65,27246,79,4165,177,9994
120,7,65,28906,79,42627,178,1467
120,7,65,28906,79,42627,178,1467
120,7,65,30713,79,43701,178,3073
120,7,65,30713,79,43701,178,3073
120,7,65,32593,79,44824,178,4729
120,7,65,32593,79,44824,178,4729
120,7,65,34424,79,45898,178,6339
120,7,65,34424,79,45898,178,6339
120,7,65,36133,79,46924,178,7859
120,7,65,36133,79,46924,178,7859
120,7,65,37866,79,47949,178,9395
120,7,65,37866,79,47949,178,9395
120,7,65,39624,79,48975,179,0951
120,7,65,39624,79,48975,179,0951
120,7,65,41333,79,5,179,246
120,7,65,41333,79,5,179,246
120,7,65,43066,79,51025,179,4001
120,7,65,43066,79,51025,179,4001
120,7,65,44775,79,52051,179,5516
120,7,65,44775,79,52051,179,5516
120,7,65,44775,79,52051,179,5516
120,7,65,44775,79,52051,179,5516
120,7,65,44775,79,52051,179,5516
120,7,65,44775,79,52051,179,5516
120,7,65,44775,79,52051,179,5516
120,8,65,44775,79,52051,179,5516
120,8,65,44775,79,52051,179,5516
120,8,65,46338,79,52979,179,6903
120,8,65,46338,79,52979,179,6903
120,8,65,47925,79,53955,179,8313
120,8,65,47925,79,53955,179,8313
120,8,65,49561,79,54932,179,9755
120,8,65,49561,79,54932,179,9755
120,8,65,51196,79,55908,180,1193
120,8,65,51196,79,55908,180,1193
120,8,65,52856,79,56885,180,2662
120,8,65,52856,79,56885,180,2662
120,8,65,54614,79,5791,180,4209
120,8,65,54614,79,5791,180,4209
120,8,65,56445,79,58984,180,5826
120,8,65,56445,79,58984,180,5826
120,8,65,58179,79,6001,180,7346
120,8,65,58179,79,6001,180,7346
120,8,65,58179,79,6001,180,7346
120,8,65,6001,79,61084,180,8956
120,8,65,6001,79,61084,180,8956
120,8,65,6001,79,61084,180,8956
120,8,65,62476,79,62549,181,113
120,8,65,62476,79,62549,181,113
120,8,65,65356,79,64307,181,3677
120,8,65,65356,79,64307,181,3677
120,8,65,67285,79,65479,181,5387
120,8,65,67285,79,65479,181,5387
120,8,65,70825,79,66748,181,7317
120,8,65,70825,79,66748,181,7317
120,8,65,73926,79,67725,181,8826
120,8,65,73926,79,67725,181,8826
120,8,65,77148,79,6875,182,0398
120,8,65,77148,79,6875,182,0398
120,8,65,80127,79,69678,182,1851
120,8,65,80127,79,69678,182,1851
120,8,65,83252,79,70654,182,3378
120,8,65,83252,79,70654,182,3378
120,8,65,8623,79,71582,182,4832
120,8,65,8623,79,71582,182,4832
120,8,65,89087,79,72461,182,6218
120,8,65,92065,79,73389,182,7673
120,8,65,92065,79,73389,182,7673
120,8,65,9502,79,74316,182,9113
120,8,65,9502,79,74316,182,9113
120,8,65,97974,79,75244,183,0549
120,8,65,97974,79,75244,183,0549
120,8,66,0105,79,76221,183,2046
120,8,66,0105,79,76221,183,2046
120,8,66,04028,79,77148,183,3499
120,8,66,04028,79,77148,183,3499
120,8,66,07007,79,78076,183,495
120,8,66,07007,79,78076,183,495
120,8,66,07007,79,78076,183,495
120,8,66,07007,79,78076,183,495
120,8,66,07007,79,78076,183,495
120,8,66,07007,79,78076,183,495
120,8,66,07007,79,78076,183,495
120,8,66,07007,79,78076,183,495
120,8,66,07007,79,78076,183,495
120,8,66,07007,79,78076,183,495
120,8,66,07007,79,78076,183,495
120,8,66,07007,79,78076,183,495
120,8,66,07007,79,78076,183,495
120,8,66,07007,79,78076,183,495
120,8,66,07007,79,78076,183,495
120,8,66,07007,79,78076,183,495
120,8,66,07007,79,78076,183,495
120,8,66,07007,79,78076,183,495
120,8,66,07007,79,78076,183,495
120,8,66,09961,79,79004,183,6393
120,8,66,09961,79,79004,183,6393
120,8,66,12866,79,79932,183,781
120,8,66,12866,79,79932,183,781
120,8,66,16016,79,80957,183,9351
120,8,66,16016,79,80957,183,9351
120,8,66,19067,79,81934,184,0835
120,8,66,22168,79,8291,184,2346
120,8,66,22168,79,8291,184,2346
120,8,66,25244,79,83887,184,3846
120,8,66,25244,79,83887,184,3846
120,8,66,2832,79,84863,184,5344
120,8,66,2832,79,84863,184,5344
120,8,66,3125,79,85791,184,6768
120,8,66,3125,79,85791,184,6768
120,8,66,34351,79,86768,184,8278
120,8,66,34351,79,86768,184,8278
120,8,66,37231,79,87695,184,9689
120,8,66,37231,79,87695,184,9689
120,8,66,40015,79,88574,185,1049
120,8,66,40015,79,88574,185,1049
120,8,66,43066,79,89551,185,2531
120,8,66,46167,79,90527,185,4043
120,8,66,46167,79,90527,185,4043
120,8,66,49683,79,9082,185,5557
120,8,66,49683,79,9082,185,5557
120,8,66,5376,79,89844,185,6959
120,8,66,5376,79,89844,185,6959
120,8,66,58008,79,88818,185,8425
120,8,66,58008,79,88818,185,8425
120,8,66,62476,79,87744,185,9962
120,8,66,62476,79,87744,185,9962
120,8,66,66797,79,8667,186,1455
120,8,66,66797,79,8667,186,1455
120,8,66,71143,79,85596,186,2952
120,8,66,71143,79,85596,186,2952
120,8,66,75488,79,84521,186,4449
120,8,66,75488,79,84521,186,4449
120,8,66,79883,79,83447,186,5964
120,8,66,79883,79,83447,186,5964
120,8,66,84253,79,82373,186,7473
120,8,66,84253,79,82373,186,7473
120,8,66,88452,79,81348,186,8925
120,8,66,88452,79,81348,186,8925
120,8,66,9292,79,80273,187,0463
120,8,66,9292,79,80273,187,0463
120,8,66,97388,79,79199,187,2006
120,8,66,97388,79,79199,187,2006
120,8,67,01929,79,78076,187,3568
120,8,67,01929,79,78076,187,3568
120,8,67,06104,79,77051,187,5004
120,8,67,06104,79,77051,187,5004
120,8,67,06104,79,77051,187,5004
120,8,67,06104,79,77051,187,5004
120,8,67,06104,79,77051,187,5004
120,8,67,06104,79,77051,187,5004
120,8,67,06104,79,77051,187,5004
120,8,67,06104,79,77051,187,5004
120,8,67,06104,79,77051,187,5004
120,8,67,06104,79,77051,187,5004
120,8,67,06104,79,77051,187,5004
120,8,67,06104,79,77051,187,5004
120,8,67,06104,79,77051,187,5004
120,8,67,06104,79,77051,187,5004
120,8,67,06104,79,77051,187,5004
120,8,67,06104,79,77051,187,5004
120,8,67,06104,79,77051,187,5004
120,8,67,06104,79,77051,187,5004
120,8,67,06104,79,77051,187,5004
120,8,67,06104,79,77051,187,5004
120,8,67,06104,79,77051,187,5004
120,8,67,06104,79,77051,187,5004
120,8,67,06104,79,77051,187,5004
120,8,67,06104,79,77051,187,5004
120,8,67,06104,79,77051,187,5004
120,8,67,06104,79,77051,187,5004
120,8,67,06104,79,77051,187,5004
120,8,67,06104,79,77051,187,5004
120,8,67,06104,79,77051,187,5004
120,8,67,06104,79,77051,187,5004
120,8,67,06104,79,77051,187,5004
120,8,67,06104,79,77051,187,5004
120,8,67,06104,79,77051,187,5004
120,8,67,06104,79,77051,187,5004
120,8,67,06104,79,77051,187,5004
120,8,67,06104,79,77051,187,5004
120,8,67,06104,79,77051,187,5004
120,8,67,06104,79,77051,187,5004
120,8,67,06104,79,77051,187,5004
120,8,67,06104,79,77051,187,5004
120,8,67,06104,79,77051,187,5004
120,8,67,06104,79,77051,187,5004
120,8,67,06104,79,77051,187,5004
120,8,67,06104,79,77051,187,5004
120,8,67,06104,79,77051,187,5004
120,8,67,06104,79,77051,187,5004
120,8,67,06104,79,77051,187,5004
120,8,67,06104,79,77051,187,5004
120,8,67,06104,79,77051,187,5004
120,8,67,06104,79,77051,187,5004
120,8,67,06104,79,77051,187,5004
120,8,67,06104,79,77051,187,5004
120,8,67,06104,79,77051,187,5004
120,8,67,06104,79,77051,187,5004
120,8,67,06104,79,77051,187,5004
120,8,67,06104,79,77051,187,5004
120,8,67,06104,79,77051,187,5004
120,8,67,06104,79,77051,187,5004
120,8,67,06104,79,77051,187,5004
120,8,67,06104,79,77051,187,5004
120,8,67,06104,79,77051,187,5004
120,8,67,06104,79,77051,187,5004
120,8,67,06104,79,77051,187,5004
120,8,67,06104,79,77051,187,5004
120,8,67,06104,79,77051,187,5004
120,8,67,06104,79,77051,187,5004
120,8,67,06104,79,77051,187,5004
120,8,67,06104,79,77051,187,5004
120,8,67,06104,79,77051,187,5004
120,8,67,06104,79,77051,187,5004
120,8,67,06104,79,77051,187,5004
120,8,67,06104,79,77051,187,5004
120,8,67,06104,79,77051,187,5004
120,8,67,06104,79,77051,187,5004
120,8,67,06104,79,77051,187,5004
120,8,67,06104,79,77051,187,5004
120,8,67,06104,79,77051,187,5004
120,8,67,06104,79,77051,187,5004
120,8,67,06104,79,77051,187,5004
120,8,67,06104,79,77051,187,5004
120,8,67,06104,79,77051,187,5004
120,8,67,06104,79,77051,187,5004
120,8,67,06104,79,77051,187,5004
120,8,67,06104,79,77051,187,5004
120,8,67,06104,79,77051,187,5004
120,8,67,06104,79,77051,187,5004
120,8,67,06104,79,77051,187,5004
120,8,67,06104,79,77051,187,5004
120,8,67,06104,79,77051,187,5004
120,8,67,06104,79,77051,187,5004
120,8,67,06104,79,77051,187,5004
120,8,67,06104,79,77051,187,5004
120,8,67,06104,79,77051,187,5004
120,8,67,06104,79,77051,187,5004
120,8,67,06104,79,77051,187,5004
120,8,67,06104,79,77051,187,5004
120,8,67,06104,79,77051,187,5004
120,8,67,06104,79,77051,187,5004
120,8,67,06104,79,77051,187,5004
120,8,67,06104,79,77051,187,5004
120,8,67,06104,79,77051,187,5004
120,8,67,06104,79,77051,187,5004
120,8,67,06104,79,77051,187,5004
120,8,67,06104,79,77051,187,5004
120,8,67,06104,79,77051,187,5004
120,8,67,06104,79,77051,187,5004
120,8,67,06104,79,77051,187,5004
120,8,67,06104,79,77051,187,5004
120,8,67,06104,79,77051,187,5004
120,8,67,06104,79,77051,187,5004
120,8,67,06104,79,77051,187,5004
120,8,67,06104,79,77051,187,5004
120,8,67,06104,79,77051,187,5004
120,8,67,06104,79,77051,187,5004
120,8,67,06104,79,77051,187,5004
120,8,67,06104,79,77051,187,5004
120,8,67,06104,79,77051,187,5004
120,8,67,06104,79,77051,187,5004
120,8,67,06104,79,77051,187,5004
120,8,67,06104,79,77051,187,5004
120,8,67,06104,79,77051,187,5004
120,8,67,06104,79,77051,187,5004
120,8,67,06104,79,77051,187,5004
120,8,67,06104,79,77051,187,5004
120,8,67,06104,79,77051,187,5004
120,8,67,06104,79,77051,187,5004
120,8,67,06104,79,77051,187,5004
120,8,67,06104,79,77051,187,5004
120,8,67,06104,79,77051,187,5004
120,8,67,06104,79,77051,187,5004
120,8,67,06104,79,77051,187,5004
120,8,67,06104,79,77051,187,5004
120,8,67,06104,79,77051,187,5004
120,8,67,06104,79,77051,187,5004
120,8,67,06104,79,77051,187,5004
120,8,67,06104,79,77051,187,5004
120,8,67,06104,79,77051,187,5004
120,8,67,06104,79,77051,187,5004
120,8,67,06104,79,77051,187,5004
120,8,67,06104,79,77051,187,5004
120,8,67,06104,79,77051,187,5004
120,8,67,06104,79,77051,187,5004
120,8,67,06104,79,77051,187,5004
120,8,67,06104,79,77051,187,5004
120,8,67,06104,79,77051,187,5004
120,8,67,06104,79,77051,187,5004
120,8,67,06104,79,77051,187,5004
120,8,67,06104,79,77051,187,5004
120,8,67,06104,79,77051,187,5004
120,8,67,06104,79,77051,187,5004
120,8,67,06104,79,77051,187,5004
120,8,67,06104,79,77051,187,5004
120,8,67,06104,79,77051,187,5004
120,8,67,06104,79,77051,187,5004
120,8,67,06104,79,77051,187,5004
120,8,67,06104,79,77051,187,5004
120,8,67,06104,79,77051,187,5004
120,8,67,06104,79,77051,187,5004
120,8,67,06104,79,77051,187,5004
120,8,67,06104,79,77051,187,5004
120,8,67,06104,79,77051,187,5004
120,8,67,06104,79,77051,187,5004
120,8,67,06104,79,77051,187,5004
120,8,67,06104,79,77051,187,5004
120,8,67,06104,79,77051,187,5004
120,8,67,06104,79,77051,187,5004
120,8,67,06104,79,77051,187,5004
120,8,67,06104,79,77051,187,5004
120,8,67,06104,79,77051,187,5004
120,8,67,06104,79,77051,187,5004
120,8,67,06104,79,77051,187,5004
120,8,67,06104,79,77051,187,5004
120,8,67,06104,79,77051,187,5004
120,8,67,06104,79,77051,187,5004
120,8,67,06104,79,77051,187,5004
120,8,67,06104,79,77051,187,5004
120,8,67,06104,79,77051,187,5004
120,8,67,06104,79,77051,187,5004
120,8,67,06104,79,77051,187,5004
120,8,67,06104,79,77051,187,5004
120,8,67,06104,79,77051,187,5004
120,8,67,06104,79,77051,187,5004
120,8,67,06104,79,77051,187,5004
120,8,67,06104,79,77051,187,5004
120,8,67,06104,79,77051,187,5004
120,8,67,06104,79,77051,187,5004
120,8,67,06104,79,77051,187,5004
120,8,67,06104,79,77051,187,5004
120,8,67,06104,79,77051,187,5004
120,8,67,06104,79,77051,187,5004
120,8,67,06104,79,77051,187,5004
120,8,67,06104,79,77051,187,5004
120,8,67,06104,79,77051,187,5004
120,8,67,06104,79,77051,187,5004
120,8,67,06104,79,77051,187,5004
120,8,67,06104,79,77051,187,5004
120,8,67,06104,79,77051,187,5004
120,8,67,06104,79,77051,187,5004
120,8,67,06104,79,77051,187,5004
120,8,67,06104,79,77051,187,5004
120,8,67,06104,79,77051,187,5004
120,8,67,06104,79,77051,187,5004
120,8,67,06104,79,77051,187,5004
120,8,67,06104,79,77051,187,5004
120,9,67,08032,79,76611,187,5664
120,9,67,09448,79,7627,187,6152
120,9,67,11255,79,7583,187,6772
120,9,67,12891,79,75439,187,7339
120,9,67,16357,79,74609,187,8536
120,9,67,18164,79,7417,187,9156
120,9,67,19824,79,73779,187,9727
120,9,67,23193,79,72949,188,0895
120,9,67,24756,79,72559,188,1437
120,9,67,26392,79,72168,188,1997
120,9,67,28784,79,71582,188,282
120,9,67,30566,79,71289,188,3379
120,9,67,36426,79,72363,188,4584
120,9,67,38892,79,72803,188,5092
120,9,67,4292,79,73535,188,5922
120,9,67,45996,79,74121,188,6555
120,9,67,48511,79,74609,188,7075
120,9,67,53589,79,75537,188,8121
120,9,67,56055,79,75977,188,8628
120,9,67,60962,79,76855,188,9637
120,9,67,63306,79,77295,189,0118
120,9,67,68188,79,78223,189,1124
120,9,67,70728,79,78711,189,1649
120,9,67,73389,79,79199,189,2198
120,9,67,76196,79,79736,189,2777
120,9,67,81445,79,80713,189,3862
120,9,67,84009,79,81201,189,4387
120,9,67,87061,79,81738,189,5017
120,9,67,92212,79,82666,189,6079
120,9,67,94873,79,83154,189,6626
120,9,67,97656,79,83643,189,7198
120,9,68,02734,79,8457,189,8246
120,9,68,05322,79,85059,189,8779
120,9,68,08057,79,85547,189,9343
120,9,68,1084,79,86035,189,9917
120,9,68,14502,79,86719,190,067
120,9,68,19873,79,87744,190,1774
120,9,68,22656,79,88232,190,2346
120,9,68,25195,79,88721,190,287
120,9,68,30469,79,89697,190,3958
120,9,68,33154,79,90186,190,451
120,9,68,35718,79,90674,190,504
120,9,68,38306,79,91162,190,5575
120,9,68,4458,79,92285,190,687
120,9,68,47241,79,92773,190,7416
120,9,68,49878,79,93262,190,7959
120,9,68,52588,79,9375,190,8516
120,9,68,58667,79,94727,190,9596
120,9,68,62646,79,95264,191,0056
120,9,68,66455,79,95801,191,0496
120,9,68,74341,79,96875,191,1409
120,9,68,74341,79,96875,191,1409
120,9,68,74341,79,96875,191,1409
120,9,68,74341,79,96875,191,1409
120,9,68,74341,79,96875,191,1409
120,9,68,74341,79,96875,191,1409
120,9,68,74341,79,96875,191,1409
120,9,68,74341,79,96875,191,1409
120,9,68,78198,79,97412,191,1855
120,9,68,86035,79,98486,191,276
120,9,68,89697,79,98975,191,3185
120,9,68,93213,79,99463,191,3591
120,9,69,01245,80,00537,191,452
120,9,69,052,80,01074,191,4978
120,9,69,09058,80,01611,191,5425
120,9,69,17163,80,02734,191,6365
120,9,69,21216,80,03271,191,6835
120,9,69,25317,80,03809,191,731
120,9,69,29053,80,04297,191,774
120,9,69,33838,80,04932,191,8295
120,9,69,3894,80,05615,191,8885
120,9,69,42944,80,06152,191,9348
120,9,69,42944,80,06152,191,9348
120,9,69,47998,80,06836,191,9933
120,9,69,47998,80,06836,191,9933
120,9,69,60864,80,08594,192,1422
120,9,69,60864,80,08594,192,1422
120,9,69,70996,80,1001,192,2595
120,9,69,70996,80,1001,192,2595
120,9,69,81128,80,11426,192,377
120,9,69,81128,80,11426,192,377
120,9,69,91528,80,12842,192,4976
120,9,69,91528,80,12842,192,4976
120,9,70,01538,80,14209,192,6135
120,9,70,10596,80,1543,192,7183
120,9,70,10596,80,1543,192,7183
120,9,70,19849,80,16699,192,8256
120,9,70,19849,80,16699,192,8256
120,9,70,19849,80,16699,192,8256
120,9,70,29688,80,18066,192,9396
120,9,70,42041,80,19775,193,0825
120,9,70,42041,80,19775,193,0825
120,9,70,51489,80,21143,193,1893
120,9,70,51489,80,21143,193,1893
120,9,70,62549,80,23242,193,2876
120,9,70,62549,80,23242,193,2876
120,9,70,62549,80,23242,193,2876
120,9,70,74927,80,25586,193,3977
120,9,70,74927,80,25586,193,3977
120,9,70,88696,80,28223,193,5201
120,9,70,88696,80,28223,193,5201
120,9,71,00513,80,30469,193,6252
120,9,71,00513,80,30469,193,6252
120,9,71,12109,80,32666,193,7283
120,9,71,12109,80,32666,193,7283
120,9,71,24707,80,35059,193,8403
120,9,71,24707,80,35059,193,8403
120,9,71,24707,80,35059,193,8403
120,9,71,3811,80,37646,193,9596
120,9,71,3811,80,37646,193,9596
120,9,71,3811,80,37646,193,9596
120,9,71,3811,80,37646,193,9596
120,9,71,3811,80,37646,193,9596
120,9,71,3811,80,37646,193,9596
120,9,71,3811,80,37646,193,9596
120,9,71,3811,80,37646,193,9596
120,9,71,3811,80,37646,193,9596
120,9,71,3811,80,37646,193,9596
120,9,71,3811,80,37646,193,9596
120,10,71,3811,80,37646,193,9596
120,10,71,3811,80,37646,193,9596
120,10,71,3811,80,37646,193,9596
120,10,71,49805,80,39893,194,0636
120,10,71,49805,80,39893,194,0636
120,10,71,49805,80,39893,194,0636
120,10,71,61938,80,42236,194,1714
120,10,71,61938,80,42236,194,1714
120,10,71,75684,80,44873,194,2936
120,10,71,75684,80,44873,194,2936
120,10,71,87622,80,47168,194,3998
120,10,71,87622,80,47168,194,3998
120,10,72,00342,80,49609,194,5128
120,10,72,00342,80,49609,194,5128
120,10,72,14771,80,52344,194,641
120,10,72,14771,80,52344,194,641
120,10,72,14771,80,52344,194,641
120,10,72,2793,80,54834,194,7505
120,10,72,2793,80,54834,194,7505
120,10,72,41895,80,57471,194,8447
120,10,72,41895,80,57471,194,8447
120,10,72,56787,80,60303,194,9452
120,10,72,56787,80,60303,194,9452
120,10,72,7168,80,63135,195,0457
120,10,72,7168,80,63135,195,0457
120,10,72,85571,80,65771,195,1393
120,10,72,85571,80,65771,195,1393
120,10,72,85571,80,65771,195,1393
120,10,72,9978,80,68457,195,2351
120,10,72,9978,80,68457,195,2351
120,10,73,14233,80,71191,195,3325
120,10,73,14233,80,71191,195,3325
120,10,73,14233,80,71191,195,3325
120,10,73,3335,80,74805,195,4615
120,10,73,3335,80,74805,195,4615
120,10,73,3335,80,74805,195,4615
120,10,73,49463,80,77832,195,5702
120,10,73,49463,80,77832,195,5702
120,10,73,67285,80,81201,195,6904
120,10,73,67285,80,81201,195,6904
120,10,73,81641,80,83887,195,7874
120,10,73,81641,80,83887,195,7874
120,10,73,95703,80,86523,195,8822
120,10,73,95703,80,86523,195,8822
120,10,74,09692,80,8916,195,9766
120,10,74,09692,80,8916,195,9766
120,10,74,09692,80,8916,195,9766
120,10,74,23682,80,91797,196,071
120,10,74,23682,80,91797,196,071
120,10,74,4021,80,94482,196,1696
120,10,74,4021,80,94482,196,1696
120,10,74,55811,80,96484,196,2474
120,10,74,55811,80,96484,196,2474
120,10,74,70801,80,98438,196,3224
120,10,74,70801,80,98438,196,3224
120,10,74,70801,80,98438,196,3224
120,10,74,70801,80,98438,196,3224
120,10,74,70801,80,98438,196,3224
120,10,74,70801,80,98438,196,3224
120,10,74,70801,80,98438,196,3224
120,10,74,70801,80,98438,196,3224
120,10,74,70801,80,98438,196,3224
120,10,74,70801,80,98438,196,3224
120,10,74,70801,80,98438,196,3224
120,10,74,70801,80,98438,196,3224
120,10,74,70801,80,98438,196,3224
120,10,74,70801,80,98438,196,3224
120,10,74,70801,80,98438,196,3224
120,10,74,70801,80,98438,196,3224
120,10,74,70801,80,98438,196,3224
120,10,74,70801,80,98438,196,3224
120,10,74,88354,81,00684,196,41
120,10,74,88354,81,00684,196,41
120,10,75,03638,81,02637,196,4865
120,10,75,03638,81,02637,196,4865
120,10,75,19312,81,04639,196,5647
120,10,75,19312,81,04639,196,5647
120,10,75,19312,81,04639,196,5647
120,10,75,33936,81,06543,196,6377
120,10,75,33936,81,06543,196,6377
120,10,75,50439,81,08691,196,7202
120,10,75,50439,81,08691,196,7202
120,10,75,68701,81,11035,196,8115
120,10,75,68701,81,11035,196,8115
120,10,75,68701,81,11035,196,8115
120,10,75,84497,81,13086,196,8905
120,10,75,84497,81,13086,196,8905
120,10,76,01221,81,15234,196,9741
120,10,76,01221,81,15234,196,9741
120,10,76,01221,81,15234,196,9741
120,10,76,19116,81,17529,197,0635
120,10,76,19116,81,17529,197,0635
120,10,76,39038,81,20068,197,1631
120,10,76,39038,81,20068,197,1631
120,10,76,5354,81,21924,197,2355
120,10,76,5354,81,21924,197,2355
120,10,76,5354,81,21924,197,2355
120,10,76,69165,81,23926,197,3135
120,10,76,69165,81,23926,197,3135
120,10,76,88159,81,26172,197,4075
120,10,76,88159,81,26172,197,4075
120,10,76,88159,81,26172,197,4075
120,10,77,05786,81,27197,197,4915
120,10,77,05786,81,27197,197,4915
120,10,77,24316,81,28271,197,5798
120,10,77,24316,81,28271,197,5798
120,10,77,24316,81,28271,197,5798
120,10,77,40845,81,29248,197,6587
120,10,77,40845,81,29248,197,6587
120,10,77,61401,81,30469,197,7566
120,10,77,61401,81,30469,197,7566
120,10,77,61401,81,30469,197,7566
120,10,77,77222,81,31396,197,8319
120,10,77,77222,81,31396,197,8319
120,10,77,77222,81,31396,197,8319
120,10,77,97485,81,32617,197,9285
120,10,77,97485,81,32617,197,9285
120,10,78,16772,81,3374,198,0204
120,10,78,16772,81,3374,198,0204
120,10,78,16772,81,3374,198,0204
120,10,78,34595,81,34814,198,1053
120,10,78,34595,81,34814,198,1053
120,10,78,34595,81,34814,198,1053
120,10,78,34595,81,34814,198,1053
120,10,78,34595,81,34814,198,1053
120,10,78,34595,81,34814,198,1053
120,10,78,34595,81,34814,198,1053
120,10,78,34595,81,34814,198,1053
120,10,78,34595,81,34814,198,1053
120,10,78,34595,81,34814,198,1053
120,10,78,34595,81,34814,198,1053
120,10,78,34595,81,34814,198,1053
120,10,78,34595,81,34814,198,1053
120,11,78,34595,81,34814,198,1053
120,11,78,34595,81,34814,198,1053
120,11,78,34595,81,34814,198,1053
120,11,78,50439,81,35742,198,1809
120,11,78,50439,81,35742,198,1809
120,11,78,50439,81,35742,198,1809
120,11,78,66528,81,36719,198,2576
120,11,78,66528,81,36719,198,2576
120,11,78,84351,81,37793,198,3425
120,11,78,84351,81,37793,198,3425
120,11,79,0083,81,3877,198,421
120,11,79,0083,81,3877,198,421
120,11,79,17383,81,39746,198,4999
120,11,79,17383,81,39746,198,4999
120,11,79,17383,81,39746,198,4999
120,11,79,34204,81,40723,198,5801
120,11,79,34204,81,40723,198,5801
120,11,79,49585,81,4165,198,6533
120,11,79,49585,81,4165,198,6533
120,11,79,65112,81,42529,198,7273
120,11,79,65112,81,42529,198,7273
120,11,79,81104,81,44189,198,7964
120,11,79,81104,81,44189,198,7964
120,11,79,97705,81,47656,198,8495
120,11,79,97705,81,47656,198,8495
120,11,79,97705,81,47656,198,8495
120,11,80,14063,81,51074,198,9019
120,11,80,14063,81,51074,198,9019
120,11,80,30591,81,54541,198,9547
120,11,80,30591,81,54541,198,9547
120,11,80,46802,81,5791,199,0065
120,11,80,46802,81,5791,199,0065
120,11,80,63281,81,61377,199,0592
120,11,80,63281,81,61377,199,0592
120,11,80,63281,81,61377,199,0592
120,11,80,8103,81,65088,199,116
120,11,80,8103,81,65088,199,116
120,11,80,97388,81,68506,199,1682
120,11,80,97388,81,68506,199,1682
120,11,80,97388,81,68506,199,1682
120,11,81,14819,81,72168,199,2239
120,11,81,14819,81,72168,199,2239
120,11,81,36694,81,76758,199,2938
120,11,81,36694,81,76758,199,2938
120,11,81,36694,81,76758,199,2938
120,11,81,53125,81,80176,199,3463
120,11,81,53125,81,80176,199,3463
120,11,81,73267,81,84375,199,4108
120,11,81,73267,81,84375,199,4108
120,11,81,90161,81,87891,199,4648
120,11,81,90161,81,87891,199,4648
120,11,82,07007,81,91406,199,5187
120,11,82,07007,81,91406,199,5187
120,11,82,07007,81,91406,199,5187
120,11,82,07007,81,91406,199,5187
120,11,82,07007,81,91406,199,5187
120,11,82,07007,81,91406,199,5187
120,11,82,07007,81,91406,199,5187
120,11,82,07007,81,91406,199,5187
120,11,82,07007,81,91406,199,5187
120,11,82,07007,81,91406,199,5187
120,11,82,07007,81,91406,199,5187
120,11,82,07007,81,91406,199,5187
120,11,82,07007,81,91406,199,5187
120,11,82,07007,81,91406,199,5187
120,11,82,07007,81,91406,199,5187
120,11,82,07007,81,91406,199,5187
120,11,82,22827,81,94727,199,5693
120,11,82,22827,81,94727,199,5693
120,11,82,39209,81,98145,199,6217
120,11,82,39209,81,98145,199,6217
120,11,82,56714,82,01807,199,6776
120,11,82,56714,82,01807,199,6776
120,11,82,56714,82,01807,199,6776
120,11,82,72339,82,05078,199,7277
120,11,82,72339,82,05078,199,7277
120,11,82,89917,82,08594,199,7852
120,11,82,89917,82,08594,199,7852
120,11,82,89917,82,08594,199,7852
120,11,83,10132,82,11719,199,8594
120,11,83,10132,82,11719,199,8594
120,11,83,29688,82,14746,199,9312
120,11,83,29688,82,14746,199,9312
120,11,83,29688,82,14746,199,9312
120,11,83,46021,82,17285,199,9912
120,11,83,46021,82,17285,199,9912
120,11,83,62524,82,19824,200,0518
120,11,83,62524,82,19824,200,0518
120,11,83,79785,82,2251,200,1151
120,11,83,79785,82,2251,200,1151
120,11,83,79785,82,2251,200,1151
120,11,83,95728,82,24951,200,1737
120,11,83,95728,82,24951,200,1737
120,11,84,15967,82,28076,200,248
120,11,84,15967,82,28076,200,248
120,11,84,15967,82,28076,200,248
120,11,84,3584,82,31152,200,321
120,11,84,3584,82,31152,200,321
120,11,84,5249,82,3374,200,3822
120,11,84,5249,82,3374,200,3822
120,11,84,68896,82,36279,200,4424
120,11,84,68896,82,36279,200,4424
120,11,84,85205,82,3877,200,5022
120,11,84,85205,82,3877,200,5022
120,11,84,85205,82,3877,200,5022
120,11,85,0188,82,41357,200,5635
120,11,85,0188,82,41357,200,5635
120,11,85,18774,82,43945,200,6255
120,11,85,18774,82,43945,200,6255
120,11,85,35449,82,46533,200,6868
120,11,85,35449,82,46533,200,6868
120,11,85,52173,82,49121,200,7482
120,11,85,52173,82,49121,200,7482
120,11,85,677,82,51514,200,8053
120,11,85,677,82,51514,200,8053
120,11,85,677,82,51514,200,8053
120,11,85,84399,82,54053,200,8666
120,11,85,84399,82,54053,200,8666
120,11,85,84399,82,54053,200,8666
120,11,85,84399,82,54053,200,8666
120,11,85,84399,82,54053,200,8666
120,11,85,84399,82,54053,200,8666
120,11,85,84399,82,54053,200,8666
120,11,85,84399,82,54053,200,8666
120,11,85,84399,82,54053,200,8666
120,11,85,84399,82,54053,200,8666
120,11,85,84399,82,54053,200,8666
120,11,85,84399,82,54053,200,8666
120,11,85,84399,82,54053,200,8666
120,12,85,84399,82,54053,200,8666
120,12,85,84399,82,54053,200,8666
120,12,86,00879,82,56592,200,9271
120,12,86,00879,82,56592,200,9271
120,12,86,00879,82,56592,200,9271
120,12,86,17432,82,58789,200,9812
120,12,86,17432,82,58789,200,9812
120,12,86,34717,82,60742,201,0308
120,12,86,34717,82,60742,201,0308
120,12,86,52368,82,62744,201,0814
120,12,86,52368,82,62744,201,0814
120,12,86,68237,82,64551,201,127
120,12,86,68237,82,64551,201,127
120,12,86,85254,82,66504,201,1758
120,12,86,85254,82,66504,201,1758
120,12,87,01343,82,68311,201,2219
120,12,87,01343,82,68311,201,2219
120,12,87,16309,82,7002,201,2649
120,12,87,16309,82,7002,201,2649
120,12,87,3208,82,71826,201,3102
120,12,87,3208,82,71826,201,3102
120,12,87,46997,82,73535,201,353
120,12,87,46997,82,73535,201,353
120,12,87,62964,82,75342,201,3988
120,12,87,62964,82,75342,201,3988
120,12,87,62964,82,75342,201,3988
120,12,87,78882,82,77148,201,4446
120,12,87,78882,82,77148,201,4446
120,12,87,94556,82,78906,201,4896
120,12,87,94556,82,78906,201,4896
120,12,88,10352,82,80713,201,5349
120,12,88,10352,82,80713,201,5349
120,12,88,30347,82,82959,201,5923
120,12,88,30347,82,82959,201,5923
120,12,88,30347,82,82959,201,5923
120,12,88,46118,82,84766,201,6376
120,12,88,46118,82,84766,201,6376
120,12,88,46118,82,84766,201,6376
120,12,88,68677,82,87305,201,7024
120,12,88,68677,82,87305,201,7024
120,12,88,89331,82,89648,201,7616
120,12,88,89331,82,89648,201,7616
120,12,89,06104,82,91553,201,8098
120,12,89,06104,82,91553,201,8098
120,12,89,22119,82,93359,201,8544
120,12,89,22119,82,93359,201,8544
120,12,89,22119,82,93359,201,8544
120,12,89,39307,82,95313,201,8903
120,12,89,39307,82,95313,201,8903
120,12,89,55981,82,97168,201,9252
120,12,89,55981,82,97168,201,9252
120,12,89,72729,82,99072,201,9602
120,12,89,72729,82,99072,201,9602
120,12,89,72729,82,99072,201,9602
120,12,89,72729,82,99072,201,9602
120,12,89,72729,82,99072,201,9602
120,12,89,72729,82,99072,201,9602
120,12,89,72729,82,99072,201,9602
120,12,89,72729,82,99072,201,9602
120,12,89,72729,82,99072,201,9602
120,12,89,72729,82,99072,201,9602
120,12,89,72729,82,99072,201,9602
120,12,89,72729,82,99072,201,9602
120,12,89,72729,82,99072,201,9602
120,12,89,72729,82,99072,201,9602
120,12,89,72729,82,99072,201,9602
120,12,89,72729,82,99072,201,9602
120,12,89,72729,82,99072,201,9602
120,12,89,89502,83,00977,201,9952
120,12,89,89502,83,00977,201,9952
120,12,89,89502,83,00977,201,9952
120,12,89,89502,83,00977,201,9952
120,12,89,89502,83,00977,201,9952
120,12,90,06567,83,02881,202,031
120,12,90,06567,83,02881,202,031
120,12,90,06567,83,02881,202,031
120,12,90,45483,83,07227,202,1123
120,12,90,45483,83,07227,202,1123
120,12,90,63306,83,09229,202,1495
120,12,90,63306,83,09229,202,1495
120,12,90,78735,83,10938,202,1818
120,12,90,78735,83,10938,202,1818
120,12,90,93701,83,12598,202,213
120,12,90,93701,83,12598,202,213
120,12,91,09546,83,14355,202,2461
120,12,91,09546,83,14355,202,2461
120,12,91,25366,83,16113,202,2792
120,12,91,25366,83,16113,202,2792
120,12,91,40942,83,17871,202,3118
120,12,91,40942,83,17871,202,3118
120,12,91,57056,83,19678,202,3455
120,12,91,57056,83,19678,202,3455
120,12,91,71973,83,21338,202,3766
120,12,91,71973,83,21338,202,3766
120,12,91,87451,83,23096,202,4089
120,12,91,87451,83,23096,202,4089
120,12,92,03198,83,24854,202,4419
120,12,92,03198,83,24854,202,4419
120,12,92,03198,83,24854,202,4419
120,12,92,23267,83,271,202,4839
120,12,92,23267,83,271,202,4839
120,12,92,40747,83,29102,202,5205
120,12,92,40747,83,29102,202,5205
120,12,92,56934,83,30957,202,5543
120,12,92,56934,83,30957,202,5543
120,12,92,72656,83,32715,202,5872
120,12,92,72656,83,32715,202,5872
120,12,92,88525,83,34277,202,6266
120,12,92,88525,83,34277,202,6266
120,12,93,04053,83,35449,202,6766
120,12,93,04053,83,35449,202,6766
120,12,93,1936,83,36621,202,726
120,12,93,1936,83,36621,202,726
120,12,93,35034,83,37793,202,7765
120,12,93,35034,83,37793,202,7765
120,12,93,50684,83,38965,202,8269
120,12,93,50684,83,38965,202,8269
120,12,93,66821,83,40186,202,8789
120,12,93,66821,83,40186,202,8789
120,12,93,66821,83,40186,202,8789
120,13,93,66821,83,40186,202,8789
120,13,93,66821,83,40186,202,8789
120,13,93,66821,83,40186,202,8789
120,13,93,66821,83,40186,202,8789
120,13,93,82764,83,41406,202,9302
120,13,93,82764,83,41406,202,9302
120,13,94,01465,83,42822,202,9905
120,13,94,01465,83,42822,202,9905
120,13,94,18994,83,44141,203,047
120,13,94,18994,83,44141,203,047
120,13,94,35864,83,4541,203,1013
120,13,94,35864,83,4541,203,1013
120,13,94,35864,83,4541,203,1013
120,13,94,52588,83,4668,203,1552
120,13,94,52588,83,4668,203,1552
120,13,94,69043,83,47949,203,2081
120,13,94,69043,83,47949,203,2081
120,13,94,85986,83,49268,203,2627
120,13,94,85986,83,49268,203,2627
120,13,95,03442,83,50586,203,3188
120,13,95,03442,83,50586,203,3188
120,13,95,03442,83,50586,203,3188
120,13,95,19849,83,51855,203,3716
120,13,95,19849,83,51855,203,3716
120,13,95,37524,83,53223,203,4286
120,13,95,37524,83,53223,203,4286
120,13,95,54858,83,54541,203,4844
120,13,95,54858,83,54541,203,4844
120,13,95,72778,83,55908,203,5421
120,13,95,72778,83,55908,203,5421
120,13,95,72778,83,55908,203,5421
120,13,95,89893,83,57227,203,5973
120,13,95,89893,83,57227,203,5973
120,13,96,07617,83,58594,203,6633
120,13,96,07617,83,58594,203,6633
120,13,96,07617,83,58594,203,6633
120,13,96,24048,83,59912,203,7397
120,13,96,24048,83,59912,203,7397
120,13,96,41919,83,61377,203,8229
120,13,96,41919,83,61377,203,8229
120,13,96,58667,83,62744,203,9008
120,13,96,58667,83,62744,203,9008
120,13,96,58667,83,62744,203,9008
120,13,96,7644,83,6416,203,9834
120,13,96,7644,83,6416,203,9834
120,13,96,93164,83,65527,204,061
120,13,96,93164,83,65527,204,061
120,13,96,93164,83,65527,204,061
120,13,97,11279,83,66992,204,1453
120,13,97,11279,83,66992,204,1453
120,13,97,28833,83,68408,204,2269
120,13,97,28833,83,68408,204,2269
120,13,97,28833,83,68408,204,2269
120,13,97,47461,83,69922,204,3136
120,13,97,47461,83,69922,204,3136
120,13,97,47461,83,69922,204,3136
120,13,97,47461,83,69922,204,3136
120,13,97,47461,83,69922,204,3136
120,13,97,47461,83,69922,204,3136
120,13,97,47461,83,69922,204,3136
120,13,97,47461,83,69922,204,3136
120,13,97,47461,83,69922,204,3136
120,13,97,47461,83,69922,204,3136
120,13,97,47461,83,69922,204,3136
120,13,97,47461,83,69922,204,3136
120,13,97,47461,83,69922,204,3136
120,13,97,47461,83,69922,204,3136
120,13,97,64966,83,71338,204,395
120,13,97,64966,83,71338,204,395
120,13,97,64966,83,71338,204,395
120,13,97,82642,83,72754,204,4772
120,13,97,82642,83,72754,204,4772
120,13,98,0166,83,74316,204,5656
120,13,98,0166,83,74316,204,5656
120,13,98,0166,83,74316,204,5656
120,13,98,19385,83,75781,204,6479
120,13,98,19385,83,75781,204,6479
120,13,98,36084,83,75977,204,7377
120,13,98,36084,83,75977,204,7377
120,13,98,36084,83,75977,204,7377
120,13,98,50977,83,71924,204,864
120,13,98,50977,83,71924,204,864
120,13,98,65186,83,68066,204,9846
120,13,98,65186,83,68066,204,9846
120,13,98,65186,83,68066,204,9846
120,13,98,80127,83,64014,205,1113
120,13,98,80127,83,64014,205,1113
120,13,98,94531,83,60107,205,2335
120,13,98,94531,83,60107,205,2335
120,13,98,94531,83,60107,205,2335
120,13,99,10962,83,55664,205,3729
120,13,99,10962,83,55664,205,3729
120,13,99,10962,83,55664,205,3729
120,13,99,26538,83,51465,205,5051
120,13,99,26538,83,51465,205,5051
120,13,99,43237,83,46973,205,6469
120,13,99,43237,83,46973,205,6469
120,13,99,43237,83,46973,205,6469
120,13,99,58936,83,42725,205,78
120,13,99,58936,83,42725,205,78
120,13,99,58936,83,42725,205,78
120,13,99,74268,83,38574,205,9102
120,13,99,74268,83,38574,205,9102
120,13,99,91064,83,34033,206,0525
120,13,99,91064,83,34033,206,0525
120,13,99,91064,83,34033,206,0525
120,13,100,0667,83,31689,206,197
120,13,100,0667,83,31689,206,197
120,13,100,0667,83,31689,206,197
120,13,100,2148,83,30127,206,3383
120,13,100,2148,83,30127,206,3383
120,13,100,2148,83,30127,206,3383
120,13,100,394,83,28223,206,5092
120,13,100,394,83,28223,206,5092
120,13,100,394,83,28223,206,5092
120,13,100,5593,83,26465,206,6667
120,13,100,5593,83,26465,206,6667
120,13,100,7051,83,24902,206,8057
120,13,100,7051,83,24902,206,8057
120,13,100,7051,83,24902,206,8057
120,13,100,7051,83,24902,206,8057
120,13,100,7051,83,24902,206,8057
120,13,100,7051,83,24902,206,8057
120,13,100,7051,83,24902,206,8057
120,13,100,7051,83,24902,206,8057
120,13,100,7051,83,24902,206,8057
120,13,100,7051,83,24902,206,8057
120,13,100,7051,83,24902,206,8057
120,13,100,7051,83,24902,206,8057
120,13,100,7051,83,24902,206,8057
120,13,100,7051,83,24902,206,8057
120,14,100,7051,83,24902,206,8057
120,14,100,7051,83,24902,206,8057
120,14,100,7051,83,24902,206,8057
120,14,100,7051,83,24902,206,8057
120,14,100,7051,83,24902,206,8057
120,14,100,7051,83,24902,206,8057
120,14,100,7051,83,24902,206,8057
120,14,100,8616,83,23242,206,9548
120,14,100,8616,83,23242,206,9548
120,14,101,1501,83,20166,207,2301
120,14,101,1501,83,20166,207,2301
120,14,101,1501,83,20166,207,2301
120,14,101,3191,83,18408,207,3911
120,14,101,3191,83,18408,207,3911
120,14,101,3191,83,18408,207,3911
120,14,101,4712,83,16797,207,5361
120,14,101,4712,83,16797,207,5361
120,14,101,4712,83,16797,207,5361
120,14,101,6343,83,15039,207,7114
120,14,101,6343,83,15039,207,7114
120,14,101,7759,83,13525,207,8724
120,14,101,7759,83,13525,207,8724
120,14,101,7759,83,13525,207,8724
120,14,101,9126,83,12061,208,028
120,14,101,9126,83,12061,208,028
120,14,101,9126,83,12061,208,028
120,14,102,0496,83,10596,208,1835
120,14,102,0496,83,10596,208,1835
120,14,102,0496,83,10596,208,1835
120,14,102,2207,83,08789,208,3781
120,14,102,2207,83,08789,208,3781
120,14,102,2207,83,08789,208,3781
120,14,102,3762,83,07129,208,5548
120,14,102,3762,83,07129,208,5548
120,14,102,5146,83,05664,208,712
120,14,102,5146,83,05664,208,712
120,14,102,5146,83,05664,208,712
120,14,102,6523,83,04199,208,8684
120,14,102,6523,83,04199,208,8684
120,14,102,7751,83,02881,209,0078
120,14,102,7751,83,02881,209,0078
120,14,102,7751,83,02881,209,0078
120,14,102,9001,83,01514,209,1499
120,14,102,9001,83,01514,209,1499
120,14,103,0317,83,00098,209,2994
120,14,103,0317,83,00098,209,2994
120,14,103,1582,82,9873,209,443
120,14,103,1582,82,9873,209,443
120,14,103,1582,82,9873,209,443
120,14,103,2781,82,97754,209,5916
120,14,103,2781,82,97754,209,5916
120,14,103,386,82,97119,209,7369
120,14,103,386,82,97119,209,7369
120,14,103,386,82,97119,209,7369
120,14,103,5071,82,96387,209,8999
120,14,103,5071,82,96387,209,8999
120,14,103,5071,82,96387,209,8999
120,14,103,5071,82,96387,209,8999
120,14,103,5071,82,96387,209,8999
120,14,103,5071,82,96387,209,8999
120,14,103,5071,82,96387,209,8999
120,14,103,6179,82,95752,210,049
120,14,103,6179,82,95752,210,049
120,14,103,7227,82,95117,210,1901
120,14,103,7227,82,95117,210,1901
120,14,103,835,82,94434,210,3412
120,14,103,835,82,94434,210,3412
120,14,103,9365,82,93848,210,478
120,14,103,9365,82,93848,210,478
120,14,103,9365,82,93848,210,478
120,14,104,0408,82,93213,210,6182
120,14,104,0408,82,93213,210,6182
120,14,104,1472,82,92578,210,7614
120,14,104,1472,82,92578,210,7614
120,14,104,2493,82,91992,210,8986
120,14,104,2493,82,91992,210,8986
120,14,104,3538,82,91357,211,0392
120,14,104,3538,82,91357,211,0392
120,14,104,457,82,90771,211,1782
120,14,104,457,82,90771,211,1782
120,14,104,5608,82,90137,211,3177
120,14,104,5608,82,90137,211,3177
120,14,104,6387,82,8999,211,4631
120,14,104,6387,82,8999,211,4631
120,14,104,6387,82,8999,211,4631
120,14,104,7112,82,89893,211,6119
120,14,104,7112,82,89893,211,6119
120,14,104,7871,82,89795,211,7677
120,14,104,7871,82,89795,211,7677
120,14,104,8665,82,89697,211,9307
120,14,104,8665,82,89697,211,9307
120,14,104,9531,82,896,212,1085
120,14,104,9531,82,896,212,1085
120,14,105,0269,82,89502,212,2601
120,14,105,0269,82,89502,212,2601
120,14,105,0269,82,89502,212,2601
120,14,105,0994,82,89404,212,4089
120,14,105,0994,82,89404,212,4089
120,14,105,1731,82,89307,212,5605
120,14,105,1731,82,89307,212,5605
120,14,105,2544,82,89209,212,7274
120,14,105,2544,82,89209,212,7274
120,14,105,3308,82,89111,212,8845
120,14,105,3308,82,89111,212,8845
120,14,105,4097,82,89063,213,0464
120,14,105,4097,82,89063,213,0464
120,14,105,4097,82,89063,213,0464
120,14,105,4871,82,88965,213,2058
120,14,105,4871,82,88965,213,2058
120,14,105,5439,82,89551,213,3708
120,14,105,5439,82,89551,213,3708
120,14,105,5439,82,89551,213,3708
120,14,105,5439,82,89551,213,3708
120,14,105,5439,82,89551,213,3708
120,14,105,5439,82,89551,213,3708
120,14,105,5439,82,89551,213,3708
120,14,105,5439,82,89551,213,3708
120,14,105,5439,82,89551,213,3708
120,14,105,5439,82,89551,213,3708
120,14,105,5439,82,89551,213,3708
120,14,105,5439,82,89551,213,3708
120,14,105,5439,82,89551,213,3708
120,14,105,5439,82,89551,213,3708
120,15,105,5439,82,89551,213,3708
120,15,105,5439,82,89551,213,3708
120,15,105,5439,82,89551,213,3708
120,15,105,5439,82,89551,213,3708
120,15,105,5991,82,90283,213,5459
120,15,105,5991,82,90283,213,5459
120,15,105,6538,82,91016,213,7198
120,15,105,6538,82,91016,213,7198
120,15,105,6538,82,91016,213,7198
120,15,105,71,82,91748,213,8978
120,15,105,71,82,91748,213,8978
120,15,105,7644,82,92432,214,0706
120,15,105,7644,82,92432,214,0706
120,15,105,7644,82,92432,214,0706
120,15,105,825,82,93213,214,2633
120,15,105,825,82,93213,214,2633
120,15,105,8865,82,93994,214,4589
120,15,105,8865,82,93994,214,4589
120,15,105,9438,82,94727,214,6409
120,15,105,9438,82,94727,214,6409
120,15,105,9438,82,94727,214,6409
120,15,105,9978,82,9541,214,812
120,15,105,9978,82,9541,214,812
120,15,106,053,82,96143,214,9868
120,15,106,053,82,96143,214,9868
120,15,106,1091,82,96875,215,1656
120,15,106,1091,82,96875,215,1656
120,15,106,1091,82,96875,215,1656
120,15,106,1685,82,97656,215,3539
120,15,106,1685,82,97656,215,3539
120,15,106,1685,82,97656,215,3539
120,15,106,2324,82,98486,215,5575
120,15,106,2324,82,98486,215,5575
120,15,106,272,82,99658,215,7574
120,15,106,272,82,99658,215,7574
120,15,106,272,82,99658,215,7574
120,15,106,3069,83,00684,215,9353
120,15,106,3069,83,00684,215,9353
120,15,106,3467,83,01855,216,1371
120,15,106,3467,83,01855,216,1371
120,15,106,3826,83,0293,216,3197
120,15,106,3826,83,0293,216,3197
120,15,106,3826,83,0293,216,3197
120,15,106,4182,83,04004,216,5007
120,15,106,4182,83,04004,216,5007
120,15,106,4551,83,05078,216,6877
120,15,106,4551,83,05078,216,6877
120,15,106,4905,83,06152,216,8672
120,15,106,4905,83,06152,216,8672
120,15,106,5251,83,07178,217,0435
120,15,106,5251,83,07178,217,0435
120,15,106,5605,83,08252,217,2225
120,15,106,5605,83,08252,217,2225
120,15,106,5605,83,08252,217,2225
120,15,106,593,83,09229,217,3879
120,15,106,593,83,09229,217,3879
120,15,106,593,83,09229,217,3879
120,15,106,593,83,09229,217,3879
120,15,106,593,83,09229,217,3879
120,15,106,593,83,09229,217,3879
120,15,106,593,83,09229,217,3879
120,15,106,593,83,09229,217,3879
120,15,106,593,83,09229,217,3879
120,15,106,593,83,09229,217,3879
120,15,106,593,83,09229,217,3879
120,15,106,593,83,09229,217,3879
120,15,106,593,83,09229,217,3879
120,15,106,6267,83,10205,217,5588
120,15,106,6267,83,10205,217,5588
120,15,106,6267,83,10205,217,5588
120,15,106,6616,83,1123,217,7352
120,15,106,6616,83,1123,217,7352
120,15,106,689,83,12549,217,9403
120,15,106,689,83,12549,217,9403
120,15,106,689,83,12549,217,9403
120,15,106,709,83,13818,218,1315
120,15,106,709,83,13818,218,1315
120,15,106,7278,83,1499,218,311
120,15,106,7278,83,1499,218,311
120,15,106,7463,83,16162,218,4883
120,15,106,7463,83,16162,218,4883
120,15,106,7649,83,17334,218,6665
120,15,106,7649,83,17334,218,6665
120,15,106,7822,83,18408,218,832
120,15,106,7822,83,18408,218,832
120,15,106,7996,83,19482,218,998
120,15,106,7996,83,19482,218,998
120,15,106,8159,83,20508,219,1553
120,15,106,8159,83,20508,219,1553
120,15,106,8323,83,21533,219,3131
120,15,106,8323,83,21533,219,3131
120,15,106,8489,83,22607,219,4724
120,15,106,8489,83,22607,219,4724
120,15,106,8655,83,23682,219,6322
120,15,106,8655,83,23682,219,6322
120,15,106,8821,83,24707,219,7905
120,15,106,8821,83,24707,219,7905
120,15,106,8979,83,25732,219,9434
120,15,106,8979,83,25732,219,9434
120,15,106,9158,83,26855,220,1143
120,15,106,9158,83,26855,220,1143
120,15,106,9319,83,27881,220,2688
120,15,106,9319,83,27881,220,2688
120,15,106,9492,83,28906,220,4227
120,15,106,9492,83,28906,220,4227
120,15,106,9697,83,29883,220,5764
120,15,106,9697,83,29883,220,5764
120,15,106,99,83,30859,220,7292
120,15,106,99,83,30859,220,7292
120,15,107,0115,83,31885,220,8898
120,15,107,0115,83,31885,220,8898
120,15,107,0337,83,32959,221,0571
120,15,107,0337,83,32959,221,0571
120,15,107,0552,83,33984,221,219
120,15,107,0552,83,33984,221,219
120,15,107,0762,83,3501,221,3763
120,15,107,0762,83,3501,221,3763
120,15,107,0762,83,3501,221,3763
120,15,107,0762,83,3501,221,3763
120,15,107,0762,83,3501,221,3763
120,15,107,0762,83,3501,221,3763
120,15,107,0762,83,3501,221,3763
120,15,107,0762,83,3501,221,3763
120,15,107,0762,83,3501,221,3763
120,15,107,0762,83,3501,221,3763
120,15,107,0762,83,3501,221,3763
120,15,107,0762,83,3501,221,3763
120,16,107,0762,83,3501,221,3763
120,16,107,0762,83,3501,221,3763
120,16,107,0979,83,36084,221,5389
120,16,107,0979,83,36084,221,5389
120,16,107,0979,83,36084,221,5389
120,16,107,1194,83,37109,221,6996
120,16,107,1431,83,38281,221,8776
120,16,107,1431,83,38281,221,8776
120,16,107,1636,83,39307,222,0326
120,16,107,1636,83,39307,222,0326
120,16,107,1636,83,39307,222,0326
120,16,107,1841,83,40283,222,186
120,16,107,1841,83,40283,222,186
120,16,107,2075,83,41406,222,3618
120,16,107,2075,83,41406,222,3618
120,16,107,2339,83,42725,222,5612
120,16,107,2339,83,42725,222,5612
120,16,107,2339,83,42725,222,5612
120,16,107,2559,83,43799,222,7266
120,16,107,2559,83,43799,222,7266
120,16,107,28,83,44971,222,9084
120,16,107,28,83,44971,222,9084
120,16,107,3008,83,45996,223,0649
120,16,107,3008,83,45996,223,0649
120,16,107,3225,83,47021,223,2277
120,16,107,3225,83,47021,223,2277
120,16,107,3489,83,48242,223,432
120,16,107,3489,83,48242,223,432
120,16,107,3696,83,49219,223,5928
120,16,107,3696,83,49219,223,5928
120,16,107,3906,83,50195,223,7549
120,16,107,3906,83,50195,223,7549
120,16,107,3906,83,50195,223,7549
120,16,107,4126,83,51221,223,9243
120,16,107,4126,83,51221,223,9243
120,16,107,4375,83,52344,224,1157
120,16,107,4375,83,52344,224,1157
120,16,107,457,83,53223,224,2664
120,16,107,4771,83,5415,224,4202
120,16,107,4771,83,5415,224,4202
120,16,107,4954,83,5498,224,5625
120,16,107,4954,83,5498,224,5625
120,16,107,4954,83,5498,224,5625
120,16,107,5149,83,55859,224,7126
120,16,107,5149,83,55859,224,7126
120,16,107,543,83,57178,224,9287
120,16,107,543,83,57178,224,9287
120,16,107,5625,83,58057,225,0795
120,16,107,5625,83,58057,225,0795
120,16,107,5823,83,58984,225,2333
120,16,107,5823,83,58984,225,2333
120,16,107,6011,83,59863,225,3781
120,16,107,6011,83,59863,225,3781
120,16,107,6011,83,59863,225,3781
120,16,107,6011,83,59863,225,3781
120,16,107,6011,83,59863,225,3781
120,16,107,6011,83,59863,225,3781
120,16,107,6011,83,59863,225,3781
120,16,107,6011,83,59863,225,3781
120,16,107,6011,83,59863,225,3781
120,16,107,6011,83,59863,225,3781
120,16,107,6011,83,59863,225,3781
120,16,107,6011,83,59863,225,3781
120,16,107,6011,83,59863,225,3781
120,16,107,6011,83,59863,225,3781
120,16,107,6011,83,59863,225,3781
120,16,107,6213,83,60791,225,5343
120,16,107,6213,83,60791,225,5343
120,16,107,6414,83,61719,225,6901
120,16,107,6414,83,61719,225,6901
120,16,107,657,83,62354,225,8412
120,16,107,657,83,62354,225,8412
120,16,107,6724,83,62939,226
120,16,107,6724,83,62939,226
120,16,107,6877,83,63525,226,1578
120,16,107,6877,83,63525,226,1578
120,16,107,7039,83,64111,226,3242
120,16,107,7039,83,64111,226,3242
120,16,107,7202,83,64697,226,4929
120,16,107,7202,83,64697,226,4929
120,16,107,7361,83,65283,226,6564
120,16,107,7361,83,65283,226,6564
120,16,107,7517,83,65869,226,8191
120,16,107,7517,83,65869,226,8191
120,16,107,7678,83,66455,226,9847
120,16,107,7678,83,66455,226,9847
120,16,107,7678,83,66455,226,9847
120,16,107,7849,83,6709,227,1605
120,16,107,7849,83,6709,227,1605
120,16,107,8047,83,67822,227,3654
120,16,107,8047,83,67822,227,3654
120,16,107,8198,83,68408,227,5214
120,16,107,8198,83,68408,227,5214
120,16,107,8357,83,68994,227,6846
120,16,107,8357,83,68994,227,6846
120,16,107,8506,83,69531,227,8381
120,16,107,8655,83,70068,227,9916
120,16,107,8655,83,70068,227,9916
120,16,107,8799,83,70605,228,1401
120,16,107,8799,83,70605,228,1401
120,16,107,8945,83,71143,228,2935
120,16,107,8945,83,71143,228,2935
120,16,107,9087,83,7168,228,4402
120,16,107,9087,83,7168,228,4402
120,16,107,9231,83,72217,228,5907
120,16,107,9231,83,72217,228,5907
120,16,107,9353,83,7251,228,7476
120,16,107,9353,83,7251,228,7476
120,16,107,9448,83,72461,228,9005
120,16,107,9448,83,72461,228,9005
120,16,107,9539,83,72412,229,0474
120,16,107,9539,83,72412,229,0474
120,16,107,9634,83,72363,229,2008
120,16,107,9724,83,72363,229,3489
120,16,107,9724,83,72363,229,3489
120,16,107,9817,83,72314,229,4976
120,16,107,9817,83,72314,229,4976
120,16,107,9817,83,72314,229,4976
120,16,107,9817,83,72314,229,4976
120,16,107,9817,83,72314,229,4976
120,16,107,9817,83,72314,229,4976
120,16,107,9817,83,72314,229,4976
120,16,107,9817,83,72314,229,4976
120,16,107,9817,83,72314,229,4976
120,16,107,9817,83,72314,229,4976
120,16,107,9817,83,72314,229,4976
120,16,107,9817,83,72314,229,4976
120,16,107,9817,83,72314,229,4976
120,17,107,9817,83,72314,229,4976
120,17,107,9817,83,72314,229,4976
120,17,107,9817,83,72314,229,4976
120,17,107,9917,83,72266,229,6577
120,17,107,9917,83,72266,229,6577
120,17,108,0015,83,72266,229,8152
120,17,108,0015,83,72266,229,8152
120,17,108,0117,83,72217,229,9823
120,17,108,0117,83,72217,229,9823
120,17,108,0217,83,72217,230,1434
120,17,108,0217,83,72217,230,1434
120,17,108,0315,83,72168,230,3022
120,17,108,0315,83,72168,230,3022
120,17,108,0415,83,72168,230,4646
120,17,108,0415,83,72168,230,4646
120,17,108,0513,83,72119,230,6245
120,17,108,0513,83,72119,230,6245
120,17,108,0513,83,72119,230,6245
120,17,108,0613,83,72119,230,7874
120,17,108,0613,83,72119,230,7874
120,17,108,0718,83,7207,230,9564
120,17,108,0718,83,7207,230,9564
120,17,108,083,83,7207,231,1378
120,17,108,083,83,7207,231,1378
120,17,108,0928,83,72021,231,2966
120,17,108,0928,83,72021,231,2966
120,17,108,1047,83,71875,231,4573
120,17,108,1047,83,71875,231,4573
120,17,108,1184,83,71582,231,6162
120,17,108,1184,83,71582,231,6162
120,17,108,1353,83,71191,231,8124
120,17,108,1353,83,71191,231,8124
120,17,108,1482,83,70898,231,9636
120,17,108,1482,83,70898,231,9636
120,17,108,1482,83,70898,231,9636
120,17,108,1616,83,70605,232,1204
120,17,108,1616,83,70605,232,1204
120,17,108,1777,83,70264,232,3069
120,17,108,1914,83,69971,232,467
120,17,108,1914,83,69971,232,467
120,17,108,2043,83,69678,232,6173
120,17,108,2043,83,69678,232,6173
120,17,108,2175,83,69385,232,7703
120,17,108,2175,83,69385,232,7703
120,17,108,231,83,69092,232,926
120,17,108,231,83,69092,232,926
120,17,108,2441,83,68799,233,0787
120,17,108,2441,83,68799,233,0787
120,17,108,2573,83,68506,233,2319
120,17,108,2573,83,68506,233,2319
120,17,108,2708,83,68213,233,3893
120,17,108,2708,83,68213,233,3893
120,17,108,2849,83,6792,233,5535
120,17,108,2849,83,6792,233,5535
120,17,108,2849,83,6792,233,5535
120,17,108,2849,83,6792,233,5535
120,17,108,2849,83,6792,233,5535
120,17,108,2849,83,6792,233,5535
120,17,108,2849,83,6792,233,5535
120,17,108,2849,83,6792,233,5535
120,17,108,2849,83,6792,233,5535
120,17,108,2849,83,6792,233,5535
120,17,108,2849,83,6792,233,5535
120,17,108,2849,83,6792,233,5535
120,17,108,2849,83,6792,233,5535
120,17,108,2849,83,6792,233,5535
120,17,108,2849,83,6792,233,5535
120,17,108,2849,83,6792,233,5535
120,17,108,2996,83,67627,233,7238
120,17,108,2996,83,67627,233,7238
120,17,108,3159,83,6626,233,9127
120,17,108,3159,83,6626,233,9127
120,17,108,3335,83,62109,234,1051
120,17,108,3335,83,62109,234,1051
120,17,108,3335,83,62109,234,1051
120,17,108,3496,83,58252,234,2828
120,17,108,3496,83,58252,234,2828
120,17,108,365,83,5459,234,4517
120,17,108,365,83,5459,234,4517
120,17,108,3833,83,50244,234,6523
120,17,108,3833,83,50244,234,6523
120,17,108,3833,83,50244,234,6523
120,17,108,3994,83,46387,234,8291
120,17,108,3994,83,46387,234,8291
120,17,108,4163,83,42383,235,0144
120,17,108,4163,83,42383,235,0144
120,17,108,4321,83,38574,235,1898
120,17,108,4321,83,38574,235,1898
120,17,108,448,83,34766,235,3645
120,17,108,448,83,34766,235,3645
120,17,108,448,83,34766,235,3645
120,17,108,4634,83,31152,235,5321
120,17,108,4634,83,31152,235,5321
120,17,108,4795,83,27295,235,7092
120,17,108,4795,83,27295,235,7092
120,17,108,4949,83,23633,235,8782
120,17,108,4949,83,23633,235,8782
120,17,108,4949,83,23633,235,8782
120,17,108,5112,83,19727,236,0574
120,17,108,5112,83,19727,236,0574
120,17,108,531,83,15039,236,2729
120,17,108,531,83,15039,236,2729
120,17,108,5427,83,11182,236,4344
120,17,108,5427,83,11182,236,4344
120,17,108,5498,83,06543,236,6013
120,17,108,5498,83,06543,236,6013
120,17,108,5498,83,06543,236,6013
120,17,108,5571,83,01709,236,7762
120,17,108,5571,83,01709,236,7762
120,17,108,5642,82,9707,236,9434
120,17,108,5642,82,9707,236,9434
120,17,108,5713,82,92432,237,1111
120,17,108,5713,82,92432,237,1111
120,17,108,5781,82,87891,237,2737
120,17,108,5781,82,87891,237,2737
120,17,108,5852,82,83301,237,4387
120,17,108,5852,82,83301,237,4387
120,17,108,5918,82,78955,237,5957
120,17,108,5918,82,78955,237,5957
120,17,108,5918,82,78955,237,5957
120,17,108,5918,82,78955,237,5957
120,17,108,5918,82,78955,237,5957
120,17,108,5918,82,78955,237,5957
120,18,108,5918,82,78955,237,5957
120,18,108,5918,82,78955,237,5957
120,18,108,5918,82,78955,237,5957
120,18,108,5986,82,74512,237,7561
120,18,108,5986,82,74512,237,7561
120,18,108,6055,82,70117,237,9147
120,18,108,6055,82,70117,237,9147
120,18,108,6125,82,65479,238,0819
120,18,108,6125,82,65479,238,0819
120,18,108,6194,82,61084,238,24
120,18,108,6194,82,61084,238,24
120,18,108,626,82,56738,238,3966
120,18,108,626,82,56738,238,3966
120,18,108,6296,82,51953,238,5564
120,18,108,6296,82,51953,238,5564
120,18,108,6223,82,46338,238,7064
120,18,108,6223,82,46338,238,7064
120,18,108,6145,82,40479,238,8625
120,18,108,6145,82,40479,238,8625
120,18,108,6067,82,34521,239,0223
120,18,108,6067,82,34521,239,0223
120,18,108,5994,82,29004,239,1704
120,18,108,5994,82,29004,239,1704
120,18,108,5918,82,23291,239,323
120,18,108,5918,82,23291,239,323
120,18,108,5842,82,1748,239,478
120,18,108,5842,82,1748,239,478
120,18,108,5769,82,11963,239,6257
120,18,108,5769,82,11963,239,6257
120,18,108,5698,82,06641,239,7684
120,18,108,5698,82,06641,239,7684
120,18,108,5627,82,01172,239,9146
120,18,108,5627,82,01172,239,9146
120,18,108,5549,81,95117,240,0759
120,18,108,5549,81,95117,240,0759
120,18,108,5474,81,89453,240,2272
120,18,108,5474,81,89453,240,2272
120,18,108,5398,81,83545,240,3744
120,18,108,5398,81,83545,240,3744
120,18,108,5398,81,83545,240,3744
120,18,108,5322,81,77295,240,5137
120,18,108,5322,81,77295,240,5137
120,18,108,522,81,68945,240,7006
120,18,108,522,81,68945,240,7006
120,18,108,5144,81,62744,240,8395
120,18,108,5144,81,62744,240,8395
120,18,108,5063,81,56152,240,9869
120,18,108,5063,81,56152,240,9869
120,18,108,4983,81,49561,241,1338
120,18,108,49,81,42627,241,2885
120,18,108,4824,81,36377,241,4277
120,18,108,4795,81,33936,241,4827
120,18,108,4795,81,33936,241,4827
120,18,108,4795,81,33936,241,4827
120,18,108,4795,81,33936,241,4827
120,18,108,4795,81,33936,241,4827
120,18,108,4795,81,33936,241,4827
120,18,108,4795,81,33936,241,4827
120,18,108,4795,81,33936,241,4827
120,18,108,4795,81,33936,241,4827
120,18,108,4795,81,33936,241,4827
120,18,108,4795,81,33936,241,4827
120,18,108,4795,81,33936,241,4827
120,18,108,4795,81,33936,241,4827
120,18,108,4795,81,33936,241,4827
120,18,108,4739,81,29297,241,5864
120,18,108,4707,81,26758,241,6428
120,18,108,4651,81,21973,241,7491
120,18,108,4624,81,19727,241,7991
120,18,108,4595,81,17334,241,8524
120,18,108,4541,81,12939,241,9506
120,18,108,4512,81,10498,242,0049
120,18,108,4453,81,05762,242,1106
120,18,108,4426,81,03516,242,161
120,18,108,4397,81,01172,242,2135
120,18,108,4333,80,9624,242,3103
120,18,108,4299,80,93652,242,3615
120,18,108,4233,80,88623,242,4608
120,18,108,4199,80,86133,242,5104
120,18,108,4133,80,81006,242,6113
120,18,108,4102,80,78662,242,6575
120,18,108,4065,80,75928,242,7117
120,18,108,3999,80,70996,242,8093
120,18,108,3967,80,68506,242,858
120,18,108,3901,80,63525,242,9564
120,18,108,3867,80,60938,243,0073
120,18,108,3799,80,55859,243,1082
120,18,108,3765,80,53174,243,1609
120,18,108,3735,80,50879,243,2058
120,18,108,3655,80,44727,243,3267
120,18,108,3623,80,42334,243,3738
120,18,108,3589,80,39746,243,4248
120,18,108,3523,80,34668,243,5251
120,18,108,3491,80,32324,243,5715
120,18,108,3425,80,27295,243,6702
120,18,108,3394,80,24854,243,7184
120,18,108,3328,80,19678,243,8201
120,18,108,3296,80,17236,243,8684
120,18,108,323,80,12354,243,9653
120,18,108,3196,80,09814,244,0153
120,18,108,3162,80,07227,244,0668
120,18,108,3096,80,02197,244,1664
120,18,108,3064,79,99756,244,2146
120,18,108,2996,79,94678,244,3148
120,18,108,2961,79,9209,244,366
120,18,108,2896,79,87109,244,4651
120,18,108,2861,79,8457,244,5151
120,18,108,283,79,82227,244,5615
120,18,108,2764,79,77148,244,6614
120,18,108,2729,79,74561,244,7123
120,18,108,2778,79,69482,244,8088
120,18,108,2834,79,66797,244,859
120,18,108,2939,79,61816,244,9526
120,18,108,2993,79,59326,244,9998
120,18,108,3108,79,54004,245,1001
120,18,108,3108,79,54004,245,1001
120,18,108,3108,79,54004,245,1001
120,18,108,3108,79,54004,245,1001
120,18,108,3108,79,54004,245,1001
120,18,108,3108,79,54004,245,1001
120,18,108,3108,79,54004,245,1001
120,18,108,3108,79,54004,245,1001
120,18,108,3108,79,54004,245,1001
120,18,108,3108,79,54004,245,1001
120,18,108,3108,79,54004,245,1001
120,18,108,3108,79,54004,245,1001
120,18,108,3108,79,54004,245,1001
120,19,108,3108,79,54004,245,1001
120,19,108,3218,79,48877,245,1964
120,19,108,3279,79,45996,245,2505
120,19,108,3333,79,43555,245,2968
120,19,108,3469,79,37109,245,4171
120,19,108,3523,79,3457,245,4646
120,19,108,3628,79,29688,245,5558
120,19,108,3679,79,27295,245,6011
120,19,108,3789,79,2207,245,6987
120,19,108,3845,79,19385,245,7488
120,19,108,3948,79,14648,245,8375
120,19,108,4001,79,12158,245,8842
120,19,108,4111,79,0708,245,98
120,19,108,4165,79,0459,246,0271
120,19,108,4231,79,01465,246,0856
120,19,108,4231,79,01465,246,0856
120,19,108,4307,78,97949,246,1519
120,19,108,4307,78,97949,246,1519
120,19,108,4485,78,89502,246,3102
120,19,108,4485,78,89502,246,3102
120,19,108,4617,78,83252,246,4271
120,19,108,4617,78,83252,246,4271
120,19,108,4768,78,76172,246,5603
120,19,108,4768,78,76172,246,5603
120,19,108,4954,78,6748,246,7234
120,19,108,4954,78,6748,246,7234
120,19,108,5107,78,61035,246,849
120,19,108,5107,78,61035,246,849
120,19,108,5298,78,55273,246,9768
120,19,108,5298,78,55273,246,9768
120,19,108,5505,78,48975,247,1162
120,19,108,5718,78,42578,247,2583
120,19,108,5718,78,42578,247,2583
120,19,108,5891,78,37354,247,374
120,19,108,5891,78,37354,247,374
120,19,108,6089,78,31396,247,5059
120,19,108,6089,78,31396,247,5059
120,19,108,6274,78,2583,247,6296
120,19,108,6453,78,20459,247,7485
120,19,108,6453,78,20459,247,7485
120,19,108,6638,78,14844,247,8728
120,19,108,6638,78,14844,247,8728
120,19,108,6821,78,09326,247,9948
120,19,108,7012,78,03564,248,123
120,19,108,7012,78,03564,248,123
120,19,108,7192,77,98145,248,2437
120,19,108,7192,77,98145,248,2437
120,19,108,738,77,9248,248,3694
120,19,108,738,77,9248,248,3694
120,19,108,7566,77,86816,248,4945
120,19,108,7566,77,86816,248,4945
120,19,108,7754,77,81152,248,6198
120,19,108,7754,77,81152,248,6198
120,19,108,7754,77,81152,248,6198
120,19,108,7754,77,81152,248,6198
120,19,108,7754,77,81152,248,6198
120,19,108,7754,77,81152,248,6198
120,19,108,7754,77,81152,248,6198
120,19,108,7754,77,81152,248,6198
120,19,108,7754,77,81152,248,6198
120,19,108,7754,77,81152,248,6198
120,19,108,7754,77,81152,248,6198
120,19,108,7754,77,81152,248,6198
120,19,108,7754,77,81152,248,6198
120,19,108,7996,77,74072,248,7386
120,19,108,8223,77,6748,248,8458
120,19,108,8223,77,6748,248,8458
120,19,108,844,77,61182,248,9481
120,19,108,8669,77,54492,249,0565
120,19,108,8669,77,54492,249,0565
120,19,108,8899,77,47852,249,1642
120,19,108,9114,77,4165,249,2648
120,19,108,9114,77,4165,249,2648
120,19,108,9338,77,35156,249,37
120,19,108,9338,77,35156,249,37
120,19,108,9561,77,28711,249,4742
120,19,108,9788,77,22119,249,5809
120,19,108,9788,77,22119,249,5809
120,19,109,0015,77,15527,249,6876
120,19,109,0015,77,15527,249,6876
120,19,109,0015,77,15527,249,6876
120,19,109,0015,77,15527,249,6876
120,19,109,0015,77,15527,249,6876
120,19,109,0234,77,09131,249,7917
120,19,109,0945,76,88428,250,1267
120,19,109,0945,76,88428,250,1267
120,19,109,1152,76,82959,250,2391
120,19,109,135,76,77832,250,3483
120,19,109,135,76,77832,250,3483
120,19,109,1555,76,72559,250,4604
120,19,109,1555,76,72559,250,4604
120,19,109,1755,76,67383,250,5708
120,19,109,1956,76,62207,250,6812
120,19,109,1956,76,62207,250,6812
120,19,109,2205,76,55811,250,8175
120,19,109,2205,76,55811,250,8175
120,19,109,2419,76,50244,250,9359
120,19,109,2639,76,44629,251,0563
120,19,109,2639,76,44629,251,0563
120,19,109,2859,76,38965,251,1774
120,19,109,2859,76,38965,251,1774
120,19,109,3076,76,3335,251,2969
120,19,109,3289,76,27881,251,4132
120,19,109,3289,76,27881,251,4132
120,19,109,3513,76,22168,251,5355
120,19,109,3513,76,22168,251,5355
120,19,109,3728,76,1665,251,6533
120,19,109,394,76,1123,251,7695
120,19,109,394,76,1123,251,7695
120,19,109,4153,76,05762,251,8862
120,19,109,4153,76,05762,251,8862
120,19,109,4365,76,00293,252,0028
120,19,109,4575,75,94873,252,1184
120,19,109,4575,75,94873,252,1184
120,19,109,4575,75,94873,252,1184
120,19,109,4575,75,94873,252,1184
120,19,109,4575,75,94873,252,1184
120,19,109,4575,75,94873,252,1184
120,19,109,4575,75,94873,252,1184
120,19,109,4575,75,94873,252,1184
120,19,109,4575,75,94873,252,1184
120,19,109,4575,75,94873,252,1184
120,19,109,4575,75,94873,252,1184
120,20,109,4575,75,94873,252,1184
120,20,109,4792,75,89746,252,2306
120,20,109,4792,75,89746,252,2306
120,20,109,4995,75,84912,252,3361
120,20,109,4995,75,84912,252,3361
120,20,109,5198,75,80078,252,4413
120,20,109,5415,75,74902,252,5537
120,20,109,5618,75,70117,252,6583
120,20,109,5618,75,70117,252,6583
120,20,109,5811,75,65527,252,7582
120,20,109,6016,75,60645,252,865
120,20,109,6016,75,60645,252,865
120,20,109,6228,75,55615,252,9749
120,20,109,6433,75,50732,253,0813
120,20,109,6433,75,50732,253,0813
120,20,109,6631,75,45996,253,184
120,20,109,6631,75,45996,253,184
120,20,109,6863,75,40479,253,3044
120,20,109,7146,75,3374,253,4513
120,20,109,7146,75,3374,253,4513
120,20,109,7327,75,29395,253,5454
120,20,109,7542,75,24268,253,6571
120,20,109,7542,75,24268,253,6571
120,20,109,7747,75,19385,253,7631
120,20,109,7747,75,19385,253,7631
120,20,109,7942,75,14697,253,8647
120,20,109,8174,75,09131,253,9856
120,20,109,8359,75,04736,254,0814
120,20,109,8359,75,04736,254,0814
120,20,109,8557,75,00049,254,184
120,20,109,8752,74,9541,254,2852
120,20,109,8752,74,9541,254,2852
120,20,109,896,74,9043,254,3933
120,20,109,9158,74,85742,254,4958
120,20,109,9158,74,85742,254,4958
120,20,109,9426,74,81445,254,5986
120,20,109,9741,74,77295,254,7043
120,20,110,0046,74,73242,254,8069
120,20,110,0046,74,73242,254,8069
120,20,110,0361,74,69092,254,9127
120,20,110,0652,74,65283,255,0098
120,20,110,0652,74,65283,255,0098
120,20,110,0977,74,61035,255,1182
120,20,110,1284,74,56982,255,2216
120,20,110,1284,74,56982,255,2216
120,20,110,1584,74,53027,255,3223
120,20,110,1904,74,48828,255,4294
120,20,110,1904,74,48828,255,4294
120,20,110,2229,74,44531,255,5383
120,20,110,2527,74,40625,255,6382
120,20,110,2527,74,40625,255,6382
120,20,110,2888,74,3584,255,7594
120,20,110,2888,74,3584,255,7594
120,20,110,2888,74,3584,255,7594
120,20,110,2888,74,3584,255,7594
120,20,110,2888,74,3584,255,7594
120,20,110,2888,74,3584,255,7594
120,20,110,2888,74,3584,255,7594
120,20,110,2888,74,3584,255,7594
120,20,110,2888,74,3584,255,7594
120,20,110,2888,74,3584,255,7594
120,20,110,2888,74,3584,255,7594
120,20,110,2888,74,3584,255,7594
120,20,110,2888,74,3584,255,7594
120,20,110,2888,74,3584,255,7594
120,20,110,3203,74,31689,255,865
120,20,110,3203,74,31689,255,865
120,20,110,3518,74,27539,255,9708
120,20,110,3831,74,23438,256,0754
120,20,110,3831,74,23438,256,0754
120,20,110,4143,74,19336,256,1799
120,20,110,4451,74,15283,256,2825
120,20,110,4761,74,1123,256,386
120,20,110,4761,74,1123,256,386
120,20,110,5063,74,07227,256,4877
120,20,110,5361,74,03271,256,5875
120,20,110,5361,74,03271,256,5875
120,20,110,5688,73,98975,256,6967
120,20,110,6001,73,94873,256,801
120,20,110,6001,73,94873,256,801
120,20,110,6379,73,90869,256,9012
120,20,110,679,73,86865,257,0017
120,20,110,679,73,86865,257,0017
120,20,110,72,73,8291,257,1018
120,20,110,7634,73,78711,257,2078
120,20,110,7634,73,78711,257,2078
120,20,110,8062,73,74561,257,312
120,20,110,8513,73,70166,257,4222
120,20,110,8513,73,70166,257,4222
120,20,110,8938,73,66064,257,5259
120,20,110,9368,73,61865,257,6311
120,20,110,9368,73,61865,257,6311
120,20,110,9812,73,57568,257,7396
120,20,111,0244,73,53369,257,8453
120,20,111,0244,73,53369,257,8453
120,20,111,0671,73,49219,257,9498
120,20,111,1123,73,44824,258,0607
120,20,111,1123,73,44824,258,0607
120,20,111,1565,73,40527,258,1686
120,20,111,1565,73,40527,258,1686
120,20,111,2009,73,36182,258,2776
120,20,111,2458,73,31787,258,3875
120,20,111,2458,73,31787,258,3875
120,20,111,2905,73,27441,258,4965
120,20,111,3401,73,23242,258,603
120,20,111,3401,73,23242,258,603
120,20,111,3989,73,19141,258,7074
120,20,111,3989,73,19141,258,7074
120,20,111,4597,73,14893,258,8153
120,20,111,5198,73,10693,258,9219
120,20,111,5198,73,10693,258,9219
120,20,111,5779,73,06641,259,0249
120,20,111,6382,73,02441,259,132
120,20,111,6382,73,02441,259,132
120,20,111,6956,72,98438,259,234
120,20,111,6956,72,98438,259,234
120,20,111,6956,72,98438,259,234
120,20,111,6956,72,98438,259,234
120,20,111,6956,72,98438,259,234
120,20,111,6956,72,98438,259,234
120,20,111,6956,72,98438,259,234
120,20,111,6956,72,98438,259,234
120,20,111,6956,72,98438,259,234
120,20,111,6956,72,98438,259,234
120,21,111,6956,72,98438,259,234
120,21,111,6956,72,98438,259,234
120,21,111,7534,72,94385,259,3368
120,21,111,7534,72,94385,259,3368
120,21,111,8132,72,90186,259,4429
120,21,111,8132,72,90186,259,4429
120,21,111,8738,72,85938,259,5503
120,21,111,9321,72,81836,259,6539
120,21,111,9321,72,81836,259,6539
120,21,111,9929,72,77588,259,7621
120,21,112,0508,72,73535,259,8649
120,21,112,0508,72,73535,259,8649
120,21,112,1113,72,69287,259,9723
120,21,112,1113,72,69287,259,9723
120,21,112,1711,72,65088,260,0785
120,21,112,2339,72,61426,260,1807
120,21,112,2339,72,61426,260,1807
120,21,112,3059,72,57715,260,2913
120,21,112,3059,72,57715,260,2913
120,21,112,3774,72,54053,260,4015
120,21,112,4478,72,50439,260,5098
120,21,112,4478,72,50439,260,5098
120,21,112,5137,72,4707,260,6111
120,21,112,5137,72,4707,260,6111
120,21,112,5869,72,43311,260,7236
120,21,112,5869,72,43311,260,7236
120,21,112,6794,72,38525,260,866
120,21,112,7458,72,35107,260,968
120,21,112,7458,72,35107,260,968
120,21,112,8164,72,31494,261,0767
120,21,112,8164,72,31494,261,0767
120,21,112,8823,72,28076,261,1781
120,21,112,9612,72,24023,261,2994
120,21,112,9612,72,24023,261,2994
120,21,113,0283,72,20557,261,4028
120,21,113,0283,72,20557,261,4028
120,21,113,0955,72,1709,261,506
120,21,113,1604,72,1377,261,606
120,21,113,1604,72,1377,261,606
120,21,113,2278,72,10303,261,7095
120,21,113,293,72,06934,261,8098
120,21,113,293,72,06934,261,8098
120,21,113,3608,72,03467,261,9143
120,21,113,3608,72,03467,261,9143
120,21,113,4229,71,99072,262,0182
120,21,113,4849,71,94678,262,1223
120,21,113,4849,71,94678,262,1223
120,21,113,5461,71,90332,262,2256
120,21,113,6094,71,8584,262,332
120,21,113,6094,71,8584,262,332
120,21,113,6675,71,81689,262,4297
120,21,113,7258,71,77539,262,528
120,21,113,7258,71,77539,262,528
120,21,113,7258,71,77539,262,528
120,21,113,7258,71,77539,262,528
120,21,113,7258,71,77539,262,528
120,21,113,7258,71,77539,262,528
120,21,113,7258,71,77539,262,528
120,21,113,7258,71,77539,262,528
120,21,113,7258,71,77539,262,528
120,21,113,7258,71,77539,262,528
120,21,113,7258,71,77539,262,528
120,21,113,7258,71,77539,262,528
120,21,113,7258,71,77539,262,528
120,21,113,7258,71,77539,262,528
120,21,113,782,71,73535,262,6227
120,21,113,782,71,73535,262,6227
120,21,113,8435,71,69141,262,7262
120,21,113,8435,71,69141,262,7262
120,21,113,907,71,64648,262,833
120,21,113,9663,71,60449,262,9329
120,21,113,9663,71,60449,262,9329
120,21,114,0273,71,56104,263,0356
120,21,114,0273,71,56104,263,0356
120,21,114,093,71,51416,263,146
120,21,114,1541,71,4707,263,2488
120,21,114,1541,71,4707,263,2488
120,21,114,2134,71,42822,263,3489
120,21,114,2715,71,38672,263,4465
120,21,114,2715,71,38672,263,4465
120,21,114,3313,71,34424,263,547
120,21,114,3901,71,30225,263,6459
120,21,114,3901,71,30225,263,6459
120,21,114,449,71,26025,263,7449
120,21,114,5117,71,21582,263,8506
120,21,114,5117,71,21582,263,8506
120,21,114,5708,71,17383,263,9503
120,21,114,6282,71,1333,264,0468
120,21,114,6282,71,1333,264,0468
120,21,114,6902,71,08936,264,1511
120,21,114,6902,71,08936,264,1511
120,21,114,7493,71,04736,264,2505
120,21,114,8083,71,00488,264,3503
120,21,114,8083,71,00488,264,3503
120,21,114,8704,70,96631,264,4513
120,21,114,9358,70,93359,264,5526
120,21,114,9358,70,93359,264,5526
120,21,115,0007,70,90137,264,6528
120,21,115,0007,70,90137,264,6528
120,21,115,0728,70,86523,264,7642
120,21,115,1433,70,83008,264,8733
120,21,115,1433,70,83008,264,8733
120,21,115,209,70,79736,264,9749
120,21,115,2737,70,76514,265,075
120,21,115,2737,70,76514,265,075
120,21,115,3391,70,73242,265,1761
120,21,115,4033,70,7002,265,2754
120,21,115,4033,70,7002,265,2754
120,21,115,4646,70,66943,265,3701
120,21,115,531,70,63623,265,473
120,21,115,531,70,63623,265,473
120,21,115,595,70,60449,265,5719
120,21,115,595,70,60449,265,5719
120,21,115,6599,70,57178,265,6724
120,21,115,7258,70,53857,265,7745
120,21,115,7258,70,53857,265,7745
120,21,115,7258,70,53857,265,7745
120,21,115,7258,70,53857,265,7745
120,21,115,7258,70,53857,265,7745
120,21,115,7258,70,53857,265,7745
120,21,115,7258,70,53857,265,7745
120,21,115,7258,70,53857,265,7745
120,21,115,7258,70,53857,265,7745
120,21,115,7258,70,53857,265,7745
120,21,115,7258,70,53857,265,7745
120,22,115,7258,70,53857,265,7745
120,22,115,7258,70,53857,265,7745
120,22,115,8066,70,49805,265,8997
120,22,115,8066,70,49805,265,8997
120,22,115,8752,70,46387,266,006
120,22,115,9438,70,42969,266,1119
120,22,115,9438,70,42969,266,1119
120,22,116,0095,70,39697,266,2135
120,22,116,0095,70,39697,266,2135
120,22,116,0757,70,36377,266,3159
120,22,116,1421,70,33057,266,4187
120,22,116,1421,70,33057,266,4187
120,22,116,208,70,29736,266,5206
120,22,116,2725,70,26514,266,6205
120,22,116,2725,70,26514,266,6205
120,22,116,3386,70,23193,266,7229
120,22,116,4028,70,19971,266,8221
120,22,116,4028,70,19971,266,8221
120,22,116,4695,70,1665,266,9249
120,22,116,4695,70,1665,266,9249
120,22,116,5342,70,13428,267,025
120,22,116,6047,70,10791,267,1211
120,22,116,6047,70,10791,267,1211
120,22,116,6914,70,09229,267,2142
120,22,116,7769,70,07715,267,3062
120,22,116,7769,70,07715,267,3062
120,22,116,8601,70,06201,267,3959
120,22,116,9441,70,04688,267,4861
120,22,116,9441,70,04688,267,4861
120,22,117,0339,70,03076,267,5829
120,22,117,0339,70,03076,267,5829
120,22,117,1189,70,01563,267,6743
120,22,117,2087,69,99951,267,771
120,22,117,2087,69,99951,267,771
120,22,117,2971,69,9834,267,8661
120,22,117,2971,69,9834,267,8661
120,22,117,3828,69,96777,267,9583
120,22,117,469,69,95215,268,0511
120,22,117,469,69,95215,268,0511
120,22,117,5583,69,93604,268,1475
120,22,117,6477,69,91992,268,2435
120,22,117,6477,69,91992,268,2435
120,22,117,7344,69,9043,268,3368
120,22,117,7344,69,9043,268,3368
120,22,117,8223,69,88867,268,4313
120,22,117,9089,69,87305,268,5247
120,22,117,9089,69,87305,268,5247
120,22,117,9983,69,85742,268,621
120,22,117,9983,69,85742,268,621
120,22,118,0869,69,84277,268,7146
120,22,118,1824,69,83643,268,804
120,22,118,1824,69,83643,268,804
120,22,118,2715,69,83057,268,8875
120,22,118,2715,69,83057,268,8875
120,22,118,2715,69,83057,268,8875
120,22,118,2715,69,83057,268,8875
120,22,118,2715,69,83057,268,8875
120,22,118,2715,69,83057,268,8875
120,22,118,2715,69,83057,268,8875
120,22,118,2715,69,83057,268,8875
120,22,118,2715,69,83057,268,8875
120,22,118,2715,69,83057,268,8875
120,22,118,2715,69,83057,268,8875
120,22,118,2715,69,83057,268,8875
120,22,118,3657,69,82471,268,9756
120,22,118,3657,69,82471,268,9756
120,22,118,4563,69,81885,269,0605
120,22,118,5505,69,81299,269,1487
120,22,118,5505,69,81299,269,1487
120,22,118,6421,69,80713,269,2345
120,22,118,6421,69,80713,269,2345
120,22,118,7371,69,80078,269,3234
120,22,118,8301,69,79492,269,4105
120,22,118,8301,69,79492,269,4105
120,22,118,9231,69,78906,269,4976
120,22,119,0208,69,78271,269,5891
120,22,119,0208,69,78271,269,5891
120,22,119,1123,69,77686,269,6749
120,22,119,1963,69,771,269,7537
120,22,119,1963,69,771,269,7537
120,22,119,2827,69,76611,269,8308
120,22,119,3767,69,76758,269,8905
120,22,119,3767,69,76758,269,8905
120,22,119,4753,69,76904,269,9531
120,22,119,5754,69,77051,270,0166
120,22,119,5754,69,77051,270,0166
120,22,119,6741,69,77197,270,0791
120,22,119,7732,69,77344,270,142
120,22,119,7732,69,77344,270,142
120,22,119,8711,69,7749,270,2041
120,22,119,9746,69,77637,270,2698
120,22,120,0676,69,77783,270,3287
120,22,120,0676,69,77783,270,3287
120,22,120,1665,69,7793,270,3914
120,22,120,1665,69,7793,270,3914
120,22,120,2651,69,78076,270,454
120,22,120,3823,69,78223,270,5283
120,22,120,3823,69,78223,270,5283
120,22,120,4851,69,78369,270,5935
120,22,120,5789,69,78516,270,6531
120,22,120,6797,69,78662,270,717
120,22,120,6797,69,78662,270,717
120,22,120,7732,69,7876,270,7765
120,22,120,8689,69,79541,270,8224
120,22,120,8689,69,79541,270,8224
120,22,120,9731,69,8042,270,8721
120,22,121,0764,69,81299,270,9213
120,22,121,0764,69,81299,270,9213
120,22,121,189,69,82227,270,9749
120,22,121,3015,69,83154,271,0284
120,22,121,3015,69,83154,271,0284
120,22,121,4133,69,84082,271,0818
120,22,121,5271,69,85059,271,136
120,22,121,5271,69,85059,271,136
120,22,121,6392,69,85986,271,1893
120,22,121,6392,69,85986,271,1893
120,22,121,6392,69,85986,271,1893
120,22,121,6392,69,85986,271,1893
120,22,121,6392,69,85986,271,1893
120,22,121,6392,69,85986,271,1893
120,22,121,6392,69,85986,271,1893
120,22,121,6392,69,85986,271,1893
120,22,121,6392,69,85986,271,1893
120,22,121,6392,69,85986,271,1893
120,22,121,6392,69,85986,271,1893
120,23,121,6392,69,85986,271,1893
120,23,121,6392,69,85986,271,1893
120,23,121,7563,69,86963,271,2451
120,23,121,7563,69,86963,271,2451
120,23,121,8833,69,88037,271,3055
120,23,121,8833,69,88037,271,3055
120,23,122,0095,69,89111,271,3657
120,23,122,0095,69,89111,271,3657
120,23,122,1353,69,90186,271,4257
120,23,122,2556,69,91211,271,4829
120,23,122,2556,69,91211,271,4829
120,23,122,3784,69,92236,271,5414
120,23,122,3784,69,92236,271,5414
120,23,122,4912,69,93213,271,5952
120,23,122,6108,69,94238,271,6523
120,23,122,6108,69,94238,271,6523
120,23,122,7373,69,95264,271,7126
120,23,122,7373,69,95264,271,7126
120,23,122,8591,69,96631,271,7701
120,23,122,9775,69,98633,271,8251
120,23,122,9775,69,98633,271,8251
120,23,123,0996,70,00684,271,8818
120,23,123,0996,70,00684,271,8818
120,23,123,2153,70,02637,271,9355
120,23,123,3313,70,0459,271,9894
120,23,123,3313,70,0459,271,9894
120,23,123,4504,70,06592,272,0447
120,23,123,4504,70,06592,272,0447
120,23,123,5701,70,08643,272,1003
120,23,123,6865,70,10645,272,1545
120,23,123,6865,70,10645,272,1545
120,23,123,8052,70,12646,272,2097
120,23,123,8052,70,12646,272,2097
120,23,123,9211,70,146,272,2635
120,23,124,0413,70,1665,272,3193
120,23,124,0413,70,1665,272,3193
120,23,124,1655,70,1875,272,377
120,23,124,1655,70,1875,272,377
120,23,124,2817,70,20703,272,4309
120,23,124,4009,70,22705,272,4862
120,23,124,4009,70,22705,272,4862
120,23,124,5181,70,24707,272,5406
120,23,124,635,70,26709,272,595
120,23,124,635,70,26709,272,595
120,23,124,751,70,28662,272,6488
120,23,124,751,70,28662,272,6488
120,23,124,8721,70,30713,272,7051
120,23,124,9849,70,32617,272,7576
120,23,124,9849,70,32617,272,7576
120,23,125,1021,70,34619,272,812
120,23,125,1021,70,34619,272,812
120,23,125,2231,70,3667,272,8683
120,23,125,3396,70,39258,272,9144
120,23,125,3396,70,39258,272,9144
120,23,125,3396,70,39258,272,9144
120,23,125,3396,70,39258,272,9144
120,23,125,3396,70,39258,272,9144
120,23,125,3396,70,39258,272,9144
120,23,125,3396,70,39258,272,9144
120,23,125,3396,70,39258,272,9144
120,23,125,3396,70,39258,272,9144
120,23,125,3396,70,39258,272,9144
120,23,125,3396,70,39258,272,9144
120,23,125,4561,70,42236,272,9551
120,23,125,4561,70,42236,272,9551
120,23,125,554,70,44727,272,9893
120,23,125,554,70,44727,272,9893
120,23,125,6677,70,47656,273,0289
120,23,125,8,70,51025,273,0751
120,23,125,9028,70,53662,273,1108
120,23,125,9028,70,53662,273,1108
120,23,126,0085,70,56348,273,1477
120,23,126,1111,70,58984,273,1835
120,23,126,1111,70,58984,273,1835
120,23,126,2107,70,61523,273,2181
120,23,126,3096,70,64063,273,2526
120,23,126,3096,70,64063,273,2526
120,23,126,415,70,66748,273,2893
120,23,126,5354,70,69824,273,3313
120,23,126,6348,70,72363,273,366
120,23,126,6348,70,72363,273,366
120,23,126,7405,70,75098,273,4028
120,23,126,8467,70,77832,273,4399
120,23,126,8467,70,77832,273,4399
120,23,126,9495,70,80469,273,4758
120,23,127,05,70,83057,273,5109
120,23,127,1489,70,85596,273,5453
120,23,127,1489,70,85596,273,5453
120,23,127,249,70,88184,273,5802
120,23,127,3511,70,90771,273,6158
120,23,127,3511,70,90771,273,6158
120,23,127,4563,70,93457,273,6526
120,23,127,5586,70,96094,273,6884
120,23,127,6648,70,98828,273,7255
120,23,127,6648,70,98828,273,7255
120,23,127,7651,71,01416,273,7605
120,23,127,8677,71,04004,273,7961
120,23,127,8677,71,04004,273,7961
120,23,127,9719,71,06885,273,8275
120,23,128,0815,71,10156,273,8545
120,23,128,0815,71,10156,273,8545
120,23,128,1936,71,13525,273,8821
120,23,128,3079,71,16943,273,9102
120,23,128,3079,71,16943,273,9102
120,23,128,4211,71,20313,273,9381
120,23,128,5376,71,23779,273,9668
120,23,128,5376,71,23779,273,9668
120,23,128,6501,71,27148,273,9946
120,23,128,7664,71,30615,274,0233
120,23,128,7664,71,30615,274,0233
120,23,128,8801,71,34033,274,0514
120,23,128,9937,71,37402,274,0793
120,23,128,9937,71,37402,274,0793
120,23,129,104,71,40674,274,1066
120,23,129,104,71,40674,274,1066
120,23,129,104,71,40674,274,1066
120,23,129,104,71,40674,274,1066
120,23,129,104,71,40674,274,1066
120,23,129,104,71,40674,274,1066
120,23,129,104,71,40674,274,1066
120,24,129,104,71,40674,274,1066
120,24,129,104,71,40674,274,1066
120,24,129,218,71,44092,274,1346
120,24,129,3252,71,47314,274,1611
120,24,129,3252,71,47314,274,1611
120,24,129,4419,71,50781,274,1899
120,24,129,5532,71,54102,274,2174
120,24,129,5532,71,54102,274,2174
120,24,129,6621,71,57373,274,2443
120,24,129,7698,71,60596,274,2709
120,24,129,7698,71,60596,274,2709
120,24,129,8809,71,63916,274,2982
120,24,129,9983,71,67432,274,3271
120,24,129,9983,71,67432,274,3271
120,24,130,1108,71,70801,274,355
120,24,130,2239,71,7417,274,3828
120,24,130,2239,71,7417,274,3828
120,24,130,3406,71,77637,274,4116
120,24,130,3406,71,77637,274,4116
120,24,130,4883,71,82031,274,448
120,24,130,6055,71,85547,274,4769
120,24,130,6055,71,85547,274,4769
120,24,130,7258,71,8916,274,5066
120,24,130,8381,71,9248,274,5342
120,24,130,8381,71,9248,274,5342
120,24,130,9463,71,95703,274,5609
120,24,131,0554,71,98975,274,5878
120,24,131,0554,71,98975,274,5878
120,24,131,1604,72,02246,274,6129
120,24,131,2673,72,05664,274,6383
120,24,131,2673,72,05664,274,6383
120,24,131,3745,72,09082,274,6637
120,24,131,4858,72,12646,274,6902
120,24,131,4858,72,12646,274,6902
120,24,131,5991,72,1626,274,717
120,24,131,5991,72,1626,274,717
120,24,131,7122,72,19873,274,7439
120,24,131,8547,72,24463,274,7777
120,24,131,8547,72,24463,274,7777
120,24,131,9661,72,28027,274,8042
120,24,132,0769,72,31592,274,8304
120,24,132,0769,72,31592,274,8304
120,24,132,1892,72,35205,274,8571
120,24,132,2996,72,38721,274,8833
120,24,132,4036,72,42041,274,908
120,24,132,4036,72,42041,274,908
120,24,132,5063,72,45361,274,9324
120,24,132,6169,72,48926,274,9586
120,24,132,6169,72,48926,274,9586
120,24,132,729,72,52539,274,9852
120,24,132,8384,72,56055,275,0112
120,24,132,8384,72,56055,275,0112
120,24,132,8384,72,56055,275,0112
120,24,132,8384,72,56055,275,0112
120,24,132,8384,72,56055,275,0112
120,24,132,8384,72,56055,275,0112
120,24,132,8384,72,56055,275,0112
120,24,132,8384,72,56055,275,0112
120,24,132,8384,72,56055,275,0112
120,24,132,8384,72,56055,275,0112
120,24,132,8384,72,56055,275,0112
120,24,132,8384,72,56055,275,0112
120,24,132,8384,72,56055,275,0112
120,24,132,8384,72,56055,275,0112
120,24,132,8384,72,56055,275,0112
120,24,132,8384,72,56055,275,0112
120,24,132,8384,72,56055,275,0112
120,24,132,9414,72,59375,275,0356
120,24,132,9414,72,59375,275,0356
120,24,133,043,72,62646,275,0598
120,24,133,1467,72,65967,275,0845
120,24,133,2444,72,69092,275,1077
120,24,133,2444,72,69092,275,1077
120,24,133,3411,72,72168,275,1306
120,24,133,4468,72,75537,275,1556
120,24,133,5493,72,78809,275,1799
120,24,133,5493,72,78809,275,1799
120,24,133,6526,72,82129,275,2043
120,24,133,7512,72,85303,275,2278
120,24,133,8472,72,88379,275,2505
120,24,133,8472,72,88379,275,2505
120,24,133,947,72,91553,275,2742
120,24,134,0518,72,94922,275,2991
120,24,134,1519,72,98145,275,3229
120,24,134,1519,72,98145,275,3229
120,24,134,2476,73,01221,275,3456
120,24,134,3469,73,04395,275,3691
120,24,134,3469,73,04395,275,3691
120,24,134,4465,73,07568,275,3927
120,24,134,5518,73,10938,275,4177
120,24,134,6543,73,14209,275,442
120,24,134,6543,73,14209,275,442
120,24,134,7681,73,1792,275,4675
120,24,134,8804,73,21631,275,4918
120,24,134,8804,73,21631,275,4918
120,24,134,9878,73,25195,275,515
120,24,135,0962,73,28809,275,5385
120,24,135,0962,73,28809,275,5385
120,24,135,2007,73,32275,275,561
120,24,135,3049,73,35742,275,5835
120,24,135,3049,73,35742,275,5835
120,24,135,4109,73,39258,275,6064
120,24,135,5239,73,43018,275,6309
120,24,135,5239,73,43018,275,6309
120,24,135,634,73,4668,275,6547
120,24,135,7441,73,50342,275,6785
120,24,135,8516,73,53906,275,7017
120,24,135,8516,73,53906,275,7017
120,24,135,9551,73,57324,275,724
120,24,136,0579,73,60742,275,7462
120,24,136,0579,73,60742,275,7462
120,24,136,1628,73,64258,275,7689
120,24,136,2742,73,67969,275,793
120,24,136,2742,73,67969,275,793
120,24,136,3843,73,71631,275,8168
120,24,136,4954,73,75342,275,8408
120,24,136,4954,73,75342,275,8408
120,24,136,6067,73,79053,275,8649
120,24,136,6067,73,79053,275,8649
120,24,136,6067,73,79053,275,8649
120,24,136,6067,73,79053,275,8649
120,24,136,6067,73,79053,275,8649
120,24,136,6067,73,79053,275,8649
120,24,136,6067,73,79053,275,8649
120,24,136,6067,73,79053,275,8649
120,24,136,6067,73,79053,275,8649
120,24,136,6067,73,79053,275,8649
120,24,136,6067,73,79053,275,8649
120,24,136,6067,73,79053,275,8649
120,24,136,6067,73,79053,275,8649
120,24,136,6067,73,79053,275,8649
120,24,136,6067,73,79053,275,8649
120,24,136,6067,73,79053,275,8649
120,24,136,6067,73,79053,275,8649
120,24,136,6067,73,79053,275,8649
120,24,136,6067,73,79053,275,8649
120,24,136,6067,73,79053,275,8649
120,24,136,6067,73,79053,275,8649
120,24,136,6067,73,79053,275,8649
120,24,136,6067,73,79053,275,8649
120,24,136,6067,73,79053,275,8649
120,24,136,6067,73,79053,275,8649
120,24,136,6067,73,79053,275,8649
120,24,136,6067,73,79053,275,8649
120,24,136,6067,73,79053,275,8649
120,24,136,6067,73,79053,275,8649
120,24,136,6067,73,79053,275,8649
120,24,136,6067,73,79053,275,8649
120,24,136,6067,73,79053,275,8649
120,24,136,6067,73,79053,275,8649
120,24,136,6067,73,79053,275,8649
120,24,136,6067,73,79053,275,8649
120,24,136,6067,73,79053,275,8649
120,24,136,6067,73,79053,275,8649
120,24,136,6067,73,79053,275,8649
120,24,136,6067,73,79053,275,8649
120,24,136,6067,73,79053,275,8649
120,24,136,6067,73,79053,275,8649
120,24,136,6067,73,79053,275,8649
120,24,136,6067,73,79053,275,8649
120,24,136,6067,73,79053,275,8649
120,24,136,6067,73,79053,275,8649
120,24,136,6067,73,79053,275,8649
120,24,136,6067,73,79053,275,8649
120,24,136,6067,73,79053,275,8649
120,24,136,6067,73,79053,275,8649
120,24,136,6067,73,79053,275,8649
120,24,136,6067,73,79053,275,8649
120,24,136,6067,73,79053,275,8649
120,24,136,6067,73,79053,275,8649
120,24,136,6067,73,79053,275,8649
120,24,136,6067,73,79053,275,8649
120,24,136,6067,73,79053,275,8649
120,24,136,6067,73,79053,275,8649
120,24,136,6067,73,79053,275,8649
120,24,136,6067,73,79053,275,8649
120,24,136,6067,73,79053,275,8649
120,24,136,6067,73,79053,275,8649
120,24,136,6067,73,79053,275,8649
120,24,136,6067,73,79053,275,8649
120,24,136,6067,73,79053,275,8649
120,24,136,6067,73,79053,275,8649
120,24,136,6067,73,79053,275,8649
120,24,136,6067,73,79053,275,8649
120,24,136,6067,73,79053,275,8649
120,24,136,6067,73,79053,275,8649
120,24,136,6067,73,79053,275,8649
120,24,136,6067,73,79053,275,8649
120,24,136,6067,73,79053,275,8649
120,24,136,6067,73,79053,275,8649
120,24,136,6067,73,79053,275,8649
120,24,136,6067,73,79053,275,8649
120,24,136,6067,73,79053,275,8649
120,24,136,6067,73,79053,275,8649
120,24,136,6067,73,79053,275,8649
120,24,136,6067,73,79053,275,8649
120,24,136,6067,73,79053,275,8649
120,24,136,6067,73,79053,275,8649
120,24,136,6067,73,79053,275,8649
120,24,136,6067,73,79053,275,8649
120,24,136,6067,73,79053,275,8649
120,24,136,6067,73,79053,275,8649
120,24,136,6067,73,79053,275,8649
120,24,136,6067,73,79053,275,8649
120,24,136,6067,73,79053,275,8649
120,24,136,6067,73,79053,275,8649
120,24,136,6067,73,79053,275,8649
120,24,136,6067,73,79053,275,8649
120,24,136,6067,73,79053,275,8649
120,24,136,6067,73,79053,275,8649
120,24,136,6067,73,79053,275,8649
120,24,136,6067,73,79053,275,8649
120,24,136,6067,73,79053,275,8649
120,24,136,6067,73,79053,275,8649
120,24,136,6067,73,79053,275,8649
120,24,136,6067,73,79053,275,8649
120,24,136,6067,73,79053,275,8649
120,24,136,6067,73,79053,275,8649
120,24,136