Time,RSteps,X,Y,Z
120,0,68,7002,87,78027,125,0229
120,0,68,7002,87,78027,125,0229
120,0,68,7002,87,78027,125,0229
120,0,68,7002,87,78027,125,0229
120,0,68,7002,87,78027,125,0229
120,0,68,7002,88,35059,125,0229
120,0,68,7002,88,35059,125,0229
120,0,68,7002,88,35059,125,0229
120,0,68,7002,88,35059,125,0229
120,0,68,7002,88,35059,125,0229
120,0,68,7002,88,35059,125,0229
120,0,68,7002,88,35059,125,0229
120,1,68,7002,88,35059,125,0229
120,1,68,7002,88,35059,125,0229
120,1,68,7002,88,35059,125,0229
120,1,68,7002,88,35059,125,0229
120,1,68,6958,88,36377,125,2131
120,1,68,6958,88,36377,125,2131
120,1,68,68823,88,38623,125,5309
120,1,68,68823,88,38623,125,5309
120,1,68,68823,88,38623,125,5309
120,1,68,68384,88,39941,125,7159
120,1,68,68384,88,39941,125,7159
120,1,68,67969,88,41162,125,8893
120,1,68,67969,88,41162,125,8893
120,1,68,67554,88,42383,126,0656
120,1,68,67554,88,42383,126,0656
120,1,68,67554,88,42383,126,0656
120,1,68,67065,88,43848,126,2743
120,1,68,67065,88,43848,126,2743
120,1,68,6665,88,45117,126,4568
120,1,68,6665,88,45117,126,4568
120,1,68,66211,88,46436,126,6432
120,1,68,66211,88,46436,126,6432
120,1,68,65796,88,47705,126,8253
120,1,68,65796,88,47705,126,8253
120,1,68,65796,88,47705,126,8253
120,1,68,65405,88,48926,126,9969
120,1,68,65405,88,48926,126,9969
120,1,68,6499,88,50146,127,1741
120,1,68,6499,88,50146,127,1741
120,1,68,64575,88,51416,127,3555
120,1,68,64575,88,51416,127,3555
120,1,68,6416,88,52686,127,5332
120,1,68,6416,88,52686,127,5332
120,1,68,6416,88,52686,127,5332
120,1,68,63745,88,53955,127,7144
120,1,68,63745,88,53955,127,7144
120,1,68,63306,88,55273,127,8993
120,1,68,63306,88,55273,127,8993
120,1,68,62891,88,56543,128,08
120,1,68,62891,88,56543,128,08
120,1,68,62476,88,57764,128,2574
120,1,68,62476,88,57764,128,2574
120,1,68,62476,88,57764,128,2574
120,1,68,62061,88,58984,128,4352
120,1,68,62061,88,58984,128,4352
120,1,68,62061,88,58984,128,4352
120,1,68,61572,88,60449,128,6425
120,1,68,61572,88,60449,128,6425
120,1,68,6106,88,61914,128,8542
120,1,68,6106,88,61914,128,8542
120,1,68,6106,88,61914,128,8542
120,1,68,60547,88,63428,129,0698
120,1,68,60547,88,63428,129,0698
120,1,68,60547,88,63428,129,0698
120,1,68,60547,88,63428,129,0698
120,1,68,60547,88,63428,129,0698
120,1,68,60547,88,63428,129,0698
120,1,68,60547,88,63428,129,0698
120,1,68,60547,88,63428,129,0698
120,1,68,60034,88,6499,129,2888
120,1,68,60034,88,6499,129,2888
120,1,68,60034,88,6499,129,2888
120,1,68,59497,88,66602,129,5181
120,1,68,59497,88,66602,129,5181
120,1,68,59497,88,66602,129,5181
120,1,68,58374,88,68115,129,7621
120,1,68,58374,88,68115,129,7621
120,1,68,58374,88,68115,129,7621
120,1,68,56689,88,69482,130,016
120,1,68,56689,88,69482,130,016
120,1,68,55371,88,70557,130,2136
120,1,68,55371,88,70557,130,2136
120,1,68,5415,88,71533,130,3964
120,1,68,5415,88,71533,130,3964
120,1,68,5415,88,71533,130,3964
120,1,68,52832,88,72607,130,5967
120,1,68,52832,88,72607,130,5967
120,1,68,51636,88,73584,130,776
120,1,68,51636,88,73584,130,776
120,1,68,50415,88,74561,130,9604
120,1,68,50415,88,74561,130,9604
120,1,68,50415,88,74561,130,9604
120,1,68,4917,88,75586,131,1478
120,1,68,4917,88,75586,131,1478
120,1,68,47925,88,76611,131,3347
120,1,68,47925,88,76611,131,3347
120,1,68,47925,88,76611,131,3347
120,1,68,46704,88,77637,131,5194
120,1,68,46704,88,77637,131,5194
120,1,68,45337,88,7876,131,7263
120,1,68,45337,88,7876,131,7263
120,1,68,45337,88,7876,131,7263
120,1,68,43872,88,79932,131,9467
120,1,68,43872,88,79932,131,9467
120,1,68,43872,88,79932,131,9467
120,1,68,42554,88,81006,132,1455
120,1,68,42554,88,81006,132,1455
120,1,68,41064,88,82227,132,3688
120,1,68,41064,88,82227,132,3688
120,1,68,39771,88,83301,132,5657
120,1,68,39771,88,83301,132,5657
120,1,68,39771,88,83301,132,5657
120,1,68,38574,88,84277,132,7448
120,1,68,38574,88,84277,132,7448
120,1,68,37378,88,85254,132,9247
120,1,68,37378,88,85254,132,9247
120,1,68,36084,88,86279,133,1191
120,1,68,36084,88,86279,133,1191
120,1,68,36084,88,86279,133,1191
120,1,68,36084,88,86279,133,1191
120,2,68,36084,88,86279,133,1191
120,2,68,36084,88,86279,133,1191
120,2,68,36084,88,86279,133,1191
120,2,68,34814,88,87354,133,313
120,2,68,34814,88,87354,133,313
120,2,68,34814,88,87354,133,313
120,2,68,33594,88,8833,133,4973
120,2,68,33594,88,8833,133,4973
120,2,68,31909,88,8877,133,6794
120,2,68,31909,88,8877,133,6794
120,2,68,31909,88,8877,133,6794
120,2,68,29517,88,88477,133,8684
120,2,68,29517,88,88477,133,8684
120,2,68,26709,88,88135,134,0902
120,2,68,26709,88,88135,134,0902
120,2,68,26709,88,88135,134,0902
120,2,68,2417,88,87793,134,29
120,2,68,2417,88,87793,134,29
120,2,68,21753,88,875,134,48
120,2,68,21753,88,875,134,48
120,2,68,21753,88,875,134,48
120,2,68,19214,88,87158,134,6803
120,2,68,19214,88,87158,134,6803
120,2,68,16699,88,86816,134,8781
120,2,68,16699,88,86816,134,8781
120,2,68,16699,88,86816,134,8781
120,2,68,14233,88,86523,135,0725
120,2,68,14233,88,86523,135,0725
120,2,68,11865,88,8623,135,2592
120,2,68,11865,88,8623,135,2592
120,2,68,09253,88,85889,135,4646
120,2,68,09253,88,85889,135,4646
120,2,68,09253,88,85889,135,4646
120,2,68,06934,88,85596,135,6481
120,2,68,06934,88,85596,135,6481
120,2,68,04688,88,85303,135,8248
120,2,68,04688,88,85303,135,8248
120,2,68,04688,88,85303,135,8248
120,2,68,021,88,84961,136,0292
120,2,68,021,88,84961,136,0292
120,2,67,9978,88,84668,136,2136
120,2,67,9978,88,84668,136,2136
120,2,67,9978,88,84668,136,2136
120,2,67,97021,88,84326,136,4326
120,2,67,97021,88,84326,136,4326
120,2,67,94751,88,84033,136,6116
120,2,67,94751,88,84033,136,6116
120,2,67,92456,88,8374,136,7927
120,2,67,92456,88,8374,136,7927
120,2,67,92456,88,8374,136,7927
120,2,67,90063,88,83398,136,9819
120,2,67,90063,88,83398,136,9819
120,2,67,87793,88,79883,137,181
120,2,67,87793,88,79883,137,181
120,2,67,87793,88,79883,137,181
120,2,67,87793,88,79883,137,181
120,2,67,87793,88,79883,137,181
120,2,67,87793,88,79883,137,181
120,2,67,87793,88,79883,137,181
120,2,67,87793,88,79883,137,181
120,2,67,87793,88,79883,137,181
120,2,67,87793,88,79883,137,181
120,2,67,87793,88,79883,137,181
120,2,67,87793,88,79883,137,181
120,2,67,87793,88,79883,137,181
120,2,67,87793,88,79883,137,181
120,2,67,87793,88,79883,137,181
120,2,67,85693,88,76123,137,3687
120,2,67,85693,88,76123,137,3687
120,2,67,85693,88,76123,137,3687
120,2,67,83545,88,72266,137,561
120,2,67,83545,88,72266,137,561
120,2,67,8125,88,68164,137,7659
120,2,67,8125,88,68164,137,7659
120,2,67,8125,88,68164,137,7659
120,2,67,79028,88,64209,137,9635
120,2,67,79028,88,64209,137,9635
120,2,67,76929,88,60449,138,151
120,2,67,76929,88,60449,138,151
120,2,67,76929,88,60449,138,151
120,2,67,74805,88,56689,138,3406
120,2,67,74805,88,56689,138,3406
120,2,67,72559,88,52686,138,5406
120,2,67,72559,88,52686,138,5406
120,2,67,70361,88,48779,138,736
120,2,67,70361,88,48779,138,736
120,2,67,70361,88,48779,138,736
120,2,67,68286,88,45068,138,921
120,2,67,68286,88,45068,138,921
120,2,67,68286,88,45068,138,921
120,2,67,66016,88,41016,139,1245
120,2,67,66016,88,41016,139,1245
120,2,67,63672,88,36816,139,3347
120,2,67,63672,88,36816,139,3347
120,2,67,63672,88,36816,139,3347
120,2,67,61499,88,32959,139,5293
120,2,67,61499,88,32959,139,5293
120,2,67,59448,88,29297,139,7118
120,2,67,59448,88,29297,139,7118
120,2,67,59448,88,29297,139,7118
120,2,67,57129,88,25146,139,9199
120,2,67,57129,88,25146,139,9199
120,2,67,54883,88,21191,140,1195
120,2,67,54883,88,21191,140,1195
120,2,67,54883,88,21191,140,1195
120,2,67,52686,88,17285,140,3157
120,2,67,52686,88,17285,140,3157
120,2,67,5061,88,13574,140,5012
120,2,67,5061,88,13574,140,5012
120,2,67,48096,88,10352,140,696
120,2,67,48096,88,10352,140,696
120,2,67,48096,88,10352,140,696
120,2,67,45337,88,08057,140,8809
120,2,67,45337,88,08057,140,8809
120,2,67,45337,88,08057,140,8809
120,2,67,42407,88,05615,141,078
120,2,67,42407,88,05615,141,078
120,2,67,42407,88,05615,141,078
120,2,67,42407,88,05615,141,078
120,2,67,42407,88,05615,141,078
120,2,67,42407,88,05615,141,078
120,2,67,42407,88,05615,141,078
120,2,67,42407,88,05615,141,078
120,2,67,42407,88,05615,141,078
120,2,67,42407,88,05615,141,078
120,2,67,42407,88,05615,141,078
120,2,67,42407,88,05615,141,078
120,2,67,42407,88,05615,141,078
120,2,67,42407,88,05615,141,078
120,3,67,42407,88,05615,141,078
120,3,67,42407,88,05615,141,078
120,3,67,42407,88,05615,141,078
120,3,67,42407,88,05615,141,078
120,3,67,42407,88,05615,141,078
120,3,67,39233,88,0293,141,2915
120,3,67,39233,88,0293,141,2915
120,3,67,39233,88,0293,141,2915
120,3,67,3606,88,00293,141,5052
120,3,67,3606,88,00293,141,5052
120,3,67,3291,87,97656,141,7173
120,3,67,3291,87,97656,141,7173
120,3,67,3291,87,97656,141,7173
120,3,67,29834,87,95068,141,9241
120,3,67,29834,87,95068,141,9241
120,3,67,27026,87,92725,142,113
120,3,67,27026,87,92725,142,113
120,3,67,27026,87,92725,142,113
120,3,67,24194,87,8584,142,3025
120,3,67,24194,87,8584,142,3025
120,3,67,21753,87,76025,142,464
120,3,67,21753,87,76025,142,464
120,3,67,19312,87,66162,142,6265
120,3,67,19312,87,66162,142,6265
120,3,67,19312,87,66162,142,6265
120,3,67,16772,87,55908,142,7948
120,3,67,16772,87,55908,142,7948
120,3,67,14331,87,45996,142,9578
120,3,67,14331,87,45996,142,9578
120,3,67,14331,87,45996,142,9578
120,3,67,1189,87,36182,143,1191
120,3,67,1189,87,36182,143,1191
120,3,67,1189,87,36182,143,1191
120,3,67,08936,87,24316,143,3149
120,3,67,08936,87,24316,143,3149
120,3,67,06519,87,14551,143,4761
120,3,67,06519,87,14551,143,4761
120,3,67,04053,87,0459,143,6398
120,3,67,04053,87,0459,143,6398
120,3,67,04053,87,0459,143,6398
120,3,67,01636,86,93994,143,8011
120,3,67,01636,86,93994,143,8011
120,3,66,99072,86,82617,143,9722
120,3,66,99072,86,82617,143,9722
120,3,66,99072,86,82617,143,9722
120,3,66,9668,86,72021,144,1318
120,3,66,9668,86,72021,144,1318
120,3,66,94238,86,61279,144,2933
120,3,66,94238,86,61279,144,2933
120,3,66,94238,86,61279,144,2933
120,3,66,91821,86,50635,144,4531
120,3,66,91821,86,50635,144,4531
120,3,66,89453,86,40137,144,611
120,3,66,89453,86,40137,144,611
120,3,66,87183,86,30127,144,7617
120,3,66,87183,86,30127,144,7617
120,3,66,87183,86,30127,144,7617
120,3,66,87183,86,30127,144,7617
120,3,66,87183,86,30127,144,7617
120,3,66,87183,86,30127,144,7617
120,3,66,87183,86,30127,144,7617
120,3,66,87183,86,30127,144,7617
120,3,66,87183,86,30127,144,7617
120,3,66,87183,86,30127,144,7617
120,3,66,87183,86,30127,144,7617
120,3,66,87183,86,30127,144,7617
120,3,66,87183,86,30127,144,7617
120,3,66,87183,86,30127,144,7617
120,3,66,87183,86,30127,144,7617
120,3,66,84912,86,20068,144,9131
120,3,66,84912,86,20068,144,9131
120,3,66,81372,86,12939,145,0653
120,3,66,81372,86,12939,145,0653
120,3,66,76929,86,06543,145,231
120,3,66,76929,86,06543,145,231
120,3,66,72534,86,00244,145,3953
120,3,66,72534,86,00244,145,3953
120,3,66,72534,86,00244,145,3953
120,3,66,6792,85,93604,145,5674
120,3,66,6792,85,93604,145,5674
120,3,66,63721,85,87549,145,7244
120,3,66,63721,85,87549,145,7244
120,3,66,59351,85,81299,145,8872
120,3,66,59351,85,81299,145,8872
120,3,66,55054,85,75098,146,0477
120,3,66,55054,85,75098,146,0477
120,3,66,51221,85,68506,146,2042
120,3,66,51221,85,68506,146,2042
120,3,66,51221,85,68506,146,2042
120,3,66,4856,85,60498,146,3564
120,3,66,4856,85,60498,146,3564
120,3,66,45508,85,51318,146,5305
120,3,66,45508,85,51318,146,5305
120,3,66,45508,85,51318,146,5305
120,3,66,42651,85,42676,146,6943
120,3,66,42651,85,42676,146,6943
120,3,66,39819,85,34131,146,8563
120,3,66,39819,85,34131,146,8563
120,3,66,37012,85,25684,147,0167
120,3,66,37012,85,25684,147,0167
120,3,66,37012,85,25684,147,0167
120,3,66,34009,85,16553,147,1893
120,3,66,34009,85,16553,147,1893
120,3,66,31201,85,08057,147,35
120,3,66,31201,85,08057,147,35
120,3,66,28442,84,99756,147,5078
120,3,66,28442,84,99756,147,5078
120,3,66,28442,84,99756,147,5078
120,3,66,25513,84,90869,147,6763
120,3,66,25513,84,90869,147,6763
120,3,66,22729,84,82471,147,8351
120,3,66,22729,84,82471,147,8351
120,3,66,18433,84,75146,147,9954
120,3,66,18433,84,75146,147,9954
120,3,66,14307,84,68213,148,1482
120,3,66,14307,84,68213,148,1482
120,3,66,14307,84,68213,148,1482
120,3,66,10059,84,61035,148,3058
120,3,66,10059,84,61035,148,3058
120,3,66,10059,84,61035,148,3058
120,3,66,10059,84,61035,148,3058
120,3,66,10059,84,61035,148,3058
120,3,66,10059,84,61035,148,3058
120,3,66,10059,84,61035,148,3058
120,3,66,10059,84,61035,148,3058
120,3,66,10059,84,61035,148,3058
120,3,66,10059,84,61035,148,3058
120,3,66,10059,84,61035,148,3058
120,3,66,10059,84,61035,148,3058
120,3,66,10059,84,61035,148,3058
120,3,66,10059,84,61035,148,3058
120,3,66,10059,84,61035,148,3058
120,3,66,10059,84,61035,148,3058
120,3,66,10059,84,61035,148,3058
120,3,66,10059,84,61035,148,3058
120,3,66,10059,84,61035,148,3058
120,3,66,10059,84,61035,148,3058
120,3,66,10059,84,61035,148,3058
120,3,66,10059,84,61035,148,3058
120,3,66,10059,84,61035,148,3058
120,3,66,10059,84,61035,148,3058
120,3,66,10059,84,61035,148,3058
120,3,66,10059,84,61035,148,3058
120,3,66,10059,84,61035,148,3058
120,3,66,10059,84,61035,148,3058
120,3,66,10059,84,61035,148,3058
120,3,66,10059,84,61035,148,3058
120,3,66,10059,84,61035,148,3058
120,3,66,10059,84,61035,148,3058
120,3,66,10059,84,61035,148,3058
120,3,66,10059,84,61035,148,3058
120,3,66,10059,84,61035,148,3058
120,3,66,10059,84,61035,148,3058
120,3,66,10059,84,61035,148,3058
120,3,66,10059,84,61035,148,3058
120,3,66,10059,84,61035,148,3058
120,3,66,10059,84,61035,148,3058
120,3,66,10059,84,61035,148,3058
120,3,66,10059,84,61035,148,3058
120,3,66,10059,84,61035,148,3058
120,3,66,10059,84,61035,148,3058
120,3,66,10059,84,61035,148,3058
120,3,66,10059,84,61035,148,3058
120,3,66,10059,84,61035,148,3058
120,3,66,10059,84,61035,148,3058
120,3,66,10059,84,61035,148,3058
120,3,66,10059,84,61035,148,3058
120,3,66,10059,84,61035,148,3058
120,3,66,10059,84,61035,148,3058
120,3,66,10059,84,61035,148,3058
120,3,66,10059,84,61035,148,3058
120,3,66,10059,84,61035,148,3058
120,3,66,10059,84,61035,148,3058
120,3,66,10059,84,61035,148,3058
120,3,66,10059,84,61035,148,3058
120,3,66,10059,84,61035,148,3058
120,3,66,10059,84,61035,148,3058
120,3,66,10059,84,61035,148,3058
120,3,66,10059,84,61035,148,3058
120,3,66,10059,84,61035,148,3058
120,3,66,10059,84,61035,148,3058
120,3,66,10059,84,61035,148,3058
120,3,66,10059,84,61035,148,3058
120,3,66,10059,84,61035,148,3058
120,3,66,10059,84,61035,148,3058
120,3,66,10059,84,61035,148,3058
120,3,66,10059,84,61035,148,3058
120,3,66,10059,84,61035,148,3058
120,3,66,10059,84,61035,148,3058
120,3,66,10059,84,61035,148,3058
120,3,66,10059,84,61035,148,3058
120,3,66,10059,84,61035,148,3058
120,3,66,10059,84,61035,148,3058
120,3,66,10059,84,61035,148,3058
120,3,66,10059,84,61035,148,3058
120,3,66,10059,84,61035,148,3058
120,3,66,10059,84,61035,148,3058
120,3,66,10059,84,61035,148,3058
120,3,66,10059,84,61035,148,3058
120,3,66,10059,84,61035,148,3058
120,3,66,10059,84,61035,148,3058
120,3,66,10059,84,61035,148,3058
120,3,66,10059,84,61035,148,3058
120,3,66,10059,84,61035,148,3058
120,3,66,10059,84,61035,148,3058
120,3,66,10059,84,61035,148,3058
120,3,66,10059,84,61035,148,3058
120,3,66,10059,84,61035,148,3058
120,3,66,10059,84,61035,148,3058
120,3,66,10059,84,61035,148,3058
120,3,66,10059,84,61035,148,3058
120,3,66,10059,84,61035,148,3058
120,3,66,10059,84,61035,148,3058
120,3,66,10059,84,61035,148,3058
120,3,66,10059,84,61035,148,3058
120,3,66,10059,84,61035,148,3058
120,3,66,10059,84,61035,148,3058
120,3,66,10059,84,61035,148,3058
120,3,66,10059,84,61035,148,3058
120,3,66,10059,84,61035,148,3058
120,3,66,10059,84,61035,148,3058
120,3,66,10059,84,61035,148,3058
120,3,66,10059,84,61035,148,3058
120,3,66,10059,84,61035,148,3058
120,3,66,10059,84,61035,148,3058
120,3,66,10059,84,61035,148,3058
120,3,66,10059,84,61035,148,3058
120,3,66,10059,84,61035,148,3058
120,3,66,10059,84,61035,148,3058
120,3,66,10059,84,61035,148,3058
120,3,66,10059,84,61035,148,3058
120,3,66,10059,84,61035,148,3058
120,3,66,10059,84,61035,148,3058
120,3,66,10059,84,61035,148,3058
120,3,66,10059,84,61035,148,3058
120,3,66,10059,84,61035,148,3058
120,3,66,10059,84,61035,148,3058
120,3,66,10059,84,61035,148,3058
120,3,66,10059,84,61035,148,3058
120,3,66,10059,84,61035,148,3058
120,3,66,10059,84,61035,148,3058
120,3,66,10059,84,61035,148,3058
120,3,66,10059,84,61035,148,3058
120,3,66,10059,84,61035,148,3058
120,3,66,10059,84,61035,148,3058
120,3,66,10059,84,61035,148,3058
120,3,66,10059,84,61035,148,3058
120,3,66,10059,84,61035,148,3058
120,3,66,10059,84,61035,148,3058
120,3,66,10059,84,61035,148,3058
120,3,66,10059,84,61035,148,3058
120,3,66,10059,84,61035,148,3058
120,3,66,10059,84,61035,148,3058
120,3,66,10059,84,61035,148,3058
120,3,66,10059,84,61035,148,3058
120,3,66,10059,84,61035,148,3058
120,3,66,10059,84,61035,148,3058
120,3,66,10059,84,61035,148,3058
120,3,66,10059,84,61035,148,3058
120,3,66,10059,84,61035,148,3058
120,3,66,10059,84,61035,148,3058
120,3,66,10059,84,61035,148,3058
120,3,66,10059,84,61035,148,3058
120,3,66,10059,84,61035,148,3058
120,3,66,10059,84,61035,148,3058
120,3,66,10059,84,61035,148,3058
120,3,66,10059,84,61035,148,3058
120,3,66,10059,84,61035,148,3058
120,3,66,10059,84,61035,148,3058
120,3,66,10059,84,61035,148,3058
120,3,66,10059,84,61035,148,3058
120,3,66,10059,84,61035,148,3058
120,3,66,10059,84,61035,148,3058
120,3,66,10059,84,61035,148,3058
120,3,66,10059,84,61035,148,3058
120,3,66,10059,84,61035,148,3058
120,3,66,10059,84,61035,148,3058
120,3,66,10059,84,61035,148,3058
120,3,66,10059,84,61035,148,3058
120,3,66,10059,84,61035,148,3058
120,3,66,10059,84,61035,148,3058
120,3,66,10059,84,61035,148,3058
120,3,66,10059,84,61035,148,3058
120,3,66,10059,84,61035,148,3058
120,3,66,10059,84,61035,148,3058
120,3,66,10059,84,61035,148,3058
120,3,66,10059,84,61035,148,3058
120,3,66,10059,84,61035,148,3058
120,3,66,10059,84,61035,148,3058
120,3,66,10059,84,61035,148,3058
120,3,66,10059,84,61035,148,3058
120,3,66,10059,84,61035,148,3058
120,3,66,10059,84,61035,148,3058
120,3,66,10059,84,61035,148,3058
120,3,66,10059,84,61035,148,3058
120,3,66,10059,84,61035,148,3058
120,3,66,10059,84,61035,148,3058
120,3,66,10059,84,61035,148,3058
120,3,66,10059,84,61035,148,3058
120,3,66,10059,84,61035,148,3058
120,3,66,10059,84,61035,148,3058
120,3,66,10059,84,61035,148,3058
120,3,66,10059,84,61035,148,3058
120,3,66,10059,84,61035,148,3058
120,3,66,10059,84,61035,148,3058
120,3,66,10059,84,61035,148,3058
120,3,66,10059,84,61035,148,3058
120,3,66,10059,84,61035,148,3058
120,3,66,10059,84,61035,148,3058
120,3,66,10059,84,61035,148,3058
120,3,66,10059,84,61035,148,3058
120,3,66,10059,84,61035,148,3058
120,3,66,10059,84,61035,148,3058
120,3,66,10059,84,61035,148,3058
120,3,66,10059,84,61035,148,3058
120,3,66,10059,84,61035,148,3058
120,3,66,10059,84,61035,148,3058
120,3,66,10059,84,61035,148,3058
120,3,66,10059,84,61035,148,3058
120,3,66,10059,84,61035,148,3058
120,3,66,10059,84,61035,148,3058
120,3,66,10059,84,61035,148,3058
120,3,66,10059,84,61035,148,3058
120,3,66,10059,84,61035,148,3058
120,3,66,10059,84,61035,148,3058
120,3,66,10059,84,61035,148,3058
120,3,66,10059,84,61035,148,3058
120,3,66,10059,84,61035,148,3058
120,3,66,10059,84,61035,148,3058
120,3,66,10059,84,61035,148,3058
120,3,66,10059,84,61035,148,3058
120,3,66,10059,84,61035,148,3058
120,3,66,10059,84,61035,148,3058
120,3,66,10059,84,61035,148,3058
120,3,66,10059,84,61035,148,3058
120,3,66,10059,84,61035,148,3058
120,3,66,10059,84,61035,148,3058
120,3,66,10059,84,61035,148,3058
120,3,66,10059,84,61035,148,3058
120,3,66,10059,84,61035,148,3058
120,3,66,10059,84,61035,148,3058
120,3,66,10059,84,61035,148,3058
120,3,66,10059,84,61035,148,3058
120,3,66,10059,84,61035,148,3058
120,3,66,10059,84,61035,148,3058
120,3,66,10059,84,61035,148,3058
120,3,66,10059,84,61035,148,3058
120,3,66,10059,84,61035,148,3058
120,3,66,10059,84,61035,148,3058
120,3,66,10059,84,61035,148,3058
120,3,66,10059,84,61035,148,3058
120,3,66,10059,84,61035,148,3058
120,3,66,10059,84,61035,148,3058
120,3,66,10059,84,61035,148,3058
120,3,66,10059,84,61035,148,3058
120,3,66,10059,84,61035,148,3058
120,3,66,10059,84,61035,148,3058
120,3,66,10059,84,61035,148,3058
120,3,66,10059,84,61035,148,3058
120,3,66,10059,84,61035,148,3058
120,3,66,10059,84,61035,148,3058
120,3,66,10059,84,61035,148,3058
120,3,66,10059,84,61035,148,3058
120,3,66,10059,84,61035,148,3058
120,3,66,10059,84,61035,148,3058
120,3,66,10059,84,61035,148,3058
120,3,66,10059,84,61035,148,3058
120,3,66,10059,84,61035,148,3058
120,3,66,10059,84,61035,148,3058
120,3,66,10059,84,61035,148,3058
120,3,66,10059,84,61035,148,3058
120,3,66,10059,84,61035,148,3058
120,3,66,10059,84,61035,148,3058
120,3,66,10059,84,61035,148,3058
120,3,66,10059,84,61035,148,3058
120,4,66,10059,84,61035,148,3058
120,4,66,10059,84,61035,148,3058
120,4,66,10059,84,61035,148,3058
120,4,66,05908,84,54053,148,4595
120,4,66,05908,84,54053,148,4595
120,4,66,0166,84,46924,148,6165
120,4,66,0166,84,46924,148,6165
120,4,65,97437,84,39844,148,7722
120,4,65,97437,84,39844,148,7722
120,4,65,93066,84,3252,148,9338
120,4,65,93066,84,3252,148,9338
120,4,65,93066,84,3252,148,9338
120,4,65,8877,84,25293,149,0931
120,4,65,8877,84,25293,149,0931
120,4,65,8877,84,25293,149,0931
120,4,65,83789,84,16943,149,2772
120,4,65,83789,84,16943,149,2772
120,4,65,78589,84,08154,149,4702
120,4,65,78589,84,08154,149,4702
120,4,65,73853,84,00146,149,6458
120,4,65,73853,84,00146,149,6458
120,4,65,69629,83,92871,149,8035
120,4,65,69629,83,92871,149,8035
120,4,65,69629,83,92871,149,8035
120,4,65,66089,83,85547,149,9491
120,4,65,66089,83,85547,149,9491
120,4,65,62378,83,77832,150,1021
120,4,65,62378,83,77832,150,1021
120,4,65,58496,83,69775,150,2625
120,4,65,58496,83,69775,150,2625
120,4,65,5459,83,6167,150,424
120,4,65,5459,83,6167,150,424
120,4,65,51147,83,54541,150,5654
120,4,65,51147,83,54541,150,5654
120,4,65,51147,83,54541,150,5654
120,4,65,47437,83,46826,150,7185
120,4,65,47437,83,46826,150,7185
120,4,65,47437,83,46826,150,7185
120,4,65,42896,83,37402,150,9055
120,4,65,42896,83,37402,150,9055
120,4,65,42896,83,37402,150,9055
120,4,65,37866,83,27002,151,1125
120,4,65,37866,83,27002,151,1125
120,4,65,33667,83,18311,151,2854
120,4,65,33667,83,18311,151,2854
120,4,65,30005,83,10693,151,4363
120,4,65,30005,83,10693,151,4363
120,4,65,30005,83,10693,151,4363
120,4,65,25879,83,00391,151,6288
120,4,65,25879,83,00391,151,6288
120,4,65,23267,82,92236,151,7706
120,4,65,23267,82,92236,151,7706
120,4,65,20728,82,84229,151,9094
120,4,65,20728,82,84229,151,9094
120,4,65,20728,82,84229,151,9094
120,4,65,20728,82,84229,151,9094
120,4,65,20728,82,84229,151,9094
120,4,65,20728,82,84229,151,9094
120,4,65,20728,82,84229,151,9094
120,4,65,17749,82,74902,152,0715
120,4,65,17749,82,74902,152,0715
120,4,65,17749,82,74902,152,0715
120,4,65,14526,82,64795,152,2469
120,4,65,14526,82,64795,152,2469
120,4,65,11084,82,54004,152,4346
120,4,65,11084,82,54004,152,4346
120,4,65,08594,82,4624,152,5699
120,4,65,08594,82,4624,152,5699
120,4,65,05859,82,37695,152,7188
120,4,65,05859,82,37695,152,7188
120,4,65,03003,82,28662,152,8752
120,4,65,03003,82,28662,152,8752
120,4,65,00415,82,20557,153,016
120,4,65,00415,82,20557,153,016
120,4,65,00415,82,20557,153,016
120,4,64,97925,82,13477,153,1702
120,4,64,97925,82,13477,153,1702
120,4,64,97925,82,13477,153,1702
120,4,64,94897,82,05664,153,3716
120,4,64,94897,82,05664,153,3716
120,4,64,91992,81,98145,153,5649
120,4,64,91992,81,98145,153,5649
120,4,64,89771,81,92383,153,7126
120,4,64,89771,81,92383,153,7126
120,4,64,87329,81,86084,153,875
120,4,64,87329,81,86084,153,875
120,4,64,85107,81,80371,154,022
120,4,64,85107,81,80371,154,022
120,4,64,82935,81,74805,154,1654
120,4,64,82935,81,74805,154,1654
120,4,64,802,81,6626,154,3473
120,4,64,802,81,6626,154,3473
120,4,64,78198,81,59668,154,48
120,4,64,78198,81,59668,154,48
120,4,64,76099,81,52783,154,6187
120,4,64,76099,81,52783,154,6187
120,4,64,76099,81,52783,154,6187
120,4,64,73926,81,45605,154,7631
120,4,64,73926,81,45605,154,7631
120,4,64,71167,81,36475,154,947
120,4,64,71167,81,36475,154,947
120,4,64,69165,81,29883,155,0802
120,4,64,69165,81,29883,155,0802
120,4,64,66992,81,22705,155,2247
120,4,64,66992,81,22705,155,2247
120,4,64,64819,81,15576,155,3689
120,4,64,64819,81,15576,155,3689
120,4,64,62671,81,08496,155,5112
120,4,64,62671,81,08496,155,5112
120,4,64,62671,81,08496,155,5112
120,4,64,62671,81,08496,155,5112
120,5,64,62671,81,08496,155,5112
120,5,64,62671,81,08496,155,5112
120,5,64,62671,81,08496,155,5112
120,5,64,60596,81,01709,155,6483
120,5,64,60596,81,01709,155,6483
120,5,64,60596,81,01709,155,6483
120,5,64,5791,80,92871,155,8264
120,5,64,5791,80,92871,155,8264
120,5,64,55273,80,84229,155,9999
120,5,64,55273,80,84229,155,9999
120,5,64,55273,80,84229,155,9999
120,5,64,52002,80,75049,156,1689
120,5,64,52002,80,75049,156,1689
120,5,64,48608,80,65527,156,3445
120,5,64,48608,80,65527,156,3445
120,5,64,45923,80,58057,156,4829
120,5,64,45923,80,58057,156,4829
120,5,64,43066,80,50049,156,6304
120,5,64,43066,80,50049,156,6304
120,5,64,40283,80,42236,156,7742
120,5,64,40283,80,42236,156,7742
120,5,64,37378,80,34082,156,9244
120,5,64,37378,80,34082,156,9244
120,5,64,34546,80,26221,157,0697
120,5,64,34546,80,26221,157,0697
120,5,64,31787,80,18506,157,2122
120,5,64,31787,80,18506,157,2122
120,5,64,29053,80,10889,157,3533
120,5,64,29053,80,10889,157,3533
120,5,64,26392,80,03516,157,4896
120,5,64,26392,80,03516,157,4896
120,5,64,26392,80,03516,157,4896
120,5,64,23779,79,96191,157,6339
120,5,64,23779,79,96191,157,6339
120,5,64,22949,79,93896,157,8162
120,5,64,22949,79,93896,157,8162
120,5,64,22168,79,91748,157,989
120,5,64,22168,79,91748,157,989
120,5,64,21411,79,89648,158,1571
120,5,64,21411,79,89648,158,1571
120,5,64,20654,79,87598,158,322
120,5,64,20654,79,87598,158,322
120,5,64,19849,79,854,158,4956
120,5,64,19849,79,854,158,4956
120,5,64,19092,79,83301,158,6631
120,5,64,19092,79,83301,158,6631
120,5,64,19092,79,83301,158,6631
120,5,64,18286,79,81055,158,8405
120,5,64,18286,79,81055,158,8405
120,5,64,17358,79,78516,159,0406
120,5,64,17358,79,78516,159,0406
120,5,64,16626,79,76465,159,2035
120,5,64,16626,79,76465,159,2035
120,5,64,16626,79,76465,159,2035
120,5,64,16626,79,76465,159,2035
120,5,64,16626,79,76465,159,2035
120,5,64,16626,79,76465,159,2035
120,5,64,16626,79,76465,159,2035
120,5,64,16626,79,76465,159,2035
120,5,64,16626,79,76465,159,2035
120,5,64,16626,79,76465,159,2035
120,5,64,16626,79,76465,159,2035
120,5,64,16626,79,76465,159,2035
120,5,64,16626,79,76465,159,2035
120,5,64,16626,79,76465,159,2035
120,5,64,15771,79,74121,159,3896
120,5,64,15771,79,74121,159,3896
120,5,64,1499,79,71973,159,562
120,5,64,1499,79,71973,159,562
120,5,64,14209,79,69824,159,7332
120,5,64,14209,79,69824,159,7332
120,5,64,13428,79,67725,159,9014
120,5,64,13428,79,67725,159,9014
120,5,64,12671,79,65674,160,0662
120,5,64,12671,79,65674,160,0662
120,5,64,11914,79,63574,160,2317
120,5,64,11914,79,63574,160,2317
120,5,64,11914,79,63574,160,2317
120,5,64,11133,79,61426,160,4028
120,5,64,11133,79,61426,160,4028
120,5,64,10352,79,59326,160,5709
120,5,64,10352,79,59326,160,5709
120,5,64,09595,79,57227,160,7361
120,5,64,09595,79,57227,160,7361
120,5,64,08838,79,55176,160,9005
120,5,64,08838,79,55176,160,9005
120,5,64,0813,79,53174,161,0591
120,5,64,0813,79,53174,161,0591
120,5,64,07373,79,51123,161,2235
120,5,64,07373,79,51123,161,2235
120,5,64,07959,79,49951,161,3866
120,5,64,07959,79,49951,161,3866
120,5,64,09424,79,49414,161,5529
120,5,64,09424,79,49414,161,5529
120,5,64,10962,79,48828,161,7281
120,5,64,10962,79,48828,161,7281
120,5,64,12427,79,48291,161,8943
120,5,64,12427,79,48291,161,8943
120,5,64,12427,79,48291,161,8943
120,5,64,13916,79,47754,162,0629
120,5,64,13916,79,47754,162,0629
120,5,64,15552,79,47119,162,2482
120,5,64,15552,79,47119,162,2482
120,5,64,17163,79,46533,162,4309
120,5,64,17163,79,46533,162,4309
120,5,64,1875,79,45947,162,6117
120,5,64,1875,79,45947,162,6117
120,5,64,1875,79,45947,162,6117
120,5,64,20288,79,45361,162,7864
120,5,64,20288,79,45361,162,7864
120,5,64,21924,79,44727,162,9729
120,5,64,21924,79,44727,162,9729
120,5,64,23486,79,44141,163,1486
120,5,64,23486,79,44141,163,1486
120,5,64,25024,79,43555,163,3228
120,5,64,25024,79,43555,163,3228
120,5,64,25024,79,43555,163,3228
120,5,64,25024,79,43555,163,3228
120,5,64,25024,79,43555,163,3228
120,5,64,25024,79,43555,163,3228
120,5,64,25024,79,43555,163,3228
120,5,64,25024,79,43555,163,3228
120,5,64,25024,79,43555,163,3228
120,5,64,25024,79,43555,163,3228
120,5,64,25024,79,43555,163,3228
120,6,64,25024,79,43555,163,3228
120,6,64,25024,79,43555,163,3228
120,6,64,25854,79,43262,163,4169
120,6,64,26855,79,42871,163,5303
120,6,64,27759,79,42529,163,6339
120,6,64,27759,79,42529,163,6339
120,6,64,28516,79,42236,163,7202
120,6,64,2937,79,41895,163,817
120,6,64,30176,79,41602,163,9091
120,6,64,30981,79,41309,164,001
120,6,64,31836,79,40967,164,0964
120,6,64,31836,79,40967,164,0964
120,6,64,3269,79,40625,164,1927
120,6,64,33521,79,40332,164,2871
120,6,64,34351,79,40039,164,3806
120,6,64,35156,79,39746,164,4727
120,6,64,36011,79,39404,164,5698
120,6,64,36011,79,39404,164,5698
120,6,64,3689,79,39063,164,6702
120,6,64,37695,79,3877,164,7605
120,6,64,38525,79,38477,164,8527
120,6,64,39355,79,38184,164,9448
120,6,64,40137,79,37891,165,0333
120,6,64,40942,79,37549,165,1256
120,6,64,41211,79,37256,165,2156
120,6,64,41357,79,37012,165,3059
120,6,64,41357,79,37012,165,3059
120,6,64,41504,79,36719,165,3975
120,6,64,4165,79,36426,165,4929
120,6,64,41797,79,36182,165,5803
120,6,64,41797,79,36182,165,5803
120,6,64,41992,79,3584,165,7021
120,6,64,41992,79,3584,165,7021
120,6,64,41992,79,3584,165,7021
120,6,64,41992,79,3584,165,7021
120,6,64,41992,79,3584,165,7021
120,6,64,42212,79,35449,165,8335
120,6,64,42871,79,34277,166,2333
120,6,64,43018,79,33984,166,326
120,6,64,43164,79,33691,166,418
120,6,64,43164,79,33691,166,418
120,6,64,43311,79,33398,166,5125
120,6,64,43457,79,33154,166,601
120,6,64,43604,79,3291,166,6901
120,6,64,4375,79,32666,166,7788
120,6,64,43896,79,32373,166,8708
120,6,64,44043,79,32129,166,9553
120,6,64,44189,79,31885,167,0444
120,6,64,44312,79,31641,167,1243
120,6,64,44458,79,31396,167,2103
120,6,64,44604,79,31152,167,2926
120,6,64,44751,79,30908,167,3809
120,6,64,44751,79,30908,167,3809
120,6,64,44751,79,30908,167,3809
120,6,64,44751,79,30908,167,3809
120,6,64,44751,79,30908,167,3809
120,6,64,44751,79,30908,167,3809
120,6,64,44751,79,30908,167,3809
120,6,64,44751,79,30908,167,3809
120,6,64,44751,79,30908,167,3809
120,6,64,44751,79,30908,167,3809
120,6,64,44995,79,30469,167,5209
120,6,64,44995,79,30469,167,5209
120,6,64,4519,79,30127,167,6418
120,6,64,4541,79,29736,167,7722
120,6,64,45532,79,29541,167,8385
120,6,64,45654,79,29297,167,9156
120,6,64,45874,79,28906,168,0406
120,6,64,46045,79,28564,168,1466
120,6,64,46143,79,28369,168,2112
120,6,64,46143,79,28369,168,2112
120,6,64,46289,79,28125,168,2922
120,6,64,46484,79,27783,168,4132
120,6,64,46484,79,27783,168,4132
120,6,64,4668,79,27441,168,5308
120,6,64,46875,79,271,168,6439
120,6,64,46997,79,26855,168,7194
120,6,64,47144,79,26611,168,807
120,6,64,47388,79,26172,168,9468
120,6,64,4751,79,25928,169,0238
120,6,64,47632,79,25684,169,0999
120,6,64,47778,79,25439,169,1831
120,6,64,479,79,25195,169,2616
120,6,64,48218,79,25098,169,3452
120,6,64,48828,79,25293,169,4216
120,6,64,49463,79,25488,169,4988
120,6,64,50195,79,25732,169,589
120,6,64,50781,79,25928,169,6627
120,6,64,51392,79,26123,169,7367
120,6,64,52002,79,26318,169,8131
120,6,64,52612,79,26514,169,8893
120,6,64,53223,79,26709,169,9651
120,6,64,53833,79,26904,170,0411
120,6,64,54492,79,271,170,1211
120,6,64,55103,79,27295,170,197
120,6,64,55103,79,27295,170,197
120,6,64,55762,79,2749,170,2769
120,6,64,56763,79,27783,170,3998
120,6,64,57373,79,27979,170,4763
120,6,64,58667,79,28369,170,6339
120,6,64,59229,79,28564,170,7026
120,6,64,59229,79,28564,170,7026
120,6,64,59229,79,28564,170,7026
120,6,64,59229,79,28564,170,7026
120,6,64,59229,79,28564,170,7026
120,6,64,59839,79,2876,170,7771
120,6,64,63062,79,29736,171,1757
120,6,64,63721,79,29932,171,2566
120,6,64,64282,79,30127,171,3267
120,7,64,64917,79,30322,171,4049
120,7,64,65552,79,30518,171,4833
120,7,64,66138,79,30713,171,556
120,7,64,66772,79,30908,171,6337
120,7,64,67432,79,31104,171,7146
120,7,64,68018,79,31299,171,7881
120,7,64,68652,79,31494,171,8652
120,7,64,69214,79,31689,171,9355
120,7,64,69824,79,31885,172,0122
120,7,64,70483,79,3208,172,0947
120,7,64,71094,79,32275,172,1693
120,7,64,71729,79,32471,172,2463
120,7,64,72363,79,32666,172,3236
120,7,64,73047,79,32861,172,407
120,7,64,73804,79,33105,172,5012
120,7,64,7439,79,33301,172,5728
120,7,64,75073,79,33496,172,657
120,7,64,75708,79,33691,172,735
120,7,64,76343,79,33887,172,8131
120,7,64,77026,79,34082,172,8962
120,7,64,77026,79,34082,172,8962
120,7,64,77881,79,34326,173,0027
120,7,64,79297,79,34766,173,1792
120,7,64,79907,79,34961,173,2534
120,7,64,80518,79,35156,173,3279
120,7,64,81104,79,35352,173,4009
120,7,64,81714,79,35547,173,4757
120,7,64,82349,79,35742,173,5543
120,7,64,83057,79,35889,173,6343
120,7,64,83765,79,35938,173,7051
120,7,64,84497,79,35986,173,7793
120,7,64,84497,79,35986,173,7793
120,7,64,84497,79,35986,173,7793
120,7,64,84497,79,35986,173,7793
120,7,64,84497,79,35986,173,7793
120,7,64,85181,79,36035,173,8484
120,7,64,85181,79,36035,173,8484
120,7,64,85181,79,36035,173,8484
120,7,64,8916,79,36377,174,2463
120,7,64,91577,79,36572,174,4885
120,7,64,91577,79,36572,174,4885
120,7,64,91577,79,36572,174,4885
120,7,64,92358,79,36621,174,5674
120,7,64,94995,79,36865,174,8293
120,7,64,94995,79,36865,174,8293
120,7,64,94995,79,36865,174,8293
120,7,64,9585,79,36914,174,9146
120,7,64,9585,79,36914,174,9146
120,7,64,9585,79,36914,174,9146
120,7,64,9585,79,36914,174,9146
120,7,64,9585,79,36914,174,9146
120,7,64,97925,79,37109,175,1205
120,7,65,01636,79,37402,175,4915
120,7,65,01636,79,37402,175,4915
120,7,65,02979,79,375,175,6248
120,7,65,04175,79,37598,175,7446
120,7,65,04175,79,37598,175,7446
120,7,65,05298,79,37695,175,8558
120,7,65,0647,79,37793,175,9717
120,7,65,0647,79,37793,175,9717
120,7,65,07715,79,37891,176,0953
120,7,65,08887,79,37988,176,2118
120,7,65,09595,79,38037,176,2833
120,7,65,10474,79,38135,176,3711
120,7,65,11304,79,38184,176,4536
120,7,65,12183,79,38281,176,5405
120,7,65,13037,79,3833,176,6261
120,7,65,13892,79,38428,176,7114
120,7,65,14844,79,38525,176,8069
120,7,65,15771,79,38623,176,8986
120,7,65,16626,79,38672,176,9852
120,7,65,16626,79,38672,176,9852
120,7,65,17529,79,3877,177,0754
120,7,65,18384,79,38818,177,162
120,7,65,19214,79,38867,177,2452
120,7,65,20752,79,38965,177,3984
120,7,65,21533,79,39063,177,4761
120,7,65,22314,79,3916,177,5555
120,7,65,23096,79,39209,177,6335
120,7,65,23877,79,39697,177,7036
120,7,65,2478,79,40234,177,7825
120,7,65,25586,79,40723,177,8528
120,7,65,26465,79,4126,177,9301
120,7,65,27319,79,41748,178,0055
120,7,65,28198,79,42285,178,0837
120,7,65,29053,79,42773,178,1598
120,7,65,29834,79,43213,178,228
120,7,65,3064,79,43701,178,2993
120,7,65,31519,79,44238,178,3765
120,7,65,32373,79,44727,178,4518
120,7,65,33228,79,45215,178,5265
120,7,65,34058,79,45703,178,6001
120,7,65,34912,79,46191,178,676
120,7,65,34912,79,46191,178,676
120,7,65,37598,79,47754,178,9138
120,8,65,38354,79,48193,178,9812
120,8,65,38354,79,48193,178,9812
120,8,65,39233,79,4873,179,0582
120,8,65,40283,79,49365,179,1509
120,8,65,41187,79,49902,179,2308
120,8,65,42896,79,50928,179,3834
120,8,65,43726,79,51416,179,4576
120,8,65,4458,79,51953,179,5337
120,8,65,45361,79,52393,179,6021
120,8,65,46167,79,52881,179,6732
120,8,65,46973,79,53369,179,7454
120,8,65,47778,79,53857,179,8158
120,8,65,47778,79,53857,179,8158
120,8,65,4873,79,54443,179,9006
120,8,65,50195,79,55322,180,0298
120,8,65,50195,79,55322,180,0298
120,8,65,51636,79,56152,180,1565
120,8,65,51636,79,56152,180,1565
120,8,65,53296,79,57129,180,303
120,8,65,54712,79,57959,180,4279
120,8,65,5603,79,5874,180,5452
120,8,65,57202,79,59424,180,6492
120,8,65,57983,79,59912,180,7185
120,8,65,57983,79,59912,180,7185
120,8,65,58984,79,60498,180,8079
120,8,65,58984,79,60498,180,8079
120,8,65,60669,79,61523,180,9563
120,8,65,62012,79,62305,181,0747
120,8,65,62012,79,62305,181,0747
120,8,65,63428,79,63135,181,1997
120,8,65,63428,79,63135,181,1997
120,8,65,64966,79,64063,181,3357
120,8,65,64966,79,64063,181,3357
120,8,65,66699,79,65137,181,4889
120,8,65,66699,79,65137,181,4889
120,8,65,68481,79,66016,181,6178
120,8,65,68481,79,66016,181,6178
120,8,65,72412,79,67236,181,8091
120,8,65,72412,79,67236,181,8091
120,8,65,75928,79,68359,181,981
120,8,65,75928,79,68359,181,981
120,8,65,78833,79,69287,182,123
120,8,65,78833,79,69287,182,123
120,8,65,81738,79,70215,182,2643
120,8,65,81738,79,70215,182,2643
120,8,65,84668,79,71143,182,407
120,8,65,87622,79,7207,182,5509
120,8,65,87622,79,7207,182,5509
120,8,65,90356,79,72949,182,6848
120,8,65,90356,79,72949,182,6848
120,8,65,93091,79,73828,182,8179
120,8,65,93091,79,73828,182,8179
120,8,65,95898,79,74707,182,9545
120,8,65,95898,79,74707,182,9545
120,8,65,98877,79,75635,183,0992
120,8,65,98877,79,75635,183,0992
120,8,66,02319,79,76709,183,2672
120,8,66,02319,79,76709,183,2672
120,8,66,02319,79,76709,183,2672
120,8,66,02319,79,76709,183,2672
120,8,66,02319,79,76709,183,2672
120,8,66,02319,79,76709,183,2672
120,8,66,02319,79,76709,183,2672
120,8,66,02319,79,76709,183,2672
120,8,66,02319,79,76709,183,2672
120,8,66,02319,79,76709,183,2672
120,8,66,02319,79,76709,183,2672
120,8,66,02319,79,76709,183,2672
120,8,66,05151,79,77588,183,405
120,8,66,05151,79,77588,183,405
120,8,66,08154,79,78516,183,5518
120,8,66,11035,79,79443,183,6919
120,8,66,11035,79,79443,183,6919
120,8,66,13916,79,80371,183,8322
120,8,66,13916,79,80371,183,8322
120,8,66,16602,79,81201,183,9633
120,8,66,16602,79,81201,183,9633
120,8,66,19385,79,8208,184,0994
120,8,66,22192,79,82959,184,2366
120,8,66,22192,79,82959,184,2366
120,8,66,24854,79,83789,184,3665
120,8,66,24854,79,83789,184,3665
120,8,66,27588,79,84668,184,4996
120,8,66,30273,79,85498,184,6309
120,8,66,30273,79,85498,184,6309
120,8,66,33008,79,86377,184,7639
120,8,66,33008,79,86377,184,7639
120,8,66,35645,79,87207,184,8917
120,8,66,3855,79,88135,185,0331
120,8,66,3855,79,88135,185,0331
120,8,66,41309,79,89014,185,168
120,8,66,41309,79,89014,185,168
120,8,66,44043,79,89844,185,3007
120,8,66,44043,79,89844,185,3007
120,8,66,46729,79,90674,185,4315
120,8,66,49951,79,90771,185,5647
120,8,66,49951,79,90771,185,5647
120,8,66,49951,79,90771,185,5647
120,8,66,5415,79,89746,185,7096
120,8,66,5415,79,89746,185,7096
120,8,66,59058,79,88525,185,8792
120,8,66,59058,79,88525,185,8792
120,8,66,64355,79,87256,186,0619
120,8,66,64355,79,87256,186,0619
120,8,66,69385,79,86035,186,235
120,8,66,69385,79,86035,186,235
120,8,66,73315,79,85059,186,3708
120,8,66,76611,79,84277,186,4847
120,8,66,78931,79,83691,186,5648
120,8,66,82275,79,82861,186,6799
120,8,66,82275,79,82861,186,6799
120,8,66,85327,79,82129,186,7848
120,8,66,88379,79,81396,186,8895
120,8,66,92554,79,80371,187,0327
120,8,66,9436,79,79932,187,0953
120,8,66,96094,79,79492,187,1555
120,8,66,97925,79,79053,187,219
120,8,66,97925,79,79053,187,219
120,8,66,97925,79,79053,187,219
120,8,66,97925,79,79053,187,219
120,8,66,97925,79,79053,187,219
120,8,66,97925,79,79053,187,219
120,8,66,97925,79,79053,187,219
120,8,66,97925,79,79053,187,219
120,8,66,97925,79,79053,187,219
120,8,66,97925,79,79053,187,219
120,8,66,97925,79,79053,187,219
120,8,66,97925,79,79053,187,219
120,8,66,97925,79,79053,187,219
120,8,66,97925,79,79053,187,219
120,8,66,97925,79,79053,187,219
120,8,66,97925,79,79053,187,219
120,8,66,97925,79,79053,187,219
120,8,66,97925,79,79053,187,219
120,8,66,97925,79,79053,187,219
120,8,66,97925,79,79053,187,219
120,8,66,97925,79,79053,187,219
120,8,66,97925,79,79053,187,219
120,8,66,97925,79,79053,187,219
120,8,66,97925,79,79053,187,219
120,8,66,97925,79,79053,187,219
120,8,66,97925,79,79053,187,219
120,8,66,97925,79,79053,187,219
120,8,66,97925,79,79053,187,219
120,8,66,97925,79,79053,187,219
120,8,66,97925,79,79053,187,219
120,8,66,97925,79,79053,187,219
120,8,66,97925,79,79053,187,219
120,8,66,97925,79,79053,187,219
120,8,66,97925,79,79053,187,219
120,8,66,97925,79,79053,187,219
120,8,66,97925,79,79053,187,219
120,8,66,97925,79,79053,187,219
120,8,66,97925,79,79053,187,219
120,8,66,97925,79,79053,187,219
120,8,66,97925,79,79053,187,219
120,8,66,97925,79,79053,187,219
120,8,66,97925,79,79053,187,219
120,8,66,97925,79,79053,187,219
120,8,66,97925,79,79053,187,219
120,8,66,97925,79,79053,187,219
120,8,66,97925,79,79053,187,219
120,8,66,97925,79,79053,187,219
120,8,66,97925,79,79053,187,219
120,8,66,97925,79,79053,187,219
120,8,66,97925,79,79053,187,219
120,8,66,97925,79,79053,187,219
120,8,66,97925,79,79053,187,219
120,8,66,97925,79,79053,187,219
120,8,66,97925,79,79053,187,219
120,8,66,97925,79,79053,187,219
120,8,66,97925,79,79053,187,219
120,8,66,97925,79,79053,187,219
120,8,66,97925,79,79053,187,219
120,8,66,97925,79,79053,187,219
120,8,66,97925,79,79053,187,219
120,8,66,97925,79,79053,187,219
120,8,66,97925,79,79053,187,219
120,8,66,97925,79,79053,187,219
120,8,66,97925,79,79053,187,219
120,8,66,97925,79,79053,187,219
120,8,66,97925,79,79053,187,219
120,8,66,97925,79,79053,187,219
120,8,66,97925,79,79053,187,219
120,8,66,97925,79,79053,187,219
120,8,66,97925,79,79053,187,219
120,8,66,97925,79,79053,187,219
120,8,66,97925,79,79053,187,219
120,8,66,97925,79,79053,187,219
120,8,66,97925,79,79053,187,219
120,8,66,97925,79,79053,187,219
120,8,66,97925,79,79053,187,219
120,8,66,97925,79,79053,187,219
120,8,66,97925,79,79053,187,219
120,8,66,97925,79,79053,187,219
120,8,66,97925,79,79053,187,219
120,8,66,97925,79,79053,187,219
120,8,66,97925,79,79053,187,219
120,8,66,97925,79,79053,187,219
120,8,66,97925,79,79053,187,219
120,8,66,97925,79,79053,187,219
120,8,66,97925,79,79053,187,219
120,8,66,97925,79,79053,187,219
120,8,66,97925,79,79053,187,219
120,8,66,97925,79,79053,187,219
120,8,66,97925,79,79053,187,219
120,8,66,97925,79,79053,187,219
120,8,66,97925,79,79053,187,219
120,8,66,97925,79,79053,187,219
120,8,66,97925,79,79053,187,219
120,8,66,97925,79,79053,187,219
120,8,66,97925,79,79053,187,219
120,8,66,97925,79,79053,187,219
120,8,66,97925,79,79053,187,219
120,8,66,97925,79,79053,187,219
120,8,66,97925,79,79053,187,219
120,8,66,97925,79,79053,187,219
120,8,66,97925,79,79053,187,219
120,8,66,97925,79,79053,187,219
120,8,66,97925,79,79053,187,219
120,8,66,97925,79,79053,187,219
120,8,66,97925,79,79053,187,219
120,8,66,97925,79,79053,187,219
120,8,66,97925,79,79053,187,219
120,8,66,97925,79,79053,187,219
120,8,66,97925,79,79053,187,219
120,8,66,97925,79,79053,187,219
120,8,66,97925,79,79053,187,219
120,8,66,97925,79,79053,187,219
120,8,66,97925,79,79053,187,219
120,8,66,97925,79,79053,187,219
120,8,66,97925,79,79053,187,219
120,8,66,97925,79,79053,187,219
120,8,66,97925,79,79053,187,219
120,8,66,97925,79,79053,187,219
120,8,66,97925,79,79053,187,219
120,8,66,97925,79,79053,187,219
120,8,66,97925,79,79053,187,219
120,8,66,97925,79,79053,187,219
120,8,66,97925,79,79053,187,219
120,8,66,97925,79,79053,187,219
120,8,66,97925,79,79053,187,219
120,8,66,97925,79,79053,187,219
120,8,66,97925,79,79053,187,219
120,8,66,97925,79,79053,187,219
120,8,66,97925,79,79053,187,219
120,8,66,97925,79,79053,187,219
120,8,66,97925,79,79053,187,219
120,8,66,97925,79,79053,187,219
120,8,66,97925,79,79053,187,219
120,8,66,97925,79,79053,187,219
120,8,66,97925,79,79053,187,219
120,8,66,97925,79,79053,187,219
120,8,66,97925,79,79053,187,219
120,8,66,97925,79,79053,187,219
120,8,66,97925,79,79053,187,219
120,8,66,97925,79,79053,187,219
120,8,66,97925,79,79053,187,219
120,8,66,97925,79,79053,187,219
120,8,66,97925,79,79053,187,219
120,8,66,97925,79,79053,187,219
120,8,66,97925,79,79053,187,219
120,8,66,97925,79,79053,187,219
120,8,66,97925,79,79053,187,219
120,8,66,97925,79,79053,187,219
120,8,66,97925,79,79053,187,219
120,8,66,97925,79,79053,187,219
120,8,66,97925,79,79053,187,219
120,8,66,97925,79,79053,187,219
120,8,66,97925,79,79053,187,219
120,8,66,97925,79,79053,187,219
120,8,66,97925,79,79053,187,219
120,8,66,97925,79,79053,187,219
120,8,66,97925,79,79053,187,219
120,8,66,97925,79,79053,187,219
120,8,66,97925,79,79053,187,219
120,8,66,97925,79,79053,187,219
120,8,66,97925,79,79053,187,219
120,8,66,97925,79,79053,187,219
120,8,66,97925,79,79053,187,219
120,8,66,97925,79,79053,187,219
120,8,66,97925,79,79053,187,219
120,8,66,97925,79,79053,187,219
120,8,66,97925,79,79053,187,219
120,8,66,97925,79,79053,187,219
120,8,66,97925,79,79053,187,219
120,8,66,97925,79,79053,187,219
120,8,66,97925,79,79053,187,219
120,8,66,97925,79,79053,187,219
120,8,66,97925,79,79053,187,219
120,8,66,97925,79,79053,187,219
120,8,66,97925,79,79053,187,219
120,8,66,97925,79,79053,187,219
120,8,66,97925,79,79053,187,219
120,8,66,97925,79,79053,187,219
120,8,66,97925,79,79053,187,219
120,8,66,97925,79,79053,187,219
120,8,66,97925,79,79053,187,219
120,8,66,97925,79,79053,187,219
120,8,66,97925,79,79053,187,219
120,8,66,97925,79,79053,187,219
120,8,66,97925,79,79053,187,219
120,8,66,97925,79,79053,187,219
120,8,66,97925,79,79053,187,219
120,8,66,97925,79,79053,187,219
120,8,66,97925,79,79053,187,219
120,8,66,97925,79,79053,187,219
120,8,66,97925,79,79053,187,219
120,8,66,97925,79,79053,187,219
120,8,66,97925,79,79053,187,219
120,8,66,97925,79,79053,187,219
120,8,66,97925,79,79053,187,219
120,8,66,97925,79,79053,187,219
120,8,66,97925,79,79053,187,219
120,8,66,97925,79,79053,187,219
120,8,66,97925,79,79053,187,219
120,8,66,97925,79,79053,187,219
120,8,66,97925,79,79053,187,219
120,8,66,97925,79,79053,187,219
120,8,66,97925,79,79053,187,219
120,8,66,97925,79,79053,187,219
120,8,66,97925,79,79053,187,219
120,8,66,97925,79,79053,187,219
120,8,66,97925,79,79053,187,219
120,8,66,97925,79,79053,187,219
120,8,66,97925,79,79053,187,219
120,8,66,97925,79,79053,187,219
120,8,66,97925,79,79053,187,219
120,9,66,97925,79,79053,187,219
120,9,66,99878,79,78564,187,2866
120,9,67,01978,79,78076,187,3593
120,9,67,04175,79,77539,187,4348
120,9,67,0647,79,77002,187,5138
120,9,67,08716,79,76465,187,5912
120,9,67,10864,79,75928,187,6649
120,9,67,13013,79,75391,187,7388
120,9,67,15137,79,74854,187,812
120,9,67,17285,79,74316,187,8857
120,9,67,19531,79,73779,187,9631
120,9,67,21704,79,73242,188,0377
120,9,67,23779,79,72754,188,1095
120,9,67,26538,79,72119,188,2043
120,9,67,28613,79,71631,188,2764
120,9,67,31079,79,71387,188,3488
120,9,67,34668,79,7207,188,4229
120,9,67,38403,79,72754,188,4996
120,9,67,41675,79,7334,188,5669
120,9,67,45386,79,74023,188,6432
120,9,67,4895,79,74658,188,7166
120,9,67,52417,79,75293,188,7878
120,9,67,56079,79,75977,188,8633
120,9,67,59595,79,76611,188,9357
120,9,67,6333,79,77295,189,0126
120,9,67,66846,79,7793,189,085
120,9,67,70435,79,78613,189,1592
120,9,67,74194,79,79297,189,2368
120,9,67,77881,79,7998,189,3126
120,9,67,8125,79,80615,189,3822
120,9,67,8501,79,81299,189,4596
120,9,67,88647,79,81982,189,5347
120,9,67,92017,79,82617,189,6042
120,9,67,9563,79,83301,189,6788
120,9,67,9895,79,83887,189,7469
120,9,68,02588,79,8457,189,8218
120,9,68,0625,79,85254,189,8972
120,9,68,09985,79,85938,189,9741
120,9,68,13696,79,86621,190,0507
120,9,68,17188,79,87256,190,1226
120,9,68,20801,79,87939,190,1973
120,9,68,24292,79,88574,190,2689
120,9,68,24292,79,88574,190,2689
120,9,68,27881,79,89209,190,3428
120,9,68,31421,79,89844,190,4159
120,9,68,34961,79,90479,190,4886
120,9,68,38647,79,91162,190,5645
120,9,68,42334,79,91846,190,6403
120,9,68,45801,79,9248,190,7117
120,9,68,49316,79,93115,190,7839
120,9,68,52808,79,9375,190,8558
120,9,68,56567,79,94434,190,9333
120,9,68,56567,79,94434,190,9333
120,9,68,56567,79,94434,190,9333
120,9,68,56567,79,94434,190,9333
120,9,68,56567,79,94434,190,9333
120,9,68,56567,79,94434,190,9333
120,9,68,56567,79,94434,190,9333
120,9,68,62573,79,95264,191,0048
120,9,68,62573,79,95264,191,0048
120,9,68,68286,79,96045,191,0709
120,9,68,74146,79,96826,191,1387
120,9,68,80029,79,97607,191,2068
120,9,68,85938,79,98438,191,2753
120,9,68,92041,79,99268,191,3461
120,9,68,98071,80,00098,191,4158
120,9,69,03564,80,0083,191,4794
120,9,69,08936,80,01563,191,5415
120,9,69,14526,80,02344,191,6062
120,9,69,14526,80,02344,191,6062
120,9,69,20044,80,03076,191,6702
120,9,69,25977,80,03906,191,7388
120,9,69,31982,80,04736,191,8085
120,9,69,37183,80,05469,191,8687
120,9,69,43066,80,0625,191,9368
120,9,69,48682,80,07031,192,0017
120,9,69,54102,80,07764,192,0646
120,9,69,54102,80,07764,192,0646
120,9,69,6145,80,08789,192,1497
120,9,69,67773,80,09668,192,2229
120,9,69,73096,80,104,192,2844
120,9,69,78882,80,11182,192,3514
120,9,69,84644,80,11963,192,4181
120,9,69,89917,80,12695,192,4791
120,9,69,95215,80,13428,192,5404
120,9,70,01025,80,14209,192,6078
120,9,70,06714,80,1499,192,6736
120,9,70,12231,80,15723,192,7375
120,9,70,17969,80,16504,192,8038
120,9,70,23682,80,17285,192,87
120,9,70,23682,80,17285,192,87
120,9,70,29395,80,18066,192,9362
120,9,70,35352,80,18896,193,0051
120,9,70,40771,80,19629,193,068
120,9,70,4646,80,2041,193,1337
120,9,70,52368,80,21289,193,1973
120,9,70,58789,80,2251,193,2544
120,9,70,64648,80,23633,193,3065
120,9,70,70947,80,24854,193,3625
120,9,70,77173,80,26025,193,418
120,9,70,83154,80,27148,193,4712
120,9,70,89209,80,2832,193,525
120,9,70,95337,80,29492,193,5795
120,9,71,01367,80,30664,193,6331
120,9,71,07813,80,31885,193,6903
120,9,71,14331,80,33154,193,7482
120,9,71,20313,80,34277,193,8013
120,9,71,26855,80,35547,193,8594
120,9,71,26855,80,35547,193,8594
120,9,71,26855,80,35547,193,8594
120,9,71,26855,80,35547,193,8594
120,9,71,26855,80,35547,193,8594
120,9,71,26855,80,35547,193,8594
120,9,71,26855,80,35547,193,8594
120,9,71,26855,80,35547,193,8594
120,9,71,26855,80,35547,193,8594
120,9,71,26855,80,35547,193,8594
120,9,71,26855,80,35547,193,8594
120,9,71,26855,80,35547,193,8594
120,10,71,26855,80,35547,193,8594
120,10,71,26855,80,35547,193,8594
120,10,71,33398,80,36816,193,9175
120,10,71,3999,80,38086,193,9761
120,10,71,46826,80,39404,194,0369
120,10,71,53516,80,40674,194,0964
120,10,71,60913,80,4209,194,1622
120,10,71,66748,80,43213,194,2141
120,10,71,73193,80,44434,194,2714
120,10,71,79761,80,45703,194,3298
120,10,71,86157,80,46924,194,3867
120,10,71,86157,80,46924,194,3867
120,10,71,92505,80,48145,194,4431
120,10,71,99048,80,49365,194,5013
120,10,72,05615,80,50635,194,5597
120,10,72,12085,80,51855,194,6171
120,10,72,18604,80,53076,194,6749
120,10,72,25098,80,54297,194,7312
120,10,72,32593,80,55713,194,7817
120,10,72,39722,80,5708,194,8297
120,10,72,46729,80,58398,194,8771
120,10,72,5376,80,59717,194,9246
120,10,72,5376,80,59717,194,9246
120,10,72,61108,80,61084,194,9741
120,10,72,7019,80,62793,195,0354
120,10,72,77319,80,6416,195,0835
120,10,72,84912,80,65576,195,1348
120,10,72,9165,80,66846,195,1802
120,10,72,9856,80,68164,195,2268
120,10,73,05688,80,69531,195,2749
120,10,73,12671,80,7085,195,322
120,10,73,12671,80,7085,195,322
120,10,73,20288,80,72266,195,3734
120,10,73,20288,80,72266,195,3734
120,10,73,28809,80,73877,195,4309
120,10,73,40771,80,76123,195,5116
120,10,73,49683,80,77832,195,5717
120,10,73,49683,80,77832,195,5717
120,10,73,58545,80,79492,195,6315
120,10,73,67114,80,81104,195,6893
120,10,73,67114,80,81104,195,6893
120,10,73,77905,80,83154,195,7622
120,10,73,77905,80,83154,195,7622
120,10,73,90503,80,85547,195,8472
120,10,73,90503,80,85547,195,8472
120,10,74,03247,80,87939,195,9331
120,10,74,03247,80,87939,195,9331
120,10,74,17798,80,90674,196,0313
120,10,74,17798,80,90674,196,0313
120,10,74,30957,80,93213,196,1201
120,10,74,30957,80,93213,196,1201
120,10,74,43384,80,94922,196,1855
120,10,74,43384,80,94922,196,1855
120,10,74,43384,80,94922,196,1855
120,10,74,43384,80,94922,196,1855
120,10,74,43384,80,94922,196,1855
120,10,74,43384,80,94922,196,1855
120,10,74,43384,80,94922,196,1855
120,10,74,43384,80,94922,196,1855
120,10,74,43384,80,94922,196,1855
120,10,74,43384,80,94922,196,1855
120,10,74,43384,80,94922,196,1855
120,10,74,43384,80,94922,196,1855
120,10,74,43384,80,94922,196,1855
120,10,74,43384,80,94922,196,1855
120,10,74,43384,80,94922,196,1855
120,10,74,43384,80,94922,196,1855
120,10,74,43384,80,94922,196,1855
120,10,74,54688,80,96387,196,2421
120,10,74,54688,80,96387,196,2421
120,10,74,65771,80,97803,196,2975
120,10,74,65771,80,97803,196,2975
120,10,74,77197,80,99268,196,3546
120,10,74,88794,81,00781,196,4125
120,10,74,88794,81,00781,196,4125
120,10,75,01587,81,02441,196,4764
120,10,75,01587,81,02441,196,4764
120,10,75,13574,81,04004,196,5363
120,10,75,25513,81,05518,196,5958
120,10,75,25513,81,05518,196,5958
120,10,75,36963,81,06982,196,6531
120,10,75,36963,81,06982,196,6531
120,10,75,47925,81,08398,196,7078
120,10,75,61597,81,10156,196,7761
120,10,75,61597,81,10156,196,7761
120,10,75,61597,81,10156,196,7761
120,10,75,61597,81,10156,196,7761
120,10,75,61597,81,10156,196,7761
120,10,75,73242,81,1167,196,8342
120,10,75,73242,81,1167,196,8342
120,10,76,08789,81,16211,197,0118
120,10,76,08789,81,16211,197,0118
120,10,76,23193,81,18066,197,0837
120,10,76,23193,81,18066,197,0837
120,10,76,3728,81,19873,197,1542
120,10,76,3728,81,19873,197,1542
120,10,76,48315,81,21289,197,2092
120,10,76,61938,81,23047,197,2773
120,10,76,61938,81,23047,197,2773
120,10,76,72803,81,24414,197,3317
120,10,76,83032,81,25732,197,3827
120,10,76,83032,81,25732,197,3827
120,10,76,93384,81,26465,197,4324
120,10,76,93384,81,26465,197,4324
120,10,77,06494,81,27246,197,4949
120,10,77,06494,81,27246,197,4949
120,10,77,2063,81,28076,197,5623
120,10,77,31665,81,28711,197,6149
120,10,77,31665,81,28711,197,6149
120,10,77,43237,81,29395,197,67
120,10,77,43237,81,29395,197,67
120,10,77,54785,81,30078,197,7251
120,10,77,54785,81,30078,197,7251
120,10,77,68774,81,30908,197,7917
120,10,77,68774,81,30908,197,7917
120,10,77,68774,81,30908,197,7917
120,10,77,86792,81,31982,197,8776
120,10,77,86792,81,31982,197,8776
120,10,78,04004,81,33008,197,9596
120,10,78,04004,81,33008,197,9596
120,10,78,04004,81,33008,197,9596
120,10,78,04004,81,33008,197,9596
120,10,78,04004,81,33008,197,9596
120,10,78,04004,81,33008,197,9596
120,10,78,04004,81,33008,197,9596
120,10,78,04004,81,33008,197,9596
120,10,78,04004,81,33008,197,9596
120,10,78,04004,81,33008,197,9596
120,11,78,04004,81,33008,197,9596
120,11,78,04004,81,33008,197,9596
120,11,78,15234,81,33691,198,0132
120,11,78,15234,81,33691,198,0132
120,11,78,27295,81,34424,198,0707
120,11,78,40161,81,35205,198,132
120,11,78,40161,81,35205,198,132
120,11,78,51392,81,35889,198,1854
120,11,78,62134,81,36523,198,2367
120,11,78,62134,81,36523,198,2367
120,11,78,72754,81,37158,198,2874
120,11,78,83618,81,37793,198,3391
120,11,78,9397,81,38379,198,3884
120,11,78,9397,81,38379,198,3884
120,11,79,04443,81,39014,198,4384
120,11,79,1499,81,39648,198,4885
120,11,79,1499,81,39648,198,4885
120,11,79,25806,81,40283,198,54
120,11,79,25806,81,40283,198,54
120,11,79,37402,81,40967,198,5953
120,11,79,48633,81,41602,198,6489
120,11,79,48633,81,41602,198,6489
120,11,79,60083,81,42285,198,7035
120,11,79,70898,81,4292,198,755
120,11,79,70898,81,4292,198,755
120,11,79,82007,81,44385,198,7992
120,11,79,93823,81,46875,198,8369
120,11,79,93823,81,46875,198,8369
120,11,80,05859,81,49365,198,8754
120,11,80,05859,81,49365,198,8754
120,11,80,17407,81,51758,198,9124
120,11,80,29517,81,54297,198,951
120,11,80,29517,81,54297,198,951
120,11,80,41113,81,56738,198,9882
120,11,80,52515,81,59131,199,0247
120,11,80,52515,81,59131,199,0247
120,11,80,64307,81,61621,199,0624
120,11,80,75977,81,64063,199,0997
120,11,80,75977,81,64063,199,0997
120,11,80,87476,81,66455,199,1365
120,11,80,87476,81,66455,199,1365
120,11,81,00513,81,69189,199,1782
120,11,81,1189,81,71582,199,2146
120,11,81,1189,81,71582,199,2146
120,11,81,23047,81,73926,199,2502
120,11,81,23047,81,73926,199,2502
120,11,81,35059,81,76416,199,2886
120,11,81,4895,81,79297,199,333
120,11,81,4895,81,79297,199,333
120,11,81,60425,81,81689,199,3698
120,11,81,71655,81,84033,199,4056
120,11,81,71655,81,84033,199,4056
120,11,81,71655,81,84033,199,4056
120,11,81,71655,81,84033,199,4056
120,11,81,71655,81,84033,199,4056
120,11,81,71655,81,84033,199,4056
120,11,81,71655,81,84033,199,4056
120,11,81,71655,81,84033,199,4056
120,11,81,71655,81,84033,199,4056
120,11,81,71655,81,84033,199,4056
120,11,81,71655,81,84033,199,4056
120,11,81,71655,81,84033,199,4056
120,11,81,71655,81,84033,199,4056
120,11,81,71655,81,84033,199,4056
120,11,81,71655,81,84033,199,4056
120,11,81,71655,81,84033,199,4056
120,11,81,84497,81,86719,199,4467
120,11,81,84497,81,86719,199,4467
120,11,81,99878,81,89941,199,4958
120,11,82,14502,81,92969,199,5426
120,11,82,14502,81,92969,199,5426
120,11,82,25195,81,95215,199,5768
120,11,82,36353,81,97559,199,6124
120,11,82,36353,81,97559,199,6124
120,11,82,47852,81,99951,199,6493
120,11,82,58813,82,02246,199,6843
120,11,82,58813,82,02246,199,6843
120,11,82,69849,82,04541,199,7196
120,11,82,81006,82,06885,199,7552
120,11,82,81006,82,06885,199,7552
120,11,82,91943,82,08887,199,7926
120,11,83,02295,82,10498,199,8307
120,11,83,02295,82,10498,199,8307
120,11,83,13184,82,12158,199,8706
120,11,83,24341,82,13867,199,9116
120,11,83,24341,82,13867,199,9116
120,11,83,3562,82,15625,199,953
120,11,83,3562,82,15625,199,953
120,11,83,48193,82,17578,199,9991
120,11,83,48193,82,17578,199,9991
120,11,83,62158,82,19727,200,0504
120,11,83,76074,82,21875,200,1016
120,11,83,76074,82,21875,200,1016
120,11,83,87329,82,23633,200,1429
120,11,83,97876,82,25244,200,1816
120,11,83,97876,82,25244,200,1816
120,11,84,11353,82,27344,200,2311
120,11,84,11353,82,27344,200,2311
120,11,84,22998,82,2915,200,2738
120,11,84,34839,82,30957,200,3173
120,11,84,45044,82,3252,200,3547
120,11,84,45044,82,3252,200,3547
120,11,84,54883,82,34033,200,3909
120,11,84,65015,82,35596,200,428
120,11,84,76318,82,37354,200,4695
120,11,84,76318,82,37354,200,4695
120,11,84,86304,82,38916,200,5062
120,11,84,96411,82,40479,200,5433
120,11,84,96411,82,40479,200,5433
120,11,85,0625,82,41992,200,5795
120,11,85,16309,82,43555,200,6165
120,11,85,26538,82,45117,200,6541
120,11,85,26538,82,45117,200,6541
120,11,85,3645,82,46631,200,6904
120,11,85,46411,82,48193,200,7271
120,11,85,56152,82,49707,200,7628
120,11,85,56152,82,49707,200,7628
120,11,85,56152,82,49707,200,7628
120,11,85,56152,82,49707,200,7628
120,11,85,56152,82,49707,200,7628
120,11,85,56152,82,49707,200,7628
120,11,85,56152,82,49707,200,7628
120,11,85,56152,82,49707,200,7628
120,11,85,56152,82,49707,200,7628
120,11,85,56152,82,49707,200,7628
120,11,85,56152,82,49707,200,7628
120,11,85,56152,82,49707,200,7628
120,11,85,56152,82,49707,200,7628
120,12,85,56152,82,49707,200,7628
120,12,85,63013,82,50781,200,7881
120,12,85,698,82,51807,200,813
120,12,85,84277,82,54053,200,8661
120,12,85,90845,82,55078,200,8903
120,12,85,97656,82,56104,200,9153
120,12,86,0437,82,57129,200,9399
120,12,86,11353,82,58105,200,9637
120,12,86,18628,82,58936,200,9846
120,12,86,25928,82,59766,201,0056
120,12,86,33423,82,60596,201,0271
120,12,86,40454,82,61377,201,0472
120,12,86,47485,82,62158,201,0674
120,12,86,54077,82,62891,201,0863
120,12,86,6792,82,64453,201,1261
120,12,86,74609,82,65234,201,1453
120,12,86,81567,82,66016,201,1653
120,12,86,88184,82,66748,201,1843
120,12,86,95508,82,67578,201,2053
120,12,87,02002,82,68311,201,2239
120,12,87,09204,82,69141,201,2446
120,12,87,15747,82,69873,201,2634
120,12,87,23193,82,70703,201,2848
120,12,87,36841,82,72266,201,324
120,12,87,43677,82,73047,201,3436
120,12,87,50537,82,73828,201,3633
120,12,87,573,82,74609,201,3827
120,12,87,64014,82,75391,201,402
120,12,87,70898,82,76172,201,4218
120,12,87,77686,82,76953,201,4412
120,12,87,84497,82,77734,201,4607
120,12,87,91455,82,78516,201,4807
120,12,87,98682,82,79346,201,5015
120,12,87,98682,82,79346,201,5015
120,12,88,09521,82,80566,201,5326
120,12,88,22827,82,8208,201,5708
120,12,88,33374,82,83301,201,6011
120,12,88,39844,82,84033,201,6196
120,12,88,46606,82,84814,201,639
120,12,88,53345,82,85596,201,6584
120,12,88,5979,82,86328,201,677
120,12,88,69482,82,87402,201,7048
120,12,88,7644,82,88184,201,7247
120,12,88,7644,82,88184,201,7247
120,12,88,86719,82,89355,201,7543
120,12,88,96973,82,90527,201,7837
120,12,89,07373,82,91699,201,8135
120,12,89,17456,82,92822,201,8424
120,12,89,23926,82,93555,201,8582
120,12,89,30713,82,94336,201,8723
120,12,89,40308,82,9541,201,8923
120,12,89,40308,82,9541,201,8923
120,12,89,40308,82,9541,201,8923
120,12,89,40308,82,9541,201,8923
120,12,89,40308,82,9541,201,8923
120,12,89,40308,82,9541,201,8923
120,12,89,40308,82,9541,201,8923
120,12,89,40308,82,9541,201,8923
120,12,89,40308,82,9541,201,8923
120,12,89,40308,82,9541,201,8923
120,12,89,40308,82,9541,201,8923
120,12,89,40308,82,9541,201,8923
120,12,89,40308,82,9541,201,8923
120,12,89,40308,82,9541,201,8923
120,12,89,40308,82,9541,201,8923
120,12,89,40308,82,9541,201,8923
120,12,89,40308,82,9541,201,8923
120,12,89,4729,82,96191,201,907
120,12,89,53784,82,96924,201,9205
120,12,89,67944,82,98486,201,9502
120,12,89,7439,82,99219,201,9636
120,12,89,80908,82,99951,201,9773
120,12,89,87549,83,00684,201,9912
120,12,89,93799,83,01367,202,0043
120,12,90,01758,83,02246,202,0209
120,12,90,0791,83,0293,202,0337
120,12,90,21729,83,04492,202,0626
120,12,90,28516,83,05273,202,0768
120,12,90,35498,83,06055,202,0913
120,12,90,42407,83,06836,202,1057
120,12,90,42407,83,06836,202,1057
120,12,90,42407,83,06836,202,1057
120,12,90,42407,83,06836,202,1057
120,12,90,42407,83,06836,202,1057
120,12,90,49707,83,07666,202,121
120,12,90,88623,83,12061,202,2024
120,12,90,88623,83,12061,202,2024
120,12,90,98926,83,13232,202,224
120,12,91,07251,83,1416,202,2415
120,12,91,17798,83,15332,202,2634
120,12,91,30762,83,16797,202,2906
120,12,91,37842,83,17578,202,3054
120,12,91,44653,83,18359,202,3197
120,12,91,51514,83,19141,202,334
120,12,91,5813,83,19873,202,3479
120,12,91,65332,83,20703,202,3629
120,12,91,72925,83,21533,202,3788
120,12,91,82446,83,22607,202,3987
120,12,91,89185,83,2334,202,4127
120,12,91,96509,83,2417,202,428
120,12,92,03296,83,24951,202,4421
120,12,92,13086,83,26025,202,4626
120,12,92,23633,83,27197,202,4847
120,12,92,30493,83,27979,202,499
120,13,92,37183,83,28711,202,5129
120,13,92,43994,83,29492,202,5272
120,13,92,50977,83,30273,202,5419
120,13,92,5874,83,31152,202,5581
120,13,92,68628,83,32275,202,5787
120,13,92,74927,83,32959,202,5919
120,13,92,82593,83,33838,202,6079
120,13,92,88794,83,34326,202,6274
120,13,93,01953,83,35303,202,6699
120,13,93,08618,83,35791,202,6914
120,13,93,15186,83,36279,202,7125
120,13,93,22217,83,36816,202,7351
120,13,93,28784,83,37305,202,7562
120,13,93,36597,83,37891,202,7814
120,13,93,42505,83,3833,202,8004
120,13,93,55371,83,39307,202,8419
120,13,93,61841,83,39795,202,8627
120,13,93,68359,83,40283,202,8837
120,13,93,75293,83,4082,202,906
120,13,93,81714,83,41309,202,9266
120,13,93,88647,83,41846,202,949
120,13,93,9519,83,42334,202,9701
120,13,94,0166,83,42822,202,991
120,13,94,11304,83,43555,203,0221
120,13,94,20313,83,44238,203,0511
120,13,94,28027,83,44824,203,076
120,13,94,36694,83,45508,203,104
120,13,94,43506,83,46045,203,126
120,13,94,5105,83,46631,203,1503
120,13,94,57495,83,47119,203,171
120,13,94,64185,83,47607,203,1926
120,13,94,70581,83,48096,203,2131
120,13,94,83862,83,49121,203,2559
120,13,94,83862,83,49121,203,2559
120,13,94,90747,83,49658,203,2781
120,13,95,06812,83,50879,203,3298
120,13,95,13623,83,51416,203,3518
120,13,95,20264,83,51904,203,3732
120,13,95,27173,83,52441,203,3954
120,13,95,33667,83,5293,203,4163
120,13,95,40527,83,53467,203,4384
120,13,95,47461,83,54004,203,4607
120,13,95,54175,83,54492,203,4823
120,13,95,67944,83,55566,203,5266
120,13,95,74072,83,56055,203,5464
120,13,95,80273,83,56543,203,5664
120,13,95,86621,83,57031,203,5868
120,13,95,93066,83,5752,203,6075
120,13,95,99561,83,57959,203,6284
120,13,96,08203,83,58643,203,666
120,13,96,14697,83,5918,203,6962
120,13,96,20654,83,59668,203,7239
120,13,96,33984,83,60742,203,7859
120,13,96,40332,83,61279,203,8154
120,13,96,46509,83,61768,203,8441
120,13,96,52832,83,62305,203,8735
120,13,96,59399,83,62842,203,9041
120,13,96,67529,83,63477,203,9419
120,13,96,67529,83,63477,203,9419
120,13,96,75049,83,64063,203,9768
120,13,96,84814,83,64844,204,0222
120,13,96,93848,83,65576,204,0642
120,13,97,03076,83,66309,204,1072
120,13,97,03076,83,66309,204,1072
120,13,97,09644,83,66846,204,1378
120,13,97,1665,83,67432,204,1704
120,13,97,2395,83,68018,204,2043
120,13,97,32715,83,6875,204,2451
120,13,97,38916,83,69238,204,2739
120,13,97,45679,83,69775,204,3053
120,13,97,51953,83,70264,204,3345
120,13,97,58594,83,70801,204,3652
120,13,97,64844,83,71289,204,3943
120,13,97,71313,83,71826,204,4243
120,13,97,80957,83,72607,204,4691
120,13,97,87207,83,73096,204,4982
120,13,97,93579,83,73633,204,5278
120,13,98,00244,83,7417,204,5588
120,13,98,06909,83,74707,204,5898
120,13,98,20068,83,75781,204,6511
120,13,98,26587,83,76318,204,6814
120,13,98,33325,83,76758,204,7144
120,13,98,33325,83,76758,204,7144
120,13,98,38721,83,75293,204,7601
120,13,98,46875,83,73096,204,8293
120,13,98,54858,83,70947,204,8971
120,13,98,59497,83,69678,204,9365
120,13,98,70044,83,66797,205,0261
120,13,98,75293,83,65381,205,0707
120,13,98,80444,83,63965,205,1145
120,13,98,85742,83,62549,205,1595
120,13,98,90625,83,6123,205,2009
120,13,98,96265,83,59717,205,2489
120,13,99,01709,83,58252,205,2952
120,13,99,07251,83,56738,205,342
120,13,99,13086,83,55176,205,3914
120,13,99,23584,83,52344,205,4805
120,13,99,28833,83,50928,205,5249
120,13,99,34082,83,49512,205,5693
120,13,99,39404,83,48047,205,6145
120,13,99,45142,83,46484,205,6631
120,13,99,50317,83,45068,205,707
120,13,99,55688,83,43604,205,7527
120,13,99,61133,83,42139,205,7988
120,13,99,66602,83,40674,205,8452
120,13,99,7229,83,39111,205,8934
120,13,99,7229,83,39111,205,8934
120,13,99,80249,83,36963,205,9609
120,13,99,90552,83,3418,206,0482
120,13,100,01,83,32275,206,1429
120,13,100,01,83,32275,206,1429
120,13,100,061,83,31738,206,1915
120,13,100,1401,83,30908,206,267
120,13,100,2432,83,29834,206,3652
120,13,100,2432,83,29834,206,3652
120,13,100,2432,83,29834,206,3652
120,13,100,2432,83,29834,206,3652
120,13,100,2432,83,29834,206,3652
120,13,100,2432,83,29834,206,3652
120,13,100,2432,83,29834,206,3652
120,13,100,2432,83,29834,206,3652
120,13,100,2432,83,29834,206,3652
120,13,100,2432,83,29834,206,3652
120,13,100,2432,83,29834,206,3652
120,13,100,2432,83,29834,206,3652
120,13,100,2432,83,29834,206,3652
120,13,100,2432,83,29834,206,3652
120,13,100,2432,83,29834,206,3652
120,13,100,2432,83,29834,206,3652
120,13,100,2432,83,29834,206,3652
120,14,100,2432,83,29834,206,3652
120,14,100,2949,83,29297,206,4144
120,14,100,3508,83,28711,206,4677
120,14,100,4089,83,28076,206,5232
120,14,100,4678,83,27441,206,5793
120,14,100,5247,83,26855,206,6335
120,14,100,6326,83,25732,206,7366
120,14,100,688,83,25146,206,7893
120,14,100,738,83,24609,206,837
120,14,100,79,83,24072,206,8867
120,14,100,8411,83,23535,206,9354
120,14,100,8994,83,229,206,991
120,14,100,9531,83,22314,207,0421
120,14,101,0063,83,21729,207,0929
120,14,101,0608,83,21143,207,1448
120,14,101,1135,83,20605,207,1952
120,14,101,1638,83,20068,207,2432
120,14,101,2136,83,19531,207,2906
120,14,101,3237,83,18359,207,3958
120,14,101,3804,83,17773,207,4497
120,14,101,429,83,17236,207,4961
120,14,101,48,83,16699,207,5447
120,14,101,5325,83,16162,207,5957
120,14,101,5835,83,15625,207,6538
120,14,101,634,83,15088,207,7113
120,14,101,6909,83,14502,207,7759
120,14,101,7393,83,13965,207,8308
120,14,101,7825,83,13477,207,88
120,14,101,832,83,12939,207,9363
120,14,101,8799,83,12451,207,9906
120,14,101,9287,83,11914,208,0461
120,14,102,0264,83,10889,208,157
120,14,102,0769,83,10352,208,2145
120,14,102,1299,83,09766,208,2745
120,14,102,179,83,09229,208,3304
120,14,102,2231,83,0874,208,3805
120,14,102,2893,83,08057,208,4557
120,14,102,335,83,07568,208,5074
120,14,102,3816,83,0708,208,5605
120,14,102,4282,83,06592,208,6136
120,14,102,4773,83,06055,208,6694
120,14,102,521,83,05566,208,7191
120,14,102,5667,83,05078,208,7711
120,14,102,6611,83,04102,208,8784
120,14,102,709,83,03564,208,9329
120,14,102,7542,83,03076,208,984
120,14,102,8042,83,02539,209,0408
120,14,102,8501,83,02051,209,0929
120,14,102,9014,83,01514,209,1512
120,14,102,9502,83,00977,209,2068
120,14,102,9978,83,00488,209,2609
120,14,102,9978,83,00488,209,2609
120,14,102,9978,83,00488,209,2609
120,14,102,9978,83,00488,209,2609
120,14,102,9978,83,00488,209,2609
120,14,102,9978,83,00488,209,2609
120,14,102,9978,83,00488,209,2609
120,14,102,9978,83,00488,209,2609
120,14,102,9978,83,00488,209,2609
120,14,102,9978,83,00488,209,2609
120,14,102,9978,83,00488,209,2609
120,14,102,9978,83,00488,209,2609
120,14,102,9978,83,00488,209,2609
120,14,103,0427,83,209,312
120,14,103,0891,82,99512,209,3645
120,14,103,1401,82,98975,209,4226
120,14,103,1868,82,98438,209,4755
120,14,103,2307,82,98047,209,5277
120,14,103,2747,82,97803,209,5868
120,14,103,3621,82,97314,209,7042
120,14,103,4038,82,9707,209,7605
120,14,103,4475,82,96826,209,8193
120,14,103,4875,82,96582,209,873
120,14,103,533,82,96289,209,9341
120,14,103,5752,82,96045,209,991
120,14,103,623,82,95752,210,0554
120,14,103,6677,82,95508,210,1156
120,14,103,7087,82,95264,210,1709
120,14,103,7937,82,94775,210,285
120,14,103,8374,82,94531,210,3439
120,14,103,8784,82,94287,210,3992
120,14,103,9243,82,93994,210,4609
120,14,103,9658,82,9375,210,5168
120,14,104,0056,82,93506,210,5703
120,14,104,0493,82,93262,210,6292
120,14,104,0913,82,93018,210,6858
120,14,104,1738,82,92529,210,797
120,14,104,2134,82,92285,210,8503
120,14,104,2539,82,92041,210,905
120,14,104,2539,82,92041,210,905
120,14,104,2539,82,92041,210,905
120,14,104,2539,82,92041,210,905
120,14,104,2539,82,92041,210,905
120,14,104,2949,82,91797,210,9602
120,14,104,5334,82,90332,211,281
120,14,104,5811,82,90039,211,3448
120,14,104,6116,82,8999,211,4077
120,14,104,644,82,89941,211,4744
120,14,104,7039,82,89844,211,5973
120,14,104,7351,82,89795,211,6614
120,14,104,7656,82,89746,211,7239
120,14,104,7971,82,89697,211,7883
120,14,104,8269,82,89648,211,8494
120,14,104,8579,82,896,211,9132
120,14,104,8879,82,89551,211,9747
120,14,104,9177,82,89502,212,0361
120,14,104,9819,82,89404,212,1685
120,14,105,012,82,89355,212,23
120,14,105,0449,82,89307,212,2979
120,14,105,074,82,89307,212,3575
120,14,105,1052,82,89258,212,4219
120,14,105,1353,82,89258,212,4836
120,14,105,1689,82,89209,212,5527
120,14,105,1987,82,89209,212,6139
120,14,105,1987,82,89209,212,6139
120,14,105,1987,82,89209,212,6139
120,14,105,1987,82,89209,212,6139
120,14,105,1987,82,89209,212,6139
120,14,105,1987,82,89209,212,6139
120,14,105,1987,82,89209,212,6139
120,14,105,1987,82,89209,212,6139
120,14,105,1987,82,89209,212,6139
120,14,105,1987,82,89209,212,6139
120,14,105,1987,82,89209,212,6139
120,14,105,1987,82,89209,212,6139
120,14,105,1987,82,89209,212,6139
120,15,105,2292,82,8916,212,6766
120,15,105,2571,82,8916,212,7338
120,15,105,2854,82,8916,212,792
120,15,105,3145,82,89111,212,8513
120,15,105,3433,82,89111,212,9106
120,15,105,4033,82,89063,213,0338
120,15,105,4333,82,89014,213,0952
120,15,105,4678,82,88965,213,1659
120,15,105,4971,82,88965,213,2262
120,15,105,5193,82,89209,213,2928
120,15,105,5398,82,89453,213,3579
120,15,105,5615,82,89746,213,4268
120,15,105,6023,82,90283,213,5564
120,15,105,6223,82,90527,213,6201
120,15,105,6431,82,9082,213,6858
120,15,105,6655,82,91113,213,7568
120,15,105,6865,82,91406,213,8237
120,15,105,7075,82,91699,213,8904
120,15,105,7273,82,91943,213,9535
120,15,105,748,82,92236,214,0195
120,15,105,7686,82,9248,214,0847
120,15,105,7974,82,92871,214,176
120,15,105,8406,82,93457,214,3137
120,15,105,8608,82,93701,214,3777
120,15,105,8813,82,93945,214,4431
120,15,105,9016,82,94189,214,5078
120,15,105,9229,82,94482,214,5748
120,15,105,9634,82,9502,214,704
120,15,105,9836,82,95264,214,7681
120,15,106,0034,82,95508,214,8306
120,15,106,0247,82,95801,214,8979
120,15,106,0466,82,96094,214,9677
120,15,106,0667,82,96338,215,0314
120,15,106,1074,82,96875,215,1613
120,15,106,1274,82,97119,215,2251
120,15,106,1475,82,97363,215,2883
120,15,106,168,82,97656,215,3535
120,15,106,1873,82,979,215,4148
120,15,106,228,82,98438,215,5437
120,15,106,2429,82,98779,215,6105
120,15,106,2576,82,99219,215,6848
120,15,106,2708,82,99609,215,7523
120,15,106,2849,83,00049,215,8241
120,15,106,2979,83,00439,215,8899
120,15,106,3118,83,0083,215,96
120,15,106,3242,83,01221,216,0229
120,15,106,3516,83,02002,216,1611
120,15,106,3647,83,02393,216,2281
120,15,106,3777,83,02783,216,2936
120,15,106,3911,83,03174,216,3618
120,15,106,4033,83,03516,216,4236
120,15,106,4033,83,03516,216,4236
120,15,106,4033,83,03516,216,4236
120,15,106,4033,83,03516,216,4236
120,15,106,4033,83,03516,216,4236
120,15,106,4033,83,03516,216,4236
120,15,106,4033,83,03516,216,4236
120,15,106,4033,83,03516,216,4236
120,15,106,4033,83,03516,216,4236
120,15,106,4033,83,03516,216,4236
120,15,106,4033,83,03516,216,4236
120,15,106,4033,83,03516,216,4236
120,15,106,4033,83,03516,216,4236
120,15,106,4033,83,03516,216,4236
120,15,106,4033,83,03516,216,4236
120,15,106,4207,83,04053,216,5112
120,15,106,4463,83,04785,216,642
120,15,106,4597,83,05176,216,7097
120,15,106,4719,83,05566,216,772
120,15,106,4851,83,05957,216,8386
120,15,106,4973,83,06299,216,9006
120,15,106,5098,83,06689,216,9636
120,15,106,5393,83,07568,217,1129
120,15,106,553,83,07959,217,1827
120,15,106,5657,83,0835,217,2473
120,15,106,5776,83,08691,217,3086
120,15,106,5906,83,09082,217,3744
120,15,106,6165,83,09863,217,5062
120,15,106,6284,83,10254,217,5673
120,15,106,6414,83,10645,217,6323
120,15,106,6541,83,11035,217,6973
120,15,106,6768,83,11768,217,824
120,15,106,6833,83,12207,217,8872
120,15,106,6899,83,12598,217,9501
120,15,106,697,83,13037,218,0173
120,15,106,7039,83,13477,218,0825
120,15,106,7178,83,14355,218,2169
120,15,106,7249,83,14795,218,2856
120,15,106,7317,83,15234,218,3521
120,15,106,739,83,15674,218,4218
120,15,106,7458,83,16113,218,4865
120,15,106,7529,83,16553,218,5544
120,15,106,7668,83,17432,218,6882
120,15,106,7744,83,1792,218,7601
120,15,106,7813,83,18359,218,8257
120,15,106,7881,83,18799,218,8916
120,15,106,7952,83,19238,218,9597
120,15,106,8091,83,20117,219,0917
120,15,106,8162,83,20557,219,1599
120,15,106,8228,83,20996,219,2229
120,15,106,8293,83,21436,219,2863
120,15,106,8362,83,21875,219,3529
120,15,106,8499,83,22754,219,4835
120,15,106,8567,83,23193,219,5493
120,15,106,8635,83,23633,219,6138
120,15,106,8704,83,24072,219,6782
120,15,106,8835,83,24902,219,8063
120,15,106,8904,83,25342,219,8712
120,15,106,897,83,25781,219,9355
120,15,106,9041,83,26221,220,0032
120,15,106,9109,83,26611,220,0676
120,15,106,9243,83,27441,220,1971
120,15,106,9312,83,27881,220,2635
120,15,106,9377,83,28271,220,3269
120,15,106,9456,83,2876,220,3966
120,15,106,9539,83,2915,220,4581
120,15,106,9539,83,2915,220,4581
120,15,106,9539,83,2915,220,4581
120,15,106,9539,83,2915,220,4581
120,15,106,9539,83,2915,220,4581
120,15,106,9539,83,2915,220,4581
120,15,106,9539,83,2915,220,4581
120,15,106,9539,83,2915,220,4581
120,15,106,9539,83,2915,220,4581
120,15,106,9539,83,2915,220,4581
120,15,106,9539,83,2915,220,4581
120,15,106,9539,83,2915,220,4581
120,16,106,9539,83,2915,220,4581
120,16,106,9624,83,2959,220,5225
120,16,106,9712,83,30029,220,5889
120,16,106,9883,83,30859,220,718
120,16,106,9968,83,3125,220,782
120,16,107,0059,83,31689,220,8495
120,16,107,0144,83,32129,220,9138
120,16,107,0313,83,3291,221,0394
120,16,107,0403,83,3335,221,1073
120,16,107,0491,83,33789,221,1736
120,16,107,0583,83,34229,221,2439
120,16,107,0669,83,34668,221,3085
120,16,107,0769,83,35156,221,3842
120,16,107,0859,83,35596,221,4521
120,16,107,1042,83,36475,221,5906
120,16,107,114,83,36963,221,6648
120,16,107,1226,83,37402,221,7295
120,16,107,1316,83,37842,221,7971
120,16,107,1401,83,38232,221,8615
120,16,107,1497,83,38672,221,9321
120,16,107,1675,83,39502,222,0663
120,16,107,1758,83,39893,222,1292
120,16,107,1846,83,40332,222,1942
120,16,107,1934,83,40771,222,2601
120,16,107,2024,83,41211,222,3284
120,16,107,2207,83,42139,222,4653
120,16,107,2295,83,42578,222,5304
120,16,107,238,83,42969,222,5936
120,16,107,2466,83,43359,222,6569
120,16,107,2554,83,43799,222,7231
120,16,107,2734,83,44678,222,8594
120,16,107,2825,83,45117,222,9277
120,16,107,291,83,45508,222,9915
120,16,107,2996,83,45898,223,0551
120,16,107,3164,83,46729,223,1824
120,16,107,3252,83,47168,223,2489
120,16,107,3335,83,47559,223,3126
120,16,107,3416,83,47949,223,3752
120,16,107,3501,83,4834,223,442
120,16,107,3669,83,49121,223,5721
120,16,107,3755,83,49512,223,6385
120,16,107,3838,83,49902,223,703
120,16,107,3921,83,50293,223,7665
120,16,107,4004,83,50684,223,8313
120,16,107,4089,83,51074,223,8976
120,16,107,429,83,52002,224,0516
120,16,107,4373,83,52393,224,1161
120,16,107,4456,83,52783,224,1805
120,16,107,4539,83,53174,224,2443
120,16,107,4624,83,53564,224,3101
120,16,107,479,83,54346,224,438
120,16,107,479,83,54346,224,438
120,16,107,479,83,54346,224,438
120,16,107,479,83,54346,224,438
120,16,107,479,83,54346,224,438
120,16,107,479,83,54346,224,438
120,16,107,479,83,54346,224,438
120,16,107,479,83,54346,224,438
120,16,107,479,83,54346,224,438
120,16,107,479,83,54346,224,438
120,16,107,479,83,54346,224,438
120,16,107,479,83,54346,224,438
120,16,107,479,83,54346,224,438
120,16,107,4883,83,54785,224,5088
120,16,107,4961,83,55127,224,5698
120,16,107,5042,83,55469,224,6316
120,16,107,5129,83,55859,224,6995
120,16,107,5293,83,56592,224,8268
120,16,107,5374,83,56982,224,8895
120,16,107,5461,83,57373,224,9568
120,16,107,5544,83,57764,225,0215
120,16,107,5632,83,58154,225,0896
120,16,107,5801,83,58936,225,2188
120,16,107,5886,83,59326,225,2837
120,16,107,5967,83,59717,225,3457
120,16,107,6052,83,60107,225,4124
120,16,107,6226,83,60889,225,5452
120,16,107,6313,83,61279,225,6127
120,16,107,6404,83,6167,225,6814
120,16,107,6477,83,62012,225,7448
120,16,107,6541,83,62256,225,8107
120,16,107,667,83,62744,225,9435
120,16,107,6733,83,62988,226,0081
120,16,107,6799,83,63232,226,0765
120,16,107,6863,83,63477,226,1409
120,16,107,6929,83,63721,226,2097
120,16,107,6995,83,63965,226,2792
120,16,107,7126,83,64453,226,4144
120,16,107,7192,83,64697,226,4834
120,16,107,7256,83,64941,226,5483
120,16,107,7322,83,65186,226,616
120,16,107,7385,83,6543,226,6808
120,16,107,7512,83,65869,226,8121
120,16,107,7576,83,66113,226,8776
120,16,107,7639,83,66357,226,9432
120,16,107,7725,83,6665,227,0317
120,16,107,7788,83,66895,227,0964
120,16,107,7852,83,67139,227,1628
120,16,107,7979,83,67627,227,2942
120,16,107,804,83,67871,227,3572
120,16,107,8105,83,68115,227,4248
120,16,107,8169,83,68359,227,4907
120,16,107,823,83,68604,227,5547
120,16,107,8354,83,69092,227,6831
120,16,107,842,83,69336,227,7502
120,16,107,8484,83,6958,227,8151
120,16,107,8545,83,69824,227,8789
120,16,107,8606,83,7002,227,9415
120,16,107,874,83,70508,228,0817
120,16,107,8804,83,70752,228,1465
120,16,107,8872,83,70996,228,2163
120,16,107,8931,83,71191,228,2781
120,16,107,8997,83,71436,228,3455
120,16,107,9126,83,71924,228,4812
120,16,107,9126,83,71924,228,4812
120,16,107,9126,83,71924,228,4812
120,16,107,9126,83,71924,228,4812
120,16,107,9126,83,71924,228,4812
120,16,107,9126,83,71924,228,4812
120,16,107,9126,83,71924,228,4812
120,16,107,9126,83,71924,228,4812
120,16,107,9126,83,71924,228,4812
120,16,107,9126,83,71924,228,4812
120,16,107,9126,83,71924,228,4812
120,16,107,9126,83,71924,228,4812
120,16,107,9126,83,71924,228,4812
120,16,107,9126,83,71924,228,4812
120,17,107,9126,83,71924,228,4812
120,17,107,9194,83,72168,228,5533
120,17,107,9255,83,72363,228,6172
120,17,107,9316,83,7251,228,6863
120,17,107,9397,83,7251,228,8164
120,17,107,9438,83,7251,228,8828
120,17,107,9478,83,7251,228,946
120,17,107,9519,83,7251,229,0117
120,17,107,9558,83,7251,229,0753
120,17,107,9644,83,7251,229,2137
120,17,107,9683,83,7251,229,2784
120,17,107,9722,83,7251,229,3416
120,17,107,9761,83,7251,229,4049
120,17,107,9839,83,7251,229,5323
120,17,107,988,83,7251,229,5979
120,17,107,9924,83,7251,229,6699
120,17,107,9966,83,7251,229,7361
120,17,108,001,83,7251,229,8059
120,17,108,0063,83,72461,229,8928
120,17,108,0105,83,72461,229,9613
120,17,108,0186,83,72461,230,092
120,17,108,0229,83,72461,230,1637
120,17,108,0273,83,72412,230,2336
120,17,108,0315,83,72412,230,3019
120,17,108,0356,83,72412,230,3679
120,17,108,0437,83,72363,230,4982
120,17,108,0476,83,72314,230,5634
120,17,108,0518,83,72266,230,6312
120,17,108,0557,83,72266,230,6932
120,17,108,0598,83,72266,230,7623
120,17,108,0679,83,72217,230,8931
120,17,108,072,83,72168,230,9612
120,17,108,0759,83,72168,231,026
120,17,108,0798,83,72119,231,0883
120,17,108,0879,83,7207,231,2173
120,17,108,092,83,7207,231,2838
120,17,108,0959,83,72021,231,3479
120,17,108,1006,83,71973,231,4115
120,17,108,1062,83,71826,231,4778
120,17,108,1177,83,71582,231,6115
120,17,108,1233,83,71484,231,6766
120,17,108,1292,83,71338,231,7433
120,17,108,1348,83,7124,231,8077
120,17,108,1409,83,71094,231,8774
120,17,108,1526,83,70801,232,0122
120,17,108,1584,83,70654,232,0795
120,17,108,1643,83,70508,232,1486
120,17,108,1702,83,7041,232,2156
120,17,108,1763,83,70264,232,2859
120,17,108,1819,83,70117,232,3527
120,17,108,1934,83,69873,232,4885
120,17,108,1934,83,69873,232,4885
120,17,108,1934,83,69873,232,4885
120,17,108,1934,83,69873,232,4885
120,17,108,1934,83,69873,232,4885
120,17,108,1934,83,69873,232,4885
120,17,108,1934,83,69873,232,4885
120,17,108,1934,83,69873,232,4885
120,17,108,1934,83,69873,232,4885
120,17,108,1934,83,69873,232,4885
120,17,108,1934,83,69873,232,4885
120,17,108,1934,83,69873,232,4885
120,17,108,1934,83,69873,232,4885
120,17,108,1934,83,69873,232,4885
120,17,108,1934,83,69873,232,4885
120,17,108,1992,83,69727,232,5557
120,17,108,2107,83,69482,232,6886
120,17,108,2163,83,69385,232,7549
120,17,108,2239,83,69238,232,8434
120,17,108,2295,83,69141,232,9077
120,17,108,2351,83,69043,232,9727
120,17,108,2407,83,68896,233,0386
120,17,108,2468,83,6875,233,1093
120,17,108,2588,83,68506,233,2463
120,17,108,2644,83,68359,233,3136
120,17,108,27,83,68262,233,3779
120,17,108,2756,83,68164,233,444
120,17,108,2815,83,68018,233,5128
120,17,108,293,83,67773,233,6484
120,17,108,2988,83,67627,233,7175
120,17,108,3047,83,67529,233,7848
120,17,108,3105,83,67383,233,8528
120,17,108,3164,83,66211,233,9164
120,17,108,322,83,64844,233,9792
120,17,108,3342,83,61963,234,1132
120,17,108,3403,83,60498,234,1805
120,17,108,3462,83,59131,234,2445
120,17,108,3521,83,57764,234,3081
120,17,108,3579,83,56348,234,3727
120,17,108,3701,83,53467,234,5066
120,17,108,3762,83,52051,234,5724
120,17,108,3821,83,50635,234,6371
120,17,108,3889,83,49023,234,7111
120,17,108,395,83,47607,234,7771
120,17,108,4009,83,46191,234,8427
120,17,108,4128,83,43311,234,9755
120,17,108,4189,83,41846,235,0419
120,17,108,425,83,40381,235,1097
120,17,108,4314,83,38867,235,1793
120,17,108,4375,83,37402,235,2466
120,17,108,4441,83,3584,235,3188
120,17,108,45,83,34424,235,3832
120,17,108,4622,83,31543,235,5157
120,17,108,4678,83,30176,235,5787
120,17,108,4734,83,28857,235,6404
120,17,108,4792,83,27441,235,7059
120,17,108,4907,83,24707,235,8317
120,17,108,4968,83,23242,235,8979
120,17,108,5029,83,21777,235,9642
120,17,108,5088,83,20361,236,0291
120,17,108,5151,83,18848,236,0996
120,17,108,5212,83,17432,236,1654
120,17,108,533,83,14551,236,2957
120,17,108,5386,83,13232,236,3575
120,17,108,5422,83,11475,236,4241
120,17,108,5422,83,11475,236,4241
120,17,108,5422,83,11475,236,4241
120,17,108,5422,83,11475,236,4241
120,17,108,5422,83,11475,236,4241
120,17,108,5422,83,11475,236,4241
120,17,108,5422,83,11475,236,4241
120,17,108,5422,83,11475,236,4241
120,17,108,5422,83,11475,236,4241
120,17,108,5422,83,11475,236,4241
120,17,108,5422,83,11475,236,4241
120,18,108,5422,83,11475,236,4241
120,18,108,5449,83,09717,236,4882
120,18,108,5476,83,0791,236,554
120,18,108,5532,83,04199,236,6862
120,18,108,5559,83,02393,236,7507
120,18,108,5588,83,00537,236,8185
120,18,108,5615,82,98828,236,8798
120,18,108,5645,82,96924,236,9491
120,18,108,5674,82,95068,237,0167
120,18,108,5728,82,91504,237,1465
120,18,108,5754,82,89648,237,2124
120,18,108,5784,82,87793,237,2799
120,18,108,5811,82,85986,237,3442
120,18,108,584,82,84131,237,4114
120,18,108,5867,82,82324,237,4771
120,18,108,5925,82,78516,237,6124
120,18,108,5955,82,7666,237,6786
120,18,108,5984,82,74805,237,7455
120,18,108,6013,82,72852,237,8159
120,18,108,604,82,71094,237,8788
120,18,108,6069,82,69141,237,9487
120,18,108,6096,82,67383,238,0126
120,18,108,6155,82,63574,238,1499
120,18,108,6184,82,61719,238,2175
120,18,108,6213,82,59863,238,2837
120,18,108,6243,82,5791,238,3531
120,18,108,627,82,56104,238,4183
120,18,108,6296,82,54297,238,4836
120,18,108,627,82,49854,238,6113
120,18,108,6238,82,4751,238,6747
120,18,108,6204,82,4502,238,7419
120,18,108,6169,82,4248,238,8094
120,18,108,6138,82,40088,238,8737
120,18,108,6106,82,37695,238,938
120,18,108,6074,82,35303,239,0015
120,18,108,6042,82,32861,239,0671
120,18,108,5974,82,27783,239,2026
120,18,108,5942,82,25391,239,2668
120,18,108,5911,82,229,239,3341
120,18,108,5879,82,20557,239,3967
120,18,108,5845,82,1792,239,4669
120,18,108,5813,82,1543,239,5338
120,18,108,5781,82,12939,239,6006
120,18,108,5718,82,08057,239,7313
120,18,108,5686,82,05615,239,7968
120,18,108,5686,82,05615,239,7968
120,18,108,5654,82,03223,239,8601
120,18,108,5571,81,96875,240,0291
120,18,108,5542,81,94629,240,0887
120,18,108,551,81,92285,240,151
120,18,108,5476,81,89648,240,2214
120,18,108,5444,81,87256,240,2859
120,18,108,5444,81,87256,240,2859
120,18,108,5444,81,87256,240,2859
120,18,108,5444,81,87256,240,2859
120,18,108,5444,81,87256,240,2859
120,18,108,5444,81,87256,240,2859
120,18,108,5444,81,87256,240,2859
120,18,108,5444,81,87256,240,2859
120,18,108,5444,81,87256,240,2859
120,18,108,5444,81,87256,240,2859
120,18,108,5444,81,87256,240,2859
120,18,108,5444,81,87256,240,2859
120,18,108,5444,81,87256,240,2859
120,18,108,5413,81,84766,240,3472
120,18,108,5376,81,81738,240,4147
120,18,108,5339,81,7876,240,481
120,18,108,5303,81,7583,240,5465
120,18,108,5271,81,73145,240,6067
120,18,108,519,81,66553,240,7542
120,18,108,5159,81,63916,240,8126
120,18,108,5122,81,60938,240,8794
120,18,108,5085,81,57959,240,9456
120,18,108,5051,81,55078,241,0099
120,18,108,5017,81,52344,241,0712
120,18,108,498,81,49268,241,1393
120,18,108,4946,81,46387,241,204
120,18,108,4875,81,40527,241,3347
120,18,108,4841,81,37598,241,3998
120,18,108,4807,81,34814,241,4619
120,18,108,4768,81,31689,241,5317
120,18,108,4729,81,28467,241,6034
120,18,108,4695,81,25635,241,6666
120,18,108,4658,81,22607,241,734
120,18,108,4624,81,19824,241,7959
120,18,108,4587,81,16895,241,8612
120,18,108,4519,81,1123,241,9888
120,18,108,4485,81,0835,242,0535
120,18,108,4451,81,05566,242,1155
120,18,108,4417,81,02734,242,1781
120,18,108,4377,80,99609,242,2439
120,18,108,4336,80,96387,242,3076
120,18,108,4294,80,93164,242,3712
120,18,108,4211,80,86865,242,4957
120,18,108,4172,80,83887,242,5546
120,18,108,4128,80,80664,242,6185
120,18,108,4082,80,77148,242,6879
120,18,108,4041,80,73975,242,7504
120,18,108,4001,80,70947,242,8102
120,18,108,396,80,67773,242,8728
120,18,108,3901,80,63379,242,9598
120,18,108,3848,80,59375,243,0388
120,18,108,3806,80,56299,243,0999
120,18,108,376,80,52881,243,1676
120,18,108,3718,80,49805,243,2288
120,18,108,3635,80,43652,243,3506
120,18,108,3594,80,4043,243,4137
120,18,108,3552,80,37354,243,4746
120,18,108,3508,80,34033,243,5403
120,18,108,3469,80,30957,243,6011
120,18,108,3425,80,27588,243,6675
120,18,108,3381,80,2417,243,7346
120,18,108,3337,80,20898,243,7991
120,18,108,3293,80,17578,243,8646
120,18,108,325,80,14307,243,9293
120,18,108,325,80,14307,243,9293
120,18,108,325,80,14307,243,9293
120,18,108,325,80,14307,243,9293
120,18,108,325,80,14307,243,9293
120,18,108,325,80,14307,243,9293
120,18,108,325,80,14307,243,9293
120,18,108,325,80,14307,243,9293
120,18,108,325,80,14307,243,9293
120,18,108,325,80,14307,243,9293
120,18,108,325,80,14307,243,9293
120,19,108,325,80,14307,243,9293
120,19,108,325,80,14307,243,9293
120,19,108,3198,80,104,244,006
120,19,108,3149,80,06689,244,0791
120,19,108,3054,79,99463,244,2219
120,19,108,301,79,96094,244,2878
120,19,108,2969,79,92871,244,3516
120,19,108,2927,79,896,244,4158
120,19,108,2883,79,8623,244,4819
120,19,108,2839,79,82813,244,5494
120,19,108,2795,79,79443,244,616
120,19,108,2747,79,7583,244,6866
120,19,108,271,79,72705,244,7485
120,19,108,2781,79,69385,244,8113
120,19,108,2917,79,62988,244,9309
120,19,108,2988,79,59619,244,9937
120,19,108,3059,79,5625,245,0571
120,19,108,313,79,5293,245,1196
120,19,108,3203,79,49463,245,1844
120,19,108,3269,79,46436,245,2415
120,19,108,3345,79,42871,245,3083
120,19,108,3481,79,36475,245,4291
120,19,108,355,79,33252,245,49
120,19,108,3628,79,29639,245,5577
120,19,108,3694,79,26611,245,6146
120,19,108,3765,79,23291,245,6772
120,19,108,3765,79,23291,245,6772
120,19,108,3765,79,23291,245,6772
120,19,108,3765,79,23291,245,6772
120,19,108,3765,79,23291,245,6772
120,19,108,3833,79,20117,245,7368
120,19,108,3833,79,20117,245,7368
120,19,108,3833,79,20117,245,7368
120,19,108,3833,79,20117,245,7368
120,19,108,4231,79,01367,246,0879
120,19,108,4543,78,8667,246,3633
120,19,108,4641,78,8208,246,4496
120,19,108,4702,78,79199,246,5038
120,19,108,4792,78,74951,246,5836
120,19,108,4861,78,71729,246,644
120,19,108,4958,78,67139,246,7295
120,19,108,5024,78,64063,246,7872
120,19,108,5154,78,59668,246,8798
120,19,108,5154,78,59668,246,8798
120,19,108,5288,78,55615,246,97
120,19,108,5427,78,51416,247,0627
120,19,108,552,78,48584,247,1254
120,19,108,5723,78,42432,247,2617
120,19,108,582,78,39453,247,3275
120,19,108,5916,78,36621,247,3906
120,19,108,6016,78,33594,247,4581
120,19,108,6104,78,30908,247,5177
120,19,108,6201,78,2793,247,5835
120,19,108,634,78,2373,247,6768
120,19,108,6426,78,21191,247,7334
120,19,108,6523,78,18262,247,7986
120,19,108,6614,78,15527,247,8588
120,19,108,6804,78,09814,247,985
120,19,108,6902,78,06885,248,0498
120,19,108,6985,78,04346,248,1062
120,19,108,7073,78,01709,248,1648
120,19,108,7166,77,98877,248,2273
120,20,108,7351,77,93311,248,3514
120,20,108,7437,77,90723,248,4086
120,20,108,7529,77,87891,248,4708
120,20,108,7629,77,84863,248,5375
120,20,108,7766,77,80762,248,6285
120,20,108,7878,77,7749,248,6833
120,20,108,8,77,73926,248,7413
120,20,108,812,77,70459,248,7977
120,20,108,825,77,66699,248,8588
120,20,108,8372,77,63184,248,9158
120,20,108,8555,77,5791,249,0016
120,20,108,8677,77,54346,249,0593
120,20,108,8801,77,50732,249,1177
120,20,108,8933,77,46924,249,1793
120,20,108,906,77,43262,249,2386
120,20,108,9224,77,38477,249,3158
120,20,108,9424,77,32666,249,4103
120,20,108,9424,77,32666,249,4103
120,20,108,9795,77,21875,249,5847
120,20,108,9905,77,18701,249,6362
120,20,109,0027,77,15186,249,6932
120,20,109,0139,77,11865,249,7468
120,20,109,0256,77,08447,249,8021
120,20,109,0491,77,01611,249,9132
120,20,109,0491,77,01611,249,9132
120,20,109,0791,76,9292,250,0544
120,20,109,0901,76,89746,250,106
120,20,109,0901,76,89746,250,106
120,20,109,1174,76,82373,250,2521
120,20,109,1272,76,79883,250,3054
120,20,109,1272,76,79883,250,3054
120,20,109,1399,76,7666,250,3746
120,20,109,1565,76,72363,250,4663
120,20,109,1716,76,68457,250,55
120,20,109,1875,76,64355,250,6371
120,20,109,2029,76,60352,250,722
120,20,109,2126,76,57861,250,7756
120,20,109,2336,76,5249,250,8903
120,20,109,2444,76,49707,250,9497
120,20,109,2563,76,4668,251,0146
120,20,109,2676,76,43799,251,076
120,20,109,2676,76,43799,251,076
120,20,109,2676,76,43799,251,076
120,20,109,2676,76,43799,251,076
120,20,109,2676,76,43799,251,076
120,20,109,2788,76,40869,251,1382
120,20,109,344,76,24121,251,4955
120,20,109,344,76,24121,251,4955
120,20,109,3638,76,18994,251,6042
120,20,109,3801,76,14795,251,6932
120,20,109,4033,76,08789,251,8208
120,20,109,4153,76,05762,251,8859
120,20,109,4268,76,02783,251,9491
120,20,109,4373,76,00098,252,007
120,20,109,4495,75,96973,252,074
120,20,109,4602,75,94238,252,1323
120,20,109,4729,75,91211,252,1982
120,20,109,4971,75,85449,252,324
120,20,109,5088,75,82666,252,3849
120,20,109,521,75,79785,252,4479
120,20,109,5327,75,77002,252,5082
120,20,109,5447,75,74121,252,5708
120,20,109,5581,75,70898,252,6409
120,20,109,5715,75,67676,252,7107
120,20,109,5896,75,63379,252,8043
120,20,109,6001,75,6084,252,8593
120,20,109,6143,75,57471,252,933
120,20,109,6311,75,53467,253,0198
120,20,109,6421,75,50879,253,0767
120,20,109,6553,75,47754,253,1449
120,20,109,6672,75,44922,253,2068
120,20,109,6804,75,41797,253,2753
120,20,109,7039,75,36182,253,3971
120,20,109,7039,75,36182,253,3971
120,20,109,7163,75,33252,253,4612
120,20,109,7351,75,2876,253,5591
120,20,109,7529,75,24512,253,6514
120,20,109,7646,75,21729,253,7124
120,20,109,7771,75,1875,253,7775
120,20,109,79,75,15674,253,8444
120,20,109,8074,75,11523,253,9344
120,20,109,8191,75,0874,253,9946
120,20,109,843,75,03027,254,1191
120,20,109,8545,75,00293,254,1787
120,20,109,8667,74,97412,254,2415
120,20,109,8794,74,94385,254,3077
120,20,109,8914,74,91553,254,3693
120,20,109,9036,74,88623,254,433
120,20,109,9158,74,85693,254,4966
120,20,109,9285,74,83301,254,5514
120,20,109,9561,74,79688,254,6436
120,20,109,981,74,76416,254,7267
120,20,109,9968,74,74316,254,7803
120,20,110,0171,74,7168,254,8478
120,20,110,0435,74,68213,254,9358
120,20,110,0688,74,64893,255,0206
120,20,110,0872,74,62451,255,0823
120,20,110,1055,74,60059,255,1436
120,20,110,124,74,57617,255,2056
120,20,110,1621,74,52588,255,3334
120,20,110,1816,74,5,255,3989
120,20,110,2012,74,47412,255,4641
120,20,110,2012,74,47412,255,4641
120,20,110,2224,74,44629,255,5354
120,20,110,2498,74,41016,255,6273
120,20,110,2776,74,37354,255,7207
120,20,110,2952,74,3501,255,7797
120,20,110,3237,74,3125,255,875
120,20,110,3403,74,29053,255,9307
120,20,110,3584,74,2666,255,9916
120,20,110,3792,74,23926,256,0615
120,20,110,4175,74,18896,256,1898
120,20,110,436,74,16455,256,2521
120,20,110,4541,74,14063,256,3127
120,20,110,4736,74,11475,256,3781
120,20,110,4915,74,09131,256,4375
120,20,110,4915,74,09131,256,4375
120,20,110,5488,74,01611,256,6292
120,20,110,5671,73,9917,256,6908
120,20,110,5857,73,96729,256,7533
120,20,110,6042,73,94287,256,8152
120,21,110,6267,73,91992,256,8737
120,21,110,6509,73,89648,256,9329
120,21,110,6985,73,8501,257,0493
120,21,110,7236,73,82568,257,111
120,21,110,749,73,80078,257,173
120,21,110,772,73,77832,257,2292
120,21,110,7974,73,75342,257,2915
120,21,110,825,73,72656,257,359
120,21,110,8489,73,70313,257,4177
120,21,110,8989,73,6543,257,5404
120,21,110,9229,73,63135,257,5986
120,21,110,948,73,60693,257,6604
120,21,110,9719,73,5835,257,7188
120,21,110,9983,73,55811,257,7828
120,21,111,0217,73,53564,257,8398
120,21,111,0483,73,50977,257,9047
120,21,111,0977,73,46191,258,0251
120,21,111,1221,73,43799,258,085
120,21,111,1472,73,41357,258,1465
120,21,111,1714,73,39014,258,2056
120,21,111,1956,73,3667,258,2644
120,21,111,2185,73,34424,258,3203
120,21,111,2659,73,29834,258,4365
120,21,111,2908,73,27441,258,4972
120,21,111,3127,73,25293,258,5513
120,21,111,345,73,229,258,6117
120,21,111,3784,73,20557,258,6709
120,21,111,4114,73,18262,258,7296
120,21,111,4441,73,15967,258,7877
120,21,111,4836,73,13184,258,8582
120,21,111,5486,73,08643,258,9734
120,21,111,5811,73,06348,259,031
120,21,111,613,73,04102,259,0876
120,21,111,6475,73,01709,259,1487
120,21,111,6777,72,99609,259,2024
120,21,111,7166,72,96875,259,2715
120,21,111,762,72,93701,259,3523
120,21,111,7876,72,91895,259,3977
120,21,111,8228,72,89453,259,4602
120,21,111,8228,72,89453,259,4602
120,21,111,8765,72,85693,259,5554
120,21,111,9229,72,82471,259,6377
120,21,111,9707,72,79102,259,7227
120,21,112,0171,72,7583,259,8052
120,21,112,0588,72,72949,259,8792
120,21,112,0872,72,70996,259,9293
120,21,112,1199,72,68701,259,9874
120,21,112,1543,72,66309,260,0483
120,21,112,2017,72,63086,260,1312
120,21,112,2017,72,63086,260,1312
120,21,112,3027,72,57861,260,2866
120,21,112,3381,72,56055,260,3411
120,21,112,3718,72,54297,260,3931
120,21,112,4102,72,52344,260,4519
120,21,112,4465,72,50488,260,5081
120,21,112,4824,72,48633,260,5632
120,21,112,5549,72,44922,260,6746
120,21,112,5891,72,43164,260,7269
120,21,112,6255,72,41309,260,7827
120,21,112,6628,72,39404,260,8403
120,21,112,699,72,37549,260,896
120,21,112,7334,72,35791,260,9487
120,21,112,8054,72,3208,261,0596
120,21,112,8413,72,30225,261,1147
120,21,112,8777,72,28369,261,1707
120,21,112,9131,72,26563,261,2251
120,21,112,959,72,24219,261,2958
120,21,112,959,72,24219,261,2958
120,21,113,0625,72,18896,261,455
120,21,113,0955,72,17188,261,5056
120,21,113,1313,72,15332,261,5609
120,21,113,1692,72,13379,261,6191
120,21,113,2043,72,11572,261,6731
120,21,113,2432,72,0957,261,7328
120,21,113,3108,72,06055,261,8372
120,21,113,345,72,04297,261,8899
120,21,113,377,72,02344,261,9413
120,21,113,4087,72,00098,261,9949
120,21,113,4729,71,95508,262,103
120,21,113,5022,71,93408,262,1523
120,21,113,5354,71,91064,262,2081
120,21,113,5657,71,88916,262,2593
120,21,113,5967,71,86719,262,3115
120,21,113,6265,71,84619,262,3616
120,21,113,6978,71,79541,262,4816
120,21,113,729,71,77295,262,5343
120,21,113,7598,71,75098,262,5859
120,21,113,7932,71,72705,262,6421
120,21,113,8264,71,70361,262,6979
120,21,113,8936,71,65576,262,8112
120,21,113,926,71,63281,262,8656
120,21,113,9607,71,6084,262,924
120,21,113,9946,71,58398,262,9812
120,21,114,0276,71,56055,263,0365
120,21,114,0615,71,53662,263,0935
120,21,114,095,71,5127,263,1497
120,21,114,1606,71,46631,263,2603
120,21,114,1919,71,44434,263,3127
120,21,114,2256,71,42041,263,3693
120,21,114,2593,71,39648,263,4261
120,21,114,293,71,37256,263,4829
120,21,114,3245,71,3501,263,5358
120,21,114,3894,71,3042,263,645
120,21,114,4211,71,28174,263,6982
120,21,114,4548,71,25781,263,7551
120,21,114,4927,71,23096,263,8188
120,21,114,521,71,21045,263,8667
120,21,114,5857,71,16406,263,9756
120,21,114,6162,71,14209,264,0269
120,21,114,6506,71,11768,264,085
120,21,114,6848,71,09326,264,1425
120,21,114,718,71,06982,264,1981
120,21,114,7505,71,04639,264,2531
120,21,114,7832,71,02295,264,308
120,21,114,8511,70,97559,264,4216
120,21,114,8853,70,9585,264,4744
120,21,114,9241,70,93896,264,5344
120,21,114,9585,70,92188,264,5878
120,21,114,9946,70,90381,264,6438
120,21,114,9946,70,90381,264,6438
120,21,114,9946,70,90381,264,6438
120,21,114,9946,70,90381,264,6438
120,21,114,9946,70,90381,264,6438
120,21,114,9946,70,90381,264,6438
120,21,114,9946,70,90381,264,6438
120,22,114,9946,70,90381,264,6438
120,22,115,0283,70,88721,264,6958
120,22,115,1062,70,84863,264,8164
120,22,115,1401,70,83154,264,8689
120,22,115,176,70,81348,264,9243
120,22,115,2107,70,7959,264,978
120,22,115,2468,70,77783,265,0339
120,22,115,283,70,75977,265,0898
120,22,115,3555,70,72363,265,2019
120,22,115,3921,70,70508,265,2587
120,22,115,4275,70,6875,265,3134
120,22,115,4773,70,6626,265,3903
120,22,115,5125,70,64502,265,4445
120,22,115,5503,70,62598,265,5031
120,22,115,5852,70,6084,265,5571
120,22,115,6238,70,58936,265,6167
120,22,115,6589,70,57178,265,6711
120,22,115,6958,70,55322,265,728
120,22,115,7612,70,52051,265,8293
120,22,115,8035,70,49951,265,8948
120,22,115,8413,70,48047,265,9534
120,22,115,8777,70,4624,266,0095
120,22,115,9126,70,44482,266,0636
120,22,115,9849,70,40869,266,1755
120,22,116,02,70,39111,266,2297
120,22,116,0562,70,37305,266,2856
120,22,116,0923,70,35498,266,3413
120,22,116,1272,70,3374,266,3953
120,22,116,165,70,31836,266,454
120,22,116,2017,70,30029,266,5105
120,22,116,2017,70,30029,266,5105
120,22,116,2522,70,2749,266,5887
120,22,116,3252,70,23877,266,7015
120,22,116,3728,70,21484,266,7751
120,22,116,4199,70,19141,266,8481
120,22,116,4697,70,1665,266,9252
120,22,116,519,70,14209,267,0016
120,22,116,563,70,12012,267,0696
120,22,116,6172,70,10547,267,1348
120,22,116,6172,70,10547,267,1348
120,22,116,6758,70,09473,267,1979
120,22,116,7349,70,08398,267,2615
120,22,116,7922,70,07373,267,3231
120,22,116,8501,70,06348,267,3854
120,22,116,9116,70,05225,267,4517
120,22,116,9714,70,0415,267,5161
120,22,117,0305,70,03076,267,5796
120,22,117,0891,70,02002,267,6427
120,22,117,1494,70,00928,267,7075
120,22,117,1494,70,00928,267,7075
120,22,117,2153,69,99756,267,7786
120,22,117,2153,69,99756,267,7786
120,22,117,2153,69,99756,267,7786
120,22,117,2153,69,99756,267,7786
120,22,117,2153,69,99756,267,7786
120,22,117,2153,69,99756,267,7786
120,22,117,2153,69,99756,267,7786
120,22,117,2153,69,99756,267,7786
120,22,117,2153,69,99756,267,7786
120,22,117,2153,69,99756,267,7786
120,22,117,2153,69,99756,267,7786
120,22,117,2153,69,99756,267,7786
120,22,117,2153,69,99756,267,7786
120,22,117,2722,69,9873,267,8397
120,22,117,3333,69,97656,267,9053
120,22,117,3962,69,96533,267,973
120,22,117,4578,69,9541,268,0392
120,22,117,522,69,94238,268,1082
120,22,117,5823,69,93164,268,1731
120,22,117,5823,69,93164,268,1731
120,22,117,6431,69,9209,268,2385
120,22,117,709,69,90918,268,3096
120,22,117,7695,69,89844,268,3746
120,22,117,8306,69,8877,268,4402
120,22,117,8906,69,87695,268,5049
120,22,117,8906,69,87695,268,5049
120,22,117,9568,69,86523,268,5762
120,22,118,0359,69,85059,268,6614
120,22,118,094,69,84229,268,7212
120,22,118,1599,69,83789,268,783
120,22,118,2251,69,8335,268,8439
120,22,118,2251,69,8335,268,8439
120,22,118,2898,69,8291,268,9045
120,22,118,3789,69,82324,268,9879
120,22,118,4714,69,81738,269,0746
120,22,118,533,69,81348,269,1321
120,22,118,5969,69,80957,269,192
120,22,118,5969,69,80957,269,192
120,22,118,6606,69,80566,269,2517
120,22,118,7263,69,80127,269,3131
120,22,118,7263,69,80127,269,3131
120,22,118,8286,69,79443,269,4089
120,22,118,8999,69,79004,269,4757
120,22,118,9678,69,78564,269,5393
120,22,119,0354,69,78125,269,6025
120,22,119,1067,69,77686,269,6694
120,22,119,1697,69,77295,269,7285
120,22,119,2363,69,76855,269,7909
120,22,119,2363,69,76855,269,7909
120,22,119,3091,69,7666,269,8475
120,22,119,3889,69,76758,269,8982
120,22,119,467,69,76855,269,9478
120,22,119,5383,69,76953,269,9929
120,22,119,6118,69,77051,270,0396
120,22,119,6868,69,77148,270,0872
120,22,119,7661,69,77246,270,1375
120,22,119,7661,69,77246,270,1375
120,22,119,8496,69,77393,270,1904
120,22,119,9265,69,7749,270,2393
120,22,120,0361,69,77637,270,3088
120,22,120,0361,69,77637,270,3088
120,22,120,1147,69,77734,270,3588
120,22,120,1147,69,77734,270,3588
120,22,120,2275,69,7793,270,4302
120,22,120,2275,69,7793,270,4302
120,22,120,2275,69,7793,270,4302
120,22,120,2275,69,7793,270,4302
120,22,120,2275,69,7793,270,4302
120,22,120,2275,69,7793,270,4302
120,22,120,2275,69,7793,270,4302
120,22,120,2275,69,7793,270,4302
120,22,120,2275,69,7793,270,4302
120,22,120,2275,69,7793,270,4302
120,22,120,2275,69,7793,270,4302
120,22,120,2275,69,7793,270,4302
120,23,120,2275,69,7793,270,4302
120,23,120,3005,69,78027,270,4764
120,23,120,3005,69,78027,270,4764
120,23,120,3821,69,78174,270,5283
120,23,120,4675,69,7832,270,5825
120,23,120,5486,69,78418,270,6339
120,23,120,6284,69,78516,270,6846
120,23,120,6284,69,78516,270,6846
120,23,120,7046,69,78662,270,7329
120,23,120,7932,69,78906,270,7864
120,23,120,8801,69,79639,270,8279
120,23,120,9675,69,80371,270,8695
120,23,121,0486,69,81055,270,9081
120,23,121,0486,69,81055,270,9081
120,23,121,1438,69,81836,270,9535
120,23,121,2583,69,82813,271,0081
120,23,121,2583,69,82813,271,0081
120,23,121,3435,69,83545,271,0487
120,23,121,3435,69,83545,271,0487
120,23,121,4946,69,84814,271,1207
120,23,121,5864,69,85596,271,1646
120,23,121,6777,69,86377,271,208
120,23,121,7676,69,87109,271,2507
120,23,121,7676,69,87109,271,2507
120,23,121,8589,69,87891,271,2942
120,23,121,9539,69,88672,271,3395
120,23,122,0427,69,89404,271,3818
120,23,122,0427,69,89404,271,3818
120,23,122,1553,69,90332,271,4354
120,23,122,2505,69,91162,271,4808
120,23,122,3479,69,91992,271,5272
120,23,122,3479,69,91992,271,5272
120,23,122,4353,69,92725,271,5688
120,23,122,5232,69,93457,271,6107
120,23,122,6082,69,94189,271,6511
120,23,122,6943,69,94922,271,6921
120,23,122,7808,69,95654,271,7333
120,23,122,7808,69,95654,271,7333
120,23,122,8699,69,96777,271,7751
120,23,122,9534,69,98193,271,814
120,23,123,0354,69,99561,271,8521
120,23,123,1213,70,01025,271,892
120,23,123,199,70,02344,271,928
120,23,123,199,70,02344,271,928
120,23,123,2854,70,03809,271,9681
120,23,123,3796,70,0542,272,012
120,23,123,4636,70,06836,272,051
120,23,123,5581,70,08447,272,0948
120,23,123,6458,70,09912,272,1356
120,23,123,6458,70,09912,272,1356
120,23,123,7283,70,11328,272,174
120,23,123,8157,70,12793,272,2146
120,23,123,8157,70,12793,272,2146
120,23,123,8157,70,12793,272,2146
120,23,123,8157,70,12793,272,2146
120,23,123,8157,70,12793,272,2146
120,23,123,8157,70,12793,272,2146
120,23,123,8157,70,12793,272,2146
120,23,123,8157,70,12793,272,2146
120,23,123,8157,70,12793,272,2146
120,23,123,8157,70,12793,272,2146
120,23,123,8157,70,12793,272,2146
120,23,123,8157,70,12793,272,2146
120,23,123,8157,70,12793,272,2146
120,23,123,897,70,1416,272,2523
120,23,123,9829,70,15625,272,2922
120,23,124,0698,70,1709,272,3326
120,23,124,1548,70,18555,272,3721
120,23,124,2388,70,19971,272,411
120,23,124,2388,70,19971,272,411
120,23,124,3198,70,21338,272,4487
120,23,124,4041,70,22754,272,4878
120,23,124,488,70,2417,272,5269
120,23,124,5696,70,25537,272,5647
120,23,124,6516,70,26953,272,6028
120,23,124,6516,70,26953,272,6028
120,23,124,7393,70,28467,272,6436
120,23,124,8264,70,29932,272,6841
120,23,124,9033,70,3125,272,7197
120,23,124,9844,70,32617,272,7574
120,23,125,0688,70,34033,272,7966
120,23,125,1519,70,35449,272,8352
120,23,125,2302,70,36816,272,8716
120,23,125,3125,70,38574,272,905
120,23,125,3948,70,40674,272,9337
120,23,125,3948,70,40674,272,9337
120,23,125,4751,70,42725,272,9617
120,23,125,5681,70,45117,272,9941
120,23,125,6506,70,47217,273,0229
120,23,125,7314,70,49268,273,0511
120,23,125,8147,70,51416,273,0802
120,23,125,894,70,53467,273,1079
120,23,125,9768,70,55566,273,1367
120,23,125,9768,70,55566,273,1367
120,23,126,0601,70,57715,273,1658
120,23,126,1458,70,59912,273,1957
120,23,126,228,70,62012,273,2244
120,23,126,3123,70,6416,273,2538
120,23,126,3123,70,6416,273,2538
120,23,126,4241,70,67041,273,2927
120,23,126,5046,70,69092,273,3208
120,23,126,5903,70,71289,273,3507
120,23,126,6794,70,73584,273,3818
120,23,126,7656,70,75781,273,4119
120,23,126,8472,70,77881,273,4403
120,23,126,926,70,79883,273,4678
120,23,126,926,70,79883,273,4678
120,23,127,0149,70,82178,273,4988
120,23,127,0977,70,84277,273,5276
120,23,127,1799,70,86377,273,5563
120,23,127,2583,70,88379,273,5836
120,23,127,3464,70,90625,273,6143
120,23,127,4265,70,92676,273,6422
120,23,127,5166,70,94971,273,6737
120,23,127,5166,70,94971,273,6737
120,23,127,5166,70,94971,273,6737
120,23,127,5166,70,94971,273,6737
120,23,127,5166,70,94971,273,6737
120,23,127,5166,70,94971,273,6737
120,23,127,5166,70,94971,273,6737
120,24,127,5166,70,94971,273,6737
120,24,127,5166,70,94971,273,6737
120,24,127,6023,70,97168,273,7036
120,24,127,6841,70,99268,273,7322
120,24,127,7856,71,01904,273,7676
120,24,127,8831,71,04395,273,8015
120,24,127,8831,71,04395,273,8015
120,24,127,9714,71,06885,273,8274
120,24,128,0535,71,09326,273,8477
120,24,128,1365,71,11816,273,8682
120,24,128,2249,71,14453,273,8899
120,24,128,3076,71,16943,273,9104
120,24,128,3958,71,1958,273,9321
120,24,128,4817,71,22168,273,9534
120,24,128,4817,71,22168,273,9534
120,24,128,5679,71,24756,273,9746
120,24,128,6489,71,27197,273,9946
120,24,128,7437,71,30029,274,0179
120,24,128,8342,71,32715,274,0403
120,24,128,9199,71,35254,274,0614
120,24,129,0015,71,37695,274,0815
120,24,129,0015,71,37695,274,0815
120,24,129,0906,71,40332,274,1035
120,24,129,1753,71,42871,274,1244
120,24,129,2622,71,45459,274,1458
120,24,129,3464,71,47949,274,1665
120,24,129,4387,71,50684,274,1892
120,24,129,4387,71,50684,274,1892
120,24,129,5369,71,53613,274,2134
120,24,129,6243,71,56201,274,235
120,24,129,7153,71,58936,274,2574
120,24,129,8008,71,61475,274,2786
120,24,129,8879,71,64063,274,3
120,24,129,8879,71,64063,274,3
120,24,129,9797,71,66797,274,3228
120,24,130,0674,71,69434,274,3444
120,24,130,1506,71,71924,274,3649
120,24,130,2378,71,74512,274,3864
120,24,130,3225,71,77051,274,4072
120,24,130,4121,71,79736,274,4293
120,24,130,4121,71,79736,274,4293
120,24,130,5034,71,82471,274,4518
120,24,130,5955,71,85205,274,4745
120,24,130,6846,71,87891,274,4965
120,24,130,771,71,90479,274,5178
120,24,130,8645,71,93262,274,5409
120,24,130,8645,71,93262,274,5409
120,24,130,9607,71,96143,274,5646
120,24,130,9607,71,96143,274,5646
120,24,130,9607,71,96143,274,5646
120,24,130,9607,71,96143,274,5646
120,24,130,9607,71,96143,274,5646
120,24,131,0547,71,98926,274,5876
120,24,131,0547,71,98926,274,5876
120,24,131,0547,71,98926,274,5876
120,24,131,0547,71,98926,274,5876
120,24,131,0547,71,98926,274,5876
120,24,131,0547,71,98926,274,5876
120,24,131,0547,71,98926,274,5876
120,24,131,0547,71,98926,274,5876
120,24,131,0547,71,98926,274,5876
120,24,131,0547,71,98926,274,5876
120,24,131,0547,71,98926,274,5876
120,24,131,1389,72,01563,274,6079
120,24,131,2297,72,04492,274,6294
120,24,131,3276,72,07617,274,6526
120,24,131,4221,72,10645,274,675
120,24,131,5076,72,13379,274,6953
120,24,131,5076,72,13379,274,6953
120,24,131,5945,72,16162,274,7159
120,24,131,6846,72,19043,274,7373
120,24,131,7815,72,22168,274,7603
120,24,131,8611,72,24707,274,7792
120,24,131,9417,72,27295,274,7983
120,24,132,03,72,30127,274,8193
120,24,132,03,72,30127,274,8193
120,24,132,1104,72,32715,274,8384
120,24,132,1921,72,35352,274,8578
120,24,132,2798,72,38135,274,8787
120,24,132,3586,72,40674,274,8973
120,24,132,4412,72,43311,274,917
120,24,132,5227,72,45898,274,9363
120,24,132,6008,72,48389,274,9548
120,24,132,687,72,51123,274,9752
120,24,132,7686,72,5376,274,9946
120,24,132,7686,72,5376,274,9946
120,24,132,8486,72,56348,275,0137
120,24,132,9414,72,59326,275,0356
120,24,133,021,72,61865,275,0546
120,24,133,1016,72,64453,275,0737
120,24,133,1885,72,67236,275,0944
120,24,133,2683,72,69775,275,1133
120,24,133,3499,72,72412,275,1326
120,24,133,4348,72,75146,275,1527
120,24,133,5156,72,77734,275,1719
120,24,133,5156,72,77734,275,1719
120,24,133,5964,72,80322,275,191
120,24,133,6919,72,83398,275,2137
120,24,133,7856,72,86377,275,236
120,24,133,8772,72,89307,275,2577
120,24,133,8772,72,89307,275,2577
120,24,133,9614,72,91992,275,2776
120,24,134,05,72,94824,275,2986
120,24,134,1389,72,97656,275,3197
120,24,134,2271,73,00488,275,3406
120,24,134,314,73,03271,275,3612
120,24,134,4014,73,06055,275,382
120,24,134,4014,73,06055,275,382
120,24,134,4897,73,08887,275,403
120,24,134,5791,73,11768,275,4242
120,24,134,6685,73,14648,275,4454
120,24,134,7573,73,17578,275,4652
120,24,134,8447,73,20459,275,4841
120,24,134,8447,73,20459,275,4841
120,24,134,8447,73,20459,275,4841
120,24,134,8447,73,20459,275,4841
120,24,134,8447,73,20459,275,4841
120,24,134,8447,73,20459,275,4841
120,24,134,8447,73,20459,275,4841
120,24,134,8447,73,20459,275,4841
120,24,134,8447,73,20459,275,4841
120,24,134,8447,73,20459,275,4841
120,24,134,8447,73,20459,275,4841
120,24,134,8447,73,20459,275,4841
120,24,134,8447,73,20459,275,4841
120,24,134,8447,73,20459,275,4841
120,24,134,8447,73,20459,275,4841
120,24,134,8447,73,20459,275,4841
120,24,134,8447,73,20459,275,4841
120,24,134,8447,73,20459,275,4841
120,24,134,8447,73,20459,275,4841
120,24,134,8447,73,20459,275,4841
120,24,134,8447,73,20459,275,4841
120,24,134,8447,73,20459,275,4841
120,24,134,8447,73,20459,275,4841
120,24,134,8447,73,20459,275,4841
120,24,134,8447,73,20459,275,4841
120,24,134,8447,73,20459,275,4841
120,24,134,8447,73,20459,275,4841
120,24,134,8447,73,20459,275,4841
120,24,134,8447,73,20459,275,4841
120,24,134,8447,73,20459,275,4841
120,24,134,8447,73,20459,275,4841
120,24,134,8447,73,20459,275,4841
120,24,134,8447,73,20459,275,4841
120,24,134,8447,73,20459,275,4841
120,24,134,8447,73,20459,275,4841
120,24,134,8447,73,20459,275,4841
120,24,134,8447,73,20459,275,4841
120,24,134,8447,73,20459,275,4841
120,24,134,8447,73,20459,275,4841
120,24,134,8447,73,20459,275,4841
120,24,134,8447,73,20459,275,4841
120,24,134,8447,73,20459,275,4841
120,24,134,8447,73,20459,275,4841
120,24,134,8447,73,20459,275,4841
120,24,134,8447,73,20459,275,4841
120,24,134,8447,73,20459,275,4841
120,24,134,8447,73,20459,275,4841
120,24,134,8447,73,20459,275,4841
120,24,134,8447,73,20459,275,4841
120,24,134,8447,73,20459,275,4841
120,24,134,8447,73,20459,275,4841
120,24,134,8447,73,20459,275,4841
120,24,134,8447,73,20459,275,4841
120,24,134,8447,73,20459,275,4841
120,24,134,8447,73,20459,275,4841
120,24,134,8447,73,20459,275,4841
120,24,134,8447,73,20459,275,4841
120,24,134,8447,73,20459,275,4841
120,24,134,8447,73,20459,275,4841
120,24,134,8447,73,20459,275,4841
120,24,134,8447,73,20459,275,4841
120,24,134,8447,73,20459,275,4841
120,24,134,8447,73,20459,275,4841
120,24,134,8447,73,20459,275,4841
120,24,134,8447,73,20459,275,4841
120,24,134,8447,73,20459,275,4841
120,24,134,8447,73,20459,275,4841
120,24,134,8447,73,20459,275,4841
120,24,134,8447,73,20459,275,4841
120,24,134,8447,73,20459,275,4841
120,24,134,8447,73,20459,275,4841
120,24,134,8447,73,20459,275,4841
120,24,134,8447,73,20459,275,4841
120,24,134,8447,73,20459,275,4841
120,24,134,8447,73,20459,275,4841
120,24,134,8447,73,20459,275,4841
120,24,134,8447,73,20459,275,4841
120,24,134,8447,73,20459,275,4841
120,24,134,8447,73,20459,275,4841
120,24,134,8447,73,20459,275,4841
120,24,134,8447,73,20459,275,4841
120,24,134,8447,73,20459,275,4841
120,24,134,8447,73,20459,275,4841
120,24,134,8447,73,20459,275,4841
120,24,134,8447,73,20459,275,4841
120,24,134,8447,73,20459,275,4841
120,24,134,8447,73,20459,275,4841
120,24,134,8447,73,20459,275,4841
120,24,134,8447,73,20459,275,4841
120,24,134,8447,73,20459,275,4841
120,24,134,8447,73,20459,275,4841
120,24,134,8447,73,20459,275,4841
120,24,134,8447,73,20459,275,4841
120,24,134,8447,73,20459,275,4841
120,24,134,8447,73,20459,275,4841
120,24,134,8447,73,20459,275,4841
120,24,134,8447,73,20459,275,4841
120,24,134,8447,73,20459,275,4841
120,24,134,8447,73,20459,275,4841
120,24,134,8447,73,20459,275,4841
120,24,134,8447,73,20459,275,4841
120,24,134,8447,73,20459,275,4841
120,24,134,8447,73,20459,275,4841
120,24,134,8447,73,20459,275,4841
120,24,134,8447,73,20459,275,4841
120,24,134,8447,73,20459,275,4841
120,24,134,8447,73,20459,275,4841
120,24,134,8447,73,20459,275,4841
120,24,134,8447,73,20459,275,4841
120,24,134,8447,73,20459,275,4841
120,24,134,8447,73,20459,275,4841
120,24,134,8447,73,20459,275,4841
120,24,134,8447,73,20459,275,4841
120,24,134,8447,73,20459,275,4841
120,24,134,8447,73,20459,275,4841
120,24,134,8447,73,20459,275,4841
120,24,134,8447,73,20459,275,4841
120,24,134,8447,73,20459,275,4841
120,24,134,8447,73,20459,275,4841
120,24,134,8447,73,20459,275,4841
120,24,134,8447,73,20459,275,4841
120,24,134,8447,73,20459,275,4841
120,24,134,8447,73,20459,275,4841
120,24,134,8447,73,20459,275,4841
120,24,134,8447,73,20459,275,4841
120,24,134,8447,73,20459,275,4841
120,24,134,8447,73,20459,275,4841
120,24,134,8447,73,20459,275,4841
120,24,134,8447,73,20459,275,4841
120,24,134,8447,73,20459,275,4841
120,24,134,8447,73,20459,275,4841
120,24,134,8447,73,20459,275,4841
120,24,134,8447,73,20459,275,4841
120,24,134,8447,73,20459,275,4841
120,24,134,8447,73,20459,275,4841
120,24,134,8447,73,20459,275,4841
120,24,134,8447,73,20459,275,4841
120,24,134,8447,73,20459,275,4841
120,24,134,8447,73,20459,275,4841
120,24,134,8447,73,20459,275,4841
120,24,134,8447,73,20459,275,4841
120,24,134,8447,73,20459,275,4841
120,24,134,8447,73,20459,275,4841
120,24,134,8447,73,20459,275,4841
120,24,134,8447,73,20459,275,4841
120,24,134,8447,73,20459,275,4841
120,24,134,8447,73,20459,275,4841
120,24,134,8447,73,20459,275,4841
120,24,134,8447,73,20459,275,4841
120,24,134,8447,73,20459,275,4841
120,24,134,8447,73,20459,275,4841
120,24,134,8447,73,20459,275,4841
120,24,134,8447,73,20459,275,4841
120,24,134,8447,73,20459,275,4841
120,24,134,8447,73,20459,275,4841
120,24,134,8447,73,20459,275,4841
120,24,134,8447,73,20459,275,4841
120,24,134,8447,73,20459,275,4841
120,24,134,8447,73,20459,275,4841
120,24,134,8447,73,20459,275,4841
120,24,134,8447,73,20459,275,4841
120,24,134,8447,73,20459,275,4841
120,24,134,8447,73,20459,275,4841
120,24,134,8447,73,20459,275,4841
120,24,134,8447,73,20459,275,4841
120,24,134,8447,73,20459,275,4841
120,24,134,8447,73,20459,275,4841
120,24,134,8447,73,20459,275,4841
120,24,134,8447,73,20459,275,4841
120,24,134,8447,73,20459,275,4841
120,24,134,8447,73,20459,275,4841
120,24,134,8447,73,20459,275,4841
120,24,134,8447,73,20459,275,4841
120,24,134,8447,73,20459,275,4841
120,24,134,8447,73,20459,275,4841
120,24,134,8447,73,20459,275,4841
120,24,134,8447,73,20459,275,4841
120,24,134,8447,73,20459,275,4841
120,24,134,8447,73,20459,275,4841
120,24,134,8447,73,20459,275,4841
120,24,134,8447,73,20459,275,4841
120,24,134,8447,73,20459,275,4841
120,24,134,8447,73,20459,275,4841
120,24,134,8447,73,20459,275,4841
120,24,134,8447,73,20459,275,4841
120,24,134,8447,73,20459,275,4841
120,24,134,8447,73,20459,275,4841
120,24,134,8447,73,20459,275,4841
120,24,134,8447,73,20459,275,4841
120,24,134,8447,73,20459,275,4841
120,24,134,8447,73,20459,275,4841
120,24,134,8447,73,20459,275,4841
120,24,134,8447,73,20459,275,4841
120,24,134,8447,73,20459,275,4841
120,24,134,8447,73,20459,275,4841
120,24,134,8447,73,20459,275,4841
120,24,134,8447,73,20459,275,4841
120,24,134,8447,73,20459,275,4841
120,24,134,8447,73,20459,275,4841
120,24,134,8447,73,20459,275,4841
120,24,134,8447,73,20459,275,4841
120,24,134,8447,73,20459,275,4841
120,24,134,8447,73,20459,275,4841
120,24,134,8447,73,20459,275,4841
120,24,134,8447,73,20459,275,4841
120,24,134,8447,73,20459,275,4841
120,24,134,8447,73,20459,275,4841
120,24,134,8447,73,20459,275,4841
120,24,134,8447,73,20459,275,4841
120,24,134,8447,73,20459,275,4841
120,24,134,8447,73,20459,275,4841
120,24,134,8447,73,20459,275,4841
120,24,134,8447,73,20459,275,4841
120,24,134,8447,73,20459,275,4841
120,24,134,8447,73,20459,275,4841
120,24,134,8447,73,20459,275,4841
120,24,134,8447,73,20459,275,4841
120,24,134,8447,73,20459,275,4841
120,24,134,8447,73,20459,275,4841
120,24,134,8447,73,20459,275,4841
120,24,134,8447,73,20459,275,4841
120,24,134,8447,73,20459,275,4841
120,24,134,8447,73,20459,275,4841
120,24,134,8447,73,20459,275,4841
120,24,134,8447,73,20459,275,4841
120,24,134,8447,73,20459,275,4841
120,24,134,8447,73,20459,275,4841
120,24,134,8447,73,20459,275,4841
120,24,134,8447,73,20459,275,4841
120,24,134,8447,73,20459,275,4841
120,24,134,8447,73,20459,275,4841
120,24,134,8447,73,20459,275,4841
120,24,134,8447,73,20459,275,4841
120,24,134,8447,73,20459,275,4841
120,24,134,8447,73,20459,275,4841
120,24,134,8447,73,20459,275,4841
120,24,134,8447,73,20459,275,4841
120,24,134,8447,73,20459,275,4841
120,24,134,8447,73,20459,275,4841
120,24,134,8447,73,20459,275,4841
120,24,134,8447,73,20459,275,4841
120,24,134,8447,73,20459,275,4841
120,24,134,8447,73,20459,275,4841
120,24,134,8447,73,20459,275,4841
120,24,134,8447,73,20459,275,4841
120,24,134,8447,73,20459,275,4841
120,24,134,8447,73,20459,275,4841
120,24,134,8447,73,20459,275,4841
120,24,134,8447,73,20459,275,4841
120,24,134,8447,73,20459,275,4841
120,24,134,8447,73,20459,275,4841
120,24,134,8447,73,20459,275,4841
120,24,134,8447,73,20459,275,4841
120,24,134,8447,73,20459,275,4841
120,24,134,8447,73,20459,275,4841
120,24,134,8447,73,20459,275,4841
120,24,134,8447,73,20459,275,4841
120,24,134,8447,73,20459,275,4841
120,24,134,8447,73,20459,275,4841
120,24,134,8447,73,20459,275,4841
120,24,134,8447,73,20459,275,4841
120,24,134,8447,73,20459,275,4841
120,24,134,8447,73,20459,275,4841
120,24,134,8447,73,20459,275,4841
120,24,134,8447,73,20459,275,4841
120,24,134,8447,73,20459,275,4841
120,24,134,8447,73,20459,275,4841
120,24,134,8447,73,20459,275,4841
120,24,134,8447,73,20459,275,4841
120,24,134,8447,73,20459,275,4841
120,24,134,8447,73,20459,275,4841
120,24,134,8447,73,20459,275,4841
120,24,134,8447,73,20459,275,4841
120,24,134,8447,73,20459,275,4841
120,24,134,8447,73,20459,275,4841
120,24,134,8447,73,20459,275,4841
120,24,134,8447,73,20459,275,4841
120,24,134,8447,73,20459,275,4841
120,24,134,8447,73,20459,275,4841
120,24,134,8447,73,20459,275,4841
120,24,134,8447,73,20459,275,4841
120,24,134,8447,73,20459,275,4841
120,24,134,8447,73,20459,275,4841
120,24,134,8447,73,20459,275,4841
120,24,134,8447,73,20459,275,4841
120,24,134,8447,73,20459,275,4841
120,24,134,8447,73,20459,275,4841
120,24,134,8447,73,20459,275,4841
120,24,134,8447,73,20459,275,4841
120,24,134,8447,73,20459,275,4841
120,24,134,8447,73,20459,275,4841
120,24,134,8447,73,20459,275,4841
120,24,134,8447,73,20459,275,4841
120,24,134,8447,73,20459,275,4841
120,24,134,8447,73,20459,275,4841
120,24,134,8447,73,20459,275,4841
120,24,134,8447,73,20459,275,4841
120,24,134,8447,73,20459,275,4841
120,24,134,8447,73,20459,275,4841
120,24,134,8447,73,20459,275,4841
120,24,134,8447,73,20459,275,4841
120,24,134,8447,73,20459,275,4841
120,24,134,8447,73,20459,275,4841
120,24,134,8447,73,20459,275,4841
120,24,134,8447,73,20459,275,4841
120,24,134,8447,73,20459,275,4841
120,24,134,8447,73,20459,275,4841
120,24,134,8447,73,20459,275,4841
120,24,134,8447,73,20459,275,4841
120,24,134,8447,73,20459,275,4841
120,24,134,8447,73,20459,275,4841
120,24,134,8447,73,20459,275,4841
120,24,134,8447,73,20459,275,4841
120,24,134,8447,73,20459,275,4841
120,24,134,8447,73,20459,275,4841
120,24,134,8447,73,20459,275,4841
120,24,134,8447,73,20459,275,4841
120,24,134,8447,73,20459,275,4841
120,24,134,8447,73,20459,275,4841
120,24,134,8447,73,20459,275,4841
120,24,134,8447,73,20459,275,4841
120,24,134,8447,73,20459,275,4841
120,24,134,8447,73,20459,275,4841
120,24,134,8447,73,20459,275,4841
120,24,134,8447,73,20459,275,4841
120,24,134,8447,73,20459,275,4841
120,24,134,8447,73,20459,275,4841
120,24,134,8447,73,20459,275,4841
120,24,134,8447,73,20459,275,4841
120,24,134,8447,73,20459,275,4841
120,24,134,8447,73,20459,275,4841
120,24,134,8447,73,20459,275,4841
120,24,134,8447,73,20459,275,4841
120,24,134,8447,73,20459,275,4841
120,24,134,8447,73,20459,275,4841
120,24,134,8447,73,20459,275,4841
120,24,134,8447,73,20459,275,4841
120,24,134,8447,73,20459,275,4841
120,24,134,8447,73,20459,275,4841
120,24,134,8447,73,20459,275,4841
120,24,134,8447,73,20459,275,4841
120,24,134,8447,73,20459,275,4841
120,24,134,8447,73,20459,275,4841
120,24,134,8447,73,20459,275,4841
120,24,134,8447,73,20459,275,4841
120,24,134,8447,73,20459,275,4841
120,24,134,8447,73,20459,275,4841
120,24,134,8447,73,20459,275,4841
120,24,134,8447,73,20459,275,4841
120,24,134,8447,73,20459,275,4841
120,24,134,8447,73,20459,275,4841
120,24,134,8447,73,20459,275,4841
120,24,134,8447,73,20459,275,4841
120,24,134,8447,73,20459,275,4841
120,24,134,8447,73,20459,275,4841
120,24,134,8447,73,20459,275,4841
120,24,134,8447,73,20459,275,4841
120,24,134,8447,73,20459,275,4841
120,24,134,8447,73,20459,275,4841
120,24,134,8447,73,20459,275,4841
120,24,134,8447,73,20459,275,4841
120,24,134,8447,73,20459,275,4841
120,24,134,8447,73,20459,275,4841
120,24,134,8447,73,20459,275,4841
120,24,134,8447,73,20459,275,4841
120,24,134,8447,73,20459,275,4841
120,24,134,8447,73,20459,275,4841
120,24,134,8447,73,20459,275,4841
120,24,134,8447,73,20459,275,4841
120,24,134,8447,73,20459,275,4841
120,24,134,8447,73,20459,275,4841
120,24,134,8447,73,20459,275,4841
120,24,134,8447,73,20459,275,4841
120,24,134,8447,73,20459,275,4841
120,24,134,8447,73,20459,275,4841
120,24,134,8447,73,20459,275,4841
120,24,134,8447,73,20459,275,4841
120,24,134,8447,73,20459,275,4841
120,24,134,8447,73,20459,275,4841
120,24,134,8447,73,20459,275,4841
120,24,134,8447,73,20459,275,4841
120,24,134,8447,73,20459,275,4841
120,24,134,8447,73,20459,275,4841
120,24,134,8447,73,20459,275,4841
120,24,134,8447,73,20459,275,4841
120,24,134,8447,73,20459,275,4841
120,24,134,8447,73,20459,275,4841
120,24,134,8447,73,20459,275,4841
120,24,134,8447,73,20459,275,4841
120,24,134,8447,73,20459,275,4841
120,24,134,8447,73,20459,275,4841
120,24,134,8447,73,20459,275,4841
120,24,134,8447,73,20459,275,4841
120,24,134,8447,73,20459,275,4841
120,24,134,8447,73,20459,275,4841
120,24,134,8447,73,20459,275,4841
120,24,134,8447,73,20459,275,4841
120,24,134,8447,73,20459,275,4841
120,24,134,8447,73,20459,275,4841
120,24,134,8447,73,20459,275,4841
120,24,134,8447,73,20459,275,4841
120,24,134,8447,73,20459,275,4841
120,24,134,8447,73,20459,275,4841
120,24,134,8447,73,20459,275,4841
120,24,134,8447,73,20459,275,4841
120,24,134,8447,73,20459,275,4841
120,24,134,8447,73,20459,275,4841
120,24,134,8447,73,20459,275,4841
120,24,134,8447,73,20459,275,4841
120,24,134,8447,73,20459,275,4841
120,24,134,8447,73,20459,275,4841
120,24,134,8447,73,20459,275,4841
120,24,134,8447,73,20459,275,4841
120,24,134,8447,73,20459,275,4841
120,24,134,8447,73,20459,275,4841
120,24,134,8447,73,20459,275,4841
120,24,134,8447,73,20459,275,4841
120,24,134,8447,73,20459,275,4841
120,24,134,8447,73,20459,275,4841
120,24,134,8447,73,20459,275,4841
120,24,134,8447,73,20459,275,4841
