Time,RSteps,X,Y,Z
120,0,309,397,84,90967,232,3451
120,0,309,397,84,90967,232,3451
120,0,309,397,84,90967,232,3451
120,0,309,397,84,90967,232,3451
120,0,309,397,84,90967,232,3451
120,0,309,397,85,86719,232,3451
120,1,309,397,85,86719,232,3451
120,1,309,397,85,86719,232,3451
120,1,309,397,85,86719,232,3451
120,1,309,397,85,86719,232,3451
120,1,309,397,85,86719,232,3451
120,1,309,5991,85,87012,232,6082
120,1,309,5991,85,87012,232,6082
120,1,309,5991,85,87012,232,6082
120,1,309,7361,85,87207,232,7865
120,1,309,7361,85,87207,232,7865
120,1,309,7361,85,87207,232,7865
120,1,309,8745,85,87402,232,9666
120,1,309,8745,85,87402,232,9666
120,1,310,0071,85,87598,233,1389
120,1,310,0071,85,87598,233,1389
120,1,310,1238,85,87744,233,2908
120,1,310,1238,85,87744,233,2908
120,1,310,2334,85,87939,233,4336
120,1,310,2334,85,87939,233,4336
120,1,310,332,85,88037,233,5619
120,1,310,332,85,88037,233,5619
120,1,310,4324,85,88184,233,6925
120,1,310,4324,85,88184,233,6925
120,1,310,5356,85,8833,233,827
120,1,310,5356,85,8833,233,827
120,1,310,6489,85,88525,233,9742
120,1,310,6489,85,88525,233,9742
120,1,310,7556,85,88672,234,1133
120,1,310,7556,85,88672,234,1133
120,1,310,8582,85,88818,234,2466
120,1,310,8582,85,88818,234,2466
120,1,310,8582,85,88818,234,2466
120,1,310,9709,85,88965,234,3933
120,1,310,9709,85,88965,234,3933
120,1,311,0789,85,89111,234,5337
120,1,311,0789,85,89111,234,5337
120,1,311,1887,85,89307,234,6769
120,1,311,1887,85,89307,234,6769
120,1,311,2979,85,89453,234,8188
120,1,311,2979,85,89453,234,8188
120,1,311,4048,85,896,234,9579
120,1,311,4048,85,896,234,9579
120,1,311,5125,85,89746,235,098
120,1,311,5125,85,89746,235,098
120,1,311,6226,85,89893,235,2412
120,1,311,6226,85,89893,235,2412
120,1,311,7344,85,90088,235,3871
120,1,311,7344,85,90088,235,3871
120,1,311,7344,85,90088,235,3871
120,1,311,845,85,90234,235,531
120,1,311,845,85,90234,235,531
120,1,311,845,85,90234,235,531
120,1,311,845,85,90234,235,531
120,1,311,97,85,9043,235,6934
120,1,311,97,85,9043,235,6934
120,1,312,175,85,90723,235,9604
120,1,312,175,85,90723,235,9604
120,1,312,175,85,90723,235,9604
120,1,312,3042,85,90869,236,1284
120,1,312,3042,85,90869,236,1284
120,1,312,4248,85,91064,236,2855
120,1,312,4248,85,91064,236,2855
120,1,312,5376,85,91211,236,4323
120,1,312,5376,85,91211,236,4323
120,1,312,5376,85,91211,236,4323
120,1,312,6563,85,91406,236,5865
120,1,312,6563,85,91406,236,5865
120,1,312,6563,85,91406,236,5865
120,1,312,7686,85,91553,236,7329
120,1,312,7686,85,91553,236,7329
120,1,312,9224,85,91797,236,9329
120,1,312,9224,85,91797,236,9329
120,1,313,0376,85,91943,237,0829
120,1,313,0376,85,91943,237,0829
120,1,313,1472,85,9209,237,2255
120,1,313,1472,85,9209,237,2255
120,1,313,2576,85,92236,237,3691
120,1,313,2576,85,92236,237,3691
120,1,313,2576,85,92236,237,3691
120,1,313,3665,85,92432,237,511
120,1,313,3665,85,92432,237,511
120,1,313,4841,85,92578,237,6639
120,1,313,4841,85,92578,237,6639
120,1,313,6018,85,92773,237,8173
120,1,313,6018,85,92773,237,8173
120,1,313,7253,85,9292,237,978
120,1,313,7253,85,9292,237,978
120,1,313,7253,85,9292,237,978
120,1,313,8367,85,93066,238,1227
120,1,313,8367,85,93066,238,1227
120,1,313,9604,85,93262,238,2837
120,1,313,9604,85,93262,238,2837
120,1,314,0784,85,93457,238,4373
120,1,314,0784,85,93457,238,4373
120,1,314,0784,85,93457,238,4373
120,1,314,187,85,93604,238,5786
120,1,314,187,85,93604,238,5786
120,1,314,3088,85,9375,238,7372
120,1,314,3088,85,9375,238,7372
120,1,314,4336,85,93945,238,8997
120,1,314,4336,85,93945,238,8997
120,1,314,5303,85,94092,239,0253
120,1,314,5303,85,94092,239,0253
120,1,314,6387,85,94238,239,1666
120,1,314,6387,85,94238,239,1666
120,1,314,7441,85,94385,239,3037
120,1,314,7441,85,94385,239,3037
120,1,314,8364,85,94531,239,4237
120,1,314,9229,85,94629,239,5363
120,2,314,9229,85,94629,239,5363
120,2,315,0112,85,94775,239,6514
120,2,315,0112,85,94775,239,6514
120,2,315,0962,85,94873,239,7617
120,2,315,0962,85,94873,239,7617
120,2,315,1885,85,9502,239,8821
120,2,315,2793,85,95166,240
120,2,315,3494,85,95264,240,0912
120,2,315,4246,85,95361,240,1893
120,2,315,4768,85,95459,240,2571
120,2,315,4768,85,95459,240,2571
120,2,315,4768,85,95459,240,2571
120,2,315,4768,85,95459,240,2571
120,2,315,4768,85,95459,240,2571
120,2,315,5247,85,95508,240,3196
120,2,315,5247,85,95508,240,3196
120,2,315,5247,85,95508,240,3196
120,2,315,5247,85,95508,240,3196
120,2,315,5247,85,95508,240,3196
120,2,315,7422,85,95801,240,6025
120,2,315,7422,85,95801,240,6025
120,2,315,7422,85,95801,240,6025
120,2,315,998,85,96191,240,9357
120,2,315,998,85,96191,240,9357
120,2,315,998,85,96191,240,9357
120,2,316,1643,85,96436,241,1519
120,2,316,1643,85,96436,241,1519
120,2,316,1643,85,96436,241,1519
120,2,316,3398,85,9668,241,3804
120,2,316,3398,85,9668,241,3804
120,2,316,4629,85,96875,241,5405
120,2,316,4629,85,96875,241,5405
120,2,316,4629,85,96875,241,5405
120,2,316,5989,85,9707,241,7175
120,2,316,5989,85,9707,241,7175
120,2,316,7102,85,97217,241,8624
120,2,316,7102,85,97217,241,8624
120,2,316,8359,85,97412,242,0258
120,2,316,8359,85,97412,242,0258
120,2,316,8359,85,97412,242,0258
120,2,316,9592,85,97559,242,1865
120,2,316,9592,85,97559,242,1865
120,2,317,0759,85,97754,242,3383
120,2,317,0759,85,97754,242,3383
120,2,317,0759,85,97754,242,3383
120,2,317,1919,85,979,242,489
120,2,317,1919,85,979,242,489
120,2,317,3218,85,98096,242,6581
120,2,317,3218,85,98096,242,6581
120,2,317,436,85,98242,242,8069
120,2,317,436,85,98242,242,8069
120,2,317,5632,85,98438,242,9725
120,2,317,5632,85,98438,242,9725
120,2,317,5632,85,98438,242,9725
120,2,317,6797,85,98584,243,1238
120,2,317,6797,85,98584,243,1238
120,2,317,8123,85,98779,243,2966
120,2,317,8123,85,98779,243,2966
120,2,317,8123,85,98779,243,2966
120,2,317,9314,85,98975,243,4515
120,2,317,9314,85,98975,243,4515
120,2,318,0532,85,99121,243,6101
120,2,318,0532,85,99121,243,6101
120,2,318,0532,85,99121,243,6101
120,2,318,177,85,99316,243,7712
120,2,318,177,85,99316,243,7712
120,2,318,3154,85,99512,243,9513
120,2,318,3154,85,99512,243,9513
120,2,318,4309,85,99658,244,1017
120,2,318,4309,85,99658,244,1017
120,2,318,4309,85,99658,244,1017
120,2,318,5486,85,99854,244,2549
120,2,318,5486,85,99854,244,2549
120,2,318,6658,86,244,4072
120,2,318,6658,86,244,4072
120,2,318,7847,86,00195,244,562
120,2,318,7847,86,00195,244,562
120,2,318,7847,86,00195,244,562
120,2,318,8994,86,00342,244,7113
120,2,318,8994,86,00342,244,7113
120,2,319,0159,86,00537,244,8629
120,2,319,0159,86,00537,244,8629
120,2,319,1335,86,00684,245,0157
120,2,319,1335,86,00684,245,0157
120,2,319,2417,86,0083,245,1566
120,2,319,2417,86,0083,245,1566
120,2,319,2417,86,0083,245,1566
120,2,319,3484,86,00977,245,2955
120,2,319,3484,86,00977,245,2955
120,2,319,4763,86,01172,245,4619
120,2,319,4763,86,01172,245,4619
120,2,319,4763,86,01172,245,4619
120,2,319,6052,86,01367,245,6296
120,2,319,6052,86,01367,245,6296
120,2,319,7351,86,01563,245,7988
120,2,319,7351,86,01563,245,7988
120,2,319,7351,86,01563,245,7988
120,2,319,8726,86,01758,245,9778
120,2,319,8726,86,01758,245,9778
120,2,319,9893,86,01904,246,1296
120,2,319,9893,86,01904,246,1296
120,2,320,1108,86,021,246,2878
120,2,320,1108,86,021,246,2878
120,2,320,1108,86,021,246,2878
120,2,320,2297,86,02246,246,4425
120,2,320,2297,86,02246,246,4425
120,2,320,3555,86,02441,246,6061
120,2,320,3555,86,02441,246,6061
120,2,320,4792,86,02637,246,7672
120,2,320,4792,86,02637,246,7672
120,2,320,4792,86,02637,246,7672
120,2,320,5964,86,02783,246,9199
120,2,320,5964,86,02783,246,9199
120,2,320,7129,86,0293,247,0712
120,2,320,7129,86,0293,247,0712
120,2,320,7129,86,0293,247,0712
120,2,320,8315,86,03125,247,2257
120,2,320,8315,86,03125,247,2257
120,2,320,9619,86,0332,247,3954
120,2,320,9619,86,0332,247,3954
120,2,320,9619,86,0332,247,3954
120,2,321,094,86,03516,247,5674
120,2,321,094,86,03516,247,5674
120,2,321,218,86,03662,247,7288
120,2,321,218,86,03662,247,7288
120,2,321,3452,86,03857,247,894
120,2,321,3452,86,03857,247,894
120,2,321,3452,86,03857,247,894
120,2,321,4614,86,04004,248,0454
120,2,321,4614,86,04004,248,0454
120,2,321,5852,86,04199,248,2064
120,2,321,5852,86,04199,248,2064
120,2,321,5852,86,04199,248,2064
120,2,321,7141,86,04395,248,3744
120,2,321,7141,86,04395,248,3744
120,2,321,8435,86,0459,248,5427
120,2,321,8435,86,0459,248,5427
120,2,321,8435,86,0459,248,5427
120,2,321,9741,86,04785,248,7126
120,2,321,9741,86,04785,248,7126
120,2,322,0916,86,04932,248,8656
120,2,322,0916,86,04932,248,8656
120,2,322,0916,86,04932,248,8656
120,2,322,2178,86,05127,249,0298
120,2,322,2178,86,05127,249,0298
120,2,322,3403,86,05273,249,1891
120,2,322,3403,86,05273,249,1891
120,2,322,4709,86,05469,249,3591
120,2,322,4709,86,05469,249,3591
120,2,322,4709,86,05469,249,3591
120,2,322,5908,86,05664,249,5151
120,2,322,5908,86,05664,249,5151
120,2,322,728,86,05859,249,6937
120,2,322,728,86,05859,249,6937
120,2,322,728,86,05859,249,6937
120,2,322,8479,86,06006,249,8497
120,2,322,8479,86,06006,249,8497
120,2,322,9731,86,06201,250,0126
120,2,322,9731,86,06201,250,0126
120,2,322,9731,86,06201,250,0126
120,2,323,0906,86,06348,250,1656
120,2,323,0906,86,06348,250,1656
120,2,323,2263,86,06543,250,342
120,2,323,2263,86,06543,250,342
120,2,323,2263,86,06543,250,342
120,2,323,3503,86,06738,250,5037
120,2,323,3503,86,06738,250,5037
120,2,323,469,86,06885,250,6581
120,2,323,469,86,06885,250,6581
120,2,323,5991,86,0708,250,8274
120,2,323,5991,86,0708,250,8274
120,2,323,5991,86,0708,250,8274
120,2,323,7122,86,07275,250,9746
120,2,323,7122,86,07275,250,9746
120,2,323,8401,86,07422,251,141
120,2,323,8401,86,07422,251,141
120,2,323,8401,86,07422,251,141
120,2,323,9604,86,07617,251,2976
120,2,323,9604,86,07617,251,2976
120,2,324,0781,86,07764,251,4508
120,2,324,0781,86,07764,251,4508
120,2,324,1877,86,07959,251,5934
120,2,324,1877,86,07959,251,5934
120,2,324,3037,86,08105,251,7443
120,2,324,3037,86,08105,251,7443
120,2,324,3037,86,08105,251,7443
120,2,324,416,86,08252,251,8904
120,2,324,416,86,08252,251,8904
120,2,324,5442,86,08447,252,0573
120,2,324,5442,86,08447,252,0573
120,2,324,6531,86,08594,252,199
120,2,324,6531,86,08594,252,199
120,2,324,7659,86,08789,252,3457
120,2,324,7659,86,08789,252,3457
120,2,324,874,86,08936,252,4865
120,2,324,874,86,08936,252,4865
120,2,324,9836,86,09082,252,6289
120,2,324,9836,86,09082,252,6289
120,2,325,0925,86,09229,252,7709
120,2,325,0925,86,09229,252,7709
120,2,325,0925,86,09229,252,7709
120,2,325,2,86,09375,252,9104
120,2,325,2,86,09375,252,9104
120,2,325,3123,86,0957,253,0569
120,2,325,3123,86,0957,253,0569
120,2,325,4177,86,09717,253,1941
120,2,325,4177,86,09717,253,1941
120,2,325,5188,86,09863,253,3256
120,2,325,5188,86,09863,253,3256
120,2,325,6208,86,1001,253,4585
120,2,325,6208,86,1001,253,4585
120,2,325,7329,86,10156,253,6042
120,2,325,7329,86,10156,253,6042
120,2,325,8359,86,10303,253,7382
120,2,325,8359,86,10303,253,7382
120,2,325,947,86,10449,253,8828
120,2,325,947,86,10449,253,8828
120,2,326,0471,86,10596,254,0131
120,2,326,0471,86,10596,254,0131
120,2,326,1453,86,10742,254,1407
120,2,326,1453,86,10742,254,1407
120,2,326,2466,86,10889,254,2727
120,2,326,2466,86,10889,254,2727
120,2,326,3528,86,11035,254,4109
120,2,326,3528,86,11035,254,4109
120,2,326,459,86,11182,254,5492
120,2,326,459,86,11182,254,5492
120,2,326,5586,86,11328,254,6786
120,2,326,5586,86,11328,254,6786
120,2,326,6599,86,11475,254,8107
120,2,326,6599,86,11475,254,8107
120,2,326,7581,86,11621,254,9381
120,2,326,7581,86,11621,254,9381
120,2,326,8572,86,11768,255,0671
120,2,326,8572,86,11768,255,0671
120,2,326,9551,86,11914,255,1946
120,2,326,9551,86,11914,255,1946
120,2,327,0493,86,12061,255,3174
120,2,327,0493,86,12061,255,3174
120,2,327,1526,86,12207,255,4518
120,2,327,1526,86,12207,255,4518
120,2,327,2524,86,12354,255,5817
120,2,327,354,86,125,255,714
120,2,327,354,86,125,255,714
120,2,327,4534,86,12646,255,843
120,2,327,4534,86,12646,255,843
120,2,327,5544,86,12744,255,9746
120,2,327,5544,86,12744,255,9746
120,2,327,6516,86,12891,256,1011
120,2,327,6516,86,12891,256,1011
120,2,327,7612,86,13086,256,2439
120,2,327,7612,86,13086,256,2439
120,2,327,8616,86,13232,256,3743
120,2,327,8616,86,13232,256,3743
120,2,327,9509,86,1333,256,4907
120,2,327,9509,86,1333,256,4907
120,2,328,0386,86,13477,256,6046
120,2,328,0386,86,13477,256,6046
120,2,328,1377,86,13623,256,7338
120,2,328,2327,86,13721,256,8572
120,2,328,2327,86,13721,256,8572
120,2,328,3154,86,13867,256,965
120,2,328,3154,86,13867,256,965
120,2,328,4036,86,13965,257,0798
120,2,328,4036,86,13965,257,0798
120,2,328,49,86,14111,257,1923
120,2,328,49,86,14111,257,1923
120,2,328,6003,86,14258,257,3357
120,2,328,6003,86,14258,257,3357
120,2,328,707,86,14404,257,4746
120,2,328,707,86,14404,257,4746
120,2,328,7976,86,14551,257,5925
120,2,328,7976,86,14551,257,5925
120,2,328,9099,86,14697,257,7386
120,2,328,9099,86,14697,257,7386
120,2,329,0015,86,14844,257,8577
120,2,329,0015,86,14844,257,8577
120,2,329,1072,86,1499,257,9954
120,2,329,1072,86,1499,257,9954
120,2,329,2043,86,15137,258,1219
120,2,329,2043,86,15137,258,1219
120,2,329,3,86,15283,258,2463
120,2,329,3,86,15283,258,2463
120,2,329,4084,86,1543,258,3875
120,2,329,4084,86,1543,258,3875
120,2,329,5042,86,15576,258,512
120,2,329,5042,86,15576,258,512
120,2,329,6069,86,15723,258,6458
120,2,329,6069,86,15723,258,6458
120,2,329,7151,86,15869,258,7866
120,2,329,7151,86,15869,258,7866
120,2,329,8162,86,16016,258,918
120,2,329,8162,86,16016,258,918
120,2,329,9128,86,16162,259,0438
120,2,330,0146,86,16309,259,1763
120,2,330,0146,86,16309,259,1763
120,2,330,1104,86,16455,259,3008
120,2,330,1104,86,16455,259,3008
120,2,330,2141,86,16602,259,4359
120,2,330,2141,86,16602,259,4359
120,2,330,3174,86,16748,259,5703
120,2,330,3174,86,16748,259,5703
120,2,330,4219,86,16895,259,7062
120,2,330,4219,86,16895,259,7062
120,2,330,5168,86,17041,259,83
120,2,330,5168,86,17041,259,83
120,2,330,6165,86,17139,259,9594
120,2,330,6165,86,17139,259,9594
120,2,330,7229,86,17334,260,098
120,2,330,7229,86,17334,260,098
120,2,330,8257,86,1748,260,2318
120,2,330,8257,86,1748,260,2318
120,2,330,9214,86,17578,260,3562
120,2,330,9214,86,17578,260,3562
120,2,331,0266,86,17773,260,4933
120,2,331,0266,86,17773,260,4933
120,2,331,0266,86,17773,260,4933
120,2,331,1309,86,1792,260,6289
120,2,331,1309,86,1792,260,6289
120,2,331,2527,86,18066,260,7874
120,2,331,2527,86,18066,260,7874
120,2,331,3599,86,18213,260,9269
120,2,331,3599,86,18213,260,9269
120,2,331,4568,86,18359,261,0531
120,2,331,4568,86,18359,261,0531
120,2,331,5535,86,18506,261,179
120,2,331,5535,86,18506,261,179
120,2,331,6563,86,18652,261,3127
120,2,331,6563,86,18652,261,3127
120,2,331,7566,86,18799,261,4432
120,2,331,7566,86,18799,261,4432
120,2,331,7566,86,18799,261,4432
120,2,331,8613,86,18945,261,5796
120,2,331,8613,86,18945,261,5796
120,2,332,0149,86,19189,261,7794
120,2,332,114,86,19287,261,9083
120,2,332,114,86,19287,261,9083
120,2,332,2095,86,19434,262,0327
120,2,332,2095,86,19434,262,0327
120,2,332,3074,86,1958,262,1602
120,2,332,3074,86,1958,262,1602
120,2,332,4036,86,19727,262,2853
120,2,332,4036,86,19727,262,2853
120,2,332,5,86,19873,262,4106
120,2,332,5,86,19873,262,4106
120,2,332,5989,86,2002,262,5396
120,2,332,5989,86,2002,262,5396
120,2,332,6924,86,20117,262,661
120,2,332,6924,86,20117,262,661
120,2,332,7966,86,20313,262,7966
120,2,332,7966,86,20313,262,7966
120,2,332,8901,86,2041,262,9182
120,2,332,8901,86,2041,262,9182
120,2,332,999,86,20557,263,0601
120,2,332,999,86,20557,263,0601
120,2,333,1123,86,20752,263,2074
120,2,333,1123,86,20752,263,2074
120,2,333,2024,86,2085,263,325
120,2,333,2024,86,2085,263,325
120,2,333,3066,86,20996,263,4603
120,2,333,3955,86,21143,263,576
120,2,333,3955,86,21143,263,576
120,2,333,491,86,21289,263,7001
120,2,333,491,86,21289,263,7001
120,2,333,5903,86,21436,263,8296
120,2,333,5903,86,21436,263,8296
120,2,333,6829,86,21582,263,95
120,2,333,6829,86,21582,263,95
120,2,333,7822,86,2168,264,0793
120,2,333,7822,86,2168,264,0793
120,2,333,8916,86,21875,264,2216
120,2,333,8916,86,21875,264,2216
120,2,333,9819,86,21973,264,3394
120,2,333,9819,86,21973,264,3394
120,2,334,0737,86,22119,264,4586
120,2,334,0737,86,22119,264,4586
120,2,334,1702,86,22266,264,5842
120,2,334,2649,86,22412,264,7073
120,2,334,2649,86,22412,264,7073
120,2,334,3511,86,2251,264,8196
120,2,334,3511,86,2251,264,8196
120,2,334,4431,86,22656,264,9392
120,2,334,4431,86,22656,264,9392
120,2,334,5376,86,22803,265,0623
120,2,334,6211,86,229,265,171
120,2,334,6211,86,229,265,171
120,2,334,7124,86,23047,265,2897
120,2,334,7124,86,23047,265,2897
120,2,334,8005,86,23145,265,4047
120,2,334,8005,86,23145,265,4047
120,2,334,8926,86,23291,265,5242
120,2,334,9836,86,23438,265,6429
120,2,334,9836,86,23438,265,6429
120,2,335,073,86,23535,265,7589
120,2,335,073,86,23535,265,7589
120,2,335,1516,86,23682,265,8615
120,2,335,2463,86,23779,265,9845
120,2,335,2463,86,23779,265,9845
120,2,335,3323,86,23926,266,0967
120,2,335,3323,86,23926,266,0967
120,2,335,4233,86,24072,266,215
120,2,335,4233,86,24072,266,215
120,2,335,5144,86,2417,266,3335
120,2,335,5144,86,2417,266,3335
120,2,335,6116,86,24316,266,4598
120,2,335,6987,86,24463,266,5735
120,2,335,6987,86,24463,266,5735
120,2,335,7854,86,24561,266,6862
120,2,335,7854,86,24561,266,6862
120,2,335,8694,86,24707,266,7953
120,2,335,969,86,24854,266,9249
120,2,335,969,86,24854,266,9249
120,2,336,0388,86,24951,267,0159
120,2,336,0388,86,24951,267,0159
120,2,336,1128,86,25049,267,1121
120,2,336,2148,86,25195,267,2451
120,2,336,2148,86,25195,267,2451
120,2,336,3049,86,25342,267,3623
120,2,336,3049,86,25342,267,3623
120,2,336,3955,86,25439,267,4801
120,2,336,3955,86,25439,267,4801
120,2,336,4812,86,25586,267,5916
120,2,336,5688,86,25684,267,7058
120,2,336,5688,86,25684,267,7058
120,2,336,6589,86,2583,267,8229
120,2,336,6589,86,2583,267,8229
120,2,336,7637,86,25977,267,9591
120,2,336,7637,86,25977,267,9591
120,2,336,7952,86,26025,268,0002
120,2,336,6511,86,27148,267,9807
120,3,336,6511,86,27148,267,9807
120,3,336,511,86,28174,267,9617
120,3,336,511,86,28174,267,9617
120,3,336,3718,86,29248,267,9429
120,3,336,3718,86,29248,267,9429
120,3,336,2209,86,3042,267,9225
120,3,336,2209,86,3042,267,9225
120,3,336,0615,86,31641,267,9009
120,3,335,9163,86,32715,267,8811
120,3,335,9163,86,32715,267,8811
120,3,335,7588,86,33936,267,8599
120,3,335,7588,86,33936,267,8599
120,3,335,6191,86,3501,267,8409
120,3,335,6191,86,3501,267,8409
120,3,335,4802,86,36035,267,8221
120,3,335,321,86,37256,267,8005
120,3,335,321,86,37256,267,8005
120,3,335,1873,86,38281,267,7825
120,3,335,1873,86,38281,267,7825
120,3,335,0503,86,39355,267,7639
120,3,335,0503,86,39355,267,7639
120,3,334,8948,86,40527,267,7428
120,3,334,8948,86,40527,267,7428
120,3,334,7373,86,41699,267,7214
120,3,334,5852,86,42871,267,7009
120,3,334,5852,86,42871,267,7009
120,3,334,4429,86,43945,267,6816
120,3,334,4429,86,43945,267,6816
120,3,334,3076,86,4502,267,6633
120,3,334,3076,86,4502,267,6633
120,3,334,1406,86,46289,267,6406
120,3,333,9944,86,47363,267,6208
120,3,333,9944,86,47363,267,6208
120,3,333,8533,86,48438,267,6018
120,3,333,8533,86,48438,267,6018
120,3,333,7031,86,49609,267,5814
120,3,333,7031,86,49609,267,5814
120,3,333,551,86,50781,267,5608
120,3,333,551,86,50781,267,5608
120,3,333,4031,86,51904,267,5408
120,3,333,4031,86,51904,267,5408
120,3,333,2534,86,53027,267,5205
120,3,333,1021,86,54199,267,5
120,3,333,1021,86,54199,267,5
120,3,332,9421,88,21973,267,4783
120,3,332,9421,88,21973,267,4783
120,3,332,8069,86,56445,267,46
120,3,332,8069,86,56445,267,46
120,3,332,7615,86,56787,267,4539
120,3,332,5959,86,58008,267,4268
120,3,332,5959,86,58008,267,4268
120,3,332,4556,86,59033,267,4038
120,3,332,4556,86,59033,267,4038
120,3,332,3252,86,59961,267,3826
120,3,332,1819,86,60986,267,3591
120,3,332,1819,86,60986,267,3591
120,3,332,0295,86,62109,267,3342
120,3,332,0295,86,62109,267,3342
120,3,331,905,86,63037,267,314
120,3,331,7661,86,64014,267,2911
120,3,331,7661,86,64014,267,2911
120,3,331,6177,86,65137,267,2668
120,3,331,6177,86,65137,267,2668
120,3,331,4744,86,66162,267,2434
120,3,331,4744,86,66162,267,2434
120,3,331,332,86,67188,267,2202
120,3,331,1843,86,68262,267,196
120,3,331,1843,86,68262,267,196
120,3,331,0496,86,69238,267,1741
120,3,331,0496,86,69238,267,1741
120,3,330,9126,86,70264,267,1516
120,3,330,9126,86,70264,267,1516
120,3,330,7615,86,71338,267,127
120,3,330,6162,86,72412,267,1033
120,3,330,6162,86,72412,267,1033
120,3,330,4624,86,73535,267,0781
120,3,330,4624,86,73535,267,0781
120,3,330,3196,86,74561,267,0547
120,3,330,3196,86,74561,267,0547
120,3,330,1738,86,75635,267,0309
120,3,330,0398,86,76611,267,009
120,3,330,0398,86,76611,267,009
120,3,329,8901,86,77686,266,9846
120,3,329,8901,86,77686,266,9846
120,3,329,7512,86,78711,266,9619
120,3,329,6011,86,79785,266,9373
120,3,329,6011,86,79785,266,9373
120,3,329,4749,86,80713,266,9167
120,3,329,4749,86,80713,266,9167
120,3,329,3457,86,81641,266,8955
120,3,329,2,86,82715,266,8718
120,3,329,2,86,82715,266,8718
120,3,329,0627,86,83691,266,8494
120,3,328,9368,86,84619,266,8287
120,3,328,9368,86,84619,266,8287
120,3,328,8042,86,85596,266,8071
120,3,328,8042,86,85596,266,8071
120,3,328,6753,86,86523,266,786
120,3,328,533,86,87549,266,7627
120,3,328,533,86,87549,266,7627
120,3,328,4004,86,88525,266,7411
120,3,328,4004,86,88525,266,7411
120,3,328,2944,86,89307,266,7238
120,3,328,1592,86,90283,266,697
120,3,328,1592,86,90283,266,697
120,3,328,0183,86,91309,266,6693
120,3,328,0183,86,91309,266,6693
120,3,327,8643,86,92432,266,6389
120,3,327,7383,86,93359,266,614
120,4,327,7383,86,93359,266,614
120,4,327,7383,86,93359,266,614
120,4,327,7383,86,93359,266,614
120,4,327,7383,86,93359,266,614
120,4,327,6057,86,94336,266,5879
120,4,327,6057,86,94336,266,5879
120,4,327,1948,86,97314,266,5068
120,4,327,1948,86,97314,266,5068
120,4,327,0598,86,98291,266,4801
120,4,326,9304,86,99219,266,4546
120,4,326,9304,86,99219,266,4546
120,4,326,7922,87,00244,266,4274
120,4,326,7922,87,00244,266,4274
120,4,326,6514,87,0127,266,3995
120,4,326,5229,87,02197,266,3741
120,4,326,5229,87,02197,266,3741
120,4,326,3723,87,03271,266,3445
120,4,326,3723,87,03271,266,3445
120,4,326,2449,87,04199,266,3193
120,4,326,1133,87,05176,266,2933
120,4,326,1133,87,05176,266,2933
120,4,325,9631,87,0625,266,2637
120,4,325,9631,87,0625,266,2637
120,4,325,8362,87,07178,266,2386
120,4,325,6865,87,08252,266,2091
120,4,325,6865,87,08252,266,2091
120,4,325,5437,87,09326,266,1809
120,4,325,5437,87,09326,266,1809
120,4,325,4045,87,10303,266,1536
120,4,325,2688,87,11328,266,1267
120,4,325,2688,87,11328,266,1267
120,4,325,1348,87,12305,266,1002
120,4,325,1348,87,12305,266,1002
120,4,325,002,87,13232,266,074
120,4,325,002,87,13232,266,074
120,4,324,8464,87,14404,266,0433
120,4,324,719,87,15332,266,0182
120,4,324,719,87,15332,266,0182
120,4,324,5828,87,16309,265,9913
120,4,324,5828,87,16309,265,9913
120,4,324,4375,87,17334,265,9626
120,4,324,4375,87,17334,265,9626
120,4,324,2849,87,18457,265,9326
120,4,324,2849,87,18457,265,9326
120,4,324,1316,87,1958,265,9023
120,4,323,9778,87,20703,265,8719
120,4,323,9778,87,20703,265,8719
120,4,323,9104,87,21191,265,8586
120,4,323,9104,87,21191,265,8586
120,4,323,9104,87,21191,265,8586
120,4,323,7471,87,24854,265,8252
120,4,323,5835,87,28516,265,7919
120,4,323,5835,87,28516,265,7919
120,4,323,436,87,31836,265,7617
120,4,323,3137,87,3457,265,7367
120,4,323,3137,87,3457,265,7367
120,4,323,1848,87,37451,265,7104
120,4,323,1848,87,37451,265,7104
120,4,323,0461,87,40527,265,682
120,4,323,0461,87,40527,265,682
120,4,322,863,87,44629,265,6447
120,4,322,863,87,44629,265,6447
120,4,322,7141,87,47998,265,6141
120,4,322,7141,87,47998,265,6141
120,4,322,5784,87,51025,265,5864
120,4,322,448,87,53955,265,5598
120,4,322,448,87,53955,265,5598
120,4,322,3062,87,57129,265,5308
120,4,322,3062,87,57129,265,5308
120,4,322,1741,87,60059,265,5038
120,4,322,1741,87,60059,265,5038
120,4,322,0349,87,63184,265,4753
120,4,321,8877,87,66504,265,4453
120,4,321,8877,87,66504,265,4453
120,4,321,7471,87,69629,265,4165
120,4,321,7471,87,69629,265,4165
120,4,321,6204,87,72461,265,3906
120,4,321,6204,87,72461,265,3906
120,4,321,488,87,75439,265,3636
120,4,321,488,87,75439,265,3636
120,4,321,3179,87,79248,265,3289
120,4,321,3179,87,79248,265,3289
120,4,321,1494,87,83008,265,2944
120,4,321,1494,87,83008,265,2944
120,4,321,0002,87,86377,265,2639
120,4,320,8445,87,89844,265,2321
120,4,320,8445,87,89844,265,2321
120,4,320,7124,87,92822,265,2051
120,4,320,7124,87,92822,265,2051
120,4,320,5806,87,95752,265,1782
120,4,320,5806,87,95752,265,1782
120,4,320,4167,87,99414,265,1447
120,4,320,4167,87,99414,265,1447
120,4,320,2515,88,03125,265,1108
120,4,320,2515,88,03125,265,1108
120,4,320,0559,88,0752,265,0709
120,4,320,0559,88,0752,265,0709
120,4,319,9084,88,1084,265,0408
120,4,319,7676,88,13965,265,012
120,4,319,7676,88,13965,265,012
120,4,319,6548,89,79639,264,989
120,4,319,5391,88,19092,264,9653
120,4,319,5391,88,19092,264,9653
120,4,319,4065,88,2207,264,9382
120,4,319,4065,88,2207,264,9382
120,4,319,2732,88,25049,264,911
120,4,319,1426,88,27979,264,8843
120,4,319,1426,88,27979,264,8843
120,4,319,0237,90,00879,264,86
120,4,318,8928,88,33545,264,8333
120,4,318,8928,88,33545,264,8333
120,4,318,8391,88,34766,264,8223
120,4,318,7131,88,33643,264,7954
120,4,318,7131,88,33643,264,7954
120,4,318,5847,88,32471,264,7682
120,4,318,4585,88,31299,264,7413
120,4,318,4585,88,31299,264,7413
120,4,318,3418,88,30273,264,7164
120,4,318,3418,88,30273,264,7164
120,4,318,2229,88,29199,264,6912
120,4,318,0854,88,2793,264,6619
120,4,318,0854,88,2793,264,6619
120,5,317,9395,88,26611,264,6309
120,5,317,8052,88,25391,264,6023
120,5,317,8052,88,25391,264,6023
120,5,317,6807,88,24268,264,5758
120,5,317,6807,88,24268,264,5758
120,5,317,5562,88,23145,264,5493
120,5,317,4299,88,21973,264,5225
120,5,317,4299,88,21973,264,5225
120,5,317,2783,88,20605,264,4902
120,5,317,2783,88,20605,264,4902
120,5,317,1345,88,19287,264,4596
120,5,317,0134,88,18213,264,4338
120,5,316,8933,88,1709,264,4083
120,5,316,8933,88,1709,264,4083
120,5,316,7798,88,16064,264,3842
120,5,316,7798,88,16064,264,3842
120,5,316,6614,88,1499,264,3589
120,5,316,5164,88,13672,264,3281
120,5,316,5164,88,13672,264,3281
120,5,316,3945,88,12598,264,3021
120,5,316,3945,88,12598,264,3021
120,5,316,2507,88,11279,264,2715
120,5,316,1082,88,1001,264,2412
120,5,316,1082,88,1001,264,2412
120,5,315,9604,88,08643,264,2098
120,5,315,9604,88,08643,264,2098
120,5,315,8298,88,07471,264,182
120,5,315,6975,88,0625,264,1538
120,5,315,6975,88,0625,264,1538
120,5,315,5769,88,05176,264,1282
120,5,315,4578,88,04102,264,1028
120,5,315,4578,88,04102,264,1028
120,5,315,324,88,02881,264,0743
120,5,315,1973,88,01709,264,0474
120,5,315,1973,88,01709,264,0474
120,5,315,0833,88,00684,264,0232
120,5,314,9641,87,99609,263,9978
120,5,314,9641,87,99609,263,9978
120,5,314,8408,87,98486,263,9716
120,5,314,7104,87,97314,263,9438
120,5,314,7104,87,97314,263,9438
120,5,314,5828,87,96143,263,9167
120,5,314,4636,87,95068,263,8914
120,5,314,4636,87,95068,263,8914
120,5,314,3484,87,94043,263,8668
120,5,314,3484,87,94043,263,8668
120,5,314,2097,87,92773,263,8374
120,5,314,0762,87,91553,263,809
120,5,314,0762,87,91553,263,809
120,5,313,946,87,90381,263,7813
120,5,313,8105,87,8916,263,7524
120,5,313,8105,87,8916,263,7524
120,5,313,8015,87,89063,263,7505
120,5,313,8015,87,89063,263,7505
120,5,313,6633,87,89844,263,7217
120,5,313,5149,87,90723,263,6907
120,5,313,5149,87,90723,263,6907
120,5,313,5149,87,90723,263,6907
120,5,313,3782,87,91504,263,6621
120,5,313,1909,87,92578,263,623
120,5,313,1909,87,92578,263,623
120,5,313,0718,87,93262,263,5981
120,5,312,9404,87,94043,263,5708
120,5,312,9404,87,94043,263,5708
120,5,312,8088,87,94775,263,5433
120,5,312,6914,87,95459,263,5188
120,5,312,6914,87,95459,263,5188
120,5,312,5635,87,96191,263,4921
120,5,312,4434,87,96875,263,467
120,5,312,4434,87,96875,263,467
120,5,312,3259,87,97559,263,4425
120,5,312,2051,87,98291,263,4172
120,5,312,2051,87,98291,263,4172
120,5,312,0842,87,98975,263,392
120,5,311,9583,87,99707,263,3657
120,5,311,9583,87,99707,263,3657
120,5,311,844,88,00342,263,3418
120,5,311,7156,88,01123,263,3151
120,5,311,7156,88,01123,263,3151
120,5,311,5981,88,01758,263,2905
120,5,311,5981,88,01758,263,2905
120,5,311,4485,88,02637,263,2593
120,5,311,3064,88,03467,263,2296
120,5,311,3064,88,03467,263,2296
120,5,311,1787,88,04199,263,203
120,5,311,0605,88,04883,263,1782
120,5,311,0605,88,04883,263,1782
120,5,310,9255,88,05664,263,1501
120,5,310,9255,88,05664,263,1501
120,5,310,8049,88,06348,263,125
120,5,310,6677,88,07129,263,0963
120,5,310,6677,88,07129,263,0963
120,5,310,541,88,07861,263,0698
120,5,310,4158,88,08594,263,0437
120,5,310,4158,88,08594,263,0437
120,5,310,3032,88,09229,263,0203
120,5,310,1543,88,10107,262,9891
120,5,310,1543,88,10107,262,9891
120,5,310,0305,88,10742,262,9637
120,5,309,9136,88,11328,262,9398
120,5,309,9136,88,11328,262,9398
120,5,309,793,88,11914,262,915
120,5,309,6792,88,125,262,8918
120,5,309,6792,88,125,262,8918
120,5,309,5447,88,13135,262,8643
120,5,309,4231,88,1377,262,8394
120,5,309,4231,88,1377,262,8394
120,5,309,2971,88,14404,262,8135
120,5,309,1794,88,1499,262,7893
120,5,309,1794,88,1499,262,7893
120,5,309,1794,88,1499,262,7893
120,5,309,0625,88,15576,262,7654
120,5,308,8525,88,16602,262,7224
120,5,308,8525,88,16602,262,7224
120,5,308,7151,88,17285,262,6942
120,5,308,6033,88,17871,262,6714
120,5,308,4946,88,18408,262,649
120,5,308,4946,88,18408,262,649
120,5,308,3833,88,18945,262,6262
120,5,308,2659,88,19531,262,6022
120,5,308,2659,88,19531,262,6022
120,5,308,1501,88,20117,262,5785
120,5,308,0405,88,20703,262,556
120,5,307,9246,88,2124,262,5322
120,5,307,9246,88,2124,262,5322
120,5,307,801,88,21875,262,5068
120,5,307,697,88,22412,262,4856
120,5,307,697,88,22412,262,4856
120,5,307,5818,88,22949,262,462
120,5,307,4668,88,23535,262,4385
120,6,307,354,88,24121,262,4153
120,6,307,354,88,24121,262,4153
120,6,307,2397,88,24707,262,3918
120,6,307,1248,88,25244,262,3683
120,6,307,1248,88,25244,262,3683
120,6,307,0012,88,25879,262,343
120,6,306,8831,88,26465,262,3188
120,6,306,7622,88,27051,262,2941
120,6,306,7622,88,27051,262,2941
120,6,306,6519,88,27637,262,2715
120,6,306,5356,88,28223,262,2477
120,6,306,4282,88,2876,262,2256
120,6,306,4282,88,2876,262,2256
120,6,306,3193,88,29297,262,2032
120,6,306,2151,88,29785,262,182
120,6,306,2151,88,29785,262,182
120,6,306,0989,88,30371,262,1582
120,6,306,0635,88,30566,262,1509
120,6,305,9536,88,30908,262,1284
120,6,305,9536,88,30908,262,1284
120,6,305,8447,88,3125,262,1062
120,6,305,7363,88,31592,262,084
120,6,305,6165,88,31934,262,0594
120,6,305,6165,88,31934,262,0594
120,6,305,5107,88,32275,262,0378
120,6,305,396,88,32617,262,0144
120,6,305,396,88,32617,262,0144
120,6,305,2703,88,33008,261,9886
120,6,305,1648,88,3335,261,967
120,6,305,062,88,33691,261,946
120,6,305,062,88,33691,261,946
120,6,304,9526,88,34033,261,9237
120,6,304,8447,88,34375,261,9016
120,6,304,7324,88,34717,261,8787
120,6,304,7324,88,34717,261,8787
120,6,304,623,88,35059,261,8563
120,6,304,5198,88,35352,261,8352
120,6,304,4089,88,35693,261,8125
120,6,304,4089,88,35693,261,8125
120,6,304,2883,88,36084,261,7878
120,6,304,1809,88,36426,261,7659
120,6,304,0725,88,36768,261,7437
120,6,304,0725,88,36768,261,7437
120,6,303,9663,88,37061,261,722
120,6,303,8623,88,37402,261,7007
120,6,303,7532,88,37744,261,6785
120,6,303,6516,88,38037,261,6577
120,6,303,6516,88,38037,261,6577
120,6,303,5552,88,38379,261,6379
120,6,303,4363,88,38721,261,6135
120,6,303,4363,88,38721,261,6135
120,6,303,3167,88,39111,261,5891
120,6,303,2002,88,39453,261,5653
120,6,303,0935,88,39795,261,5435
120,6,302,9968,88,40088,261,5237
120,6,302,8923,88,4043,261,5023
120,6,302,8923,88,4043,261,5023
120,6,302,7964,88,40723,261,4827
120,6,302,6743,88,41113,261,4578
120,6,302,6743,88,41113,261,4578
120,6,302,5649,88,41406,261,4354
120,6,302,4624,88,41748,261,4144
120,6,302,3506,88,4209,261,3916
120,6,302,3506,88,4209,261,3916
120,6,302,2385,88,42432,261,3687
120,6,302,1318,88,42773,261,3468
120,6,302,0344,88,43066,261,3269
120,6,301,9431,88,43359,261,3082
120,6,301,9431,88,43359,261,3082
120,6,301,8345,88,43506,261,2882
120,6,301,7229,88,43701,261,2676
120,6,301,6245,88,43799,261,2495
120,6,301,5164,88,43994,261,2295
120,6,301,5164,88,43994,261,2295
120,6,301,4033,88,44141,261,2086
120,6,301,3013,88,44287,261,1898
120,6,301,1917,88,44434,261,1697
120,6,301,1917,88,44434,261,1697
120,6,301,0872,88,4458,261,1504
120,6,300,9788,88,44727,261,1304
120,6,300,8728,88,44922,261,1108
120,6,300,7676,88,45068,261,0913
120,6,300,7676,88,45068,261,0913
120,6,300,6641,88,45215,261,0723
120,6,300,5662,88,45361,261,0542
120,6,300,4558,88,45508,261,0338
120,6,300,4558,88,45508,261,0338
120,6,300,3469,88,45654,261,0138
120,6,300,229,88,4585,260,9919
120,6,300,229,88,4585,260,9919
120,6,300,0952,88,46045,260,9673
120,6,300,0952,88,46045,260,9673
120,6,299,9731,88,46191,260,9448
120,6,299,8311,88,46387,260,9186
120,6,299,7161,88,46582,260,8975
120,6,299,6079,88,46729,260,8774
120,6,299,6079,88,46729,260,8774
120,6,299,5066,88,46875,260,8588
120,6,299,3943,88,47021,260,838
120,6,299,2952,88,47168,260,8198
120,6,299,2952,88,47168,260,8198
120,6,299,1885,88,47314,260,8
120,6,299,0867,88,47461,260,7813
120,6,298,9856,88,47607,260,7627
120,6,298,894,88,47754,260,7457
120,6,298,793,88,479,260,7271
120,6,298,6919,88,48047,260,7085
120,6,298,6919,88,48047,260,7085
120,6,298,5974,88,48193,260,691
120,6,298,5042,88,4834,260,6738
120,6,298,3955,88,48486,260,6538
120,6,298,2952,88,48633,260,6353
120,6,298,1975,88,48779,260,6172
120,6,298,1975,88,48779,260,6172
120,6,298,1038,88,48877,260,6
120,6,297,991,88,49072,260,5791
120,7,297,8923,88,49219,260,5609
120,7,297,7974,88,49316,260,5435
120,7,297,7974,88,49316,260,5435
120,7,297,6887,88,49512,260,5234
120,7,297,5798,88,49658,260,5033
120,7,297,4758,88,49805,260,4841
120,7,297,376,88,50049,260,4697
120,7,297,376,88,50049,260,4697
120,7,297,2766,88,50244,260,4556
120,7,297,1692,88,50537,260,4402
120,7,297,0657,88,50732,260,4253
120,7,296,97,88,50977,260,4115
120,7,296,8723,88,51221,260,3976
120,7,296,8723,88,51221,260,3976
120,7,296,7734,88,51416,260,3833
120,7,296,679,88,5166,260,3698
120,7,296,5779,88,51904,260,3552
120,7,296,4705,88,52148,260,3398
120,7,296,4705,88,52148,260,3398
120,7,296,3606,88,52393,260,3241
120,7,296,2717,88,52588,260,3113
120,7,296,1643,88,52832,260,2959
120,7,296,0603,88,53076,260,281
120,7,296,0603,88,53076,260,281
120,7,295,9585,88,5332,260,2664
120,7,295,8572,88,53564,260,2518
120,7,295,7517,88,53809,260,2367
120,7,295,6348,88,54053,260,22
120,7,295,6348,88,54053,260,22
120,7,295,5393,88,54297,260,2062
120,7,295,4426,88,54541,260,1924
120,7,295,3406,88,54736,260,1777
120,7,295,2314,88,55029,260,1621
120,7,295,2314,88,55029,260,1621
120,7,295,1155,88,55273,260,1454
120,7,295,0142,88,55518,260,1309
120,7,294,9097,88,55762,260,1158
120,7,294,8096,88,56006,260,1016
120,7,294,8096,88,56006,260,1016
120,7,294,7112,88,56201,260,0874
120,7,294,604,88,56445,260,072
120,7,294,5071,88,56689,260,0581
120,7,294,4004,88,56934,260,0427
120,7,294,4004,88,56934,260,0427
120,7,294,2874,88,57178,260,0266
120,7,294,176,88,57471,260,0105
120,7,294,0781,88,57666,259,9966
120,7,294,0781,88,57666,259,9966
120,7,293,9756,88,5791,259,9818
120,7,293,8618,88,58203,259,9655
120,7,293,7627,88,58398,259,9513
120,7,293,6575,88,58643,259,9362
120,7,293,552,88,58887,259,921
120,7,293,552,88,58887,259,921
120,7,293,4502,88,59131,259,9064
120,7,293,3455,88,59375,259,8914
120,7,293,2397,88,59619,259,8762
120,7,293,2397,88,59619,259,8762
120,7,293,1599,88,59814,259,8647
120,7,293,0505,88,59961,259,8473
120,7,292,937,88,60059,259,8292
120,7,292,8352,88,60156,259,813
120,7,292,8352,88,60156,259,813
120,7,292,7366,88,60303,259,7974
120,7,292,6228,88,604,259,7792
120,7,292,509,88,60547,259,7611
120,7,292,4119,88,60645,259,7456
120,7,292,4119,88,60645,259,7456
120,7,292,3132,88,60791,259,73
120,7,292,2102,88,60889,259,7136
120,7,292,1057,88,60986,259,6969
120,7,291,999,88,61133,259,6799
120,7,291,999,88,61133,259,6799
120,7,291,8987,88,6123,259,6639
120,7,291,8027,88,61328,259,6487
120,7,291,6931,88,61475,259,6312
120,7,291,5972,88,61572,259,616
120,7,291,498,88,6167,259,6001
120,7,291,498,88,6167,259,6001
120,7,291,3958,88,61816,259,5839
120,7,291,3018,88,61914,259,5688
120,7,291,2004,88,62012,259,5527
120,7,291,0981,88,62158,259,5365
120,7,291,0981,88,62158,259,5365
120,7,290,9944,88,62256,259,52
120,7,290,884,88,62354,259,5024
120,7,290,781,88,625,259,486
120,7,290,675,88,62598,259,4691
120,7,290,675,88,62598,259,4691
120,7,290,5664,88,62744,259,4518
120,7,290,4707,88,62842,259,4365
120,7,290,3713,88,62939,259,4208
120,7,290,2705,88,63086,259,4047
120,7,290,2705,88,63086,259,4047
120,7,290,1753,88,63184,259,3895
120,7,290,064,88,63281,259,3718
120,7,289,9673,88,63428,259,3564
120,7,289,8684,88,63525,259,3407
120,7,289,7688,88,63623,259,3248
120,7,289,6736,88,63721,259,3097
120,7,289,6736,88,63721,259,3097
120,7,289,575,88,63867,259,2939
120,7,289,4785,88,63965,259,2786
120,7,289,3711,88,64063,259,2615
120,7,289,2705,88,64209,259,2455
120,7,289,2705,88,64209,259,2455
120,7,289,1628,88,64307,259,2283
120,7,289,0505,88,64453,259,2104
120,7,288,9519,88,64551,259,1948
120,7,288,8591,88,64648,259,1799
120,7,288,7634,88,64746,259,1648
120,7,288,6719,88,64844,259,1501
120,7,288,6719,88,64844,259,1501
120,7,288,5737,88,6499,259,1345
120,7,288,5183,88,65039,259,1257
120,7,288,5183,88,65039,259,1257
120,7,288,4165,88,65576,259,1176
120,7,288,2402,88,66504,259,1034
120,7,288,1348,88,67041,259,0948
120,7,288,1348,88,67041,259,0948
120,7,288,0391,88,67529,259,0872
120,8,287,9475,88,68018,259,0798
120,8,287,8489,88,68555,259,0719
120,8,287,748,88,69043,259,0637
120,8,287,6462,88,6958,259,0555
120,8,287,6462,88,6958,259,0555
120,8,287,54,88,70166,259,047
120,8,287,4214,88,70752,259,0375
120,8,287,3235,88,71289,259,0295
120,8,287,2261,88,71777,259,0217
120,8,287,134,88,72266,259,0144
120,8,287,134,88,72266,259,0144
120,8,287,0342,88,72803,259,0063
120,8,286,9307,88,7334,258,998
120,8,286,8296,88,73877,258,9899
120,8,286,7251,88,74414,258,9814
120,8,286,7251,88,74414,258,9814
120,8,286,6304,88,74902,258,9739
120,8,286,5244,88,75439,258,9653
120,8,286,4172,88,76025,258,9567
120,8,286,3225,88,76514,258,9491
120,8,286,2107,88,771,258,9402
120,8,286,2107,88,771,258,9402
120,8,286,114,88,77588,258,9324
120,8,286,0198,88,78076,258,9248
120,8,285,9146,88,78662,258,9163
120,8,285,8215,88,7915,258,9088
120,8,285,7156,88,79688,258,9003
120,8,285,6272,88,80127,258,8932
120,8,285,6272,88,80127,258,8932
120,8,285,5315,88,80664,258,8855
120,8,285,4392,88,81104,258,8781
120,8,285,3413,88,81641,258,8701
120,8,285,25,88,82129,258,8628
120,8,285,1577,88,82617,258,8553
120,8,285,0569,88,83105,258,8473
120,8,284,9551,88,83643,258,8391
120,8,284,9551,88,83643,258,8391
120,8,284,8591,88,8418,258,8313
120,8,284,762,88,84668,258,8236
120,8,284,6689,88,85156,258,816
120,8,284,574,88,85645,258,8085
120,8,284,4788,88,86133,258,8008
120,8,284,3865,88,86621,258,7933
120,8,284,2876,88,87158,258,7854
120,8,284,2876,88,87158,258,7854
120,8,284,1914,88,87646,258,7777
120,8,284,0979,88,88135,258,7701
120,8,284,0027,88,88623,258,7625
120,8,283,9084,88,89111,258,7549
120,8,283,8154,88,896,258,7474
120,8,283,7202,88,90088,258,7397
120,8,283,626,88,90625,258,7322
120,8,283,6123,88,90674,258,7311
120,8,283,6123,88,90674,258,7311
120,8,283,5229,88,90576,258,7209
120,8,283,4329,88,90527,258,7107
120,8,283,3364,88,9043,258,6997
120,8,283,2478,88,90381,258,6896
120,8,283,1541,88,90283,258,679
120,8,283,0598,88,90186,258,6682
120,8,282,9583,88,90137,258,6566
120,8,282,8647,88,90039,258,646
120,8,282,8647,88,90039,258,646
120,8,282,7683,88,89941,258,635
120,8,282,6658,88,89893,258,6233
120,8,282,5664,88,89795,258,6121
120,8,282,4668,88,89697,258,6007
120,8,282,3784,88,89648,258,5907
120,8,282,2827,88,89551,258,5797
120,8,282,2827,88,89551,258,5797
120,8,282,1848,88,89453,258,5686
120,8,282,0823,88,89355,258,5569
120,8,281,9795,88,89307,258,5452
120,8,281,8831,88,89209,258,5343
120,8,281,7917,88,89111,258,5239
120,8,281,6929,88,89063,258,5127
120,8,281,6929,88,89063,258,5127
120,8,281,6016,88,88965,258,5022
120,8,281,5005,88,88867,258,4907
120,8,281,4038,88,88818,258,4797
120,8,281,3074,88,88721,258,4688
120,8,281,2087,88,88623,258,4575
120,8,281,2087,88,88623,258,4575
120,8,281,1128,88,88574,258,4465
120,8,281,88,88477,258,4338
120,8,280,8987,88,88379,258,4222
120,8,280,7979,88,88281,258,4108
120,8,280,7979,88,88281,258,4108
120,8,280,6938,88,88184,258,3989
120,8,280,5935,88,88135,258,3875
120,8,280,4905,88,88037,258,3757
120,8,280,3872,88,87939,258,364
120,8,280,2893,88,87842,258,3529
120,8,280,2893,88,87842,258,3529
120,8,280,1809,88,87793,258,3406
120,8,280,0854,88,87695,258,3297
120,8,280,0332,88,87646,258,3237
120,8,279,9409,88,85693,258,3265
120,8,279,8455,88,83691,258,3295
120,8,279,8455,88,83691,258,3295
120,8,279,7478,88,81641,258,3325
120,8,279,6409,88,79395,258,3358
120,8,279,5447,88,77344,258,3387
120,8,279,447,88,75293,258,3417
120,8,279,3508,88,73291,258,3447
120,8,279,262,88,71387,258,3474
120,8,279,262,88,71387,258,3474
120,8,279,1619,88,69287,258,3505
120,8,279,0471,88,66895,258,354
120,8,279,0471,88,66895,258,354
120,8,278,9451,88,64746,258,3572
120,8,278,8208,88,62109,258,361
120,8,278,7173,88,59912,258,3641
120,8,278,7173,88,59912,258,3641
120,8,278,5925,88,57324,258,3679
120,8,278,4861,88,55078,258,3712
120,8,278,3669,88,52539,258,3749
120,8,278,3669,88,52539,258,3749
120,8,278,2659,88,50439,258,3779
120,8,278,1567,88,48145,258,3813
120,8,278,0503,88,45898,258,3845
120,8,278,0503,88,45898,258,3845
120,8,277,9407,88,43604,258,3879
120,8,277,8374,88,41406,258,3911
120,8,277,7354,88,39258,258,3943
120,8,277,6335,88,37109,258,3973
120,8,277,6335,88,37109,258,3973
120,8,277,5264,88,34863,258,4006
120,8,277,4082,88,32373,258,4043
120,8,277,4082,88,32373,258,4043
120,8,277,3,88,30078,258,4076
120,8,277,176,88,2749,258,4114
120,8,277,0771,88,25391,258,4144
120,8,276,9775,88,23291,258,4175
120,8,276,9775,88,23291,258,4175
120,8,276,8674,88,20996,258,4209
120,8,276,7522,88,18555,258,4244
120,8,276,6482,88,16357,258,4276
120,8,276,6482,88,16357,258,4276
120,8,276,5383,88,14063,258,4309
120,8,276,4294,88,11768,258,4343
120,8,276,4294,88,11768,258,4343
120,8,276,3054,88,09131,258,4381
120,8,276,1758,88,06396,258,4421
120,8,276,063,88,04053,258,4456
120,8,276,063,88,04053,258,4456
120,8,275,9592,88,01855,258,4487
120,8,275,9592,88,01855,258,4487
120,8,275,9592,88,01855,258,4487
120,8,275,9592,88,01855,258,4487
120,8,275,9592,88,01855,258,4487
120,8,275,9592,88,01855,258,4487
120,8,275,9592,88,01855,258,4487
120,8,275,9592,88,01855,258,4487
120,8,275,9592,88,01855,258,4487
120,8,275,9592,88,01855,258,4487
120,8,275,9592,88,01855,258,4487
120,8,275,9592,88,01855,258,4487
120,8,275,9592,88,01855,258,4487
120,8,275,9592,88,01855,258,4487
120,8,275,9592,88,01855,258,4487
120,8,275,9592,88,01855,258,4487
120,8,275,9592,88,01855,258,4487
120,8,275,9592,88,01855,258,4487
120,8,275,9592,88,01855,258,4487
120,8,275,9592,88,01855,258,4487
120,8,275,9592,88,01855,258,4487
120,8,275,9592,88,01855,258,4487
120,8,275,9592,88,01855,258,4487
120,8,275,9592,88,01855,258,4487
120,8,275,9592,88,01855,258,4487
120,8,275,9592,88,01855,258,4487
120,8,275,9592,88,01855,258,4487
120,8,275,9592,88,01855,258,4487
120,8,275,9592,88,01855,258,4487
120,8,275,9592,88,01855,258,4487
120,8,275,9592,88,01855,258,4487
120,8,275,9592,88,01855,258,4487
120,8,275,9592,88,01855,258,4487
120,8,275,9592,88,01855,258,4487
120,8,275,9592,88,01855,258,4487
120,8,275,9592,88,01855,258,4487
120,8,275,9592,88,01855,258,4487
120,8,275,9592,88,01855,258,4487
120,8,275,9592,88,01855,258,4487
120,8,275,9592,88,01855,258,4487
120,8,275,9592,88,01855,258,4487
120,8,275,9592,88,01855,258,4487
120,8,275,9592,88,01855,258,4487
120,8,275,9592,88,01855,258,4487
120,8,275,9592,88,01855,258,4487
120,8,275,9592,88,01855,258,4487
120,8,275,9592,88,01855,258,4487
120,8,275,9592,88,01855,258,4487
120,8,275,9592,88,01855,258,4487
120,8,275,9592,88,01855,258,4487
120,8,275,9592,88,01855,258,4487
120,8,275,9592,88,01855,258,4487
120,8,275,9592,88,01855,258,4487
120,8,275,9592,88,01855,258,4487
120,8,275,9592,88,01855,258,4487
120,8,275,9592,88,01855,258,4487
120,8,275,9592,88,01855,258,4487
120,8,275,9592,88,01855,258,4487
120,8,275,9592,88,01855,258,4487
120,8,275,9592,88,01855,258,4487
120,8,275,9592,88,01855,258,4487
120,8,275,9592,88,01855,258,4487
120,8,275,9592,88,01855,258,4487
120,8,275,9592,88,01855,258,4487
120,8,275,9592,88,01855,258,4487
120,8,275,9592,88,01855,258,4487
120,8,275,9592,88,01855,258,4487
120,8,275,9592,88,01855,258,4487
120,8,275,9592,88,01855,258,4487
120,8,275,9592,88,01855,258,4487
120,8,275,9592,88,01855,258,4487
120,8,275,9592,88,01855,258,4487
120,8,275,9592,88,01855,258,4487
120,8,275,9592,88,01855,258,4487
120,8,275,9592,88,01855,258,4487
120,8,275,9592,88,01855,258,4487
120,8,275,9592,88,01855,258,4487
120,8,275,9592,88,01855,258,4487
120,8,275,9592,88,01855,258,4487
120,8,275,9592,88,01855,258,4487
120,8,275,9592,88,01855,258,4487
120,8,275,9592,88,01855,258,4487
120,8,275,9592,88,01855,258,4487
120,8,275,9592,88,01855,258,4487
120,8,275,9592,88,01855,258,4487
120,8,275,9592,88,01855,258,4487
120,8,275,9592,88,01855,258,4487
120,8,275,9592,88,01855,258,4487
120,8,275,9592,88,01855,258,4487
120,8,275,9592,88,01855,258,4487
120,8,275,9592,88,01855,258,4487
120,8,275,9592,88,01855,258,4487
120,8,275,9592,88,01855,258,4487
120,8,275,9592,88,01855,258,4487
120,8,275,9592,88,01855,258,4487
120,8,275,9592,88,01855,258,4487
120,8,275,9592,88,01855,258,4487
120,8,275,9592,88,01855,258,4487
120,8,275,9592,88,01855,258,4487
120,8,275,9592,88,01855,258,4487
120,8,275,9592,88,01855,258,4487
120,8,275,9592,88,01855,258,4487
120,8,275,9592,88,01855,258,4487
120,8,275,9592,88,01855,258,4487
120,8,275,9592,88,01855,258,4487
120,8,275,9592,88,01855,258,4487
120,8,275,9592,88,01855,258,4487
120,8,275,9592,88,01855,258,4487
120,8,275,9592,88,01855,258,4487
120,8,275,9592,88,01855,258,4487
120,8,275,9592,88,01855,258,4487
120,8,275,9592,88,01855,258,4487
120,8,275,9592,88,01855,258,4487
120,8,275,9592,88,01855,258,4487
120,8,275,9592,88,01855,258,4487
120,8,275,9592,88,01855,258,4487
120,8,275,9592,88,01855,258,4487
120,8,275,9592,88,01855,258,4487
120,8,275,9592,88,01855,258,4487
120,8,275,9592,88,01855,258,4487
120,8,275,9592,88,01855,258,4487
120,8,275,9592,88,01855,258,4487
120,8,275,9592,88,01855,258,4487
120,8,275,9592,88,01855,258,4487
120,8,275,9592,88,01855,258,4487
120,8,275,9592,88,01855,258,4487
120,8,275,9592,88,01855,258,4487
120,8,275,9592,88,01855,258,4487
120,8,275,9592,88,01855,258,4487
120,8,275,9592,88,01855,258,4487
120,8,275,9592,88,01855,258,4487
120,8,275,9592,88,01855,258,4487
120,8,275,9592,88,01855,258,4487
120,8,275,9592,88,01855,258,4487
120,8,275,9592,88,01855,258,4487
120,8,275,9592,88,01855,258,4487
120,8,275,9592,88,01855,258,4487
120,8,275,9592,88,01855,258,4487
120,8,275,9592,88,01855,258,4487
120,8,275,9592,88,01855,258,4487
120,8,275,9592,88,01855,258,4487
120,8,275,9592,88,01855,258,4487
120,8,275,9592,88,01855,258,4487
120,8,275,9592,88,01855,258,4487
120,8,275,9592,88,01855,258,4487
120,8,275,9592,88,01855,258,4487
120,8,275,9592,88,01855,258,4487
120,8,275,9592,88,01855,258,4487
120,8,275,9592,88,01855,258,4487
120,8,275,9592,88,01855,258,4487
120,8,275,9592,88,01855,258,4487
120,8,275,9592,88,01855,258,4487
120,8,275,9592,88,01855,258,4487
120,8,275,9592,88,01855,258,4487
120,8,275,9592,88,01855,258,4487
120,8,275,9592,88,01855,258,4487
120,8,275,9592,88,01855,258,4487
120,8,275,9592,88,01855,258,4487
120,8,275,9592,88,01855,258,4487
120,8,275,9592,88,01855,258,4487
120,8,275,9592,88,01855,258,4487
120,8,275,9592,88,01855,258,4487
120,8,275,9592,88,01855,258,4487
120,8,275,9592,88,01855,258,4487
120,8,275,9592,88,01855,258,4487
120,8,275,9592,88,01855,258,4487
120,8,275,9592,88,01855,258,4487
120,8,275,9592,88,01855,258,4487
120,8,275,9592,88,01855,258,4487
120,8,275,9592,88,01855,258,4487
120,8,275,9592,88,01855,258,4487
120,8,275,9592,88,01855,258,4487
120,8,275,9592,88,01855,258,4487
120,8,275,9592,88,01855,258,4487
120,8,275,9592,88,01855,258,4487
120,8,275,9592,88,01855,258,4487
120,8,275,9592,88,01855,258,4487
120,8,275,9592,88,01855,258,4487
120,8,275,9592,88,01855,258,4487
120,8,275,9592,88,01855,258,4487
120,8,275,9592,88,01855,258,4487
120,9,275,9592,88,01855,258,4487
120,9,275,9592,88,01855,258,4487
120,9,275,9592,88,01855,258,4487
120,9,275,9592,88,01855,258,4487
120,9,275,8479,88,00293,258,491
120,9,275,7366,87,9873,258,5332
120,9,275,7366,87,9873,258,5332
120,9,275,6208,87,97119,258,577
120,9,275,4946,87,95361,258,625
120,9,275,4946,87,95361,258,625
120,9,275,3713,87,93604,258,6718
120,9,275,2581,87,92041,258,7147
120,9,275,2581,87,92041,258,7147
120,9,275,1426,87,9043,258,7584
120,9,275,0281,87,88818,258,8019
120,9,275,0281,87,88818,258,8019
120,9,274,9102,87,87158,258,8467
120,9,274,7988,87,85596,258,8888
120,9,274,7988,87,85596,258,8888
120,9,274,6755,87,83838,258,9355
120,9,274,562,87,82275,258,9786
120,9,274,562,87,82275,258,9786
120,9,274,4451,87,80615,259,0229
120,9,274,3376,87,79102,259,0638
120,9,274,3376,87,79102,259,0638
120,9,274,2166,87,77441,259,1096
120,9,274,0994,87,75781,259,1541
120,9,274,0994,87,75781,259,1541
120,9,273,9844,87,7417,259,1978
120,9,273,8655,87,7251,259,2428
120,9,273,8655,87,7251,259,2428
120,9,273,7458,87,7085,259,2882
120,9,273,6292,87,69189,259,3325
120,9,273,6292,87,69189,259,3325
120,9,273,4875,87,67188,259,3862
120,9,273,4875,87,67188,259,3862
120,9,273,3662,87,65527,259,4321
120,9,273,2339,87,63672,259,4824
120,9,273,2339,87,63672,259,4824
120,9,273,1064,87,61865,259,5308
120,9,273,1064,87,61865,259,5308
120,9,272,9688,87,59912,259,583
120,9,272,8435,87,58154,259,6305
120,9,272,8435,87,58154,259,6305
120,9,272,7178,87,56396,259,6781
120,9,272,7178,87,56396,259,6781
120,9,272,5974,87,54736,259,7239
120,9,272,4683,87,5293,259,7727
120,9,272,4683,87,5293,259,7727
120,9,272,3386,87,51074,259,822
120,9,272,3386,87,51074,259,822
120,9,272,2043,87,49219,259,8729
120,9,272,0791,87,47461,259,9204
120,9,272,0791,87,47461,259,9204
120,9,271,9602,87,45801,259,9656
120,9,271,8401,87,44092,260,011
120,9,271,8401,87,44092,260,011
120,9,271,7195,87,42432,260,0569
120,9,271,6262,87,41113,260,0922
120,9,271,6262,87,41113,260,0922
120,9,271,6262,87,41113,260,0922
120,9,271,6262,87,41113,260,0922
120,9,271,6262,87,41113,260,0922
120,9,271,6262,87,41113,260,0922
120,9,271,6262,87,41113,260,0922
120,9,271,6262,87,41113,260,0922
120,9,271,6262,87,41113,260,0922
120,9,271,5518,87,39648,260,1986
120,9,271,3127,87,34912,260,5406
120,9,271,3127,87,34912,260,5406
120,9,271,2341,87,3335,260,653
120,9,271,2341,87,3335,260,653
120,9,271,1526,87,31738,260,7694
120,9,271,0718,87,30127,260,885
120,9,271,0718,87,30127,260,885
120,9,270,9915,87,28564,260,9998
120,9,270,9915,87,28564,260,9998
120,9,270,9075,87,26904,261,1199
120,9,270,8293,87,25342,261,2317
120,9,270,8293,87,25342,261,2317
120,9,270,7532,87,23828,261,3408
120,9,270,676,87,22314,261,4508
120,9,270,676,87,22314,261,4508
120,9,270,5999,87,20801,261,5598
120,9,270,5999,87,20801,261,5598
120,9,270,5125,87,19043,261,6848
120,9,270,5125,87,19043,261,6848
120,9,270,4377,87,17578,261,7919
120,9,270,4377,87,17578,261,7919
120,9,270,3542,87,15918,261,911
120,9,270,3542,87,15918,261,911
120,9,270,2383,87,13623,262,0769
120,9,270,1584,87,12061,262,1914
120,9,270,1584,87,12061,262,1914
120,9,270,0847,87,10596,262,2965
120,9,270,0847,87,10596,262,2965
120,9,269,9915,87,0874,262,4302
120,9,269,9197,87,07324,262,5328
120,9,269,9197,87,07324,262,5328
120,9,269,844,87,05811,262,6407
120,9,269,7664,87,04297,262,752
120,9,269,7664,87,04297,262,752
120,9,269,697,87,0293,262,8511
120,9,269,697,87,0293,262,8511
120,9,269,6199,87,01367,262,9614
120,9,269,542,86,99854,263,0729
120,9,269,542,86,99854,263,0729
120,9,269,4668,86,9834,263,1804
120,9,269,3977,86,96973,263,2793
120,9,269,3977,86,96973,263,2793
120,9,269,3135,86,95313,263,3994
120,9,269,3135,86,95313,263,3994
120,9,269,238,86,93799,263,5074
120,9,269,1577,86,92236,263,6224
120,9,269,1577,86,92236,263,6224
120,10,269,0735,86,90576,263,7429
120,10,268,998,86,89063,263,8506
120,10,268,998,86,89063,263,8506
120,10,268,9304,86,87744,263,9474
120,10,268,8943,86,87012,263,999
120,10,268,8943,86,87012,263,999
120,10,268,8494,86,85596,264,116
120,10,268,8494,86,85596,264,116
120,10,268,7993,86,83984,264,2458
120,10,268,752,86,8252,264,3693
120,10,268,752,86,8252,264,3693
120,10,268,6985,86,80811,264,5078
120,10,268,6592,86,7959,264,6104
120,10,268,6592,86,7959,264,6104
120,10,268,6099,86,78027,264,7388
120,10,268,5657,86,76611,264,8533
120,10,268,5657,86,76611,264,8533
120,10,268,5208,86,75195,264,9702
120,10,268,5208,86,75195,264,9702
120,10,268,4697,86,73584,265,1028
120,10,268,4231,86,7207,265,2242
120,10,268,4231,86,7207,265,2242
120,10,268,3762,86,70605,265,3464
120,10,268,3306,86,69141,265,4651
120,10,268,3306,86,69141,265,4651
120,10,268,2825,86,67627,265,5896
120,10,268,238,86,66211,265,7051
120,10,268,238,86,66211,265,7051
120,10,268,1917,86,64746,265,8257
120,10,268,1438,86,63232,265,9504
120,10,268,1438,86,63232,265,9504
120,10,268,1042,86,62012,266,0533
120,10,268,0601,86,60596,266,1683
120,10,268,0601,86,60596,266,1683
120,10,268,0164,86,59229,266,2819
120,10,267,9746,86,5791,266,3904
120,10,267,9746,86,5791,266,3904
120,10,267,9272,86,56396,266,5134
120,10,267,8799,86,54883,266,6364
120,10,267,8799,86,54883,266,6364
120,10,267,834,86,53418,266,756
120,10,267,7876,86,51953,266,8766
120,10,267,7876,86,51953,266,8766
120,10,267,7393,86,50439,267,0024
120,10,267,6953,86,49023,267,1168
120,10,267,6953,86,49023,267,1168
120,10,267,6506,86,47607,267,2329
120,10,267,6077,86,46289,267,3447
120,10,267,6077,86,46289,267,3447
120,10,267,5623,86,44824,267,4626
120,10,267,5161,86,43359,267,5825
120,10,267,5161,86,43359,267,5825
120,10,267,4722,86,41992,267,6968
120,10,267,4253,86,40479,267,8185
120,10,267,4253,86,40479,267,8185
120,10,267,3804,86,39063,267,9355
120,10,267,3362,86,37695,268,05
120,10,267,3362,86,37695,268,05
120,10,267,293,86,36328,268,1626
120,10,267,2483,86,34912,268,2791
120,10,267,2483,86,34912,268,2791
120,10,267,2083,86,33643,268,3832
120,10,267,1636,86,32227,268,499
120,10,267,1636,86,32227,268,499
120,10,267,1333,86,3125,268,5779
120,10,267,1333,86,3125,268,5779
120,10,267,1333,86,3125,268,5779
120,10,267,1333,86,3125,268,5779
120,10,267,1333,86,3125,268,5779
120,10,267,1333,86,3125,268,5779
120,10,267,1333,86,3125,268,5779
120,10,267,1333,86,3125,268,5779
120,10,267,1333,86,3125,268,5779
120,10,267,1091,86,29688,268,6962
120,10,267,084,86,28125,268,8187
120,10,267,0608,86,26611,268,9331
120,10,267,0608,86,26611,268,9331
120,10,267,0369,86,25098,269,0494
120,10,267,0122,86,23535,269,1699
120,10,267,0122,86,23535,269,1699
120,10,266,9878,86,21973,269,2891
120,10,266,9639,86,20459,269,4067
120,10,266,9639,86,20459,269,4067
120,10,266,9365,86,18701,269,5398
120,10,266,9365,86,18701,269,5398
120,10,266,9111,86,1709,269,6638
120,10,266,8843,86,15381,269,7957
120,10,266,8843,86,15381,269,7957
120,10,266,8625,86,14014,269,9016
120,10,266,8342,86,12207,270,0398
120,10,266,8342,86,12207,270,0398
120,10,266,8091,86,10596,270,1631
120,10,266,7837,86,08984,270,2877
120,10,266,7595,86,07422,270,406
120,10,266,7595,86,07422,270,406
120,10,266,7363,86,05957,270,5189
120,10,266,7119,86,04395,270,6382
120,10,266,7119,86,04395,270,6382
120,10,266,6865,86,02783,270,7627
120,10,266,6865,86,02783,270,7627
120,10,266,6597,86,01074,270,8942
120,10,266,6321,85,99316,271,0281
120,10,266,6321,85,99316,271,0281
120,10,266,6091,85,97852,271,1415
120,10,266,5798,85,95996,271,2837
120,10,266,5798,85,95996,271,2837
120,10,266,5535,85,94336,271,4126
120,10,266,5283,85,92725,271,5359
120,10,266,5283,85,92725,271,5359
120,10,266,5024,85,91064,271,6631
120,10,266,5024,85,91064,271,6631
120,10,266,4741,85,89258,271,8013
120,10,266,4504,85,87744,271,9167
120,10,266,4504,85,87744,271,9167
120,10,266,4243,85,86084,272,0442
120,10,266,3972,85,84375,272,1772
120,10,266,3972,85,84375,272,1772
120,10,266,3716,85,82715,272,3021
120,10,266,3464,85,81104,272,425
120,10,266,3464,85,81104,272,425
120,10,266,3174,85,79297,272,5671
120,10,266,3174,85,79297,272,5671
120,10,266,2925,85,77686,272,6895
120,10,266,2649,85,75928,272,8239
120,10,266,2649,85,75928,272,8239
120,10,266,2349,85,74023,272,9707
120,10,266,2349,85,74023,272,9707
120,10,266,2073,85,72266,273,1066
120,10,266,1814,85,70605,273,2322
120,10,266,1814,85,70605,273,2322
120,10,266,1543,85,68896,273,3646
120,10,266,1543,85,68896,273,3646
120,10,266,1265,85,6709,273,501
120,11,266,1001,85,6543,273,6302
120,11,266,1001,85,6543,273,6302
120,11,266,0742,85,6377,273,7561
120,11,266,0491,85,62158,273,88
120,11,266,0491,85,62158,273,88
120,11,266,0205,85,60352,274,0198
120,11,265,9919,85,58545,274,1591
120,11,265,9919,85,58545,274,1591
120,11,265,9836,85,58008,274,1995
120,11,265,9629,85,56445,274,3136
120,11,265,9629,85,56445,274,3136
120,11,265,9417,85,54883,274,4316
120,11,265,9197,85,53223,274,5525
120,11,265,9197,85,53223,274,5525
120,11,265,8955,85,51416,274,6851
120,11,265,8745,85,49854,274,8014
120,11,265,8745,85,49854,274,8014
120,11,265,8503,85,48047,274,9347
120,11,265,8289,85,46484,275,0518
120,11,265,8289,85,46484,275,0518
120,11,265,8076,85,44873,275,1697
120,11,265,7864,85,43311,275,2871
120,11,265,7864,85,43311,275,2871
120,11,265,7646,85,41699,275,4059
120,11,265,7402,85,39844,275,5408
120,11,265,7402,85,39844,275,5408
120,11,265,7173,85,38135,275,667
120,11,265,6951,85,36475,275,7905
120,11,265,6951,85,36475,275,7905
120,11,265,6709,85,34668,275,9233
120,11,265,6709,85,34668,275,9233
120,11,265,6497,85,33105,276,0406
120,11,265,6248,85,3125,276,1768
120,11,265,6248,85,3125,276,1768
120,11,265,6008,85,29492,276,3083
120,11,265,5791,85,27832,276,4287
120,11,265,5791,85,27832,276,4287
120,11,265,5537,85,25977,276,5688
120,11,265,5293,85,24121,276,7037
120,11,265,5293,85,24121,276,7037
120,11,265,5078,85,22559,276,8215
120,11,265,4839,85,20752,276,9534
120,11,265,4839,85,20752,276,9534
120,11,265,4619,85,19141,277,0745
120,11,265,4414,85,17578,277,1882
120,11,265,4414,85,17578,277,1882
120,11,265,4197,85,15967,277,3076
120,11,265,4197,85,15967,277,3076
120,11,265,3938,85,14014,277,4503
120,11,265,3689,85,12158,277,5879
120,11,265,3689,85,12158,277,5879
120,11,265,3467,85,10547,277,7094
120,11,265,3218,85,08691,277,8469
120,11,265,3218,85,08691,277,8469
120,11,265,2996,85,07031,277,97
120,11,265,2996,85,07031,277,97
120,11,265,2756,85,05225,278,1006
120,11,265,2517,85,03467,278,2327
120,11,265,2517,85,03467,278,2327
120,11,265,2266,85,01563,278,3718
120,11,265,2266,85,01563,278,3718
120,11,265,2009,84,99658,278,5137
120,11,265,1777,84,97949,278,6404
120,11,265,1777,84,97949,278,6404
120,11,265,1548,84,9624,278,7676
120,11,265,1548,84,9624,278,7676
120,11,265,1531,84,96094,278,7767
120,11,265,1531,84,96094,278,7767
120,11,265,1531,84,96094,278,7767
120,11,265,1531,84,96094,278,7767
120,11,265,1531,84,96094,278,7767
120,11,265,1531,84,96094,278,7767
120,11,265,1604,84,94092,278,9264
120,11,265,1604,84,94092,278,9264
120,11,265,1672,84,92285,279,0616
120,11,265,1672,84,92285,279,0616
120,11,265,1736,84,90576,279,1917
120,11,265,1814,84,88477,279,3484
120,11,265,1814,84,88477,279,3484
120,11,265,1877,84,86768,279,4771
120,11,265,1877,84,86768,279,4771
120,11,265,1951,84,84814,279,6235
120,11,265,2019,84,82959,279,7627
120,11,265,2019,84,82959,279,7627
120,11,265,2092,84,81006,279,9099
120,11,265,2156,84,79297,280,0388
120,11,265,2156,84,79297,280,0388
120,11,265,2224,84,7749,280,1743
120,11,265,2224,84,7749,280,1743
120,11,265,2292,84,75684,280,3112
120,11,265,2292,84,75684,280,3112
120,11,265,2363,84,73779,280,4551
120,11,265,2444,84,71582,280,6179
120,11,265,2444,84,71582,280,6179
120,11,265,2512,84,69775,280,7555
120,11,265,2512,84,69775,280,7555
120,11,265,259,84,67676,280,9114
120,11,265,259,84,67676,280,9114
120,11,265,2671,84,65527,281,0732
120,11,265,2671,84,65527,281,0732
120,11,265,2742,84,63623,281,2178
120,11,265,2742,84,63623,281,2178
120,11,265,2817,84,61621,281,3687
120,11,265,2817,84,61621,281,3687
120,11,265,2896,84,59521,281,5278
120,11,265,2896,84,59521,281,5278
120,11,265,2976,84,57373,281,6873
120,11,265,2976,84,57373,281,6873
120,11,265,3052,84,55322,281,8412
120,11,265,3135,84,53076,282,0104
120,11,265,3135,84,53076,282,0104
120,11,265,3213,84,51025,282,1652
120,11,265,3213,84,51025,282,1652
120,11,265,3213,84,51025,282,1652
120,11,265,3291,84,48926,282,3248
120,11,265,3291,84,48926,282,3248
120,11,265,3389,84,46289,282,5215
120,11,265,3389,84,46289,282,5215
120,11,265,3467,84,44189,282,6792
120,11,265,3467,84,44189,282,6792
120,11,265,3547,84,42041,282,8418
120,11,265,3628,84,39893,283,0029
120,11,265,3628,84,39893,283,0029
120,11,265,3708,84,37744,283,1636
120,11,265,3708,84,37744,283,1636
120,11,265,3784,84,35693,283,3184
120,11,265,3784,84,35693,283,3184
120,11,265,3862,84,33594,283,4766
120,11,265,3862,84,33594,283,4766
120,12,265,3945,84,31396,283,6417
120,12,265,3945,84,31396,283,6417
120,12,265,3962,84,30908,283,6776
120,12,265,3962,84,30908,283,6776
120,12,265,4668,84,28516,283,8354
120,12,265,4668,84,28516,283,8354
120,12,265,5383,84,26123,283,9961
120,12,265,5383,84,26123,283,9961
120,12,265,6069,84,23779,284,1497
120,12,265,6069,84,23779,284,1497
120,12,265,6069,84,23779,284,1497
120,12,265,6753,84,21484,284,3025
120,12,265,6753,84,21484,284,3025
120,12,265,7703,84,18262,284,5155
120,12,265,7703,84,18262,284,5155
120,12,265,7703,84,18262,284,5155
120,12,265,8401,84,15918,284,6716
120,12,265,8401,84,15918,284,6716
120,12,265,9163,84,1333,284,8427
120,12,265,9163,84,1333,284,8427
120,12,265,991,84,10791,285,0095
120,12,265,991,84,10791,285,0095
120,12,266,0647,84,08301,285,1749
120,12,266,0647,84,08301,285,1749
120,12,266,0647,84,08301,285,1749
120,12,266,1421,84,05664,285,3484
120,12,266,1421,84,05664,285,3484
120,12,266,2229,84,02979,285,5293
120,12,266,2229,84,02979,285,5293
120,12,266,2996,84,00391,285,7009
120,12,266,2996,84,00391,285,7009
120,12,266,3772,83,97754,285,8748
120,12,266,3772,83,97754,285,8748
120,12,266,3772,83,97754,285,8748
120,12,266,4507,83,95264,286,0396
120,12,266,4507,83,95264,286,0396
120,12,266,5317,83,92529,286,2208
120,12,266,5317,83,92529,286,2208
120,12,266,614,83,89746,286,4055
120,12,266,614,83,89746,286,4055
120,12,266,614,83,89746,286,4055
120,12,266,6921,83,87109,286,5802
120,12,266,6921,83,87109,286,5802
120,12,266,6921,83,87109,286,5802
120,12,266,7725,83,84375,286,7599
120,12,266,7725,83,84375,286,7599
120,12,266,7725,83,84375,286,7599
120,12,266,8848,83,80566,287,0116
120,12,266,8848,83,80566,287,0116
120,12,266,9685,83,77734,287,1992
120,12,266,9685,83,77734,287,1992
120,12,267,0498,83,75,287,3813
120,12,267,0498,83,75,287,3813
120,12,267,0498,83,75,287,3813
120,12,267,0903,83,73633,287,472
120,12,267,0903,83,73633,287,472
120,12,267,0903,83,73633,287,472
120,12,267,0903,83,73633,287,472
120,12,267,0903,83,73633,287,472
120,12,267,0903,83,73633,287,472
120,12,267,0903,83,73633,287,472
120,12,267,0903,83,73633,287,472
120,12,267,0903,83,73633,287,472
120,12,267,0903,83,73633,287,472
120,12,267,0903,83,73633,287,472
120,12,267,0903,83,73633,287,472
120,12,267,0903,83,73633,287,472
120,12,267,0903,83,73633,287,472
120,12,267,0903,83,73633,287,472
120,12,267,0903,83,73633,287,472
120,12,267,0903,83,73633,287,472
120,12,267,0903,83,73633,287,472
120,12,267,0903,83,73633,287,472
120,12,267,2222,83,70605,287,6495
120,12,267,2222,83,70605,287,6495
120,12,267,2222,83,70605,287,6495
120,12,267,4026,83,66406,287,8923
120,12,267,4026,83,66406,287,8923
120,12,267,4026,83,66406,287,8923
120,12,267,5403,83,63232,288,0778
120,12,267,5403,83,63232,288,0778
120,12,267,6736,83,60156,288,2571
120,12,267,6736,83,60156,288,2571
120,12,267,6736,83,60156,288,2571
120,12,267,8008,83,57178,288,4287
120,12,267,8008,83,57178,288,4287
120,12,267,8008,83,57178,288,4287
120,12,267,9299,83,54199,288,6023
120,12,267,9299,83,54199,288,6023
120,12,268,0793,83,50781,288,8035
120,12,268,0793,83,50781,288,8035
120,12,268,0793,83,50781,288,8035
120,12,268,2092,83,47754,288,9784
120,12,268,2092,83,47754,288,9784
120,12,268,2092,83,47754,288,9784
120,12,268,3464,83,4458,289,163
120,12,268,3464,83,4458,289,163
120,12,268,3464,83,4458,289,163
120,12,268,48,83,41504,289,3429
120,12,268,48,83,41504,289,3429
120,12,268,48,83,41504,289,3429
120,12,268,6204,83,38232,289,532
120,12,268,6204,83,38232,289,532
120,12,268,6204,83,38232,289,532
120,12,268,7722,83,34717,289,7363
120,12,268,7722,83,34717,289,7363
120,12,268,7722,83,34717,289,7363
120,12,268,9241,83,31201,289,9407
120,12,268,9241,83,31201,289,9407
120,12,268,9241,83,31201,289,9407
120,12,269,0703,83,27832,290,1377
120,12,269,0703,83,27832,290,1377
120,12,269,0703,83,27832,290,1377
120,12,269,2095,83,24609,290,3251
120,12,269,2095,83,24609,290,3251
120,12,269,3586,83,21191,290,5259
120,12,269,3586,83,21191,290,5259
120,12,269,3586,83,21191,290,5259
120,12,269,4966,83,17969,290,7115
120,12,269,4966,83,17969,290,7115
120,12,269,4966,83,17969,290,7115
120,12,269,645,83,14551,290,9115
120,12,269,645,83,14551,290,9115
120,12,269,645,83,14551,290,9115
120,12,269,7844,83,11328,291,0992
120,12,269,7844,83,11328,291,0992
120,12,269,7844,83,11328,291,0992
120,12,269,9304,83,07959,291,2957
120,13,269,9304,83,07959,291,2957
120,13,269,9304,83,07959,291,2957
120,13,269,9304,83,07959,291,2957
120,13,270,0671,83,04785,291,4797
120,13,270,0671,83,04785,291,4797
120,13,270,0671,83,04785,291,4797
120,13,270,3188,83,00635,291,6868
120,13,270,3188,83,00635,291,6868
120,13,270,3188,83,00635,291,6868
120,13,270,5127,82,97412,291,8462
120,13,270,5127,82,97412,291,8462
120,13,270,5127,82,97412,291,8462
120,13,270,5127,82,97412,291,8462
120,13,270,7122,82,94141,292,0104
120,13,270,7122,82,94141,292,0104
120,13,270,7122,82,94141,292,0104
120,13,270,7122,82,94141,292,0104
120,13,270,9338,82,90479,292,1926
120,13,270,9338,82,90479,292,1926
120,13,270,9338,82,90479,292,1926
120,13,271,2126,82,85889,292,4219
120,13,271,2126,82,85889,292,4219
120,13,271,2126,82,85889,292,4219
120,13,271,4185,82,82471,292,5914
120,13,271,4185,82,82471,292,5914
120,13,271,4185,82,82471,292,5914
120,13,271,6147,82,79248,292,7528
120,13,271,6147,82,79248,292,7528
120,13,271,6147,82,79248,292,7528
120,13,271,6147,82,79248,292,7528
120,13,271,8271,82,75732,292,9275
120,13,271,8271,82,75732,292,9275
120,13,271,8271,82,75732,292,9275
120,13,272,0398,82,72217,293,1024
120,13,272,0398,82,72217,293,1024
120,13,272,0398,82,72217,293,1024
120,13,272,2378,82,68994,293,2651
120,13,272,2378,82,68994,293,2651
120,13,272,2378,82,68994,293,2651
120,13,272,4111,82,66113,293,4078
120,13,272,4111,82,66113,293,4078
120,13,272,4111,82,66113,293,4078
120,13,272,6277,82,62549,293,5859
120,13,272,6277,82,62549,293,5859
120,13,272,6277,82,62549,293,5859
120,13,272,6277,82,62549,293,5859
120,13,272,8469,82,58936,293,7662
120,13,272,8469,82,58936,293,7662
120,13,272,8469,82,58936,293,7662
120,13,273,0591,82,5542,293,9409
120,13,273,0591,82,5542,293,9409
120,13,273,0591,82,5542,293,9409
120,13,273,0591,82,5542,293,9409
120,13,273,3022,82,51416,294,1409
120,13,273,3022,82,51416,294,1409
120,13,273,3022,82,51416,294,1409
120,13,273,521,82,47803,294,3208
120,13,273,521,82,47803,294,3208
120,13,273,521,82,47803,294,3208
120,13,273,521,82,47803,294,3208
120,13,273,6484,82,45703,294,4257
120,13,273,6484,82,45703,294,4257
120,13,273,6484,82,45703,294,4257
120,13,273,877,82,42432,294,5642
120,13,273,877,82,42432,294,5642
120,13,273,877,82,42432,294,5642
120,13,273,877,82,42432,294,5642
120,13,274,1343,82,38721,294,7201
120,13,274,1343,82,38721,294,7201
120,13,274,1343,82,38721,294,7201
120,13,274,3901,82,35059,294,8752
120,13,274,3901,82,35059,294,8752
120,13,274,3901,82,35059,294,8752
120,13,274,3901,82,35059,294,8752
120,13,274,6365,82,31543,295,0245
120,13,274,6365,82,31543,295,0245
120,13,274,6365,82,31543,295,0245
120,13,274,6365,82,31543,295,0245
120,13,274,8892,82,27881,295,1777
120,13,274,8892,82,27881,295,1777
120,13,274,8892,82,27881,295,1777
120,13,274,8892,82,27881,295,1777
120,13,275,1731,82,23828,295,3499
120,13,275,1731,82,23828,295,3499
120,13,275,1731,82,23828,295,3499
120,13,275,4326,82,20117,295,5072
120,13,275,4326,82,20117,295,5072
120,13,275,4326,82,20117,295,5072
120,13,275,6858,82,16455,295,6605
120,13,275,6858,82,16455,295,6605
120,13,275,6858,82,16455,295,6605
120,13,275,6858,82,16455,295,6605
120,13,275,929,82,12988,295,8081
120,13,275,929,82,12988,295,8081
120,13,275,929,82,12988,295,8081
120,13,276,1814,82,09375,295,9611
120,13,276,1814,82,09375,295,9611
120,13,276,1814,82,09375,295,9611
120,13,276,1814,82,09375,295,9611
120,13,276,4197,82,05957,296,1055
120,13,276,4197,82,05957,296,1055
120,13,276,4197,82,05957,296,1055
120,13,276,4197,82,05957,296,1055
120,13,276,6838,82,02148,296,2655
120,13,276,6838,82,02148,296,2655
120,13,276,6838,82,02148,296,2655
120,13,276,9421,81,98438,296,422
120,13,276,9421,81,98438,296,422
120,13,276,9421,81,98438,296,422
120,13,276,9421,81,98438,296,422
120,13,277,2117,81,9458,296,5854
120,13,277,2117,81,9458,296,5854
120,13,277,2117,81,9458,296,5854
120,13,277,4473,81,91211,296,7283
120,13,277,4473,81,91211,296,7283
120,13,277,4473,81,91211,296,7283
120,13,277,4473,81,91211,296,7283
120,13,277,6846,81,87793,296,8721
120,13,277,6846,81,87793,296,8721
120,13,277,6846,81,87793,296,8721
120,13,277,9277,81,84277,297,0195
120,13,277,9277,81,84277,297,0195
120,13,277,9277,81,84277,297,0195
120,13,277,9277,81,84277,297,0195
120,13,277,9763,81,83594,297,049
120,13,277,9763,81,83594,297,049
120,13,277,9763,81,83594,297,049
120,13,278,2336,81,80127,297,1982
120,13,278,2336,81,80127,297,1982
120,14,278,2336,81,80127,297,1982
120,14,278,4851,81,76758,297,3438
120,14,278,4851,81,76758,297,3438
120,14,278,4851,81,76758,297,3438
120,14,278,4851,81,76758,297,3438
120,14,278,7263,81,73535,297,4836
120,14,278,7263,81,73535,297,4836
120,14,278,7263,81,73535,297,4836
120,14,278,9705,81,70264,297,6251
120,14,278,9705,81,70264,297,6251
120,14,278,9705,81,70264,297,6251
120,14,278,9705,81,70264,297,6251
120,14,279,2227,81,66895,297,7715
120,14,279,2227,81,66895,297,7715
120,14,279,2227,81,66895,297,7715
120,14,279,2227,81,66895,297,7715
120,14,279,4668,81,63623,297,913
120,14,279,4668,81,63623,297,913
120,14,279,4668,81,63623,297,913
120,14,279,4668,81,63623,297,913
120,14,279,7495,81,59814,298,0769
120,14,279,7495,81,59814,298,0769
120,14,279,7495,81,59814,298,0769
120,14,280,0281,81,56104,298,2382
120,14,280,0281,81,56104,298,2382
120,14,280,0281,81,56104,298,2382
120,14,280,0281,81,56104,298,2382
120,14,280,313,81,52295,298,4034
120,14,280,313,81,52295,298,4034
120,14,280,313,81,52295,298,4034
120,14,280,313,81,52295,298,4034
120,14,280,5854,81,48633,298,5614
120,14,280,5854,81,48633,298,5614
120,14,280,5854,81,48633,298,5614
120,14,280,8252,81,4541,298,7003
120,14,280,8252,81,4541,298,7003
120,14,280,8252,81,4541,298,7003
120,14,281,0715,81,42139,298,843
120,14,281,0715,81,42139,298,843
120,14,281,0715,81,42139,298,843
120,14,281,0715,81,42139,298,843
120,14,281,3096,81,38916,298,9811
120,14,281,3096,81,38916,298,9811
120,14,281,3096,81,38916,298,9811
120,14,281,55,81,35693,299,1204
120,14,281,55,81,35693,299,1204
120,14,281,55,81,35693,299,1204
120,14,281,793,81,32471,299,2612
120,14,281,793,81,32471,299,2612
120,14,281,793,81,32471,299,2612
120,14,281,793,81,32471,299,2612
120,14,282,0322,81,29248,299,3999
120,14,282,0322,81,29248,299,3999
120,14,282,0322,81,29248,299,3999
120,14,282,1711,81,27393,299,4805
120,14,282,1711,81,27393,299,4805
120,14,282,1711,81,27393,299,4805
120,14,282,1711,81,27393,299,4805
120,14,282,4041,81,24414,299,6107
120,14,282,4041,81,24414,299,6107
120,14,282,4041,81,24414,299,6107
120,14,282,6736,81,20996,299,7616
120,14,282,6736,81,20996,299,7616
120,14,282,6736,81,20996,299,7616
120,14,282,9302,81,17725,299,905
120,14,282,9302,81,17725,299,905
120,14,282,9302,81,17725,299,905
120,14,283,1621,81,14795,300,0349
120,14,283,1621,81,14795,300,0349
120,14,283,1621,81,14795,300,0349
120,14,283,1621,81,14795,300,0349
120,14,283,3887,81,11914,300,1616
120,14,283,3887,81,11914,300,1616
120,14,283,3887,81,11914,300,1616
120,14,283,6262,81,08887,300,2946
120,14,283,6262,81,08887,300,2946
120,14,283,6262,81,08887,300,2946
120,14,283,8696,81,05762,300,4307
120,14,283,8696,81,05762,300,4307
120,14,283,8696,81,05762,300,4307
120,14,283,8696,81,05762,300,4307
120,14,284,1118,81,02686,300,5662
120,14,284,1118,81,02686,300,5662
120,14,284,1118,81,02686,300,5662
120,14,284,3643,80,99463,300,7075
120,14,284,3643,80,99463,300,7075
120,14,284,3643,80,99463,300,7075
120,14,284,3643,80,99463,300,7075
120,14,284,6106,80,96338,300,8453
120,14,284,6106,80,96338,300,8453
120,14,284,6106,80,96338,300,8453
120,14,284,6106,80,96338,300,8453
120,14,284,6106,80,96338,300,8453
120,14,284,8997,80,92676,301,007
120,14,284,8997,80,92676,301,007
120,14,284,8997,80,92676,301,007
120,14,285,2249,80,88525,301,189
120,14,285,2249,80,88525,301,189
120,14,285,2249,80,88525,301,189
120,14,285,4692,80,854,301,3257
120,14,285,4692,80,854,301,3257
120,14,285,4692,80,854,301,3257
120,14,285,4692,80,854,301,3257
120,14,285,717,80,82275,301,4642
120,14,285,717,80,82275,301,4642
120,14,285,717,80,82275,301,4642
120,14,285,9648,80,79102,301,6029
120,14,285,9648,80,79102,301,6029
120,14,285,9648,80,79102,301,6029
120,14,286,208,80,76025,301,739
120,14,286,208,80,76025,301,739
120,14,286,208,80,76025,301,739
120,14,286,4268,80,73242,301,8613
120,14,286,4268,80,73242,301,8613
120,14,286,4268,80,73242,301,8613
120,14,286,4268,80,73242,301,8613
120,14,286,6521,80,70361,301,9874
120,14,286,6521,80,70361,301,9874
120,14,286,6521,80,70361,301,9874
120,14,286,6521,80,70361,301,9874
120,14,286,9038,80,67139,302,1283
120,14,286,9038,80,67139,302,1283
120,14,286,9038,80,67139,302,1283
120,14,286,9932,80,66016,302,1782
120,14,286,9932,80,66016,302,1782
120,14,286,9932,80,66016,302,1782
120,14,287,2222,80,63232,302,2952
120,14,287,2222,80,63232,302,2952
120,15,287,2222,80,63232,302,2952
120,15,287,459,80,60352,302,4161
120,15,287,459,80,60352,302,4161
120,15,287,459,80,60352,302,4161
120,15,287,6973,80,57471,302,5377
120,15,287,6973,80,57471,302,5377
120,15,287,6973,80,57471,302,5377
120,15,287,9304,80,54639,302,6569
120,15,287,9304,80,54639,302,6569
120,15,287,9304,80,54639,302,6569
120,15,287,9304,80,54639,302,6569
120,15,288,1621,80,51855,302,7751
120,15,288,1621,80,51855,302,7751
120,15,288,1621,80,51855,302,7751
120,15,288,3997,80,48975,302,8964
120,15,288,3997,80,48975,302,8964
120,15,288,3997,80,48975,302,8964
120,15,288,6611,80,45801,303,0299
120,15,288,6611,80,45801,303,0299
120,15,288,6611,80,45801,303,0299
120,15,288,8887,80,43018,303,1461
120,15,288,8887,80,43018,303,1461
120,15,288,8887,80,43018,303,1461
120,15,289,123,80,40186,303,2657
120,15,289,123,80,40186,303,2657
120,15,289,123,80,40186,303,2657
120,15,289,123,80,40186,303,2657
120,15,289,3494,80,37451,303,3813
120,15,289,3494,80,37451,303,3813
120,15,289,3494,80,37451,303,3813
120,15,289,5793,80,34668,303,4988
120,15,289,5793,80,34668,303,4988
120,15,289,5793,80,34668,303,4988
120,15,289,8376,80,31494,303,6307
120,15,289,8376,80,31494,303,6307
120,15,289,8376,80,31494,303,6307
120,15,290,0708,80,28662,303,7498
120,15,290,0708,80,28662,303,7498
120,15,290,0708,80,28662,303,7498
120,15,290,0708,80,28662,303,7498
120,15,290,3013,80,25879,303,8674
120,15,290,3013,80,25879,303,8674
120,15,290,3013,80,25879,303,8674
120,15,290,5481,80,229,303,9935
120,15,290,5481,80,229,303,9935
120,15,290,5481,80,229,303,9935
120,15,290,7837,80,2002,304,1139
120,15,290,7837,80,2002,304,1139
120,15,290,7837,80,2002,304,1139
120,15,291,0181,80,17188,304,2335
120,15,291,0181,80,17188,304,2335
120,15,291,0181,80,17188,304,2335
120,15,291,2441,80,14453,304,3489
120,15,291,2441,80,14453,304,3489
120,15,291,2441,80,14453,304,3489
120,15,291,481,80,11572,304,4698
120,15,291,481,80,11572,304,4698
120,15,291,481,80,11572,304,4698
120,15,291,481,80,11572,304,4698
120,15,291,7351,80,08496,304,5996
120,15,291,7351,80,08496,304,5996
120,15,291,7351,80,08496,304,5996
120,15,291,9802,80,05518,304,7249
120,15,291,9802,80,05518,304,7249
120,15,291,9802,80,05518,304,7249
120,15,292,2024,80,02832,304,8383
120,15,292,2024,80,02832,304,8383
120,15,292,2024,80,02832,304,8383
120,15,292,4312,80,00049,304,9551
120,15,292,4312,80,00049,304,9551
120,15,292,4312,80,00049,304,9551
120,15,292,6506,79,97412,305,0671
120,15,292,6506,79,97412,305,0671
120,15,292,6506,79,97412,305,0671
120,15,292,8342,79,95166,305,1609
120,15,292,8342,79,95166,305,1609
120,15,292,8342,79,95166,305,1609
120,15,293,0515,79,92627,305,2715
120,15,293,0515,79,92627,305,2715
120,15,293,0515,79,92627,305,2715
120,15,293,2681,79,90088,305,3816
120,15,293,2681,79,90088,305,3816
120,15,293,2681,79,90088,305,3816
120,15,293,4937,79,87451,305,4965
120,15,293,4937,79,87451,305,4965
120,15,293,4937,79,87451,305,4965
120,15,293,7209,79,84814,305,6121
120,15,293,7209,79,84814,305,6121
120,15,293,9417,79,82227,305,7244
120,15,293,9417,79,82227,305,7244
120,15,293,9417,79,82227,305,7244
120,15,294,1445,79,79834,305,8276
120,15,294,1445,79,79834,305,8276
120,15,294,1445,79,79834,305,8276
120,15,294,3687,79,77246,305,9417
120,15,294,3687,79,77246,305,9417
120,15,294,3687,79,77246,305,9417
120,15,294,5823,79,74756,306,0503
120,15,294,5823,79,74756,306,0503
120,15,294,5823,79,74756,306,0503
120,15,294,79,79,72314,306,156
120,15,294,79,79,72314,306,156
120,15,294,79,79,72314,306,156
120,15,295,0056,79,69775,306,2659
120,15,295,0056,79,69775,306,2659
120,15,295,0056,79,69775,306,2659
120,15,295,229,79,67188,306,3794
120,15,295,229,79,67188,306,3794
120,15,295,229,79,67188,306,3794
120,15,295,4521,79,64551,306,493
120,15,295,4521,79,64551,306,493
120,15,295,4521,79,64551,306,493
120,15,295,6992,79,6167,306,6187
120,15,295,6992,79,6167,306,6187
120,15,295,6992,79,6167,306,6187
120,15,295,9177,79,59131,306,7299
120,15,295,9177,79,59131,306,7299
120,15,295,9177,79,59131,306,7299
120,15,296,134,79,56592,306,84
120,15,296,134,79,56592,306,84
120,15,296,134,79,56592,306,84
120,15,296,3357,79,54248,306,9426
120,15,296,3357,79,54248,306,9426
120,15,296,3357,79,54248,306,9426
120,15,296,5398,79,51855,307,0464
120,15,296,5398,79,51855,307,0464
120,15,296,7556,79,49316,307,1563
120,16,296,7556,79,49316,307,1563
120,16,296,7556,79,49316,307,1563
120,16,296,9702,79,46826,307,2654
120,16,296,9702,79,46826,307,2654
120,16,296,9702,79,46826,307,2654
120,16,297,1831,79,44336,307,3738
120,16,297,1831,79,44336,307,3738
120,16,297,1831,79,44336,307,3738
120,16,297,3813,79,41992,307,4746
120,16,297,3813,79,41992,307,4746
120,16,297,3813,79,41992,307,4746
120,16,297,6233,79,3916,307,5977
120,16,297,6233,79,3916,307,5977
120,16,297,825,79,36816,307,7003
120,16,297,825,79,36816,307,7003
120,16,297,825,79,36816,307,7003
120,16,298,0085,79,34668,307,7937
120,16,298,0085,79,34668,307,7937
120,16,298,0085,79,34668,307,7937
120,16,298,2275,79,32129,307,9052
120,16,298,2275,79,32129,307,9052
120,16,298,2275,79,32129,307,9052
120,16,298,4319,79,29736,308,009
120,16,298,4319,79,29736,308,009
120,16,298,6318,79,27393,308,1108
120,16,298,6318,79,27393,308,1108
120,16,298,6318,79,27393,308,1108
120,16,298,8218,79,25195,308,2075
120,16,298,8218,79,25195,308,2075
120,16,298,8218,79,25195,308,2075
120,16,298,9868,79,23242,308,2915
120,16,298,9868,79,23242,308,2915
120,16,299,1956,79,2085,308,3912
120,16,299,1956,79,2085,308,3912
120,16,299,1956,79,2085,308,3912
120,16,299,3979,79,18555,308,4879
120,16,299,3979,79,18555,308,4879
120,16,299,3979,79,18555,308,4879
120,16,299,6069,79,16162,308,5878
120,16,299,6069,79,16162,308,5878
120,16,299,6069,79,16162,308,5878
120,16,299,8142,79,13818,308,6869
120,16,299,8142,79,13818,308,6869
120,16,300,0164,79,11523,308,7834
120,16,300,0164,79,11523,308,7834
120,16,300,0164,79,11523,308,7834
120,16,300,2122,79,09277,308,8771
120,16,300,2122,79,09277,308,8771
120,16,300,4075,79,0708,308,9703
120,16,300,4075,79,0708,308,9703
120,16,300,4075,79,0708,308,9703
120,16,300,6038,79,04834,309,0642
120,16,300,6038,79,04834,309,0642
120,16,300,6038,79,04834,309,0642
120,16,300,8125,79,02441,309,1638
120,16,300,8125,79,02441,309,1638
120,16,301,009,79,00195,309,2578
120,16,301,009,79,00195,309,2578
120,16,301,009,79,00195,309,2578
120,16,301,2122,78,979,309,3549
120,16,301,2122,78,979,309,3549
120,16,301,2122,78,979,309,3549
120,16,301,2122,78,979,309,3549
120,16,301,2122,78,979,309,3549
120,16,301,4255,78,95459,309,4569
120,16,301,4255,78,95459,309,4569
120,16,301,4255,78,95459,309,4569
120,16,301,8025,78,91162,309,637
120,16,301,8025,78,91162,309,637
120,16,301,8025,78,91162,309,637
120,16,301,9927,78,89014,309,7278
120,16,301,9927,78,89014,309,7278
120,16,301,9927,78,89014,309,7278
120,16,302,2202,78,86426,309,8365
120,16,302,2202,78,86426,309,8365
120,16,302,4395,78,83887,309,9414
120,16,302,4395,78,83887,309,9414
120,16,302,4395,78,83887,309,9414
120,16,302,637,78,81641,310,0356
120,16,302,637,78,81641,310,0356
120,16,302,8145,78,79639,310,1206
120,16,302,8145,78,79639,310,1206
120,16,302,8145,78,79639,310,1206
120,16,303,002,78,7749,310,2102
120,16,303,002,78,7749,310,2102
120,16,303,1936,78,75293,310,3016
120,16,303,1936,78,75293,310,3016
120,16,303,1936,78,75293,310,3016
120,16,303,3838,78,73145,310,3926
120,16,303,3838,78,73145,310,3926
120,16,303,5798,78,70898,310,4863
120,16,303,5798,78,70898,310,4863
120,16,303,5798,78,70898,310,4863
120,16,303,7705,78,6875,310,5774
120,16,303,7705,78,6875,310,5774
120,16,303,9521,78,6665,310,6642
120,16,303,9521,78,6665,310,6642
120,16,303,9521,78,6665,310,6642
120,16,304,1389,78,64551,310,7534
120,16,304,1389,78,64551,310,7534
120,16,304,3235,78,62451,310,8416
120,16,304,3235,78,62451,310,8416
120,16,304,3235,78,62451,310,8416
120,16,304,5156,78,60254,310,9335
120,16,304,5156,78,60254,310,9335
120,16,304,6096,78,5918,310,9784
120,16,304,6096,78,5918,310,9784
120,16,304,6096,78,5918,310,9784
120,16,304,7874,78,57178,311,0649
120,16,304,7874,78,57178,311,0649
120,16,304,9719,78,55127,311,1547
120,16,304,9719,78,55127,311,1547
120,16,305,1465,78,53174,311,2396
120,16,305,1465,78,53174,311,2396
120,16,305,1465,78,53174,311,2396
120,16,305,332,78,51123,311,3298
120,16,305,332,78,51123,311,3298
120,16,305,5029,78,49219,311,413
120,16,305,5029,78,49219,311,413
120,16,305,5029,78,49219,311,413
120,16,305,6953,78,4707,311,5065
120,16,305,6953,78,4707,311,5065
120,16,305,8784,78,4502,311,5956
120,16,305,8784,78,4502,311,5956
120,16,305,8784,78,4502,311,5956
120,16,306,0659,78,42969,311,6868
120,16,306,0659,78,42969,311,6868
120,16,306,2532,78,40869,311,778
120,16,306,2532,78,40869,311,778
120,16,306,2532,78,40869,311,778
120,16,306,4324,78,38867,311,8651
120,16,306,4324,78,38867,311,8651
120,16,306,6287,78,3667,311,9606
120,16,306,6287,78,3667,311,9606
120,16,306,6287,78,3667,311,9606
120,16,306,6287,78,3667,311,9606
120,16,306,823,78,34521,312,0552
120,16,306,823,78,34521,312,0552
120,16,307,0669,78,31787,312,1737
120,16,307,0669,78,31787,312,1737
120,16,307,2551,78,29688,312,2654
120,16,307,2551,78,29688,312,2654
120,16,307,2551,78,29688,312,2654
120,16,307,4338,78,27686,312,3523
120,16,307,4338,78,27686,312,3523
120,16,307,6084,78,25781,312,4373
120,16,307,6084,78,25781,312,4373
120,16,307,6084,78,25781,312,4373
120,16,307,7942,78,23682,312,5276
120,16,307,7942,78,23682,312,5276
120,16,307,9744,78,2168,312,6152
120,16,307,9744,78,2168,312,6152
120,16,307,9744,78,2168,312,6152
120,16,308,1582,78,19629,312,7047
120,16,308,1582,78,19629,312,7047
120,16,308,3464,78,17529,312,7964
120,16,308,3464,78,17529,312,7964
120,16,308,5215,78,15576,312,8815
120,16,308,5215,78,15576,312,8815
120,16,308,5215,78,15576,312,8815
120,16,308,7075,78,13525,312,9719
120,16,308,7075,78,13525,312,9719
120,16,308,8906,78,11475,313,0609
120,16,308,8906,78,11475,313,0609
120,16,309,0642,78,09521,313,1454
120,16,309,0642,78,09521,313,1454
120,16,309,0642,78,09521,313,1454
120,16,309,2429,78,0752,313,2324
120,16,309,2429,78,0752,313,2324
120,16,309,4248,78,05518,313,3208
120,16,309,4248,78,05518,313,3208
120,16,309,4248,78,05518,313,3208
120,16,309,6196,78,03369,313,4156
120,16,309,6196,78,03369,313,4156
120,16,309,7913,78,01416,313,4991
120,16,309,7913,78,01416,313,4991
120,16,309,7913,78,01416,313,4991
120,16,309,9722,77,99414,313,5872
120,16,309,9722,77,99414,313,5872
120,16,310,1509,77,97412,313,6741
120,16,310,1509,77,97412,313,6741
120,16,310,1785,77,97119,313,6875
120,16,310,1785,77,97119,313,6875
120,16,310,1785,77,97119,313,6875
120,16,310,353,77,95215,313,7727
120,16,310,353,77,95215,313,7727
120,16,310,532,77,93262,313,86
120,16,310,532,77,93262,313,86
120,16,310,71,77,91309,313,9468
120,16,310,71,77,91309,313,9468
120,16,310,71,77,91309,313,9468
120,16,310,8926,77,89307,314,0359
120,16,310,8926,77,89307,314,0359
120,16,311,0654,77,87451,314,1202
120,16,311,0654,77,87451,314,1202
120,16,311,0654,77,87451,314,1202
120,16,311,2532,77,854,314,2119
120,16,311,2532,77,854,314,2119
120,16,311,436,77,83398,314,3011
120,16,311,436,77,83398,314,3011
120,16,311,436,77,83398,314,3011
120,16,311,6169,77,81445,314,3894
120,16,311,6169,77,81445,314,3894
120,16,311,6169,77,81445,314,3894
120,16,311,7993,77,79443,314,4783
120,16,311,7993,77,79443,314,4783
120,16,312,0623,77,76563,314,6067
120,16,312,0623,77,76563,314,6067
120,16,312,0623,77,76563,314,6067
120,16,312,2432,77,74609,314,6948
120,16,312,2432,77,74609,314,6948
120,16,312,2432,77,74609,314,6948
120,16,312,4468,77,72363,314,7943
120,16,312,4468,77,72363,314,7943
120,16,312,6355,77,70313,314,8864
120,16,312,6355,77,70313,314,8864
120,16,312,8098,77,68408,314,9714
120,16,312,8098,77,68408,314,9714
120,16,312,8098,77,68408,314,9714
120,16,312,9912,77,66406,315,0599
120,16,312,9912,77,66406,315,0599
120,16,313,1797,77,64355,315,1519
120,16,313,1797,77,64355,315,1519
120,16,313,1797,77,64355,315,1519
120,16,313,3684,77,62305,315,2439
120,16,313,3684,77,62305,315,2439
120,16,313,5654,77,60156,315,3401
120,16,313,5654,77,60156,315,3401
120,16,313,5654,77,60156,315,3401
120,16,313,7356,77,58301,315,4231
120,16,313,7356,77,58301,315,4231
120,16,313,9097,77,56396,315,5081
120,16,313,9097,77,56396,315,5081
120,16,314,0854,77,54492,315,5938
120,16,314,0854,77,54492,315,5938
120,16,314,0854,77,54492,315,5938
120,16,314,2473,77,52734,315,6729
120,16,314,2473,77,52734,315,6729
120,16,314,4255,77,50781,315,7598
120,16,314,4255,77,50781,315,7598
120,16,314,6033,77,48828,315,8466
120,16,314,6033,77,48828,315,8466
120,16,314,6033,77,48828,315,8466
120,16,314,7783,77,46924,315,9319
120,16,314,7783,77,46924,315,9319
120,16,314,9587,77,44971,316,0199
120,16,314,9587,77,44971,316,0199
120,16,315,1399,77,42969,316,1084
120,16,315,1399,77,42969,316,1084
120,16,315,1399,77,42969,316,1084
120,16,315,311,77,41113,316,1919
120,16,315,311,77,41113,316,1919
120,16,315,4934,77,39111,316,2809
120,16,315,4934,77,39111,316,2809
120,16,315,6331,77,37598,316,349
120,16,315,6331,77,37598,316,349
120,16,315,6331,77,37598,316,349
120,16,315,812,77,35693,316,4358
120,16,315,812,77,35693,316,4358
120,16,315,9941,77,3374,316,5242
120,16,315,9941,77,3374,316,5242
120,16,315,9941,77,3374,316,5242
120,16,316,1777,77,31738,316,6133
120,16,316,1777,77,31738,316,6133
120,16,316,3591,77,29785,316,7012
120,16,316,3591,77,29785,316,7012
120,16,316,54,77,27832,316,7891
120,16,316,54,77,27832,316,7891
120,16,316,54,77,27832,316,7891
120,16,316,7148,77,25977,316,8738
120,16,316,7148,77,25977,316,8738
120,16,316,8828,77,2417,316,9553
120,16,316,8828,77,2417,316,9553
120,16,316,8828,77,2417,316,9553
120,16,317,0488,77,22363,317,0358
120,16,317,0488,77,22363,317,0358
120,16,317,249,77,20215,317,1329
120,16,317,249,77,20215,317,1329
120,16,317,249,77,20215,317,1329
120,16,317,4385,77,18213,317,2249
120,16,317,4385,77,18213,317,2249
120,16,317,6199,77,1626,317,3129
120,16,317,6199,77,1626,317,3129
120,16,317,7937,77,14404,317,3972
120,16,317,7937,77,14404,317,3972
120,16,317,9641,77,12549,317,4799
120,16,317,9641,77,12549,317,4799
120,16,317,9641,77,12549,317,4799
120,16,318,1367,77,10693,317,5636
120,16,318,1367,77,10693,317,5636
120,16,318,3064,77,08887,317,6458
120,16,318,3064,77,08887,317,6458
120,16,318,3064,77,08887,317,6458
120,16,318,4666,77,07178,317,7236
120,16,318,4666,77,07178,317,7236
120,16,318,6816,77,04834,317,8279
120,16,318,6816,77,04834,317,8279
120,16,318,8667,77,02832,317,9177
120,16,318,8667,77,02832,317,9177
120,16,319,0283,77,01123,317,9961
120,16,319,0283,77,01123,317,9961
120,16,319,0283,77,01123,317,9961
120,16,319,1917,76,99365,318,0753
120,16,319,1917,76,99365,318,0753
120,16,319,3599,76,97559,318,1569
120,16,319,3599,76,97559,318,1569
120,16,319,531,76,95703,318,24
120,16,319,531,76,95703,318,24
120,16,319,6951,76,93945,318,3195
120,16,319,6951,76,93945,318,3195
120,16,319,6951,76,93945,318,3195
120,16,319,8538,76,92236,318,3965
120,16,319,8538,76,92236,318,3965
120,16,320,0308,76,90332,318,4824
120,16,320,0308,76,90332,318,4824
120,16,320,2,76,88525,318,5645
120,16,320,2,76,88525,318,5645
120,16,320,3682,76,86719,318,6461
120,16,320,3682,76,86719,318,6461
120,16,320,3682,76,86719,318,6461
120,16,320,5361,76,84912,318,7275
120,16,320,5361,76,84912,318,7275
120,16,320,7063,76,83105,318,8102
120,16,320,7063,76,83105,318,8102
120,16,320,8662,76,81348,318,8877
120,16,320,8662,76,81348,318,8877
120,16,321,0308,76,7959,318,9675
120,16,321,0308,76,7959,318,9675
120,16,321,1863,76,7793,319,043
120,16,321,1863,76,7793,319,043
120,16,321,3455,76,76221,319,1201
120,16,321,3455,76,76221,319,1201
120,16,321,5032,76,74512,319,1968
120,16,321,5032,76,74512,319,1968
120,16,321,6658,76,72803,319,2756
120,16,321,6658,76,72803,319,2756
120,16,321,7683,76,7168,319,3253
120,16,321,7683,76,7168,319,3253
120,16,321,9233,76,7002,319,4023
120,16,321,9233,76,7002,319,4023
120,16,321,9233,76,7002,319,4023
120,16,322,0747,76,68457,319,4774
120,16,322,0747,76,68457,319,4774
120,16,322,2417,76,6665,319,5602
120,16,322,2417,76,6665,319,5602
120,16,322,3945,76,65039,319,6361
120,16,322,3945,76,65039,319,6361
120,16,322,5388,76,63525,319,7078
120,16,322,5388,76,63525,319,7078
120,16,322,6938,76,61865,319,7847
120,16,322,6938,76,61865,319,7847
120,16,322,8599,76,60107,319,8671
120,16,322,8599,76,60107,319,8671
120,16,323,0149,76,58496,319,944
120,16,323,0149,76,58496,319,944
120,16,323,1709,76,56836,320,0215
120,16,323,1709,76,56836,320,0215
120,16,323,334,76,55078,320,1023
120,16,323,334,76,55078,320,1023
120,16,323,334,76,55078,320,1023
120,16,323,4985,76,53369,320,1841
120,16,323,4985,76,53369,320,1841
120,16,323,6704,76,51514,320,2693
120,16,323,6704,76,51514,320,2693
120,16,323,8257,76,49902,320,3464
120,16,323,8257,76,49902,320,3464
120,16,323,9773,76,48291,320,4216
120,16,323,9773,76,48291,320,4216
120,16,324,1448,76,46484,320,5046
120,16,324,1448,76,46484,320,5046
120,16,324,3027,76,44824,320,583
120,16,324,3027,76,44824,320,583
120,16,324,4563,76,43213,320,6592
120,16,324,4563,76,43213,320,6592
120,16,324,4563,76,43213,320,6592
120,16,324,6201,76,41455,320,7406
120,16,324,6201,76,41455,320,7406
120,16,324,8167,76,39404,320,8381
120,16,324,8167,76,39404,320,8381
120,16,324,9836,76,37598,320,9209
120,16,324,9836,76,37598,320,9209
120,16,325,1443,76,35938,321,0007
120,16,325,1443,76,35938,321,0007
120,16,325,1443,76,35938,321,0007
120,16,325,2986,76,34277,321,0773
120,16,325,2986,76,34277,321,0773
120,16,325,4702,76,32471,321,1625
120,16,325,4702,76,32471,321,1625
120,16,325,6394,76,30664,321,2465
120,16,325,6394,76,30664,321,2465
120,16,325,7996,76,28955,321,3259
120,16,325,7996,76,28955,321,3259
120,16,325,9519,76,27344,321,4015
120,16,325,9519,76,27344,321,4015
120,16,326,1108,76,25684,321,4803
120,16,326,1108,76,25684,321,4803
120,16,326,1108,76,25684,321,4803
120,16,326,2725,76,23975,321,5607
120,16,326,2725,76,23975,321,5607
120,16,326,4424,76,22168,321,645
120,16,326,4424,76,22168,321,645
120,16,326,614,76,20361,321,7302
120,16,326,614,76,20361,321,7302
120,16,326,614,76,20361,321,7302
120,16,326,7883,76,18506,321,8167
120,16,326,7883,76,18506,321,8167
120,16,326,9551,76,16748,321,8994
120,16,326,9551,76,16748,321,8994
120,16,327,1252,76,14941,321,9839
120,16,327,1252,76,14941,321,9839
120,16,327,2803,76,13281,322,0608
120,16,327,2803,76,13281,322,0608
120,16,327,4346,76,1167,322,1373
120,16,327,4346,76,1167,322,1373
120,16,327,4424,76,11572,322,1412
120,16,327,4424,76,11572,322,1412
120,16,327,4424,76,11572,322,1412
120,16,327,6086,76,09814,322,2222
120,16,327,6086,76,09814,322,2222
120,16,327,7878,76,07959,322,3092
120,16,327,7878,76,07959,322,3092
120,16,327,9514,76,0625,322,3887
120,16,327,9514,76,0625,322,3887
120,16,328,1182,76,04492,322,4698
120,16,328,1182,76,04492,322,4698
120,16,328,2749,76,02881,322,546
120,16,328,2749,76,02881,322,546
120,16,328,2749,76,02881,322,546
120,16,328,4417,76,01123,322,6272
120,16,328,4417,76,01123,322,6272
120,16,328,606,75,99414,322,707
120,16,328,606,75,99414,322,707
120,16,328,7698,75,97656,322,7866
120,16,328,7698,75,97656,322,7866
120,16,328,9529,75,95752,322,8757
120,16,328,9529,75,95752,322,8757
120,16,328,9529,75,95752,322,8757
120,16,329,1079,75,94141,322,951
120,16,329,1079,75,94141,322,951
120,16,329,2805,75,92334,323,0349
120,16,329,2805,75,92334,323,0349
120,16,329,4561,75,90479,323,1202
120,16,329,4561,75,90479,323,1202
120,16,329,6072,75,88916,323,1937
120,16,329,6072,75,88916,323,1937
120,16,329,7695,75,87207,323,2727
120,16,329,7695,75,87207,323,2727
120,16,329,7695,75,87207,323,2727
120,16,329,9497,75,85352,323,3604
120,16,329,9497,75,85352,323,3604
120,16,330,1084,75,83643,323,4375
120,16,330,1084,75,83643,323,4375
120,16,330,2654,75,82031,323,5139
120,16,330,2654,75,82031,323,5139
120,16,330,4204,75,8042,323,5891
120,16,330,4204,75,8042,323,5891
120,16,330,5947,75,78564,323,674
120,16,330,5947,75,78564,323,674
120,16,330,7493,75,76953,323,749
120,16,330,7493,75,76953,323,749
120,16,330,9063,75,75293,323,8254
120,16,330,9063,75,75293,323,8254
120,16,331,0603,75,73682,323,9003
120,16,331,0603,75,73682,323,9003
120,16,331,0603,75,73682,323,9003
120,16,331,2173,75,7207,323,9767
120,16,331,2173,75,7207,323,9767
120,16,331,3823,75,70313,324,0569
120,16,331,3823,75,70313,324,0569
120,16,331,5544,75,68555,324,1405
120,16,331,5544,75,68555,324,1405
120,16,331,7178,75,66797,324,22
120,16,331,7178,75,66797,324,22
120,16,331,8701,75,65234,324,2941
120,16,331,8701,75,65234,324,2941
120,16,332,0183,75,63672,324,3661
120,16,332,0183,75,63672,324,3661
120,16,332,1809,75,61963,324,4452
120,16,332,1809,75,61963,324,4452
120,16,332,3428,75,60254,324,5238
120,16,332,3428,75,60254,324,5238
120,16,332,5054,75,58594,324,6029
120,16,332,5054,75,58594,324,6029
120,16,332,5054,75,58594,324,6029
120,16,332,6572,75,56982,324,6768
120,16,332,6572,75,56982,324,6768
120,16,332,8162,75,55322,324,7539
120,16,332,8162,75,55322,324,7539
120,16,332,9792,75,53613,324,8334
120,16,332,9792,75,53613,324,8334
120,16,333,1355,75,52002,324,9093
120,16,333,1355,75,52002,324,9093
120,16,333,2935,75,50342,324,9861
120,16,333,2935,75,50342,324,9861
120,16,333,4531,75,48633,325,0637
120,16,333,4531,75,48633,325,0637
120,16,333,5579,75,47559,325,1146
120,16,333,5579,75,47559,325,1146
120,16,333,7048,75,46045,325,1951
120,16,333,7048,75,46045,325,1951
120,16,333,855,75,44531,325,2773
120,16,333,855,75,44531,325,2773
120,16,334,0149,75,42871,325,3649
120,16,334,0149,75,42871,325,3649
120,16,334,1626,75,41357,325,4458
120,16,334,1626,75,41357,325,4458
120,16,334,314,75,39795,325,5287
120,16,334,314,75,39795,325,5287
120,16,334,4504,75,38428,325,6035
120,16,334,4504,75,38428,325,6035
120,16,334,594,75,36963,325,682
120,16,334,594,75,36963,325,682
120,16,334,7446,75,354,325,7645
120,16,334,7446,75,354,325,7645
120,16,334,8892,75,33936,325,8436
120,16,334,8892,75,33936,325,8436
120,16,335,0386,75,32373,325,9255
120,16,335,0386,75,32373,325,9255
120,16,335,1841,75,30908,326,0051
120,16,335,1841,75,30908,326,0051
120,16,335,3313,75,29395,326,0858
120,16,335,3313,75,29395,326,0858
120,16,335,4941,75,27734,326,1749
120,16,335,4941,75,27734,326,1749
120,16,335,4941,75,27734,326,1749
120,16,335,6453,75,26172,326,2578
120,16,335,6453,75,26172,326,2578
120,16,335,8049,75,24561,326,3452
120,16,335,8049,75,24561,326,3452
120,16,335,9753,75,22803,326,4385
120,16,335,9753,75,22803,326,4385
120,16,336,1335,75,21191,326,5251
120,16,336,1335,75,21191,326,5251
120,16,336,2957,75,19531,326,6139
120,16,336,2957,75,19531,326,6139
120,16,336,2957,75,19531,326,6139
120,16,336,4519,75,1792,326,6995
120,16,336,4519,75,1792,326,6995
120,16,336,6033,75,16357,326,7822
120,16,336,6033,75,16357,326,7822
120,16,336,6033,75,16357,326,7822
120,16,336,7632,75,14746,326,8699
120,16,336,7632,75,14746,326,8699
120,16,337,75,12305,326,9995
120,16,337,75,12305,326,9995
120,16,337,1477,75,10791,327,0804
120,16,337,1477,75,10791,327,0804
120,16,337,1477,75,10791,327,0804
120,16,337,3103,75,09131,327,1696
120,16,337,3103,75,09131,327,1696
120,16,337,4824,75,07373,327,2638
120,16,337,4824,75,07373,327,2638
120,16,337,6497,75,05664,327,3553
120,16,337,6497,75,05664,327,3553
120,16,337,8164,75,03955,327,4467
120,16,337,8164,75,03955,327,4467
120,16,337,969,75,02393,327,5302
120,16,337,969,75,02393,327,5302
120,16,338,125,75,00781,327,6157
120,16,338,125,75,00781,327,6157
120,16,338,125,75,00781,327,6157
120,16,338,2778,74,99219,327,6992
120,16,338,2778,74,99219,327,6992
120,16,338,438,74,97607,327,787
120,16,338,438,74,97607,327,787
120,16,338,5938,74,95996,327,8723
120,16,338,5938,74,95996,327,8723
120,16,338,7424,74,94482,327,9537
120,16,338,7424,74,94482,327,9537
120,16,338,8552,74,93311,328,0155
120,16,338,8552,74,93311,328,0155
120,16,339,0093,74,91797,328,1486
120,16,339,0093,74,91797,328,1486
120,16,339,0093,74,91797,328,1486
120,16,339,1379,74,90527,328,2599
120,16,339,1379,74,90527,328,2599
120,16,339,2888,74,89063,328,3904
120,16,339,2888,74,89063,328,3904
120,16,339,4253,74,87744,328,5082
120,16,339,4253,74,87744,328,5082
120,16,339,4253,74,87744,328,5082
120,16,339,5691,74,86328,328,6323
120,16,339,5691,74,86328,328,6323
120,16,339,7173,74,84863,328,7605
120,16,339,7173,74,84863,328,7605
120,16,339,8552,74,83545,328,8798
120,16,339,8552,74,83545,328,8798
120,16,340,0005,74,8208,329,0054
120,16,340,0005,74,8208,329,0054
120,16,340,0005,74,8208,329,0054
120,16,340,1462,74,80664,329,1312
120,16,340,1462,74,80664,329,1312
120,16,340,2859,74,79297,329,252
120,16,340,2859,74,79297,329,252
120,16,340,4297,74,77881,329,3762
120,16,340,4297,74,77881,329,3762
120,16,340,5686,74,76563,329,4963
120,16,340,5686,74,76563,329,4963
120,16,340,5686,74,76563,329,4963
120,16,340,7158,74,75098,329,6237
120,16,340,7158,74,75098,329,6237
120,16,340,8601,74,73682,329,7482
120,16,340,8601,74,73682,329,7482
120,16,341,012,74,72217,329,8795
120,16,341,012,74,72217,329,8795
120,16,341,012,74,72217,329,8795
120,16,341,1548,74,70801,330,0031
120,16,341,1548,74,70801,330,0031
120,16,341,301,74,69385,330,1294
120,16,341,301,74,69385,330,1294
120,16,341,4397,74,68018,330,2493
120,16,341,4397,74,68018,330,2493
120,16,341,5852,74,66602,330,3749
120,16,341,5852,74,66602,330,3749
120,16,341,5852,74,66602,330,3749
120,16,341,7219,74,65234,330,4932
120,16,341,7219,74,65234,330,4932
120,16,341,873,74,6377,330,6238
120,16,341,873,74,6377,330,6238
120,16,341,873,74,6377,330,6238
120,16,342,0444,74,62109,330,7719
120,16,342,0444,74,62109,330,7719
120,16,342,0444,74,62109,330,7719
120,16,342,2151,74,60449,330,9194
120,16,342,2151,74,60449,330,9194
120,16,342,4006,74,58594,331,0796
120,16,342,4006,74,58594,331,0796
120,16,342,4006,74,58594,331,0796
120,16,342,5647,74,56982,331,2217
120,16,342,5647,74,56982,331,2217
120,16,342,7144,74,55518,331,3508
120,16,342,7144,74,55518,331,3508
120,16,342,7144,74,55518,331,3508
120,16,342,8604,74,54102,331,4771
120,16,342,8604,74,54102,331,4771
120,16,343,0105,74,52637,331,6068
120,16,343,0105,74,52637,331,6068
120,16,343,1057,74,51709,331,6891
120,16,343,1057,74,51709,331,6891
120,16,343,1057,74,51709,331,6891
120,16,343,1057,74,51709,331,6891
120,16,343,1057,74,51709,331,6891
120,16,343,1057,74,51709,331,6891
120,16,343,1057,74,51709,331,6891
120,16,343,1057,74,51709,331,6891
120,16,343,1057,74,51709,331,6891
120,16,343,1057,74,51709,331,6891
120,16,343,1057,74,51709,331,6891
120,16,343,1057,74,51709,331,6891
120,16,343,1057,74,51709,331,6891
120,16,343,1057,74,51709,331,6891
120,16,343,1057,74,51709,331,6891
120,16,343,1057,74,51709,331,6891
120,16,343,1057,74,51709,331,6891
120,16,343,1057,74,51709,331,6891
120,16,343,1057,74,51709,331,6891
120,16,343,1057,74,51709,331,6891
120,16,343,1057,74,51709,331,6891
120,16,343,1057,74,51709,331,6891
120,16,343,1057,74,51709,331,6891
120,16,343,1057,74,51709,331,6891
120,16,343,1057,74,51709,331,6891
120,16,343,1057,74,51709,331,6891
120,16,343,1057,74,51709,331,6891
120,16,343,1057,74,51709,331,6891
120,16,343,1057,74,51709,331,6891
120,16,343,1057,74,51709,331,6891
120,16,343,1057,74,51709,331,6891
120,16,343,1057,74,51709,331,6891
120,16,343,1057,74,51709,331,6891
120,16,343,1057,74,51709,331,6891
120,16,343,1057,74,51709,331,6891
120,16,343,1057,74,51709,331,6891
120,16,343,1057,74,51709,331,6891
120,16,343,1057,74,51709,331,6891
120,16,343,1057,74,51709,331,6891
120,16,343,1057,74,51709,331,6891
120,16,343,1057,74,51709,331,6891
120,16,343,1057,74,51709,331,6891
120,16,343,1057,74,51709,331,6891
120,16,343,1057,74,51709,331,6891
120,16,343,1057,74,51709,331,6891
120,16,343,1057,74,51709,331,6891
120,16,343,1057,74,51709,331,6891
120,16,343,1057,74,51709,331,6891
120,16,343,1057,74,51709,331,6891
120,16,343,1057,74,51709,331,6891
120,16,343,1057,74,51709,331,6891
120,16,343,1057,74,51709,331,6891
120,16,343,1057,74,51709,331,6891
120,16,343,1057,74,51709,331,6891
120,16,343,1057,74,51709,331,6891
120,16,343,1057,74,51709,331,6891
120,16,343,2258,74,5083,331,8511
120,16,343,2258,74,5083,331,8511
120,16,343,3411,74,49951,332,0066
120,16,343,3411,74,49951,332,0066
120,16,343,3411,74,49951,332,0066
120,16,343,4631,74,49072,332,1711
120,16,343,4631,74,49072,332,1711
120,16,343,5825,74,48145,332,3323
120,16,343,5825,74,48145,332,3323
120,16,343,5825,74,48145,332,3323
120,16,343,7058,74,47266,332,4987
120,16,343,7058,74,47266,332,4987
120,16,343,8333,74,46289,332,6704
120,16,343,8333,74,46289,332,6704
120,16,343,9531,74,4541,332,8322
120,16,343,9531,74,4541,332,8322
120,16,343,9531,74,4541,332,8322
120,16,344,0774,74,44482,332,9996
120,16,344,0774,74,44482,332,9996
120,16,344,1899,74,43652,333,1515
120,16,344,1899,74,43652,333,1515
120,16,344,3113,74,42773,333,3153
120,16,344,3113,74,42773,333,3153
120,16,344,3113,74,42773,333,3153
120,16,344,4243,74,41895,333,4678
120,16,344,4243,74,41895,333,4678
120,16,344,5505,74,40967,333,6381
120,16,344,5505,74,40967,333,6381
120,16,344,5505,74,40967,333,6381
120,16,344,6755,74,40039,333,8066
120,16,344,6755,74,40039,333,8066
120,16,344,802,74,39111,333,9771
120,16,344,802,74,39111,333,9771
120,16,344,802,74,39111,333,9771
120,16,344,9255,74,38184,334,1438
120,16,344,9255,74,38184,334,1438
120,16,344,9255,74,38184,334,1438
120,16,345,0559,74,37207,334,3197
120,16,345,0559,74,37207,334,3197
120,16,345,1836,74,36279,334,4917
120,16,345,1836,74,36279,334,4917
120,16,345,1836,74,36279,334,4917
120,16,345,3069,74,35352,334,6581
120,16,345,3069,74,35352,334,6581
120,16,345,4292,74,34424,334,823
120,16,345,4292,74,34424,334,823
120,16,345,4292,74,34424,334,823
120,16,345,5603,74,33496,335
120,16,345,5603,74,33496,335
120,16,345,6833,74,32568,335,166
120,16,345,6833,74,32568,335,166
120,16,345,6833,74,32568,335,166
120,16,345,8098,74,31641,335,3365
120,16,345,8098,74,31641,335,3365
120,16,345,9363,74,30664,335,5073
120,16,345,9363,74,30664,335,5073
120,16,345,9363,74,30664,335,5073
120,16,346,0601,74,29736,335,6741
120,16,346,0601,74,29736,335,6741
120,16,346,1877,74,28809,335,8463
120,16,346,1877,74,28809,335,8463
120,16,346,3037,74,2793,336,0027
120,16,346,3037,74,2793,336,0027
120,16,346,3037,74,2793,336,0027
120,16,346,4199,74,271,336,1594
120,16,346,4199,74,271,336,1594
120,16,346,4199,74,271,336,1594
120,16,346,5532,74,26074,336,3391
120,16,346,5532,74,26074,336,3391
120,16,346,6821,74,25146,336,5129
120,16,346,6821,74,25146,336,5129
120,16,346,6821,74,25146,336,5129
120,16,346,7991,74,24268,336,6709
120,16,346,7991,74,24268,336,6709
120,16,346,7991,74,24268,336,6709
120,16,346,9729,74,22998,336,9053
120,16,346,9729,74,22998,336,9053
120,16,346,9729,74,22998,336,9053
120,16,347,1028,74,22021,337,0803
120,16,347,1028,74,22021,337,0803
120,16,347,2339,74,21045,337,2572
120,16,347,2339,74,21045,337,2572
120,16,347,3582,74,20117,337,425
120,16,347,3582,74,20117,337,425
120,16,347,3582,74,20117,337,425
120,16,347,3843,74,19922,337,4602
120,16,347,3843,74,19922,337,4602
120,16,347,3843,74,19922,337,4602
120,16,347,3843,74,19922,337,4602
120,16,347,3843,74,19922,337,4602
120,16,347,3843,74,19922,337,4602
120,16,347,3843,74,19922,337,4602
120,16,347,3843,74,19922,337,4602
120,16,347,3843,74,19922,337,4602
120,16,347,3843,74,19922,337,4602
120,16,347,3843,74,19922,337,4602
120,16,347,3843,74,19922,337,4602
120,16,347,3843,74,19922,337,4602
120,16,347,3843,74,19922,337,4602
120,16,347,3843,74,19922,337,4602
120,16,347,3843,74,19922,337,4602
120,16,347,3843,74,19922,337,4602
120,16,347,3843,74,19922,337,4602
120,16,347,3843,74,19922,337,4602
120,16,347,3843,74,19922,337,4602
120,16,347,3843,74,19922,337,4602
120,16,347,3843,74,19922,337,4602
120,16,347,3843,74,19922,337,4602
120,16,347,3843,74,19922,337,4602
120,16,347,3843,74,19922,337,4602
120,16,347,3843,74,19922,337,4602
120,16,347,3843,74,19922,337,4602
120,16,347,3843,74,19922,337,4602
120,16,347,3843,74,19922,337,4602
120,16,347,3843,74,19922,337,4602
120,16,347,3843,74,19922,337,4602
120,16,347,3843,74,19922,337,4602
120,16,347,3843,74,19922,337,4602
120,16,347,3843,74,19922,337,4602
120,16,347,3843,74,19922,337,4602
120,16,347,3843,74,19922,337,4602
120,16,347,3843,74,19922,337,4602
120,16,347,3843,74,19922,337,4602
120,16,347,3843,74,19922,337,4602
120,16,347,4163,74,20459,337,6577
120,16,347,4163,74,20459,337,6577
120,16,347,4163,74,20459,337,6577
120,16,347,4497,74,20996,337,8645
120,16,347,4497,74,20996,337,8645
120,16,347,4805,74,21533,338,0552
120,16,347,4805,74,21533,338,0552
120,16,347,5112,74,22021,338,2455
120,16,347,5112,74,22021,338,2455
120,16,347,5417,74,22559,338,4331
120,16,347,5417,74,22559,338,4331
120,16,347,5417,74,22559,338,4331
120,16,347,572,74,23047,338,6206
120,16,347,572,74,23047,338,6206
120,16,347,6016,74,23535,338,8038
120,16,347,6016,74,23535,338,8038
120,16,347,6318,74,24072,338,9908
120,16,347,6318,74,24072,338,9908
120,16,347,6318,74,24072,338,9908
120,16,347,6624,74,24561,339,1794
120,16,347,6624,74,24561,339,1794
120,16,347,6929,74,25098,339,3677
120,16,347,6929,74,25098,339,3677
120,16,347,7234,74,25586,339,5559
120,16,347,7234,74,25586,339,5559
120,16,347,7234,74,25586,339,5559
120,16,347,7566,74,26123,339,7625
120,16,347,7566,74,26123,339,7625
120,16,347,7917,74,26709,339,979
120,16,347,7917,74,26709,339,979
120,16,347,7917,74,26709,339,979
120,16,347,8235,74,27246,340,1754
120,16,347,8235,74,27246,340,1754
120,16,347,8582,74,27832,340,3899
120,16,347,8582,74,27832,340,3899
120,16,347,8582,74,27832,340,3899
120,16,347,8926,74,28418,340,6025
120,16,347,8926,74,28418,340,6025
120,16,347,926,74,28955,340,8086
120,16,347,926,74,28955,340,8086
120,16,347,926,74,28955,340,8086
120,16,347,9595,74,29541,341,0159
120,16,347,9595,74,29541,341,0159
120,16,347,9595,74,29541,341,0159
120,16,347,9961,74,30127,341,2428
120,16,347,9961,74,30127,341,2428
120,16,347,9961,74,30127,341,2428
120,16,348,0349,74,30811,341,4823
120,16,348,0349,74,30811,341,4823
120,16,348,0698,74,31396,341,6982
120,16,348,0698,74,31396,341,6982
120,16,348,0698,74,31396,341,6982
120,16,348,106,74,31982,341,9214
120,16,348,106,74,31982,341,9214
120,16,348,106,74,31982,341,9214
120,16,348,144,74,32617,342,1573
120,16,348,144,74,32617,342,1573
120,16,348,144,74,32617,342,1573
120,16,348,1804,74,33252,342,3824
120,16,348,1804,74,33252,342,3824
120,16,348,217,74,33838,342,6088
120,16,348,217,74,33838,342,6088
120,16,348,217,74,33838,342,6088
120,16,348,2544,74,34473,342,8394
120,16,348,2544,74,34473,342,8394
120,16,348,2544,74,34473,342,8394
120,16,348,2695,74,34717,342,9329
120,16,348,2695,74,34717,342,9329
120,16,348,2695,74,34717,342,9329
120,16,348,2695,74,34717,342,9329
120,16,348,2695,74,34717,342,9329
120,16,348,2695,74,34717,342,9329
120,16,348,2695,74,34717,342,9329
120,16,348,2695,74,34717,342,9329
120,16,348,2695,74,34717,342,9329
120,16,348,2695,74,34717,342,9329
120,16,348,2695,74,34717,342,9329
120,16,348,2695,74,34717,342,9329
120,16,348,2695,74,34717,342,9329
120,16,348,2695,74,34717,342,9329
120,16,348,2695,74,34717,342,9329
120,16,348,2354,74,37207,343,1605
120,16,348,2354,74,37207,343,1605
120,16,348,2354,74,37207,343,1605
120,16,348,2034,74,39502,343,3716
120,16,348,2034,74,39502,343,3716
120,16,348,1731,74,41748,343,5731
120,16,348,1731,74,41748,343,5731
120,16,348,1731,74,41748,343,5731
120,16,348,1409,74,44092,343,7878
120,16,348,1409,74,44092,343,7878
120,16,348,1125,74,46143,343,9758
120,16,348,1125,74,46143,343,9758
120,16,348,1125,74,46143,343,9758
120,16,348,0769,74,4873,344,2135
120,16,348,0769,74,4873,344,2135
120,16,348,0457,74,51025,344,4204
120,16,348,0457,74,51025,344,4204
120,16,348,0457,74,51025,344,4204
120,16,348,0151,74,53223,344,6231
120,16,348,0151,74,53223,344,6231
120,16,347,9856,74,55371,344,8188
120,16,347,9856,74,55371,344,8188
120,16,347,9856,74,55371,344,8188
120,16,347,9551,74,57617,345,0223
120,16,347,9551,74,57617,345,0223
120,16,347,926,74,59717,345,2162
120,16,347,926,74,59717,345,2162
120,16,347,926,74,59717,345,2162
120,16,347,895,74,61963,345,4216
120,16,347,895,74,61963,345,4216
120,16,347,8645,74,64209,345,6239
120,16,347,8645,74,64209,345,6239
120,16,347,8359,74,6626,345,8137
120,16,347,8359,74,6626,345,8137
120,16,347,8359,74,6626,345,8137
120,16,347,8083,74,68262,345,9971
120,16,347,8083,74,68262,345,9971
120,16,347,7769,74,70605,346,2071
120,16,347,7769,74,70605,346,2071
120,16,347,7495,74,72559,346,3886
120,16,347,7495,74,72559,346,3886
120,16,347,719,74,74805,346,5917
120,16,347,719,74,74805,346,5917
120,16,347,719,74,74805,346,5917
120,16,347,6921,74,76758,346,7706
120,16,347,6921,74,76758,346,7706
120,16,347,6921,74,76758,346,7706
120,16,347,6921,74,76758,346,7706
120,16,347,6921,74,76758,346,7706
120,16,347,6631,74,78857,346,9628
120,16,347,6631,74,78857,346,9628
120,16,347,6008,74,83398,347,3756
120,16,347,6008,74,83398,347,3756
120,16,347,6008,74,83398,347,3756
120,16,347,5698,74,85645,347,5824
120,16,347,5698,74,85645,347,5824
120,16,347,541,74,87744,347,7744
120,16,347,541,74,87744,347,7744
120,16,347,51,74,8999,347,9802
120,16,347,51,74,8999,347,9802
120,16,347,4834,74,91943,348,1573
120,16,347,4834,74,91943,348,1573
120,16,347,4834,74,91943,348,1573
120,16,347,4578,74,93799,348,3269
120,16,347,4578,74,93799,348,3269
120,16,347,4292,74,95898,348,5165
120,16,347,4292,74,95898,348,5165
120,16,347,4258,74,96143,348,5397
120,16,347,4258,74,96143,348,5397
120,16,347,3867,75,04297,348,6946
120,16,347,3867,75,04297,348,6946
120,16,347,3494,75,12061,348,8427
120,16,347,3494,75,12061,348,8427
120,16,347,3091,75,2041,349,0016
120,16,347,3091,75,2041,349,0016
120,16,347,2715,75,28223,349,1505
120,16,347,2715,75,28223,349,1505
120,16,347,2307,75,36719,349,3121
120,16,347,2307,75,36719,349,3121
120,16,347,1921,75,44727,349,4647
120,16,347,1921,75,44727,349,4647
120,16,347,1541,75,52637,349,6157
120,16,347,1541,75,52637,349,6157
120,16,347,1199,75,59766,349,7507
120,16,347,1199,75,59766,349,7507
120,16,347,0833,75,67383,349,8958
120,16,347,0833,75,67383,349,8958
120,16,347,0496,75,74316,350,0283
120,16,347,0496,75,74316,350,0283
120,16,347,0166,75,81201,350,1591
120,16,346,9846,75,87891,350,2861
120,16,346,9846,75,87891,350,2861
120,16,346,9519,75,94678,350,4158
120,16,346,9519,75,94678,350,4158
120,16,346,9192,76,01465,350,5449
120,16,346,9192,76,01465,350,5449
120,16,346,8845,76,08643,350,682
120,16,346,8845,76,08643,350,682
120,16,346,8538,76,15039,350,8033
120,16,346,8538,76,15039,350,8033
120,16,346,8171,76,22705,350,9491
120,16,346,8171,76,22705,350,9491
120,16,346,8171,76,22705,350,9491
120,16,346,78,76,30371,351,0952
120,16,346,78,76,30371,351,0952
120,16,346,7314,76,40479,351,288
120,16,346,6941,76,48291,351,4363
120,16,346,6941,76,48291,351,4363
120,16,346,6597,76,55371,351,5717
120,16,346,6597,76,55371,351,5717
120,16,346,6272,76,62158,351,7005
120,16,346,6272,76,62158,351,7005
120,16,346,5898,76,69971,351,8488
120,16,346,5898,76,69971,351,8488
120,16,346,5581,76,76514,351,9737
120,16,346,5269,76,83057,352,0979
120,16,346,5269,76,83057,352,0979
120,16,346,4944,76,89795,352,2264
120,16,346,4944,76,89795,352,2264
120,16,346,4597,76,96973,352,363
120,16,346,4597,76,96973,352,363
120,16,346,4285,77,03467,352,4871
120,16,346,4285,77,03467,352,4871
120,16,346,3975,77,09912,352,6097
120,16,346,3748,77,14648,352,6997
120,16,346,3748,77,14648,352,6997
120,16,346,3748,77,14648,352,6997
120,16,346,3748,77,14648,352,6997
120,16,346,3748,77,14648,352,6997
120,16,346,3748,77,14648,352,6997
120,16,346,3748,77,14648,352,6997
120,16,346,3748,77,14648,352,6997
120,16,346,3748,77,14648,352,6997
120,16,346,3748,77,14648,352,6997
120,16,346,3748,77,14648,352,6997
120,16,346,3748,77,14648,352,6997
120,16,346,3748,77,14648,352,6997
120,16,346,3748,77,14648,352,6997
120,16,346,3748,77,14648,352,6997
120,16,346,3748,77,14648,352,6997
120,16,346,3748,77,14648,352,6997
120,16,346,3748,77,14648,352,6997
120,16,346,3748,77,14648,352,6997
120,16,346,3748,77,14648,352,6997
120,16,346,3748,77,14648,352,6997
120,16,346,3748,77,14648,352,6997
120,16,346,3748,77,14648,352,6997
120,16,346,3748,77,14648,352,6997
120,16,346,3748,77,14648,352,6997
120,16,346,3748,77,14648,352,6997
120,16,346,3748,77,14648,352,6997
120,16,346,3748,77,14648,352,6997
120,16,346,3748,77,14648,352,6997
120,16,346,3748,77,14648,352,6997
120,16,346,3748,77,14648,352,6997
120,16,346,3748,77,14648,352,6997
120,16,346,3748,77,14648,352,6997
120,16,346,3748,77,14648,352,6997
120,16,346,3748,77,14648,352,6997
120,16,346,3208,77,23486,352,814
120,16,346,3208,77,23486,352,814
120,16,346,2715,77,31543,352,918
120,16,346,2715,77,31543,352,918
120,16,346,2229,77,39502,353,0203
120,16,346,2229,77,39502,353,0203
120,16,346,1672,77,48584,353,1379
120,16,346,1194,77,56445,353,2391
120,16,346,1194,77,56445,353,2391
120,16,346,0708,77,64404,353,3419
120,16,346,0708,77,64404,353,3419
120,16,346,0247,77,71973,353,4396
120,16,345,9749,77,80078,353,5448
120,16,345,9749,77,80078,353,5448
120,16,345,9277,77,87793,353,6444
120,16,345,9277,77,87793,353,6444
120,16,345,8818,77,95313,353,7411
120,16,345,8269,78,04297,353,8571
120,16,345,8269,78,04297,353,8571
120,16,345,7771,78,12451,353,9624
120,16,345,7317,78,19873,354,0582
120,16,345,7317,78,19873,354,0582
120,16,345,6853,78,2749,354,1565
120,16,345,6853,78,2749,354,1565
120,16,345,6382,78,35205,354,2561
120,16,345,5881,78,43408,354,3619
120,16,345,5881,78,43408,354,3619
120,16,345,5422,78,50879,354,4587
120,16,345,4978,78,58154,354,5524
120,16,345,4978,78,58154,354,5524
120,16,345,4504,78,65918,354,6526
120,16,345,4053,78,73291,354,7482
120,16,345,4053,78,73291,354,7482
120,16,345,3596,78,80762,354,8447
120,16,345,3596,78,80762,354,8447
120,16,345,3132,78,88379,354,9426
120,16,345,2683,78,95703,355,0374
120,16,345,2683,78,95703,355,0374
120,16,345,2236,79,03027,355,132
120,16,345,1775,79,10596,355,2294
120,16,345,1775,79,10596,355,2294
120,16,345,1333,79,17822,355,3228
120,16,345,092,79,24561,355,41
120,16,345,092,79,24561,355,41
120,16,345,092,79,24561,355,41
120,16,345,092,79,24561,355,41
120,16,345,092,79,24561,355,41
120,16,345,092,79,24561,355,41
120,16,345,092,79,24561,355,41
120,16,345,092,79,24561,355,41
120,16,345,092,79,24561,355,41
120,16,345,092,79,24561,355,41
120,16,345,092,79,24561,355,41
120,16,345,092,79,24561,355,41
120,16,345,092,79,24561,355,41
120,16,345,092,79,24561,355,41
120,16,345,092,79,24561,355,41
120,16,345,092,79,24561,355,41
120,16,345,092,79,24561,355,41
120,16,345,092,79,24561,355,41
120,16,345,092,79,24561,355,41
120,16,345,092,79,24561,355,41
120,16,345,092,79,24561,355,41
120,16,345,092,79,24561,355,41
120,16,345,092,79,24561,355,41
120,16,345,092,79,24561,355,41
120,16,345,092,79,24561,355,41
120,16,345,092,79,24561,355,41
120,16,345,092,79,24561,355,41
120,16,345,092,79,24561,355,41
120,16,345,092,79,24561,355,41
120,16,345,092,79,24561,355,41
120,16,345,092,79,24561,355,41
120,16,345,092,79,24561,355,41
120,16,345,092,79,24561,355,41
120,16,345,092,79,24561,355,41
120,16,345,092,79,24561,355,41
120,16,345,092,79,24561,355,41
120,16,345,092,79,24561,355,41
120,16,345,092,79,24561,355,41
120,16,345,092,79,24561,355,41
120,16,345,092,79,24561,355,41
120,16,345,092,79,24561,355,41
120,16,345,092,79,24561,355,41
120,16,345,092,79,24561,355,41
120,16,345,092,79,24561,355,41
120,16,345,092,79,24561,355,41
120,16,345,092,79,24561,355,41
120,16,345,092,79,24561,355,41
120,16,345,092,79,24561,355,41
120,16,345,092,79,24561,355,41
120,16,345,092,79,24561,355,41
120,16,345,092,79,24561,355,41
120,16,345,092,79,24561,355,41
120,16,345,092,79,24561,355,41
120,16,345,092,79,24561,355,41
120,16,345,092,79,24561,355,41
120,16,345,092,79,24561,355,41
120,16,345,092,79,24561,355,41
120,16,345,092,79,24561,355,41
120,16,345,092,79,24561,355,41
120,16,345,092,79,24561,355,41
120,16,345,092,79,24561,355,41
120,16,345,092,79,24561,355,41
120,16,345,092,79,24561,355,41
120,16,345,092,79,24561,355,41
120,16,345,092,79,24561,355,41
120,16,345,092,79,24561,355,41
120,16,345,092,79,24561,355,41
120,16,345,092,79,24561,355,41
120,16,345,092,79,24561,355,41
120,16,345,092,79,24561,355,41
120,16,345,092,79,24561,355,41
120,16,345,092,79,24561,355,41
120,16,345,092,79,24561,355,41
120,16,345,092,79,24561,355,41
120,16,345,092,79,24561,355,41
120,16,345,092,79,24561,355,41
120,16,345,092,79,24561,355,41
120,16,345,092,79,24561,355,41
120,16,345,092,79,24561,355,41
120,16,345,092,79,24561,355,41
120,16,345,092,79,24561,355,41
120,16,345,092,79,24561,355,41
120,16,345,092,79,24561,355,41
120,16,345,092,79,24561,355,41
120,16,345,092,79,24561,355,41
120,16,345,092,79,24561,355,41
120,16,345,092,79,24561,355,41
120,16,345,092,79,24561,355,41
120,16,345,092,79,24561,355,41
120,16,345,092,79,24561,355,41
120,16,345,092,79,24561,355,41
120,16,345,092,79,24561,355,41
120,16,345,092,79,24561,355,41
120,16,345,092,79,24561,355,41
120,16,345,092,79,24561,355,41
120,16,345,092,79,24561,355,41
120,16,345,092,79,24561,355,41
120,16,345,092,79,24561,355,41
120,16,345,092,79,24561,355,41
120,16,345,092,79,24561,355,41
120,16,345,092,79,24561,355,41
120,16,345,092,79,24561,355,41
120,16,345,092,79,24561,355,41
120,16,345,092,79,24561,355,41
120,16,345,092,79,24561,355,41
120,16,345,092,79,24561,355,41
120,16,345,092,79,24561,355,41
120,16,345,092,79,24561,355,41
120,16,345,092,79,24561,355,41
120,16,345,092,79,24561,355,41
120,16,345,092,79,24561,355,41
120,16,345,092,79,24561,355,41
120,16,345,092,79,24561,355,41
120,16,345,092,79,24561,355,41
120,16,345,092,79,24561,355,41
120,16,345,092,79,24561,355,41
120,16,345,092,79,24561,355,41
120,16,345,092,79,24561,355,41
120,16,345,092,79,24561,355,41
120,16,345,092,79,24561,355,41
120,16,345,092,79,24561,355,41
120,16,345,092,79,24561,355,41
120,16,345,092,79,24561,355,41
120,16,345,092,79,24561,355,41
120,16,345,092,79,24561,355,41
120,16,345,092,79,24561,355,41
120,16,345,092,79,24561,355,41
120,16,345,092,79,24561,355,41
120,16,345,092,79,24561,355,41
120,16,345,092,79,24561,355,41
120,16,345,092,79,24561,355,41
120,16,345,092,79,24561,355,41
120,16,345,092,79,24561,355,41
120,16,345,092,79,24561,355,41
120,16,345,092,79,24561,355,41
120,16,345,092,79,24561,355,41
120,16,345,092,79,24561,355,41
120,16,345,092,79,24561,355,41
120,16,345,092,79,24561,355,41
120,16,345,092,79,24561,355,41
120,16,345,092,79,24561,355,41
120,16,345,092,79,24561,355,41
120,16,345,092,79,24561,355,41
120,16,345,092,79,24561,355,41
120,16,345,092,79,24561,355,41
120,16,345,092,79,24561,355,41
120,16,345,092,79,24561,355,41
120,16,345,092,79,24561,355,41
120,16,345,092,79,24561,355,41
120,16,345,092,79,24561,355,41
120,16,345,092,79,24561,355,41
120,16,345,092,79,24561,355,41
120,16,345,092,79,24561,355,41
120,16,345,092,79,24561,355,41
120,16,345,092,79,24561,355,41
120,16,345,092,79,24561,355,41
120,16,345,092,79,24561,355,41
120,16,345,092,79,24561,355,41
120,16,345,092,79,24561,355,41
120,16,345,092,79,24561,355,41
120,16,345,092,79,24561,355,41
120,16,345,092,79,24561,355,41
120,16,345,092,79,24561,355,41
120,16,345,092,79,24561,355,41
120,16,345,092,79,24561,355,41
120,16,345,092,79,24561,355,41
120,16,345,092,79,24561,355,41
120,16,345,092,79,24561,355,41
120,16,345,092,79,24561,355,41
120,16,345,092,79,24561,355,41
120,16,345,092,79,24561,355,41
120,16,345,092,79,24561,355,41
120,16,345,092,79,24561,355,41
120,16,345,092,79,24561,355,41
120,16,345,092,79,24561,355,41
120,16,345,092,79,24561,355,41
120,16,345,092,79,24561,355,41
120,16,345,092,79,24561,355,41
120,16,345,092,79,24561,355,41
120,16,345,092,79,24561,355,41
120,16,345,092,79,24561,355,41
120,16,345,092,79,24561,355,41
120,16,345,092,79,24561,355,41
120,16,345,092,79,24561,355,41
120,16,345,092,79,24561,355,41
120,16,345,092,79,24561,355,41
120,16,345,092,79,24561,355,41
120,16,345,092,79,24561,355,41
120,16,345,092,79,24561,355,41
120,16,345,092,79,24561,355,41
120,16,345,092,79,24561,355,41
120,16,345,092,79,24561,355,41
120,16,345,092,79,24561,355,41
120,16,345,092,79,24561,355,41
120,16,345,092,79,24561,355,41
120,16,345,092,79,24561,355,41
120,16,345,092,79,24561,355,41
120,16,345,092,79,24561,355,41
120,16,345,092,79,24561,355,41
120,16,345,092,79,24561,355,41
120,16,345,092,79,24561,355,41
120,16,345,092,79,24561,355,41
120,16,345,092,79,24561,355,41
120,16,345,092,79,24561,355,41
120,16,345,092,79,24561,355,41
120,16,345,092,79,24561,355,41
120,16,345,092,79,24561,355,41
120,16,345,092,79,24561,355,41
120,16,345,092,79,24561,355,41
120,16,345,092,79,24561,355,41
120,16,345,092,79,24561,355,41
120,16,345,092,79,24561,355,41
120,16,345,092,79,24561,355,41
120,16,345,092,79,24561,355,41
120,16,345,092,79,24561,355,41
120,16,345,092,79,24561,355,41
120,16,345,092,79,24561,355,41
120,16,345,092,79,24561,355,41
120,16,345,092,79,24561,355,41
120,16,345,092,79,24561,355,41
120,16,345,092,79,24561,355,41
120,16,345,092,79,24561,355,41
120,16,345,092,79,24561,355,41
120,16,345,092,79,24561,355,41
120,16,345,092,79,24561,355,41
120,16,345,092,79,24561,355,41
120,16,345,092,79,24561,355,41
120,16,345,092,79,24561,355,41
120,16,345,092,79,24561,355,41
120,16,345,092,79,24561,355,41
120,16,345,092,79,24561,355,41
120,16,345,092,79,24561,355,41
120,16,345,092,79,24561,355,41
120,16,345,092,79,24561,355,41
120,16,345,092,79,24561,355,41
120,16,345,092,79,24561,355,41
120,16,345,092,79,24561,355,41
120,16,345,092,79,24561,355,41
120,16,345,092,79,24561,355,41
120,16,345,092,79,24561,355,41
120,16,345,092,79,24561,355,41
120,16,345,092,79,24561,355,41
120,16,345,092,79,24561,355,41
120,16,345,092,79,24561,355,41
120,16,345,092,79,24561,355,41
120,16,345,092,79,24561,355,41
120,16,345,092,79,24561,355,41
120,16,345,092,79,24561,355,41
120,16,345,092,79,24561,355,41
120,16,345,092,79,24561,355,41
120,16,345,092,79,24561,355,41
120,16,345,092,79,24561,355,41
120,16,345,092,79,24561,355,41
120,16,345,092,79,24561,355,41
120,16,345,092,79,24561,355,41
120,16,345,092,79,24561,355,41
120,16,345,092,79,24561,355,41
120,16,345,092,79,24561,355,41
120,16,345,092,79,24561,355,41
120,16,345,092,79,24561,355,41
120,16,345,092,79,24561,355,41
120,16,345,092,79,24561,355,41
120,16,345,092,79,24561,355,41
120,16,345,092,79,24561,355,41
120,16,345,092,79,24561,355,41
120,16,345,092,79,24561,355,41
120,16,345,092,79,24561,355,41
120,16,345,092,79,24561,355,41
120,16,345,092,79,24561,355,41
120,16,345,092,79,24561,355,41
120,16,345,092,79,24561,355,41
120,16,345,092,79,24561,355,41
120,16,345,092,79,24561,355,41
120,16,345,092,79,24561,355,41
120,16,345,092,79,24561,355,41
120,16,345,092,79,24561,355,41
120,16,345,092,79,24561,355,41
120,16,345,092,79,24561,355,41
120,16,345,092,79,24561,355,41
120,16,345,092,79,24561,355,41
120,16,345,092,79,24561,355,41
120,16,345,092,79,24561,355,41
120,16,345,092,79,24561,355,41
120,16,345,092,79,24561,355,41
120,16,345,092,79,24561,355,41
120,16,345,092,79,24561,355,41
120,16,345,092,79,24561,355,41
120,16,345,092,79,24561,355,41
120,16,345,092,79,24561,355,41
120,16,345,092,79,24561,355,41
120,16,345,092,79,24561,355,41
120,16,345,092,79,24561,355,41
120,16,345,092,79,24561,355,41
120,16,345,092,79,24561,355,41
120,16,345,092,79,24561,355,41
120,16,345,092,79,24561,355,41
120,16,345,092,79,24561,355,41
120,16,345,092,79,24561,355,41
120,16,345,092,79,24561,355,41
120,16,345,092,79,24561,355,41
120,16,345,092,79,24561,355,41
120,16,345,