Time,RSteps,X,Y,Z
300,0,365,3538,82,85547,274,8593
300,0,365,3538,82,85547,274,8593
300,0,365,3538,82,85547,274,8593
300,0,365,3538,82,85547,274,8593
300,0,365,3538,82,85547,274,8593
300,0,365,3538,82,85547,274,8593
300,0,365,3538,82,85547,274,8593
300,0,365,3538,82,85547,274,8593
300,0,365,3538,82,85547,274,8593
300,0,365,3538,82,85547,274,8593
300,0,365,3538,82,85547,274,8593
300,0,365,3538,82,85547,274,8593
300,0,365,3538,82,85547,274,8593
300,0,365,3538,82,85547,274,8593
300,0,365,3538,82,85547,274,8593
300,0,365,3538,82,85547,274,8593
300,0,365,3538,82,85547,274,8593
300,0,365,3538,82,85547,274,8593
300,0,365,3538,82,85547,274,8593
300,0,365,3538,82,85547,274,8593
300,0,365,3538,82,85547,274,8593
300,0,365,3538,82,85547,274,8593
300,0,365,3538,82,85547,274,8593
300,0,365,3538,82,85547,274,8593
300,0,365,3538,82,85547,274,8593
300,0,365,3538,82,85547,274,8593
300,0,365,3538,82,85547,274,8593
300,0,365,3538,82,85547,274,8593
300,0,365,3538,82,85547,274,8593
300,0,365,3538,82,85547,274,8593
300,0,365,3538,82,85547,274,8593
300,0,365,3538,82,85547,274,8593
300,0,365,3538,82,85547,274,8593
300,0,365,3538,82,85547,274,8593
300,0,365,3538,82,85547,274,8593
300,0,365,3538,82,85547,274,8593
300,0,365,3538,82,85547,274,8593
300,0,365,3538,82,85547,274,8593
300,0,365,3538,82,85547,274,8593
300,0,365,3538,82,85547,274,8593
300,0,365,3538,82,85547,274,8593
300,0,365,3538,82,85547,274,8593
300,0,365,3538,82,85547,274,8593
300,0,365,3538,82,85547,274,8593
300,0,365,3538,82,85547,274,8593
300,0,365,3538,82,85547,274,8593
300,0,365,3538,82,85547,274,8593
300,0,365,3538,82,85547,274,8593
300,0,365,3538,82,85547,274,8593
300,0,365,3538,82,85547,274,8593
300,0,365,3538,82,85547,274,8593
300,0,365,3538,82,85547,274,8593
300,0,365,3538,82,85547,274,8593
300,0,365,3538,82,85547,274,8593
300,0,365,3538,82,85547,274,8593
300,0,365,3538,82,85547,274,8593
300,0,365,3538,82,85547,274,8593
300,0,365,3538,82,85547,274,8593
300,0,365,3538,82,85547,274,8593
300,0,365,3538,82,85547,274,8593
300,0,365,3538,82,85547,274,8593
300,0,365,3538,82,85547,274,8593
300,0,365,3538,82,85547,274,8593
300,0,365,3538,82,85547,274,8593
300,0,365,3538,82,85547,274,8593
300,0,365,3538,82,85547,274,8593
300,0,365,3538,82,85547,274,8593
300,0,365,3538,82,85547,274,8593
300,0,365,3538,82,85547,274,8593
300,0,365,3538,82,85547,274,8593
300,0,365,3538,82,85547,274,8593
300,0,365,3538,82,85547,274,8593
300,0,365,3538,82,85547,274,8593
300,0,365,3538,82,85547,274,8593
300,0,365,3538,82,85547,274,8593
300,0,365,3538,82,85547,274,8593
300,0,365,3538,82,85547,274,8593
300,0,365,3538,82,85547,274,8593
300,0,365,3538,82,85547,274,8593
300,0,365,3538,82,85547,274,8593
300,0,365,3538,82,85547,274,8593
300,0,365,3538,82,85547,274,8593
300,0,365,3538,82,85547,274,8593
300,0,365,3538,82,85547,274,8593
300,0,365,3538,82,85547,274,8593
300,0,365,3538,82,85547,274,8593
300,0,365,3538,82,85547,274,8593
300,0,365,3538,82,85547,274,8593
300,0,365,3538,82,85547,274,8593
300,1,365,3538,82,85547,274,8593
300,1,365,3538,82,85547,274,8593
300,1,365,3538,82,85547,274,8593
300,1,365,2571,82,85449,274,8091
300,1,365,1682,82,854,274,7629
300,1,365,0825,82,85303,274,7185
300,1,365,009,82,85254,274,6804
300,1,364,9341,82,85205,274,6415
300,1,364,8604,82,85156,274,6033
300,1,364,782,82,85059,274,5626
300,1,364,7039,82,8501,274,522
300,1,364,6279,82,84961,274,4827
300,1,364,6279,82,84961,274,4827
300,1,364,541,82,84863,274,4375
300,1,364,4526,82,84814,274,3917
300,1,364,3682,82,84717,274,3479
300,1,364,2854,82,84668,274,3051
300,1,364,1968,82,8457,274,259
300,1,364,1182,82,84521,274,2181
300,1,364,041,82,84473,274,1781
300,1,363,9636,82,84424,274,1379
300,1,363,9636,82,84424,274,1379
300,1,363,8818,82,84326,274,0955
300,1,363,7874,82,84277,274,0465
300,1,363,6897,82,8418,273,9958
300,1,363,6094,82,84131,273,9542
300,1,363,5222,82,84033,273,9089
300,1,363,4414,82,83984,273,8669
300,1,363,3657,82,83887,273,8278
300,1,363,282,82,83838,273,7844
300,1,363,2,82,83789,273,7418
300,1,363,1245,82,83691,273,7026
300,1,363,1245,82,83691,273,7026
300,1,363,0437,82,83643,273,6606
300,1,362,9646,82,83594,273,6196
300,1,362,8848,82,83496,273,5781
300,1,362,812,82,83447,273,5405
300,1,362,7336,82,83398,273,4998
300,1,362,6543,82,83301,273,4586
300,1,362,6543,82,83301,273,4586
300,1,362,5217,82,83203,273,3899
300,1,362,4368,82,83154,273,3457
300,1,362,3572,82,83057,273,3044
300,1,362,281,82,83008,273,265
300,1,362,1804,82,8291,273,2128
300,1,362,0901,82,82861,273,1659
300,1,362,0901,82,82861,273,1659
300,1,362,0024,82,82764,273,1204
300,1,361,9165,82,82715,273,0759
300,1,361,8303,82,82666,273,0311
300,1,361,7532,82,82568,272,9911
300,1,361,6692,82,8252,272,9476
300,1,361,5691,82,82422,272,8955
300,1,361,4929,82,82373,272,8562
300,1,361,4165,82,82324,272,8164
300,1,361,4165,82,82324,272,8164
300,1,361,3303,82,82227,272,7717
300,1,361,2502,82,82178,272,7301
300,1,361,2078,82,82129,272,7081
300,1,361,1301,82,82568,272,6832
300,1,361,0439,82,83057,272,6555
300,1,360,96,82,83545,272,6287
300,1,360,8718,82,84033,272,6003
300,1,360,7463,82,84766,272,5601
300,1,360,7463,82,84766,272,5601
300,1,360,6636,82,85205,272,5334
300,1,360,5767,82,85742,272,5056
300,1,360,4885,82,8623,272,4773
300,1,360,4075,82,8667,272,4513
300,1,360,3179,82,87207,272,4226
300,1,360,2324,82,87695,272,3951
300,1,360,1353,82,88232,272,364
300,1,360,0369,82,8877,272,3323
300,1,359,9521,82,89258,272,3052
300,1,359,9521,82,89258,272,3052
300,1,359,8708,82,89746,272,2791
300,1,359,7715,82,90283,272,2472
300,1,359,6753,82,9082,272,2163
300,1,359,5906,82,91309,272,1892
300,1,359,4902,82,91895,272,157
300,1,359,397,82,92432,272,1271
300,1,359,314,82,9292,272,1003
300,1,359,2224,82,93408,272,071
300,1,359,1443,82,93848,272,0459
300,1,359,1443,82,93848,272,0459
300,1,359,0645,82,94336,272,0203
300,1,358,9675,82,94873,271,9893
300,1,358,8665,82,95459,271,9568
300,1,358,7822,82,95898,271,9297
300,1,358,6938,82,96436,271,9014
300,1,358,6057,82,96924,271,873
300,1,358,6057,82,96924,271,873
300,1,358,5134,82,97461,271,8435
300,1,358,4063,82,98047,271,8091
300,1,358,3157,82,98584,271,78
300,1,358,2239,82,99121,271,7506
300,1,358,1335,82,99609,271,7217
300,1,358,0334,83,00195,271,6895
300,1,357,947,83,00684,271,6616
300,1,357,947,83,00684,271,6616
300,1,357,8669,83,01123,271,636
300,1,357,7722,83,0166,271,6056
300,1,357,6812,83,02197,271,5764
300,1,357,5947,83,02686,271,5487
300,1,357,5098,83,03174,271,5215
300,1,357,4243,83,03662,271,494
300,1,357,3403,83,04102,271,467
300,1,357,2495,83,04639,271,4379
300,1,357,1665,83,05127,271,4111
300,1,357,0815,83,05615,271,3839
300,1,356,9907,83,06104,271,3547
300,1,356,9907,83,06104,271,3547
300,1,356,9072,83,06592,271,328
300,1,356,822,83,0708,271,3008
300,2,356,7258,83,07617,271,2698
300,2,356,6423,83,08105,271,243
300,2,356,5544,83,08594,271,2148
300,2,356,5195,83,08789,271,2036
300,2,356,4272,83,09619,271,1833
300,2,356,3398,83,10449,271,1642
300,2,356,2471,83,11279,271,1439
300,2,356,2471,83,11279,271,1439
300,2,356,1528,83,12158,271,1232
300,2,356,0637,83,12939,271,1036
300,2,355,9724,83,13818,271,0837
300,2,355,8906,83,14551,271,0657
300,2,355,7991,83,15381,271,0457
300,2,355,717,83,16113,271,0277
300,2,355,6257,83,16992,271,0077
300,2,355,532,83,17822,270,9871
300,2,355,4446,83,18604,270,9679
300,2,355,3604,83,19385,270,9495
300,2,355,2712,83,20215,270,9299
300,2,355,1775,83,21045,270,9094
300,2,355,1775,83,21045,270,9094
300,2,355,0889,83,21875,270,8899
300,2,354,9988,83,22705,270,8702
300,2,354,9136,83,23486,270,8516
300,2,354,8269,83,24268,270,8325
300,2,354,729,83,25195,270,811
300,2,354,6404,83,25977,270,7916
300,2,354,5505,83,26807,270,772
300,2,354,4634,83,27588,270,7528
300,2,354,3728,83,28418,270,7329
300,2,354,3728,83,28418,270,7329
300,2,354,2849,83,29248,270,7136
300,2,354,1809,83,30176,270,6909
300,2,354,0732,83,31152,270,6672
300,2,354,0732,83,31152,270,6672
300,2,353,9614,83,32178,270,6428
300,2,353,8594,83,33154,270,6204
300,2,353,74,83,34229,270,5942
300,2,353,74,83,34229,270,5942
300,2,353,6382,83,35156,270,5719
300,2,353,5083,83,36328,270,5435
300,2,353,4148,83,37207,270,5229
300,2,353,3284,83,37988,270,5039
300,2,353,2339,83,38867,270,4833
300,2,353,1489,83,39648,270,4646
300,2,353,0571,83,40479,270,4446
300,2,352,9663,83,41309,270,4246
300,2,352,9663,83,41309,270,4246
300,2,352,8831,83,4209,270,4064
300,2,352,7966,83,42871,270,3875
300,2,352,6912,83,43799,270,3643
300,2,352,6028,83,44629,270,345
300,2,352,5154,83,4541,270,3257
300,2,352,4272,83,4624,270,3064
300,2,352,3389,83,4707,270,287
300,2,352,2461,83,479,270,2667
300,2,352,1565,83,4873,270,2471
300,2,352,0735,83,49463,270,2289
300,2,352,0735,83,49463,270,2289
300,2,351,9817,83,50293,270,2087
300,2,351,8909,83,51123,270,1888
300,2,351,8064,83,51904,270,1703
300,2,351,7144,83,52783,270,1501
300,2,351,6638,83,53223,270,139
300,2,351,5723,83,54248,270,1252
300,2,351,4841,83,55176,270,1119
300,2,351,3955,83,56152,270,0986
300,2,351,3105,83,5708,270,0858
300,2,351,2224,83,58057,270,0726
300,2,351,2224,83,58057,270,0726
300,2,351,1245,83,59131,270,0579
300,2,351,0291,83,60205,270,0435
300,2,350,9365,83,61182,270,0295
300,2,350,8486,83,62158,270,0164
300,2,350,7629,83,63086,270,0034
300,2,350,6665,83,6416,269,9889
300,2,350,5786,83,65137,269,9756
300,2,350,4863,83,66162,269,9618
300,2,350,3972,83,67139,269,9484
300,2,350,3972,83,67139,269,9484
300,2,350,2957,83,68213,269,9331
300,2,350,1995,83,69287,269,9186
300,2,350,1069,83,70313,269,9047
300,2,350,0134,83,71338,269,8906
300,2,349,9141,83,72412,269,8756
300,2,349,8245,83,73389,269,8622
300,2,349,7349,83,74365,269,8486
300,2,349,6482,83,75342,269,8356
300,2,349,5591,83,76318,269,8221
300,2,349,5591,83,76318,269,8221
300,2,349,5591,83,76318,269,8221
300,2,349,5591,83,76318,269,8221
300,2,349,5591,83,76318,269,8221
300,2,349,4624,83,77393,269,8076
300,2,349,4624,83,77393,269,8076
300,2,349,0496,83,81885,269,7455
300,2,348,9429,83,83057,269,7295
300,2,348,8513,83,84082,269,7156
300,2,348,7622,83,85059,269,7021
300,2,348,665,83,86133,269,6876
300,2,348,5798,83,87061,269,6748
300,2,348,5798,83,87061,269,6748
300,2,348,4802,83,88135,269,6598
300,2,348,3738,83,89307,269,6437
300,2,348,3215,83,89893,269,6359
300,2,348,2288,83,90967,269,6201
300,2,348,136,83,92041,269,6042
300,2,348,0422,83,93115,269,5884
300,2,348,0422,83,93115,269,5884
300,2,347,9548,83,94141,269,5735
300,2,347,8594,83,95264,269,5573
300,2,347,7617,83,96387,269,5405
300,2,347,6775,83,97363,269,5262
300,2,347,5825,83,98438,269,5101
300,2,347,4875,83,99561,269,494
300,2,347,3994,84,00586,269,479
300,2,347,3032,84,01709,269,4626
300,2,347,2134,84,02734,269,4473
300,2,347,2134,84,02734,269,4473
300,2,347,125,84,0376,269,4324
300,2,347,0356,84,04785,269,4171
300,2,346,9221,84,06104,269,3978
300,2,346,8137,84,07373,269,3793
300,2,346,7239,84,08398,269,364
300,2,346,7239,84,08398,269,364
300,2,346,6292,84,09521,269,3479
300,2,346,5388,84,10547,269,3325
300,3,346,4331,84,11768,269,3146
300,3,346,3396,84,12891,269,2986
300,3,346,2485,84,13916,269,2832
300,3,346,1572,84,1499,269,2676
300,3,346,0601,84,16113,269,2511
300,3,346,0601,84,16113,269,2511
300,3,345,9724,84,17139,269,2362
300,3,345,8838,84,18164,269,2211
300,3,345,7864,84,19287,269,2046
300,3,345,6887,84,2041,269,188
300,3,345,6033,84,21387,269,1733
300,3,345,5085,84,2251,269,1572
300,3,345,4207,84,23535,269,1423
300,3,345,4207,84,23535,269,1423
300,3,345,3293,84,24561,269,1268
300,3,345,2292,84,25732,269,1097
300,3,345,2256,84,25781,269,1091
300,3,345,135,84,26855,269,0955
300,3,345,0532,84,27832,269,0833
300,3,344,9595,84,28955,269,0691
300,3,344,8755,84,2998,269,0564
300,3,344,7822,84,31104,269,0425
300,3,344,6907,84,32178,269,0287
300,3,344,6907,84,32178,269,0287
300,3,344,5972,84,33301,269,0145
300,3,344,4854,84,34668,268,9977
300,3,344,3923,84,35791,268,9838
300,3,344,3032,84,36865,268,9703
300,3,344,2144,84,37939,268,9569
300,3,344,1216,84,39014,268,943
300,3,344,0364,84,40039,268,9302
300,3,344,0364,84,40039,268,9302
300,3,343,9343,84,4126,268,9148
300,3,343,8398,84,42432,268,9006
300,3,343,7512,84,43457,268,8872
300,3,343,6638,84,44531,268,874
300,3,343,5747,84,45605,268,8607
300,3,343,4875,84,46631,268,8475
300,3,343,4019,84,47656,268,8347
300,3,343,3088,84,48779,268,8207
300,3,343,2251,84,49805,268,8081
300,3,343,1382,84,5083,268,7949
300,3,343,0459,84,51953,268,7811
300,3,342,9578,84,53027,268,7678
300,3,342,9578,84,53027,268,7678
300,3,342,854,84,54248,268,7522
300,3,342,7612,84,55371,268,7383
300,3,342,6731,84,56445,268,725
300,3,342,5867,84,57471,268,7119
300,3,342,5007,84,58496,268,699
300,3,342,4065,84,59619,268,6848
300,3,342,3127,84,60742,268,6707
300,3,342,2185,84,61865,268,6565
300,3,342,124,84,63037,268,6423
300,3,342,124,84,63037,268,6423
300,3,342,0325,84,64111,268,6285
300,3,341,9451,84,65186,268,6154
300,3,341,8594,84,66211,268,6025
300,3,341,7708,84,67236,268,5891
300,3,341,6819,84,68311,268,5758
300,3,341,5823,84,69531,268,5608
300,3,341,4861,84,70654,268,5464
300,3,341,3938,84,71777,268,5325
300,3,341,312,84,72754,268,5201
300,3,341,2197,84,73877,268,5062
300,3,341,1292,84,74951,268,4927
300,3,341,0525,84,75879,268,4811
300,3,341,0525,84,75879,268,4811
300,3,340,9641,84,7749,268,4717
300,3,340,8762,84,79102,268,4623
300,3,340,7834,84,80811,268,4524
300,3,340,6968,84,82422,268,4431
300,3,340,6074,84,84033,268,4336
300,3,340,5225,84,85596,268,4244
300,3,340,4207,84,875,268,4136
300,3,340,323,84,89258,268,4031
300,3,340,2283,84,91016,268,3931
300,3,340,2283,84,91016,268,3931
300,3,340,1418,84,92578,268,3838
300,3,340,0464,84,94336,268,3735
300,3,339,9475,84,96143,268,363
300,3,339,8533,84,979,268,353
300,3,339,7727,84,99365,268,3444
300,3,339,6855,85,00977,268,3351
300,3,339,5852,85,02832,268,3243
300,3,339,4929,85,04492,268,3145
300,3,339,4116,85,06006,268,3058
300,3,339,325,85,07617,268,2965
300,3,339,325,85,07617,268,2965
300,3,339,2451,85,09082,268,288
300,3,339,1501,85,10791,268,2778
300,3,339,0503,85,12646,268,2671
300,3,338,9565,85,14355,268,2571
300,3,338,8701,85,15967,268,2479
300,3,338,7773,85,17627,268,238
300,3,338,6958,85,19141,268,2292
300,3,338,6106,85,20703,268,2202
300,3,338,5107,85,22559,268,2095
300,3,338,4224,85,2417,268,2001
300,3,338,3408,85,25684,268,1914
300,3,338,2556,85,27246,268,1823
300,3,338,2556,85,27246,268,1823
300,3,338,1694,85,28809,268,1731
300,3,338,0796,85,30469,268,1635
300,3,337,9973,85,31982,268,1547
300,3,337,9028,85,33691,268,1445
300,3,337,8127,85,35352,268,135
300,3,337,7275,85,36914,268,1259
300,3,337,6289,85,38721,268,1154
300,3,337,5439,85,40283,268,1062
300,3,337,4595,85,41846,268,0972
300,3,337,4595,85,41846,268,0972
300,3,337,3567,85,4375,268,0862
300,3,337,2151,85,46338,268,071
300,3,337,2151,85,46338,268,071
300,3,337,1101,85,48242,268,0598
300,3,337,0149,85,5,268,0497
300,3,336,9343,85,51465,268,0411
300,3,336,8486,85,53076,268,032
300,3,336,7632,85,54639,268,0228
300,3,336,6833,85,56104,268,0143
300,3,336,6536,85,56641,268,0111
300,3,336,5593,85,57031,267,9987
300,3,336,4744,85,57422,267,9874
300,3,336,3826,85,57813,267,9753
300,3,336,2849,85,58252,267,9624
300,3,336,199,85,58643,267,951
300,3,336,1113,85,58984,267,9395
300,3,336,0264,85,59375,267,9282
300,3,335,9346,85,59766,267,916
300,3,335,845,85,60156,267,9042
300,3,335,7683,85,60498,267,894
300,3,335,6809,85,60889,267,8824
300,3,335,5979,85,6123,267,8716
300,3,335,5979,85,6123,267,8716
300,3,335,5144,85,61621,267,8605
300,3,335,4229,85,62012,267,8484
300,3,335,3396,85,62354,267,8374
300,3,335,2517,85,62744,267,8257
300,3,335,167,85,63135,267,8146
300,3,335,0371,85,63672,267,7974
300,3,335,0371,85,63672,267,7974
300,3,334,9329,85,6416,267,7836
300,3,334,8401,85,64551,267,7712
300,3,334,7595,85,64893,267,7606
300,3,334,6619,85,65332,267,7478
300,3,334,5674,85,65723,267,7352
300,3,334,4846,85,66113,267,7244
300,3,334,3813,85,66553,267,7107
300,3,334,2927,85,66943,267,699
300,3,334,1985,85,67334,267,6865
300,3,334,1118,85,67725,267,675
300,3,334,0193,85,68115,267,6628
300,3,333,9368,85,68457,267,6519
300,3,333,8547,85,68848,267,641
300,3,333,8547,85,68848,267,641
300,3,333,7654,85,69238,267,6292
300,3,333,6746,85,69629,267,6172
300,3,333,5781,85,7002,267,6045
300,3,333,4836,85,70459,267,5919
300,3,333,4036,85,70801,267,5813
300,3,333,3203,85,71143,267,5703
300,3,333,2219,85,71582,267,5574
300,3,333,1362,85,71973,267,546
300,3,333,0476,85,72363,267,5343
300,3,332,9558,85,72754,267,5222
300,3,332,8665,85,73145,267,5103
300,3,332,7864,85,73486,267,4998
300,3,332,7864,85,73486,267,4998
300,3,332,7864,85,73486,267,4998
300,3,332,7864,85,73486,267,4998
300,3,332,7864,85,73486,267,4998
300,3,332,7864,85,73486,267,4998
300,3,332,7864,85,73486,267,4998
300,3,332,7864,85,73486,267,4998
300,3,332,7864,85,73486,267,4998
300,3,332,7864,85,73486,267,4998
300,3,332,7864,85,73486,267,4998
300,3,332,7864,85,73486,267,4998
300,3,332,7864,85,73486,267,4998
300,3,332,7864,85,73486,267,4998
300,3,332,7864,85,73486,267,4998
300,3,332,7864,85,73486,267,4998
300,3,332,7864,85,73486,267,4998
300,3,332,7864,85,73486,267,4998
300,3,332,7864,85,73486,267,4998
300,3,332,7864,85,73486,267,4998
300,3,332,7864,85,73486,267,4998
300,3,332,7864,85,73486,267,4998
300,3,332,7864,85,73486,267,4998
300,3,332,7864,85,73486,267,4998
300,3,332,7864,85,73486,267,4998
300,3,332,7864,85,73486,267,4998
300,3,332,7864,85,73486,267,4998
300,3,332,7864,85,73486,267,4998
300,3,332,7864,85,73486,267,4998
300,3,332,7864,85,73486,267,4998
300,3,332,7864,85,73486,267,4998
300,3,332,7864,85,73486,267,4998
300,3,332,7864,85,73486,267,4998
300,3,332,7864,85,73486,267,4998
300,3,332,7864,85,73486,267,4998
300,3,332,7864,85,73486,267,4998
300,3,332,7864,85,73486,267,4998
300,3,332,7864,85,73486,267,4998
300,3,332,7864,85,73486,267,4998
300,3,332,7864,85,73486,267,4998
300,3,332,7864,85,73486,267,4998
300,3,332,7864,85,73486,267,4998
300,3,332,7864,85,73486,267,4998
300,3,332,7864,85,73486,267,4998
300,3,332,7864,85,73486,267,4998
300,3,332,7864,85,73486,267,4998
300,3,332,7864,85,73486,267,4998
300,3,332,7864,85,73486,267,4998
300,3,332,7864,85,73486,267,4998
300,3,332,7864,85,73486,267,4998
300,3,332,7864,85,73486,267,4998
300,3,332,7864,85,73486,267,4998
300,3,332,7864,85,73486,267,4998
300,3,332,7864,85,73486,267,4998
300,3,332,7864,85,73486,267,4998
300,3,332,7864,85,73486,267,4998
300,3,332,7864,85,73486,267,4998
300,3,332,7864,85,73486,267,4998
300,3,332,7864,85,73486,267,4998
300,3,332,7864,85,73486,267,4998
300,3,332,7864,85,73486,267,4998
300,3,332,7864,85,73486,267,4998
300,3,332,7864,85,73486,267,4998
300,3,332,7864,85,73486,267,4998
300,3,332,7864,85,73486,267,4998
300,3,332,7864,85,73486,267,4998
300,3,332,7864,85,73486,267,4998
300,3,332,7864,85,73486,267,4998
300,3,332,7864,85,73486,267,4998
300,3,332,7864,85,73486,267,4998
300,3,332,7864,85,73486,267,4998
300,3,332,7864,85,73486,267,4998
300,3,332,7864,85,73486,267,4998
300,3,332,7864,85,73486,267,4998
300,3,332,7864,85,73486,267,4998
300,3,332,7864,85,73486,267,4998
300,3,332,7864,85,73486,267,4998
300,3,332,7864,85,73486,267,4998
300,3,332,7864,85,73486,267,4998
300,3,332,7864,85,73486,267,4998
300,3,332,7864,85,73486,267,4998
300,3,332,7864,85,73486,267,4998
300,3,332,7864,85,73486,267,4998
300,3,332,7864,85,73486,267,4998
300,3,332,7864,85,73486,267,4998
300,3,332,7864,85,73486,267,4998
300,3,332,7864,85,73486,267,4998
300,3,332,7864,85,73486,267,4998
300,3,332,7864,85,73486,267,4998
300,3,332,7864,85,73486,267,4998
300,3,332,7864,85,73486,267,4998
300,3,332,7864,85,73486,267,4998
300,3,332,7864,85,73486,267,4998
300,3,332,7864,85,73486,267,4998
300,3,332,7864,85,73486,267,4998
300,3,332,7864,85,73486,267,4998
300,3,332,7864,85,73486,267,4998
300,3,332,7864,85,73486,267,4998
300,3,332,7864,85,73486,267,4998
300,3,332,7864,85,73486,267,4998
300,3,332,7864,85,73486,267,4998
300,3,332,7864,85,73486,267,4998
300,3,332,7864,85,73486,267,4998
300,3,332,7864,85,73486,267,4998
300,3,332,7864,85,73486,267,4998
300,3,332,7864,85,73486,267,4998
300,3,332,7864,85,73486,267,4998
300,3,332,7864,85,73486,267,4998
300,3,332,7864,85,73486,267,4998
300,3,332,7864,85,73486,267,4998
300,3,332,7864,85,73486,267,4998
300,3,332,7864,85,73486,267,4998
300,3,332,7864,85,73486,267,4998
300,3,332,7864,85,73486,267,4998
300,3,332,7864,85,73486,267,4998
300,3,332,7864,85,73486,267,4998
300,3,332,7864,85,73486,267,4998
300,3,332,7864,85,73486,267,4998
300,3,332,7864,85,73486,267,4998
300,3,332,7864,85,73486,267,4998
300,3,332,7864,85,73486,267,4998
300,3,332,7864,85,73486,267,4998
300,3,332,7864,85,73486,267,4998
300,3,332,7864,85,73486,267,4998
300,3,332,7864,85,73486,267,4998
300,3,332,7864,85,73486,267,4998
300,3,332,7864,85,73486,267,4998
300,3,332,7864,85,73486,267,4998
300,3,332,7864,85,73486,267,4998
300,3,332,7864,85,73486,267,4998
300,3,332,7864,85,73486,267,4998
300,3,332,7864,85,73486,267,4998
300,3,332,7864,85,73486,267,4998
300,3,332,7864,85,73486,267,4998
300,3,332,7864,85,73486,267,4998
300,3,332,7864,85,73486,267,4998
300,3,332,7864,85,73486,267,4998
300,3,332,7864,85,73486,267,4998
300,3,332,7864,85,73486,267,4998
300,3,332,7864,85,73486,267,4998
300,3,332,7864,85,73486,267,4998
300,3,332,7864,85,73486,267,4998
300,3,332,7864,85,73486,267,4998
300,3,332,7864,85,73486,267,4998
300,3,332,7864,85,73486,267,4998
300,3,332,7864,85,73486,267,4998
300,3,332,7864,85,73486,267,4998
300,3,332,7864,85,73486,267,4998
300,3,332,7864,85,73486,267,4998
300,3,332,7864,85,73486,267,4998
300,3,332,7864,85,73486,267,4998
300,3,332,7864,85,73486,267,4998
300,3,332,7864,85,73486,267,4998
300,3,332,7864,85,73486,267,4998
300,3,332,7864,85,73486,267,4998
300,3,332,7864,85,73486,267,4998
300,3,332,7864,85,73486,267,4998
300,3,332,7864,85,73486,267,4998
300,3,332,7864,85,73486,267,4998
300,3,332,7864,85,73486,267,4998
300,3,332,7864,85,73486,267,4998
300,3,332,7864,85,73486,267,4998
300,3,332,7864,85,73486,267,4998
300,3,332,7864,85,73486,267,4998
300,3,332,7864,85,73486,267,4998
300,3,332,7864,85,73486,267,4998
300,3,332,7864,85,73486,267,4998
300,3,332,7864,85,73486,267,4998
300,3,332,7864,85,73486,267,4998
300,3,332,7864,85,73486,267,4998
300,3,332,7864,85,73486,267,4998
300,3,332,7864,85,73486,267,4998
300,3,332,7864,85,73486,267,4998
300,3,332,7864,85,73486,267,4998
300,3,332,7864,85,73486,267,4998
300,3,332,7864,85,73486,267,4998
300,3,332,7864,85,73486,267,4998
300,3,332,7864,85,73486,267,4998
300,3,332,7864,85,73486,267,4998
300,3,332,7864,85,73486,267,4998
300,3,332,7864,85,73486,267,4998
300,3,332,7864,85,73486,267,4998
300,3,332,7864,85,73486,267,4998
300,3,332,7864,85,73486,267,4998
300,3,332,7864,85,73486,267,4998
300,3,332,7864,85,73486,267,4998
300,3,332,7864,85,73486,267,4998
300,3,332,7864,85,73486,267,4998
300,3,332,7864,85,73486,267,4998
300,3,332,7864,85,73486,267,4998
300,3,332,7864,85,73486,267,4998
300,3,332,7864,85,73486,267,4998
300,3,332,7864,85,73486,267,4998
300,3,332,7864,85,73486,267,4998
300,3,332,7864,85,73486,267,4998
300,3,332,7864,85,73486,267,4998
300,3,332,7864,85,73486,267,4998
300,3,332,7864,85,73486,267,4998
300,3,332,7864,85,73486,267,4998
300,3,332,7864,85,73486,267,4998
300,3,332,7864,85,73486,267,4998
300,3,332,7864,85,73486,267,4998
300,3,332,7864,85,73486,267,4998
300,3,332,7864,85,73486,267,4998
300,3,332,7864,85,73486,267,4998
300,3,332,7864,85,73486,267,4998
300,3,332,7864,85,73486,267,4998
300,3,332,7864,85,73486,267,4998
300,3,332,7864,85,73486,267,4998
300,3,332,7864,85,73486,267,4998
300,3,332,7864,85,73486,267,4998
300,3,332,7864,85,73486,267,4998
300,3,332,7864,85,73486,267,4998
300,3,332,7864,85,73486,267,4998
300,3,332,7864,85,73486,267,4998
300,3,332,7864,85,73486,267,4998
300,3,332,7864,85,73486,267,4998
300,3,332,7864,85,73486,267,4998
300,3,332,7864,85,73486,267,4998
300,3,332,7864,85,73486,267,4998
300,3,332,7864,85,73486,267,4998
300,3,332,7864,85,73486,267,4998
300,3,332,7864,85,73486,267,4998
300,3,332,7864,85,73486,267,4998
300,3,332,7864,85,73486,267,4998
300,3,332,7864,85,73486,267,4998
300,3,332,7864,85,73486,267,4998
300,3,332,7864,85,73486,267,4998
300,3,332,7864,85,73486,267,4998
300,3,332,7864,85,73486,267,4998
300,3,332,7864,85,73486,267,4998
300,3,332,7864,85,73486,267,4998
300,3,332,7864,85,73486,267,4998
300,3,332,7864,85,73486,267,4998
300,3,332,7864,85,73486,267,4998
300,3,332,7864,85,73486,267,4998
300,3,332,7864,85,73486,267,4998
300,3,332,7864,85,73486,267,4998
300,3,332,7864,85,73486,267,4998
300,3,332,7864,85,73486,267,4998
300,3,332,7864,85,73486,267,4998
300,3,332,7864,85,73486,267,4998
300,3,332,7864,85,73486,267,4998
300,3,332,7864,85,73486,267,4998
300,3,332,7864,85,73486,267,4998
300,3,332,7864,85,73486,267,4998
300,3,332,7864,85,73486,267,4998
300,3,332,7864,85,73486,267,4998
300,3,332,7864,85,73486,267,4998
300,3,332,7864,85,73486,267,4998
300,3,332,7864,85,73486,267,4998
300,3,332,7864,85,73486,267,4998
300,3,332,7864,85,73486,267,4998
300,3,332,7864,85,73486,267,4998
300,3,332,7864,85,73486,267,4998
300,3,332,7864,85,73486,267,4998
300,3,332,7864,85,73486,267,4998
300,3,332,7864,85,73486,267,4998
300,3,332,7864,85,73486,267,4998
300,3,332,7864,85,73486,267,4998
300,3,332,7864,85,73486,267,4998
300,3,332,7864,85,73486,267,4998
300,3,332,7864,85,73486,267,4998
300,4,332,7864,85,73486,267,4998
300,4,332,7864,85,73486,267,4998
300,4,332,688,85,74219,267,4877
300,4,332,688,85,74219,267,4877
300,4,332,6025,85,74805,267,4771
300,4,332,5149,85,75439,267,4663
300,4,332,4275,85,76074,267,4556
300,4,332,3447,85,7666,267,4453
300,4,332,2576,85,77295,267,4346
300,4,332,1758,85,77881,267,4246
300,4,332,093,85,78516,267,4144
300,4,332,0044,85,7915,267,4034
300,4,331,9253,85,79688,267,3938
300,4,331,8376,85,80322,267,3829
300,4,331,7498,85,80957,267,3721
300,4,331,6604,85,81641,267,3611
300,4,331,5762,85,82227,267,3507
300,4,331,4963,85,82813,267,3409
300,4,331,4163,85,83398,267,3311
300,4,331,323,85,84082,267,3196
300,4,331,241,85,84668,267,3094
300,4,331,1453,85,85352,267,2976
300,4,331,0596,85,85986,267,2871
300,4,330,9675,85,86621,267,2759
300,4,330,8687,85,87354,267,2637
300,4,330,7793,85,87988,267,2527
300,4,330,6877,85,88672,267,2413
300,4,330,6877,85,88672,267,2413
300,4,330,6072,85,89258,267,2314
300,4,330,5161,85,89893,267,2202
300,4,330,4282,85,90527,267,2094
300,4,330,345,85,91113,267,1992
300,4,330,2595,85,91748,267,1886
300,4,330,1736,85,92383,267,1781
300,4,330,0852,85,93018,267,1671
300,4,329,9983,85,93652,267,1565
300,4,329,9075,85,94287,267,1453
300,4,329,8289,85,94873,267,1356
300,4,329,7378,85,95508,267,1244
300,4,329,6392,85,9624,267,1123
300,4,329,5559,85,96826,267,1021
300,4,329,4731,85,97412,267,0918
300,4,329,3853,85,98047,267,0809
300,4,329,3049,85,98633,267,071
300,4,329,2202,85,99268,267,0607
300,4,329,134,85,99902,267,05
300,4,329,0483,86,00488,267,0396
300,4,328,9714,86,01074,267,03
300,4,328,8909,86,0166,267,0201
300,4,328,7979,86,02295,267,0087
300,4,328,7256,86,02832,266,9998
300,4,328,7256,86,02832,266,9998
300,4,328,7256,86,02832,266,9998
300,4,328,7256,86,02832,266,9998
300,4,328,7256,86,02832,266,9998
300,4,328,7256,86,02832,266,9998
300,4,328,7256,86,02832,266,9998
300,4,328,6477,86,03516,266,9771
300,4,328,5706,86,0415,266,9543
300,4,328,4851,86,04883,266,9294
300,4,328,4097,86,05566,266,9075
300,4,328,3286,86,0625,266,8837
300,4,328,2505,86,06885,266,861
300,4,328,1721,86,07568,266,838
300,4,328,0964,86,08252,266,8159
300,4,328,0085,86,08984,266,7902
300,4,327,9248,86,09717,266,7657
300,4,327,8528,86,10303,266,7446
300,4,327,7712,86,11035,266,7208
300,4,327,6931,86,1167,266,698
300,4,327,6113,86,12402,266,6741
300,4,327,5281,86,13086,266,6497
300,4,327,4524,86,1377,266,6277
300,4,327,3713,86,14453,266,604
300,4,327,2888,86,15186,266,5798
300,4,327,2146,86,1582,266,5581
300,4,327,1294,86,16553,266,5332
300,4,327,0479,86,17236,266,5094
300,4,326,9561,86,18018,266,4825
300,4,326,877,86,18701,266,4595
300,4,326,7849,86,19482,266,4326
300,4,326,7043,86,20166,266,4091
300,4,326,6282,86,2085,266,3867
300,4,326,5457,86,21533,266,3625
300,4,326,4646,86,22217,266,339
300,4,326,3828,86,22949,266,3151
300,4,326,3064,86,23584,266,2927
300,4,326,2195,86,24316,266,2673
300,4,326,1401,86,25,266,2441
300,4,326,0608,86,25684,266,2209
300,4,325,9785,86,26416,266,1969
300,4,325,9016,86,27051,266,1744
300,4,325,8215,86,27734,266,151
300,4,325,7458,86,28418,266,1289
300,4,325,6638,86,29102,266,105
300,4,325,582,86,29834,266,0809
300,4,325,5051,86,30469,266,0585
300,4,325,4268,86,31152,266,0356
300,4,325,3511,86,31787,266,0134
300,4,325,2737,86,32471,265,9908
300,4,325,1936,86,33154,265,9674
300,4,325,1174,86,33789,265,9452
300,4,325,0325,86,34521,265,9204
300,4,325,0159,86,34668,265,9155
300,4,325,0159,86,34668,265,9155
300,4,325,0159,86,34668,265,9155
300,4,325,0159,86,34668,265,9155
300,4,325,0159,86,34668,265,9155
300,4,325,0159,86,34668,265,9155
300,4,325,0159,86,34668,265,9155
300,4,325,0159,86,34668,265,9155
300,4,325,0159,86,34668,265,9155
300,5,325,0159,86,34668,265,9155
300,5,325,0159,86,34668,265,9155
300,5,324,9358,86,35352,265,8993
300,5,324,8525,86,36035,265,8824
300,5,324,7585,86,36816,265,8634
300,5,324,6807,86,37451,265,8477
300,5,324,5991,86,38135,265,8311
300,5,324,5134,86,38867,265,8137
300,5,324,5134,86,38867,265,8137
300,5,324,4314,86,39551,265,7971
300,5,324,3408,86,40283,265,7788
300,5,324,2415,86,41113,265,7587
300,5,324,1597,86,41797,265,7421
300,5,324,083,86,42432,265,7266
300,5,323,9902,86,43213,265,7078
300,5,323,907,86,43896,265,6909
300,5,323,8167,86,44629,265,6726
300,5,323,7441,86,45264,265,658
300,5,323,6663,86,45898,265,6421
300,5,323,5671,86,46729,265,6221
300,5,323,4773,86,47461,265,6038
300,5,323,4016,86,48096,265,5885
300,5,323,3186,86,48779,265,5717
300,5,323,23,86,49512,265,5537
300,5,323,1462,86,50244,265,5367
300,5,323,0637,86,50928,265,52
300,5,322,9841,86,51563,265,5039
300,5,322,9067,86,52246,265,4883
300,5,322,8291,86,52881,265,4724
300,5,322,7405,86,53613,265,4546
300,5,322,6567,86,54297,265,4375
300,5,322,5823,86,54932,265,4225
300,5,322,4985,86,55615,265,4055
300,5,322,4055,86,56396,265,3867
300,5,322,3201,86,57129,265,3694
300,5,322,2407,86,57764,265,3533
300,5,322,1606,86,58447,265,337
300,5,322,0779,86,59131,265,3203
300,5,321,9973,86,59814,265,304
300,5,321,916,86,60449,265,2876
300,5,321,8364,86,61133,265,2714
300,5,321,7446,86,61914,265,2528
300,5,321,6487,86,62695,265,2334
300,5,321,5642,86,63379,265,2163
300,5,321,4868,86,64063,265,2006
300,5,321,4006,86,64746,265,1831
300,5,321,3259,86,65381,265,168
300,5,321,3259,86,65381,265,168
300,5,321,3259,86,65381,265,168
300,5,321,3259,86,65381,265,168
300,5,321,3259,86,65381,265,168
300,5,321,3259,86,65381,265,168
300,5,321,3259,86,65381,265,168
300,5,321,3259,86,65381,265,168
300,5,321,3259,86,65381,265,168
300,5,321,3259,86,65381,265,168
300,5,321,3259,86,65381,265,168
300,5,321,3259,86,65381,265,168
300,5,321,3259,86,65381,265,168
300,5,321,3259,86,65381,265,168
300,5,321,3259,86,65381,265,168
300,5,321,3259,86,65381,265,168
300,5,321,3259,86,65381,265,168
300,5,321,3259,86,65381,265,168
300,5,321,3259,86,65381,265,168
300,5,321,2512,86,66455,265,1486
300,5,321,1731,86,67529,265,1282
300,5,321,095,86,68652,265,1079
300,5,321,0125,86,69824,265,0864
300,5,320,9224,86,71094,265,0631
300,5,320,8267,86,72461,265,0382
300,5,320,7493,86,73535,265,0181
300,5,320,6709,86,74658,264,9977
300,5,320,5786,86,75977,264,9738
300,5,320,5786,86,75977,264,9738
300,5,320,4919,86,77197,264,9512
300,5,320,3992,86,78516,264,9271
300,5,320,2351,86,80811,264,8845
300,5,320,1604,86,81885,264,865
300,5,320,1604,86,81885,264,865
300,5,320,0793,86,83008,264,844
300,5,319,9963,86,84229,264,8224
300,5,319,9146,86,85352,264,8011
300,5,319,8315,86,86523,264,7795
300,5,319,7502,86,87695,264,7584
300,5,319,6729,86,8877,264,7383
300,5,319,5862,86,8999,264,7158
300,5,319,5024,86,91211,264,694
300,5,319,4182,86,92383,264,6721
300,5,319,3259,86,93701,264,6482
300,5,319,2432,86,94873,264,6266
300,5,319,1667,86,95947,264,6067
300,5,319,0894,86,9707,264,5867
300,5,319,0103,86,98145,264,5662
300,5,318,9329,86,99268,264,5459
300,5,318,853,87,00391,264,5253
300,5,318,7727,87,01514,264,5043
300,5,318,7002,87,02539,264,4855
300,5,318,6113,87,03809,264,4624
300,5,318,5308,87,0498,264,4414
300,5,318,4553,87,06006,264,4219
300,5,318,3718,87,07227,264,4001
300,5,318,2903,87,0835,264,3789
300,5,318,2126,87,09473,264,3588
300,5,318,1277,87,10645,264,3367
300,5,318,0498,87,11768,264,3164
300,5,317,969,87,12891,264,2954
300,5,317,897,87,13916,264,2767
300,5,317,8086,87,15186,264,2538
300,5,317,7312,87,1626,264,2336
300,5,317,6494,87,17432,264,2124
300,5,317,5703,87,18555,264,1918
300,5,317,4944,87,19629,264,1721
300,5,317,3623,87,21289,264,1393
300,5,317,2866,87,22119,264,1211
300,5,317,2161,87,229,264,104
300,5,317,1365,87,23828,264,0847
300,5,317,0574,87,24707,264,0657
300,5,316,9822,87,25537,264,0476
300,5,316,9053,87,26416,264,0291
300,5,316,8264,87,27295,264,01
300,5,316,7478,87,28174,263,9911
300,5,316,6711,87,29053,263,9727
300,5,316,5925,87,29932,263,9536
300,6,316,5188,87,30762,263,9359
300,6,316,436,87,31689,263,9159
300,6,316,3599,87,3252,263,8976
300,6,316,2744,87,33496,263,877
300,6,316,2004,87,34326,263,8591
300,6,316,1245,87,35156,263,8408
300,6,316,0422,87,36084,263,8209
300,6,315,9609,87,37012,263,8013
300,6,315,8816,87,37891,263,7822
300,6,315,8018,87,38818,263,7629
300,6,315,7185,87,39746,263,7429
300,6,315,6409,87,40625,263,7241
300,6,315,5642,87,41455,263,7057
300,6,315,46,87,42627,263,6805
300,6,315,364,87,43701,263,6575
300,6,315,2644,87,44824,263,6333
300,6,315,2644,87,44824,263,6333
300,6,315,1809,87,45801,263,6133
300,6,315,0884,87,46826,263,5909
300,6,315,0081,87,47705,263,5715
300,6,314,9287,87,48633,263,5525
300,6,314,7673,87,50439,263,5135
300,6,314,6899,87,51318,263,4949
300,6,314,6106,87,52197,263,4757
300,6,314,5295,87,53125,263,4562
300,6,314,4546,87,53955,263,4381
300,6,314,3689,87,54883,263,4175
300,6,314,2856,87,55859,263,3973
300,6,314,2048,87,56738,263,3779
300,6,314,1274,87,57617,263,3593
300,6,314,0476,87,58496,263,34
300,6,314,0476,87,58496,263,34
300,6,313,9636,87,59473,263,3197
300,6,313,8713,87,60498,263,2975
300,6,313,7717,87,61182,263,2731
300,6,313,6931,87,61768,263,2537
300,6,313,6047,87,62402,263,2319
300,6,313,5242,87,62988,263,2122
300,6,313,4473,87,63525,263,1934
300,6,313,3694,87,64063,263,1742
300,6,313,292,87,646,263,1553
300,6,313,2139,87,65186,263,136
300,6,313,1267,87,65771,263,1146
300,6,313,0522,87,66309,263,0963
300,6,312,9717,87,66895,263,0765
300,6,312,8801,87,67529,263,0541
300,6,312,7781,87,68262,263,0291
300,6,312,6931,87,68848,263,0082
300,6,312,6116,87,69434,262,988
300,6,312,6116,87,69434,262,988
300,6,312,532,87,7002,262,9685
300,6,312,3977,87,70996,262,9355
300,6,312,2854,87,71777,262,908
300,6,312,1848,87,72461,262,8833
300,6,312,1848,87,72461,262,8833
300,6,312,0876,87,73193,262,8595
300,6,312,0017,87,73779,262,8384
300,6,311,9146,87,74414,262,8169
300,6,311,8225,87,75049,262,7943
300,6,311,7473,87,75586,262,7759
300,6,311,6616,87,76221,262,7549
300,6,311,5706,87,76855,262,7324
300,6,311,4905,87,77441,262,7128
300,6,311,4155,87,7793,262,6943
300,6,311,3223,87,78613,262,6714
300,6,311,2354,87,79248,262,6501
300,6,311,1489,87,79834,262,6289
300,6,311,072,87,80371,262,61
300,6,310,9885,87,81006,262,5895
300,6,310,908,87,81543,262,5697
300,6,310,8274,87,82129,262,5499
300,6,310,7578,87,82617,262,5328
300,6,310,6658,87,83301,262,5103
300,6,310,6658,87,83301,262,5103
300,6,310,5652,87,83984,262,4855
300,6,310,5652,87,83984,262,4855
300,6,310,5652,87,83984,262,4855
300,6,310,5652,87,83984,262,4855
300,6,310,5652,87,83984,262,4855
300,6,310,4543,87,84766,262,4583
300,6,310,4543,87,84766,262,4583
300,6,310,4543,87,84766,262,4583
300,6,310,3606,87,85449,262,4353
300,6,310,3606,87,85449,262,4353
300,6,310,1162,87,85986,262,3541
300,6,309,9495,87,86328,262,2988
300,6,309,9495,87,86328,262,2988
300,6,309,8291,87,86572,262,2588
300,6,309,6936,87,86865,262,2139
300,6,309,6936,87,86865,262,2139
300,6,309,5784,87,87109,262,1755
300,6,309,5784,87,87109,262,1755
300,6,309,4578,87,87354,262,1355
300,6,309,3252,87,87646,262,0916
300,6,309,3252,87,87646,262,0916
300,6,309,2092,87,87891,262,053
300,6,309,2092,87,87891,262,053
300,6,309,0569,87,88184,262,0024
300,6,308,9202,87,88477,261,957
300,6,308,9202,87,88477,261,957
300,6,308,7832,87,8877,261,9116
300,6,308,7832,87,8877,261,9116
300,6,308,6523,87,89063,261,8682
300,6,308,5313,87,89307,261,8279
300,6,308,5313,87,89307,261,8279
300,6,308,4089,87,89551,261,7872
300,6,308,2903,87,89795,261,7479
300,6,308,1702,87,90039,261,708
300,6,308,1702,87,90039,261,708
300,6,308,0564,87,90283,261,6702
300,6,307,937,87,90527,261,6306
300,6,307,937,87,90527,261,6306
300,6,307,8191,87,9082,261,5914
300,6,307,8191,87,9082,261,5914
300,6,307,6978,87,91064,261,5511
300,6,307,5708,87,91309,261,509
300,6,307,5708,87,91309,261,509
300,6,307,4429,87,91602,261,4666
300,6,307,3237,87,91846,261,427
300,6,307,3237,87,91846,261,427
300,6,307,1997,87,9209,261,3857
300,6,307,0774,87,92334,261,3452
300,6,307,0774,87,92334,261,3452
300,6,307,0183,87,9248,261,3256
300,6,307,0183,87,9248,261,3256
300,6,306,8967,87,93652,261,3005
300,6,306,7615,87,9502,261,2726
300,7,306,7615,87,9502,261,2726
300,7,306,6206,87,96387,261,2435
300,7,306,6206,87,96387,261,2435
300,7,306,4851,87,97705,261,2156
300,7,306,3445,87,99121,261,1865
300,7,306,3445,87,99121,261,1865
300,7,306,2126,88,00391,261,1594
300,7,306,2126,88,00391,261,1594
300,7,306,0645,88,01855,261,1288
300,7,305,9331,88,03125,261,1017
300,7,305,9331,88,03125,261,1017
300,7,305,8123,88,04346,261,0768
300,7,305,6907,88,05518,261,0518
300,7,305,6907,88,05518,261,0518
300,7,305,5642,88,06738,261,0256
300,7,305,4402,88,07959,261
300,7,305,4402,88,07959,261
300,7,305,3079,88,09277,260,9728
300,7,305,1846,88,10498,260,9473
300,7,305,1846,88,10498,260,9473
300,7,305,0527,88,11768,260,9202
300,7,304,9185,88,13086,260,8925
300,7,304,9185,88,13086,260,8925
300,7,304,7983,88,14307,260,8677
300,7,304,7983,88,14307,260,8677
300,7,304,6692,88,15576,260,8411
300,7,304,5432,88,16797,260,8149
300,7,304,5432,88,16797,260,8149
300,7,304,4131,88,18066,260,7882
300,7,304,4131,88,18066,260,7882
300,7,304,2666,88,19531,260,7579
300,7,304,1414,88,20752,260,7322
300,7,304,1414,88,20752,260,7322
300,7,304,0132,88,22021,260,7057
300,7,303,8896,88,23193,260,6802
300,7,303,8896,88,23193,260,6802
300,7,303,7549,88,24512,260,6523
300,7,303,6379,88,25684,260,6283
300,7,303,6379,88,25684,260,6283
300,7,303,5271,88,26758,260,6055
300,7,303,3928,88,28076,260,5778
300,7,303,3928,88,28076,260,5778
300,7,303,3894,88,28125,260,577
300,7,303,2612,88,2959,260,5554
300,7,303,2612,88,2959,260,5554
300,7,303,1416,88,30957,260,5352
300,7,303,0166,88,32373,260,5139
300,7,303,0166,88,32373,260,5139
300,7,302,8845,88,33887,260,4916
300,7,302,762,88,35303,260,4709
300,7,302,762,88,35303,260,4709
300,7,302,637,88,36768,260,4497
300,7,302,5129,88,38184,260,4287
300,7,302,5129,88,38184,260,4287
300,7,302,3933,88,39551,260,4086
300,7,302,3933,88,39551,260,4086
300,7,302,3933,88,39551,260,4086
300,7,302,3933,88,39551,260,4086
300,7,302,3933,88,39551,260,4086
300,7,302,2673,88,40967,260,3872
300,7,302,2673,88,40967,260,3872
300,7,301,8557,88,45703,260,3176
300,7,301,7229,88,47217,260,2952
300,7,301,7229,88,47217,260,2952
300,7,301,5952,88,48682,260,2734
300,7,301,4597,88,50244,260,2506
300,7,301,4597,88,50244,260,2506
300,7,301,3357,88,5166,260,2296
300,7,301,2148,88,53027,260,2092
300,7,301,2148,88,53027,260,2092
300,7,301,0811,88,5459,260,1865
300,7,301,0811,88,5459,260,1865
300,7,300,9512,88,56055,260,1646
300,7,300,8181,88,57568,260,1421
300,7,300,7,88,58936,260,1221
300,7,300,7,88,58936,260,1221
300,7,300,5764,88,60352,260,1012
300,7,300,5764,88,60352,260,1012
300,7,300,4543,88,61768,260,0806
300,7,300,3137,88,63379,260,0568
300,7,300,3137,88,63379,260,0568
300,7,300,1758,88,64941,260,0334
300,7,300,1758,88,64941,260,0334
300,7,300,0515,88,66357,260,0125
300,7,299,9014,88,68066,259,9871
300,7,299,9014,88,68066,259,9871
300,7,299,7542,88,69775,259,9622
300,7,299,7542,88,69775,259,9622
300,7,299,625,88,7124,259,9402
300,7,299,4949,88,72754,259,9182
300,7,299,4949,88,72754,259,9182
300,7,299,3745,88,74121,259,8979
300,7,299,2495,88,75537,259,8767
300,7,299,2495,88,75537,259,8767
300,7,299,1179,88,77051,259,8545
300,7,299,0503,88,77832,259,843
300,7,299,0503,88,77832,259,843
300,7,298,9324,88,83057,259,8414
300,7,298,9324,88,83057,259,8414
300,7,298,8083,88,88525,259,8398
300,7,298,677,88,94336,259,8381
300,7,298,677,88,94336,259,8381
300,7,298,5461,89,00098,259,8364
300,7,298,5461,89,00098,259,8364
300,7,298,428,89,05322,259,8347
300,7,298,3003,89,10986,259,8331
300,7,298,3003,89,10986,259,8331
300,7,298,179,89,16357,259,8315
300,7,298,0557,89,21777,259,8298
300,7,298,0557,89,21777,259,8298
300,7,297,9268,89,2749,259,8281
300,7,297,8115,89,32568,259,8267
300,8,297,8115,89,32568,259,8267
300,8,297,6965,89,37646,259,8251
300,8,297,5825,89,42676,259,8236
300,8,297,5825,89,42676,259,8236
300,8,297,4688,89,47705,259,8221
300,8,297,3425,89,5332,259,8204
300,8,297,3425,89,5332,259,8204
300,8,297,2273,89,58398,259,8188
300,8,297,2273,89,58398,259,8188
300,8,297,1086,89,63623,259,8174
300,8,296,9897,89,68896,259,8158
300,8,296,9897,89,68896,259,8158
300,8,296,8708,89,7417,259,8142
300,8,296,751,89,79443,259,8126
300,8,296,751,89,79443,259,8126
300,8,296,6321,89,84717,259,811
300,8,296,5151,89,89893,259,8094
300,8,296,5151,89,89893,259,8094
300,8,296,4011,89,94922,259,808
300,8,296,2844,90,00049,259,8064
300,8,296,2844,90,00049,259,8064
300,8,296,1646,90,05371,259,8049
300,8,296,1646,90,05371,259,8049
300,8,296,0471,90,10547,259,8033
300,8,295,9185,90,16211,259,8016
300,8,295,9185,90,16211,259,8016
300,8,295,7859,90,2207,259,7998
300,8,295,7859,90,2207,259,7998
300,8,295,6707,90,27197,259,7983
300,8,295,5886,90,30811,259,7972
300,8,295,5886,90,30811,259,7972
300,8,295,4907,90,40088,259,7771
300,8,295,3938,90,49268,259,7573
300,8,295,3938,90,49268,259,7573
300,8,295,3044,90,57715,259,7389
300,8,295,21,90,6665,259,7195
300,8,295,21,90,6665,259,7195
300,8,295,1135,90,75781,259,6998
300,8,295,1135,90,75781,259,6998
300,8,295,0164,90,84961,259,6799
300,8,294,9268,90,93457,259,6615
300,8,294,8367,91,02002,259,6429
300,8,294,8367,91,02002,259,6429
300,8,294,7466,91,10498,259,6245
300,8,294,6572,91,18945,259,6062
300,8,294,6572,91,18945,259,6062
300,8,294,5662,91,27588,259,5875
300,8,294,5662,91,27588,259,5875
300,8,294,4722,91,36475,259,5682
300,8,294,3665,91,46484,259,5466
300,8,294,3665,91,46484,259,5466
300,8,294,2654,91,56055,259,5259
300,8,294,2654,91,56055,259,5259
300,8,294,1785,91,64307,259,5081
300,8,294,0774,91,73828,259,4873
300,8,294,0774,91,73828,259,4873
300,8,293,9683,91,8418,259,4648
300,8,293,9683,91,8418,259,4648
300,8,293,8679,91,93652,259,4443
300,8,293,7659,92,0332,259,4233
300,8,293,7659,92,0332,259,4233
300,8,293,6648,92,12891,259,4026
300,8,293,6648,92,12891,259,4026
300,8,293,573,92,21582,259,3838
300,8,293,4763,92,30713,259,364
300,8,293,4763,92,30713,259,364
300,8,293,458,92,32471,259,3602
300,8,293,458,92,32471,259,3602
300,8,293,458,92,32471,259,3602
300,8,293,3604,92,39941,259,3408
300,8,293,2839,92,45801,259,3258
300,8,293,2839,92,45801,259,3258
300,8,293,1775,92,53955,259,3047
300,8,293,0786,92,61475,259,2852
300,8,293,0786,92,61475,259,2852
300,8,292,9651,92,70166,259,2627
300,8,292,8713,92,77344,259,2441
300,8,292,8713,92,77344,259,2441
300,8,292,7712,92,8501,259,2244
300,8,292,7712,92,8501,259,2244
300,8,292,6653,92,93115,259,2034
300,8,292,5588,93,0127,259,1824
300,8,292,5588,93,0127,259,1824
300,8,292,4561,93,09082,259,162
300,8,292,355,93,16846,259,142
300,8,292,355,93,16846,259,142
300,8,292,259,93,2417,259,123
300,8,292,1604,93,31738,259,1035
300,8,292,1604,93,31738,259,1035
300,8,292,0547,93,39795,259,0825
300,8,292,0547,93,39795,259,0825
300,8,291,938,93,4873,259,0594
300,8,291,938,93,4873,259,0594
300,8,291,8271,93,57227,259,0375
300,8,291,6995,93,66992,259,0122
300,8,291,6995,93,66992,259,0122
300,8,291,6431,93,71289,259,0011
300,8,291,6431,93,71289,259,0011
300,8,291,6431,93,71289,259,0011
300,8,291,5457,93,81104,258,9857
300,8,291,5457,93,81104,258,9857
300,8,291,4541,93,90332,258,9712
300,8,291,4541,93,90332,258,9712
300,8,291,3625,93,99561,258,9568
300,8,291,2568,94,10205,258,9399
300,8,291,2568,94,10205,258,9399
300,8,291,1702,94,18896,258,9263
300,8,291,0808,94,2793,258,9121
300,8,291,0808,94,2793,258,9121
300,8,290,9866,94,37402,258,8972
300,8,290,8879,94,47363,258,8816
300,8,290,8879,94,47363,258,8816
300,8,290,7996,94,5625,258,8677
300,8,290,7097,94,65283,258,8535
300,8,290,7097,94,65283,258,8535
300,8,290,6165,94,74658,258,8387
300,8,290,6165,94,74658,258,8387
300,8,290,5269,94,83691,258,8246
300,8,290,4319,94,93262,258,8096
300,8,290,4319,94,93262,258,8096
300,9,290,3306,95,03467,258,7935
300,9,290,3196,95,0459,258,7917
300,9,290,3196,95,0459,258,7917
300,9,290,2073,95,12793,258,7981
300,9,290,2073,95,12793,258,7981
300,9,290,1008,95,20557,258,8041
300,9,289,99,95,28662,258,8103
300,9,289,99,95,28662,258,8103
300,9,289,8889,95,36035,258,8159
300,9,289,7886,95,43359,258,8217
300,9,289,7886,95,43359,258,8217
300,9,289,6787,95,51416,258,8279
300,9,289,572,95,5918,258,8337
300,9,289,572,95,5918,258,8337
300,9,289,4683,95,66797,258,8396
300,9,289,4683,95,66797,258,8396
300,9,289,365,95,74316,258,8455
300,9,289,2502,95,82715,258,8519
300,9,289,2502,95,82715,258,8519
300,9,289,1357,95,91064,258,8584
300,9,289,0315,95,98682,258,8643
300,9,289,0315,95,98682,258,8643
300,9,288,9246,96,06494,258,8702
300,9,288,9246,96,06494,258,8702
300,9,288,8088,96,14941,258,8767
300,9,288,6948,96,23242,258,8832
300,9,288,6948,96,23242,258,8832
300,9,288,5881,96,31055,258,8892
300,9,288,5881,96,31055,258,8892
300,9,288,4854,96,38574,258,8949
300,9,288,4124,96,43896,258,899
300,9,288,4124,96,43896,258,899
300,9,288,3203,96,53418,258,9246
300,9,288,2297,96,62744,258,9497
300,9,288,2297,96,62744,258,9497
300,9,288,1318,96,72803,258,9768
300,9,288,0474,96,81543,259,0002
300,9,288,0474,96,81543,259,0002
300,9,287,9583,96,90723,259,025
300,9,287,9583,96,90723,259,025
300,9,287,8699,96,99854,259,0496
300,9,287,7666,97,10498,259,0781
300,9,287,7666,97,10498,259,0781
300,9,287,6797,97,19482,259,1023
300,9,287,6797,97,19482,259,1023
300,9,287,5825,97,29492,259,1292
300,9,287,49,97,39063,259,1549
300,9,287,49,97,39063,259,1549
300,9,287,3994,97,48389,259,1799
300,9,287,3032,97,58301,259,2067
300,9,287,3032,97,58301,259,2067
300,9,287,2163,97,67285,259,2307
300,9,287,2163,97,67285,259,2307
300,9,287,1311,97,76074,259,2544
300,9,287,1311,97,76074,259,2544
300,9,287,1311,97,76074,259,2544
300,9,287,1311,97,76074,259,2544
300,9,287,1311,97,76074,259,2544
300,9,287,1311,97,76074,259,2544
300,9,287,1311,97,76074,259,2544
300,9,287,1311,97,76074,259,2544
300,9,287,1311,97,76074,259,2544
300,9,287,1311,97,76074,259,2544
300,9,287,1311,97,76074,259,2544
300,9,287,1311,97,76074,259,2544
300,9,287,1311,97,76074,259,2544
300,9,287,1311,97,76074,259,2544
300,9,287,1311,97,76074,259,2544
300,9,287,1311,97,76074,259,2544
300,9,287,1311,97,76074,259,2544
300,9,287,1311,97,76074,259,2544
300,9,287,0339,97,85449,259,2756
300,9,287,0339,97,85449,259,2756
300,9,286,9348,97,9502,259,2974
300,9,286,8367,98,04541,259,3188
300,9,286,8367,98,04541,259,3188
300,9,286,7419,98,13672,259,3396
300,9,286,7419,98,13672,259,3396
300,9,286,6389,98,23633,259,3621
300,9,286,5476,98,32422,259,3821
300,9,286,5476,98,32422,259,3821
300,9,286,4573,98,41162,259,4017
300,9,286,3655,98,50049,259,4219
300,9,286,3655,98,50049,259,4219
300,9,286,2734,98,58936,259,442
300,9,286,2734,98,58936,259,442
300,9,286,1528,98,70557,259,4684
300,9,286,1528,98,70557,259,4684
300,9,286,0564,98,79883,259,4895
300,9,285,9541,98,89746,259,5118
300,9,285,9541,98,89746,259,5118
300,9,285,8611,98,9873,259,5322
300,9,285,769,99,07617,259,5522
300,9,285,769,99,07617,259,5522
300,9,285,751,99,09375,259,5563
300,9,285,751,99,09375,259,5563
300,9,285,751,99,09375,259,5563
300,9,285,751,99,09375,259,5563
300,9,285,751,99,09375,259,5563
300,9,285,751,99,09375,259,5563
300,9,285,751,99,09375,259,5563
300,9,285,751,99,09375,259,5563
300,9,285,751,99,09375,259,5563
300,9,285,751,99,09375,259,5563
300,9,285,751,99,09375,259,5563
300,9,285,751,99,09375,259,5563
300,9,285,751,99,09375,259,5563
300,9,285,751,99,09375,259,5563
300,9,285,751,99,09375,259,5563
300,9,285,751,99,09375,259,5563
300,9,285,751,99,09375,259,5563
300,9,285,751,99,09375,259,5563
300,9,285,751,99,09375,259,5563
300,9,285,751,99,09375,259,5563
300,9,285,751,99,09375,259,5563
300,9,285,751,99,09375,259,5563
300,9,285,751,99,09375,259,5563
300,9,285,751,99,09375,259,5563
300,9,285,751,99,09375,259,5563
300,9,285,751,99,09375,259,5563
300,9,285,751,99,09375,259,5563
300,9,285,751,99,09375,259,5563
300,9,285,751,99,09375,259,5563
300,9,285,751,99,09375,259,5563
300,9,285,751,99,09375,259,5563
300,9,285,751,99,09375,259,5563
300,9,285,751,99,09375,259,5563
300,9,285,751,99,09375,259,5563
300,9,285,751,99,09375,259,5563
300,9,285,751,99,09375,259,5563
300,9,285,751,99,09375,259,5563
300,9,285,751,99,09375,259,5563
300,9,285,751,99,09375,259,5563
300,9,285,751,99,09375,259,5563
300,9,285,751,99,09375,259,5563
300,9,285,751,99,09375,259,5563
300,9,285,751,99,09375,259,5563
300,9,285,751,99,09375,259,5563
300,9,285,751,99,09375,259,5563
300,9,285,751,99,09375,259,5563
300,9,285,751,99,09375,259,5563
300,9,285,751,99,09375,259,5563
300,9,285,751,99,09375,259,5563
300,9,285,751,99,09375,259,5563
300,9,285,751,99,09375,259,5563
300,9,285,751,99,09375,259,5563
300,9,285,751,99,09375,259,5563
300,9,285,751,99,09375,259,5563
300,9,285,751,99,09375,259,5563
300,9,285,751,99,09375,259,5563
300,9,285,751,99,09375,259,5563
300,9,285,751,99,09375,259,5563
300,9,285,751,99,09375,259,5563
300,9,285,751,99,09375,259,5563
300,9,285,751,99,09375,259,5563
300,9,285,751,99,09375,259,5563
300,9,285,751,99,09375,259,5563
300,9,285,751,99,09375,259,5563
300,9,285,751,99,09375,259,5563
300,9,285,751,99,09375,259,5563
300,9,285,751,99,09375,259,5563
300,9,285,751,99,09375,259,5563
300,9,285,751,99,09375,259,5563
300,9,285,751,99,09375,259,5563
300,9,285,751,99,09375,259,5563
300,9,285,751,99,09375,259,5563
300,9,285,751,99,09375,259,5563
300,9,285,751,99,09375,259,5563
300,9,285,751,99,09375,259,5563
300,9,285,751,99,09375,259,5563
300,9,285,751,99,09375,259,5563
300,9,285,751,99,09375,259,5563
300,9,285,751,99,09375,259,5563
300,9,285,751,99,09375,259,5563
300,9,285,751,99,09375,259,5563
300,9,285,751,99,09375,259,5563
300,9,285,751,99,09375,259,5563
300,9,285,751,99,09375,259,5563
300,9,285,751,99,09375,259,5563
300,9,285,751,99,09375,259,5563
300,9,285,751,99,09375,259,5563
300,9,285,751,99,09375,259,5563
300,9,285,751,99,09375,259,5563
300,9,285,751,99,09375,259,5563
300,9,285,751,99,09375,259,5563
300,9,285,751,99,09375,259,5563
300,9,285,751,99,09375,259,5563
300,9,285,751,99,09375,259,5563
300,9,285,751,99,09375,259,5563
300,9,285,751,99,09375,259,5563
300,9,285,751,99,09375,259,5563
300,9,285,751,99,09375,259,5563
300,9,285,751,99,09375,259,5563
300,9,285,751,99,09375,259,5563
300,9,285,751,99,09375,259,5563
300,9,285,751,99,09375,259,5563
300,9,285,751,99,09375,259,5563
300,9,285,751,99,09375,259,5563
300,9,285,751,99,09375,259,5563
300,9,285,751,99,09375,259,5563
300,9,285,751,99,09375,259,5563
300,9,285,751,99,09375,259,5563
300,9,285,751,99,09375,259,5563
300,9,285,751,99,09375,259,5563
300,9,285,751,99,09375,259,5563
300,9,285,751,99,09375,259,5563
300,9,285,751,99,09375,259,5563
300,9,285,751,99,09375,259,5563
300,9,285,751,99,09375,259,5563
300,9,285,751,99,09375,259,5563
300,9,285,751,99,09375,259,5563
300,9,285,751,99,09375,259,5563
300,9,285,751,99,09375,259,5563
300,9,285,751,99,09375,259,5563
300,9,285,751,99,09375,259,5563
300,9,285,751,99,09375,259,5563
300,9,285,751,99,09375,259,5563
300,9,285,751,99,09375,259,5563
300,9,285,751,99,09375,259,5563
300,9,285,751,99,09375,259,5563
300,9,285,751,99,09375,259,5563
300,9,285,751,99,09375,259,5563
300,9,285,751,99,09375,259,5563
300,9,285,751,99,09375,259,5563
300,9,285,751,99,09375,259,5563
300,9,285,751,99,09375,259,5563
300,9,285,751,99,09375,259,5563
300,9,285,751,99,09375,259,5563
300,9,285,751,99,09375,259,5563
300,9,285,751,99,09375,259,5563
300,9,285,751,99,09375,259,5563
300,9,285,751,99,09375,259,5563
300,9,285,751,99,09375,259,5563
300,9,285,751,99,09375,259,5563
300,9,285,751,99,09375,259,5563
300,9,285,751,99,09375,259,5563
300,9,285,751,99,09375,259,5563
300,9,285,751,99,09375,259,5563
300,9,285,751,99,09375,259,5563
300,9,285,751,99,09375,259,5563
300,9,285,751,99,09375,259,5563
300,9,285,751,99,09375,259,5563
300,9,285,751,99,09375,259,5563
300,9,285,751,99,09375,259,5563
300,9,285,751,99,09375,259,5563
300,9,285,751,99,09375,259,5563
300,9,285,751,99,09375,259,5563
300,9,285,751,99,09375,259,5563
300,9,285,751,99,09375,259,5563
300,9,285,751,99,09375,259,5563
300,9,285,751,99,09375,259,5563
300,9,285,751,99,09375,259,5563
300,9,285,751,99,09375,259,5563
300,9,285,751,99,09375,259,5563
300,9,285,751,99,09375,259,5563
300,9,285,751,99,09375,259,5563
300,9,285,751,99,09375,259,5563
300,9,285,751,99,09375,259,5563
300,9,285,751,99,09375,259,5563
300,9,285,751,99,09375,259,5563
300,9,285,751,99,09375,259,5563
300,9,285,751,99,09375,259,5563
300,9,285,751,99,09375,259,5563
300,9,285,751,99,09375,259,5563
300,9,285,751,99,09375,259,5563
300,9,285,751,99,09375,259,5563
300,9,285,751,99,09375,259,5563
300,9,285,751,99,09375,259,5563
300,9,285,751,99,09375,259,5563
300,9,285,751,99,09375,259,5563
300,9,285,751,99,09375,259,5563
300,9,285,751,99,09375,259,5563
300,9,285,751,99,09375,259,5563
300,9,285,751,99,09375,259,5563
300,9,285,751,99,09375,259,5563
300,9,285,751,99,09375,259,5563
300,9,285,751,99,09375,259,5563
300,9,285,751,99,09375,259,5563
300,9,285,751,99,09375,259,5563
300,9,285,751,99,09375,259,5563
300,9,285,751,99,09375,259,5563
300,9,285,751,99,09375,259,5563
300,9,285,751,99,09375,259,5563
300,9,285,751,99,09375,259,5563
300,9,285,751,99,09375,259,5563
300,9,285,751,99,09375,259,5563
300,9,285,751,99,09375,259,5563
300,9,285,751,99,09375,259,5563
300,9,285,751,99,09375,259,5563
300,9,285,751,99,09375,259,5563
300,9,285,751,99,09375,259,5563
300,9,285,751,99,09375,259,5563
300,9,285,751,99,09375,259,5563
300,9,285,751,99,09375,259,5563
300,9,285,751,99,09375,259,5563
300,9,285,751,99,09375,259,5563
300,9,285,751,99,09375,259,5563
300,9,285,751,99,09375,259,5563
300,9,285,751,99,09375,259,5563
300,9,285,751,99,09375,259,5563
300,9,285,751,99,09375,259,5563
300,9,285,751,99,09375,259,5563
300,9,285,751,99,09375,259,5563
300,9,285,751,99,09375,259,5563
300,9,285,751,99,09375,259,5563
300,9,285,751,99,09375,259,5563
300,9,285,751,99,09375,259,5563
300,9,285,751,99,09375,259,5563
300,9,285,751,99,09375,259,5563
300,9,285,751,99,09375,259,5563
300,9,285,751,99,09375,259,5563
300,9,285,751,99,09375,259,5563
300,9,285,751,99,09375,259,5563
300,9,285,751,99,09375,259,5563
300,9,285,751,99,09375,259,5563
300,9,285,751,99,09375,259,5563
300,9,285,751,99,09375,259,5563
300,9,285,751,99,09375,259,5563
300,9,285,751,99,09375,259,5563
300,9,285,751,99,09375,259,5563
300,9,285,751,99,09375,259,5563
300,9,285,751,99,09375,259,5563
300,9,285,751,99,09375,259,5563
300,9,285,751,99,09375,259,5563
300,9,285,751,99,09375,259,5563
300,9,285,751,99,09375,259,5563
300,9,285,751,99,09375,259,5563
300,10,285,751,99,09375,259,5563
300,10,285,751,99,09375,259,5563
300,10,285,0867,99,58643,259,6069
300,10,284,4573,100,0532,259,6549
300,10,284,4573,100,0532,259,6549
300,10,283,8777,100,4829,259,6991
300,10,283,8777,100,4829,259,6991
300,10,283,8777,100,4829,259,6991
300,10,283,8777,100,4829,259,6991
300,10,283,8777,100,4829,259,6991
300,10,283,8777,100,4829,259,6991
300,10,283,8777,100,4829,259,6991
300,10,283,8777,100,4829,259,6991
300,10,283,8777,100,4829,259,6991
300,10,283,8777,100,4829,259,6991
300,10,283,8777,100,4829,259,6991
300,10,283,8777,100,4829,259,6991
300,10,283,8777,100,4829,259,6991
300,10,283,8777,100,4829,259,6991
300,10,283,8777,100,4829,259,6991
300,10,283,8777,100,4829,259,6991
300,10,283,8777,100,4829,259,6991
300,10,283,8777,100,4829,259,6991
300,10,283,8777,100,4829,259,6991
300,10,283,8777,100,4829,259,6991
300,10,283,8777,100,4829,259,6991
300,10,283,8777,100,4829,259,6991
300,10,283,8777,100,4829,259,6991
300,10,283,8777,100,4829,259,6991
300,10,283,8777,100,4829,259,6991
300,10,283,8777,100,4829,259,6991
300,10,283,8777,100,4829,259,6991
300,10,283,8777,100,4829,259,6991
300,10,283,8777,100,4829,259,6991
300,10,283,8777,100,4829,259,6991
300,10,283,8777,100,4829,259,6991
300,10,283,8777,100,4829,259,6991
300,10,283,8777,100,4829,259,6991
300,10,283,8777,100,4829,259,6991
300,10,283,8777,100,4829,259,6991
300,10,283,8777,100,4829,259,6991
300,10,283,8777,100,4829,259,6991
300,10,283,8777,100,4829,259,6991
300,10,283,8777,100,4829,259,6991
300,10,283,8777,100,4829,259,6991
300,10,283,8777,100,4829,259,6991
300,10,283,8777,100,4829,259,6991
300,10,283,8777,100,4829,259,6991
300,10,283,8777,100,4829,259,6991
300,10,283,8777,100,4829,259,6991
300,10,283,8777,100,4829,259,6991
300,10,283,8777,100,4829,259,6991
300,10,283,8777,100,4829,259,6991
300,10,283,8777,100,4829,259,6991
300,10,283,8777,100,4829,259,6991
300,10,283,8777,100,4829,259,6991
300,10,283,8777,100,4829,259,6991
300,10,283,8777,100,4829,259,6991
300,10,283,8777,100,4829,259,6991
300,10,283,8777,100,4829,259,6991
300,10,283,8777,100,4829,259,6991
300,10,283,8777,100,4829,259,6991
300,10,283,2563,101,0737,259,8116
300,10,283,2563,101,0737,259,8116
300,10,282,4722,101,8193,259,9537
300,10,282,4722,101,8193,259,9537
300,10,282,4722,101,8193,259,9537
300,10,282,4722,101,8193,259,9537
300,10,282,4722,101,8193,259,9537
300,10,282,4722,101,8193,259,9537
300,10,282,4722,101,8193,259,9537
300,10,282,4722,101,8193,259,9537
300,10,282,4722,101,8193,259,9537
300,10,282,4722,101,8193,259,9537
300,10,282,4722,101,8193,259,9537
300,10,282,4722,101,8193,259,9537
300,11,282,4722,101,8193,259,9537
300,11,282,4722,101,8193,259,9537
300,11,281,8083,102,3838,259,9536
300,11,281,8083,102,3838,259,9536
300,11,280,9087,103,1484,259,9534
300,11,280,9087,103,1484,259,9534
300,11,280,8713,103,1802,259,9534
300,11,280,8713,103,1802,259,9534
300,11,280,8713,103,1802,259,9534
300,11,280,8713,103,1802,259,9534
300,11,280,8713,103,1802,259,9534
300,11,280,8713,103,1802,259,9534
300,11,280,8713,103,1802,259,9534
300,11,280,8713,103,1802,259,9534
300,11,280,8713,103,1802,259,9534
300,11,280,8713,103,1802,259,9534
300,11,280,8713,103,1802,259,9534
300,11,280,8713,103,1802,259,9534
300,11,280,8713,103,1802,259,9534
300,11,280,8713,103,1802,259,9534
300,11,280,8713,103,1802,259,9534
300,11,280,8713,103,1802,259,9534
300,11,280,8713,103,1802,259,9534
300,11,280,8713,103,1802,259,9534
300,11,280,8713,103,1802,259,9534
300,11,280,8713,103,1802,259,9534
300,11,280,8713,103,1802,259,9534
300,11,280,8713,103,1802,259,9534
300,11,280,8713,103,1802,259,9534
300,11,280,8713,103,1802,259,9534
300,11,280,8713,103,1802,259,9534
300,11,280,8713,103,1802,259,9534
300,11,280,8713,103,1802,259,9534
300,11,280,8713,103,1802,259,9534
300,11,280,8713,103,1802,259,9534
300,11,280,8713,103,1802,259,9534
300,11,280,8713,103,1802,259,9534
300,11,280,8713,103,1802,259,9534
300,11,280,8713,103,1802,259,9534
300,11,280,8713,103,1802,259,9534
300,11,280,8713,103,1802,259,9534
300,11,280,8713,103,1802,259,9534
300,11,280,8713,103,1802,259,9534
300,11,280,8713,103,1802,259,9534
300,11,280,8713,103,1802,259,9534
300,11,280,8713,103,1802,259,9534
300,11,280,8713,103,1802,259,9534
300,11,280,8713,103,1802,259,9534
300,11,280,8713,103,1802,259,9534
300,11,280,8713,103,1802,259,9534
300,11,280,8713,103,1802,259,9534
300,11,280,8713,103,1802,259,9534
300,11,280,8713,103,1802,259,9534
300,11,280,8713,103,1802,259,9534
300,11,280,8713,103,1802,259,9534
300,11,280,8713,103,1802,259,9534
300,11,280,8713,103,1802,259,9534
300,11,280,8713,103,1802,259,9534
300,11,280,8713,103,1802,259,9534
300,11,280,8713,103,1802,259,9534
300,11,280,8713,103,1802,259,9534
300,11,280,8713,103,1802,259,9534
300,11,280,8713,103,1802,259,9534
300,11,280,8713,103,1802,259,9534
300,11,280,8713,103,1802,259,9534
300,11,280,8713,103,1802,259,9534
300,11,280,8713,103,1802,259,9534
300,11,280,8713,103,1802,259,9534
300,11,280,8713,103,1802,259,9534
300,11,280,8713,103,1802,259,9534
300,11,280,8713,103,1802,259,9534
300,11,280,8713,103,1802,259,9534
300,11,280,8713,103,1802,259,9534
300,11,280,8713,103,1802,259,9534
300,11,280,8713,103,1802,259,9534
300,11,280,8713,103,1802,259,9534
300,11,280,8713,103,1802,259,9534
300,11,280,8713,103,1802,259,9534
300,11,280,8713,103,1802,259,9534
300,11,280,8713,103,1802,259,9534
300,11,280,8713,103,1802,259,9534
300,11,280,8713,103,1802,259,9534
300,11,280,8713,103,1802,259,9534
300,11,280,8713,103,1802,259,9534
300,11,280,8713,103,1802,259,9534
300,11,280,8713,103,1802,259,9534
300,11,280,8713,103,1802,259,9534
300,11,280,8713,103,1802,259,9534
300,11,280,8713,103,1802,259,9534
300,11,280,8713,103,1802,259,9534
300,11,280,8713,103,1802,259,9534
300,11,280,8713,103,1802,259,9534
300,11,280,8713,103,1802,259,9534
300,11,280,8713,103,1802,259,9534
300,11,280,8713,103,1802,259,9534
300,11,280,8713,103,1802,259,9534
300,11,280,8713,103,1802,259,9534
300,11,280,8713,103,1802,259,9534
300,11,280,8713,103,1802,259,9534
300,11,280,8713,103,1802,259,9534
300,11,280,8713,103,1802,259,9534
300,11,280,8713,103,1802,259,9534
300,11,280,8713,103,1802,259,9534
300,11,280,8713,103,1802,259,9534
300,11,280,8713,103,1802,259,9534
300,11,280,8713,103,1802,259,9534
300,11,280,8713,103,1802,259,9534
300,11,280,8713,103,1802,259,9534
300,11,280,8713,103,1802,259,9534
300,11,280,8713,103,1802,259,9534
300,11,280,8713,103,1802,259,9534
300,11,280,8713,103,1802,259,9534
300,11,280,8713,103,1802,259,9534
300,11,280,8713,103,1802,259,9534
300,11,280,8713,103,1802,259,9534
300,11,280,8713,103,1802,259,9534
300,11,279,989,103,2617,260,0283
300,11,279,2197,103,3325,260,0936
300,11,279,2197,103,3325,260,0936
300,11,278,7622,103,375,260,1324
300,11,278,7622,103,375,260,1324
300,11,278,7622,103,375,260,1324
300,11,278,7622,103,375,260,1324
300,11,278,7622,103,375,260,1324
300,11,278,7622,103,375,260,1324
300,11,278,7622,103,375,260,1324
300,11,278,7622,103,375,260,1324
300,11,278,7622,103,375,260,1324
300,11,278,7622,103,375,260,1324
300,11,278,7622,103,375,260,1324
300,11,278,7622,103,375,260,1324
300,11,278,7622,103,375,260,1324
300,11,278,7622,103,375,260,1324
300,11,278,7622,103,375,260,1324
300,11,278,7622,103,375,260,1324
300,11,278,7622,103,375,260,1324
300,11,278,7622,103,375,260,1324
300,11,278,7622,103,375,260,1324
300,11,278,7622,103,375,260,1324
300,11,278,7622,103,375,260,1324
300,11,278,7622,103,375,260,1324
300,11,278,7622,103,375,260,1324
300,11,278,7622,103,375,260,1324
300,11,278,7622,103,375,260,1324
300,11,278,7622,103,375,260,1324
300,11,278,7622,103,375,260,1324
300,11,278,7622,103,375,260,1324
300,11,278,7622,103,375,260,1324
300,11,278,7622,103,375,260,1324
300,11,278,7622,103,375,260,1324
300,11,278,7622,103,375,260,1324
300,11,278,7622,103,375,260,1324
300,11,278,7622,103,375,260,1324
300,11,278,7622,103,375,260,1324
300,11,278,7622,103,375,260,1324
300,11,278,7622,103,375,260,1324
300,11,278,7622,103,375,260,1324
300,11,278,7622,103,375,260,1324
300,11,278,7622,103,375,260,1324
300,11,278,7622,103,375,260,1324
300,11,278,7622,103,375,260,1324
300,11,278,7622,103,375,260,1324
300,11,278,7622,103,375,260,1324
300,11,278,7622,103,375,260,1324
300,11,278,7622,103,375,260,1324
300,11,278,7622,103,375,260,1324
300,11,278,7622,103,375,260,1324
300,11,278,7622,103,375,260,1324
300,11,278,7622,103,375,260,1324
300,11,278,7622,103,375,260,1324
300,11,278,7622,103,375,260,1324
300,11,278,7622,103,375,260,1324
300,11,278,7622,103,375,260,1324
300,11,278,7622,103,375,260,1324
300,11,278,7622,103,375,260,1324
300,11,278,7622,103,375,260,1324
300,11,278,7622,103,375,260,1324
300,11,278,7622,103,375,260,1324
300,12,278,7622,103,375,260,1324
300,12,278,7622,103,375,260,1324
300,12,277,9614,103,4863,260,1519
300,12,277,9614,103,4863,260,1519
300,12,277,1152,103,604,260,1724
300,12,276,5637,103,6807,260,1858
300,12,276,5637,103,6807,260,1858
300,12,276,5637,103,6807,260,1858
300,12,276,5637,103,6807,260,1858
300,12,276,5637,103,6807,260,1858
300,12,276,5637,103,6807,260,1858
300,12,276,5637,103,6807,260,1858
300,12,276,5637,103,6807,260,1858
300,12,276,5637,103,6807,260,1858
300,12,276,5637,103,6807,260,1858
300,12,276,5637,103,6807,260,1858
300,12,276,5637,103,6807,260,1858
300,12,276,5637,103,6807,260,1858
300,12,276,5637,103,6807,260,1858
300,12,275,4238,103,7769,260,6046
300,12,275,4238,103,7769,260,6046
300,12,274,9744,103,8149,260,7698
300,12,274,9744,103,8149,260,7698
300,12,274,9744,103,8149,260,7698
300,12,274,9744,103,8149,260,7698
300,12,274,9744,103,8149,260,7698
300,12,274,9744,103,8149,260,7698
300,12,274,9744,103,8149,260,7698
300,12,274,9744,103,8149,260,7698
300,12,274,9744,103,8149,260,7698
300,12,274,9744,103,8149,260,7698
300,12,274,9744,103,8149,260,7698
300,12,274,9744,103,8149,260,7698
300,12,274,9744,103,8149,260,7698
300,12,274,9744,103,8149,260,7698
300,12,274,9744,103,8149,260,7698
300,12,274,9744,103,8149,260,7698
300,12,274,9744,103,8149,260,7698
300,12,274,9744,103,8149,260,7698
300,12,274,9744,103,8149,260,7698
300,12,274,9744,103,8149,260,7698
300,12,274,9744,103,8149,260,7698
300,12,274,9744,103,8149,260,7698
300,12,274,9744,103,8149,260,7698
300,12,274,9744,103,8149,260,7698
300,12,274,9744,103,8149,260,7698
300,12,274,9744,103,8149,260,7698
300,12,274,9744,103,8149,260,7698
300,12,274,9744,103,8149,260,7698
300,12,274,9744,103,8149,260,7698
300,12,274,9744,103,8149,260,7698
300,12,274,9744,103,8149,260,7698
300,12,274,9744,103,8149,260,7698
300,12,274,9744,103,8149,260,7698
300,12,274,9744,103,8149,260,7698
300,12,274,9744,103,8149,260,7698
300,12,274,9744,103,8149,260,7698
300,12,274,9744,103,8149,260,7698
300,12,274,9744,103,8149,260,7698
300,12,274,9744,103,8149,260,7698
300,12,274,9744,103,8149,260,7698
300,12,274,9744,103,8149,260,7698
300,12,274,9744,103,8149,260,7698
300,12,273,4836,103,9766,261,583
300,12,273,3328,103,9932,261,6654
300,12,273,3328,103,9932,261,6654
300,12,273,3328,103,9932,261,6654
300,12,272,4202,104,1089,262,66
300,12,272,1833,104,1392,262,9182
300,12,272,1833,104,1392,262,9182
300,12,272,1833,104,1392,262,9182
300,12,272,1833,104,1392,262,9182
300,12,272,1833,104,1392,262,9182
300,12,272,1833,104,1392,262,9182
300,12,272,1833,104,1392,262,9182
300,12,272,1833,104,1392,262,9182
300,12,272,1833,104,1392,262,9182
300,12,272,1833,104,1392,262,9182
300,13,272,1833,104,1392,262,9182
300,13,272,1833,104,1392,262,9182
300,13,272,1833,104,1392,262,9182
300,13,271,623,104,1904,263,8065
300,13,270,9341,104,2539,264,8989
300,13,270,9341,104,2539,264,8989
300,13,270,875,104,2593,264,9927
300,13,270,875,104,2593,264,9927
300,13,270,875,104,2593,264,9927
300,13,270,875,104,2593,264,9927
300,13,270,875,104,2593,264,9927
300,13,270,875,104,2593,264,9927
300,13,270,875,104,2593,264,9927
300,13,270,875,104,2593,264,9927
300,13,270,875,104,2593,264,9927
300,13,270,875,104,2593,264,9927
300,13,270,875,104,2593,264,9927
300,13,270,875,104,2593,264,9927
300,13,270,875,104,2593,264,9927
300,13,270,875,104,2593,264,9927
300,13,270,875,104,2593,264,9927
300,13,270,875,104,2593,264,9927
300,13,270,875,104,2593,264,9927
300,13,270,875,104,2593,264,9927
300,13,270,875,104,2593,264,9927
300,13,270,875,104,2593,264,9927
300,13,270,875,104,2593,264,9927
300,13,270,875,104,2593,264,9927
300,13,270,875,104,2593,264,9927
300,13,270,875,104,2593,264,9927
300,13,270,875,104,2593,264,9927
300,13,270,875,104,2593,264,9927
300,13,270,875,104,2593,264,9927
300,13,270,875,104,2593,264,9927
300,13,270,875,104,2593,264,9927
300,13,270,875,104,2593,264,9927
300,13,270,875,104,2593,264,9927
300,13,270,875,104,2593,264,9927
300,13,270,875,104,2593,264,9927
300,13,270,875,104,2593,264,9927
300,13,270,875,104,2593,264,9927
300,13,270,875,104,2593,264,9927
300,13,270,875,104,2593,264,9927
300,13,270,875,104,2593,264,9927
300,13,270,875,104,2593,264,9927
300,13,270,875,104,2593,264,9927
300,13,270,875,104,2593,264,9927
300,13,270,875,104,2593,264,9927
300,13,270,875,104,2593,264,9927
300,13,270,875,104,2593,264,9927
300,13,270,875,104,2593,264,9927
300,13,270,875,104,2593,264,9927
300,13,270,875,104,2593,264,9927
300,13,270,875,104,2593,264,9927
300,13,270,875,104,2593,264,9927
300,13,270,875,104,2593,264,9927
300,13,270,875,104,2593,264,9927
300,13,270,875,104,2593,264,9927
300,13,270,875,104,2593,264,9927
300,13,270,875,104,2593,264,9927
300,13,270,875,104,2593,264,9927
300,13,270,875,104,2593,264,9927
300,13,270,875,104,2593,264,9927
300,13,270,875,104,2593,264,9927
300,13,270,875,104,2593,264,9927
300,13,270,875,104,2593,264,9927
300,13,270,875,104,2593,264,9927
300,13,270,875,104,2593,264,9927
300,13,270,875,104,2593,264,9927
300,13,270,875,104,2593,264,9927
300,13,270,875,104,2593,264,9927
300,13,270,875,104,2593,264,9927
300,13,270,875,104,2593,264,9927
300,13,270,875,104,2593,264,9927
300,13,270,875,104,2593,264,9927
300,13,270,875,104,2593,264,9927
300,13,270,875,104,2593,264,9927
300,13,270,875,104,2593,264,9927
300,13,270,875,104,2593,264,9927
300,13,270,875,104,2593,264,9927
300,13,270,875,104,2593,264,9927
300,13,270,875,104,2593,264,9927
300,13,270,875,104,2593,264,9927
300,13,270,875,104,2593,264,9927
300,13,270,875,104,2593,264,9927
300,13,270,875,104,2593,264,9927
300,13,270,875,104,2593,264,9927
300,13,270,875,104,2593,264,9927
300,13,270,875,104,2593,264,9927
300,13,270,875,104,2593,264,9927
300,13,270,875,104,2593,264,9927
300,13,270,875,104,2593,264,9927
300,13,270,875,104,2593,264,9927
300,13,270,875,104,2593,264,9927
300,13,270,875,104,2593,264,9927
300,13,270,875,104,2593,264,9927
300,13,270,875,104,2593,264,9927
300,13,270,875,104,2593,264,9927
300,13,270,875,104,2593,264,9927
300,13,270,875,104,2593,264,9927
300,13,270,875,104,2593,264,9927
300,13,270,875,104,2593,264,9927
300,13,270,875,104,2593,264,9927
300,13,270,875,104,2593,264,9927
300,13,270,875,104,2593,264,9927
300,13,270,875,104,2593,264,9927
300,13,270,875,104,2593,264,9927
300,13,270,875,104,2593,264,9927
300,13,270,875,104,2593,264,9927
300,13,270,875,104,2593,264,9927
300,13,270,875,104,2593,264,9927
300,13,270,875,104,2593,264,9927
300,13,270,875,104,2593,264,9927
300,13,270,875,104,2593,264,9927
300,13,270,875,104,2593,264,9927
300,13,270,875,104,2593,264,9927
300,13,270,324,104,2905,266,0023
300,13,269,8625,104,3169,266,8475
300,13,269,8625,104,3169,266,8475
300,13,269,2764,104,3501,267,9213
300,13,269,2764,104,3501,267,9213
300,13,269,2764,104,3501,267,9213
300,13,268,4949,104,3975,269,4215
300,13,268,4949,104,3975,269,4215
300,13,268,0356,104,4253,270,3035
300,13,267,6548,104,4482,271,0347
300,13,267,6548,104,4482,271,0347
300,13,267,6548,104,4482,271,0347
300,13,267,6548,104,4482,271,0347
300,13,267,6548,104,4482,271,0347
300,13,267,6548,104,4482,271,0347
300,13,267,6548,104,4482,271,0347
300,13,267,6548,104,4482,271,0347
300,13,267,6548,104,4482,271,0347
300,14,267,6548,104,4482,271,0347
300,14,267,6548,104,4482,271,0347
300,14,267,6548,104,4482,271,0347
300,14,267,2629,104,4761,271,7694
300,14,266,5771,104,5244,273,0549
300,14,266,5771,104,5244,273,0549
300,14,266,0769,104,5601,273,9927
300,14,266,0769,104,5601,273,9927
300,14,266,0769,104,5601,273,9927
300,14,266,0769,104,5601,273,9927
300,14,266,0769,104,5601,273,9927
300,14,266,0769,104,5601,273,9927
300,14,266,0769,104,5601,273,9927
300,14,266,0769,104,5601,273,9927
300,14,266,0769,104,5601,273,9927
300,14,266,0769,104,5601,273,9927
300,14,266,0769,104,5601,273,9927
300,14,266,0769,104,5601,273,9927
300,14,266,0769,104,5601,273,9927
300,14,266,0769,104,5601,273,9927
300,14,266,0769,104,5601,273,9927
300,14,266,0769,104,5601,273,9927
300,14,266,0769,104,5601,273,9927
300,14,266,0769,104,5601,273,9927
300,14,266,0769,104,5601,273,9927
300,14,266,0769,104,5601,273,9927
300,14,266,0769,104,5601,273,9927
300,14,266,0769,104,5601,273,9927
300,14,266,0769,104,5601,273,9927
300,14,266,0769,104,5601,273,9927
300,14,266,0769,104,5601,273,9927
300,14,266,0769,104,5601,273,9927
300,14,266,0769,104,5601,273,9927
300,14,266,0769,104,5601,273,9927
300,14,266,0769,104,5601,273,9927
300,14,266,0769,104,5601,273,9927
300,14,266,0769,104,5601,273,9927
300,14,266,0769,104,5601,273,9927
300,14,266,0769,104,5601,273,9927
300,14,266,0769,104,5601,273,9927
300,14,266,0769,104,5601,273,9927
300,14,266,0769,104,5601,273,9927
300,14,266,0769,104,5601,273,9927
300,14,266,0769,104,5601,273,9927
300,14,266,0769,104,5601,273,9927
300,14,266,0769,104,5601,273,9927
300,14,266,0769,104,5601,273,9927
300,14,266,0769,104,5601,273,9927
300,14,266,0769,104,5601,273,9927
300,14,266,0769,104,5601,273,9927
300,14,266,0769,104,5601,273,9927
300,14,266,0769,104,5601,273,9927
300,14,266,0769,104,5601,273,9927
300,14,266,0769,104,5601,273,9927
300,14,265,7493,104,5869,274,7876
300,14,265,7493,104,5869,274,7876
300,14,265,3967,104,6152,275,6427
300,14,264,917,104,6543,276,8066
300,14,264,917,104,6543,276,8066
300,14,264,707,104,6714,277,3158
300,14,264,707,104,6714,277,3158
300,14,264,707,104,6714,277,3158
300,14,264,707,104,6714,277,3158
300,14,264,707,104,6714,277,3158
300,14,264,707,104,6714,277,3158
300,14,264,707,104,6714,277,3158
300,14,264,707,104,6714,277,3158
300,14,264,707,104,6714,277,3158
300,14,264,707,104,6714,277,3158
300,14,264,707,104,6714,277,3158
300,14,264,707,104,6714,277,3158
300,14,264,707,104,6714,277,3158
300,14,264,707,104,6714,277,3158
300,14,264,707,104,6714,277,3158
300,14,264,707,104,6714,277,3158
300,14,264,707,104,6714,277,3158
300,14,264,707,104,6714,277,3158
300,14,264,707,104,6714,277,3158
300,14,264,707,104,6714,277,3158
300,14,264,707,104,6714,277,3158
300,14,264,707,104,6714,277,3158
300,14,264,707,104,6714,277,3158
300,14,264,707,104,6714,277,3158
300,14,264,707,104,6714,277,3158
300,14,264,707,104,6714,277,3158
300,14,264,707,104,6714,277,3158
300,14,264,707,104,6714,277,3158
300,14,264,707,104,6714,277,3158
300,14,264,707,104,6714,277,3158
300,14,264,707,104,6714,277,3158
300,14,264,707,104,6714,277,3158
300,14,264,707,104,6714,277,3158
300,14,264,707,104,6714,277,3158
300,14,264,707,104,6714,277,3158
300,14,264,707,104,6714,277,3158
300,14,264,707,104,6714,277,3158
300,14,264,707,104,6714,277,3158
300,14,264,707,104,6714,277,3158
300,14,264,707,104,6714,277,3158
300,14,264,707,104,6714,277,3158
300,14,264,707,104,6714,277,3158
300,14,264,707,104,6714,277,3158
300,14,264,707,104,6714,277,3158
300,14,264,3013,104,6948,278,2632
300,14,264,3013,104,6948,278,2632
300,14,263,9673,104,7144,279,0425
300,14,263,6001,104,7354,279,8999
300,14,263,6001,104,7354,279,8999
300,14,263,6001,104,7354,279,8999
300,14,263,6001,104,7354,279,8999
300,14,263,6001,104,7354,279,8999
300,14,263,6001,104,7354,279,8999
300,14,263,6001,104,7354,279,8999
300,14,263,6001,104,7354,279,8999
300,14,263,6001,104,7354,279,8999
300,14,263,6001,104,7354,279,8999
300,14,263,6001,104,7354,279,8999
300,14,263,6001,104,7354,279,8999
300,14,263,6001,104,7354,279,8999
300,14,263,6001,104,7354,279,8999
300,14,263,6001,104,7354,279,8999
300,14,263,6001,104,7354,279,8999
300,14,263,6001,104,7354,279,8999
300,14,263,6001,104,7354,279,8999
300,14,263,6001,104,7354,279,8999
300,14,263,6001,104,7354,279,8999
300,14,263,6001,104,7354,279,8999
300,14,263,6001,104,7354,279,8999
300,14,263,6001,104,7354,279,8999
300,14,263,6001,104,7354,279,8999
300,14,263,6001,104,7354,279,8999
300,14,263,6001,104,7354,279,8999
300,14,263,6001,104,7354,279,8999
300,14,263,6001,104,7354,279,8999
300,14,263,6001,104,7354,279,8999
300,14,263,6001,104,7354,279,8999
300,14,263,6001,104,7354,279,8999
300,14,263,6001,104,7354,279,8999
300,14,263,6001,104,7354,279,8999
300,14,263,6001,104,7354,279,8999
300,14,263,6001,104,7354,279,8999
300,14,263,6001,104,7354,279,8999
300,14,263,6001,104,7354,279,8999
300,14,263,6001,104,7354,279,8999
300,14,263,6001,104,7354,279,8999
300,14,263,6001,104,7354,279,8999
300,14,263,6001,104,7354,279,8999
300,14,263,6001,104,7354,279,8999
300,14,263,6001,104,7354,279,8999
300,14,263,6001,104,7354,279,8999
300,14,263,6001,104,7354,279,8999
300,14,263,6001,104,7354,279,8999
300,14,263,6001,104,7354,279,8999
300,14,263,6001,104,7354,279,8999
300,14,263,6001,104,7354,279,8999
300,14,263,6001,104,7354,279,8999
300,14,263,6001,104,7354,279,8999
300,14,263,6001,104,7354,279,8999
300,14,263,6001,104,7354,279,8999
300,14,263,6001,104,7354,279,8999
300,14,263,6001,104,7354,279,8999
300,14,263,6001,104,7354,279,8999
300,14,263,6001,104,7354,279,8999
300,14,263,6001,104,7354,279,8999
300,14,263,6001,104,7354,279,8999
300,14,263,6001,104,7354,279,8999
300,14,263,6001,104,7354,279,8999
300,14,263,6001,104,7354,279,8999
300,15,263,6001,104,7354,279,8999
300,15,263,6001,104,7354,279,8999
300,15,263,6001,104,7354,279,8999
300,15,263,2039,104,7461,281,1469
300,15,262,9063,104,7544,282,0833
300,15,262,9063,104,7544,282,0833
300,15,262,8701,104,7554,282,1968
300,15,262,8701,104,7554,282,1968
300,15,262,8701,104,7554,282,1968
300,15,262,8701,104,7554,282,1968
300,15,262,8701,104,7554,282,1968
300,15,262,8701,104,7554,282,1968
300,15,262,8701,104,7554,282,1968
300,15,262,8701,104,7554,282,1968
300,15,262,8701,104,7554,282,1968
300,15,262,8701,104,7554,282,1968
300,15,262,8701,104,7554,282,1968
300,15,262,8701,104,7554,282,1968
300,15,262,8701,104,7554,282,1968
300,15,262,6555,104,729,283,5016
300,15,262,5129,104,7114,284,3678
300,15,262,5129,104,7114,284,3678
300,15,262,5129,104,7114,284,3678
300,15,262,5129,104,7114,284,3678
300,15,262,5129,104,7114,284,3678
300,15,262,5129,104,7114,284,3678
300,15,262,5129,104,7114,284,3678
300,15,262,5129,104,7114,284,3678
300,15,262,5129,104,7114,284,3678
300,15,262,5129,104,7114,284,3678
300,15,262,5129,104,7114,284,3678
300,15,262,5129,104,7114,284,3678
300,15,262,5129,104,7114,284,3678
300,15,262,5129,104,7114,284,3678
300,15,262,5129,104,7114,284,3678
300,15,262,5129,104,7114,284,3678
300,15,262,5129,104,7114,284,3678
300,15,262,5129,104,7114,284,3678
300,15,262,5129,104,7114,284,3678
300,15,262,5129,104,7114,284,3678
300,15,262,5129,104,7114,284,3678
300,15,262,5129,104,7114,284,3678
300,15,262,5129,104,7114,284,3678
300,15,262,5129,104,7114,284,3678
300,15,262,5129,104,7114,284,3678
300,15,262,5129,104,7114,284,3678
300,15,262,5129,104,7114,284,3678
300,15,262,5129,104,7114,284,3678
300,15,262,5129,104,7114,284,3678
300,15,262,5129,104,7114,284,3678
300,15,262,5129,104,7114,284,3678
300,15,262,5129,104,7114,284,3678
300,15,262,5129,104,7114,284,3678
300,15,262,5129,104,7114,284,3678
300,15,262,5129,104,7114,284,3678
300,15,262,5129,104,7114,284,3678
300,15,262,5129,104,7114,284,3678
300,15,262,5129,104,7114,284,3678
300,15,262,5129,104,7114,284,3678
300,15,262,5129,104,7114,284,3678
300,15,262,5129,104,7114,284,3678
300,15,262,5129,104,7114,284,3678
300,15,262,5129,104,7114,284,3678
300,15,262,5129,104,7114,284,3678
300,15,262,5129,104,7114,284,3678
300,15,262,5129,104,7114,284,3678
300,15,262,5129,104,7114,284,3678
300,15,262,5129,104,7114,284,3678
300,15,262,6924,104,6543,285,3197
300,15,262,8896,104,5918,286,3661
300,15,262,8896,104,5918,286,3661
300,15,262,8896,104,5918,286,3661
300,15,262,8896,104,5918,286,3661
300,15,262,8896,104,5918,286,3661
300,15,262,8896,104,5918,286,3661
300,15,262,8896,104,5918,286,3661
300,15,262,8896,104,5918,286,3661
300,15,262,8896,104,5918,286,3661
300,15,262,8896,104,5918,286,3661
300,16,262,8896,104,5918,286,3661
300,16,262,8896,104,5918,286,3661
300,16,262,8896,104,5918,286,3661
300,16,263,2512,104,4873,287,3203
300,16,263,2512,104,4873,287,3203
300,16,263,5989,104,3872,288,238
300,16,263,5989,104,3872,288,238
300,16,263,751,104,3433,288,6396
300,16,263,751,104,3433,288,6396
300,16,263,751,104,3433,288,6396
300,16,263,751,104,3433,288,6396
300,16,263,751,104,3433,288,6396
300,16,263,751,104,3433,288,6396
300,16,263,751,104,3433,288,6396
300,16,263,751,104,3433,288,6396
300,16,263,751,104,3433,288,6396
300,16,263,751,104,3433,288,6396
300,16,263,751,104,3433,288,6396
300,16,263,751,104,3433,288,6396
300,16,263,751,104,3433,288,6396
300,16,263,751,104,3433,288,6396
300,16,263,751,104,3433,288,6396
300,16,263,751,104,3433,288,6396
300,16,263,751,104,3433,288,6396
300,16,263,751,104,3433,288,6396
300,16,263,751,104,3433,288,6396
300,16,263,751,104,3433,288,6396
300,16,263,751,104,3433,288,6396
300,16,263,751,104,3433,288,6396
300,16,263,751,104,3433,288,6396
300,16,263,751,104,3433,288,6396
300,16,263,751,104,3433,288,6396
300,16,263,751,104,3433,288,6396
300,16,264,5071,104,1895,289,5732
300,16,264,5071,104,1895,289,5732
300,16,265,2041,104,0479,290,434
300,16,265,2041,104,0479,290,434
300,16,265,5417,103,979,290,8508
300,16,265,5417,103,979,290,8508
300,16,265,5417,103,979,290,8508
300,16,265,5417,103,979,290,8508
300,16,265,5417,103,979,290,8508
300,16,265,5417,103,979,290,8508
300,16,265,5417,103,979,290,8508
300,16,265,5417,103,979,290,8508
300,16,265,5417,103,979,290,8508
300,16,265,5417,103,979,290,8508
300,16,265,5417,103,979,290,8508
300,16,265,5417,103,979,290,8508
300,16,265,5417,103,979,290,8508
300,17,265,5417,103,979,290,8508
300,17,265,5417,103,979,290,8508
300,17,265,5417,103,979,290,8508
300,17,265,5417,103,979,290,8508
300,17,266,627,103,771,291,9156
300,17,266,627,103,771,291,9156
300,17,267,6477,103,5752,292,9174
300,17,267,6477,103,5752,292,9174
300,17,267,6477,103,5752,292,9174
300,17,267,6477,103,5752,292,9174
300,17,267,6477,103,5752,292,9174
300,17,267,6477,103,5752,292,9174
300,17,267,6477,103,5752,292,9174
300,17,268,6206,103,3877,293,7472
300,17,268,6206,103,3877,293,7472
300,17,269,7244,103,1753,294,6887
300,17,269,7244,103,1753,294,6887
300,17,269,9509,103,1318,294,8821
300,17,269,9509,103,1318,294,8821
300,17,269,9509,103,1318,294,8821
300,17,269,9509,103,1318,294,8821
300,17,269,9509,103,1318,294,8821
300,17,269,9509,103,1318,294,8821
300,17,269,9509,103,1318,294,8821
300,17,269,9509,103,1318,294,8821
300,17,269,9509,103,1318,294,8821
300,17,269,9509,103,1318,294,8821
300,17,269,9509,103,1318,294,8821
300,17,269,9509,103,1318,294,8821
300,17,269,9509,103,1318,294,8821
300,17,269,9509,103,1318,294,8821
300,17,269,9509,103,1318,294,8821
300,17,269,9509,103,1318,294,8821
300,17,269,9509,103,1318,294,8821
300,17,269,9509,103,1318,294,8821
300,17,269,9509,103,1318,294,8821
300,17,269,9509,103,1318,294,8821
300,17,269,9509,103,1318,294,8821
300,17,269,9509,103,1318,294,8821
300,17,271,3472,102,875,295,8124
300,17,271,3472,102,875,295,8124
300,17,272,3037,102,6992,296,4497
300,17,272,3037,102,6992,296,4497
300,17,272,3037,102,6992,296,4497
300,17,272,3037,102,6992,296,4497
300,17,272,3037,102,6992,296,4497
300,17,272,3037,102,6992,296,4497
300,17,272,3037,102,6992,296,4497
300,17,272,3037,102,6992,296,4497
300,17,272,3037,102,6992,296,4497
300,17,272,3037,102,6992,296,4497
300,17,272,3037,102,6992,296,4497
300,17,272,3037,102,6992,296,4497
300,17,272,3037,102,6992,296,4497
300,17,272,3037,102,6992,296,4497
300,17,272,3037,102,6992,296,4497
300,17,272,3037,102,6992,296,4497
300,17,272,3037,102,6992,296,4497
300,17,272,3037,102,6992,296,4497
300,17,272,3037,102,6992,296,4497
300,17,272,3037,102,6992,296,4497
300,17,272,3037,102,6992,296,4497
300,17,272,3037,102,6992,296,4497
300,17,272,3037,102,6992,296,4497
300,17,272,3037,102,6992,296,4497
300,17,272,3037,102,6992,296,4497
300,17,272,3037,102,6992,296,4497
300,17,272,3037,102,6992,296,4497
300,17,272,3037,102,6992,296,4497
300,17,273,637,102,4624,297,2501
300,17,273,637,102,4624,297,2501
300,17,275,1138,102,1997,298,1367
300,17,275,1138,102,1997,298,1367
300,17,275,1138,102,1997,298,1367
300,17,275,1138,102,1997,298,1367
300,17,275,1138,102,1997,298,1367
300,17,275,1138,102,1997,298,1367
300,17,275,1138,102,1997,298,1367
300,17,275,1138,102,1997,298,1367
300,17,275,1138,102,1997,298,1367
300,17,275,1138,102,1997,298,1367
300,18,275,1138,102,1997,298,1367
300,18,275,1138,102,1997,298,1367
300,18,275,1138,102,1997,298,1367
300,18,275,1138,102,1997,298,1367
300,18,275,1138,102,1997,298,1367
300,18,276,5154,101,9565,298,9912
300,18,276,5154,101,9565,298,9912
300,18,276,5154,101,9565,298,9912
300,18,277,9111,101,7144,299,8422
300,18,277,9111,101,7144,299,8422
300,18,277,9111,101,7144,299,8422
300,18,277,9111,101,7144,299,8422
300,18,277,9111,101,7144,299,8422
300,18,277,9111,101,7144,299,8422
300,18,277,9111,101,7144,299,8422
300,18,277,9111,101,7144,299,8422
300,18,277,9111,101,7144,299,8422
300,18,277,9111,101,7144,299,8422
300,18,277,9111,101,7144,299,8422
300,18,277,9111,101,7144,299,8422
300,18,277,9111,101,7144,299,8422
300,18,277,9111,101,7144,299,8422
300,18,277,9111,101,7144,299,8422
300,18,277,9111,101,7144,299,8422
300,18,277,9111,101,7144,299,8422
300,18,277,9111,101,7144,299,8422
300,18,277,9111,101,7144,299,8422
300,18,277,9111,101,7144,299,8422
300,18,277,9111,101,7144,299,8422
300,18,277,9111,101,7144,299,8422
300,18,277,9111,101,7144,299,8422
300,18,279,3804,101,4634,300,7994
300,18,279,3804,101,4634,300,7994
300,18,279,3804,101,4634,300,7994
300,18,280,8582,101,2109,301,7622
300,18,280,8582,101,2109,301,7622
300,18,280,8582,101,2109,301,7622
300,18,280,8582,101,2109,301,7622
300,18,280,8582,101,2109,301,7622
300,18,280,8582,101,2109,301,7622
300,18,280,8582,101,2109,301,7622
300,18,280,8582,101,2109,301,7622
300,18,280,8582,101,2109,301,7622
300,18,280,8582,101,2109,301,7622
300,18,280,8582,101,2109,301,7622
300,18,280,8582,101,2109,301,7622
300,19,280,8582,101,2109,301,7622
300,19,280,8582,101,2109,301,7622
300,19,280,8582,101,2109,301,7622
300,19,280,8582,101,2109,301,7622
300,19,280,8582,101,2109,301,7622
300,19,280,8582,101,2109,301,7622
300,19,282,3335,100,9814,302,4907
300,19,282,3335,100,9814,302,4907
300,19,282,3335,100,9814,302,4907
300,19,283,8044,100,7524,303,2169
300,19,283,8044,100,7524,303,2169
300,19,283,8044,100,7524,303,2169
300,19,283,8044,100,7524,303,2169
300,19,283,8044,100,7524,303,2169
300,19,283,8044,100,7524,303,2169
300,19,283,8044,100,7524,303,2169
300,19,283,8044,100,7524,303,2169
300,19,283,8044,100,7524,303,2169
300,19,283,8044,100,7524,303,2169
300,19,283,8044,100,7524,303,2169
300,19,283,8044,100,7524,303,2169
300,19,285,3635,100,5015,304,153
300,19,285,3635,100,5015,304,153
300,19,286,457,100,3252,304,8094
300,19,286,457,100,3252,304,8094
300,19,286,457,100,3252,304,8094
300,19,286,457,100,3252,304,8094
300,19,286,457,100,3252,304,8094
300,19,286,457,100,3252,304,8094
300,19,286,457,100,3252,304,8094
300,19,286,457,100,3252,304,8094
300,19,286,457,100,3252,304,8094
300,19,286,457,100,3252,304,8094
300,19,286,457,100,3252,304,8094
300,19,286,457,100,3252,304,8094
300,19,286,457,100,3252,304,8094
300,19,286,457,100,3252,304,8094
300,19,286,457,100,3252,304,8094
300,19,286,457,100,3252,304,8094
300,19,286,457,100,3252,304,8094
300,19,286,457,100,3252,304,8094
300,19,286,457,100,3252,304,8094
300,19,286,457,100,3252,304,8094
300,19,286,457,100,3252,304,8094
300,19,286,457,100,3252,304,8094
300,19,286,457,100,3252,304,8094
300,19,286,457,100,3252,304,8094
300,19,286,457,100,3252,304,8094
300,19,286,457,100,3252,304,8094
300,19,286,457,100,3252,304,8094
300,19,286,457,100,3252,304,8094
300,19,286,457,100,3252,304,8094
300,19,286,457,100,3252,304,8094
300,19,286,457,100,3252,304,8094
300,19,286,457,100,3252,304,8094
300,19,286,457,100,3252,304,8094
300,19,286,457,100,3252,304,8094
300,19,286,457,100,3252,304,8094
300,19,286,457,100,3252,304,8094
300,19,286,457,100,3252,304,8094
300,19,286,457,100,3252,304,8094
300,19,286,457,100,3252,304,8094
300,19,286,457,100,3252,304,8094
300,19,286,457,100,3252,304,8094
300,19,286,457,100,3252,304,8094
300,19,286,457,100,3252,304,8094
300,19,286,457,100,3252,304,8094
300,19,286,457,100,3252,304,8094
300,19,286,457,100,3252,304,8094
300,19,286,457,100,3252,304,8094
300,19,288,2051,100,0449,305,8649
300,19,288,2051,100,0449,305,8649
300,19,288,2051,100,0449,305,8649
300,19,289,0898,99,90283,306,399
300,19,289,0898,99,90283,306,399
300,19,289,0898,99,90283,306,399
300,19,289,0898,99,90283,306,399
300,19,289,0898,99,90283,306,399
300,19,289,0898,99,90283,306,399
300,19,289,0898,99,90283,306,399
300,19,289,0898,99,90283,306,399
300,19,289,0898,99,90283,306,399
300,19,289,0898,99,90283,306,399
300,19,289,0898,99,90283,306,399
300,19,289,0898,99,90283,306,399
300,19,289,0898,99,90283,306,399
300,19,289,0898,99,90283,306,399
300,19,289,0898,99,90283,306,399
300,19,289,0898,99,90283,306,399
300,19,289,0898,99,90283,306,399
300,19,289,0898,99,90283,306,399
300,19,289,0898,99,90283,306,399
300,19,289,0898,99,90283,306,399
300,19,289,0898,99,90283,306,399
300,19,289,0898,99,90283,306,399
300,19,289,0898,99,90283,306,399
300,19,289,0898,99,90283,306,399
300,19,289,0898,99,90283,306,399
300,19,289,0898,99,90283,306,399
300,19,289,0898,99,90283,306,399
300,19,289,0898,99,90283,306,399
300,19,289,0898,99,90283,306,399
300,19,289,0898,99,90283,306,399
300,19,289,0898,99,90283,306,399
300,19,289,0898,99,90283,306,399
300,19,289,0898,99,90283,306,399
300,19,289,0898,99,90283,306,399
300,19,289,0898,99,90283,306,399
300,19,289,0898,99,90283,306,399
300,19,289,0898,99,90283,306,399
300,19,289,0898,99,90283,306,399
300,19,289,0898,99,90283,306,399
300,19,289,0898,99,90283,306,399
300,19,289,0898,99,90283,306,399
300,19,289,0898,99,90283,306,399
300,19,289,0898,99,90283,306,399
300,19,289,0898,99,90283,306,399
300,19,289,0898,99,90283,306,399
300,19,289,0898,99,90283,306,399
300,19,289,0898,99,90283,306,399
300,19,289,0898,99,90283,306,399
300,19,289,0898,99,90283,306,399
300,19,289,0898,99,90283,306,399
300,19,289,0898,99,90283,306,399
300,19,289,0898,99,90283,306,399
300,19,289,0898,99,90283,306,399
300,19,289,0898,99,90283,306,399
300,19,289,0898,99,90283,306,399
300,19,289,0898,99,90283,306,399
300,19,289,0898,99,90283,306,399
300,19,289,0898,99,90283,306,399
300,19,289,0898,99,90283,306,399
300,19,289,0898,99,90283,306,399
300,19,289,0898,99,90283,306,399
300,19,289,0898,99,90283,306,399
300,19,289,0898,99,90283,306,399
300,19,289,0898,99,90283,306,399
300,19,289,0898,99,90283,306,399
300,19,289,0898,99,90283,306,399
300,19,289,0898,99,90283,306,399
300,19,289,0898,99,90283,306,399
300,19,289,0898,99,90283,306,399
300,19,289,0898,99,90283,306,399
300,19,290,7749,99,64063,307,3065
300,19,290,7749,99,64063,307,3065
300,19,290,7749,99,64063,307,3065
300,19,291,7744,99,48535,307,8447
300,19,291,7744,99,48535,307,8447
300,19,291,7744,99,48535,307,8447
300,19,291,7744,99,48535,307,8447
300,19,291,7744,99,48535,307,8447
300,19,291,7744,99,48535,307,8447
300,19,291,7744,99,48535,307,8447
300,19,291,7744,99,48535,307,8447
300,19,291,7744,99,48535,307,8447
300,19,291,7744,99,48535,307,8447
300,19,291,7744,99,48535,307,8447
300,19,291,7744,99,48535,307,8447
300,19,291,7744,99,48535,307,8447
300,19,291,7744,99,48535,307,8447
300,19,291,7744,99,48535,307,8447
300,19,291,7744,99,48535,307,8447
300,19,291,7744,99,48535,307,8447
300,19,291,7744,99,48535,307,8447
300,19,291,7744,99,48535,307,8447
300,19,291,7744,99,48535,307,8447
300,19,291,7744,99,48535,307,8447
300,19,291,7744,99,48535,307,8447
300,19,291,7744,99,48535,307,8447
300,19,291,7744,99,48535,307,8447
300,19,291,7744,99,48535,307,8447
300,19,291,7744,99,48535,307,8447
300,19,291,7744,99,48535,307,8447
300,19,291,7744,99,48535,307,8447
300,19,291,7744,99,48535,307,8447
300,19,291,7744,99,48535,307,8447
300,19,291,7744,99,48535,307,8447
300,19,291,7744,99,48535,307,8447
300,19,291,7744,99,48535,307,8447
300,19,291,7744,99,48535,307,8447
300,19,291,7744,99,48535,307,8447
300,19,291,7744,99,48535,307,8447
300,19,291,7744,99,48535,307,8447
300,19,291,7744,99,48535,307,8447
300,19,291,7744,99,48535,307,8447
300,19,291,7744,99,48535,307,8447
300,19,291,7744,99,48535,307,8447
300,19,291,7744,99,48535,307,8447
300,19,291,7744,99,48535,307,8447
300,19,291,7744,99,48535,307,8447
300,19,291,7744,99,48535,307,8447
300,19,291,7744,99,48535,307,8447
300,19,291,7744,99,48535,307,8447
300,19,291,7744,99,48535,307,8447
300,19,291,7744,99,48535,307,8447
300,19,291,7744,99,48535,307,8447
300,19,291,7744,99,48535,307,8447
300,19,291,7744,99,48535,307,8447
300,19,293,2261,99,25732,308,6682
300,19,293,2261,99,25732,308,6682
300,19,294,7637,99,01514,309,5405
300,19,294,7637,99,01514,309,5405
300,19,294,7637,99,01514,309,5405
300,19,295,0261,98,97412,309,6893
300,19,295,0261,98,97412,309,6893
300,19,295,0261,98,97412,309,6893
300,19,295,0261,98,97412,309,6893
300,19,295,0261,98,97412,309,6893
300,19,295,0261,98,97412,309,6893
300,19,295,0261,98,97412,309,6893
300,19,295,0261,98,97412,309,6893
300,19,295,0261,98,97412,309,6893
300,19,295,0261,98,97412,309,6893
300,19,295,0261,98,97412,309,6893
300,19,295,0261,98,97412,309,6893
300,19,295,0261,98,97412,309,6893
300,19,295,0261,98,97412,309,6893
300,19,295,0261,98,97412,309,6893
300,19,295,0261,98,97412,309,6893
300,19,295,0261,98,97412,309,6893
300,19,295,0261,98,97412,309,6893
300,19,295,0261,98,97412,309,6893
300,19,295,0261,98,97412,309,6893
300,19,295,0261,98,97412,309,6893
300,19,295,0261,98,97412,309,6893
300,19,295,0261,98,97412,309,6893
300,19,295,0261,98,97412,309,6893
300,19,295,0261,98,97412,309,6893
300,19,295,0261,98,97412,309,6893
300,19,295,0261,98,97412,309,6893
300,19,295,0261,98,97412,309,6893
300,19,295,0261,98,97412,309,6893
300,19,295,0261,98,97412,309,6893
300,19,295,0261,98,97412,309,6893
300,19,295,0261,98,97412,309,6893
300,19,295,0261,98,97412,309,6893
300,19,295,0261,98,97412,309,6893
300,19,295,0261,98,97412,309,6893
300,19,295,0261,98,97412,309,6893
300,19,295,0261,98,97412,309,6893
300,19,295,0261,98,97412,309,6893
300,19,295,0261,98,97412,309,6893
300,19,295,0261,98,97412,309,6893
300,19,295,0261,98,97412,309,6893
300,19,295,0261,98,97412,309,6893
300,19,295,0261,98,97412,309,6893
300,19,295,0261,98,97412,309,6893
300,19,295,0261,98,97412,309,6893
300,19,295,0261,98,97412,309,6893
300,19,295,0261,98,97412,309,6893
300,19,295,0261,98,97412,309,6893
300,19,295,0261,98,97412,309,6893
300,19,295,0261,98,97412,309,6893
300,19,295,0261,98,97412,309,6893
300,19,295,0261,98,97412,309,6893
300,19,295,0261,98,97412,309,6893
300,19,295,0261,98,97412,309,6893
300,19,295,0261,98,97412,309,6893
300,19,295,0261,98,97412,309,6893
300,19,295,0261,98,97412,309,6893
300,19,295,0261,98,97412,309,6893
300,19,295,0261,98,97412,309,6893
300,19,295,0261,98,97412,309,6893
300,19,295,0261,98,97412,309,6893
300,19,295,0261,98,97412,309,6893
300,19,295,0261,98,97412,309,6893
300,19,295,0261,98,97412,309,6893
300,19,295,0261,98,97412,309,6893
300,19,295,0261,98,97412,309,6893
300,19,296,4229,98,75635,310,4542
300,19,296,4229,98,75635,310,4542
300,19,296,4229,98,75635,310,4542
300,19,296,4229,98,75635,310,4542
300,19,296,4229,98,75635,310,4542
300,19,297,6233,98,56885,311,1117
300,19,297,6233,98,56885,311,1117
300,19,297,6233,98,56885,311,1117
300,19,297,6233,98,56885,311,1117
300,19,297,6233,98,56885,311,1117
300,19,297,6233,98,56885,311,1117
300,19,297,6233,98,56885,311,1117
300,19,297,6233,98,56885,311,1117
300,19,297,6233,98,56885,311,1117
300,19,297,6233,98,56885,311,1117
300,19,297,6233,98,56885,311,1117
300,19,297,6233,98,56885,311,1117
300,19,297,6233,98,56885,311,1117
300,19,297,6233,98,56885,311,1117
300,19,297,6233,98,56885,311,1117
300,19,297,6233,98,56885,311,1117
300,19,297,6233,98,56885,311,1117
300,19,297,6233,98,56885,311,1117
300,19,297,6233,98,56885,311,1117
300,19,297,6233,98,56885,311,1117
300,19,297,6233,98,56885,311,1117
300,19,297,6233,98,56885,311,1117
300,19,297,6233,98,56885,311,1117
300,19,297,6233,98,56885,311,1117
300,19,297,6233,98,56885,311,1117
300,19,297,6233,98,56885,311,1117
300,19,297,6233,98,56885,311,1117
300,19,297,6233,98,56885,311,1117
300,19,297,6233,98,56885,311,1117
300,19,297,6233,98,56885,311,1117
300,19,297,6233,98,56885,311,1117
300,19,297,6233,98,56885,311,1117
300,19,297,6233,98,56885,311,1117
300,19,297,6233,98,56885,311,1117
300,19,297,6233,98,56885,311,1117
300,19,297,6233,98,56885,311,1117
300,19,297,6233,98,56885,311,1117
300,19,297,6233,98,56885,311,1117
300,19,297,6233,98,56885,311,1117
300,19,297,6233,98,56885,311,1117
300,19,297,6233,98,56885,311,1117
300,19,299,0986,98,33887,311,9054
300,19,299,0986,98,33887,311,9054
300,19,299,0986,98,33887,311,9054
300,19,300,5984,98,10498,312,7124
300,19,300,5984,98,10498,312,7124
300,19,300,5984,98,10498,312,7124
300,19,300,5984,98,10498,312,7124
300,19,300,5984,98,10498,312,7124
300,19,300,5984,98,10498,312,7124
300,19,300,5984,98,10498,312,7124
300,19,300,5984,98,10498,312,7124
300,19,300,5984,98,10498,312,7124
300,19,300,5984,98,10498,312,7124
300,19,300,5984,98,10498,312,7124
300,19,300,5984,98,10498,312,7124
300,19,300,5984,98,10498,312,7124
300,19,300,5984,98,10498,312,7124
300,19,300,5984,98,10498,312,7124
300,19,300,5984,98,10498,312,7124
300,19,300,5984,98,10498,312,7124
300,19,300,5984,98,10498,312,7124
300,19,300,5984,98,10498,312,7124
300,19,300,5984,98,10498,312,7124
300,19,300,5984,98,10498,312,7124
300,19,300,5984,98,10498,312,7124
300,19,300,5984,98,10498,312,7124
300,19,300,5984,98,10498,312,7124
300,19,300,5984,98,10498,312,7124
300,19,300,5984,98,10498,312,7124
300,19,300,5984,98,10498,312,7124
300,19,300,5984,98,10498,312,7124
300,19,300,5984,98,10498,312,7124
300,19,300,5984,98,10498,312,7124
300,19,300,5984,98,10498,312,7124
300,19,300,5984,98,10498,312,7124
300,19,300,5984,98,10498,312,7124
300,19,300,5984,98,10498,312,7124
300,19,300,5984,98,10498,312,7124
300,19,300,5984,98,10498,312,7124
300,19,300,5984,98,10498,312,7124
300,19,300,5984,98,10498,312,7124
300,19,300,5984,98,10498,312,7124
300,19,300,5984,98,10498,312,7124
300,19,300,5984,98,10498,312,7124
300,19,300,5984,98,10498,312,7124
300,19,300,5984,98,10498,312,7124
300,19,300,5984,98,10498,312,7124
300,19,300,5984,98,10498,312,7124
300,19,300,5984,98,10498,312,7124
300,19,300,5984,98,10498,312,7124
300,19,300,5984,98,10498,312,7124
300,19,300,5984,98,10498,312,7124
300,19,300,5984,98,10498,312,7124
300,19,300,5984,98,10498,312,7124
300,19,300,5984,98,10498,312,7124
300,19,300,5984,98,10498,312,7124
300,19,300,5984,98,10498,312,7124
300,19,300,5984,98,10498,312,7124
300,19,300,5984,98,10498,312,7124
300,19,300,5984,98,10498,312,7124
300,19,300,5984,98,10498,312,7124
300,19,300,5984,98,10498,312,7124
300,19,300,5984,98,10498,312,7124
300,19,300,5984,98,10498,312,7124
300,19,300,5984,98,10498,312,7124
300,19,300,5984,98,10498,312,7124
300,19,300,5984,98,10498,312,7124
300,19,300,5984,98,10498,312,7124
300,19,300,5984,98,10498,312,7124
300,19,300,5984,98,10498,312,7124
300,19,300,5984,98,10498,312,7124
300,19,300,5984,98,10498,312,7124
300,19,300,5984,98,10498,312,7124
300,19,300,5984,98,10498,312,7124
300,19,300,5984,98,10498,312,7124
300,19,302,0037,97,88184,313,5068
300,19,302,0037,97,88184,313,5068
300,19,302,0037,97,88184,313,5068
300,19,303,9626,97,57031,314,6143
300,19,303,9626,97,57031,314,6143
300,19,303,9626,97,57031,314,6143
300,19,303,9626,97,57031,314,6143
300,19,303,9626,97,57031,314,6143
300,19,303,9626,97,57031,314,6143
300,19,303,9626,97,57031,314,6143
300,19,303,9626,97,57031,314,6143
300,19,303,9626,97,57031,314,6143
300,19,303,9626,97,57031,314,6143
300,19,303,9626,97,57031,314,6143
300,19,303,9626,97,57031,314,6143
300,19,303,9626,97,57031,314,6143
300,19,303,9626,97,57031,314,6143
300,19,303,9626,97,57031,314,6143
300,19,303,9626,97,57031,314,6143
300,19,303,9626,97,57031,314,6143
300,19,305,77,97,28564,315,5565
300,19,305,77,97,28564,315,5565
300,19,306,635,97,14941,316,0076
300,19,306,635,97,14941,316,0076
300,19,306,635,97,14941,316,0076
300,19,306,635,97,14941,316,0076
300,19,306,635,97,14941,316,0076
300,19,306,635,97,14941,316,0076
300,19,306,635,97,14941,316,0076
300,19,306,635,97,14941,316,0076
300,19,306,635,97,14941,316,0076
300,19,306,635,97,14941,316,0076
300,19,306,635,97,14941,316,0076
300,19,306,635,97,14941,316,0076
300,19,306,635,97,14941,316,0076
300,19,306,635,97,14941,316,0076
300,19,306,635,97,14941,316,0076
300,19,306,635,97,14941,316,0076
300,19,306,635,97,14941,316,0076
300,19,306,635,97,14941,316,0076
300,19,306,635,97,14941,316,0076
300,19,306,635,97,14941,316,0076
300,19,306,635,97,14941,316,0076
300,19,306,635,97,14941,316,0076
300,19,306,635,97,14941,316,0076
300,19,306,635,97,14941,316,0076
300,19,306,635,97,14941,316,0076
300,19,306,635,97,14941,316,0076
300,19,306,635,97,14941,316,0076
300,19,308,3225,96,91699,316,7759
300,19,308,3225,96,91699,316,7759
300,19,308,3225,96,91699,316,7759
300,19,309,5215,96,75146,317,3219
300,19,309,5215,96,75146,317,3219
300,19,309,5215,96,75146,317,3219
300,19,309,5215,96,75146,317,3219
300,19,309,5215,96,75146,317,3219
300,19,309,5215,96,75146,317,3219
300,19,309,5215,96,75146,317,3219
300,19,309,5215,96,75146,317,3219
300,19,309,5215,96,75146,317,3219
300,19,309,5215,96,75146,317,3219
300,19,309,5215,96,75146,317,3219
300,19,309,5215,96,75146,317,3219
300,19,309,5215,96,75146,317,3219
300,19,309,5215,96,75146,317,3219
300,19,309,5215,96,75146,317,3219
300,19,309,5215,96,75146,317,3219
300,19,309,5215,96,75146,317,3219
300,19,309,5215,96,75146,317,3219
300,19,309,5215,96,75146,317,3219
300,19,309,5215,96,75146,317,3219
300,19,309,5215,96,75146,317,3219
300,19,309,5215,96,75146,317,3219
300,19,309,5215,96,75146,317,3219
300,19,309,5215,96,75146,317,3219
300,19,309,5215,96,75146,317,3219
300,19,309,5215,96,75146,317,3219
300,19,309,5215,96,75146,317,3219
300,19,309,5215,96,75146,317,3219
300,19,309,5215,96,75146,317,3219
300,19,309,5215,96,75146,317,3219
300,19,309,5215,96,75146,317,3219
300,19,309,5215,96,75146,317,3219
300,19,309,5215,96,75146,317,3219
300,19,309,5215,96,75146,317,3219
300,19,309,5215,96,75146,317,3219
300,19,309,5215,96,75146,317,3219
300,19,309,5215,96,75146,317,3219
300,19,309,5215,96,75146,317,3219
300,19,309,5215,96,75146,317,3219
300,19,309,5215,96,75146,317,3219
300,19,309,5215,96,75146,317,3219
300,19,309,5215,96,75146,317,3219
300,19,309,5215,96,75146,317,3219
300,19,309,5215,96,75146,317,3219
300,19,309,5215,96,75146,317,3219
300,19,309,5215,96,75146,317,3219
300,19,309,5215,96,75146,317,3219
300,19,309,5215,96,75146,317,3219
300,19,309,5215,96,75146,317,3219
300,19,309,5215,96,75146,317,3219
300,19,309,5215,96,75146,317,3219
300,19,309,5215,96,75146,317,3219
300,19,309,5215,96,75146,317,3219
300,19,309,5215,96,75146,317,3219
300,19,309,5215,96,75146,317,3219
300,19,309,5215,96,75146,317,3219
300,19,309,5215,96,75146,317,3219
300,19,309,5215,96,75146,317,3219
300,19,309,5215,96,75146,317,3219
300,19,309,5215,96,75146,317,3219
300,19,309,5215,96,75146,317,3219
300,19,309,5215,96,75146,317,3219
300,19,309,5215,96,75146,317,3219
300,19,309,5215,96,75146,317,3219
300,19,309,5215,96,75146,317,3219
300,19,309,5215,96,75146,317,3219
300,19,309,5215,96,75146,317,3219
300,19,309,5215,96,75146,317,3219
300,19,309,5215,96,75146,317,3219
300,19,309,5215,96,75146,317,3219
300,19,309,5215,96,75146,317,3219
300,19,309,5215,96,75146,317,3219
300,19,309,5215,96,75146,317,3219
300,19,309,5215,96,75146,317,3219
300,19,309,5215,96,75146,317,3219
300,19,309,5215,96,75146,317,3219
300,19,311,1677,96,55908,317,9269
300,19,311,1677,96,55908,317,9269
300,19,311,1677,96,55908,317,9269
300,19,312,74,96,37549,318,5048
300,19,312,74,96,37549,318,5048
300,19,312,9233,96,354,318,5721
300,19,312,9233,96,354,318,5721
300,19,312,9233,96,354,318,5721
300,19,312,9233,96,354,318,5721
300,19,312,9233,96,354,318,5721
300,19,312,9233,96,354,318,5721
300,19,312,9233,96,354,318,5721
300,19,312,9233,96,354,318,5721
300,19,312,9233,96,354,318,5721
300,19,312,9233,96,354,318,5721
300,19,312,9233,96,354,318,5721
300,19,312,9233,96,354,318,5721
300,19,312,9233,96,354,318,5721
300,19,312,9233,96,354,318,5721
300,19,312,9233,96,354,318,5721
300,19,312,9233,96,354,318,5721
300,19,312,9233,96,354,318,5721
300,19,312,9233,96,354,318,5721
300,19,312,9233,96,354,318,5721
300,19,312,9233,96,354,318,5721
300,19,312,9233,96,354,318,5721
300,19,312,9233,96,354,318,5721
300,19,312,9233,96,354,318,5721
300,19,312,9233,96,354,318,5721
300,19,312,9233,96,354,318,5721
300,19,312,9233,96,354,318,5721
300,19,312,9233,96,354,318,5721
300,19,312,9233,96,354,318,5721
300,19,312,9233,96,354,318,5721
300,19,312,9233,96,354,318,5721
300,19,312,9233,96,354,318,5721
300,19,312,9233,96,354,318,5721
300,19,312,9233,96,354,318,5721
300,19,312,9233,96,354,318,5721
300,19,312,9233,96,354,318,5721
300,19,312,9233,96,354,318,5721
300,19,312,9233,96,354,318,5721
300,19,312,9233,96,354,318,5721
300,19,312,9233,96,354,318,5721
300,19,312,9233,96,354,318,5721
300,19,312,9233,96,354,318,5721
300,19,312,9233,96,354,318,5721
300,19,312,9233,96,354,318,5721
300,19,312,9233,96,354,318,5721
300,19,312,9233,96,354,318,5721
300,19,312,9233,96,354,318,5721
300,19,312,9233,96,354,318,5721
300,19,314,9255,95,86035,319,4187
300,19,314,9255,95,86035,319,4187
300,19,316,1179,95,56641,319,9227
300,19,316,1179,95,56641,319,9227
300,19,316,1179,95,56641,319,9227
300,19,316,1179,95,56641,319,9227
300,19,316,1179,95,56641,319,9227
300,19,316,1179,95,56641,319,9227
300,19,316,1179,95,56641,319,9227
300,19,316,1179,95,56641,319,9227
300,19,316,1179,95,56641,319,9227
300,19,316,1179,95,56641,319,9227
300,19,316,1179,95,56641,319,9227
300,19,316,1179,95,56641,319,9227
300,19,316,1179,95,56641,319,9227
300,19,316,1179,95,56641,319,9227
300,19,316,1179,95,56641,319,9227
300,19,316,1179,95,56641,319,9227
300,19,316,1179,95,56641,319,9227
300,19,316,1179,95,56641,319,9227
300,19,316,1179,95,56641,319,9227
300,19,316,1179,95,56641,319,9227
300,19,316,1179,95,56641,319,9227
300,19,316,1179,95,56641,319,9227
300,19,316,1179,95,56641,319,9227
300,19,316,1179,95,56641,319,9227
300,19,316,1179,95,56641,319,9227
300,19,316,1179,95,56641,319,9227
300,19,316,1179,95,56641,319,9227
300,19,316,1179,95,56641,319,9227
300,19,316,1179,95,56641,319,9227
300,19,316,1179,95,56641,319,9227
300,19,316,1179,95,56641,319,9227
300,19,316,1179,95,56641,319,9227
300,19,316,1179,95,56641,319,9227
300,19,316,1179,95,56641,319,9227
300,19,316,1179,95,56641,319,9227
300,19,316,1179,95,56641,319,9227
300,19,316,1179,95,56641,319,9227
300,19,316,1179,95,56641,319,9227
300,19,316,1179,95,56641,319,9227
300,19,316,1179,95,56641,319,9227
300,19,316,1179,95,56641,319,9227
300,19,316,1179,95,56641,319,9227
300,19,316,1179,95,56641,319,9227
300,19,316,1179,95,56641,319,9227
300,19,316,1179,95,56641,319,9227
300,19,316,1179,95,56641,319,9227
300,19,316,1179,95,56641,319,9227
300,19,316,1179,95,56641,319,9227
300,19,316,1179,95,56641,319,9227
300,19,316,1179,95,56641,319,9227
300,19,316,1179,95,56641,319,9227
300,19,316,1179,95,56641,319,9227
300,19,316,1179,95,56641,319,9227
300,19,316,1179,95,56641,319,9227
300,19,316,1179,95,56641,319,9227
300,19,316,1179,95,56641,319,9227
300,19,316,1179,95,56641,319,9227
300,19,316,1179,95,56641,319,9227
300,19,316,1179,95,56641,319,9227
300,19,316,1179,95,56641,319,9227
300,19,316,1179,95,56641,319,9227
300,19,316,1179,95,56641,319,9227
300,19,316,1179,95,56641,319,9227
300,19,316,1179,95,56641,319,9227
300,19,316,1179,95,56641,319,9227
300,19,316,1179,95,56641,319,9227
300,19,316,1179,95,56641,319,9227
300,19,316,1179,95,56641,319,9227
300,19,316,1179,95,56641,319,9227
300,19,316,1179,95,56641,319,9227
300,19,316,1179,95,56641,319,9227
300,19,316,1179,95,56641,319,9227
300,19,316,1179,95,56641,319,9227
300,19,316,1179,95,56641,319,9227
300,19,317,9958,94,73486,320,8157
300,19,317,9958,94,73486,320,8157
300,19,318,1091,94,68457,320,8696
300,19,318,1091,94,68457,320,8696
300,19,318,1091,94,68457,320,8696
300,19,318,1091,94,68457,320,8696
300,19,318,1091,94,68457,320,8696
300,19,318,1091,94,68457,320,8696
300,19,318,1091,94,68457,320,8696
300,19,318,1091,94,68457,320,8696
300,19,318,1091,94,68457,320,8696
300,19,318,1091,94,68457,320,8696
300,19,318,1091,94,68457,320,8696
300,19,318,1091,94,68457,320,8696
300,19,318,1091,94,68457,320,8696
300,19,318,1091,94,68457,320,8696
300,19,318,1091,94,68457,320,8696
300,19,318,1091,94,68457,320,8696
300,19,318,1091,94,68457,320,8696
300,19,318,1091,94,68457,320,8696
300,19,318,1091,94,68457,320,8696
300,19,318,1091,94,68457,320,8696
300,19,318,1091,94,68457,320,8696
300,19,318,1091,94,68457,320,8696
300,19,318,1091,94,68457,320,8696
300,19,318,1091,94,68457,320,8696
300,19,318,1091,94,68457,320,8696
300,19,318,1091,94,68457,320,8696
300,19,318,1091,94,68457,320,8696
300,19,318,1091,94,68457,320,8696
300,19,318,1091,94,68457,320,8696
300,19,318,1091,94,68457,320,8696
300,19,318,1091,94,68457,320,8696
300,19,318,1091,94,68457,320,8696
300,19,318,1091,94,68457,320,8696
300,19,318,1091,94,68457,320,8696
300,19,318,1091,94,68457,320,8696
300,19,318,1091,94,68457,320,8696
300,19,318,1091,94,68457,320,8696
300,19,318,1091,94,68457,320,8696
300,19,318,1091,94,68457,320,8696
300,19,318,1091,94,68457,320,8696
300,19,318,1091,94,68457,320,8696
300,19,318,1091,94,68457,320,8696
300,19,318,1091,94,68457,320,8696
300,19,318,1091,94,68457,320,8696
300,19,318,1091,94,68457,320,8696
300,19,319,7185,93,74414,321,745
300,19,319,7185,93,74414,321,745
300,19,320,1655,93,48291,321,9882
300,19,320,1655,93,48291,321,9882
300,19,320,1655,93,48291,321,9882
300,19,320,1655,93,48291,321,9882
300,19,320,1655,93,48291,321,9882
300,19,320,1655,93,48291,321,9882
300,19,320,1655,93,48291,321,9882
300,19,320,1655,93,48291,321,9882
300,19,320,1655,93,48291,321,9882
300,19,320,1655,93,48291,321,9882
300,19,320,1655,93,48291,321,9882
300,19,320,1655,93,48291,321,9882
300,19,320,1655,93,48291,321,9882
300,19,320,1655,93,48291,321,9882
300,19,320,1655,93,48291,321,9882
300,19,320,1655,93,48291,321,9882
300,19,320,1655,93,48291,321,9882
300,19,320,1655,93,48291,321,9882
300,19,320,1655,93,48291,321,9882
300,19,320,1655,93,48291,321,9882
300,19,320,1655,93,48291,321,9882
300,19,320,1655,93,48291,321,9882
300,19,320,1655,93,48291,321,9882
300,19,320,1655,93,48291,321,9882
300,19,320,1655,93,48291,321,9882
300,19,320,1655,93,48291,321,9882
300,19,320,1655,93,48291,321,9882
300,19,320,1655,93,48291,321,9882
300,19,320,1655,93,48291,321,9882
300,19,320,1655,93,48291,321,9882
300,19,320,1655,93,48291,321,9882
300,19,320,1655,93,48291,321,9882
300,19,320,1655,93,48291,321,9882
300,19,320,1655,93,48291,321,9882
300,19,320,1655,93,48291,321,9882
300,19,320,1655,93,48291,321,9882
300,19,320,1655,93,48291,321,9882
300,19,320,1655,93,48291,321,9882
300,19,320,1655,93,48291,321,9882
300,19,320,1655,93,48291,321,9882
300,19,320,1655,93,48291,321,9882
300,19,320,1655,93,48291,321,9882
300,19,320,1655,93,48291,321,9882
300,19,320,1655,93,48291,321,9882
300,19,320,1655,93,48291,321,9882
300,19,320,1655,93,48291,321,9882
300,19,320,1655,93,48291,321,9882
300,19,320,1655,93,48291,321,9882
300,19,320,1655,93,48291,321,9882
300,19,320,1655,93,48291,321,9882
300,19,320,1655,93,48291,321,9882
300,19,320,1655,93,48291,321,9882
300,19,320,1655,93,48291,321,9882
300,19,320,1655,93,48291,321,9882
300,19,320,1655,93,48291,321,9882
300,19,320,1655,93,48291,321,9882
300,19,320,1655,93,48291,321,9882
300,19,320,1655,93,48291,321,9882
300,19,320,1655,93,48291,321,9882
300,19,320,1655,93,48291,321,9882
300,19,320,1655,93,48291,321,9882
300,19,320,1655,93,48291,321,9882
300,19,320,1655,93,48291,321,9882
300,19,320,1655,93,48291,321,9882
300,19,320,1655,93,48291,321,9882
300,19,320,1655,93,48291,321,9882
300,19,320,1655,93,48291,321,9882
300,19,320,1655,93,48291,321,9882
300,19,320,1655,93,48291,321,9882
300,19,320,1655,93,48291,321,9882
300,19,320,1655,93,48291,321,9882
300,19,320,1655,93,48291,321,9882
300,19,321,8098,92,43457,322,8547
300,19,321,8098,92,43457,322,8547
300,19,321,8098,92,43457,322,8547
300,19,322,5828,91,94141,323,2622
300,19,322,5828,91,94141,323,2622
300,19,322,5828,91,94141,323,2622
300,19,322,5828,91,94141,323,2622
300,19,322,5828,91,94141,323,2622
300,19,322,5828,91,94141,323,2622
300,19,322,5828,91,94141,323,2622
300,19,322,5828,91,94141,323,2622
300,19,322,5828,91,94141,323,2622
300,19,322,5828,91,94141,323,2622
300,19,322,5828,91,94141,323,2622
300,19,322,5828,91,94141,323,2622
300,19,322,5828,91,94141,323,2622
300,19,322,5828,91,94141,323,2622
300,19,322,5828,91,94141,323,2622
300,19,322,5828,91,94141,323,2622
300,19,322,5828,91,94141,323,2622
300,19,322,5828,91,94141,323,2622
300,19,322,5828,91,94141,323,2622
300,19,322,5828,91,94141,323,2622
300,19,322,5828,91,94141,323,2622
300,19,322,5828,91,94141,323,2622
300,19,322,5828,91,94141,323,2622
300,19,322,5828,91,94141,323,2622
300,19,322,5828,91,94141,323,2622
300,19,322,5828,91,94141,323,2622
300,19,322,5828,91,94141,323,2622
300,19,322,5828,91,94141,323,2622
300,19,322,5828,91,94141,323,2622
300,19,322,5828,91,94141,323,2622
300,19,322,5828,91,94141,323,2622
300,19,322,5828,91,94141,323,2622
300,19,322,5828,91,94141,323,2622
300,19,322,5828,91,94141,323,2622
300,19,322,5828,91,94141,323,2622
300,19,322,5828,91,94141,323,2622
300,19,322,5828,91,94141,323,2622
300,19,322,5828,91,94141,323,2622
300,19,322,5828,91,94141,323,2622
300,19,322,5828,91,94141,323,2622
300,19,322,5828,91,94141,323,2622
300,19,322,5828,91,94141,323,2622
300,19,322,5828,91,94141,323,2622
300,19,322,5828,91,94141,323,2622
300,19,322,5828,91,94141,323,2622
300,19,322,5828,91,94141,323,2622
300,19,322,5828,91,94141,323,2622
300,19,323,968,91,19043,323,8966
300,19,323,968,91,19043,323,8966
300,19,323,968,91,19043,323,8966
300,19,325,3215,90,45605,324,5166
300,19,325,3215,90,45605,324,5166
300,19,325,3215,90,45605,324,5166
300,19,325,3452,90,44336,324,5275
300,19,325,3452,90,44336,324,5275
300,19,325,3452,90,44336,324,5275
300,19,325,3452,90,44336,324,5275
300,19,325,3452,90,44336,324,5275
300,19,325,3452,90,44336,324,5275
300,19,325,3452,90,44336,324,5275
300,19,325,3452,90,44336,324,5275
300,19,325,3452,90,44336,324,5275
300,19,325,3452,90,44336,324,5275
300,19,325,3452,90,44336,324,5275
300,19,325,3452,90,44336,324,5275
300,19,325,3452,90,44336,324,5275
300,19,325,3452,90,44336,324,5275
300,19,325,3452,90,44336,324,5275
300,19,325,3452,90,44336,324,5275
300,19,325,3452,90,44336,324,5275
300,19,325,3452,90,44336,324,5275
300,19,325,3452,90,44336,324,5275
300,19,325,3452,90,44336,324,5275
300,19,325,3452,90,44336,324,5275
300,19,325,3452,90,44336,324,5275
300,19,325,3452,90,44336,324,5275
300,19,325,3452,90,44336,324,5275
300,19,325,3452,90,44336,324,5275
300,19,325,3452,90,44336,324,5275
300,19,325,3452,90,44336,324,5275
300,19,325,3452,90,44336,324,5275
300,19,325,3452,90,44336,324,5275
300,19,325,3452,90,44336,324,5275
300,19,325,3452,90,44336,324,5275
300,19,325,3452,90,44336,324,5275
300,19,325,3452,90,44336,324,5275
300,19,325,3452,90,44336,324,5275
300,19,325,3452,90,44336,324,5275
300,19,325,3452,90,44336,324,5275
300,19,325,3452,90,44336,324,5275
300,19,325,3452,90,44336,324,5275
300,19,325,3452,90,44336,324,5275
300,19,325,3452,90,44336,324,5275
300,19,325,3452,90,44336,324,5275
300,19,325,3452,90,44336,324,5275
300,19,325,3452,90,44336,324,5275
300,19,325,3452,90,44336,324,5275
300,19,325,3452,90,44336,324,5275
300,19,325,3452,90,44336,324,5275
300,19,325,3452,90,44336,324,5275
300,19,325,3452,90,44336,324,5275
300,19,325,3452,90,44336,324,5275
300,19,325,3452,90,44336,324,5275
300,19,325,3452,90,44336,324,5275
300,19,325,3452,90,44336,324,5275
300,19,325,3452,90,44336,324,5275
300,19,325,3452,90,44336,324,5275
300,19,325,3452,90,44336,324,5275
300,19,325,3452,90,44336,324,5275
300,19,325,3452,90,44336,324,5275
300,19,325,3452,90,44336,324,5275
300,19,325,3452,90,44336,324,5275
300,19,325,3452,90,44336,324,5275
300,19,325,3452,90,44336,324,5275
300,19,325,3452,90,44336,324,5275
300,19,325,3452,90,44336,324,5275
300,19,325,3452,90,44336,324,5275
300,19,325,3452,90,44336,324,5275
300,19,325,3452,90,44336,324,5275
300,19,325,3452,90,44336,324,5275
300,19,325,3452,90,44336,324,5275
300,19,325,3452,90,44336,324,5275
300,19,327,1057,89,73389,325,2662
300,19,327,1057,89,73389,325,2662
300,19,327,1057,89,73389,325,2662
300,19,328,3511,89,23193,325,7889
300,19,328,3511,89,23193,325,7889
300,19,328,3511,89,23193,325,7889
300,19,328,3511,89,23193,325,7889
300,19,328,3511,89,23193,325,7889
300,19,328,3511,89,23193,325,7889
300,19,328,3511,89,23193,325,7889
300,19,328,3511,89,23193,325,7889
300,19,328,3511,89,23193,325,7889
300,19,328,3511,89,23193,325,7889
300,19,328,3511,89,23193,325,7889
300,19,328,3511,89,23193,325,7889
300,19,328,3511,89,23193,325,7889
300,19,328,3511,89,23193,325,7889
300,19,328,3511,89,23193,325,7889
300,19,328,3511,89,23193,325,7889
300,19,328,3511,89,23193,325,7889
300,19,328,3511,89,23193,325,7889
300,19,328,3511,89,23193,325,7889
300,19,328,3511,89,23193,325,7889
300,19,328,3511,89,23193,325,7889
300,19,328,3511,89,23193,325,7889
300,19,328,3511,89,23193,325,7889
300,19,328,3511,89,23193,325,7889
300,19,328,3511,89,23193,325,7889
300,19,328,3511,89,23193,325,7889
300,19,328,3511,89,23193,325,7889
300,19,328,3511,89,23193,325,7889
300,19,328,3511,89,23193,325,7889
300,19,328,3511,89,23193,325,7889
300,19,328,3511,89,23193,325,7889
300,19,328,3511,89,23193,325,7889
300,19,328,3511,89,23193,325,7889
300,19,328,3511,89,23193,325,7889
300,19,328,3511,89,23193,325,7889
300,19,328,3511,89,23193,325,7889
300,19,328,3511,89,23193,325,7889
300,19,328,3511,89,23193,325,7889
300,19,328,3511,89,23193,325,7889
300,19,328,3511,89,23193,325,7889
300,19,328,3511,89,23193,325,7889
300,19,328,3511,89,23193,325,7889
300,19,328,3511,89,23193,325,7889
300,19,328,3511,89,23193,325,7889
300,19,328,3511,89,23193,325,7889
300,19,328,3511,89,23193,325,7889
300,19,328,3511,89,23193,325,7889
300,19,328,3511,89,23193,325,7889
300,19,330,2141,88,47461,326,6262
300,19,330,2141,88,47461,326,6262
300,19,330,2141,88,47461,326,6262
300,19,332,1399,87,69189,327,4918
300,19,332,1399,87,69189,327,4918
300,19,332,1399,87,69189,327,4918
300,19,332,1399,87,69189,327,4918
300,19,332,1399,87,69189,327,4918
300,19,332,1399,87,69189,327,4918
300,19,332,1399,87,69189,327,4918
300,19,332,1399,87,69189,327,4918
300,19,332,1399,87,69189,327,4918
300,19,332,1399,87,69189,327,4918
300,19,332,1399,87,69189,327,4918
300,19,332,1399,87,69189,327,4918
300,19,332,1399,87,69189,327,4918
300,19,332,1399,87,69189,327,4918
300,19,332,1399,87,69189,327,4918
300,19,332,1399,87,69189,327,4918
300,19,332,1399,87,69189,327,4918
300,19,332,1399,87,69189,327,4918
300,19,332,1399,87,69189,327,4918
300,19,332,1399,87,69189,327,4918
300,19,332,1399,87,69189,327,4918
300,19,332,1399,87,69189,327,4918
300,19,332,1399,87,69189,327,4918
300,19,332,1399,87,69189,327,4918
300,19,332,1399,87,69189,327,4918
300,19,332,1399,87,69189,327,4918
300,19,332,1399,87,69189,327,4918
300,19,332,1399,87,69189,327,4918
300,19,332,1399,87,69189,327,4918
300,19,332,1399,87,69189,327,4918
300,19,332,1399,87,69189,327,4918
300,19,332,1399,87,69189,327,4918
300,19,332,1399,87,69189,327,4918
300,19,332,1399,87,69189,327,4918
300,19,332,1399,87,69189,327,4918
300,19,332,1399,87,69189,327,4918
300,19,332,1399,87,69189,327,4918
300,19,332,1399,87,69189,327,4918
300,19,332,1399,87,69189,327,4918
300,19,332,1399,87,69189,327,4918
300,19,332,1399,87,69189,327,4918
300,19,332,1399,87,69189,327,4918
300,19,332,1399,87,69189,327,4918
300,19,332,1399,87,69189,327,4918
300,19,332,1399,87,69189,327,4918
300,19,332,1399,87,69189,327,4918
300,19,332,1399,87,69189,327,4918
300,19,332,1399,87,69189,327,4918
300,19,332,1399,87,69189,327,4918
300,19,332,1399,87,69189,327,4918
300,19,332,1399,87,69189,327,4918
300,19,332,1399,87,69189,327,4918
300,19,332,1399,87,69189,327,4918
300,19,332,1399,87,69189,327,4918
300,19,332,1399,87,69189,327,4918
300,19,332,1399,87,69189,327,4918
300,19,332,1399,87,69189,327,4918
300,19,332,1399,87,69189,327,4918
300,19,332,1399,87,69189,327,4918
300,19,332,1399,87,69189,327,4918
300,19,332,1399,87,69189,327,4918
300,19,332,1399,87,69189,327,4918
300,19,332,1399,87,69189,327,4918
300,19,332,1399,87,69189,327,4918
300,19,332,1399,87,69189,327,4918
300,19,332,1399,87,69189,327,4918
300,19,332,1399,87,69189,327,4918
300,19,332,1399,87,69189,327,4918
300,19,332,1399,87,69189,327,4918
300,19,332,1399,87,69189,327,4918
300,19,332,1399,87,69189,327,4918
300,19,332,1399,87,69189,327,4918
300,19,332,1399,87,69189,327,4918
300,19,332,1399,87,69189,327,4918
300,19,332,1399,87,69189,327,4918
300,19,332,1399,87,69189,327,4918
300,19,332,1399,87,69189,327,4918
300,19,332,1399,87,69189,327,4918
300,19,332,1399,87,69189,327,4918
300,19,332,1399,87,69189,327,4918
300,19,332,1399,87,69189,327,4918
300,19,332,1399,87,69189,327,4918
300,19,332,1399,87,69189,327,4918
300,19,332,1399,87,69189,327,4918
300,19,332,1399,87,69189,327,4918
300,19,332,1399,87,69189,327,4918
300,19,332,1399,87,69189,327,4918
300,19,332,1399,87,69189,327,4918
300,19,332,1399,87,69189,327,4918
300,19,332,1399,87,69189,327,4918
300,19,332,1399,87,69189,327,4918
300,19,332,1399,87,69189,327,4918
300,19,332,1399,87,69189,327,4918
300,19,332,1399,87,69189,327,4918
300,19,332,1399,87,69189,327,4918
300,19,332,1399,87,69189,327,4918
300,19,332,1399,87,69189,327,4918
300,19,332,1399,87,69189,327,4918
300,19,332,1399,87,69189,327,4918
300,19,332,1399,87,69189,327,4918
300,19,332,1399,87,69189,327,4918
300,19,332,1399,87,69189,327,4918
300,19,332,1399,87,69189,327,4918
300,19,332,1399,87,69189,327,4918
300,19,332,1399,87,69189,327,4918
300,19,332,1399,87,69189,327,4918
300,19,332,1399,87,69189,327,4918
300,19,332,1399,87,69189,327,4918
300,19,332,1399,87,69189,327,4918
300,19,332,1399,87,69189,327,4918
300,19,332,1399,87,69189,327,4918
300,19,332,1399,87,69189,327,4918
300,19,332,1399,87,69189,327,4918
300,19,332,1399,87,69189,327,4918
300,19,332,1399,87,69189,327,4918
300,19,332,1399,87,69189,327,4918
300,19,332,1399,87,69189,327,4918
300,19,332,1399,87,69189,327,4918
300,19,332,1399,87,69189,327,4918
300,19,332,1399,87,69189,327,4918
300,19,333,9751,86,94971,328,4148
300,19,333,9751,86,94971,328,4148
300,19,333,9751,86,94971,328,4148
300,19,334,8943,86,57813,328,8772
300,19,334,8943,86,57813,328,8772
300,19,334,8943,86,57813,328,8772
300,19,334,8943,86,57813,328,8772
300,19,334,8943,86,57813,328,8772
300,19,334,8943,86,57813,328,8772
300,19,334,8943,86,57813,328,8772
300,19,334,8943,86,57813,328,8772
300,19,334,8943,86,57813,328,8772
300,19,334,8943,86,57813,328,8772
300,19,334,8943,86,57813,328,8772
300,19,334,8943,86,57813,328,8772
300,19,334,8943,86,57813,328,8772
300,19,334,8943,86,57813,328,8772
300,19,334,8943,86,57813,328,8772
300,19,334,8943,86,57813,328,8772
300,19,334,8943,86,57813,328,8772
300,19,334,8943,86,57813,328,8772
300,19,334,8943,86,57813,328,8772
300,19,334,8943,86,57813,328,8772
300,19,334,8943,86,57813,328,8772
300,19,334,8943,86,57813,328,8772
300,19,334,8943,86,57813,328,8772
300,19,334,8943,86,57813,328,8772
300,19,334,8943,86,57813,328,8772
300,19,334,8943,86,57813,328,8772
300,19,334,8943,86,57813,328,8772
300,19,334,8943,86,57813,328,8772
300,19,334,8943,86,57813,328,8772
300,19,334,8943,86,57813,328,8772
300,19,334,8943,86,57813,328,8772
300,19,334,8943,86,57813,328,8772
300,19,334,8943,86,57813,328,8772
300,19,334,8943,86,57813,328,8772
300,19,334,8943,86,57813,328,8772
300,19,334,8943,86,57813,328,8772
300,19,334,8943,86,57813,328,8772
300,19,334,8943,86,57813,328,8772
300,19,334,8943,86,57813,328,8772
300,19,334,8943,86,57813,328,8772
300,19,334,8943,86,57813,328,8772
300,19,334,8943,86,57813,328,8772
300,19,334,8943,86,57813,328,8772
300,19,334,8943,86,57813,328,8772
300,19,334,8943,86,57813,328,8772
300,19,334,8943,86,57813,328,8772
300,19,334,8943,86,57813,328,8772
300,19,334,8943,86,57813,328,8772
300,19,334,8943,86,57813,328,8772
300,19,334,8943,86,57813,328,8772
300,19,334,8943,86,57813,328,8772
300,19,334,8943,86,57813,328,8772
300,19,334,8943,86,57813,328,8772
300,19,334,8943,86,57813,328,8772
300,19,334,8943,86,57813,328,8772
300,19,334,8943,86,57813,328,8772
300,19,334,8943,86,57813,328,8772
300,19,334,8943,86,57813,328,8772
300,19,334,8943,86,57813,328,8772
300,19,334,8943,86,57813,328,8772
300,19,334,8943,86,57813,328,8772
300,19,334,8943,86,57813,328,8772
300,19,334,8943,86,57813,328,8772
300,19,334,8943,86,57813,328,8772
300,19,334,8943,86,57813,328,8772
300,19,334,8943,86,57813,328,8772
300,19,334,8943,86,57813,328,8772
300,19,334,8943,86,57813,328,8772
300,19,334,8943,86,57813,328,8772
300,19,334,8943,86,57813,328,8772
300,19,334,8943,86,57813,328,8772
300,19,334,8943,86,57813,328,8772
300,19,334,8943,86,57813,328,8772
300,19,334,8943,86,57813,328,8772
300,19,334,8943,86,57813,328,8772
300,19,334,8943,86,57813,328,8772
300,19,334,8943,86,57813,328,8772
300,19,334,8943,86,57813,328,8772
300,19,334,8943,86,57813,328,8772
300,19,334,8943,86,57813,328,8772
300,19,334,8943,86,57813,328,8772
300,19,334,8943,86,57813,328,8772
300,19,334,8943,86,57813,328,8772
300,19,334,8943,86,57813,328,8772
300,19,334,8943,86,57813,328,8772
300,19,334,8943,86,57813,328,8772
300,19,334,8943,86,57813,328,8772
300,19,334,8943,86,57813,328,8772
300,19,334,8943,86,57813,328,8772
300,19,334,8943,86,57813,328,8772
300,19,334,8943,86,57813,328,8772
300,19,334,8943,86,57813,328,8772
300,19,334,8943,86,57813,328,8772
300,19,334,8943,86,57813,328,8772
300,19,334,8943,86,57813,328,8772
300,19,334,8943,86,57813,328,8772
300,19,334,8943,86,57813,328,8772
300,19,334,8943,86,57813,328,8772
300,19,334,8943,86,57813,328,8772
300,19,334,8943,86,57813,328,8772
300,19,334,8943,86,57813,328,8772
300,19,334,8943,86,57813,328,8772
300,19,334,8943,86,57813,328,8772
300,19,334,8943,86,57813,328,8772
300,19,334,8943,86,57813,328,8772
300,19,334,8943,86,57813,328,8772
300,19,334,8943,86,57813,328,8772
300,19,334,8943,86,57813,328,8772
300,19,334,8943,86,57813,328,8772
300,19,334,8943,86,57813,328,8772
300,19,334,8943,86,57813,328,8772
300,19,334,8943,86,57813,328,8772
300,19,334,8943,86,57813,328,8772
300,19,334,8943,86,57813,328,8772
300,19,334,8943,86,57813,328,8772
300,19,334,8943,86,57813,328,8772
300,19,334,8943,86,57813,328,8772
300,19,334,8943,86,57813,328,8772
300,19,334,8943,86,57813,328,8772
300,19,334,8943,86,57813,328,8772
300,19,334,8943,86,57813,328,8772
300,19,334,8943,86,57813,328,8772
300,19,334,8943,86,57813,328,8772
300,19,334,8943,86,57813,328,8772
300,19,334,8943,86,57813,328,8772
300,19,334,8943,86,57813,328,8772
300,19,334,8943,86,57813,328,8772
300,19,334,8943,86,57813,328,8772
300,19,334,8943,86,57813,328,8772
300,19,334,8943,86,57813,328,8772
300,19,334,8943,86,57813,328,8772
300,19,334,8943,86,57813,328,8772
300,19,334,8943,86,57813,328,8772
300,19,334,8943,86,57813,328,8772
300,19,334,8943,86,57813,328,8772
300,19,334,8943,86,57813,328,8772
300,19,334,8943,86,57813,328,8772
300,19,334,8943,86,57813,328,8772
300,19,334,8943,86,57813,328,8772
300,19,334,8943,86,57813,328,8772
300,19,334,8943,86,57813,328,8772
300,19,334,8943,86,57813,328,8772
300,19,334,8943,86,57813,328,8772
300,19,334,8943,86,57813,328,8772
300,19,334,8943,86,57813,328,8772
300,19,334,8943,86,57813,328,8772
300,19,334,8943,86,57813,328,8772
300,19,334,8943,86,57813,328,8772
300,19,334,8943,86,57813,328,8772
300,19,334,8943,86,57813,328,8772
300,19,334,8943,86,57813,328,8772
300,19,334,8943,86,57813,328,8772
300,19,334,8943,86,57813,328,8772
300,19,334,8943,86,57813,328,8772
300,19,334,8943,86,57813,328,8772
300,19,334,8943,86,57813,328,8772
300,19,334,8943,86,57813,328,8772
300,19,334,8943,86,57813,328,8772
300,19,334,8943,86,57813,328,8772
300,19,334,8943,86,57813,328,8772
300,19,334,8943,86,57813,328,8772
300,19,334,8943,86,57813,328,8772
300,19,334,8943,86,57813,328,8772
300,19,334,8943,86,57813,328,8772
300,19,334,8943,86,57813,328,8772
300,19,334,8943,86,57813,328,8772
300,19,334,8943,86,57813,328,8772
300,19,334,8943,86,57813,328,8772
300,19,334,8943,86,57813,328,8772
300,19,334,8943,86,57813,328,8772
300,19,334,8943,86,57813,328,8772
300,19,334,8943,86,57813,328,8772
300,19,334,8943,86,57813,328,8772
300,19,334,8943,86,57813,328,8772
300,19,334,8943,86,57813,328,8772
300,19,334,8943,86,57813,328,8772
300,19,334,8943,86,57813,328,8772
300,19,334,8943,86,57813,328,8772
300,19,334,8943,86,57813,328,8772
300,19,334,8943,86,57813,328,8772
300,19,334,8943,86,57813,328,8772
300,19,334,8943,86,57813,328,8772
300,19,334,8943,86,57813,328,8772
300,19,334,8943,86,57813,328,8772
300,19,334,8943,86,57813,328,8772
300,19,334,8943,86,57813,328,8772
300,19,334,8943,86,57813,328,8772
300,19,334,8943,86,57813,328,8772
300,19,334,8943,86,57813,328,8772
300,19,334,8943,86,57813,328,8772
300,19,334,8943,86,57813,328,8772
300,19,334,8943,86,57813,328,8772
300,19,334,8943,86,57813,328,8772
300,19,334,8943,86,57813,328,8772
300,19,334,8943,86,57813,328,8772
300,19,334,8943,86,57813,328,8772
300,19,334,8943,86,57813,328,8772
300,19,334,8943,86,57813,328,8772
300,19,334,8943,86,57813,328,8772
300,19,334,8943,86,57813,328,8772
300,19,334,8943,86,57813,328,8772
300,19,334,8943,86,57813,328,8772
300,19,334,8943,86,57813,328,8772
300,19,334,8943,86,57813,328,8772
300,19,334,8943,86,57813,328,8772
300,19,334,8943,86,57813,328,8772
300,19,334,8943,86,57813,328,8772
300,19,334,8943,86,57813,328,8772
300,19,334,8943,86,57813,328,8772
300,19,334,8943,86,57813,328,8772
300,19,334,8943,86,57813,328,8772
300,19,334,8943,86,57813,328,8772
300,19,334,8943,86,57813,328,8772
300,19,334,8943,86,57813,328,8772
300,19,334,8943,86,57813,328,8772
300,19,334,8943,86,57813,328,8772
300,19,334,8943,86,57813,328,8772
300,19,334,8943,86,57813,328,8772
300,19,334,8943,86,57813,328,8772
300,19,334,8943,86,57813,328,8772
300,19,334,8943,86,57813,328,8772
300,19,334,8943,86,57813,328,8772
300,19,334,8943,86,57813,328,8772
300,19,334,8943,86,57813,328,8772
300,19,334,8943,86,57813,328,8772
300,19,334,8943,86,57813,328,8772
300,19,334,8943,86,57813,328,8772
300,19,334,8943,86,57813,328,8772
300,19,334,8943,86,57813,328,8772
300,19,334,8943,86,57813,328,8772
300,19,334,8943,86,57813,328,8772
300,19,334,8943,86,57813,328,8772
300,19,334,8943,86,57813,328,8772
300,19,334,8943,86,57813,328,8772
300,19,334,8943,86,57813,328,8772
300,19,334,8943,86,57813,328,8772
300,19,334,8943,86,57813,328,8772
300,19,334,8943,86,57813,328,8772
300,19,334,8943,86,57813,328,8772
300,19,334,8943,86,57813,328,8772
300,19,334,8943,86,57813,328,8772
300,19,334,8943,86,57813,328,8772
300,19,334,8943,86,57813,328,8772
300,19,334,8943,86,57813,328,8772
300,19,334,8943,86,57813,328,8772
300,19,334,8943,86,57813,328,8772
300,19,334,8943,86,57813,328,8772
300,19,334,8943,86,57813,328,8772
300,19,334,8943,86,57813,328,8772
300,19,334,8943,86,57813,328,8772
300,19,334,8943,86,57813,328,8772
300,19,334,8943,86,57813,328,8772
300,19,334,8943,86,57813,328,8772
300,19,334,8943,86,57813,328,8772
300,19,334,8943,86,57813,328,8772
300,19,334,8943,86,57813,328,8772
300,19,334,8943,86,57813,328,8772
300,19,334,8943,86,57813,328,8772
300,19,334,8943,86,57813,328,8772
300,19,334,8943,86,57813,328,8772
300,19,334,8943,86,57813,328,8772
300,19,334,8943,86,57813,328,8772
300,19,334,8943,86,57813,328,8772
300,19,334,8943,86,57813,328,8772
300,19,334,8943,86,57813,328,8772
300,19,334,8943,86,57813,328,8772
300,19,334,8943,86,57813,328,8772
300,19,334,8943,86,57813,328,8772
300,19,334,8943,86,57813,328,8772
300,19,334,8943,86,57813,328,8772
300,19,334,8943,86,57813,328,8772
300,19,334,8943,86,57813,328,8772
300,19,334,8943,86,57813,328,8772
300,19,334,8943,86,57813,328,8772
300,19,334,8943,86,57813,328,8772
300,19,334,8943,86,57813,328,8772
300,19,334,8943,86,57813,328,8772
300,19,334,8943,86,57813,328,8772
300,19,334,8943,86,57813,328,8772
300,19,334,8943,86,57813,328,8772
300,19,334,8943,86,57813,328,8772
300,19,334,8943,86,57813,328,8772
300,19,334,8943,86,57813,328,8772
300,19,334,8943,86,57813,328,8772
300,19,334,8943,86,57813,328,8772
300,19,334,8943,86,57813,328,8772
300,19,334,8943,86,57813,328,8772
300,19,334,8943,86,57813,328,8772
300,19,334,8943,86,57813,328,8772
300,19,334,8943,86,57813,328,8772
300,19,334,8943,86,57813,328,8772
300,19,334,8943,86,57813,328,8772
300,19,334,8943,86,57813,328,8772
300,19,334,8943,86,57813,328,8772
300,19,334,8943,86,57813,328,8772
300,19,334,8943,86,57813,328,8772
300,19,334,8943,86,57813,328,8772
300,19,334,8943,86,57813,328,8772
300,19,334,8943,86,57813,328,8772
300,19,334,8943,86,57813,328,8772
300,19,334,8943,86,57813,328,8772
300,19,334,8943,86,57813,328,8772
300,19,334,8943,86,57813,328,8772
300,19,334,8943,86,57813,328,8772
300,19,334,8943,86,57813,328,8772
300,19,334,8943,86,57813,328,8772
300,19,334,8943,86,57813,328,8772
300,19,334,8943,86,57813,328,8772
300,19,334,8943,86,57813,328,8772
300,19,334,8943,86,57813,328,8772
300,19,334,8943,86,57813,328,8772
300,19,334,8943,86,57813,328,8772
300,19,334,8943,86,57813,328,8772
300,19,334,8943,86,57813,328,8772
300,19,334,8943,86,57813,328,8772
300,19,334,8943,86,57813,328,8772
300,19,334,8943,86,57813,328,8772
300,19,334,8943,86,57813,328,8772
300,19,334,8943,86,57813,328,8772
300,19,334,8943,86,57813,328,8772
300,19,334,8943,86,57813,328,8772
300,19,334,8943,86,57813,328,8772
300,19,334,8943,86,57813,328,8772
300,19,334,8943,86,57813,328,8772
300,19,334,8943,86,57813,328,8772
300,19,334,8943,86,57813,328,8772
300,19,334,8943,86,57813,328,8772
300,19,334,8943,86,57813,328,8772
300,19,334,8943,86,57813,328,8772
300,19,334,8943,86,57813,328,8772
300,19,334,8943,86,57813,328,8772
300,19,334,8943,86,57813,328,8772
300,19,334,8943,86,57813,328,8772
300,19,334,8943,86,57813,328,8772
300,19,334,8943,86,57813,328,8772
300,19,334,8943,86,57813,328,8772
300,19,334,8943,86,57813,328,8772
300,19,334,8943,86,57813,328,8772
300,19,334,8943,86,57813,328,8772
300,19,334,8943,86,57813,328,8772
300,19,334,8943,86,57813,328,8772
300,19,334,8943,86,57813,328,8772
300,19,334,8943,86,57813,328,8772
300,19,334,8943,86,57813,328,8772
300,19,334,8943,86,57813,328,8772
300,19,334,8943,86,57813,328,8772
300,19,334,8943,86,57813,328,8772
300,19,334,8943,86,57813,328,8772
300,19,334,8943,86,57813,328,8772
300,19,334,8943,86,57813,328,8772
300,19,334,8943,86,57813,328,8772
300,19,334,8943,86,57813,328,8772
300,19,334,8943,86,57813,328,8772
300,19,334,8943,86,57813,328,8772
300,19,334,8943,86,57813,328,8772
300,19,334,8943,86,57813,328,8772
300,19,334,8943,86,57813,328,8772
300,19,334,8943,86,57813,328,8772
300,19,334,8943,86,57813,328,8772
300,19,334,8943,86,57813,328,8772
300,19,334,8943,86,57813,328,8772
300,19,334,8943,86,57813,328,8772
300,19,334,8943,86,57813,328,8772
300,19,334,8943,86,57813,328,8772
300,19,334,8943,86,57813,328,8772
300,19,334,8943,86,57813,328,8772
300,19,334,8943,86,57813,328,8772
300,19,334,8943,86,57813,328,8772
300,19,334,8943,86,57813,328,8772
300,19,334,8943,86,57813,328,8772
300,19,334,8943,86,57813,328,8772
300,19,334,8943,86,57813,328,8772
300,19,334,8943,86,57813,328,8772
300,19,334,8943,86,57813,328,8772
300,19,334,8943,86,57813,328,8772
300,19,334,8943,86,57813,328,8772
300,19,334,8943,86,57813,328,8772
300,19,334,8943,86,57813,328,8772
300,19,334,8943,86,57813,328,8772
300,19,334,8943,86,57813,328,8772
300,19,334,8943,86,57813,328,8772
300,19,334,8943,86,57813,328,8772
300,19,334,8943,86,57813,328,8772
300,19,334,8943,86,57813,328,8772
300,19,334,8943,86,57813,328,8772
300,19,334,8943,86,57813,328,8772
300,19,334,8943,86,57813,328,8772
300,19,334,8943,86,57813,328,8772
300,19,334,8943,86,57813,328,8772
300,19,334,8943,86,57813,328,8772
300,19,334,8943,86,57813,328,8772
300,19,334,8943,86,57813,328,8772
300,19,334,8943,86,57813,328,8772
300,19,334,8943,86,57813,328,8772
300,19,334,8943,86,57813,328,8772
300,19,334,8943,86,57813,328,8772
300,19,334,8943,86,57813,328,8772
300,19,334,8943,86,57813,328,8772
300,19,334,8943,86,57813,328,8772
300,19,334,8943,86,57813,328,8772
300,19,334,8943,86,57813,328,8772
300,19,334,8943,86,57813,328,8772
300,19,334,8943,86,57813,328,8772
300,19,334,8943,86,57813,328,8772
300,19,334,8943,86,57813,328,8772
300,19,334,8943,86,57813,328,8772
300,19,334,8943,86,57813,328,8772
300,19,334,8943,86,57813,328,8772
300,19,334,8943,86,57813,328,8772
300,19,334,8943,86,57813,328,8772
300,19,334,8943,86,57813,328,8772
300,19,334,8943,86,57813,328,8772
300,19,334,8943,86,57813,328,8772
300,19,334,8943,86,57813,328,8772
300,19,334,8943,86,57813,328,8772
300,19,334,8943,86,57813,328,8772
300,19,334,8943,86,57813,328,8772
300,19,334,8943,86,57813,328,8772
300,19,334,8943,86,57813,328,8772
300,19,334,8943,86,57813,328,8772
300,19,334,8943,86,57813,328,8772
300,19,334,8943,86,57813,328,8772
300,19,334,8943,86,57813,328,8772
300,19,334,8943,86,57813,328,8772
300,19,334,8943,86,57813,328,8772
300,19,334,8943,86,57813,328,8772
300,19,334,8943,86,57813,328,8772
300,19,334,8943,86,57813,328,8772
300,19,334,8943,86,57813,328,8772
300,19,334,8943,86,57813,328,8772
300,19,334,8943,86,57813,328,8772
300,19,334,8943,86,57813,328,8772
300,19,334,8943,86,57813,328,8772
300,19,334,8943,86,57813,328,8772
300,19,334,8943,86,57813,328,8772
300,19,334,8943,86,57813,328,8772
300,19,334,8943,86,57813,328,8772
300,19,334,8943,86,57813,328,8772
300,19,334,8943,86,57813,328,8772
300,19,334,8943,86,57813,328,8772
300,19,334,8943,86,57813,328,8772
300,19,334,8943,86,57813,328,8772
300,19,334,8943,86,57813,328,8772
300,19,334,8943,86,57813,328,8772
300,19,334,8943,86,57813,328,8772
300,19,334,8943,86,57813,328,8772
300,19,334,8943,86,57813,328,8772
300,19,334,8943,86,57813,328,8772
300,19,334,8943,86,57813,328,8772
300,19,334,8943,86,57813,328,8772
300,19,334,8943,86,57813,328,8772
300,19,334,8943,86,57813,328,8772
300,19,334,8943,86,57813,328,8772
300,19,334,8943,86,57813,328,8772
300,19,334,8943,86,57813,328,8772
300,19,334,8943,86,57813,328,8772
300,19,334,8943,86,57813,328,8772
