Time,RSteps,X,Y,Z
120,0,617,4614,85,06006,295,2211
120,0,617,4614,85,06006,295,2211
120,0,617,4614,85,06006,295,2211
120,0,617,4614,85,06006,295,2211
120,0,617,4614,85,06006,295,2211
120,0,617,4614,85,84424,295,2211
120,0,617,4614,85,84424,295,2211
120,0,617,4614,85,84424,295,2211
120,0,617,4614,85,84424,295,2211
120,0,617,4614,85,84424,295,2211
120,0,617,4614,85,84424,295,2211
120,1,617,4614,85,84424,295,2211
120,1,617,4614,85,84424,295,2211
120,1,617,4614,85,84424,295,2211
120,1,617,4614,85,84424,295,2211
120,1,617,4614,85,84424,295,2211
120,1,617,4614,85,84424,295,2211
120,1,617,4614,85,84424,295,2211
120,1,617,4614,85,84424,295,2211
120,1,617,4614,85,84424,295,2211
120,1,617,4614,85,84424,295,2211
120,1,617,4614,85,84424,295,2211
120,1,617,4614,85,84424,295,2211
120,1,617,4614,85,84424,295,2211
120,1,617,4614,85,84424,295,2211
120,1,617,175,85,89795,295,1501
120,1,617,175,85,89795,295,1501
120,1,617,175,85,89795,295,1501
120,1,617,175,85,89795,295,1501
120,1,617,175,85,89795,295,1501
120,1,616,8884,85,95166,295,0791
120,1,616,8884,85,95166,295,0791
120,1,616,8884,85,95166,295,0791
120,1,616,8884,85,95166,295,0791
120,1,616,8884,85,95166,295,0791
120,1,616,6021,86,00586,295,0082
120,1,616,6021,86,00586,295,0082
120,1,616,6021,86,00586,295,0082
120,1,616,6021,86,00586,295,0082
120,1,616,6021,86,00586,295,0082
120,1,616,3154,86,05957,294,9373
120,1,616,3154,86,05957,294,9373
120,1,616,3154,86,05957,294,9373
120,1,616,3154,86,05957,294,9373
120,1,616,3154,86,05957,294,9373
120,1,616,0291,86,11328,294,8663
120,1,616,0291,86,11328,294,8663
120,1,616,0291,86,11328,294,8663
120,1,616,0291,86,11328,294,8663
120,1,616,0291,86,11328,294,8663
120,1,615,7424,86,16699,294,7954
120,1,615,7424,86,16699,294,7954
120,1,615,7424,86,16699,294,7954
120,1,615,7424,86,16699,294,7954
120,1,615,7424,86,16699,294,7954
120,1,615,4561,86,2207,294,7244
120,1,615,4561,86,2207,294,7244
120,1,615,4561,86,2207,294,7244
120,1,615,4561,86,2207,294,7244
120,1,615,4561,86,2207,294,7244
120,1,615,1704,86,27441,294,6537
120,1,615,1704,86,27441,294,6537
120,1,615,1704,86,27441,294,6537
120,1,615,1704,86,27441,294,6537
120,1,615,1704,86,27441,294,6537
120,1,615,1704,86,27441,294,6537
120,1,615,1704,86,27441,294,6537
120,1,615,1704,86,27441,294,6537
120,1,615,1704,86,27441,294,6537
120,1,615,1704,86,27441,294,6537
120,1,615,1704,86,27441,294,6537
120,1,615,1704,86,27441,294,6537
120,1,615,1704,86,27441,294,6537
120,1,615,1704,86,27441,294,6537
120,1,615,1704,86,27441,294,6537
120,1,614,8838,86,32422,294,5803
120,1,614,8838,86,32422,294,5803
120,1,614,8838,86,32422,294,5803
120,1,614,8838,86,32422,294,5803
120,1,614,8838,86,32422,294,5803
120,1,614,5972,86,37402,294,5068
120,1,614,5972,86,37402,294,5068
120,1,614,5972,86,37402,294,5068
120,1,614,5972,86,37402,294,5068
120,1,614,5972,86,37402,294,5068
120,1,614,3105,86,42334,294,4335
120,1,614,3105,86,42334,294,4335
120,1,614,3105,86,42334,294,4335
120,1,614,3105,86,42334,294,4335
120,1,614,3105,86,42334,294,4335
120,1,614,0242,86,47314,294,36
120,1,614,0242,86,47314,294,36
120,1,614,0242,86,47314,294,36
120,1,614,0242,86,47314,294,36
120,1,614,0242,86,47314,294,36
120,1,613,7375,86,52295,294,2866
120,1,613,7375,86,52295,294,2866
120,1,613,7375,86,52295,294,2866
120,1,613,7375,86,52295,294,2866
120,1,613,7375,86,52295,294,2866
120,1,613,4509,86,57275,294,2131
120,1,613,4509,86,57275,294,2131
120,1,613,4509,86,57275,294,2131
120,1,613,4509,86,57275,294,2131
120,1,613,4509,86,57275,294,2131
120,1,613,1643,86,62256,294,1398
120,1,613,1643,86,62256,294,1398
120,1,613,1643,86,62256,294,1398
120,1,613,1643,86,62256,294,1398
120,1,613,1643,86,62256,294,1398
120,1,612,8777,86,67236,294,0663
120,1,612,8777,86,67236,294,0663
120,1,612,8777,86,67236,294,0663
120,1,612,8777,86,67236,294,0663
120,1,612,8777,86,67236,294,0663
120,1,612,5911,86,72168,293,9929
120,1,612,5911,86,72168,293,9929
120,1,612,5911,86,72168,293,9929
120,1,612,5911,86,72168,293,9929
120,1,612,5911,86,72168,293,9929
120,1,612,3953,86,75586,293,9427
120,1,612,3953,86,75586,293,9427
120,1,612,3953,86,75586,293,9427
120,1,612,3953,86,75586,293,9427
120,1,612,3953,86,75586,293,9427
120,1,612,3953,86,75586,293,9427
120,1,612,3953,86,75586,293,9427
120,1,612,3953,86,75586,293,9427
120,1,612,3953,86,75586,293,9427
120,1,612,3953,86,75586,293,9427
120,1,612,3953,86,75586,293,9427
120,1,612,3953,86,75586,293,9427
120,1,612,3953,86,75586,293,9427
120,1,612,3953,86,75586,293,9427
120,1,612,3953,86,75586,293,9427
120,1,612,3953,86,75586,293,9427
120,1,612,3953,86,75586,293,9427
120,1,612,3953,86,75586,293,9427
120,1,612,3953,86,75586,293,9427
120,1,612,3953,86,75586,293,9427
120,1,612,3953,86,75586,293,9427
120,1,612,3953,86,75586,293,9427
120,1,612,3953,86,75586,293,9427
120,1,612,3953,86,75586,293,9427
120,1,612,3953,86,75586,293,9427
120,1,612,3953,86,75586,293,9427
120,1,612,3953,86,75586,293,9427
120,1,612,3953,86,75586,293,9427
120,1,612,3953,86,75586,293,9427
120,1,612,3953,86,75586,293,9427
120,1,612,3953,86,75586,293,9427
120,1,612,3953,86,75586,293,9427
120,1,612,3953,86,75586,293,9427
120,1,612,3953,86,75586,293,9427
120,1,612,3953,86,75586,293,9427
120,1,612,3953,86,75586,293,9427
120,1,612,3953,86,75586,293,9427
120,1,612,3953,86,75586,293,9427
120,1,612,3953,86,75586,293,9427
120,1,612,3953,86,75586,293,9427
120,1,612,3953,86,75586,293,9427
120,1,612,3953,86,75586,293,9427
120,1,612,3953,86,75586,293,9427
120,1,612,3953,86,75586,293,9427
120,1,612,3953,86,75586,293,9427
120,1,612,3953,86,75586,293,9427
120,1,612,3953,86,75586,293,9427
120,1,612,3953,86,75586,293,9427
120,1,612,3953,86,75586,293,9427
120,1,612,3953,86,75586,293,9427
120,1,612,3953,86,75586,293,9427
120,1,612,3953,86,75586,293,9427
120,1,612,3953,86,75586,293,9427
120,1,612,3953,86,75586,293,9427
120,1,612,3953,86,75586,293,9427
120,1,612,3953,86,75586,293,9427
120,1,612,3953,86,75586,293,9427
120,1,612,3953,86,75586,293,9427
120,1,612,3953,86,75586,293,9427
120,1,612,3953,86,75586,293,9427
120,1,612,3953,86,75586,293,9427
120,1,612,3953,86,75586,293,9427
120,1,612,3953,86,75586,293,9427
120,1,612,3953,86,75586,293,9427
120,1,612,3953,86,75586,293,9427
120,1,612,3953,86,75586,293,9427
120,1,612,3953,86,75586,293,9427
120,1,612,3953,86,75586,293,9427
120,1,612,3953,86,75586,293,9427
120,1,612,3953,86,75586,293,9427
120,1,612,3953,86,75586,293,9427
120,1,612,3953,86,75586,293,9427
120,1,612,3953,86,75586,293,9427
120,1,612,3953,86,75586,293,9427
120,1,612,3953,86,75586,293,9427
120,1,612,3953,86,75586,293,9427
120,1,612,3953,86,75586,293,9427
120,1,612,3953,86,75586,293,9427
120,1,612,3953,86,75586,293,9427
120,1,612,3953,86,75586,293,9427
120,1,612,3953,86,75586,293,9427
120,1,612,3953,86,75586,293,9427
120,1,612,3953,86,75586,293,9427
120,1,612,3953,86,75586,293,9427
120,1,612,3953,86,75586,293,9427
120,1,612,3953,86,75586,293,9427
120,1,612,3953,86,75586,293,9427
120,1,612,3953,86,75586,293,9427
120,1,612,3953,86,75586,293,9427
120,1,612,3953,86,75586,293,9427
120,1,612,3953,86,75586,293,9427
120,1,612,3953,86,75586,293,9427
120,1,612,3953,86,75586,293,9427
120,1,612,3953,86,75586,293,9427
120,1,612,3953,86,75586,293,9427
120,1,612,3953,86,75586,293,9427
120,1,612,3953,86,75586,293,9427
120,1,612,3953,86,75586,293,9427
120,1,612,3953,86,75586,293,9427
120,1,612,3953,86,75586,293,9427
120,1,612,3953,86,75586,293,9427
120,1,612,3953,86,75586,293,9427
120,1,612,3953,86,75586,293,9427
120,1,612,3953,86,75586,293,9427
120,1,612,3953,86,75586,293,9427
120,1,612,3953,86,75586,293,9427
120,1,612,3953,86,75586,293,9427
120,1,612,3953,86,75586,293,9427
120,1,612,3953,86,75586,293,9427
120,1,612,3953,86,75586,293,9427
120,1,612,3953,86,75586,293,9427
120,1,612,3953,86,75586,293,9427
120,1,612,3953,86,75586,293,9427
120,1,612,3953,86,75586,293,9427
120,1,612,3953,86,75586,293,9427
120,1,612,3953,86,75586,293,9427
120,1,612,3953,86,75586,293,9427
120,1,612,3953,86,75586,293,9427
120,1,612,3953,86,75586,293,9427
120,1,612,3953,86,75586,293,9427
120,1,612,3953,86,75586,293,9427
120,1,612,3953,86,75586,293,9427
120,1,612,3953,86,75586,293,9427
120,1,612,3953,86,75586,293,9427
120,1,612,3953,86,75586,293,9427
120,1,612,3953,86,75586,293,9427
120,1,612,3953,86,75586,293,9427
120,1,612,3953,86,75586,293,9427
120,1,612,3953,86,75586,293,9427
120,1,612,3953,86,75586,293,9427
120,1,612,3953,86,75586,293,9427
120,1,612,3953,86,75586,293,9427
120,1,612,3953,86,75586,293,9427
120,1,612,3953,86,75586,293,9427
120,1,612,3953,86,75586,293,9427
120,1,612,3953,86,75586,293,9427
120,1,612,3953,86,75586,293,9427
120,1,612,3953,86,75586,293,9427
120,1,612,3953,86,75586,293,9427
120,1,612,3953,86,75586,293,9427
120,1,612,3953,86,75586,293,9427
120,1,612,3953,86,75586,293,9427
120,1,612,3953,86,75586,293,9427
120,1,612,3953,86,75586,293,9427
120,1,612,3953,86,75586,293,9427
120,1,612,3953,86,75586,293,9427
120,1,612,3953,86,75586,293,9427
120,1,612,3953,86,75586,293,9427
120,1,612,3953,86,75586,293,9427
120,1,612,3953,86,75586,293,9427
120,1,612,3953,86,75586,293,9427
120,1,612,3953,86,75586,293,9427
120,1,612,3953,86,75586,293,9427
120,1,612,3953,86,75586,293,9427
120,1,612,3953,86,75586,293,9427
120,1,612,3953,86,75586,293,9427
120,1,612,3953,86,75586,293,9427
120,1,612,3953,86,75586,293,9427
120,1,612,3953,86,75586,293,9427
120,1,612,3953,86,75586,293,9427
120,1,612,3953,86,75586,293,9427
120,1,612,3953,86,75586,293,9427
120,1,612,3953,86,75586,293,9427
120,1,612,3953,86,75586,293,9427
120,1,612,3953,86,75586,293,9427
120,1,612,3953,86,75586,293,9427
120,1,612,3953,86,75586,293,9427
120,1,612,3953,86,75586,293,9427
120,1,612,3953,86,75586,293,9427
120,1,612,3953,86,75586,293,9427
120,1,612,3953,86,75586,293,9427
120,1,612,3953,86,75586,293,9427
120,1,612,3953,86,75586,293,9427
120,1,612,3953,86,75586,293,9427
120,1,612,3953,86,75586,293,9427
120,1,612,3953,86,75586,293,9427
120,1,612,3953,86,75586,293,9427
120,1,612,3953,86,75586,293,9427
120,1,612,3953,86,75586,293,9427
120,1,612,3953,86,75586,293,9427
120,1,612,3953,86,75586,293,9427
120,1,612,3953,86,75586,293,9427
120,1,612,3953,86,75586,293,9427
120,1,612,3953,86,75586,293,9427
120,1,612,3953,86,75586,293,9427
120,1,612,3953,86,75586,293,9427
120,1,612,3953,86,75586,293,9427
120,1,612,3953,86,75586,293,9427
120,1,612,3953,86,75586,293,9427
120,1,612,3953,86,75586,293,9427
120,1,612,3953,86,75586,293,9427
120,1,612,3953,86,75586,293,9427
120,1,612,3953,86,75586,293,9427
120,1,612,3953,86,75586,293,9427
120,1,612,3953,86,75586,293,9427
120,1,612,3953,86,75586,293,9427
120,1,612,3953,86,75586,293,9427
120,1,612,3953,86,75586,293,9427
120,1,612,3953,86,75586,293,9427
120,1,612,3953,86,75586,293,9427
120,1,612,3953,86,75586,293,9427
120,1,612,3953,86,75586,293,9427
120,1,612,3953,86,75586,293,9427
120,1,612,3953,86,75586,293,9427
120,1,612,3953,86,75586,293,9427
120,1,612,3953,86,75586,293,9427
120,1,612,3953,86,75586,293,9427
120,1,612,3953,86,75586,293,9427
120,1,612,3953,86,75586,293,9427
120,1,612,3953,86,75586,293,9427
120,1,612,3953,86,75586,293,9427
120,1,612,3953,86,75586,293,9427
120,1,612,3953,86,75586,293,9427
120,1,612,3953,86,75586,293,9427
120,1,612,3953,86,75586,293,9427
120,1,612,3953,86,75586,293,9427
120,1,612,3953,86,75586,293,9427
120,1,612,3953,86,75586,293,9427
120,1,612,3953,86,75586,293,9427
120,1,612,3953,86,75586,293,9427
120,1,612,3953,86,75586,293,9427
120,1,612,3953,86,75586,293,9427
120,1,612,3953,86,75586,293,9427
120,1,612,3953,86,75586,293,9427
120,1,612,3953,86,75586,293,9427
120,1,612,3953,86,75586,293,9427
120,1,612,3953,86,75586,293,9427
120,1,612,3953,86,75586,293,9427
120,1,612,3953,86,75586,293,9427
120,1,612,3953,86,75586,293,9427
120,1,612,3953,86,75586,293,9427
120,1,612,3953,86,75586,293,9427
120,1,612,3953,86,75586,293,9427
120,1,612,3953,86,75586,293,9427
120,1,612,3953,86,75586,293,9427
120,1,612,3953,86,75586,293,9427
120,1,612,3953,86,75586,293,9427
120,1,612,3953,86,75586,293,9427
120,1,612,3953,86,75586,293,9427
120,1,612,3953,86,75586,293,9427
120,1,612,3953,86,75586,293,9427
120,1,612,3953,86,75586,293,9427
120,1,612,3953,86,75586,293,9427
120,1,612,3953,86,75586,293,9427
120,1,612,3953,86,75586,293,9427
120,1,612,3953,86,75586,293,9427
120,1,612,3953,86,75586,293,9427
120,1,612,3953,86,75586,293,9427
120,1,612,3953,86,75586,293,9427
120,1,612,3953,86,75586,293,9427
120,1,612,3953,86,75586,293,9427
120,1,612,3953,86,75586,293,9427
120,1,612,3953,86,75586,293,9427
120,1,612,3953,86,75586,293,9427
120,1,612,3953,86,75586,293,9427
120,1,612,3953,86,75586,293,9427
120,1,612,3953,86,75586,293,9427
120,2,612,3953,86,75586,293,9427
120,2,612,3953,86,75586,293,9427
120,2,612,3953,86,75586,293,9427
120,2,612,3953,86,75586,293,9427
120,2,612,3953,86,75586,293,9427
120,2,612,3953,86,75586,293,9427
120,2,612,3953,86,75586,293,9427
120,2,612,3953,86,75586,293,9427
120,2,612,3953,86,75586,293,9427
120,2,612,3953,86,75586,293,9427
120,2,612,3953,86,75586,293,9427
120,2,612,3953,86,75586,293,9427
120,2,612,3953,86,75586,293,9427
120,2,612,1331,86,78662,293,8201
120,2,612,1331,86,78662,293,8201
120,2,612,1331,86,78662,293,8201
120,2,612,1331,86,78662,293,8201
120,2,612,1331,86,78662,293,8201
120,2,611,8628,86,81885,293,6936
120,2,611,8628,86,81885,293,6936
120,2,611,8628,86,81885,293,6936
120,2,611,8628,86,81885,293,6936
120,2,611,5925,86,85059,293,5671
120,2,611,5925,86,85059,293,5671
120,2,611,5925,86,85059,293,5671
120,2,611,5925,86,85059,293,5671
120,2,611,5925,86,85059,293,5671
120,2,611,3474,86,87939,293,4524
120,2,611,3474,86,87939,293,4524
120,2,611,3474,86,87939,293,4524
120,2,611,3474,86,87939,293,4524
120,2,611,3474,86,87939,293,4524
120,2,611,0774,86,91162,293,326
120,2,611,0774,86,91162,293,326
120,2,611,0774,86,91162,293,326
120,2,611,0774,86,91162,293,326
120,2,611,0774,86,91162,293,326
120,2,610,8071,86,94336,293,1996
120,2,610,8071,86,94336,293,1996
120,2,610,8071,86,94336,293,1996
120,2,610,8071,86,94336,293,1996
120,2,610,8071,86,94336,293,1996
120,2,610,5369,86,9751,293,0731
120,2,610,5369,86,9751,293,0731
120,2,610,5369,86,9751,293,0731
120,2,610,5369,86,9751,293,0731
120,2,610,5369,86,9751,293,0731
120,2,610,2666,87,00684,292,9468
120,2,610,2666,87,00684,292,9468
120,2,610,2666,87,00684,292,9468
120,2,610,2666,87,00684,292,9468
120,2,610,2666,87,00684,292,9468
120,2,610,2603,87,00781,292,9437
120,2,610,2603,87,00781,292,9437
120,2,610,2603,87,00781,292,9437
120,2,610,2603,87,00781,292,9437
120,2,610,2603,87,00781,292,9437
120,2,610,2603,87,00781,292,9437
120,2,610,2603,87,00781,292,9437
120,2,610,2603,87,00781,292,9437
120,2,610,2603,87,00781,292,9437
120,2,610,2603,87,00781,292,9437
120,2,610,0344,87,02637,292,7472
120,2,610,0344,87,02637,292,7472
120,2,610,0344,87,02637,292,7472
120,2,610,0344,87,02637,292,7472
120,2,610,0344,87,02637,292,7472
120,2,609,8083,87,04443,292,5505
120,2,609,8083,87,04443,292,5505
120,2,609,8083,87,04443,292,5505
120,2,609,8083,87,04443,292,5505
120,2,609,8083,87,04443,292,5505
120,2,609,5825,87,06299,292,354
120,2,609,5825,87,06299,292,354
120,2,609,5825,87,06299,292,354
120,2,609,5825,87,06299,292,354
120,2,609,3567,87,08154,292,1575
120,2,609,3567,87,08154,292,1575
120,2,609,3567,87,08154,292,1575
120,2,609,3567,87,08154,292,1575
120,2,609,3567,87,08154,292,1575
120,2,609,1406,87,09912,291,9694
120,2,609,1406,87,09912,291,9694
120,2,609,1406,87,09912,291,9694
120,2,609,1406,87,09912,291,9694
120,2,609,1406,87,09912,291,9694
120,2,608,925,87,11621,291,7819
120,2,608,925,87,11621,291,7819
120,2,608,925,87,11621,291,7819
120,2,608,925,87,11621,291,7819
120,2,608,925,87,11621,291,7819
120,2,608,7017,87,13477,291,5874
120,2,608,7017,87,13477,291,5874
120,2,608,7017,87,13477,291,5874
120,2,608,7017,87,13477,291,5874
120,2,608,7017,87,13477,291,5874
120,2,608,4897,87,15186,291,4031
120,2,608,4897,87,15186,291,4031
120,2,608,4897,87,15186,291,4031
120,2,608,4897,87,15186,291,4031
120,2,608,4897,87,15186,291,4031
120,2,608,4897,87,15186,291,4031
120,2,608,4897,87,15186,291,4031
120,3,608,4897,87,15186,291,4031
120,3,608,4897,87,15186,291,4031
120,3,608,4897,87,15186,291,4031
120,3,608,4897,87,15186,291,4031
120,3,608,4897,87,15186,291,4031
120,3,608,4897,87,15186,291,4031
120,3,608,4897,87,15186,291,4031
120,3,608,4897,87,15186,291,4031
120,3,608,4897,87,15186,291,4031
120,3,608,4897,87,15186,291,4031
120,3,608,4897,87,15186,291,4031
120,3,608,4897,87,15186,291,4031
120,3,608,4897,87,15186,291,4031
120,3,608,3142,87,17578,291,1677
120,3,608,3142,87,17578,291,1677
120,3,608,3142,87,17578,291,1677
120,3,608,3142,87,17578,291,1677
120,3,608,3142,87,17578,291,1677
120,3,608,136,87,2002,290,9283
120,3,608,136,87,2002,290,9283
120,3,608,136,87,2002,290,9283
120,3,608,136,87,2002,290,9283
120,3,607,9678,87,22314,290,7028
120,3,607,9678,87,22314,290,7028
120,3,607,9678,87,22314,290,7028
120,3,607,9678,87,22314,290,7028
120,3,607,8069,87,24463,290,4871
120,3,607,8069,87,24463,290,4871
120,3,607,8069,87,24463,290,4871
120,3,607,8069,87,24463,290,4871
120,3,607,8069,87,24463,290,4871
120,3,607,6509,87,26611,290,2776
120,3,607,6509,87,26611,290,2776
120,3,607,6509,87,26611,290,2776
120,3,607,6509,87,26611,290,2776
120,3,607,6509,87,26611,290,2776
120,3,607,4758,87,29004,290,043
120,3,607,4758,87,29004,290,043
120,3,607,4758,87,29004,290,043
120,3,607,4758,87,29004,290,043
120,3,607,4758,87,29004,290,043
120,3,607,2971,87,31445,289,8032
120,3,607,2971,87,31445,289,8032
120,3,607,2971,87,31445,289,8032
120,3,607,2971,87,31445,289,8032
120,3,607,2971,87,31445,289,8032
120,3,607,1321,87,33691,289,5819
120,3,607,1321,87,33691,289,5819
120,3,607,1321,87,33691,289,5819
120,3,607,1321,87,33691,289,5819
120,3,606,9658,87,35938,289,3586
120,3,606,9658,87,35938,289,3586
120,3,606,9658,87,35938,289,3586
120,3,606,9658,87,35938,289,3586
120,3,606,9658,87,35938,289,3586
120,3,606,8137,87,38037,289,1545
120,3,606,8137,87,38037,289,1545
120,3,606,8137,87,38037,289,1545
120,3,606,8137,87,38037,289,1545
120,3,606,6472,87,40283,288,9313
120,3,606,6472,87,40283,288,9313
120,3,606,6472,87,40283,288,9313
120,3,606,6472,87,40283,288,9313
120,3,606,6472,87,40283,288,9313
120,3,606,6472,87,40283,288,9313
120,3,606,6472,87,40283,288,9313
120,3,606,6472,87,40283,288,9313
120,3,606,6472,87,40283,288,9313
120,3,606,6472,87,40283,288,9313
120,3,606,6472,87,40283,288,9313
120,3,606,6472,87,40283,288,9313
120,3,606,6472,87,40283,288,9313
120,3,606,6472,87,40283,288,9313
120,3,606,6472,87,40283,288,9313
120,3,606,5002,87,43457,288,6843
120,3,606,5002,87,43457,288,6843
120,3,606,5002,87,43457,288,6843
120,3,606,5002,87,43457,288,6843
120,3,606,3499,87,4668,288,4314
120,3,606,3499,87,4668,288,4314
120,3,606,3499,87,4668,288,4314
120,3,606,3499,87,4668,288,4314
120,3,606,3499,87,4668,288,4314
120,3,606,2034,87,49854,288,1851
120,3,606,2034,87,49854,288,1851
120,3,606,2034,87,49854,288,1851
120,3,606,2034,87,49854,288,1851
120,3,606,2034,87,49854,288,1851
120,3,606,0679,87,52734,287,9572
120,3,606,0679,87,52734,287,9572
120,3,606,0679,87,52734,287,9572
120,3,606,0679,87,52734,287,9572
120,3,606,0679,87,52734,287,9572
120,3,605,9207,87,55908,287,7095
120,3,605,9207,87,55908,287,7095
120,3,605,9207,87,55908,287,7095
120,3,605,9207,87,55908,287,7095
120,3,605,7727,87,59082,287,4608
120,3,605,7727,87,59082,287,4608
120,3,605,7727,87,59082,287,4608
120,3,605,7727,87,59082,287,4608
120,3,605,7727,87,59082,287,4608
120,3,605,6284,87,62207,287,2181
120,3,605,6284,87,62207,287,2181
120,3,605,6284,87,62207,287,2181
120,3,605,6284,87,62207,287,2181
120,3,605,6284,87,62207,287,2181
120,3,605,4758,87,65479,286,9618
120,3,605,4758,87,65479,286,9618
120,3,605,4758,87,65479,286,9618
120,3,605,4758,87,65479,286,9618
120,3,605,4758,87,65479,286,9618
120,3,605,3235,87,6875,286,7056
120,3,605,3235,87,6875,286,7056
120,3,605,3235,87,6875,286,7056
120,3,605,3235,87,6875,286,7056
120,3,605,3235,87,6875,286,7056
120,3,605,1711,87,7207,286,4492
120,3,605,1711,87,7207,286,4492
120,4,605,1711,87,7207,286,4492
120,4,605,1711,87,7207,286,4492
120,4,605,1711,87,7207,286,4492
120,4,605,0188,87,75342,286,1929
120,4,605,0188,87,75342,286,1929
120,4,605,0188,87,75342,286,1929
120,4,605,0188,87,75342,286,1929
120,4,605,0188,87,75342,286,1929
120,4,604,873,87,78467,285,9479
120,4,604,873,87,78467,285,9479
120,4,604,873,87,78467,285,9479
120,4,604,873,87,78467,285,9479
120,4,604,873,87,78467,285,9479
120,4,604,7205,87,81738,285,6917
120,4,604,7205,87,81738,285,6917
120,4,604,7205,87,81738,285,6917
120,4,604,7205,87,81738,285,6917
120,4,604,7205,87,81738,285,6917
120,4,604,7185,87,81787,285,6881
120,4,604,7185,87,81787,285,6881
120,4,604,7185,87,81787,285,6881
120,4,604,7185,87,81787,285,6881
120,4,604,585,87,85059,285,4276
120,4,604,585,87,85059,285,4276
120,4,604,585,87,85059,285,4276
120,4,604,585,87,85059,285,4276
120,4,604,585,87,85059,285,4276
120,4,604,4663,87,87939,285,1963
120,4,604,4663,87,87939,285,1963
120,4,604,4663,87,87939,285,1963
120,4,604,4663,87,87939,285,1963
120,4,604,4663,87,87939,285,1963
120,4,604,3494,87,9082,284,968
120,4,604,3494,87,9082,284,968
120,4,604,3494,87,9082,284,968
120,4,604,3494,87,9082,284,968
120,4,604,3494,87,9082,284,968
120,4,604,2134,87,94141,284,7028
120,4,604,2134,87,94141,284,7028
120,4,604,2134,87,94141,284,7028
120,4,604,2134,87,94141,284,7028
120,4,604,0823,87,97363,284,4468
120,4,604,0823,87,97363,284,4468
120,4,604,0823,87,97363,284,4468
120,4,604,0823,87,97363,284,4468
120,4,603,9631,88,00244,284,2146
120,4,603,9631,88,00244,284,2146
120,4,603,9631,88,00244,284,2146
120,4,603,9631,88,00244,284,2146
120,4,603,9631,88,00244,284,2146
120,4,603,8418,88,03223,283,9778
120,4,603,8418,88,03223,283,9778
120,4,603,8418,88,03223,283,9778
120,4,603,8418,88,03223,283,9778
120,4,603,7285,88,06006,283,7566
120,4,603,7285,88,06006,283,7566
120,4,603,7285,88,06006,283,7566
120,4,603,7285,88,06006,283,7566
120,4,603,7285,88,06006,283,7566
120,4,603,603,88,09082,283,512
120,4,603,603,88,09082,283,512
120,4,603,603,88,09082,283,512
120,4,603,603,88,09082,283,512
120,4,603,4739,88,12256,283,2601
120,4,603,4739,88,12256,283,2601
120,4,603,4739,88,12256,283,2601
120,4,603,4739,88,12256,283,2601
120,4,603,4739,88,12256,283,2601
120,4,603,3601,88,15039,283,0381
120,4,603,3601,88,15039,283,0381
120,4,603,3601,88,15039,283,0381
120,4,603,3601,88,15039,283,0381
120,4,603,2317,88,18164,282,7875
120,4,603,2317,88,18164,282,7875
120,4,603,2317,88,18164,282,7875
120,4,603,2317,88,18164,282,7875
120,4,603,2317,88,18164,282,7875
120,4,603,2019,88,18896,282,7294
120,4,603,2019,88,18896,282,7294
120,4,603,2019,88,18896,282,7294
120,4,603,2019,88,18896,282,7294
120,4,603,074,88,21973,282,5078
120,4,603,074,88,21973,282,5078
120,4,603,074,88,21973,282,5078
120,4,603,074,88,21973,282,5078
120,4,602,9397,88,25195,282,2756
120,4,602,9397,88,25195,282,2756
120,4,602,9397,88,25195,282,2756
120,4,602,9397,88,25195,282,2756
120,4,602,9397,88,25195,282,2756
120,4,602,8186,88,28076,282,0662
120,4,602,8186,88,28076,282,0662
120,4,602,8186,88,28076,282,0662
120,4,602,8186,88,28076,282,0662
120,4,602,6909,88,31152,281,8453
120,4,602,6909,88,31152,281,8453
120,4,602,6909,88,31152,281,8453
120,4,602,6909,88,31152,281,8453
120,4,602,5581,88,34326,281,6156
120,4,602,5581,88,34326,281,6156
120,4,602,5581,88,34326,281,6156
120,4,602,5581,88,34326,281,6156
120,4,602,5581,88,34326,281,6156
120,4,602,4238,88,37549,281,3833
120,4,602,4238,88,37549,281,3833
120,4,602,4238,88,37549,281,3833
120,4,602,4238,88,37549,281,3833
120,4,602,2964,88,40625,281,1626
120,4,602,2964,88,40625,281,1626
120,4,602,2964,88,40625,281,1626
120,4,602,2964,88,40625,281,1626
120,4,602,1646,88,43799,280,9346
120,4,602,1646,88,43799,280,9346
120,4,602,1646,88,43799,280,9346
120,4,602,1646,88,43799,280,9346
120,4,602,1646,88,43799,280,9346
120,4,602,0439,88,4668,280,7258
120,4,602,0439,88,4668,280,7258
120,4,602,0439,88,4668,280,7258
120,4,602,0439,88,4668,280,7258
120,4,602,0439,88,4668,280,7258
120,4,601,8997,88,50146,280,4762
120,4,601,8997,88,50146,280,4762
120,4,601,8997,88,50146,280,4762
120,4,601,8997,88,50146,280,4762
120,4,601,8997,88,50146,280,4762
120,4,601,7554,88,53613,280,2268
120,4,601,7554,88,53613,280,2268
120,4,601,7554,88,53613,280,2268
120,4,601,7554,88,53613,280,2268
120,4,601,6182,88,56934,279,9893
120,5,601,6182,88,56934,279,9893
120,5,601,6182,88,56934,279,9893
120,5,601,6182,88,56934,279,9893
120,5,601,6182,88,56934,279,9893
120,5,601,479,88,60254,279,7485
120,5,601,479,88,60254,279,7485
120,5,601,479,88,60254,279,7485
120,5,601,479,88,60254,279,7485
120,5,601,3455,88,63477,279,5173
120,5,601,3455,88,63477,279,5173
120,5,601,3455,88,63477,279,5173
120,5,601,3455,88,63477,279,5173
120,5,601,3325,88,6377,279,4951
120,5,601,3325,88,6377,279,4951
120,5,601,3325,88,6377,279,4951
120,5,601,3325,88,6377,279,4951
120,5,601,3325,88,6377,279,4951
120,5,601,2209,88,66309,279,2727
120,5,601,2209,88,66309,279,2727
120,5,601,2209,88,66309,279,2727
120,5,601,2209,88,66309,279,2727
120,5,601,2209,88,66309,279,2727
120,5,601,0872,88,69385,279,006
120,5,601,0872,88,69385,279,006
120,5,601,0872,88,69385,279,006
120,5,601,0872,88,69385,279,006
120,5,600,9607,88,72266,278,754
120,5,600,9607,88,72266,278,754
120,5,600,9607,88,72266,278,754
120,5,600,9607,88,72266,278,754
120,5,600,8394,88,75,278,5122
120,5,600,8394,88,75,278,5122
120,5,600,8394,88,75,278,5122
120,5,600,8394,88,75,278,5122
120,5,600,8394,88,75,278,5122
120,5,600,7275,88,77539,278,2897
120,5,600,7275,88,77539,278,2897
120,5,600,7275,88,77539,278,2897
120,5,600,7275,88,77539,278,2897
120,5,600,7275,88,77539,278,2897
120,5,600,5972,88,80518,278,0298
120,5,600,5972,88,80518,278,0298
120,5,600,5972,88,80518,278,0298
120,5,600,5972,88,80518,278,0298
120,5,600,5972,88,80518,278,0298
120,5,600,4636,88,83594,277,7634
120,5,600,4636,88,83594,277,7634
120,5,600,4636,88,83594,277,7634
120,5,600,4636,88,83594,277,7634
120,5,600,4636,88,83594,277,7634
120,5,600,3381,88,86426,277,5138
120,5,600,3381,88,86426,277,5138
120,5,600,3381,88,86426,277,5138
120,5,600,3381,88,86426,277,5138
120,5,600,2173,88,89209,277,2728
120,5,600,2173,88,89209,277,2728
120,5,600,2173,88,89209,277,2728
120,5,600,2173,88,89209,277,2728
120,5,600,2173,88,89209,277,2728
120,5,600,092,88,92041,277,0233
120,5,600,092,88,92041,277,0233
120,5,600,092,88,92041,277,0233
120,5,600,092,88,92041,277,0233
120,5,600,0645,88,92676,276,9683
120,5,600,0645,88,92676,276,9683
120,5,600,0645,88,92676,276,9683
120,5,600,0645,88,92676,276,9683
120,5,599,9336,88,94873,276,7281
120,5,599,9336,88,94873,276,7281
120,5,599,9336,88,94873,276,7281
120,5,599,9336,88,94873,276,7281
120,5,599,9336,88,94873,276,7281
120,5,599,8088,88,96924,276,4998
120,5,599,8088,88,96924,276,4998
120,5,599,8088,88,96924,276,4998
120,5,599,8088,88,96924,276,4998
120,5,599,8088,88,96924,276,4998
120,5,599,6851,88,99023,276,2725
120,5,599,6851,88,99023,276,2725
120,5,599,6851,88,99023,276,2725
120,5,599,6851,88,99023,276,2725
120,5,599,6851,88,99023,276,2725
120,5,599,5464,89,01318,276,0181
120,5,599,5464,89,01318,276,0181
120,5,599,5464,89,01318,276,0181
120,5,599,5464,89,01318,276,0181
120,5,599,5464,89,01318,276,0181
120,5,599,4031,89,03711,275,7556
120,5,599,4031,89,03711,275,7556
120,5,599,4031,89,03711,275,7556
120,5,599,4031,89,03711,275,7556
120,5,599,4031,89,03711,275,7556
120,5,599,26,89,06104,275,493
120,5,599,26,89,06104,275,493
120,5,599,26,89,06104,275,493
120,5,599,26,89,06104,275,493
120,5,599,26,89,06104,275,493
120,5,599,1179,89,08496,275,2323
120,5,599,1179,89,08496,275,2323
120,5,599,1179,89,08496,275,2323
120,5,599,1179,89,08496,275,2323
120,5,599,1179,89,08496,275,2323
120,5,598,9746,89,10889,274,9697
120,5,598,9746,89,10889,274,9697
120,5,598,9746,89,10889,274,9697
120,5,598,9746,89,10889,274,9697
120,5,598,9746,89,10889,274,9697
120,5,598,947,89,11328,274,9191
120,5,598,947,89,11328,274,9191
120,5,598,947,89,11328,274,9191
120,5,598,947,89,11328,274,9191
120,5,598,8232,89,13428,274,6466
120,5,598,8232,89,13428,274,6466
120,5,598,8232,89,13428,274,6466
120,5,598,8232,89,13428,274,6466
120,5,598,7214,89,15137,274,4227
120,6,598,7214,89,15137,274,4227
120,6,598,7214,89,15137,274,4227
120,6,598,7214,89,15137,274,4227
120,6,598,6123,89,16992,274,1829
120,6,598,6123,89,16992,274,1829
120,6,598,6123,89,16992,274,1829
120,6,598,6123,89,16992,274,1829
120,6,598,6123,89,16992,274,1829
120,6,598,5117,89,18701,273,9617
120,6,598,5117,89,18701,273,9617
120,6,598,5117,89,18701,273,9617
120,6,598,5117,89,18701,273,9617
120,6,598,5117,89,18701,273,9617
120,6,598,3899,89,20752,273,6938
120,6,598,3899,89,20752,273,6938
120,6,598,3899,89,20752,273,6938
120,6,598,3899,89,20752,273,6938
120,6,598,2776,89,22656,273,4467
120,6,598,2776,89,22656,273,4467
120,6,598,2776,89,22656,273,4467
120,6,598,2776,89,22656,273,4467
120,6,598,2776,89,22656,273,4467
120,6,598,1724,89,24463,273,2148
120,6,598,1724,89,24463,273,2148
120,6,598,1724,89,24463,273,2148
120,6,598,1724,89,24463,273,2148
120,6,598,1724,89,24463,273,2148
120,6,598,0576,89,26416,272,9625
120,6,598,0576,89,26416,272,9625
120,6,598,0576,89,26416,272,9625
120,6,598,0576,89,26416,272,9625
120,6,597,9338,89,28516,272,6901
120,6,597,9338,89,28516,272,6901
120,6,597,9338,89,28516,272,6901
120,6,597,9338,89,28516,272,6901
120,6,597,9338,89,28516,272,6901
120,6,597,8259,89,30322,272,453
120,6,597,8259,89,30322,272,453
120,6,597,8259,89,30322,272,453
120,6,597,8259,89,30322,272,453
120,6,597,7922,89,30908,272,3789
120,6,597,7922,89,30908,272,3789
120,6,597,7922,89,30908,272,3789
120,6,597,7922,89,30908,272,3789
120,6,597,7156,89,32471,272,1436
120,6,597,7156,89,32471,272,1436
120,6,597,7156,89,32471,272,1436
120,6,597,7156,89,32471,272,1436
120,6,597,7156,89,32471,272,1436
120,6,597,6267,89,34326,271,87
120,6,597,6267,89,34326,271,87
120,6,597,6267,89,34326,271,87
120,6,597,6267,89,34326,271,87
120,6,597,5496,89,35938,271,6326
120,6,597,5496,89,35938,271,6326
120,6,597,5496,89,35938,271,6326
120,6,597,5496,89,35938,271,6326
120,6,597,5496,89,35938,271,6326
120,6,597,4714,89,37549,271,3915
120,6,597,4714,89,37549,271,3915
120,6,597,4714,89,37549,271,3915
120,6,597,4714,89,37549,271,3915
120,6,597,3845,89,39355,271,1249
120,6,597,3845,89,39355,271,1249
120,6,597,3845,89,39355,271,1249
120,6,597,3845,89,39355,271,1249
120,6,597,3059,89,40967,270,8827
120,6,597,3059,89,40967,270,8827
120,6,597,3059,89,40967,270,8827
120,6,597,3059,89,40967,270,8827
120,6,597,3059,89,40967,270,8827
120,6,597,22,89,42773,270,6178
120,6,597,22,89,42773,270,6178
120,6,597,22,89,42773,270,6178
120,6,597,22,89,42773,270,6178
120,6,597,1414,89,44385,270,3762
120,6,597,1414,89,44385,270,3762
120,6,597,1414,89,44385,270,3762
120,6,597,1414,89,44385,270,3762
120,6,597,0627,89,45996,270,1345
120,6,597,0627,89,45996,270,1345
120,6,597,0627,89,45996,270,1345
120,6,597,0627,89,45996,270,1345
120,6,596,9905,89,4751,269,9121
120,6,596,9905,89,4751,269,9121
120,6,596,9905,89,4751,269,9121
120,6,596,9905,89,4751,269,9121
120,6,596,9131,89,48975,269,6841
120,6,596,9131,89,48975,269,6841
120,6,596,9131,89,48975,269,6841
120,6,596,9131,89,48975,269,6841
120,6,596,9131,89,48975,269,6841
120,6,596,8281,89,50635,269,4338
120,6,596,8281,89,50635,269,4338
120,6,596,8281,89,50635,269,4338
120,6,596,8281,89,50635,269,4338
120,6,596,7412,89,52295,269,1777
120,6,596,7412,89,52295,269,1777
120,6,596,7412,89,52295,269,1777
120,6,596,7412,89,52295,269,1777
120,6,596,6626,89,5376,268,9463
120,6,596,6626,89,5376,268,9463
120,6,596,6626,89,5376,268,9463
120,6,596,6626,89,5376,268,9463
120,6,596,5798,89,55371,268,7031
120,6,596,5798,89,55371,268,7031
120,6,596,5798,89,55371,268,7031
120,6,596,5798,89,55371,268,7031
120,6,596,5798,89,55371,268,7031
120,6,596,5017,89,56836,268,4723
120,6,596,5017,89,56836,268,4723
120,6,596,5017,89,56836,268,4723
120,6,596,5017,89,56836,268,4723
120,6,596,4158,89,58496,268,2197
120,6,596,4158,89,58496,268,2197
120,6,596,4158,89,58496,268,2197
120,6,596,4158,89,58496,268,2197
120,6,596,3337,89,60059,267,9777
120,6,596,3337,89,60059,267,9777
120,7,596,3337,89,60059,267,9777
120,7,596,3337,89,60059,267,9777
120,7,596,3337,89,60059,267,9777
120,7,596,2542,89,61572,267,7434
120,7,596,2542,89,61572,267,7434
120,7,596,2542,89,61572,267,7434
120,7,596,2542,89,61572,267,7434
120,7,596,1692,89,63232,267,4938
120,7,596,1692,89,63232,267,4938
120,7,596,1692,89,63232,267,4938
120,7,596,1692,89,63232,267,4938
120,7,596,1147,89,64258,267,333
120,7,596,1147,89,64258,267,333
120,7,596,1147,89,64258,267,333
120,7,596,1147,89,64258,267,333
120,7,596,0369,89,65723,267,1033
120,7,596,0369,89,65723,267,1033
120,7,596,0369,89,65723,267,1033
120,7,596,0369,89,65723,267,1033
120,7,595,9507,89,67285,266,85
120,7,595,9507,89,67285,266,85
120,7,595,9507,89,67285,266,85
120,7,595,9507,89,67285,266,85
120,7,595,8743,89,6875,266,6245
120,7,595,8743,89,6875,266,6245
120,7,595,8743,89,6875,266,6245
120,7,595,8743,89,6875,266,6245
120,7,595,8743,89,6875,266,6245
120,7,595,7981,89,70166,266,3998
120,7,595,7981,89,70166,266,3998
120,7,595,7981,89,70166,266,3998
120,7,595,7981,89,70166,266,3998
120,7,595,7158,89,7168,266,1581
120,7,595,7158,89,7168,266,1581
120,7,595,7158,89,7168,266,1581
120,7,595,7158,89,7168,266,1581
120,7,595,6274,89,7334,265,8975
120,7,595,6274,89,7334,265,8975
120,7,595,6274,89,7334,265,8975
120,7,595,6274,89,7334,265,8975
120,7,595,5518,89,74707,265,6743
120,7,595,5518,89,74707,265,6743
120,7,595,5518,89,74707,265,6743
120,7,595,5518,89,74707,265,6743
120,7,595,5518,89,74707,265,6743
120,7,595,4705,89,76221,265,4346
120,7,595,4705,89,76221,265,4346
120,7,595,4705,89,76221,265,4346
120,7,595,4705,89,76221,265,4346
120,7,595,3816,89,77881,265,1736
120,7,595,3816,89,77881,265,1736
120,7,595,3816,89,77881,265,1736
120,7,595,3816,89,77881,265,1736
120,7,595,3052,89,79297,264,9482
120,7,595,3052,89,79297,264,9482
120,7,595,3052,89,79297,264,9482
120,7,595,3052,89,79297,264,9482
120,7,595,3052,89,79297,264,9482
120,7,595,2249,89,80811,264,7114
120,7,595,2249,89,80811,264,7114
120,7,595,2249,89,80811,264,7114
120,7,595,2249,89,80811,264,7114
120,7,595,1426,89,82324,264,4636
120,7,595,1426,89,82324,264,4636
120,7,595,1426,89,82324,264,4636
120,7,595,1426,89,82324,264,4636
120,7,595,061,89,83887,264,2181
120,7,595,061,89,83887,264,2181
120,7,595,061,89,83887,264,2181
120,7,595,061,89,83887,264,2181
120,7,594,9773,89,85449,263,9655
120,7,594,9773,89,85449,263,9655
120,7,594,9773,89,85449,263,9655
120,7,594,9773,89,85449,263,9655
120,7,594,9058,89,86768,263,7501
120,7,594,9058,89,86768,263,7501
120,7,594,9058,89,86768,263,7501
120,7,594,9058,89,86768,263,7501
120,7,594,8303,89,88184,263,5225
120,7,594,8303,89,88184,263,5225
120,7,594,8303,89,88184,263,5225
120,7,594,8303,89,88184,263,5225
120,7,594,7512,89,89648,263,2848
120,7,594,7512,89,89648,263,2848
120,7,594,7512,89,89648,263,2848
120,7,594,7512,89,89648,263,2848
120,7,594,7512,89,89648,263,2848
120,7,594,675,89,91064,263,0548
120,7,594,675,89,91064,263,0548
120,7,594,675,89,91064,263,0548
120,7,594,675,89,91064,263,0548
120,7,594,5959,89,92529,262,8171
120,7,594,5959,89,92529,262,8171
120,7,594,5959,89,92529,262,8171
120,7,594,5959,89,92529,262,8171
120,7,594,51,89,94141,262,558
120,7,594,51,89,94141,262,558
120,7,594,51,89,94141,262,558
120,7,594,51,89,94141,262,558
120,7,594,51,89,94141,262,558
120,7,594,4341,89,95557,262,3292
120,7,594,4341,89,95557,262,3292
120,7,594,4341,89,95557,262,3292
120,7,594,4341,89,95557,262,3292
120,7,594,3511,89,97119,262,0792
120,7,594,3511,89,97119,262,0792
120,7,594,3511,89,97119,262,0792
120,7,594,3511,89,97119,262,0792
120,7,594,3511,89,97119,262,0792
120,7,594,2705,89,98633,261,8365
120,7,594,2705,89,98633,261,8365
120,7,594,2705,89,98633,261,8365
120,7,594,2705,89,98633,261,8365
120,7,594,1763,90,00391,261,5522
120,7,594,1763,90,00391,261,5522
120,7,594,1763,90,00391,261,5522
120,7,594,1763,90,00391,261,5522
120,7,594,1047,90,01709,261,337
120,7,594,1047,90,01709,261,337
120,7,594,1047,90,01709,261,337
120,7,594,0103,90,03076,261,1282
120,7,594,0103,90,03076,261,1282
120,7,594,0103,90,03076,261,1282
120,7,594,0103,90,03076,261,1282
120,7,594,0103,90,03076,261,1282
120,7,593,9297,90,04248,260,9497
120,7,593,9297,90,04248,260,9497
120,7,593,9297,90,04248,260,9497
120,7,593,9297,90,04248,260,9497
120,7,593,8262,90,05713,260,7209
120,7,593,8262,90,05713,260,7209
120,7,593,8262,90,05713,260,7209
120,7,593,8262,90,05713,260,7209
120,7,593,7214,90,07227,260,4891
120,7,593,7214,90,07227,260,4891
120,7,593,7214,90,07227,260,4891
120,7,593,7214,90,07227,260,4891
120,7,593,7214,90,07227,260,4891
120,7,593,6206,90,08643,260,2662
120,7,593,6206,90,08643,260,2662
120,7,593,6206,90,08643,260,2662
120,7,593,6206,90,08643,260,2662
120,7,593,501,90,104,260,0017
120,7,593,501,90,104,260,0017
120,7,593,501,90,104,260,0017
120,7,593,501,90,104,260,0017
120,7,593,3958,90,11914,259,769
120,7,593,3958,90,11914,259,769
120,7,593,3958,90,11914,259,769
120,7,593,3958,90,11914,259,769
120,7,593,2925,90,13379,259,5408
120,7,593,2925,90,13379,259,5408
120,7,593,2925,90,13379,259,5408
120,7,593,2925,90,13379,259,5408
120,7,593,1965,90,14746,259,3286
120,7,593,1965,90,14746,259,3286
120,7,593,1965,90,14746,259,3286
120,7,593,1965,90,14746,259,3286
120,7,593,1965,90,14746,259,3286
120,7,593,0969,90,16211,259,1079
120,7,593,0969,90,16211,259,1079
120,7,593,0969,90,16211,259,1079
120,7,593,0969,90,16211,259,1079
120,7,592,9866,90,17773,258,8638
120,7,592,9866,90,17773,258,8638
120,7,592,9866,90,17773,258,8638
120,7,592,9866,90,17773,258,8638
120,7,592,885,90,19238,258,6393
120,7,592,885,90,19238,258,6393
120,7,592,885,90,19238,258,6393
120,7,592,885,90,19238,258,6393
120,7,592,7849,90,20654,258,4182
120,7,592,7849,90,20654,258,4182
120,7,592,7849,90,20654,258,4182
120,7,592,7849,90,20654,258,4182
120,7,592,6697,90,22314,258,1633
120,7,592,6697,90,22314,258,1633
120,7,592,6697,90,22314,258,1633
120,7,592,6697,90,22314,258,1633
120,7,592,6328,90,22852,258,0817
120,7,592,6328,90,22852,258,0817
120,7,592,6328,90,22852,258,0817
120,7,592,6328,90,22852,258,0817
120,7,592,6328,90,22852,258,0817
120,7,592,6328,90,22852,258,0817
120,7,592,6328,90,22852,258,0817
120,7,592,6328,90,22852,258,0817
120,7,592,6328,90,22852,258,0817
120,7,592,6328,90,22852,258,0817
120,7,592,6328,90,22852,258,0817
120,7,592,6328,90,22852,258,0817
120,7,592,6328,90,22852,258,0817
120,7,592,6328,90,22852,258,0817
120,7,592,6328,90,22852,258,0817
120,7,592,6328,90,22852,258,0817
120,7,592,6328,90,22852,258,0817
120,7,592,6328,90,22852,258,0817
120,7,592,6328,90,22852,258,0817
120,7,592,6328,90,22852,258,0817
120,7,592,6328,90,22852,258,0817
120,7,592,6328,90,22852,258,0817
120,7,592,6328,90,22852,258,0817
120,7,592,6328,90,22852,258,0817
120,7,592,6328,90,22852,258,0817
120,7,592,6328,90,22852,258,0817
120,7,592,6328,90,22852,258,0817
120,7,592,6328,90,22852,258,0817
120,7,592,6328,90,22852,258,0817
120,7,592,6328,90,22852,258,0817
120,7,592,6328,90,22852,258,0817
120,7,592,6328,90,22852,258,0817
120,7,592,6328,90,22852,258,0817
120,7,592,6328,90,22852,258,0817
120,7,592,6328,90,22852,258,0817
120,7,592,6328,90,22852,258,0817
120,7,592,6328,90,22852,258,0817
120,7,592,6328,90,22852,258,0817
120,7,592,6328,90,22852,258,0817
120,7,592,6328,90,22852,258,0817
120,7,592,6328,90,22852,258,0817
120,7,592,6328,90,22852,258,0817
120,7,592,6328,90,22852,258,0817
120,7,592,6328,90,22852,258,0817
120,7,592,6328,90,22852,258,0817
120,7,592,6328,90,22852,258,0817
120,7,592,6328,90,22852,258,0817
120,7,592,6328,90,22852,258,0817
120,7,592,6328,90,22852,258,0817
120,7,592,6328,90,22852,258,0817
120,7,592,6328,90,22852,258,0817
120,7,592,6328,90,22852,258,0817
120,7,592,6328,90,22852,258,0817
120,7,592,6328,90,22852,258,0817
120,7,592,6328,90,22852,258,0817
120,7,592,6328,90,22852,258,0817
120,7,592,6328,90,22852,258,0817
120,7,592,6328,90,22852,258,0817
120,7,592,6328,90,22852,258,0817
120,7,592,6328,90,22852,258,0817
120,7,592,6328,90,22852,258,0817
120,7,592,6328,90,22852,258,0817
120,7,592,6328,90,22852,258,0817
120,7,592,6328,90,22852,258,0817
120,7,592,6328,90,22852,258,0817
120,7,592,6328,90,22852,258,0817
120,7,592,6328,90,22852,258,0817
120,7,592,6328,90,22852,258,0817
120,7,592,6328,90,22852,258,0817
120,7,592,6328,90,22852,258,0817
120,7,592,6328,90,22852,258,0817
120,7,592,6328,90,22852,258,0817
120,7,592,6328,90,22852,258,0817
120,7,592,6328,90,22852,258,0817
120,7,592,6328,90,22852,258,0817
120,7,592,6328,90,22852,258,0817
120,8,592,6328,90,22852,258,0817
120,8,592,6328,90,22852,258,0817
120,8,592,6328,90,22852,258,0817
120,8,592,6328,90,22852,258,0817
120,8,592,6328,90,22852,258,0817
120,8,592,6328,90,22852,258,0817
120,8,592,6328,90,22852,258,0817
120,8,592,6328,90,22852,258,0817
120,8,592,6328,90,22852,258,0817
120,8,592,6328,90,22852,258,0817
120,8,592,6328,90,22852,258,0817
120,8,592,6328,90,22852,258,0817
120,8,592,6328,90,22852,258,0817
120,8,592,5007,90,24463,257,8282
120,8,592,5007,90,24463,257,8282
120,8,592,5007,90,24463,257,8282
120,8,592,5007,90,24463,257,8282
120,8,592,5007,90,24463,257,8282
120,8,592,3628,90,26172,257,5632
120,8,592,3628,90,26172,257,5632
120,8,592,3628,90,26172,257,5632
120,8,592,3628,90,26172,257,5632
120,8,592,3628,90,26172,257,5632
120,8,592,2375,90,27686,257,3225
120,8,592,2375,90,27686,257,3225
120,8,592,2375,90,27686,257,3225
120,8,592,2375,90,27686,257,3225
120,8,592,1125,90,29199,257,0825
120,8,592,1125,90,29199,257,0825
120,8,592,1125,90,29199,257,0825
120,8,592,1125,90,29199,257,0825
120,8,591,9841,90,30811,256,8362
120,8,591,9841,90,30811,256,8362
120,8,591,9841,90,30811,256,8362
120,8,591,9841,90,30811,256,8362
120,8,591,9841,90,30811,256,8362
120,8,591,8684,90,32227,256,6135
120,8,591,8684,90,32227,256,6135
120,8,591,8684,90,32227,256,6135
120,8,591,8684,90,32227,256,6135
120,8,591,8684,90,32227,256,6135
120,8,591,7354,90,33838,256,3582
120,8,591,7354,90,33838,256,3582
120,8,591,7354,90,33838,256,3582
120,8,591,7354,90,33838,256,3582
120,8,591,7354,90,33838,256,3582
120,8,591,6033,90,35449,256,1049
120,8,591,6033,90,35449,256,1049
120,8,591,6033,90,35449,256,1049
120,8,591,6033,90,35449,256,1049
120,8,591,6033,90,35449,256,1049
120,8,591,47,90,37061,255,8485
120,8,591,47,90,37061,255,8485
120,8,591,47,90,37061,255,8485
120,8,591,47,90,37061,255,8485
120,8,591,47,90,37061,255,8485
120,8,591,3337,90,3877,255,5869
120,8,591,3337,90,3877,255,5869
120,8,591,3337,90,3877,255,5869
120,8,591,3337,90,3877,255,5869
120,8,591,1995,90,40381,255,3291
120,8,591,1995,90,40381,255,3291
120,8,591,1995,90,40381,255,3291
120,8,591,1995,90,40381,255,3291
120,8,591,1995,90,40381,255,3291
120,8,591,0725,90,41943,255,0856
120,8,591,0725,90,41943,255,0856
120,8,591,0725,90,41943,255,0856
120,8,591,0725,90,41943,255,0856
120,8,591,0725,90,41943,255,0856
120,8,590,9343,90,43652,254,8199
120,8,590,9343,90,43652,254,8199
120,8,590,9343,90,43652,254,8199
120,8,590,9343,90,43652,254,8199
120,8,590,8025,90,45264,254,5671
120,9,590,8025,90,45264,254,5671
120,9,590,8025,90,45264,254,5671
120,9,590,8025,90,45264,254,5671
120,9,590,8025,90,45264,254,5671
120,9,590,7815,90,45508,254,5265
120,9,590,7815,90,45508,254,5265
120,9,590,7815,90,45508,254,5265
120,9,590,7815,90,45508,254,5265
120,9,590,6223,90,46484,254,3108
120,9,590,6223,90,46484,254,3108
120,9,590,6223,90,46484,254,3108
120,9,590,6223,90,46484,254,3108
120,9,590,4651,90,47461,254,098
120,9,590,4651,90,47461,254,098
120,9,590,4651,90,47461,254,098
120,9,590,4651,90,47461,254,098
120,9,590,3174,90,4834,253,8979
120,9,590,3174,90,4834,253,8979
120,9,590,3174,90,4834,253,8979
120,9,590,3174,90,4834,253,8979
120,9,590,1804,90,4917,253,7125
120,9,590,1804,90,4917,253,7125
120,9,590,1804,90,4917,253,7125
120,9,590,1804,90,4917,253,7125
120,9,590,0444,90,5,253,5281
120,9,590,0444,90,5,253,5281
120,9,590,0444,90,5,253,5281
120,9,590,0444,90,5,253,5281
120,9,590,0444,90,5,253,5281
120,9,589,8865,90,50977,253,3141
120,9,589,8865,90,50977,253,3141
120,9,589,8865,90,50977,253,3141
120,9,589,8865,90,50977,253,3141
120,9,589,8865,90,50977,253,3141
120,9,589,7268,90,51953,253,0981
120,9,589,7268,90,51953,253,0981
120,9,589,7268,90,51953,253,0981
120,9,589,7268,90,51953,253,0981
120,9,589,5569,90,53027,252,8677
120,9,589,5569,90,53027,252,8677
120,9,589,5569,90,53027,252,8677
120,9,589,5569,90,53027,252,8677
120,9,589,5569,90,53027,252,8677
120,9,589,3867,90,54053,252,6375
120,9,589,3867,90,54053,252,6375
120,9,589,3867,90,54053,252,6375
120,9,589,3867,90,54053,252,6375
120,9,589,2209,90,55078,252,413
120,9,589,2209,90,55078,252,413
120,9,589,2209,90,55078,252,413
120,9,589,2209,90,55078,252,413
120,9,589,2209,90,55078,252,413
120,9,589,073,90,55957,252,2126
120,9,589,073,90,55957,252,2126
120,9,589,073,90,55957,252,2126
120,9,589,073,90,55957,252,2126
120,9,588,9185,90,56934,252,0032
120,9,588,9185,90,56934,252,0032
120,9,588,9185,90,56934,252,0032
120,9,588,9185,90,56934,252,0032
120,9,588,7439,90,58008,251,7666
120,9,588,7439,90,58008,251,7666
120,9,588,7439,90,58008,251,7666
120,9,588,7439,90,58008,251,7666
120,9,588,6125,90,58789,251,5889
120,9,588,6125,90,58789,251,5889
120,9,588,6125,90,58789,251,5889
120,9,588,6125,90,58789,251,5889
120,9,588,6125,90,58789,251,5889
120,9,588,5723,90,59033,251,5343
120,9,588,5723,90,59033,251,5343
120,9,588,5723,90,59033,251,5343
120,9,588,5723,90,59033,251,5343
120,9,588,5723,90,59033,251,5343
120,9,588,3875,90,6001,251,3523
120,9,588,3875,90,6001,251,3523
120,9,588,3875,90,6001,251,3523
120,9,588,3875,90,6001,251,3523
120,9,588,1741,90,61182,251,142
120,9,588,1741,90,61182,251,142
120,9,588,1741,90,61182,251,142
120,9,588,1741,90,61182,251,142
120,9,588,1741,90,61182,251,142
120,9,587,9822,90,62207,250,9529
120,9,587,9822,90,62207,250,9529
120,9,587,9822,90,62207,250,9529
120,9,587,9822,90,62207,250,9529
120,9,587,7947,90,63184,250,7682
120,9,587,7947,90,63184,250,7682
120,9,587,7947,90,63184,250,7682
120,9,587,7947,90,63184,250,7682
120,9,587,5969,90,64258,250,5732
120,9,587,5969,90,64258,250,5732
120,9,587,5969,90,64258,250,5732
120,9,587,5969,90,64258,250,5732
120,9,587,4304,90,65137,250,4094
120,9,587,4304,90,65137,250,4094
120,9,587,4304,90,65137,250,4094
120,9,587,4304,90,65137,250,4094
120,9,587,4304,90,65137,250,4094
120,9,587,2502,90,66113,250,2318
120,9,587,2502,90,66113,250,2318
120,9,587,2502,90,66113,250,2318
120,9,587,2502,90,66113,250,2318
120,9,587,0649,90,6709,250,0492
120,9,587,0649,90,6709,250,0492
120,9,587,0649,90,6709,250,0492
120,9,587,0649,90,6709,250,0492
120,9,587,0649,90,6709,250,0492
120,9,586,887,90,68066,249,8739
120,9,586,887,90,68066,249,8739
120,9,586,887,90,68066,249,8739
120,9,586,887,90,68066,249,8739
120,9,586,6733,90,69189,249,6635
120,9,586,6733,90,69189,249,6635
120,9,586,6733,90,69189,249,6635
120,9,586,6733,90,69189,249,6635
120,9,586,4954,90,70117,249,4882
120,9,586,4954,90,70117,249,4882
120,9,586,4954,90,70117,249,4882
120,9,586,4954,90,70117,249,4882
120,9,586,4954,90,70117,249,4882
120,9,586,3186,90,71094,249,3141
120,9,586,3186,90,71094,249,3141
120,9,586,3186,90,71094,249,3141
120,9,586,3186,90,71094,249,3141
120,9,586,1318,90,7207,249,1299
120,9,586,1318,90,7207,249,1299
120,9,586,1318,90,7207,249,1299
120,9,586,1318,90,7207,249,1299
120,9,586,0886,90,72314,249,0874
120,9,586,0886,90,72314,249,0874
120,9,586,0886,90,72314,249,0874
120,9,586,0886,90,72314,249,0874
120,9,585,8765,90,75098,248,9669
120,9,585,8765,90,75098,248,9669
120,9,585,8765,90,75098,248,9669
120,9,585,8765,90,75098,248,9669
120,9,585,8765,90,75098,248,9669
120,9,585,6545,90,77979,248,8408
120,9,585,6545,90,77979,248,8408
120,9,585,6545,90,77979,248,8408
120,9,585,6545,90,77979,248,8408
120,9,585,427,90,80957,248,7115
120,9,585,427,90,80957,248,7115
120,9,585,427,90,80957,248,7115
120,9,585,427,90,80957,248,7115
120,9,585,2148,90,8374,248,5911
120,9,585,2148,90,8374,248,5911
120,9,585,2148,90,8374,248,5911
120,9,585,2148,90,8374,248,5911
120,9,584,9924,90,8667,248,4648
120,9,584,9924,90,8667,248,4648
120,9,584,9924,90,8667,248,4648
120,9,584,9924,90,8667,248,4648
120,9,584,9924,90,8667,248,4648
120,9,584,7908,90,89307,248,3502
120,9,584,7908,90,89307,248,3502
120,9,584,7908,90,89307,248,3502
120,9,584,7908,90,89307,248,3502
120,9,584,5562,90,92383,248,2169
120,9,584,5562,90,92383,248,2169
120,9,584,5562,90,92383,248,2169
120,9,584,5562,90,92383,248,2169
120,9,584,5562,90,92383,248,2169
120,9,584,3093,90,95605,248,0767
120,9,584,3093,90,95605,248,0767
120,9,584,3093,90,95605,248,0767
120,9,584,3093,90,95605,248,0767
120,9,584,3093,90,95605,248,0767
120,9,584,0818,90,98584,247,9475
120,9,584,0818,90,98584,247,9475
120,9,584,0818,90,98584,247,9475
120,9,584,0818,90,98584,247,9475
120,9,583,8391,91,01758,247,8096
120,9,583,8391,91,01758,247,8096
120,10,583,8391,91,01758,247,8096
120,10,583,8391,91,01758,247,8096
120,10,583,6145,91,04736,247,682
120,10,583,6145,91,04736,247,682
120,10,583,6145,91,04736,247,682
120,10,583,6145,91,04736,247,682
120,10,583,6145,91,04736,247,682
120,10,583,384,91,07715,247,551
120,10,583,384,91,07715,247,551
120,10,583,384,91,07715,247,551
120,10,583,384,91,07715,247,551
120,10,583,1624,91,10645,247,4253
120,10,583,1624,91,10645,247,4253
120,10,583,1624,91,10645,247,4253
120,10,583,1624,91,10645,247,4253
120,10,583,061,91,11963,247,3677
120,10,583,061,91,11963,247,3677
120,10,583,061,91,11963,247,3677
120,10,583,061,91,11963,247,3677
120,10,583,061,91,11963,247,3677
120,10,582,835,91,17041,247,37
120,10,582,835,91,17041,247,37
120,10,582,835,91,17041,247,37
120,10,582,835,91,17041,247,37
120,10,582,5779,91,22852,247,3726
120,10,582,5779,91,22852,247,3726
120,10,582,5779,91,22852,247,3726
120,10,582,5779,91,22852,247,3726
120,10,582,5779,91,22852,247,3726
120,10,582,3132,91,2876,247,3752
120,10,582,3132,91,2876,247,3752
120,10,582,3132,91,2876,247,3752
120,10,582,3132,91,2876,247,3752
120,10,582,051,91,34668,247,3779
120,10,582,051,91,34668,247,3779
120,10,582,051,91,34668,247,3779
120,10,582,051,91,34668,247,3779
120,10,582,051,91,34668,247,3779
120,10,581,7766,91,4082,247,3807
120,10,581,7766,91,4082,247,3807
120,10,581,7766,91,4082,247,3807
120,10,581,7766,91,4082,247,3807
120,10,581,7766,91,4082,247,3807
120,10,581,5051,91,46973,247,3834
120,10,581,5051,91,46973,247,3834
120,10,581,5051,91,46973,247,3834
120,10,581,5051,91,46973,247,3834
120,10,581,2275,91,53174,247,3862
120,10,581,2275,91,53174,247,3862
120,10,581,2275,91,53174,247,3862
120,10,581,2275,91,53174,247,3862
120,10,581,2275,91,53174,247,3862
120,10,580,9709,91,58984,247,3889
120,10,580,9709,91,58984,247,3889
120,10,580,9709,91,58984,247,3889
120,10,580,9709,91,58984,247,3889
120,10,580,9709,91,58984,247,3889
120,10,580,6926,91,65234,247,3917
120,10,580,6926,91,65234,247,3917
120,10,580,6926,91,65234,247,3917
120,10,580,6926,91,65234,247,3917
120,10,580,6926,91,65234,247,3917
120,10,580,4001,91,71777,247,3947
120,10,580,4001,91,71777,247,3947
120,10,580,4001,91,71777,247,3947
120,10,580,4001,91,71777,247,3947
120,10,580,4001,91,71777,247,3947
120,10,580,1074,91,78369,247,3977
120,10,580,1074,91,78369,247,3977
120,10,580,1074,91,78369,247,3977
120,10,580,1074,91,78369,247,3977
120,10,580,1074,91,78369,247,3977
120,10,580,1035,91,78467,247,3977
120,10,580,1035,91,78467,247,3977
120,10,580,1035,91,78467,247,3977
120,10,580,1035,91,78467,247,3977
120,10,580,1035,91,78467,247,3977
120,10,579,8372,91,85254,247,4694
120,10,579,8372,91,85254,247,4694
120,10,579,8372,91,85254,247,4694
120,10,579,8372,91,85254,247,4694
120,10,579,5559,91,92432,247,5452
120,11,579,5559,91,92432,247,5452
120,11,579,5559,91,92432,247,5452
120,11,579,5559,91,92432,247,5452
120,11,579,5559,91,92432,247,5452
120,11,579,3088,91,98779,247,6117
120,11,579,3088,91,98779,247,6117
120,11,579,3088,91,98779,247,6117
120,11,579,3088,91,98779,247,6117
120,11,579,3088,91,98779,247,6117
120,11,579,0454,92,05469,247,6826
120,11,579,0454,92,05469,247,6826
120,11,579,0454,92,05469,247,6826
120,11,579,0454,92,05469,247,6826
120,11,578,7642,92,12695,247,7584
120,11,578,7642,92,12695,247,7584
120,11,578,7642,92,12695,247,7584
120,11,578,7642,92,12695,247,7584
120,11,578,7642,92,12695,247,7584
120,11,578,5107,92,19141,247,8267
120,11,578,5107,92,19141,247,8267
120,11,578,5107,92,19141,247,8267
120,11,578,5107,92,19141,247,8267
120,11,578,5107,92,19141,247,8267
120,11,578,2295,92,26318,247,9023
120,11,578,2295,92,26318,247,9023
120,11,578,2295,92,26318,247,9023
120,11,578,2295,92,26318,247,9023
120,11,577,9702,92,32959,247,9722
120,11,577,9702,92,32959,247,9722
120,11,577,9702,92,32959,247,9722
120,11,577,9702,92,32959,247,9722
120,11,577,9702,92,32959,247,9722
120,11,577,7019,92,39795,248,0444
120,11,577,7019,92,39795,248,0444
120,11,577,7019,92,39795,248,0444
120,11,577,7019,92,39795,248,0444
120,11,577,7019,92,39795,248,0444
120,11,577,574,92,43066,248,0789
120,11,577,574,92,43066,248,0789
120,11,577,574,92,43066,248,0789
120,11,577,574,92,43066,248,0789
120,11,577,2996,92,49512,248,1527
120,11,577,2996,92,49512,248,1527
120,11,577,2996,92,49512,248,1527
120,11,577,2996,92,49512,248,1527
120,11,577,2996,92,49512,248,1527
120,11,577,0427,92,55566,248,2219
120,12,577,0427,92,55566,248,2219
120,12,577,0427,92,55566,248,2219
120,12,577,0427,92,55566,248,2219
120,12,576,7969,92,61328,248,2881
120,12,576,7969,92,61328,248,2881
120,12,576,7969,92,61328,248,2881
120,12,576,7969,92,61328,248,2881
120,12,576,5676,92,66699,248,3499
120,12,576,5676,92,66699,248,3499
120,12,576,5676,92,66699,248,3499
120,12,576,5676,92,66699,248,3499
120,12,576,5676,92,66699,248,3499
120,12,576,3125,92,72705,248,4185
120,12,576,3125,92,72705,248,4185
120,12,576,3125,92,72705,248,4185
120,12,576,3125,92,72705,248,4185
120,12,576,3125,92,72705,248,4185
120,12,576,0571,92,78711,248,4873
120,12,576,0571,92,78711,248,4873
120,12,576,0571,92,78711,248,4873
120,12,576,0571,92,78711,248,4873
120,12,576,0571,92,78711,248,4873
120,12,575,7791,92,85254,248,5621
120,12,575,7791,92,85254,248,5621
120,12,575,7791,92,85254,248,5621
120,12,575,7791,92,85254,248,5621
120,12,575,7791,92,85254,248,5621
120,12,575,4971,92,91895,248,6381
120,12,575,4971,92,91895,248,6381
120,12,575,4971,92,91895,248,6381
120,12,575,4971,92,91895,248,6381
120,12,575,2146,92,98535,248,7141
120,12,575,2146,92,98535,248,7141
120,12,575,2146,92,98535,248,7141
120,12,575,2146,92,98535,248,7141
120,12,575,2146,92,98535,248,7141
120,12,574,9695,93,04248,248,7802
120,12,574,9695,93,04248,248,7802
120,12,574,9695,93,04248,248,7802
120,12,574,9695,93,04248,248,7802
120,12,574,9695,93,04248,248,7802
120,12,574,7104,93,10352,248,8499
120,12,574,7104,93,10352,248,8499
120,12,574,7104,93,10352,248,8499
120,12,574,7104,93,10352,248,8499
120,12,574,7104,93,10352,248,8499
120,12,574,428,93,16992,248,9259
120,12,574,428,93,16992,248,9259
120,12,574,428,93,16992,248,9259
120,12,574,428,93,16992,248,9259
120,12,574,3699,93,18359,248,9415
120,12,574,3699,93,18359,248,9415
120,12,574,3699,93,18359,248,9415
120,12,574,3699,93,18359,248,9415
120,12,574,1167,93,24463,249,0143
120,12,574,1167,93,24463,249,0143
120,12,574,1167,93,24463,249,0143
120,12,574,1167,93,24463,249,0143
120,12,574,1167,93,24463,249,0143
120,12,573,8882,93,29932,249,0801
120,12,573,8882,93,29932,249,0801
120,12,573,8882,93,29932,249,0801
120,12,573,8882,93,29932,249,0801
120,12,573,6116,93,36621,249,1595
120,12,573,6116,93,36621,249,1595
120,12,573,6116,93,36621,249,1595
120,12,573,6116,93,36621,249,1595
120,12,573,384,93,4209,249,225
120,12,573,384,93,4209,249,225
120,12,573,384,93,4209,249,225
120,12,573,384,93,4209,249,225
120,12,573,384,93,4209,249,225
120,12,573,1506,93,47705,249,292
120,12,573,1506,93,47705,249,292
120,12,573,1506,93,47705,249,292
120,12,573,1506,93,47705,249,292
120,12,573,1506,93,47705,249,292
120,12,572,8784,93,54248,249,3702
120,12,572,8784,93,54248,249,3702
120,12,572,8784,93,54248,249,3702
120,12,572,8784,93,54248,249,3702
120,12,572,8784,93,54248,249,3702
120,12,572,6135,93,60596,249,4464
120,12,572,6135,93,60596,249,4464
120,12,572,6135,93,60596,249,4464
120,12,572,6135,93,60596,249,4464
120,12,572,3364,93,67285,249,5261
120,13,572,3364,93,67285,249,5261
120,13,572,3364,93,67285,249,5261
120,13,572,3364,93,67285,249,5261
120,13,572,3364,93,67285,249,5261
120,13,572,0869,93,73291,249,5979
120,13,572,0869,93,73291,249,5979
120,13,572,0869,93,73291,249,5979
120,13,572,0869,93,73291,249,5979
120,13,572,0869,93,73291,249,5979
120,13,571,8164,93,79785,249,6757
120,13,571,8164,93,79785,249,6757
120,13,571,8164,93,79785,249,6757
120,13,571,8164,93,79785,249,6757
120,13,571,5354,93,86523,249,7563
120,13,571,5354,93,86523,249,7563
120,13,571,5354,93,86523,249,7563
120,13,571,5354,93,86523,249,7563
120,13,571,5354,93,86523,249,7563
120,13,571,2949,93,92334,249,8254
120,13,571,2949,93,92334,249,8254
120,13,571,2949,93,92334,249,8254
120,13,571,2949,93,92334,249,8254
120,13,571,2949,93,92334,249,8254
120,13,571,1143,93,9668,249,8774
120,13,571,1143,93,9668,249,8774
120,13,571,1143,93,9668,249,8774
120,13,571,1143,93,9668,249,8774
120,13,571,1143,93,9668,249,8774
120,13,570,8701,94,0249,249,9392
120,13,570,8701,94,0249,249,9392
120,13,570,8701,94,0249,249,9392
120,13,570,8701,94,0249,249,9392
120,13,570,8701,94,0249,249,9392
120,13,570,5867,94,09277,250,011
120,13,570,5867,94,09277,250,011
120,13,570,5867,94,09277,250,011
120,13,570,5867,94,09277,250,011
120,13,570,5867,94,09277,250,011
120,13,570,3101,94,15869,250,0811
120,13,570,3101,94,15869,250,0811
120,13,570,3101,94,15869,250,0811
120,13,570,3101,94,15869,250,0811
120,13,570,0266,94,22656,250,1528
120,13,570,0266,94,22656,250,1528
120,13,570,0266,94,22656,250,1528
120,13,570,0266,94,22656,250,1528
120,13,570,0266,94,22656,250,1528
120,13,569,7512,94,29199,250,2224
120,13,569,7512,94,29199,250,2224
120,13,569,7512,94,29199,250,2224
120,13,569,7512,94,29199,250,2224
120,13,569,7512,94,29199,250,2224
120,13,569,488,94,35498,250,2891
120,13,569,488,94,35498,250,2891
120,13,569,488,94,35498,250,2891
120,13,569,488,94,35498,250,2891
120,13,569,488,94,35498,250,2891
120,13,569,2178,94,41943,250,3575
120,13,569,2178,94,41943,250,3575
120,13,569,2178,94,41943,250,3575
120,13,569,2178,94,41943,250,3575
120,13,569,2178,94,41943,250,3575
120,13,568,9343,94,48682,250,4293
120,13,568,9343,94,48682,250,4293
120,13,568,9343,94,48682,250,4293
120,13,568,9343,94,48682,250,4293
120,13,568,9343,94,48682,250,4293
120,13,568,6511,94,55469,250,501
120,13,568,6511,94,55469,250,501
120,13,568,6511,94,55469,250,501
120,13,568,6511,94,55469,250,501
120,13,568,6511,94,55469,250,501
120,13,568,3677,94,62207,250,5728
120,13,568,3677,94,62207,250,5728
120,13,568,3677,94,62207,250,5728
120,13,568,3677,94,62207,250,5728
120,13,568,3677,94,62207,250,5728
120,13,568,2336,94,6543,250,6067
120,13,568,2336,94,6543,250,6067
120,13,568,2336,94,6543,250,6067
120,13,568,2336,94,6543,250,6067
120,13,567,9734,94,70801,250,6949
120,13,567,9734,94,70801,250,6949
120,13,567,9734,94,70801,250,6949
120,13,567,9734,94,70801,250,6949
120,13,567,9734,94,70801,250,6949
120,13,567,7178,94,76123,250,7817
120,13,567,7178,94,76123,250,7817
120,13,567,7178,94,76123,250,7817
120,13,567,7178,94,76123,250,7817
120,13,567,7178,94,76123,250,7817
120,13,567,4531,94,81592,250,8715
120,13,567,4531,94,81592,250,8715
120,13,567,4531,94,81592,250,8715
120,13,567,4531,94,81592,250,8715
120,13,567,4531,94,81592,250,8715
120,13,567,1797,94,87256,250,9642
120,13,567,1797,94,87256,250,9642
120,13,567,1797,94,87256,250,9642
120,13,567,1797,94,87256,250,9642
120,13,566,9009,94,93018,251,0588
120,13,566,9009,94,93018,251,0588
120,13,566,9009,94,93018,251,0588
120,13,566,9009,94,93018,251,0588
120,13,566,9009,94,93018,251,0588
120,13,566,6453,94,98291,251,1455
120,13,566,6453,94,98291,251,1455
120,13,566,6453,94,98291,251,1455
120,13,566,6453,94,98291,251,1455
120,13,566,6453,94,98291,251,1455
120,13,566,3665,95,04053,251,2401
120,13,566,3665,95,04053,251,2401
120,13,566,3665,95,04053,251,2401
120,13,566,3665,95,04053,251,2401
120,13,566,3665,95,04053,251,2401
120,13,566,0903,95,09766,251,3339
120,13,566,0903,95,09766,251,3339
120,13,566,0903,95,09766,251,3339
120,13,566,0903,95,09766,251,3339
120,13,566,0903,95,09766,251,3339
120,13,565,9211,95,13281,251,3912
120,13,565,9211,95,13281,251,3912
120,13,565,9211,95,13281,251,3912
120,13,565,9211,95,13281,251,3912
120,13,565,9211,95,13281,251,3912
120,13,565,6541,95,1748,251,4557
120,13,565,6541,95,1748,251,4557
120,13,565,6541,95,1748,251,4557
120,13,565,6541,95,1748,251,4557
120,13,565,6541,95,1748,251,4557
120,13,565,3655,95,21973,251,5253
120,13,565,3655,95,21973,251,5253
120,13,565,3655,95,21973,251,5253
120,13,565,3655,95,21973,251,5253
120,13,565,3655,95,21973,251,5253
120,13,565,0774,95,26514,251,5947
120,13,565,0774,95,26514,251,5947
120,13,565,0774,95,26514,251,5947
120,13,565,0774,95,26514,251,5947
120,13,565,0774,95,26514,251,5947
120,13,564,7891,95,31055,251,6643
120,13,564,7891,95,31055,251,6643
120,13,564,7891,95,31055,251,6643
120,13,564,7891,95,31055,251,6643
120,13,564,7891,95,31055,251,6643
120,13,564,5098,95,354,251,7317
120,13,564,5098,95,354,251,7317
120,13,564,5098,95,354,251,7317
120,13,564,5098,95,354,251,7317
120,13,564,5098,95,354,251,7317
120,13,564,2214,95,39941,251,8011
120,13,564,2214,95,39941,251,8011
120,13,564,2214,95,39941,251,8011
120,13,564,2214,95,39941,251,8011
120,13,564,2214,95,39941,251,8011
120,13,563,9331,95,44482,251,8707
120,13,563,9331,95,44482,251,8707
120,13,563,9331,95,44482,251,8707
120,13,563,9331,95,44482,251,8707
120,13,563,9331,95,44482,251,8707
120,13,563,6448,95,48975,251,9402
120,13,563,6448,95,48975,251,9402
120,13,563,6448,95,48975,251,9402
120,13,563,6448,95,48975,251,9402
120,13,563,6448,95,48975,251,9402
120,13,563,3586,95,53467,252,0093
120,14,563,3586,95,53467,252,0093
120,14,563,3586,95,53467,252,0093
120,14,563,3586,95,53467,252,0093
120,14,563,3586,95,53467,252,0093
120,14,563,0703,95,58008,252,0789
120,14,563,0703,95,58008,252,0789
120,14,563,0703,95,58008,252,0789
120,14,563,0703,95,58008,252,0789
120,14,563,0703,95,58008,252,0789
120,14,563,0039,95,59033,252,0948
120,14,563,0039,95,59033,252,0948
120,14,563,0039,95,59033,252,0948
120,14,563,0039,95,59033,252,0948
120,14,563,0039,95,59033,252,0948
120,14,562,7195,95,62109,252,1608
120,14,562,7195,95,62109,252,1608
120,14,562,7195,95,62109,252,1608
120,14,562,7195,95,62109,252,1608
120,14,562,429,95,65234,252,2281
120,14,562,429,95,65234,252,2281
120,14,562,429,95,65234,252,2281
120,14,562,429,95,65234,252,2281
120,14,562,429,95,65234,252,2281
120,14,562,157,95,68164,252,2911
120,14,562,157,95,68164,252,2911
120,14,562,157,95,68164,252,2911
120,14,562,157,95,68164,252,2911
120,14,562,157,95,68164,252,2911
120,14,561,8665,95,71289,252,3585
120,14,561,8665,95,71289,252,3585
120,14,561,8665,95,71289,252,3585
120,14,561,8665,95,71289,252,3585
120,14,561,8665,95,71289,252,3585
120,14,561,5757,95,74463,252,4259
120,14,561,5757,95,74463,252,4259
120,14,561,5757,95,74463,252,4259
120,14,561,5757,95,74463,252,4259
120,14,561,5757,95,74463,252,4259
120,14,561,2908,95,77539,252,4919
120,14,561,2908,95,77539,252,4919
120,14,561,2908,95,77539,252,4919
120,14,561,2908,95,77539,252,4919
120,14,561,2908,95,77539,252,4919
120,14,561,95,80664,252,5593
120,14,561,95,80664,252,5593
120,14,561,95,80664,252,5593
120,14,561,95,80664,252,5593
120,14,561,95,80664,252,5593
120,14,560,7297,95,83594,252,6219
120,14,560,7297,95,83594,252,6219
120,14,560,7297,95,83594,252,6219
120,14,560,7297,95,83594,252,6219
120,14,560,4534,95,86572,252,686
120,14,560,4534,95,86572,252,686
120,14,560,4534,95,86572,252,686
120,14,560,4534,95,86572,252,686
120,14,560,4534,95,86572,252,686
120,14,560,1658,95,89648,252,7527
120,14,560,1658,95,89648,252,7527
120,14,560,1658,95,89648,252,7527
120,14,560,1658,95,89648,252,7527
120,14,560,1658,95,89648,252,7527
120,14,559,8787,95,92773,252,8192
120,14,559,8787,95,92773,252,8192
120,14,559,8787,95,92773,252,8192
120,14,559,8787,95,92773,252,8192
120,14,559,8787,95,92773,252,8192
120,14,559,7422,95,94238,252,8508
120,14,559,7422,95,94238,252,8508
120,14,559,7422,95,94238,252,8508
120,14,559,7422,95,94238,252,8508
120,14,559,7422,95,94238,252,8508
120,14,559,4727,95,95947,252,9268
120,15,559,4727,95,95947,252,9268
120,15,559,4727,95,95947,252,9268
120,15,559,4727,95,95947,252,9268
120,15,559,4727,95,95947,252,9268
120,15,559,1843,95,97754,253,0078
120,15,559,1843,95,97754,253,0078
120,15,559,1843,95,97754,253,0078
120,15,559,1843,95,97754,253,0078
120,15,559,1843,95,97754,253,0078
120,15,558,9097,95,99463,253,0851
120,15,558,9097,95,99463,253,0851
120,15,558,9097,95,99463,253,0851
120,15,558,9097,95,99463,253,0851
120,15,558,9097,95,99463,253,0851
120,15,558,6372,96,01172,253,1619
120,15,558,6372,96,01172,253,1619
120,15,558,6372,96,01172,253,1619
120,15,558,6372,96,01172,253,1619
120,15,558,6372,96,01172,253,1619
120,15,558,3489,96,02979,253,2429
120,15,558,3489,96,02979,253,2429
120,15,558,3489,96,02979,253,2429
120,15,558,3489,96,02979,253,2429
120,15,558,3489,96,02979,253,2429
120,15,558,0605,96,04785,253,3241
120,15,558,0605,96,04785,253,3241
120,15,558,0605,96,04785,253,3241
120,15,558,0605,96,04785,253,3241
120,15,558,0605,96,04785,253,3241
120,15,557,7722,96,06592,253,4052
120,15,557,7722,96,06592,253,4052
120,15,557,7722,96,06592,253,4052
120,15,557,7722,96,06592,253,4052
120,15,557,4841,96,08398,253,4863
120,15,557,4841,96,08398,253,4863
120,15,557,4841,96,08398,253,4863
120,15,557,4841,96,08398,253,4863
120,15,557,4841,96,08398,253,4863
120,15,557,229,96,1001,253,5581
120,15,557,229,96,1001,253,5581
120,15,557,229,96,1001,253,5581
120,15,557,229,96,1001,253,5581
120,15,557,229,96,1001,253,5581
120,15,556,9612,96,11719,253,6335
120,15,556,9612,96,11719,253,6335
120,15,556,9612,96,11719,253,6335
120,15,556,9612,96,11719,253,6335
120,15,556,6729,96,13525,253,7146
120,15,556,6729,96,13525,253,7146
120,15,556,6729,96,13525,253,7146
120,15,556,6729,96,13525,253,7146
120,15,556,6729,96,13525,253,7146
120,15,556,4043,96,15186,253,7902
120,15,556,4043,96,15186,253,7902
120,15,556,4043,96,15186,253,7902
120,15,556,4043,96,15186,253,7902
120,15,556,4043,96,15186,253,7902
120,15,556,116,96,16992,253,8713
120,15,556,116,96,16992,253,8713
120,15,556,116,96,16992,253,8713
120,15,556,116,96,16992,253,8713
120,15,556,116,96,16992,253,8713
120,15,555,8374,96,1875,253,9497
120,15,555,8374,96,1875,253,9497
120,15,555,8374,96,1875,253,9497
120,15,555,8374,96,1875,253,9497
120,15,555,8374,96,1875,253,9497
120,15,555,5491,96,20557,254,0309
120,15,555,5491,96,20557,254,0309
120,15,555,5491,96,20557,254,0309
120,15,555,5491,96,20557,254,0309
120,15,555,5491,96,20557,254,0309
120,15,555,3945,96,21533,254,0743
120,15,555,3945,96,21533,254,0743
120,15,555,3945,96,21533,254,0743
120,15,555,3945,96,21533,254,0743
120,15,555,3945,96,21533,254,0743
120,15,555,1052,96,22656,254,1533
120,15,555,1052,96,22656,254,1533
120,15,555,1052,96,22656,254,1533
120,15,555,1052,96,22656,254,1533
120,15,555,1052,96,22656,254,1533
120,15,554,8167,96,2373,254,2323
120,15,554,8167,96,2373,254,2323
120,15,554,8167,96,2373,254,2323
120,15,554,8167,96,2373,254,2323
120,15,554,5273,96,24805,254,3113
120,15,554,5273,96,24805,254,3113
120,15,554,5273,96,24805,254,3113
120,15,554,5273,96,24805,254,3113
120,15,554,5273,96,24805,254,3113
120,15,554,2637,96,2583,254,3834
120,15,554,2637,96,2583,254,3834
120,15,554,2637,96,2583,254,3834
120,15,554,2637,96,2583,254,3834
120,15,554,2637,96,2583,254,3834
120,15,553,9744,96,26904,254,4624
120,15,553,9744,96,26904,254,4624
120,15,553,9744,96,26904,254,4624
120,15,553,9744,96,26904,254,4624
120,15,553,9744,96,26904,254,4624
120,15,553,6953,96,27979,254,5387
120,15,553,6953,96,27979,254,5387
120,15,553,6953,96,27979,254,5387
120,15,553,6953,96,27979,254,5387
120,15,553,6953,96,27979,254,5387
120,15,553,406,96,29102,254,6177
120,15,553,406,96,29102,254,6177
120,15,553,406,96,29102,254,6177
120,15,553,406,96,29102,254,6177
120,15,553,406,96,29102,254,6177
120,15,553,1169,96,30176,254,6968
120,15,553,1169,96,30176,254,6968
120,15,553,1169,96,30176,254,6968
120,15,553,1169,96,30176,254,6968
120,15,553,1169,96,30176,254,6968
120,15,552,8328,96,3125,254,7744
120,15,552,8328,96,3125,254,7744
120,15,552,8328,96,3125,254,7744
120,15,552,8328,96,3125,254,7744
120,15,552,8328,96,3125,254,7744
120,15,552,551,96,32324,254,8514
120,15,552,551,96,32324,254,8514
120,15,552,551,96,32324,254,8514
120,15,552,551,96,32324,254,8514
120,15,552,551,96,32324,254,8514
120,15,552,2617,96,33447,254,9304
120,16,552,2617,96,33447,254,9304
120,16,552,2617,96,33447,254,9304
120,16,552,2617,96,33447,254,9304
120,16,552,2617,96,33447,254,9304
120,16,551,9727,96,34521,255,0095
120,16,551,9727,96,34521,255,0095
120,16,551,9727,96,34521,255,0095
120,16,551,9727,96,34521,255,0095
120,16,551,7021,96,35547,255,0834
120,16,551,7021,96,35547,255,0834
120,16,551,7021,96,35547,255,0834
120,16,551,7021,96,35547,255,0834
120,16,551,7021,96,35547,255,0834
120,16,551,5767,96,36035,255,1177
120,16,551,5767,96,36035,255,1177
120,16,551,5767,96,36035,255,1177
120,16,551,5767,96,36035,255,1177
120,16,551,5767,96,36035,255,1177
120,16,551,2854,96,36816,255,1888
120,16,551,2854,96,36816,255,1888
120,16,551,2854,96,36816,255,1888
120,16,551,2854,96,36816,255,1888
120,16,551,2854,96,36816,255,1888
120,16,551,0032,96,37549,255,2578
120,16,551,0032,96,37549,255,2578
120,16,551,0032,96,37549,255,2578
120,16,551,0032,96,37549,255,2578
120,16,550,7117,96,3833,255,3289
120,16,550,7117,96,3833,255,3289
120,16,550,7117,96,3833,255,3289
120,16,550,7117,96,3833,255,3289
120,16,550,7117,96,3833,255,3289
120,16,550,4851,96,38916,255,3843
120,16,550,4851,96,38916,255,3843
120,16,550,4851,96,38916,255,3843
120,16,550,4851,96,38916,255,3843
120,16,550,4851,96,38916,255,3843
120,16,550,1938,96,39697,255,4554
120,16,550,1938,96,39697,255,4554
120,16,550,1938,96,39697,255,4554
120,16,550,1938,96,39697,255,4554
120,16,549,9038,96,40479,255,5262
120,16,549,9038,96,40479,255,5262
120,16,549,9038,96,40479,255,5262
120,16,549,9038,96,40479,255,5262
120,16,549,9038,96,40479,255,5262
120,16,549,6377,96,41211,255,5912
120,16,549,6377,96,41211,255,5912
120,16,549,6377,96,41211,255,5912
120,16,549,6377,96,41211,255,5912
120,16,549,6377,96,41211,255,5912
120,16,549,3462,96,41992,255,6624
120,16,549,3462,96,41992,255,6624
120,16,549,3462,96,41992,255,6624
120,16,549,3462,96,41992,255,6624
120,16,549,3462,96,41992,255,6624
120,16,549,0549,96,42725,255,7335
120,16,549,0549,96,42725,255,7335
120,16,549,0549,96,42725,255,7335
120,16,549,0549,96,42725,255,7335
120,16,549,0549,96,42725,255,7335
120,16,548,7637,96,43506,255,8047
120,16,548,7637,96,43506,255,8047
120,16,548,7637,96,43506,255,8047
120,16,548,7637,96,43506,255,8047
120,16,548,7637,96,43506,255,8047
120,16,548,4722,96,44287,255,8759
120,16,548,4722,96,44287,255,8759
120,16,548,4722,96,44287,255,8759
120,16,548,4722,96,44287,255,8759
120,16,548,4722,96,44287,255,8759
120,16,548,1809,96,45068,255,947
120,16,548,1809,96,45068,255,947
120,16,548,1809,96,45068,255,947
120,16,548,1809,96,45068,255,947
120,16,548,1809,96,45068,255,947
120,16,548,1438,96,45166,255,9561
120,16,548,1438,96,45166,255,9561
120,16,548,1438,96,45166,255,9561
120,16,548,1438,96,45166,255,9561
120,16,548,1438,96,45166,255,9561
120,16,547,8586,96,45801,256,0386
120,16,547,8586,96,45801,256,0386
120,16,547,8586,96,45801,256,0386
120,16,547,8586,96,45801,256,0386
120,16,547,8586,96,45801,256,0386
120,16,547,5708,96,46387,256,1219
120,16,547,5708,96,46387,256,1219
120,16,547,5708,96,46387,256,1219
120,16,547,5708,96,46387,256,1219
120,16,547,5708,96,46387,256,1219
120,16,547,2827,96,47021,256,2053
120,16,547,2827,96,47021,256,2053
120,16,547,2827,96,47021,256,2053
120,16,547,2827,96,47021,256,2053
120,16,547,2827,96,47021,256,2053
120,16,546,9983,96,47656,256,2877
120,16,546,9983,96,47656,256,2877
120,16,546,9983,96,47656,256,2877
120,16,546,9983,96,47656,256,2877
120,16,546,9983,96,47656,256,2877
120,16,546,7102,96,48242,256,3711
120,16,546,7102,96,48242,256,3711
120,16,546,7102,96,48242,256,3711
120,16,546,7102,96,48242,256,3711
120,16,546,7102,96,48242,256,3711
120,16,546,4221,96,48877,256,4545
120,16,546,4221,96,48877,256,4545
120,16,546,4221,96,48877,256,4545
120,16,546,4221,96,48877,256,4545
120,16,546,4221,96,48877,256,4545
120,16,546,134,96,49512,256,538
120,16,546,134,96,49512,256,538
120,16,546,134,96,49512,256,538
120,16,546,134,96,49512,256,538
120,16,546,134,96,49512,256,538
120,16,545,8625,96,50098,256,6166
120,16,545,8625,96,50098,256,6166
120,16,545,8625,96,50098,256,6166
120,16,545,8625,96,50098,256,6166
120,16,545,8625,96,50098,256,6166
120,16,545,5764,96,50684,256,6995
120,16,545,5764,96,50684,256,6995
120,16,545,5764,96,50684,256,6995
120,16,545,5764,96,50684,256,6995
120,16,545,2944,96,51318,256,781
120,16,545,2944,96,51318,256,781
120,16,545,2944,96,51318,256,781
120,16,545,2944,96,51318,256,781
120,16,545,2944,96,51318,256,781
120,16,545,0327,96,51855,256,8568
120,16,545,0327,96,51855,256,8568
120,16,545,0327,96,51855,256,8568
120,16,545,0327,96,51855,256,8568
120,16,545,0327,96,51855,256,8568
120,16,544,761,96,52441,256,9355
120,16,544,761,96,52441,256,9355
120,16,544,761,96,52441,256,9355
120,16,544,761,96,52441,256,9355
120,16,544,761,96,52441,256,9355
120,16,544,6968,96,52588,256,9541
120,16,544,6968,96,52588,256,9541
120,16,544,6968,96,52588,256,9541
120,16,544,6968,96,52588,256,9541
120,16,544,6968,96,52588,256,9541
120,16,544,406,96,53125,257,0281
120,16,544,406,96,53125,257,0281
120,16,544,406,96,53125,257,0281
120,16,544,406,96,53125,257,0281
120,16,544,406,96,53125,257,0281
120,16,544,1155,96,53662,257,1022
120,16,544,1155,96,53662,257,1022
120,16,544,1155,96,53662,257,1022
120,16,544,1155,96,53662,257,1022
120,16,543,8247,96,54199,257,1763
120,16,543,8247,96,54199,257,1763
120,16,543,8247,96,54199,257,1763
120,16,543,8247,96,54199,257,1763
120,16,543,8247,96,54199,257,1763
120,16,543,5601,96,54688,257,2437
120,16,543,5601,96,54688,257,2437
120,16,543,5601,96,54688,257,2437
120,16,543,5601,96,54688,257,2437
120,16,543,5601,96,54688,257,2437
120,16,543,2703,96,55225,257,3175
120,16,543,2703,96,55225,257,3175
120,16,543,2703,96,55225,257,3175
120,16,543,2703,96,55225,257,3175
120,16,543,0137,96,55713,257,3828
120,16,543,0137,96,55713,257,3828
120,16,543,0137,96,55713,257,3828
120,16,543,0137,96,55713,257,3828
120,16,543,0137,96,55713,257,3828
120,16,542,7773,96,56152,257,4431
120,17,542,7773,96,56152,257,4431
120,17,542,7773,96,56152,257,4431
120,17,542,7773,96,56152,257,4431
120,17,542,7773,96,56152,257,4431
120,17,542,4866,96,56689,257,5171
120,17,542,4866,96,56689,257,5171
120,17,542,4866,96,56689,257,5171
120,17,542,4866,96,56689,257,5171
120,17,542,4866,96,56689,257,5171
120,17,542,196,96,57227,257,5912
120,17,542,196,96,57227,257,5912
120,17,542,196,96,57227,257,5912
120,17,542,196,96,57227,257,5912
120,17,542,196,96,57227,257,5912
120,17,541,9155,96,57764,257,6626
120,17,541,9155,96,57764,257,6626
120,17,541,9155,96,57764,257,6626
120,17,541,9155,96,57764,257,6626
120,17,541,7522,96,58057,257,7042
120,17,541,7522,96,58057,257,7042
120,17,541,7522,96,58057,257,7042
120,17,541,7522,96,58057,257,7042
120,17,541,7522,96,58057,257,7042
120,17,541,4817,96,58545,257,7633
120,17,541,4817,96,58545,257,7633
120,17,541,4817,96,58545,257,7633
120,17,541,4817,96,58545,257,7633
120,17,541,4817,96,58545,257,7633
120,17,541,1887,96,59082,257,8271
120,17,541,1887,96,59082,257,8271
120,17,541,1887,96,59082,257,8271
120,17,541,1887,96,59082,257,8271
120,17,541,1887,96,59082,257,8271
120,17,540,907,96,59619,257,8887
120,17,540,907,96,59619,257,8887
120,17,540,907,96,59619,257,8887
120,17,540,907,96,59619,257,8887
120,17,540,907,96,59619,257,8887
120,17,540,6169,96,60156,257,952
120,17,540,6169,96,60156,257,952
120,17,540,6169,96,60156,257,952
120,17,540,6169,96,60156,257,952
120,17,540,6169,96,60156,257,952
120,17,540,324,96,60693,258,0159
120,17,540,324,96,60693,258,0159
120,17,540,324,96,60693,258,0159
120,17,540,324,96,60693,258,0159
120,17,540,324,96,60693,258,0159
120,17,540,0308,96,61279,258,0798
120,17,540,0308,96,61279,258,0798
120,17,540,0308,96,61279,258,0798
120,17,540,0308,96,61279,258,0798
120,17,540,0308,96,61279,258,0798
120,17,539,7378,96,61816,258,1438
120,17,539,7378,96,61816,258,1438
120,17,539,7378,96,61816,258,1438
120,17,539,7378,96,61816,258,1438
120,17,539,4446,96,62354,258,2078
120,17,539,4446,96,62354,258,2078
120,17,539,4446,96,62354,258,2078
120,17,539,4446,96,62354,258,2078
120,17,539,4446,96,62354,258,2078
120,17,539,2024,96,62793,258,2607
120,17,539,2024,96,62793,258,2607
120,17,539,2024,96,62793,258,2607
120,17,539,2024,96,62793,258,2607
120,17,538,9189,96,6333,258,3225
120,17,538,9189,96,6333,258,3225
120,17,538,9189,96,6333,258,3225
120,17,538,9189,96,6333,258,3225
120,17,538,9189,96,6333,258,3225
120,17,538,676,96,6377,258,3755
120,17,538,676,96,6377,258,3755
120,17,538,676,96,6377,258,3755
120,17,538,676,96,6377,258,3755
120,17,538,676,96,6377,258,3755
120,17,538,626,96,63867,258,3865
120,18,538,626,96,63867,258,3865
120,18,538,626,96,63867,258,3865
120,18,538,626,96,63867,258,3865
120,18,538,3357,96,64453,258,4453
120,18,538,3357,96,64453,258,4453
120,18,538,3357,96,64453,258,4453
120,18,538,3357,96,64453,258,4453
120,18,538,3357,96,64453,258,4453
120,18,538,0823,96,6499,258,4966
120,18,538,0823,96,6499,258,4966
120,18,538,0823,96,6499,258,4966
120,18,538,0823,96,6499,258,4966
120,18,538,0823,96,6499,258,4966
120,18,537,7883,96,65625,258,5562
120,18,537,7883,96,65625,258,5562
120,18,537,7883,96,65625,258,5562
120,18,537,7883,96,65625,258,5562
120,18,537,5278,96,66162,258,609
120,18,537,5278,96,66162,258,609
120,18,537,5278,96,66162,258,609
120,18,537,5278,96,66162,258,609
120,18,537,5278,96,66162,258,609
120,18,537,2544,96,66748,258,6643
120,18,537,2544,96,66748,258,6643
120,18,537,2544,96,66748,258,6643
120,18,537,2544,96,66748,258,6643
120,18,537,2544,96,66748,258,6643
120,18,536,9614,96,67334,258,7238
120,18,536,9614,96,67334,258,7238
120,18,536,9614,96,67334,258,7238
120,18,536,9614,96,67334,258,7238
120,18,536,9614,96,67334,258,7238
120,18,536,6675,96,67969,258,7833
120,18,536,6675,96,67969,258,7833
120,18,536,6675,96,67969,258,7833
120,18,536,6675,96,67969,258,7833
120,18,536,6675,96,67969,258,7833
120,18,536,3735,96,68555,258,8428
120,18,536,3735,96,68555,258,8428
120,18,536,3735,96,68555,258,8428
120,18,536,3735,96,68555,258,8428
120,18,536,3735,96,68555,258,8428
120,18,536,106,96,69141,258,8971
120,18,536,106,96,69141,258,8971
120,18,536,106,96,69141,258,8971
120,18,536,106,96,69141,258,8971
120,18,536,106,96,69141,258,8971
120,18,535,812,96,69775,258,9565
120,18,535,812,96,69775,258,9565
120,18,535,812,96,69775,258,9565
120,18,535,812,96,69775,258,9565
120,18,535,812,96,69775,258,9565
120,18,535,5906,96,70215,259,0015
120,18,535,5906,96,70215,259,0015
120,18,535,5906,96,70215,259,0015
120,18,535,5906,96,70215,259,0015
120,18,535,5906,96,70215,259,0015
120,18,535,2937,96,70996,259,0444
120,18,535,2937,96,70996,259,0444
120,18,535,2937,96,70996,259,0444
120,18,535,2937,96,70996,259,0444
120,18,534,9968,96,71729,259,0873
120,18,534,9968,96,71729,259,0873
120,18,534,9968,96,71729,259,0873
120,18,534,9968,96,71729,259,0873
120,18,534,9968,96,71729,259,0873
120,18,534,7249,96,72461,259,1267
120,18,534,7249,96,72461,259,1267
120,18,534,7249,96,72461,259,1267
120,18,534,7249,96,72461,259,1267
120,18,534,4565,96,73145,259,1655
120,18,534,4565,96,73145,259,1655
120,18,534,4565,96,73145,259,1655
120,18,534,4565,96,73145,259,1655
120,18,534,2039,96,73779,259,202
120,18,534,2039,96,73779,259,202
120,18,534,2039,96,73779,259,202
120,18,534,2039,96,73779,259,202
120,18,534,2039,96,73779,259,202
120,18,533,9539,96,74414,259,2382
120,18,533,9539,96,74414,259,2382
120,18,533,9539,96,74414,259,2382
120,18,533,9539,96,74414,259,2382
120,18,533,9539,96,74414,259,2382
120,18,533,657,96,75195,259,2811
120,18,533,657,96,75195,259,2811
120,18,533,657,96,75195,259,2811
120,18,533,657,96,75195,259,2811
120,18,533,657,96,75195,259,2811
120,18,533,3604,96,75977,259,324
120,18,533,3604,96,75977,259,324
120,18,533,3604,96,75977,259,324
120,18,533,3604,96,75977,259,324
120,18,533,3604,96,75977,259,324
120,18,533,075,96,76709,259,3652
120,18,533,075,96,76709,259,3652
120,18,533,075,96,76709,259,3652
120,18,533,075,96,76709,259,3652
120,18,533,075,96,76709,259,3652
120,18,532,7781,96,77441,259,4082
120,18,532,7781,96,77441,259,4082
120,18,532,7781,96,77441,259,4082
120,18,532,7781,96,77441,259,4082
120,18,532,7781,96,77441,259,4082
120,18,532,541,96,78076,259,4425
120,18,532,541,96,78076,259,4425
120,18,532,541,96,78076,259,4425
120,18,532,541,96,78076,259,4425
120,18,532,541,96,78076,259,4425
120,18,532,2434,96,79053,259,4779
120,18,532,2434,96,79053,259,4779
120,18,532,2434,96,79053,259,4779
120,18,532,2434,96,79053,259,4779
120,18,532,2434,96,79053,259,4779
120,18,531,9456,96,80078,259,5134
120,18,531,9456,96,80078,259,5134
120,18,531,9456,96,80078,259,5134
120,18,531,9456,96,80078,259,5134
120,18,531,9456,96,80078,259,5134
120,18,531,6638,96,81006,259,5469
120,18,531,6638,96,81006,259,5469
120,18,531,6638,96,81006,259,5469
120,18,531,6638,96,81006,259,5469
120,18,531,6638,96,81006,259,5469
120,18,531,366,96,81982,259,5823
120,18,531,366,96,81982,259,5823
120,18,531,366,96,81982,259,5823
120,18,531,366,96,81982,259,5823
120,18,531,0801,96,82959,259,6163
120,18,531,0801,96,82959,259,6163
120,18,531,0801,96,82959,259,6163
120,18,531,0801,96,82959,259,6163
120,18,530,8181,96,83838,259,6475
120,18,530,8181,96,83838,259,6475
120,18,530,8181,96,83838,259,6475
120,18,530,8181,96,83838,259,6475
120,18,530,8181,96,83838,259,6475
120,18,530,5535,96,84717,259,679
120,18,530,5535,96,84717,259,679
120,18,530,5535,96,84717,259,679
120,18,530,5535,96,84717,259,679
120,18,530,5535,96,84717,259,679
120,18,530,2556,96,85693,259,7145
120,18,530,2556,96,85693,259,7145
120,18,530,2556,96,85693,259,7145
120,18,530,2556,96,85693,259,7145
120,18,530,2556,96,85693,259,7145
120,18,529,9592,96,8667,259,7498
120,18,529,9592,96,8667,259,7498
120,18,529,9592,96,8667,259,7498
120,18,529,9592,96,8667,259,7498
120,18,529,9592,96,8667,259,7498
120,18,529,802,96,87207,259,7684
120,18,529,802,96,87207,259,7684
120,18,529,802,96,87207,259,7684
120,18,529,802,96,87207,259,7684
120,18,529,802,96,87207,259,7684
120,18,529,5029,96,88232,259,7905
120,18,529,5029,96,88232,259,7905
120,18,529,5029,96,88232,259,7905
120,18,529,5029,96,88232,259,7905
120,18,529,5029,96,88232,259,7905
120,18,529,249,96,8916,259,8092
120,18,529,249,96,8916,259,8092
120,18,529,249,96,8916,259,8092
120,18,529,249,96,8916,259,8092
120,18,528,95,96,90186,259,8313
120,18,528,95,96,90186,259,8313
120,18,528,95,96,90186,259,8313
120,18,528,95,96,90186,259,8313
120,18,528,95,96,90186,259,8313
120,18,528,6641,96,91211,259,8523
120,18,528,6641,96,91211,259,8523
120,18,528,6641,96,91211,259,8523
120,18,528,6641,96,91211,259,8523
120,18,528,365,96,92236,259,8744
120,18,528,365,96,92236,259,8744
120,18,528,365,96,92236,259,8744
120,18,528,365,96,92236,259,8744
120,18,528,1213,96,93066,259,8923
120,18,528,1213,96,93066,259,8923
120,18,528,1213,96,93066,259,8923
120,18,528,1213,96,93066,259,8923
120,18,528,1213,96,93066,259,8923
120,18,527,8789,96,93945,259,9102
120,18,527,8789,96,93945,259,9102
120,18,527,8789,96,93945,259,9102
120,18,527,8789,96,93945,259,9102
120,18,527,8789,96,93945,259,9102
120,18,527,6123,96,94873,259,9298
120,18,527,6123,96,94873,259,9298
120,18,527,6123,96,94873,259,9298
120,18,527,6123,96,94873,259,9298
120,18,527,6123,96,94873,259,9298
120,18,527,3225,96,95898,259,9512
120,18,527,3225,96,95898,259,9512
120,18,527,3225,96,95898,259,9512
120,18,527,3225,96,95898,259,9512
120,18,527,051,96,96826,259,9712
120,18,527,051,96,96826,259,9712
120,18,527,051,96,96826,259,9712
120,18,527,051,96,96826,259,9712
120,18,526,772,96,97803,259,9861
120,18,526,772,96,97803,259,9861
120,18,526,772,96,97803,259,9861
120,18,526,772,96,97803,259,9861
120,18,526,772,96,97803,259,9861
120,18,526,5393,96,98633,259,9984
120,18,526,5393,96,98633,259,9984
120,18,526,5393,96,98633,259,9984
120,18,526,5393,96,98633,259,9984
120,18,526,5393,96,98633,259,9984
120,18,526,2729,96,99561,260,0126
120,18,526,2729,96,99561,260,0126
120,18,526,2729,96,99561,260,0126
120,18,526,2729,96,99561,260,0126
120,18,525,9854,97,00586,260,0278
120,18,525,9854,97,00586,260,0278
120,18,525,9854,97,00586,260,0278
120,18,525,9854,97,00586,260,0278
120,18,525,7439,97,01465,260,0408
120,18,525,7439,97,01465,260,0408
120,18,525,7439,97,01465,260,0408
120,18,525,7439,97,01465,260,0408
120,18,525,7439,97,01465,260,0408
120,18,525,4585,97,02441,260,0559
120,18,525,4585,97,02441,260,0559
120,18,525,4585,97,02441,260,0559
120,18,525,4585,97,02441,260,0559
120,18,525,4585,97,02441,260,0559
120,18,525,1589,97,03516,260,0719
120,18,525,1589,97,03516,260,0719
120,18,525,1589,97,03516,260,0719
120,18,525,1589,97,03516,260,0719
120,18,525,1589,97,03516,260,0719
120,18,524,9023,97,04395,260,0856
120,18,524,9023,97,04395,260,0856
120,18,524,9023,97,04395,260,0856
120,18,524,9023,97,04395,260,0856
120,18,524,6084,97,05469,260,1012
120,18,524,6084,97,05469,260,1012
120,18,524,6084,97,05469,260,1012
120,18,524,6084,97,05469,260,1012
120,18,524,6084,97,05469,260,1012
120,18,524,3284,97,06445,260,1161
120,18,524,3284,97,06445,260,1161
120,18,524,3284,97,06445,260,1161
120,18,524,3284,97,06445,260,1161
120,18,524,0518,97,07422,260,1309
120,18,524,0518,97,07422,260,1309
120,18,524,0518,97,07422,260,1309
120,18,524,0518,97,07422,260,1309
120,18,524,0518,97,07422,260,1309
120,18,524,0234,97,0752,260,1323
120,18,524,0234,97,0752,260,1323
120,18,524,0234,97,0752,260,1323
120,18,524,0234,97,0752,260,1323
120,18,524,0234,97,0752,260,1323
120,18,524,0234,97,0752,260,1323
120,18,524,0234,97,0752,260,1323
120,18,524,0234,97,0752,260,1323
120,18,524,0234,97,0752,260,1323
120,18,524,0234,97,0752,260,1323
120,18,524,0234,97,0752,260,1323
120,18,524,0234,97,0752,260,1323
120,18,524,0234,97,0752,260,1323
120,18,524,0234,97,0752,260,1323
120,18,524,0234,97,0752,260,1323
120,18,524,0234,97,0752,260,1323
120,18,524,0234,97,0752,260,1323
120,18,524,0234,97,0752,260,1323
120,18,524,0234,97,0752,260,1323
120,18,524,0234,97,0752,260,1323
120,18,524,0234,97,0752,260,1323
120,18,524,0234,97,0752,260,1323
120,18,524,0234,97,0752,260,1323
120,18,524,0234,97,0752,260,1323
120,18,524,0234,97,0752,260,1323
120,18,524,0234,97,0752,260,1323
120,18,524,0234,97,0752,260,1323
120,18,524,0234,97,0752,260,1323
120,18,523,7397,97,08545,260,1338
120,18,523,7397,97,08545,260,1338
120,18,523,7397,97,08545,260,1338
120,18,523,7397,97,08545,260,1338
120,18,523,7397,97,08545,260,1338
120,18,523,4709,97,09521,260,1351
120,18,523,4709,97,09521,260,1351
120,18,523,4709,97,09521,260,1351
120,18,523,4709,97,09521,260,1351
120,18,523,4709,97,09521,260,1351
120,18,523,1819,97,10547,260,1366
120,18,523,1819,97,10547,260,1366
120,18,523,1819,97,10547,260,1366
120,18,523,1819,97,10547,260,1366
120,18,523,1819,97,10547,260,1366
120,18,522,8821,97,11621,260,1382
120,18,522,8821,97,11621,260,1382
120,18,522,8821,97,11621,260,1382
120,18,522,8821,97,11621,260,1382
120,18,522,8821,97,11621,260,1382
120,18,522,584,97,12695,260,1396
120,18,522,584,97,12695,260,1396
120,18,522,584,97,12695,260,1396
120,18,522,584,97,12695,260,1396
120,18,522,584,97,12695,260,1396
120,18,522,2842,97,1377,260,1411
120,18,522,2842,97,1377,260,1411
120,18,522,2842,97,1377,260,1411
120,18,522,2842,97,1377,260,1411
120,18,522,0127,97,14746,260,1426
120,18,522,0127,97,14746,260,1426
120,18,522,0127,97,14746,260,1426
120,18,522,0127,97,14746,260,1426
120,18,522,0127,97,14746,260,1426
120,18,521,7268,97,15771,260,144
120,18,521,7268,97,15771,260,144
120,18,521,7268,97,15771,260,144
120,18,521,7268,97,15771,260,144
120,18,521,7268,97,15771,260,144
120,18,521,4507,97,16748,260,1454
120,18,521,4507,97,16748,260,1454
120,18,521,4507,97,16748,260,1454
120,18,521,4507,97,16748,260,1454
120,18,521,4507,97,16748,260,1454
120,18,521,1509,97,17822,260,147
120,18,521,1509,97,17822,260,147
120,18,521,1509,97,17822,260,147
120,18,521,1509,97,17822,260,147
120,18,521,1509,97,17822,260,147
120,18,521,0986,97,18018,260,1472
120,18,521,0986,97,18018,260,1472
120,18,521,0986,97,18018,260,1472
120,18,521,0986,97,18018,260,1472
120,18,521,0986,97,18018,260,1472
120,18,520,8169,97,19043,260,1534
120,18,520,8169,97,19043,260,1534
120,18,520,8169,97,19043,260,1534
120,18,520,8169,97,19043,260,1534
120,18,520,5173,97,20166,260,1602
120,18,520,5173,97,20166,260,1602
120,18,520,5173,97,20166,260,1602
120,18,520,5173,97,20166,260,1602
120,18,520,5173,97,20166,260,1602
120,18,520,2322,97,2124,260,1665
120,18,520,2322,97,2124,260,1665
120,18,520,2322,97,2124,260,1665
120,18,520,2322,97,2124,260,1665
120,18,520,2322,97,2124,260,1665
120,18,519,9373,97,22363,260,173
120,18,519,9373,97,22363,260,173
120,18,519,9373,97,22363,260,173
120,18,519,9373,97,22363,260,173
120,18,519,9373,97,22363,260,173
120,18,519,6377,97,23438,260,1797
120,18,519,6377,97,23438,260,1797
120,18,519,6377,97,23438,260,1797
120,18,519,6377,97,23438,260,1797
120,18,519,3542,97,24512,260,186
120,18,519,3542,97,24512,260,186
120,18,519,3542,97,24512,260,186
120,18,519,3542,97,24512,260,186
120,18,519,3542,97,24512,260,186
120,18,519,1104,97,25439,260,1914
120,18,519,1104,97,25439,260,1914
120,18,519,1104,97,25439,260,1914
120,18,519,1104,97,25439,260,1914
120,18,519,1104,97,25439,260,1914
120,18,518,8337,97,26465,260,1975
120,18,518,8337,97,26465,260,1975
120,18,518,8337,97,26465,260,1975
120,18,518,8337,97,26465,260,1975
120,18,518,8337,97,26465,260,1975
120,18,518,5339,97,27539,260,2042
120,18,518,5339,97,27539,260,2042
120,18,518,5339,97,27539,260,2042
120,18,518,5339,97,27539,260,2042
120,18,518,5339,97,27539,260,2042
120,18,518,2495,97,28613,260,2104
120,18,518,2495,97,28613,260,2104
120,18,518,2495,97,28613,260,2104
120,18,518,2495,97,28613,260,2104
120,18,518,0547,97,29346,260,2148
120,18,518,0547,97,29346,260,2148
120,18,518,0547,97,29346,260,2148
120,18,518,0547,97,29346,260,2148
120,18,518,0547,97,29346,260,2148
120,18,518,0547,97,29346,260,2148
120,18,518,0547,97,29346,260,2148
120,18,518,0547,97,29346,260,2148
120,18,518,0547,97,29346,260,2148
120,18,518,0547,97,29346,260,2148
120,18,518,0547,97,29346,260,2148
120,18,518,0547,97,29346,260,2148
120,18,518,0547,97,29346,260,2148
120,18,518,0547,97,29346,260,2148
120,18,518,0547,97,29346,260,2148
120,18,518,0547,97,29346,260,2148
120,18,518,0547,97,29346,260,2148
120,18,518,0547,97,29346,260,2148
120,18,518,0547,97,29346,260,2148
120,18,518,0547,97,29346,260,2148
120,18,518,0547,97,29346,260,2148
120,18,518,0547,97,29346,260,2148
120,18,518,0547,97,29346,260,2148
120,18,518,0547,97,29346,260,2148
120,18,517,7563,97,30518,260,1858
120,18,517,7563,97,30518,260,1858
120,18,517,7563,97,30518,260,1858
120,18,517,7563,97,30518,260,1858
120,18,517,7563,97,30518,260,1858
120,18,517,4807,97,31641,260,1589
120,18,517,4807,97,31641,260,1589
120,18,517,4807,97,31641,260,1589
120,18,517,4807,97,31641,260,1589
120,18,517,4807,97,31641,260,1589
120,18,517,1824,97,32813,260,1299
120,18,517,1824,97,32813,260,1299
120,18,517,1824,97,32813,260,1299
120,18,517,1824,97,32813,260,1299
120,18,517,1824,97,32813,260,1299
120,18,516,8928,97,33936,260,1017
120,18,516,8928,97,33936,260,1017
120,18,516,8928,97,33936,260,1017
120,18,516,8928,97,33936,260,1017
120,18,516,6047,97,35107,260,0736
120,18,516,6047,97,35107,260,0736
120,18,516,6047,97,35107,260,0736
120,18,516,6047,97,35107,260,0736
120,18,516,6047,97,35107,260,0736
120,18,516,3333,97,36182,260,0471
120,18,516,3333,97,36182,260,0471
120,18,516,3333,97,36182,260,0471
120,18,516,3333,97,36182,260,0471
120,18,516,3333,97,36182,260,0471
120,18,516,0686,97,37207,260,0214
120,18,516,0686,97,37207,260,0214
120,18,516,0686,97,37207,260,0214
120,18,516,0686,97,37207,260,0214
120,18,515,7703,97,38379,259,9923
120,18,515,7703,97,38379,259,9923
120,18,515,7703,97,38379,259,9923
120,18,515,7703,97,38379,259,9923
120,18,515,5183,97,39404,259,9678
120,18,515,5183,97,39404,259,9678
120,18,515,5183,97,39404,259,9678
120,18,515,5183,97,39404,259,9678
120,18,515,5183,97,39404,259,9678
120,18,515,2566,97,4043,259,9423
120,18,515,2566,97,4043,259,9423
120,18,515,2566,97,4043,259,9423
120,18,515,2566,97,4043,259,9423
120,18,515,2566,97,4043,259,9423
120,18,514,9617,97,41602,259,9136
120,18,514,9617,97,41602,259,9136
120,18,514,9617,97,41602,259,9136
120,18,514,9617,97,41602,259,9136
120,18,514,6853,97,42676,259,8866
120,18,514,6853,97,42676,259,8866
120,18,514,6853,97,42676,259,8866
120,18,514,6853,97,42676,259,8866
120,18,514,6853,97,42676,259,8866
120,18,514,6262,97,4292,259,8809
120,18,514,6262,97,4292,259,8809
120,18,514,6262,97,4292,259,8809
120,18,514,6262,97,4292,259,8809
120,18,514,6262,97,4292,259,8809
120,18,514,3298,97,44189,259,8362
120,18,514,3298,97,44189,259,8362
120,18,514,3298,97,44189,259,8362
120,18,514,3298,97,44189,259,8362
120,18,514,3298,97,44189,259,8362
120,18,514,0686,97,45313,259,7969
120,18,514,0686,97,45313,259,7969
120,18,514,0686,97,45313,259,7969
120,18,514,0686,97,45313,259,7969
120,18,514,0686,97,45313,259,7969
120,18,513,7722,97,46631,259,7523
120,18,513,7722,97,46631,259,7523
120,18,513,7722,97,46631,259,7523
120,18,513,7722,97,46631,259,7523
120,18,513,4941,97,47803,259,7104
120,18,513,4941,97,47803,259,7104
120,18,513,4941,97,47803,259,7104
120,18,513,4941,97,47803,259,7104
120,18,513,2424,97,48877,259,6725
120,18,513,2424,97,48877,259,6725
120,18,513,2424,97,48877,259,6725
120,18,513,2424,97,48877,259,6725
120,18,513,2424,97,48877,259,6725
120,18,512,9773,97,50049,259,6326
120,18,512,9773,97,50049,259,6326
120,18,512,9773,97,50049,259,6326
120,18,512,9773,97,50049,259,6326
120,18,512,9773,97,50049,259,6326
120,18,512,6956,97,5127,259,5902
120,18,512,6956,97,5127,259,5902
120,18,512,6956,97,5127,259,5902
120,18,512,6956,97,5127,259,5902
120,18,512,429,97,52393,259,55
120,18,512,429,97,52393,259,55
120,18,512,429,97,52393,259,55
120,18,512,429,97,52393,259,55
120,18,512,429,97,52393,259,55
120,18,512,1414,97,53662,259,5068
120,18,512,1414,97,53662,259,5068
120,18,512,1414,97,53662,259,5068
120,18,512,1414,97,53662,259,5068
120,18,512,1414,97,53662,259,5068
120,18,511,8738,97,54785,259,4666
120,18,511,8738,97,54785,259,4666
120,18,511,8738,97,54785,259,4666
120,18,511,8738,97,54785,259,4666
120,18,511,8738,97,54785,259,4666
120,18,511,5774,97,56104,259,4219
120,18,511,5774,97,56104,259,4219
120,18,511,5774,97,56104,259,4219
120,18,511,5774,97,56104,259,4219
120,18,511,281,97,57373,259,3772
120,18,511,281,97,57373,259,3772
120,18,511,281,97,57373,259,3772
120,18,511,281,97,57373,259,3772
120,18,511,281,97,57373,259,3772
120,18,511,2344,97,57568,259,3702
120,18,511,2344,97,57568,259,3702
120,18,511,2344,97,57568,259,3702
120,18,511,2344,97,57568,259,3702
120,18,511,2344,97,57568,259,3702
120,18,510,9402,97,58984,259,3131
120,18,510,9402,97,58984,259,3131
120,18,510,9402,97,58984,259,3131
120,18,510,9402,97,58984,259,3131
120,18,510,9402,97,58984,259,3131
120,18,510,646,97,60352,259,2561
120,18,510,646,97,60352,259,2561
120,18,510,646,97,60352,259,2561
120,18,510,646,97,60352,259,2561
120,18,510,646,97,60352,259,2561
120,18,510,373,97,6167,259,2031
120,18,510,373,97,6167,259,2031
120,18,510,373,97,6167,259,2031
120,18,510,373,97,6167,259,2031
120,18,510,373,97,6167,259,2031
120,18,510,095,97,62988,259,1492
120,18,510,095,97,62988,259,1492
120,18,510,095,97,62988,259,1492
120,18,510,095,97,62988,259,1492
120,18,509,8059,97,64355,259,093
120,18,509,8059,97,64355,259,093
120,18,509,8059,97,64355,259,093
120,18,509,8059,97,64355,259,093
120,18,509,8059,97,64355,259,093
120,18,509,5554,97,65527,259,0444
120,18,509,5554,97,65527,259,0444
120,18,509,5554,97,65527,259,0444
120,18,509,5554,97,65527,259,0444
120,18,509,2751,97,66846,258,99
120,18,509,2751,97,66846,258,99
120,18,509,2751,97,66846,258,99
120,18,509,2751,97,66846,258,99
120,18,509,2751,97,66846,258,99
120,18,509,0042,97,68164,258,9375
120,18,509,0042,97,68164,258,9375
120,18,509,0042,97,68164,258,9375
120,18,509,0042,97,68164,258,9375
120,18,508,7537,97,69336,258,8889
120,18,508,7537,97,69336,258,8889
120,18,508,7537,97,69336,258,8889
120,18,508,7537,97,69336,258,8889
120,18,508,7537,97,69336,258,8889
120,18,508,5068,97,70508,258,8411
120,18,508,5068,97,70508,258,8411
120,18,508,5068,97,70508,258,8411
120,18,508,5068,97,70508,258,8411
120,18,508,5068,97,70508,258,8411
120,18,508,2126,97,71924,258,7839
120,18,508,2126,97,71924,258,7839
120,18,508,2126,97,71924,258,7839
120,18,508,2126,97,71924,258,7839
120,18,507,9819,97,72998,258,7391
120,18,507,9819,97,72998,258,7391
120,18,507,9819,97,72998,258,7391
120,18,507,9819,97,72998,258,7391
120,18,507,9819,97,72998,258,7391
120,18,507,7217,97,74414,258,656
120,18,507,7217,97,74414,258,656
120,18,507,7217,97,74414,258,656
120,18,507,7217,97,74414,258,656
120,18,507,4568,97,7583,258,5715
120,18,507,4568,97,7583,258,5715
120,18,507,4568,97,7583,258,5715
120,18,507,4568,97,7583,258,5715
120,18,507,2043,97,77197,258,4908
120,18,507,2043,97,77197,258,4908
120,18,507,2043,97,77197,258,4908
120,18,507,2043,97,77197,258,4908
120,18,507,2043,97,77197,258,4908
120,18,506,9661,97,78467,258,4148
120,18,506,9661,97,78467,258,4148
120,18,506,9661,97,78467,258,4148
120,18,506,9661,97,78467,258,4148
120,18,506,7087,97,79834,258,3326
120,18,506,7087,97,79834,258,3326
120,18,506,7087,97,79834,258,3326
120,18,506,7087,97,79834,258,3326
120,18,506,7087,97,79834,258,3326
120,18,506,4653,97,81152,258,2549
120,18,506,4653,97,81152,258,2549
120,18,506,4653,97,81152,258,2549
120,18,506,4653,97,81152,258,2549
120,18,506,2051,97,82568,258,1719
120,18,506,2051,97,82568,258,1719
120,18,506,2051,97,82568,258,1719
120,18,506,2051,97,82568,258,1719
120,18,506,2051,97,82568,258,1719
120,18,505,9358,97,83984,258,0858
120,18,505,9358,97,83984,258,0858
120,18,505,9358,97,83984,258,0858
120,18,505,9358,97,83984,258,0858
120,18,505,9358,97,83984,258,0858
120,18,505,6624,97,85449,257,9985
120,18,505,6624,97,85449,257,9985
120,18,505,6624,97,85449,257,9985
120,18,505,6624,97,85449,257,9985
120,18,505,3962,97,86914,257,9136
120,18,505,3962,97,86914,257,9136
120,18,505,3962,97,86914,257,9136
120,18,505,3962,97,86914,257,9136
120,18,505,3962,97,86914,257,9136
120,18,505,1533,97,88184,257,8361
120,18,505,1533,97,88184,257,8361
120,18,505,1533,97,88184,257,8361
120,18,505,1533,97,88184,257,8361
120,18,504,8855,97,89648,257,7505
120,18,504,8855,97,89648,257,7505
120,18,504,8855,97,89648,257,7505
120,18,504,8855,97,89648,257,7505
120,18,504,8655,97,89746,257,7441
120,18,504,8655,97,89746,257,7441
120,18,504,8655,97,89746,257,7441
120,18,504,8655,97,89746,257,7441
120,18,504,8655,97,89746,257,7441
120,18,504,8655,97,89746,257,7441
120,18,504,8655,97,89746,257,7441
120,18,504,8655,97,89746,257,7441
120,18,504,6409,97,91064,257,6595
120,18,504,6409,97,91064,257,6595
120,18,504,6409,97,91064,257,6595
120,18,504,6409,97,91064,257,6595
120,18,504,6409,97,91064,257,6595
120,18,504,3928,97,92578,257,566
120,18,504,3928,97,92578,257,566
120,18,504,3928,97,92578,257,566
120,18,504,3928,97,92578,257,566
120,18,504,3928,97,92578,257,566
120,18,504,1147,97,94189,257,4613
120,18,504,1147,97,94189,257,4613
120,18,504,1147,97,94189,257,4613
120,18,504,1147,97,94189,257,4613
120,18,504,1147,97,94189,257,4613
120,18,503,854,97,95752,257,3632
120,18,503,854,97,95752,257,3632
120,18,503,854,97,95752,257,3632
120,18,503,854,97,95752,257,3632
120,18,503,5737,97,97412,257,2576
120,18,503,5737,97,97412,257,2576
120,18,503,5737,97,97412,257,2576
120,18,503,5737,97,97412,257,2576
120,18,503,5737,97,97412,257,2576
120,18,503,325,97,98926,257,1638
120,18,503,325,97,98926,257,1638
120,18,503,325,97,98926,257,1638
120,18,503,325,97,98926,257,1638
120,18,503,325,97,98926,257,1638
120,18,503,061,98,00488,257,0645
120,18,503,061,98,00488,257,0645
120,18,503,061,98,00488,257,0645
120,18,503,061,98,00488,257,0645
120,18,502,8096,98,01953,256,9697
120,18,502,8096,98,01953,256,9697
120,18,502,8096,98,01953,256,9697
120,18,502,8096,98,01953,256,9697
120,18,502,8096,98,01953,256,9697
120,18,502,552,98,03516,256,8727
120,18,502,552,98,03516,256,8727
120,18,502,552,98,03516,256,8727
120,18,502,552,98,03516,256,8727
120,18,502,552,98,03516,256,8727
120,18,502,2834,98,05078,256,7715
120,18,502,2834,98,05078,256,7715
120,18,502,2834,98,05078,256,7715
120,18,502,2834,98,05078,256,7715
120,18,502,0222,98,06641,256,6731
120,18,502,0222,98,06641,256,6731
120,18,502,0222,98,06641,256,6731
120,18,502,0222,98,06641,256,6731
120,18,502,0222,98,06641,256,6731
120,18,501,7634,98,08203,256,5757
120,18,501,7634,98,08203,256,5757
120,18,501,7634,98,08203,256,5757
120,18,501,7634,98,08203,256,5757
120,18,501,7634,98,08203,256,5757
120,18,501,7361,98,0835,256,5653
120,18,501,7361,98,0835,256,5653
120,18,501,7361,98,0835,256,5653
120,18,501,7361,98,0835,256,5653
120,18,501,4656,98,10107,256,4365
120,18,501,4656,98,10107,256,4365
120,18,501,4656,98,10107,256,4365
120,18,501,4656,98,10107,256,4365
120,18,501,2429,98,11572,256,3306
120,18,501,2429,98,11572,256,3306
120,18,501,2429,98,11572,256,3306
120,18,501,2429,98,11572,256,3306
120,18,501,2429,98,11572,256,3306
120,18,501,0291,98,12939,256,2288
120,18,501,0291,98,12939,256,2288
120,18,501,0291,98,12939,256,2288
120,18,501,0291,98,12939,256,2288
120,18,500,7607,98,14697,256,1011
120,18,500,7607,98,14697,256,1011
120,18,500,7607,98,14697,256,1011
120,18,500,7607,98,14697,256,1011
120,18,500,7607,98,14697,256,1011
120,18,500,53,98,16211,255,9912
120,18,500,53,98,16211,255,9912
120,18,500,53,98,16211,255,9912
120,18,500,53,98,16211,255,9912
120,18,500,53,98,16211,255,9912
120,18,500,2854,98,17773,255,8748
120,18,500,2854,98,17773,255,8748
120,18,500,2854,98,17773,255,8748
120,18,500,2854,98,17773,255,8748
120,18,500,2854,98,17773,255,8748
120,18,500,0149,98,19531,255,746
120,18,500,0149,98,19531,255,746
120,18,500,0149,98,19531,255,746
120,18,500,0149,98,19531,255,746
120,18,499,7708,98,21143,255,6296
120,18,499,7708,98,21143,255,6296
120,18,499,7708,98,21143,255,6296
120,18,499,7708,98,21143,255,6296
120,18,499,7708,98,21143,255,6296
120,18,499,5364,98,22656,255,5181
120,18,499,5364,98,22656,255,5181
120,18,499,5364,98,22656,255,5181
120,18,499,5364,98,22656,255,5181
120,18,499,2659,98,24414,255,3893
120,18,499,2659,98,24414,255,3893
120,18,499,2659,98,24414,255,3893
120,18,499,2659,98,24414,255,3893
120,18,499,2659,98,24414,255,3893
120,18,499,0212,98,25977,255,2728
120,18,499,0212,98,25977,255,2728
120,18,499,0212,98,25977,255,2728
120,18,499,0212,98,25977,255,2728
120,18,498,9712,98,26318,255,249
120,18,498,9712,98,26318,255,249
120,18,498,9712,98,26318,255,249
120,18,498,9712,98,26318,255,249
120,18,498,9712,98,26318,255,249
120,18,498,9712,98,26318,255,249
120,18,498,9712,98,26318,255,249
120,18,498,9712,98,26318,255,249
120,18,498,9712,98,26318,255,249
120,18,498,9712,98,26318,255,249
120,18,498,9712,98,26318,255,249
120,18,498,9712,98,26318,255,249
120,18,498,9712,98,26318,255,249
120,18,498,9712,98,26318,255,249
120,18,498,9712,98,26318,255,249
120,18,498,9712,98,26318,255,249
120,18,498,9712,98,26318,255,249
120,18,498,9712,98,26318,255,249
120,18,498,9712,98,26318,255,249
120,18,498,9712,98,26318,255,249
120,18,498,9712,98,26318,255,249
120,18,498,9712,98,26318,255,249
120,18,498,9712,98,26318,255,249
120,18,498,9712,98,26318,255,249
120,18,498,9712,98,26318,255,249
120,18,498,9712,98,26318,255,249
120,18,498,9712,98,26318,255,249
120,18,498,9712,98,26318,255,249
120,18,498,9712,98,26318,255,249
120,18,498,9712,98,26318,255,249
120,18,498,9712,98,26318,255,249
120,18,498,9712,98,26318,255,249
120,18,498,9712,98,26318,255,249
120,18,498,9712,98,26318,255,249
120,18,498,9712,98,26318,255,249
120,18,498,9712,98,26318,255,249
120,18,498,9712,98,26318,255,249
120,18,498,9712,98,26318,255,249
120,18,498,9712,98,26318,255,249
120,18,498,9712,98,26318,255,249
120,18,498,9712,98,26318,255,249
120,18,498,9712,98,26318,255,249
120,18,498,9712,98,26318,255,249
120,18,498,9712,98,26318,255,249
120,18,498,9712,98,26318,255,249
120,18,498,9712,98,26318,255,249
120,18,498,9712,98,26318,255,249
120,18,498,9712,98,26318,255,249
120,18,498,9712,98,26318,255,249
120,18,498,9712,98,26318,255,249
120,18,498,9712,98,26318,255,249
120,18,498,9712,98,26318,255,249
120,18,498,9712,98,26318,255,249
120,18,498,9712,98,26318,255,249
120,18,498,9712,98,26318,255,249
120,18,498,9712,98,26318,255,249
120,18,498,9712,98,26318,255,249
120,18,498,9712,98,26318,255,249
120,18,498,9712,98,26318,255,249
120,18,498,9712,98,26318,255,249
120,18,498,9712,98,26318,255,249
120,18,498,7148,98,28125,255,0942
120,18,498,7148,98,28125,255,0942
120,18,498,7148,98,28125,255,0942
120,18,498,7148,98,28125,255,0942
120,18,498,4749,98,29834,254,9493
120,18,498,4749,98,29834,254,9493
120,18,498,4749,98,29834,254,9493
120,18,498,4749,98,29834,254,9493
120,18,498,4749,98,29834,254,9493
120,18,498,2444,98,31494,254,8103
120,18,498,2444,98,31494,254,8103
120,18,498,2444,98,31494,254,8103
120,18,498,2444,98,31494,254,8103
120,18,498,2444,98,31494,254,8103
120,18,498,0276,98,33008,254,6793
120,18,498,0276,98,33008,254,6793
120,18,498,0276,98,33008,254,6793
120,18,498,0276,98,33008,254,6793
120,18,497,7817,98,34766,254,5309
120,18,497,7817,98,34766,254,5309
120,18,497,7817,98,34766,254,5309
120,18,497,7817,98,34766,254,5309
120,18,497,7817,98,34766,254,5309
120,18,497,5522,98,36377,254,3923
120,18,497,5522,98,36377,254,3923
120,18,497,5522,98,36377,254,3923
120,18,497,5522,98,36377,254,3923
120,18,497,5522,98,36377,254,3923
120,18,497,3042,98,38135,254,2426
120,18,497,3042,98,38135,254,2426
120,18,497,3042,98,38135,254,2426
120,18,497,3042,98,38135,254,2426
120,18,497,0479,98,39941,254,0878
120,18,497,0479,98,39941,254,0878
120,18,497,0479,98,39941,254,0878
120,18,497,0479,98,39941,254,0878
120,18,497,0479,98,39941,254,0878
120,18,496,8096,98,4165,253,9438
120,18,496,8096,98,4165,253,9438
120,18,496,8096,98,4165,253,9438
120,18,496,8096,98,4165,253,9438
120,18,496,8096,98,4165,253,9438
120,18,496,5674,98,43359,253,7977
120,18,496,5674,98,43359,253,7977
120,18,496,5674,98,43359,253,7977
120,18,496,5674,98,43359,253,7977
120,18,496,5674,98,43359,253,7977
120,18,496,3208,98,45117,253,6488
120,18,496,3208,98,45117,253,6488
120,18,496,3208,98,45117,253,6488
120,18,496,3208,98,45117,253,6488
120,18,496,0828,98,46777,253,5051
120,18,496,0828,98,46777,253,5051
120,18,496,0828,98,46777,253,5051
120,18,496,0828,98,46777,253,5051
120,18,495,8528,98,48438,253,3662
120,18,495,8528,98,48438,253,3662
120,18,495,8528,98,48438,253,3662
120,18,495,8528,98,48438,253,3662
120,18,495,8528,98,48438,253,3662
120,18,495,6392,98,49951,253,2372
120,18,495,6392,98,49951,253,2372
120,18,495,6392,98,49951,253,2372
120,18,495,6392,98,49951,253,2372
120,18,495,6245,98,50049,253,2284
120,18,495,6245,98,50049,253,2284
120,18,495,6245,98,50049,253,2284
120,18,495,6245,98,50049,253,2284
120,18,495,6245,98,50049,253,2284
120,18,495,6245,98,50049,253,2284
120,18,495,6245,98,50049,253,2284
120,18,495,6245,98,50049,253,2284
120,18,495,6245,98,50049,253,2284
120,18,495,6245,98,50049,253,2284
120,18,495,6245,98,50049,253,2284
120,18,495,6245,98,50049,253,2284
120,18,495,6245,98,50049,253,2284
120,18,495,6245,98,50049,253,2284
120,18,495,6245,98,50049,253,2284
120,18,495,6245,98,50049,253,2284
120,18,495,6245,98,50049,253,2284
120,18,495,6245,98,50049,253,2284
120,18,495,6245,98,50049,253,2284
120,18,495,6245,98,50049,253,2284
120,18,495,6245,98,50049,253,2284
120,18,495,6245,98,50049,253,2284
120,18,495,6245,98,50049,253,2284
120,18,495,6245,98,50049,253,2284
120,18,495,6245,98,50049,253,2284
120,18,495,6245,98,50049,253,2284
120,18,495,6245,98,50049,253,2284
120,18,495,6245,98,50049,253,2284
120,18,495,6245,98,50049,253,2284
120,18,495,6245,98,50049,253,2284
120,18,495,6245,98,50049,253,2284
120,18,495,6245,98,50049,253,2284
120,18,495,6245,98,50049,253,2284
120,18,495,6245,98,50049,253,2284
120,18,495,6245,98,50049,253,2284
120,18,495,6245,98,50049,253,2284
120,18,495,6245,98,50049,253,2284
120,18,495,6245,98,50049,253,2284
120,18,495,6245,98,50049,253,2284
120,18,495,6245,98,50049,253,2284
120,18,495,6245,98,50049,253,2284
120,18,495,6245,98,50049,253,2284
120,18,495,6245,98,50049,253,2284
120,18,495,6245,98,50049,253,2284
120,18,495,6245,98,50049,253,2284
120,18,495,6245,98,50049,253,2284
120,18,495,6245,98,50049,253,2284
120,18,495,6245,98,50049,253,2284
120,18,495,6245,98,50049,253,2284
120,18,495,6245,98,50049,253,2284
120,18,495,6245,98,50049,253,2284
120,18,495,6245,98,50049,253,2284
120,18,495,6245,98,50049,253,2284
120,18,495,6245,98,50049,253,2284
120,18,495,6245,98,50049,253,2284
120,18,495,6245,98,50049,253,2284
120,18,495,6245,98,50049,253,2284
120,18,495,6245,98,50049,253,2284
120,18,495,6245,98,50049,253,2284
120,18,495,6245,98,50049,253,2284
120,18,495,6245,98,50049,253,2284
120,18,495,6245,98,50049,253,2284
120,18,495,6245,98,50049,253,2284
120,18,495,6245,98,50049,253,2284
120,18,495,6245,98,50049,253,2284
120,18,495,6245,98,50049,253,2284
120,18,495,6245,98,50049,253,2284
120,18,495,6245,98,50049,253,2284
120,18,495,6245,98,50049,253,2284
120,18,495,6245,98,50049,253,2284
120,18,495,6245,98,50049,253,2284
120,18,495,6245,98,50049,253,2284
120,18,495,6245,98,50049,253,2284
120,18,495,6245,98,50049,253,2284
120,18,495,6245,98,50049,253,2284
120,18,495,6245,98,50049,253,2284
120,18,495,6245,98,50049,253,2284
120,18,495,6245,98,50049,253,2284
120,18,495,6245,98,50049,253,2284
120,18,495,6245,98,50049,253,2284
120,18,495,6245,98,50049,253,2284
120,18,495,6245,98,50049,253,2284
120,18,495,6245,98,50049,253,2284
120,18,495,6245,98,50049,253,2284
120,18,495,6245,98,50049,253,2284
120,18,495,6245,98,50049,253,2284
120,18,495,6245,98,50049,253,2284
120,18,495,6245,98,50049,253,2284
120,18,495,6245,98,50049,253,2284
120,18,495,6245,98,50049,253,2284
120,18,495,6245,98,50049,253,2284
120,18,495,6245,98,50049,253,2284
120,18,495,6245,98,50049,253,2284
120,18,495,6245,98,50049,253,2284
120,18,495,6245,98,50049,253,2284
120,18,495,6245,98,50049,253,2284
120,18,495,6245,98,50049,253,2284
120,18,495,6245,98,50049,253,2284
120,18,495,6245,98,50049,253,2284
120,18,495,6245,98,50049,253,2284
120,18,495,6245,98,50049,253,2284
120,18,495,6245,98,50049,253,2284
120,18,495,6245,98,50049,253,2284
120,18,495,6245,98,50049,253,2284
120,18,495,6245,98,50049,253,2284
120,18,495,6245,98,50049,253,2284
120,18,495,6245,98,50049,253,2284
120,18,495,6245,98,50049,253,2284
120,18,495,6245,98,50049,253,2284
120,18,495,6245,98,50049,253,2284
120,18,495,6245,98,50049,253,2284
120,18,495,6245,98,50049,253,2284
120,18,495,6245,98,50049,253,2284
120,18,495,6245,98,50049,253,2284
120,18,495,6245,98,50049,253,2284
120,18,495,6245,98,50049,253,2284
120,18,495,6245,98,50049,253,2284
120,18,495,6245,98,50049,253,2284
120,18,495,6245,98,50049,253,2284
120,18,495,6245,98,50049,253,2284
120,18,495,6245,98,50049,253,2284
120,18,495,6245,98,50049,253,2284
120,18,495,6245,98,50049,253,2284
120,18,495,6245,98,50049,253,2284
120,18,495,6245,98,50049,253,2284
120,18,495,6245,98,50049,253,2284
120,18,495,6245,98,50049,253,2284
120,18,495,6245,98,50049,253,2284
120,18,495,6245,98,50049,253,2284
120,18,495,6245,98,50049,253,2284
120,18,495,6245,98,50049,253,2284
120,18,495,6245,98,50049,253,2284
120,18,495,6245,98,50049,253,2284
120,18,495,6245,98,50049,253,2284
120,18,495,6245,98,50049,253,2284
120,18,495,6245,98,50049,253,2284
120,18,495,6245,98,50049,253,2284
120,18,495,6245,98,50049,253,2284
120,18,495,6245,98,50049,253,2284
120,18,495,6245,98,50049,253,2284
120,18,495,6245,98,50049,253,2284
120,18,495,6245,98,50049,253,2284
120,18,495,6245,98,50049,253,2284
120,18,495,6245,98,50049,253,2284
120,18,495,6245,98,50049,253,2284
120,18,495,6245,98,50049,253,2284
120,18,495,6245,98,50049,253,2284
120,18,495,6245,98,50049,253,2284
120,18,495,6245,98,50049,253,2284
120,18,495,6245,98,50049,253,2284
120,18,495,6245,98,50049,253,2284
120,18,495,6245,98,50049,253,2284
120,18,495,6245,98,50049,253,2284
120,18,495,6245,98,50049,253,2284
120,18,495,6245,98,50049,253,2284
120,18,495,6245,98,50049,253,2284
120,18,495,6245,98,50049,253,2284
120,18,495,6245,98,50049,253,2284
120,18,495,6245,98,50049,253,2284
120,18,495,6245,98,50049,253,2284
120,18,495,6245,98,50049,253,2284
120,18,495,6245,98,50049,253,2284
120,18,495,6245,98,50049,253,2284
120,18,495,6245,98,50049,253,2284
120,18,495,6245,98,50049,253,2284
120,18,495,6245,98,50049,253,2284
120,18,495,6245,98,50049,253,2284
120,18,495,6245,98,50049,253,2284
120,18,495,6245,98,50049,253,2284
120,18,495,6245,98,50049,253,2284
120,18,495,6245,98,50049,253,2284
120,18,495,6245,98,50049,253,2284
120,18,495,6245,98,50049,253,2284
120,18,495,6245,98,50049,253,2284
120,18,495,6245,98,50049,253,2284
120,18,495,6245,98,50049,253,2284
120,18,495,6245,98,50049,253,2284
120,18,495,6245,98,50049,253,2284
120,18,495,6245,98,50049,253,2284
120,18,495,6245,98,50049,253,2284
120,18,495,6245,98,50049,253,2284
120,18,495,6245,98,50049,253,2284
120,18,495,6245,98,50049,253,2284
120,18,495,6245,98,50049,253,2284
120,18,495,6245,98,50049,253,2284
120,18,495,6245,98,50049,253,2284
120,18,495,6245,98,50049,253,2284
120,18,495,6245,98,50049,253,2284
120,18,495,6245,98,50049,253,2284
120,18,495,6245,98,50049,253,2284
120,18,495,6245,98,50049,253,2284
120,18,495,6245,98,50049,253,2284
120,18,495,6245,98,50049,253,2284
120,18,495,6245,98,50049,253,2284
120,18,495,6245,98,50049,253,2284
120,18,495,6245,98,50049,253,2284
120,18,495,6245,98,50049,253,2284
120,18,495,6245,98,50049,253,2284
120,18,495,6245,98,50049,253,2284
120,18,495,6245,98,50049,253,2284
120,18,495,6245,98,50049,253,2284
120,18,495,6245,98,50049,253,2284
120,18,495,6245,98,50049,253,2284
120,18,495,6245,98,50049,253,2284
120,18,495,6245,98,50049,253,2284
120,18,495,6245,98,50049,253,2284
120,18,495,6245,98,50049,253,2284
120,18,495,6245,98,50049,253,2284
120,18,495,6245,98,50049,253,2284
120,18,495,6245,98,50049,253,2284
120,18,495,6245,98,50049,253,2284
120,18,495,6245,98,50049,253,2284
120,18,495,6245,98,50049,253,2284
120,18,495,6245,98,50049,253,2284
120,18,495,6245,98,50049,253,2284
120,18,495,6245,98,50049,253,2284
120,18,495,6245,98,50049,253,2284
120,18,495,6245,98,50049,253,2284
120,18,495,6245,98,50049,253,2284
120,18,495