Time,RSteps,X,Y,Z
120,0,68,7002,87,78027,125,0229
120,0,68,7002,87,78027,125,0229
120,0,68,7002,87,78027,125,0229
120,0,68,7002,87,78027,125,0229
120,0,68,7002,87,78027,125,0229
120,0,68,7002,87,35059,125,0229
120,0,68,7002,87,35059,125,0229
120,0,68,7002,87,35059,125,0229
120,0,68,7002,87,35059,125,0229
120,0,68,7002,87,35059,125,0229
120,0,68,7002,87,35059,125,0229
120,0,68,7002,87,35059,125,0229
120,0,68,7002,87,35059,125,0229
120,0,68,7002,87,35059,125,0229
120,0,68,7002,87,35059,125,0229
120,0,68,7002,87,35059,125,0229
120,0,68,7002,87,35059,125,0229
120,1,68,7002,87,35059,125,0229
120,1,68,69873,87,35352,125,064
120,1,68,69556,87,36035,125,1483
120,1,68,69409,87,36279,125,1855
120,1,68,69141,87,36865,125,2593
120,1,68,68848,87,37451,125,3335
120,1,68,68701,87,37744,125,3738
120,1,68,68579,87,38037,125,4094
120,1,68,68579,87,38037,125,4094
120,1,68,68579,87,38037,125,4094
120,1,68,68433,87,3833,125,4484
120,1,68,67603,87,3999,125,6703
120,1,68,67285,87,40674,125,7554
120,1,68,67139,87,40967,125,7949
120,1,68,6687,87,41504,125,8684
120,1,68,66724,87,41797,125,9054
120,1,68,66455,87,42383,125,9784
120,1,68,66187,87,4292,126,0496
120,1,68,6604,87,43164,126,0847
120,1,68,65771,87,4375,126,1605
120,1,68,65771,87,4375,126,1605
120,1,68,65771,87,4375,126,1605
120,1,68,65771,87,4375,126,1605
120,1,68,65625,87,44043,126,1975
120,1,68,64624,87,46094,126,4636
120,1,68,6438,87,46582,126,5325
120,1,68,64233,87,46875,126,5704
120,1,68,63965,87,47461,126,6451
120,1,68,63794,87,47754,126,6862
120,1,68,63525,87,4834,126,7607
120,1,68,63257,87,48926,126,8348
120,1,68,6311,87,49219,126,8733
120,1,68,62964,87,49463,126,9091
120,1,68,62964,87,49463,126,9091
120,1,68,62964,87,49463,126,9091
120,1,68,62964,87,49463,126,9091
120,1,68,61987,87,51514,127,174
120,1,68,6167,87,521,127,254
120,1,68,61548,87,52393,127,2911
120,1,68,61426,87,52637,127,3243
120,1,68,61084,87,5332,127,413
120,1,68,60815,87,53906,127,4858
120,1,68,60669,87,54199,127,5245
120,1,68,604,87,54736,127,5956
120,1,68,60132,87,55273,127,6681
120,1,68,60132,87,55273,127,6681
120,1,68,60132,87,55273,127,6681
120,1,68,60132,87,55273,127,6681
120,1,68,59985,87,55566,127,7041
120,1,68,59131,87,57324,127,9346
120,1,68,58789,87,58008,128,0237
120,1,68,58643,87,58301,128,0643
120,1,68,58374,87,58887,128,14
120,1,68,58228,87,5918,128,1797
120,1,68,5791,87,59814,128,2587
120,1,68,57788,87,60107,128,2968
120,1,68,57471,87,60693,128,3779
120,1,68,573,87,61084,128,4246
120,1,68,57153,87,61377,128,462
120,1,68,57153,87,61377,128,462
120,1,68,57153,87,61377,128,462
120,1,68,57153,87,61377,128,462
120,1,68,57031,87,61621,128,4982
120,1,68,56055,87,63623,128,7579
120,1,68,55664,87,64404,128,8621
120,1,68,55518,87,64746,128,9036
120,1,68,55347,87,65088,128,9471
120,1,68,55005,87,65771,129,0391
120,1,68,5498,87,6582,129,0454
120,1,68,54492,87,6626,129,1278
120,1,68,54297,87,66455,129,1625
120,1,68,53882,87,66797,129,2347
120,1,68,53662,87,66992,129,2737
120,1,68,53662,87,66992,129,2737
120,1,68,53662,87,66992,129,2737
120,1,68,53662,87,66992,129,2737
120,1,68,521,87,68408,129,5397
120,1,68,51855,87,68604,129,5823
120,1,68,51416,87,68994,129,6575
120,1,68,51001,87,69385,129,7322
120,1,68,50806,87,6958,129,7661
120,1,68,50342,87,69971,129,843
120,1,68,50122,87,70166,129,8817
120,1,68,49707,87,70557,129,9517
120,1,68,49292,87,70947,130,0234
120,1,68,49292,87,70947,130,0234
120,1,68,49292,87,70947,130,0234
120,1,68,49292,87,70947,130,0234
120,1,68,49097,87,71143,130,0599
120,1,68,47729,87,72314,130,2915
120,1,68,47314,87,72705,130,3665
120,1,68,46851,87,73145,130,4431
120,1,68,46631,87,7334,130,481
120,1,68,46216,87,7373,130,5552
120,1,68,45996,87,73926,130,5938
120,1,68,45557,87,74268,130,6656
120,1,68,45142,87,74658,130,7383
120,1,68,44922,87,74854,130,778
120,1,68,44922,87,74854,130,778
120,1,68,44922,87,74854,130,778
120,1,68,44922,87,74854,130,778
120,1,68,44702,87,75049,130,8152
120,1,68,43066,87,76514,131,0945
120,1,68,42847,87,76709,131,1332
120,1,68,42432,87,771,131,207
120,1,68,41992,87,7749,131,281
120,1,68,41772,87,77686,131,3186
120,1,68,41333,87,78076,131,3932
120,1,68,41138,87,78271,131,4297
120,1,68,40698,87,78662,131,506
120,1,68,40479,87,78857,131,5415
120,2,68,40479,87,78857,131,5415
120,2,68,40479,87,78857,131,5415
120,2,68,40479,87,78857,131,5415
120,2,68,40259,87,79053,131,5782
120,2,68,39478,87,79785,131,7195
120,2,68,39111,87,80127,131,7916
120,2,68,38916,87,80322,131,8284
120,2,68,3855,87,80664,131,9015
120,2,68,38306,87,80859,131,9454
120,2,68,37939,87,81201,132,0175
120,2,68,37573,87,81592,132,0905
120,2,68,37329,87,81787,132,1338
120,2,68,37158,87,81934,132,1681
120,2,68,37158,87,81934,132,1681
120,2,68,37158,87,81934,132,1681
120,2,68,37158,87,81934,132,1681
120,2,68,35718,87,83301,132,4465
120,2,68,35498,87,83545,132,4912
120,2,68,35107,87,83887,132,5663
120,2,68,34937,87,84082,132,6014
120,2,68,34521,87,84473,132,6816
120,2,68,34326,87,84619,132,7197
120,2,68,33911,87,8501,132,8004
120,2,68,33691,87,85205,132,8407
120,2,68,33301,87,85596,132,9163
120,2,68,33105,87,85791,132,9532
120,2,68,33105,87,85791,132,9532
120,2,68,33105,87,85791,132,9532
120,2,68,33105,87,85791,132,9532
120,2,68,32935,87,85938,132,9868
120,2,68,31421,87,87354,133,2806
120,2,68,31226,87,87549,133,3219
120,2,68,30835,87,87939,133,3938
120,2,68,30444,87,88281,133,4691
120,2,68,30273,87,88477,133,5037
120,2,68,29907,87,88818,133,5776
120,2,68,29517,87,8916,133,652
120,2,68,29321,87,89355,133,6897
120,2,68,29126,87,89551,133,7274
120,2,68,29126,87,89551,133,7274
120,2,68,29126,87,89551,133,7274
120,2,68,29126,87,89551,133,7274
120,2,68,28931,87,89697,133,7637
120,2,68,27417,87,91162,134,059
120,2,68,27026,87,91504,134,1322
120,2,68,26855,87,91699,134,1689
120,2,68,26465,87,92041,134,2427
120,2,68,2627,87,92236,134,2828
120,2,68,25879,87,92627,134,3586
120,2,68,25684,87,92773,134,394
120,2,68,25293,87,93164,134,47
120,2,68,25073,87,93359,134,5106
120,2,68,25073,87,93359,134,5106
120,2,68,25073,87,93359,134,5106
120,2,68,25073,87,93359,134,5106
120,2,68,24976,87,93457,134,5319
120,2,68,24976,87,93457,134,5319
120,2,68,24976,87,93457,134,5319
120,2,68,24976,87,93457,134,5319
120,2,68,24976,87,93457,134,5319
120,2,68,24976,87,93457,134,5319
120,2,68,24976,87,93457,134,5319
120,2,68,24976,87,93457,134,5319
120,2,68,24976,87,93457,134,5319
120,2,68,24976,87,93457,134,5319
120,2,68,24976,87,93457,134,5319
120,2,68,24976,87,93457,134,5319
120,2,68,24976,87,93457,134,5319
120,2,68,24976,87,93457,134,5319
120,2,68,24976,87,93457,134,5319
120,2,68,24609,87,93164,134,5787
120,2,68,24268,87,9292,134,6187
120,2,68,23901,87,92627,134,6641
120,2,68,23267,87,92139,134,7445
120,2,68,22705,87,91699,134,8145
120,2,68,22363,87,91406,134,8555
120,2,68,21753,87,90918,134,9332
120,2,68,21436,87,90723,134,9716
120,2,68,2085,87,90234,135,046
120,2,68,2085,87,90234,135,046
120,2,68,2085,87,90234,135,046
120,2,68,2085,87,90234,135,046
120,2,68,2085,87,90234,135,046
120,2,68,18384,87,8833,135,3518
120,2,68,18018,87,88037,135,3972
120,2,68,17432,87,87549,135,4708
120,2,68,1709,87,87305,135,5132
120,2,68,16479,87,86816,135,5905
120,2,68,16162,87,86572,135,63
120,2,68,15527,87,86084,135,7067
120,2,68,15186,87,8584,135,7505
120,2,68,14575,87,85352,135,8275
120,2,68,14233,87,85059,135,8676
120,2,68,14233,87,85059,135,8676
120,2,68,14233,87,85059,135,8676
120,2,68,14233,87,85059,135,8676
120,2,68,14233,87,85059,135,8676
120,2,68,11719,87,83105,136,1816
120,2,68,11304,87,82813,136,2318
120,2,68,10718,87,82324,136,3057
120,2,68,10376,87,8208,136,3472
120,2,68,09766,87,81592,136,4243
120,2,68,09448,87,81348,136,4633
120,2,68,08813,87,80859,136,5427
120,2,68,08496,87,80615,136,5823
120,2,68,07861,87,80127,136,6613
120,2,68,0752,87,79834,136,7034
120,2,68,0752,87,79834,136,7034
120,2,68,0752,87,79834,136,7034
120,2,68,0752,87,79834,136,7034
120,2,68,07227,87,7959,136,7399
120,2,68,05054,87,7793,137,0092
120,2,68,04688,87,77637,137,0559
120,2,68,04053,87,77148,137,1361
120,2,68,03711,87,76855,137,1776
120,2,68,02979,87,76318,137,2684
120,2,68,02661,87,76025,137,3092
120,2,68,02344,87,75781,137,3489
120,2,68,01636,87,75244,137,4351
120,2,68,01367,87,75049,137,4708
120,2,68,00684,87,74512,137,5535
120,2,68,00684,87,74512,137,5535
120,2,68,00684,87,74512,137,5535
120,2,68,00684,87,74512,137,5535
120,2,68,00684,87,74512,137,5535
120,2,68,00317,87,74219,137,6012
120,2,67,98315,87,72656,137,8491
120,3,67,98315,87,72656,137,8491
120,3,67,97363,87,71484,137,9028
120,3,67,96704,87,70654,137,9399
120,3,67,9519,87,6875,138,0254
120,3,67,94409,87,67773,138,069
120,3,67,93774,87,66992,138,105
120,3,67,9231,87,65137,138,1886
120,3,67,90991,87,63477,138,2629
120,3,67,90283,87,62598,138,3025
120,3,67,90283,87,62598,138,3025
120,3,67,90283,87,62598,138,3025
120,3,67,90283,87,62598,138,3025
120,3,67,90283,87,62598,138,3025
120,3,67,89575,87,61719,138,3428
120,3,67,83887,87,5459,138,6636
120,3,67,83228,87,5376,138,7
120,3,67,81836,87,52002,138,7789
120,3,67,81104,87,51123,138,8201
120,3,67,79858,87,49561,138,8906
120,3,67,7915,87,48682,138,9304
120,3,67,77783,87,46973,139,0068
120,3,67,76587,87,45459,139,075
120,3,67,75952,87,44678,139,11
120,3,67,75952,87,44678,139,11
120,3,67,75952,87,44678,139,11
120,3,67,75952,87,44678,139,11
120,3,67,75952,87,44678,139,11
120,3,67,75317,87,43896,139,1458
120,3,67,698,87,36963,139,4583
120,3,67,68481,87,35303,139,5315
120,3,67,67847,87,34521,139,5673
120,3,67,66553,87,3291,139,6407
120,3,67,65845,87,31982,139,6813
120,3,67,64624,87,30469,139,75
120,3,67,6394,87,29639,139,7882
120,3,67,62622,87,27979,139,8629
120,3,67,61987,87,27148,139,8989
120,3,67,61987,87,27148,139,8989
120,3,67,61987,87,27148,139,8989
120,3,67,61987,87,27148,139,8989
120,3,67,61377,87,26416,139,9321
120,3,67,56592,87,2041,140,2025
120,3,67,55225,87,18701,140,2797
120,3,67,5459,87,1792,140,3158
120,3,67,53638,87,16699,140,3699
120,3,67,52271,87,1499,140,447
120,3,67,51611,87,14209,140,4832
120,3,67,50317,87,12549,140,557
120,3,67,49609,87,1167,140,5969
120,3,67,49438,87,11475,140,6061
120,3,67,49438,87,11475,140,6061
120,3,67,49438,87,11475,140,6061
120,3,67,49438,87,11475,140,6061
120,3,67,49438,87,11475,140,6061
120,3,67,49438,87,11475,140,6061
120,3,67,49438,87,11475,140,6061
120,3,67,49438,87,11475,140,6061
120,3,67,49438,87,11475,140,6061
120,3,67,49438,87,11475,140,6061
120,3,67,49438,87,11475,140,6061
120,3,67,49438,87,11475,140,6061
120,3,67,49438,87,11475,140,6061
120,3,67,49438,87,11475,140,6061
120,3,67,49438,87,11475,140,6061
120,3,67,49438,87,11475,140,6061
120,3,67,49438,87,11475,140,6061
120,3,67,49438,87,11475,140,6061
120,3,67,49438,87,11475,140,6061
120,3,67,49438,87,11475,140,6061
120,3,67,49438,87,11475,140,6061
120,3,67,49048,87,09912,140,6458
120,3,67,48193,87,06641,140,7288
120,3,67,4751,87,04004,140,7966
120,3,67,47144,87,02588,140,8324
120,3,67,46436,86,99805,140,903
120,3,67,46069,86,98438,140,9376
120,3,67,45361,86,95654,141,0088
120,3,67,44995,86,94238,141,0447
120,3,67,44653,86,92969,141,0774
120,3,67,44653,86,92969,141,0774
120,3,67,44653,86,92969,141,0774
120,3,67,44653,86,92969,141,0774
120,3,67,44287,86,91504,141,1144
120,3,67,41602,86,81104,141,3796
120,3,67,41211,86,79541,141,4187
120,3,67,40356,86,76221,141,5032
120,3,67,39941,86,74609,141,5444
120,3,67,3916,86,71631,141,6206
120,3,67,38721,86,69971,141,6633
120,3,67,37964,86,66992,141,7393
120,3,67,37622,86,65625,141,7731
120,3,67,3689,86,62891,141,8438
120,3,67,36548,86,61475,141,8793
120,3,67,36548,86,61475,141,8793
120,3,67,36548,86,61475,141,8793
120,3,67,36548,86,61475,141,8793
120,3,67,36548,86,61475,141,8793
120,3,67,36206,86,60156,141,9133
120,3,67,32983,86,47656,142,231
120,3,67,32275,86,44922,142,3004
120,3,67,31909,86,43555,142,3361
120,3,67,31201,86,40771,142,407
120,3,67,30859,86,39453,142,4406
120,3,67,30151,86,36719,142,5096
120,3,67,29736,86,35107,142,5504
120,3,67,29053,86,32471,142,6172
120,3,67,28687,86,31055,142,6533
120,3,67,28687,86,31055,142,6533
120,3,67,28687,86,31055,142,6533
120,3,67,28687,86,31055,142,6533
120,3,67,28687,86,31055,142,6533
120,3,67,28345,86,29736,142,6876
120,3,67,25122,86,17236,143,0051
120,3,67,24414,86,14502,143,0754
120,3,67,24048,86,13037,143,1123
120,3,67,23291,86,10156,143,1863
120,3,67,22925,86,08691,143,2235
120,3,67,22217,86,05957,143,2935
120,3,67,21851,86,04541,143,3287
120,3,67,21777,86,04248,143,3364
120,3,67,21777,86,04248,143,3364
120,3,67,21777,86,04248,143,3364
120,3,67,21777,86,04248,143,3364
120,3,67,21777,86,04248,143,3364
120,3,67,21777,86,04248,143,3364
120,3,67,21777,86,04248,143,3364
120,3,67,21777,86,04248,143,3364
120,3,67,21777,86,04248,143,3364
120,3,67,21777,86,04248,143,3364
120,3,67,21777,86,04248,143,3364
120,3,67,21777,86,04248,143,3364
120,3,67,21777,86,04248,143,3364
120,3,67,21777,86,04248,143,3364
120,3,67,21777,86,04248,143,3364
120,3,67,21777,86,04248,143,3364
120,3,67,21777,86,04248,143,3364
120,3,67,21777,86,04248,143,3364
120,3,67,21777,86,04248,143,3364
120,3,67,21777,86,04248,143,3364
120,3,67,21777,86,04248,143,3364
120,3,67,21777,86,04248,143,3364
120,3,67,21777,86,04248,143,3364
120,3,67,21777,86,04248,143,3364
120,3,67,21777,86,04248,143,3364
120,3,67,21777,86,04248,143,3364
120,3,67,21777,86,04248,143,3364
120,3,67,21777,86,04248,143,3364
120,3,67,21777,86,04248,143,3364
120,3,67,21777,86,04248,143,3364
120,3,67,21777,86,04248,143,3364
120,3,67,21777,86,04248,143,3364
120,3,67,21777,86,04248,143,3364
120,3,67,21777,86,04248,143,3364
120,3,67,21777,86,04248,143,3364
120,3,67,21777,86,04248,143,3364
120,3,67,21777,86,04248,143,3364
120,3,67,21777,86,04248,143,3364
120,3,67,21777,86,04248,143,3364
120,3,67,21777,86,04248,143,3364
120,3,67,21777,86,04248,143,3364
120,3,67,21777,86,04248,143,3364
120,3,67,21777,86,04248,143,3364
120,3,67,21777,86,04248,143,3364
120,3,67,21777,86,04248,143,3364
120,3,67,21777,86,04248,143,3364
120,3,67,21777,86,04248,143,3364
120,3,67,21777,86,04248,143,3364
120,3,67,21777,86,04248,143,3364
120,3,67,21777,86,04248,143,3364
120,3,67,21777,86,04248,143,3364
120,3,67,21777,86,04248,143,3364
120,3,67,21777,86,04248,143,3364
120,3,67,21777,86,04248,143,3364
120,3,67,21777,86,04248,143,3364
120,3,67,21777,86,04248,143,3364
120,3,67,21777,86,04248,143,3364
120,3,67,21777,86,04248,143,3364
120,3,67,21777,86,04248,143,3364
120,3,67,21777,86,04248,143,3364
120,3,67,21777,86,04248,143,3364
120,3,67,21777,86,04248,143,3364
120,3,67,21777,86,04248,143,3364
120,3,67,21777,86,04248,143,3364
120,3,67,21777,86,04248,143,3364
120,3,67,21777,86,04248,143,3364
120,3,67,21777,86,04248,143,3364
120,3,67,21777,86,04248,143,3364
120,3,67,21777,86,04248,143,3364
120,3,67,21777,86,04248,143,3364
120,3,67,21777,86,04248,143,3364
120,3,67,21777,86,04248,143,3364
120,3,67,21777,86,04248,143,3364
120,3,67,21777,86,04248,143,3364
120,3,67,21777,86,04248,143,3364
120,3,67,21777,86,04248,143,3364
120,3,67,21777,86,04248,143,3364
120,3,67,21777,86,04248,143,3364
120,3,67,21777,86,04248,143,3364
120,3,67,21777,86,04248,143,3364
120,3,67,21777,86,04248,143,3364
120,3,67,21777,86,04248,143,3364
120,3,67,21777,86,04248,143,3364
120,3,67,21777,86,04248,143,3364
120,3,67,21777,86,04248,143,3364
120,3,67,21777,86,04248,143,3364
120,3,67,21777,86,04248,143,3364
120,3,67,21777,86,04248,143,3364
120,3,67,21777,86,04248,143,3364
120,3,67,21777,86,04248,143,3364
120,3,67,21777,86,04248,143,3364
120,3,67,21777,86,04248,143,3364
120,3,67,21777,86,04248,143,3364
120,3,67,21777,86,04248,143,3364
120,3,67,21777,86,04248,143,3364
120,3,67,21777,86,04248,143,3364
120,3,67,21777,86,04248,143,3364
120,3,67,21777,86,04248,143,3364
120,3,67,21777,86,04248,143,3364
120,3,67,21777,86,04248,143,3364
120,3,67,21777,86,04248,143,3364
120,3,67,21777,86,04248,143,3364
120,3,67,21777,86,04248,143,3364
120,3,67,21777,86,04248,143,3364
120,3,67,21777,86,04248,143,3364
120,3,67,21777,86,04248,143,3364
120,3,67,21777,86,04248,143,3364
120,3,67,21777,86,04248,143,3364
120,3,67,21777,86,04248,143,3364
120,3,67,21777,86,04248,143,3364
120,3,67,21777,86,04248,143,3364
120,3,67,21777,86,04248,143,3364
120,3,67,21777,86,04248,143,3364
120,3,67,21777,86,04248,143,3364
120,3,67,21777,86,04248,143,3364
120,3,67,21777,86,04248,143,3364
120,3,67,21777,86,04248,143,3364
120,3,67,21777,86,04248,143,3364
120,3,67,21777,86,04248,143,3364
120,3,67,21777,86,04248,143,3364
120,3,67,21777,86,04248,143,3364
120,3,67,21777,86,04248,143,3364
120,3,67,21777,86,04248,143,3364
120,3,67,21777,86,04248,143,3364
120,3,67,21777,86,04248,143,3364
120,3,67,21777,86,04248,143,3364
120,3,67,21777,86,04248,143,3364
120,3,67,21777,86,04248,143,3364
120,3,67,21777,86,04248,143,3364
120,3,67,21777,86,04248,143,3364
120,3,67,21777,86,04248,143,3364
120,3,67,21777,86,04248,143,3364
120,3,67,21777,86,04248,143,3364
120,3,67,21777,86,04248,143,3364
120,3,67,21777,86,04248,143,3364
120,3,67,21777,86,04248,143,3364
120,3,67,21777,86,04248,143,3364
120,3,67,21777,86,04248,143,3364
120,3,67,21777,86,04248,143,3364
120,3,67,21777,86,04248,143,3364
120,3,67,21777,86,04248,143,3364
120,3,67,21777,86,04248,143,3364
120,3,67,21777,86,04248,143,3364
120,3,67,21777,86,04248,143,3364
120,3,67,21777,86,04248,143,3364
120,3,67,21777,86,04248,143,3364
120,3,67,21777,86,04248,143,3364
120,3,67,21777,86,04248,143,3364
120,3,67,21777,86,04248,143,3364
120,3,67,21777,86,04248,143,3364
120,3,67,21777,86,04248,143,3364
120,3,67,21777,86,04248,143,3364
120,3,67,21777,86,04248,143,3364
120,3,67,21777,86,04248,143,3364
120,3,67,21777,86,04248,143,3364
120,3,67,21777,86,04248,143,3364
120,3,67,21777,86,04248,143,3364
120,3,67,21777,86,04248,143,3364
120,3,67,21777,86,04248,143,3364
120,3,67,21777,86,04248,143,3364
120,3,67,21777,86,04248,143,3364
120,3,67,21777,86,04248,143,3364
120,3,67,21777,86,04248,143,3364
120,3,67,21777,86,04248,143,3364
120,3,67,21777,86,04248,143,3364
120,3,67,21777,86,04248,143,3364
120,3,67,21777,86,04248,143,3364
120,3,67,21777,86,04248,143,3364
120,3,67,21777,86,04248,143,3364
120,3,67,21777,86,04248,143,3364
120,3,67,21777,86,04248,143,3364
120,3,67,21777,86,04248,143,3364
120,3,67,21777,86,04248,143,3364
120,3,67,21777,86,04248,143,3364
120,3,67,21777,86,04248,143,3364
120,3,67,21777,86,04248,143,3364
120,3,67,21777,86,04248,143,3364
120,3,67,21777,86,04248,143,3364
120,3,67,21777,86,04248,143,3364
120,3,67,21777,86,04248,143,3364
120,3,67,21777,86,04248,143,3364
120,3,67,21777,86,04248,143,3364
120,3,67,21777,86,04248,143,3364
120,3,67,21777,86,04248,143,3364
120,3,67,21777,86,04248,143,3364
120,3,67,21777,86,04248,143,3364
120,3,67,21777,86,04248,143,3364
120,3,67,21777,86,04248,143,3364
120,3,67,21777,86,04248,143,3364
120,3,67,21777,86,04248,143,3364
120,3,67,21777,86,04248,143,3364
120,3,67,21777,86,04248,143,3364
120,3,67,21777,86,04248,143,3364
120,3,67,21777,86,04248,143,3364
120,3,67,21777,86,04248,143,3364
120,3,67,21777,86,04248,143,3364
120,3,67,21777,86,04248,143,3364
120,3,67,21777,86,04248,143,3364
120,3,67,21777,86,04248,143,3364
120,3,67,21777,86,04248,143,3364
120,3,67,21777,86,04248,143,3364
120,3,67,21777,86,04248,143,3364
120,3,67,21777,86,04248,143,3364
120,3,67,21777,86,04248,143,3364
120,3,67,21777,86,04248,143,3364
120,3,67,21777,86,04248,143,3364
120,3,67,21777,86,04248,143,3364
120,3,67,21777,86,04248,143,3364
120,3,67,21777,86,04248,143,3364
120,3,67,21777,86,04248,143,3364
120,3,67,21777,86,04248,143,3364
120,3,67,21777,86,04248,143,3364
120,3,67,21777,86,04248,143,3364
120,3,67,21777,86,04248,143,3364
120,3,67,21777,86,04248,143,3364
120,3,67,21777,86,04248,143,3364
120,3,67,21777,86,04248,143,3364
120,3,67,21777,86,04248,143,3364
120,3,67,21777,86,04248,143,3364
120,3,67,21777,86,04248,143,3364
120,3,67,21777,86,04248,143,3364
120,3,67,21777,86,04248,143,3364
120,3,67,21777,86,04248,143,3364
120,3,67,21777,86,04248,143,3364
120,3,67,21777,86,04248,143,3364
120,3,67,21777,86,04248,143,3364
120,3,67,21777,86,04248,143,3364
120,3,67,21777,86,04248,143,3364
120,3,67,21777,86,04248,143,3364
120,3,67,21777,86,04248,143,3364
120,3,67,21777,86,04248,143,3364
120,3,67,21777,86,04248,143,3364
120,3,67,21777,86,04248,143,3364
120,3,67,21777,86,04248,143,3364
120,3,67,21777,86,04248,143,3364
120,3,67,21777,86,04248,143,3364
120,3,67,21777,86,04248,143,3364
120,3,67,21777,86,04248,143,3364
120,3,67,21777,86,04248,143,3364
120,3,67,21777,86,04248,143,3364
120,3,67,21777,86,04248,143,3364
120,3,67,21777,86,04248,143,3364
120,3,67,21777,86,04248,143,3364
120,3,67,21777,86,04248,143,3364
120,3,67,21777,86,04248,143,3364
120,3,67,21777,86,04248,143,3364
120,3,67,21777,86,04248,143,3364
120,3,67,21777,86,04248,143,3364
120,3,67,21777,86,04248,143,3364
120,3,67,21777,86,04248,143,3364
120,3,67,21777,86,04248,143,3364
120,3,67,21777,86,04248,143,3364
120,3,67,21777,86,04248,143,3364
120,3,67,21777,86,04248,143,3364
120,3,67,21777,86,04248,143,3364
120,3,67,21777,86,04248,143,3364
120,3,67,21777,86,04248,143,3364
120,3,67,21777,86,04248,143,3364
120,3,67,21777,86,04248,143,3364
120,3,67,21777,86,04248,143,3364
120,3,67,21777,86,04248,143,3364
120,3,67,21777,86,04248,143,3364
120,3,67,21777,86,04248,143,3364
120,3,67,21777,86,04248,143,3364
120,3,67,21777,86,04248,143,3364
120,3,67,21777,86,04248,143,3364
120,3,67,21777,86,04248,143,3364
120,3,67,21777,86,04248,143,3364
120,3,67,21777,86,04248,143,3364
120,3,67,21777,86,04248,143,3364
120,3,67,21777,86,04248,143,3364
120,3,67,21777,86,04248,143,3364
120,3,67,21777,86,04248,143,3364
120,3,67,21777,86,04248,143,3364
120,3,67,21777,86,04248,143,3364
120,3,67,21777,86,04248,143,3364
120,3,67,21777,86,04248,143,3364
120,3,67,21777,86,04248,143,3364
120,3,67,21777,86,04248,143,3364
120,3,67,21777,86,04248,143,3364
120,3,67,21777,86,04248,143,3364
120,3,67,21777,86,04248,143,3364
120,3,67,21777,86,04248,143,3364
120,3,67,21777,86,04248,143,3364
120,3,67,21777,86,04248,143,3364
120,3,67,21777,86,04248,143,3364
120,3,67,21777,86,04248,143,3364
120,3,67,21777,86,04248,143,3364
120,3,67,21777,86,04248,143,3364
120,3,67,21777,86,04248,143,3364
120,3,67,21777,86,04248,143,3364
120,3,67,21777,86,04248,143,3364
120,4,67,21777,86,04248,143,3364
120,4,67,21777,86,04248,143,3364
120,4,67,21777,86,04248,143,3364
120,4,67,21777,86,04248,143,3364
120,4,67,21777,86,04248,143,3364
120,4,67,20898,86,02197,143,3741
120,4,67,1936,85,98584,143,4403
120,4,67,17847,85,95068,143,5052
120,4,67,1709,85,93311,143,5376
120,4,67,15454,85,89551,143,6069
120,4,67,14673,85,87695,143,6404
120,4,67,13135,85,84131,143,7067
120,4,67,12354,85,82275,143,7402
120,4,67,11621,85,80566,143,7717
120,4,67,11621,85,80566,143,7717
120,4,67,11621,85,80566,143,7717
120,4,67,11621,85,80566,143,7717
120,4,67,11621,85,80566,143,7717
120,4,67,04785,85,64648,144,0651
120,4,67,03931,85,62646,144,1017
120,4,67,02417,85,59131,144,1665
120,4,67,00928,85,55615,144,2305
120,4,67,00146,85,53857,144,2633
120,4,66,98608,85,50244,144,3298
120,4,66,97754,85,48242,144,3665
120,4,66,9624,85,44727,144,4314
120,4,66,95459,85,4292,144,4642
120,4,66,94775,85,41309,144,4943
120,4,66,94775,85,41309,144,4943
120,4,66,94775,85,41309,144,4943
120,4,66,94775,85,41309,144,4943
120,4,66,94775,85,41309,144,4943
120,4,66,87939,85,25342,144,7871
120,4,66,87085,85,23389,144,8236
120,4,66,85522,85,19727,144,8909
120,4,66,84009,85,16211,144,9553
120,4,66,83276,85,14502,144,9863
120,4,66,81738,85,10889,145,053
120,4,66,80859,85,08887,145,0905
120,4,66,80054,85,06982,145,1252
120,4,66,7832,85,02979,145,1989
120,4,66,77612,85,01318,145,2292
120,4,66,77612,85,01318,145,2292
120,4,66,77612,85,01318,145,2292
120,4,66,77612,85,01318,145,2292
120,4,66,77612,85,01318,145,2292
120,4,66,7688,84,99609,145,2607
120,4,66,76196,84,97998,145,2903
120,4,66,76196,84,97998,145,2903
120,4,66,76196,84,97998,145,2903
120,4,66,76196,84,97998,145,2903
120,4,66,76196,84,97998,145,2903
120,4,66,75464,84,96094,145,3228
120,4,66,74707,84,94141,145,3556
120,4,66,73096,84,89941,145,4264
120,4,66,72339,84,87988,145,4592
120,4,66,72339,84,87988,145,4592
120,4,66,72339,84,87988,145,4592
120,4,66,72339,84,87988,145,4592
120,4,66,72339,84,87988,145,4592
120,4,66,71606,84,86035,145,4921
120,4,66,64941,84,68701,145,7842
120,4,66,64209,84,66797,145,8169
120,4,66,62744,84,62988,145,8809
120,4,66,61914,84,6084,145,9175
120,4,66,60547,84,57275,145,9771
120,4,66,59766,84,55225,146,0115
120,4,66,58276,84,51318,146,0778
120,4,66,56836,84,47607,146,1405
120,4,66,56128,84,45752,146,1718
120,4,66,56128,84,45752,146,1718
120,4,66,56128,84,45752,146,1718
120,4,66,56128,84,45752,146,1718
120,4,66,56128,84,45752,146,1718
120,4,66,5542,84,43896,146,2028
120,4,66,49658,84,28906,146,4561
120,4,66,47974,84,24561,146,5293
120,4,66,46509,84,20752,146,5936
120,4,66,45801,84,18896,146,6249
120,4,66,4436,84,15088,146,6888
120,4,66,43604,84,13135,146,7219
120,4,66,4209,84,09229,146,7877
120,4,66,41333,84,07227,146,8218
120,4,66,39917,84,03564,146,8834
120,4,66,39917,84,03564,146,8834
120,4,66,39917,84,03564,146,8834
120,4,66,39917,84,03564,146,8834
120,4,66,39917,84,03564,146,8834
120,4,66,39185,84,0166,146,9155
120,4,66,33423,83,86621,147,1688
120,4,66,31714,83,82227,147,2434
120,4,66,31445,83,81494,147,2556
120,4,66,31445,83,81494,147,2556
120,4,66,31445,83,81494,147,2556
120,4,66,31445,83,81494,147,2556
120,4,66,31445,83,81494,147,2556
120,4,66,31445,83,81494,147,2556
120,4,66,31445,83,81494,147,2556
120,4,66,31445,83,81494,147,2556
120,5,66,31445,83,81494,147,2556
120,5,66,31445,83,81494,147,2556
120,5,66,31445,83,81494,147,2556
120,5,66,31445,83,81494,147,2556
120,5,66,31445,83,81494,147,2556
120,5,66,30469,83,79053,147,2964
120,5,66,28687,83,74756,147,3694
120,5,66,27173,83,70996,147,4319
120,5,66,26343,83,68994,147,4661
120,5,66,2478,83,65137,147,5306
120,5,66,24023,83,63281,147,5621
120,5,66,22461,83,59424,147,627
120,5,66,21631,83,57373,147,6613
120,5,66,20947,83,55762,147,6887
120,5,66,20947,83,55762,147,6887
120,5,66,20947,83,55762,147,6887
120,5,66,20947,83,55762,147,6887
120,5,66,20947,83,55762,147,6887
120,5,66,13965,83,38574,147,9774
120,5,66,13037,83,36328,148,0156
120,5,66,11523,83,32568,148,0786
120,5,66,10034,83,28906,148,1404
120,5,66,09229,83,26904,148,1736
120,5,66,07666,83,23096,148,238
120,5,66,06763,83,20898,148,2751
120,5,66,052,83,17041,148,3395
120,5,66,04419,83,15137,148,3722
120,5,66,03613,83,13135,148,4054
120,5,66,03613,83,13135,148,4054
120,5,66,03613,83,13135,148,4054
120,5,66,03613,83,13135,148,4054
120,5,66,03613,83,13135,148,4054
120,5,65,96753,82,96289,148,6888
120,5,65,9585,82,94092,148,7256
120,5,65,94287,82,90234,148,791
120,5,65,93457,82,88184,148,8247
120,5,65,91943,82,84473,148,8878
120,5,65,91064,82,82324,148,924
120,5,65,89502,82,78516,148,988
120,5,65,88062,82,74951,149,0481
120,5,65,87256,82,72949,149,0814
120,5,65,86523,82,71191,149,111
120,5,65,86523,82,71191,149,111
120,5,65,86523,82,71191,149,111
120,5,65,86523,82,71191,149,111
120,5,65,86523,82,71191,149,111
120,5,65,85718,82,69189,149,1447
120,5,65,78613,82,51709,149,4384
120,5,65,771,82,47998,149,5007
120,5,65,7627,82,45996,149,5345
120,5,65,74756,82,42285,149,5974
120,5,65,7395,82,40332,149,6301
120,5,65,72632,82,37061,149,6851
120,5,65,72632,82,37061,149,6851
120,5,65,72632,82,37061,149,6851
120,5,65,72632,82,37061,149,6851
120,5,65,72632,82,37061,149,6851
120,5,65,72632,82,37061,149,6851
120,5,65,72632,82,37061,149,6851
120,5,65,72632,82,37061,149,6851
120,5,65,72632,82,37061,149,6851
120,5,65,71729,82,34961,149,7218
120,5,65,70898,82,3291,149,7566
120,5,65,69238,82,28955,149,825
120,5,65,677,82,25342,149,8873
120,5,65,66919,82,23486,149,9194
120,5,65,6543,82,19922,149,9811
120,5,65,646,82,1792,150,0155
120,5,65,63062,82,14355,150,0779
120,5,65,62329,82,12549,150,1085
120,5,65,62329,82,12549,150,1085
120,5,65,62329,82,12549,150,1085
120,5,65,62329,82,12549,150,1085
120,5,65,62329,82,12549,150,1085
120,5,65,61499,82,10596,150,1423
120,5,65,54321,81,93506,150,4377
120,5,65,53516,81,9165,150,4705
120,5,65,51929,81,87793,150,5365
120,5,65,50391,81,84131,150,5996
120,5,65,49609,81,82275,150,6318
120,5,65,48096,81,78711,150,6935
120,5,65,47192,81,76611,150,7302
120,5,65,45679,81,72949,150,7933
120,5,65,44824,81,70898,150,8284
120,5,65,44824,81,70898,150,8284
120,5,65,44824,81,70898,150,8284
120,5,65,44824,81,70898,150,8284
120,5,65,44824,81,70898,150,8284
120,5,65,44141,81,69336,150,8561
120,5,65,37036,81,52441,151,1479
120,5,65,36304,81,50684,151,1785
120,5,65,34741,81,46924,151,2428
120,5,65,33203,81,43262,151,3062
120,5,65,32422,81,41406,151,3383
120,5,65,30835,81,37695,151,4031
120,5,65,30078,81,35889,151,4338
120,5,65,28467,81,32031,151,5006
120,5,65,27686,81,30176,151,5325
120,5,65,27686,81,30176,151,5325
120,5,65,27686,81,30176,151,5325
120,5,65,27686,81,30176,151,5325
120,5,65,27686,81,30176,151,5325
120,5,65,27539,81,29834,151,5386
120,5,65,27539,81,29834,151,5386
120,5,65,27539,81,29834,151,5386
120,5,65,27539,81,29834,151,5386
120,5,65,27539,81,29834,151,5386
120,5,65,27539,81,29834,151,5386
120,6,65,27539,81,29834,151,5386
120,6,65,26978,81,28027,151,5729
120,6,65,26392,81,26221,151,608
120,6,65,25171,81,22412,151,682
120,6,65,25171,81,22412,151,682
120,6,65,25171,81,22412,151,682
120,6,65,25171,81,22412,151,682
120,6,65,25171,81,22412,151,682
120,6,65,24561,81,2041,151,7198
120,6,65,20215,81,06738,151,9833
120,6,65,19043,81,03027,152,0546
120,6,65,18433,81,01123,152,0918
120,6,65,1731,80,97559,152,1599
120,6,65,16748,80,95801,152,1941
120,6,65,15576,80,9209,152,2657
120,6,65,15039,80,9043,152,2981
120,6,65,13916,80,86865,152,3662
120,6,65,1333,80,8501,152,4021
120,6,65,12817,80,8335,152,4337
120,6,65,12817,80,8335,152,4337
120,6,65,12817,80,8335,152,4337
120,6,65,12817,80,8335,152,4337
120,6,65,12817,80,8335,152,4337
120,6,65,07935,80,67969,152,7301
120,6,65,07202,80,65674,152,7748
120,6,65,06055,80,62061,152,8444
120,6,65,05493,80,60303,152,8782
120,6,65,04395,80,56787,152,9459
120,6,65,03809,80,54932,152,9817
120,6,65,02637,80,5127,153,0518
120,6,65,02051,80,49414,153,0876
120,6,65,00977,80,46045,153,1532
120,6,65,00342,80,44043,153,1917
120,6,65,00342,80,44043,153,1917
120,6,65,00342,80,44043,153,1917
120,6,65,00342,80,44043,153,1917
120,6,65,00342,80,44043,153,1917
120,6,64,99829,80,42383,153,2229
120,6,64,948,80,26563,153,5283
120,6,64,94238,80,24756,153,5625
120,6,64,93164,80,21387,153,6277
120,6,64,92603,80,19629,153,6615
120,6,64,91821,80,17139,153,7096
120,6,64,91821,80,17139,153,7096
120,6,64,91821,80,17139,153,7096
120,6,64,91821,80,17139,153,7096
120,6,64,91821,80,17139,153,7096
120,6,64,91821,80,17139,153,7096
120,6,64,91821,80,17139,153,7096
120,6,64,91821,80,17139,153,7096
120,6,64,91821,80,17139,153,7096
120,6,64,91821,80,17139,153,7096
120,6,64,91821,80,17139,153,7096
120,6,64,91821,80,17139,153,7096
120,6,64,91821,80,17139,153,7096
120,6,64,91821,80,17139,153,7096
120,6,64,91821,80,17139,153,7096
120,6,64,91235,80,15576,153,7465
120,6,64,90649,80,14063,153,783
120,6,64,89966,80,12207,153,8267
120,6,64,88794,80,09131,153,8987
120,6,64,88208,80,07568,153,9364
120,6,64,88208,80,07568,153,9364
120,6,64,88208,80,07568,153,9364
120,6,64,88208,80,07568,153,9364
120,6,64,88208,80,07568,153,9364
120,6,64,87622,80,06006,153,9729
120,6,64,82593,79,92676,154,2881
120,6,64,82031,79,91162,154,324
120,6,64,80908,79,88184,154,3947
120,6,64,80298,79,86621,154,4316
120,6,64,79199,79,83691,154,501
120,6,64,7854,79,81982,154,5422
120,6,64,77417,79,79004,154,6124
120,6,64,76855,79,7749,154,6481
120,6,64,75684,79,74365,154,7217
120,6,64,75684,79,74365,154,7217
120,6,64,75684,79,74365,154,7217
120,6,64,75684,79,74365,154,7217
120,6,64,75684,79,74365,154,7217
120,6,64,75098,79,72803,154,7585
120,6,64,70728,79,61279,155,0319
120,6,64,69458,79,5791,155,1113
120,6,64,68848,79,56299,155,1497
120,6,64,67749,79,5332,155,2198
120,6,64,67163,79,51807,155,2561
120,6,64,66089,79,48926,155,3241
120,6,64,65454,79,47266,155,3639
120,6,64,64307,79,44238,155,4347
120,6,64,63696,79,42627,155,473
120,6,64,63159,79,41211,155,5072
120,6,64,63159,79,41211,155,5072
120,6,64,63159,79,41211,155,5072
120,6,64,63159,79,41211,155,5072
120,6,64,63159,79,41211,155,5072
120,6,64,58203,79,28076,155,8181
120,6,64,57544,79,2627,155,8599
120,6,64,56372,79,23193,155,933
120,6,64,55762,79,21582,155,9712
120,6,64,55396,79,19385,156,0317
120,6,64,55322,79,18066,156,072
120,6,64,55225,79,15625,156,1447
120,6,64,55176,79,14307,156,1848
120,6,64,55054,79,11719,156,2631
120,6,64,55005,79,104,156,3018
120,7,64,55005,79,104,156,3018
120,7,64,55005,79,104,156,3018
120,7,64,55005,79,104,156,3018
120,7,64,55005,79,104,156,3018
120,7,64,54956,79,0918,156,3387
120,7,64,54565,78,99707,156,6234
120,7,64,54443,78,96924,156,7083
120,7,64,5437,78,95605,156,7471
120,7,64,54272,78,93213,156,8188
120,7,64,54224,78,91943,156,8577
120,7,64,54126,78,89551,156,9302
120,7,64,54077,78,88184,156,9714
120,7,64,53955,78,85645,157,0472
120,7,64,53906,78,84375,157,0848
120,7,64,53857,78,83203,157,1204
120,7,64,53857,78,83203,157,1204
120,7,64,53857,78,83203,157,1204
120,7,64,53857,78,83203,157,1204
120,7,64,53857,78,83203,157,1204
120,7,64,53394,78,72461,157,4445
120,7,64,5332,78,70801,157,4933
120,7,64,53247,78,68506,157,5624
120,7,64,53174,78,67139,157,6041
120,7,64,53076,78,64697,157,6779
120,7,64,53027,78,63477,157,7145
120,7,64,52905,78,60938,157,7904
120,7,64,52856,78,59717,157,8273
120,7,64,52759,78,57178,157,9036
120,7,64,52734,78,56689,157,9183
120,7,64,52734,78,56689,157,9183
120,7,64,52734,78,56689,157,9183
120,7,64,52734,78,56689,157,9183
120,7,64,52734,78,56689,157,9183
120,7,64,52563,78,55957,157,9561
120,7,64,51294,78,50195,158,2501
120,7,64,50903,78,48389,158,3418
120,7,64,50732,78,47656,158,3801
120,7,64,50366,78,45996,158,4634
120,7,64,50195,78,45215,158,5038
120,7,64,49878,78,4375,158,5791
120,7,64,49707,78,4292,158,6205
120,7,64,49365,78,41406,158,6973
120,7,64,49194,78,40674,158,7361
120,7,64,49023,78,39893,158,7751
120,7,64,49023,78,39893,158,7751
120,7,64,49023,78,39893,158,7751
120,7,64,49023,78,39893,158,7751
120,7,64,49023,78,39893,158,7751
120,7,64,47583,78,3335,159,1083
120,7,64,47388,78,32422,159,1545
120,7,64,47046,78,30957,159,2301
120,7,64,46875,78,30176,159,2709
120,7,64,46533,78,28662,159,3486
120,7,64,46362,78,27881,159,3882
120,7,64,46045,78,26416,159,4613
120,7,64,45874,78,25635,159,5017
120,7,64,45508,78,23975,159,5867
120,7,64,45337,78,23193,159,6261
120,7,64,45337,78,23193,159,6261
120,7,64,45337,78,23193,159,6261
120,7,64,45337,78,23193,159,6261
120,7,64,45337,78,23193,159,6261
120,7,64,45166,78,22412,159,6655
120,7,64,43896,78,1665,159,9597
120,7,64,43506,78,14893,160,0503
120,7,64,43335,78,14063,160,0925
120,7,64,42969,78,125,160,1725
120,7,64,42798,78,11621,160,2161
120,7,64,42456,78,10107,160,2947
120,7,64,42261,78,0918,160,3398
120,7,64,4209,78,08496,160,3757
120,7,64,41724,78,06787,160,4633
120,7,64,41528,78,05908,160,5073
120,7,64,41528,78,05908,160,5073
120,7,64,41528,78,05908,160,5073
120,7,64,41528,78,05908,160,5073
120,7,64,41528,78,05908,160,5073
120,7,64,41357,78,05176,160,5452
120,7,64,40088,77,99414,160,8392
120,7,64,39697,77,97607,160,9314
120,7,64,39502,77,96729,160,9755
120,7,64,3916,77,95166,161,0548
120,7,64,38989,77,94336,161,0966
120,7,64,38623,77,92773,161,177
120,7,64,38452,77,91992,161,2181
120,7,64,38257,77,91113,161,2617
120,7,64,38037,77,90088,161,3143
120,7,64,38062,77,89746,161,355
120,7,64,38062,77,89746,161,355
120,7,64,38062,77,89746,161,355
120,7,64,38062,77,89746,161,355
120,7,64,38062,77,89746,161,355
120,7,64,3811,77,89404,161,3954
120,7,64,3833,77,86963,161,6943
120,7,64,38403,77,86182,161,7886
120,7,64,38452,77,8584,161,8312
120,7,64,38525,77,85156,161,9177
120,7,64,3855,77,84766,161,9626
120,7,64,38599,77,84424,162,0063
120,7,64,38623,77,84033,162,0537
120,7,64,38696,77,83301,162,1445
120,7,64,38745,77,8291,162,1909
120,7,64,3877,77,82568,162,2324
120,7,64,38794,77,82178,162,2773
120,7,64,38794,77,82178,162,2773
120,8,64,38794,77,82178,162,2773
120,8,64,38794,77,82178,162,2773
120,8,64,38794,77,82178,162,2773
120,8,64,39087,77,79346,162,6248
120,8,64,39111,77,78906,162,6752
120,8,64,3916,77,78516,162,7228
120,8,64,39209,77,78125,162,7726
120,8,64,39282,77,77344,162,8661
120,8,64,39307,77,77002,162,9121
120,8,64,39355,77,76611,162,957
120,8,64,3938,77,76221,163,0043
120,8,64,39453,77,75439,163,1018
120,8,64,39502,77,75049,163,1494
120,8,64,39526,77,74658,163,1957
120,8,64,39575,77,74268,163,2432
120,8,64,39575,77,74268,163,2432
120,8,64,39575,77,74268,163,2432
120,8,64,39575,77,74268,163,2432
120,8,64,39575,77,74268,163,2432
120,8,64,39624,77,73877,163,291
120,8,64,39844,77,71436,163,59
120,8,64,39941,77,70459,163,7042
120,8,64,3999,77,70068,163,757
120,8,64,40015,77,69678,163,8027
120,8,64,40063,77,69238,163,8535
120,8,64,40112,77,68799,163,9091
120,8,64,40137,77,68408,163,9594
120,8,64,40234,77,67529,164,0657
120,8,64,40259,77,6709,164,1151
120,8,64,40308,77,66699,164,1642
120,8,64,40356,77,66309,164,2147
120,8,64,40381,77,65869,164,2678
120,8,64,40381,77,65869,164,2678
120,8,64,40381,77,65869,164,2678
120,8,64,40381,77,65869,164,2678
120,8,64,40381,77,65869,164,2678
120,8,64,4043,77,65479,164,3169
120,8,64,40674,77,62988,164,6158
120,8,64,40723,77,625,164,6752
120,8,64,40747,77,62061,164,7283
120,8,64,40845,77,61182,164,8383
120,8,64,40894,77,60742,164,8918
120,8,64,40942,77,60303,164,9425
120,8,64,40967,77,59863,164,9968
120,8,64,41016,77,59424,165,0498
120,8,64,41064,77,59033,165,1025
120,8,64,41089,77,58691,165,1415
120,8,64,4126,77,58594,165,1947
120,8,64,41455,77,58496,165,2505
120,8,64,4165,77,58398,165,3085
120,8,64,4165,77,58398,165,3085
120,8,64,4165,77,58398,165,3085
120,8,64,4165,77,58398,165,3085
120,8,64,4165,77,58398,165,3085
120,8,64,41846,77,58301,165,3636
120,8,64,43066,77,57715,165,7213
120,8,64,43237,77,57617,165,7747
120,8,64,43433,77,57568,165,8274
120,8,64,43604,77,57471,165,8817
120,8,64,43799,77,57373,165,9362
120,8,64,4397,77,57275,165,9893
120,8,64,44165,77,57178,166,0439
120,8,64,44336,77,57129,166,0961
120,8,64,44531,77,56982,166,1565
120,8,64,44727,77,56934,166,2144
120,8,64,44946,77,56836,166,2725
120,8,64,45313,77,56641,166,3812
120,8,64,45313,77,56641,166,3812
120,8,64,45313,77,56641,166,3812
120,8,64,45313,77,56641,166,3812
120,8,64,45313,77,56641,166,3812
120,8,64,45483,77,56543,166,4363
120,8,64,46509,77,56055,166,7361
120,8,64,46729,77,55957,166,7991
120,8,64,46924,77,55859,166,8564
120,8,64,47095,77,55762,166,9105
120,8,64,47314,77,55664,166,9703
120,8,64,47485,77,55566,167,0259
120,8,64,47705,77,55469,167,0841
120,8,64,47876,77,55371,167,1378
120,8,64,48071,77,55273,167,1979
120,8,64,48267,77,55176,167,2542
120,8,64,48462,77,55078,167,3124
120,8,64,48682,77,5498,167,3733
120,8,64,48853,77,54883,167,4276
120,8,64,49072,77,54785,167,4866
120,8,64,49072,77,54785,167,4866
120,8,64,49072,77,54785,167,4866
120,8,64,49072,77,54785,167,4866
120,8,64,49072,77,54785,167,4866
120,8,64,49268,77,54688,167,5481
120,8,64,50293,77,54199,167,8479
120,8,64,50513,77,54102,167,9141
120,8,64,50732,77,54004,167,9739
120,8,64,50928,77,53906,168,0342
120,8,64,51147,77,5376,168,0955
120,8,64,51343,77,53662,168,1578
120,8,64,51563,77,53564,168,2181
120,8,64,51782,77,53467,168,2822
120,8,64,51978,77,53369,168,3414
120,8,64,52222,77,53271,168,4126
120,9,64,52222,77,53271,168,4126
120,9,64,52417,77,53174,168,4739
120,9,64,52637,77,53027,168,5389
120,9,64,52856,77,5293,168,6046
120,9,64,53076,77,52832,168,668
120,9,64,53076,77,52832,168,668
120,9,64,53076,77,52832,168,668
120,9,64,53076,77,52832,168,668
120,9,64,53076,77,52832,168,668
120,9,64,5332,77,52734,168,7368
120,9,64,54346,77,52197,169,0365
120,9,64,5459,77,521,169,1094
120,9,64,5481,77,52002,169,1738
120,9,64,54883,77,51953,169,1971
120,9,64,55298,77,521,169,2625
120,9,64,55298,77,521,169,2625
120,9,64,55688,77,52246,169,3267
120,9,64,56128,77,52393,169,3934
120,9,64,56567,77,52588,169,4634
120,9,64,57007,77,52734,169,5319
120,9,64,57397,77,52881,169,5946
120,9,64,57837,77,53027,169,6631
120,9,64,58228,77,53174,169,7279
120,9,64,58667,77,5332,169,7952
120,9,64,59106,77,53516,169,8643
120,9,64,59106,77,53516,169,8643
120,9,64,59106,77,53516,169,8643
120,9,64,59106,77,53516,169,8643
120,9,64,59106,77,53516,169,8643
120,9,64,59497,77,53662,169,9281
120,9,64,59497,77,53662,169,9281
120,9,64,61401,77,54346,170,2274
120,9,64,61865,77,54541,170,3038
120,9,64,62329,77,54688,170,3751
120,9,64,62769,77,54834,170,4465
120,9,64,62769,77,54834,170,4465
120,9,64,63257,77,55029,170,5212
120,9,64,63696,77,55176,170,5934
120,9,64,6416,77,55371,170,6661
120,9,64,646,77,55518,170,7356
120,9,64,65039,77,55664,170,8058
120,9,64,65503,77,55859,170,8772
120,9,64,65503,77,55859,170,8772
120,9,64,65918,77,56006,170,9421
120,9,64,66382,77,56152,171,0164
120,9,64,6687,77,56348,171,0923
120,9,64,6731,77,56494,171,163
120,9,64,6731,77,56494,171,163
120,9,64,6731,77,56494,171,163
120,9,64,6731,77,56494,171,163
120,9,64,6731,77,56494,171,163
120,9,64,67725,77,56689,171,2305
120,9,64,67725,77,56689,171,2305
120,9,64,69629,77,57373,171,5298
120,9,64,70117,77,5752,171,6075
120,9,64,70581,77,57715,171,6801
120,9,64,71069,77,5791,171,7567
120,9,64,71069,77,5791,171,7567
120,9,64,71484,77,58057,171,8257
120,9,64,71997,77,58252,171,9049
120,9,64,72437,77,58398,171,9749
120,9,64,72876,77,58545,172,0459
120,9,64,7334,77,5874,172,1189
120,9,64,7334,77,5874,172,1189
120,9,64,73804,77,58887,172,1897
120,9,64,74292,77,59082,172,2688
120,9,64,74854,77,59277,172,3579
120,9,64,74854,77,59277,172,3579
120,9,64,75366,77,59473,172,4392
120,9,64,75854,77,59668,172,5154
120,9,64,75854,77,59668,172,5154
120,9,64,75854,77,59668,172,5154
120,9,64,75854,77,59668,172,5154
120,9,64,75854,77,59668,172,5154
120,9,64,76318,77,59814,172,5887
120,9,64,78198,77,60498,172,8881
120,9,64,78711,77,60693,172,9692
120,9,64,78711,77,60693,172,9692
120,9,64,79175,77,60889,173,04
120,9,64,79639,77,61035,173,1135
120,9,64,80078,77,61182,173,1862
120,9,64,80078,77,61182,173,1862
120,9,64,80615,77,61377,173,2693
120,9,64,81177,77,61621,173,3593
120,9,64,81689,77,61816,173,4406
120,9,64,81689,77,61816,173,4406
120,9,64,82202,77,61963,173,5195
120,9,64,8269,77,62158,173,5973
120,9,64,8269,77,62158,173,5977
120,9,64,8269,77,62158,173,5977
120,9,64,83447,77,62549,173,6731
120,9,64,84204,77,62939,173,7478
120,9,64,84937,77,6333,173,8208
120,9,64,84937,77,6333,173,8208
120,9,64,84937,77,6333,173,8208
120,9,64,84937,77,6333,173,8208
120,9,64,84937,77,6333,173,8208
120,9,64,85645,77,63672,173,8934
120,9,64,88647,77,65234,174,1915
120,9,64,88647,77,65234,174,1915
120,9,64,89429,77,65625,174,2717
120,9,64,90186,77,66016,174,347
120,9,64,90918,77,66406,174,4202
120,9,64,90918,77,66406,174,4202
120,9,64,91797,77,66846,174,5074
120,9,64,92554,77,67236,174,582
120,9,64,93335,77,67627,174,6597
120,9,64,94067,77,68018,174,7327
120,9,64,94067,77,68018,174,7327
120,9,64,94824,77,68408,174,8092
120,9,64,95581,77,68799,174,8853
120,9,64,96338,77,69189,174,9617
120,9,64,9707,77,6958,175,0334
120,9,64,9707,77,6958,175,0334
120,9,64,97827,77,69971,175,1085
120,9,64,98584,77,70313,175,1842
120,9,64,98584,77,70313,175,1842
120,9,64,98584,77,70313,175,1842
120,9,64,98584,77,70313,175,1842
120,9,64,98584,77,70313,175,1842
120,9,64,99365,77,70752,175,2633
120,9,65,02344,77,72266,175,5614
120,9,65,02344,77,72266,175,5614
120,9,65,03174,77,72705,175,644
120,9,65,03931,77,73096,175,7186
120,9,65,04736,77,73535,175,8002
120,9,65,04736,77,73535,175,8002
120,9,65,05518,77,73926,175,8772
120,9,65,06323,77,74316,175,9568
120,9,65,07056,77,74707,176,0309
120,9,65,07788,77,75098,176,104
120,9,65,07788,77,75098,176,104
120,9,65,08521,77,75439,176,1764
120,9,65,09253,77,7583,176,251
120,9,65,09985,77,76221,176,3242
120,9,65,10693,77,76563,176,395
120,9,65,10693,77,76563,176,395
120,9,65,11475,77,76953,176,4723
120,9,65,12256,77,77393,176,5508
120,9,65,12256,77,77393,176,5508
120,9,65,12256,77,77393,176,5508
120,9,65,12256,77,77393,176,5508
120,9,65,12256,77,77393,176,5508
120,9,65,13037,77,77783,176,6277
120,9,65,16016,77,79297,176,9258
120,9,65,16821,77,79736,177,0065
120,9,65,16821,77,79736,177,0065
120,9,65,17554,77,80078,177,0781
120,9,65,18286,77,80469,177,1527
120,9,65,19067,77,80908,177,2314
120,9,65,198,77,8125,177,3043
120,9,65,198,77,8125,177,3043
120,9,65,20557,77,81641,177,3794
120,9,65,2124,77,82031,177,4481
120,9,65,22021,77,82422,177,5256
120,9,65,22705,77,82764,177,5948
120,9,65,22705,77,82764,177,5948
120,9,65,23096,77,82959,177,6327
120,9,65,23096,77,82959,177,6327
120,9,65,23096,77,82959,177,6327
120,9,65,23096,77,82959,177,6327
120,9,65,23096,77,82959,177,6327
120,9,65,23096,77,82959,177,6327
120,9,65,23096,77,82959,177,6327
120,9,65,23096,77,82959,177,6327
120,9,65,23096,77,82959,177,6327
120,9,65,23096,77,82959,177,6327
120,9,65,23096,77,82959,177,6327
120,9,65,23096,77,82959,177,6327
120,9,65,23096,77,82959,177,6327
120,9,65,23096,77,82959,177,6327
120,9,65,23096,77,82959,177,6327
120,9,65,23096,77,82959,177,6327
120,9,65,23096,77,82959,177,6327
120,9,65,23096,77,82959,177,6327
120,9,65,23096,77,82959,177,6327
120,9,65,23096,77,82959,177,6327
120,9,65,23096,77,82959,177,6327
120,9,65,23096,77,82959,177,6327
120,9,65,23096,77,82959,177,6327
120,9,65,23096,77,82959,177,6327
120,9,65,23096,77,82959,177,6327
120,9,65,23096,77,82959,177,6327
120,9,65,23096,77,82959,177,6327
120,9,65,23096,77,82959,177,6327
120,9,65,23096,77,82959,177,6327
120,9,65,23096,77,82959,177,6327
120,9,65,23096,77,82959,177,6327
120,9,65,23096,77,82959,177,6327
120,9,65,23096,77,82959,177,6327
120,9,65,23096,77,82959,177,6327
120,9,65,23096,77,82959,177,6327
120,9,65,23096,77,82959,177,6327
120,9,65,23096,77,82959,177,6327
120,9,65,23096,77,82959,177,6327
120,9,65,23096,77,82959,177,6327
120,9,65,23096,77,82959,177,6327
120,9,65,23096,77,82959,177,6327
120,9,65,23096,77,82959,177,6327
120,9,65,23096,77,82959,177,6327
120,9,65,23096,77,82959,177,6327
120,9,65,23096,77,82959,177,6327
120,9,65,23096,77,82959,177,6327
120,9,65,23096,77,82959,177,6327
120,9,65,23096,77,82959,177,6327
120,9,65,23096,77,82959,177,6327
120,9,65,23096,77,82959,177,6327
120,9,65,23096,77,82959,177,6327
120,9,65,23096,77,82959,177,6327
120,9,65,23096,77,82959,177,6327
120,9,65,23096,77,82959,177,6327
120,9,65,23096,77,82959,177,6327
120,9,65,23096,77,82959,177,6327
120,9,65,23096,77,82959,177,6327
120,9,65,23096,77,82959,177,6327
120,9,65,23096,77,82959,177,6327
120,9,65,23096,77,82959,177,6327
120,9,65,23096,77,82959,177,6327
120,9,65,23096,77,82959,177,6327
120,9,65,23096,77,82959,177,6327
120,9,65,23096,77,82959,177,6327
120,9,65,23096,77,82959,177,6327
120,9,65,23096,77,82959,177,6327
120,9,65,23096,77,82959,177,6327
120,9,65,23096,77,82959,177,6327
120,9,65,23096,77,82959,177,6327
120,9,65,23096,77,82959,177,6327
120,9,65,23096,77,82959,177,6327
120,9,65,23096,77,82959,177,6327
120,9,65,23096,77,82959,177,6327
120,9,65,23096,77,82959,177,6327
120,9,65,23096,77,82959,177,6327
120,9,65,23096,77,82959,177,6327
120,9,65,23096,77,82959,177,6327
120,9,65,23096,77,82959,177,6327
120,9,65,23096,77,82959,177,6327
120,9,65,23096,77,82959,177,6327
120,9,65,23096,77,82959,177,6327
120,9,65,23096,77,82959,177,6327
120,9,65,23096,77,82959,177,6327
120,9,65,23096,77,82959,177,6327
120,9,65,23096,77,82959,177,6327
120,9,65,23096,77,82959,177,6327
120,9,65,23096,77,82959,177,6327
120,9,65,23096,77,82959,177,6327
120,9,65,23096,77,82959,177,6327
120,9,65,23096,77,82959,177,6327
120,9,65,23096,77,82959,177,6327
120,9,65,23096,77,82959,177,6327
120,9,65,23096,77,82959,177,6327
120,9,65,23096,77,82959,177,6327
120,9,65,23096,77,82959,177,6327
120,9,65,23096,77,82959,177,6327
120,9,65,23096,77,82959,177,6327
120,9,65,23096,77,82959,177,6327
120,9,65,23096,77,82959,177,6327
120,9,65,23096,77,82959,177,6327
120,9,65,23096,77,82959,177,6327
120,9,65,23096,77,82959,177,6327
120,9,65,23096,77,82959,177,6327
120,9,65,23096,77,82959,177,6327
120,9,65,23096,77,82959,177,6327
120,9,65,23096,77,82959,177,6327
120,9,65,23096,77,82959,177,6327
120,9,65,23096,77,82959,177,6327
120,9,65,23096,77,82959,177,6327
120,9,65,23096,77,82959,177,6327
120,9,65,23096,77,82959,177,6327
120,9,65,23096,77,82959,177,6327
120,9,65,23096,77,82959,177,6327
120,9,65,23096,77,82959,177,6327
120,9,65,23096,77,82959,177,6327
120,9,65,23096,77,82959,177,6327
120,9,65,23096,77,82959,177,6327
120,10,65,23096,77,82959,177,6327
120,10,65,23096,77,82959,177,6327
120,10,65,23096,77,82959,177,6327
120,10,65,23096,77,82959,177,6327
120,10,65,23096,77,82959,177,6327
120,10,65,23096,77,82959,177,6327
120,10,65,23096,77,82959,177,6327
120,10,65,2395,77,83447,177,709
120,10,65,27319,77,854,178,0065
120,10,65,28296,77,85986,178,092
120,10,65,2915,77,86475,178,1677
120,10,65,2915,77,86475,178,1677
120,10,65,2998,77,86963,178,2408
120,10,65,30884,77,875,178,3212
120,10,65,31689,77,87939,178,3932
120,10,65,3252,77,88428,178,4669
120,10,65,3252,77,88428,178,4669
120,10,65,33325,77,88916,178,5378
120,10,65,3418,77,89404,178,6136
120,10,65,35059,77,89893,178,6906
120,10,65,35059,77,89893,178,6906
120,10,65,35864,77,90381,178,7625
120,10,65,36719,77,90869,178,837
120,10,65,37573,77,91357,178,9132
120,10,65,38403,77,91846,178,9856
120,10,65,38403,77,91846,178,9856
120,10,65,38403,77,91846,178,9856
120,10,65,38403,77,91846,178,9856
120,10,65,38403,77,91846,178,9856
120,10,65,39258,77,92334,179,062
120,10,65,39258,77,92334,179,062
120,10,65,42627,77,94287,179,3595
120,10,65,43555,77,94824,179,4417
120,10,65,44409,77,95313,179,5173
120,10,65,45239,77,95801,179,5907
120,10,65,45239,77,95801,179,5907
120,10,65,46069,77,96289,179,6631
120,10,65,46875,77,96777,179,7362
120,10,65,47729,77,97266,179,8103
120,10,65,4856,77,97754,179,8845
120,10,65,4856,77,97754,179,8845
120,10,65,49365,77,98193,179,9565
120,10,65,50244,77,9873,180,0323
120,10,65,51099,77,99219,180,1079
120,10,65,51904,77,99658,180,1807
120,10,65,51904,77,99658,180,1807
120,10,65,52734,78,00146,180,2542
120,10,65,5354,78,00635,180,3257
120,10,65,5354,78,00635,180,3257
120,10,65,5354,78,00635,180,3257
120,10,65,5354,78,00635,180,3257
120,10,65,5354,78,00635,180,3257
120,10,65,54419,78,01123,180,4017
120,10,65,57764,78,03076,180,6992
120,10,65,58667,78,03613,180,7781
120,10,65,59448,78,04053,180,8461
120,10,65,59448,78,04053,180,8461
120,10,65,60229,78,04492,180,9171
120,10,65,61084,78,0498,180,991
120,10,65,6189,78,05469,181,0623
120,10,65,62695,78,05957,181,1344
120,10,65,62695,78,05957,181,1344
120,10,65,63525,78,06396,181,2069
120,10,65,64331,78,06885,181,2791
120,10,65,65137,78,07373,181,3492
120,10,65,65918,78,07813,181,4193
120,10,65,66748,78,08301,181,4916
120,10,65,66748,78,08301,181,4916
120,10,65,67603,78,08789,181,5687
120,10,65,67773,78,08887,181,5833
120,10,65,67773,78,08887,181,5833
120,10,65,67773,78,08887,181,5833
120,10,65,67773,78,08887,181,5833
120,10,65,67773,78,08887,181,5833
120,10,65,68994,78,09424,181,6548
120,10,65,73999,78,11523,181,9498
120,10,65,75293,78,12061,182,025
120,10,65,75293,78,12061,182,025
120,10,65,76489,78,12598,182,0957
120,10,65,78174,78,1333,182,1951
120,10,65,79419,78,13818,182,2682
120,10,65,80591,78,14355,182,3373
120,10,65,80591,78,14355,182,3373
120,10,65,81763,78,14844,182,4061
120,10,65,82983,78,15332,182,4773
120,10,65,84302,78,15918,182,5553
120,10,65,85474,78,16406,182,6241
120,10,65,86621,78,16895,182,6923
120,10,65,86621,78,16895,182,6923
120,10,65,87793,78,17383,182,7612
120,10,65,8894,78,17871,182,828
120,10,65,90161,78,18408,182,8997
120,10,65,90161,78,18408,182,8997
120,10,65,90161,78,18408,182,8997
120,10,65,90161,78,18408,182,8997
120,10,65,90161,78,18408,182,8997
120,10,65,91333,78,18896,182,9691
120,10,65,96362,78,21045,183,2642
120,11,65,97681,78,21582,183,3428
120,11,65,97681,78,21582,183,3428
120,11,65,98853,78,22119,183,4109
120,11,65,99951,78,22559,183,4758
120,11,66,01172,78,23096,183,5476
120,11,66,02393,78,23584,183,6198
120,11,66,03589,78,24121,183,6898
120,11,66,03589,78,24121,183,6898
120,11,66,04688,78,24561,183,7549
120,11,66,05908,78,25098,183,8258
120,11,66,07129,78,25635,183,8983
120,11,66,08325,78,26123,183,968
120,11,66,09424,78,26611,184,0327
120,11,66,10571,78,271,184,1006
120,11,66,10571,78,271,184,1006
120,11,66,11743,78,27588,184,1702
120,11,66,11743,78,27588,184,1702
120,11,66,11743,78,27588,184,1702
120,11,66,11743,78,27588,184,1702
120,11,66,11743,78,27588,184,1702
120,11,66,12915,78,28076,184,2385
120,11,66,1792,78,30225,184,5334
120,11,66,19165,78,30713,184,6057
120,11,66,20313,78,31201,184,6733
120,11,66,21411,78,31689,184,738
120,11,66,21411,78,31689,184,7382
120,11,66,23438,78,32178,184,8049
120,11,66,23438,78,32178,184,8049
120,11,66,25391,78,32617,184,87
120,11,66,27368,78,33105,184,9348
120,11,66,29443,78,33594,185,0037
120,11,66,31494,78,34082,185,0713
120,11,66,33423,78,34521,185,1345
120,11,66,35352,78,3501,185,1984
120,11,66,37207,78,35449,185,26
120,11,66,37207,78,35449,185,26
120,11,66,39185,78,35938,185,3254
120,11,66,39185,78,35938,185,3254
120,11,66,39185,78,35938,185,3254
120,11,66,39185,78,35938,185,3254
120,11,66,39185,78,35938,185,3254
120,11,66,41187,78,36377,185,3916
120,11,66,49878,78,38477,185,6781
120,11,66,51953,78,38965,185,7466
120,11,66,53955,78,39453,185,813
120,11,66,55786,78,39844,185,8733
120,11,66,57788,78,40332,185,9395
120,11,66,59619,78,40771,185,9996
120,11,66,61426,78,41211,186,0598
120,11,66,63354,78,4165,186,1235
120,11,66,65234,78,4209,186,1851
120,11,66,65234,78,4209,186,1851
120,11,66,67114,78,42578,186,2472
120,11,66,6897,78,43018,186,3088
120,11,66,7085,78,43457,186,371
120,11,66,72705,78,43896,186,4325
120,11,66,74561,78,44336,186,4934
120,11,66,74561,78,44336,186,4934
120,11,66,74561,78,44336,186,4934
120,11,66,74561,78,44336,186,4934
120,11,66,74561,78,44336,186,4934
120,11,66,76416,78,44775,186,5549
120,11,66,85107,78,46826,186,8414
120,11,66,87109,78,47314,186,9076
120,11,66,88892,78,47754,186,9663
120,11,66,90698,78,48193,187,0264
120,11,66,92358,78,48584,187,0815
120,11,66,94238,78,49023,187,1436
120,11,66,96143,78,49463,187,2058
120,11,66,97852,78,49854,187,2625
120,11,66,99609,78,50293,187,3203
120,11,67,0144,78,50732,187,3807
120,11,67,03149,78,51123,187,4377
120,11,67,04956,78,51563,187,4976
120,11,67,06714,78,52002,187,5557
120,11,67,08472,78,52393,187,6133
120,11,67,08472,78,52393,187,6133
120,11,67,08472,78,52393,187,6133
120,11,67,08472,78,52393,187,6133
120,11,67,08472,78,52393,187,6133
120,11,67,10254,78,52832,187,6721
120,11,67,10254,78,52832,187,6721
120,11,67,18921,78,54883,187,9585
120,11,67,20923,78,55371,188,0245
120,11,67,22729,78,55811,188,0841
120,11,67,26123,78,56592,188,1964
120,11,67,27759,78,56982,188,2505
120,11,67,29346,78,57373,188,3025
120,11,67,30176,78,57568,188,3301
120,11,67,32764,78,57959,188,3834
120,11,67,35181,78,5835,188,4332
120,11,67,3772,78,5874,188,4855
120,11,67,4021,78,59131,188,5365
120,11,67,42749,78,5957,188,5889
120,11,67,45288,78,59961,188,6411
120,11,67,45288,78,59961,188,6411
120,11,67,45288,78,59961,188,6411
120,11,67,45288,78,59961,188,6411
120,11,67,45288,78,59961,188,6411
120,11,67,47827,78,60352,188,6937
120,11,67,60913,78,62402,188,9629
120,11,67,63623,78,62842,189,0192
120,11,67,6604,78,63232,189,069
120,11,67,68579,78,63623,189,1208
120,11,67,71143,78,64014,189,1738
120,11,67,7356,78,64404,189,2236
120,11,67,7583,78,64795,189,2706
120,11,67,78247,78,65137,189,3201
120,11,67,81665,78,65674,189,3907
120,11,67,84302,78,66113,189,4447
120,11,67,86694,78,66504,189,494
120,11,67,89282,78,66895,189,5475
120,12,67,92017,78,67334,189,6041
120,12,67,94336,78,67676,189,6519
120,12,67,94336,78,67676,189,6519
120,12,67,94336,78,67676,189,6519
120,12,67,94336,78,67676,189,6519
120,12,67,94336,78,67676,189,6519
120,12,67,96655,78,68066,189,6995
120,12,68,09717,78,70117,189,9688
120,12,68,14478,78,7085,190,0664
120,12,68,16699,78,7124,190,1121
120,12,68,18774,78,71533,190,1552
120,12,68,21069,78,71924,190,2025
120,12,68,23242,78,72266,190,2471
120,12,68,27466,78,729,190,3342
120,12,68,29712,78,73291,190,3805
120,12,68,31812,78,73584,190,4238
120,12,68,33984,78,73926,190,4681
120,12,68,38086,78,74609,190,5529
120,12,68,38086,78,74609,190,5529
120,12,68,38086,78,74609,190,5529
120,12,68,38086,78,74609,190,5529
120,12,68,38086,78,74609,190,5529
120,12,68,4021,78,74951,190,5966
120,12,68,53271,78,77002,190,8658
120,12,68,55786,78,77393,190,9175
120,12,68,56763,78,77539,190,9375
120,12,68,59888,78,78027,190,9738
120,12,68,66162,78,78955,191,0464
120,12,68,69092,78,79395,191,0802
120,12,68,72144,78,79834,191,1156
120,12,68,78027,78,80713,191,1836
120,12,68,80933,78,81152,191,2173
120,12,68,84229,78,81641,191,2555
120,12,68,87329,78,82129,191,2915
120,12,68,90894,78,82617,191,3325
120,12,68,90894,78,82617,191,3325
120,12,68,90894,78,82617,191,3325
120,12,68,90894,78,82617,191,3325
120,12,68,90894,78,82617,191,3325
120,12,68,93726,78,83057,191,3654
120,12,69,1665,78,86475,191,6309
120,12,69,19482,78,86914,191,6636
120,12,69,24854,78,87695,191,7257
120,12,69,27686,78,88135,191,7587
120,12,69,33105,78,88965,191,8213
120,12,69,36084,78,89404,191,8557
120,12,69,38745,78,89795,191,8866
120,12,69,44507,78,90625,191,9532
120,12,69,47437,78,91064,191,9872
120,12,69,49976,78,91455,192,0167
120,12,69,49976,78,91455,192,0167
120,12,69,49976,78,91455,192,0167
120,12,69,49976,78,91455,192,0167
120,12,69,49976,78,91455,192,0167
120,12,69,52905,78,91895,192,0505
120,12,69,75586,78,95313,192,313
120,12,69,78174,78,95703,192,343
120,12,69,83398,78,96484,192,4036
120,12,69,86304,78,96875,192,4373
120,12,69,91602,78,97705,192,4987
120,12,69,94263,78,98096,192,5293
120,12,69,99316,78,98828,192,588
120,12,70,01953,78,99219,192,6183
120,12,70,07349,79,00049,192,6809
120,12,70,07349,79,00049,192,6809
120,12,70,07349,79,00049,192,6809
120,12,70,07349,79,00049,192,6809
120,12,70,07349,79,00049,192,6809
120,12,70,10229,79,00488,192,7141
120,12,70,29736,79,03369,192,9401
120,12,70,32715,79,03809,192,9745
120,12,70,38159,79,04639,193,0375
120,12,70,41089,79,05078,193,0714
120,12,70,46338,79,05859,193,1323
120,12,70,48975,79,0625,193,1628
120,12,70,53369,79,06934,193,2061
120,12,70,56567,79,07422,193,2345
120,12,70,62817,79,08398,193,29
120,12,70,65649,79,08838,193,3152
120,12,70,65649,79,08838,193,3152
120,12,70,65649,79,08838,193,3152
120,12,70,65649,79,08838,193,3152
120,12,70,65649,79,08838,193,3152
120,12,70,68774,79,09326,193,3429
120,12,70,9104,79,12793,193,5409
120,12,70,97656,79,13867,193,5999
120,12,71,0061,79,14307,193,6261
120,12,71,06396,79,15234,193,6775
120,12,71,09302,79,15674,193,7032
120,12,71,15332,79,16602,193,757
120,12,71,18408,79,1709,193,7843
120,12,71,21533,79,17578,193,812
120,12,71,28711,79,18701,193,876
120,12,71,32617,79,19287,193,9106
120,13,71,32617,79,19287,193,9106
120,13,71,32617,79,19287,193,9106
120,13,71,32617,79,19287,193,9106
120,13,71,32617,79,19287,193,9106
120,13,71,35498,79,19775,193,9363
120,13,71,57788,79,23242,194,1343
120,13,71,64331,79,24268,194,1926
120,13,71,67358,79,24707,194,2194
120,13,71,70264,79,25195,194,2451
120,13,71,73755,79,25732,194,2762
120,13,71,81958,79,27002,194,3491
120,13,71,85083,79,2749,194,3771
120,13,71,90991,79,28418,194,4296
120,13,71,9397,79,28906,194,4559
120,13,71,99951,79,29834,194,509
120,13,71,99951,79,29834,194,509
120,13,71,99951,79,29834,194,509
120,13,71,99951,79,29834,194,509
120,13,71,99951,79,29834,194,509
120,13,72,02759,79,30273,194,5342
120,13,72,24463,79,33643,194,7271
120,13,72,28735,79,34277,194,7559
120,13,72,36108,79,354,194,8055
120,13,72,40063,79,36035,194,8323
120,13,72,43677,79,36572,194,8567
120,13,72,51611,79,37793,194,9102
120,13,72,55371,79,38379,194,9355
120,13,72,59302,79,38965,194,9622
120,13,72,65918,79,39941,195,0067
120,13,72,69238,79,40479,195,0291
120,13,72,72754,79,41016,195,0529
120,13,72,72754,79,41016,195,0529
120,13,72,72754,79,41016,195,0529
120,13,72,72754,79,41016,195,0529
120,13,72,72754,79,41016,195,0529
120,13,72,76294,79,41553,195,0768
120,13,73,04956,79,45898,195,2701
120,13,73,08105,79,46387,195,2913
120,13,73,14673,79,47412,195,3357
120,13,73,21265,79,48389,195,38
120,13,73,24512,79,48926,195,402
120,13,73,27881,79,49414,195,4247
120,13,73,34717,79,50439,195,4709
120,13,73,37817,79,50928,195,4918
120,13,73,44287,79,51904,195,5354
120,13,73,44287,79,51904,195,5354
120,13,73,44287,79,51904,195,5354
120,13,73,44287,79,51904,195,5354
120,13,73,44287,79,51904,195,5354
120,13,73,47729,79,52441,195,5587
120,13,73,72412,79,56201,195,7251
120,13,73,7832,79,57129,195,7649
120,13,73,84863,79,58105,195,8092
120,13,73,88281,79,58643,195,8322
120,13,73,94507,79,5957,195,8743
120,13,73,97925,79,60107,195,8972
120,13,74,03931,79,61035,195,9379
120,13,74,07373,79,61523,195,9609
120,13,74,13696,79,625,196,0037
120,13,74,17212,79,63037,196,0273
120,13,74,17212,79,63037,196,0273
120,13,74,17212,79,63037,196,0273
120,13,74,17212,79,63037,196,0273
120,13,74,17212,79,63037,196,0273
120,13,74,2002,79,63477,196,0464
120,13,74,36816,79,66016,196,1527
120,13,74,40576,79,66553,196,1715
120,13,74,47363,79,67578,196,2053
120,13,74,51123,79,68115,196,2241
120,13,74,57983,79,69141,196,2585
120,13,74,61572,79,69678,196,2764
120,13,74,6853,79,70703,196,3112
120,13,74,71924,79,71191,196,3281
120,13,74,79004,79,72217,196,3634
120,13,74,79004,79,72217,196,3634
120,13,74,79004,79,72217,196,3634
120,13,74,79004,79,72217,196,3634
120,13,74,79004,79,72217,196,3634
120,13,74,82813,79,72803,196,3824
120,13,75,09424,79,76709,196,5154
120,13,75,16943,79,77832,196,553
120,13,75,2041,79,7832,196,5703
120,13,75,27441,79,79346,196,6055
120,13,75,31299,79,79932,196,6246
120,13,75,38135,79,80908,196,6589
120,13,75,41455,79,81396,196,6754
120,13,75,48608,79,82471,196,7112
120,13,75,52319,79,83008,196,7297
120,13,75,55688,79,83496,196,7466
120,13,75,55688,79,83496,196,7466
120,13,75,55688,79,83496,196,7466
120,13,75,55688,79,83496,196,7466
120,13,75,55688,79,83496,196,7466
120,13,75,86182,79,87988,196,8988
120,13,75,90137,79,88574,196,9187
120,13,75,97119,79,896,196,9535
120,13,76,0105,79,90186,196,9731
120,13,76,07837,79,91211,197,007
120,14,76,11499,79,91748,197,0254
120,14,76,18848,79,92822,197,062
120,14,76,22437,79,93359,197,08
120,14,76,29517,79,94385,197,1154
120,14,76,33057,79,94922,197,1331
120,14,76,33057,79,94922,197,1331
120,14,76,33057,79,94922,197,1331
120,14,76,33057,79,94922,197,1331
120,14,76,33057,79,94922,197,1331
120,14,76,36646,79,9541,197,151
120,14,76,63257,79,99365,197,2839
120,14,76,70801,80,00439,197,3215
120,14,76,74634,80,01025,197,3408
120,14,76,81714,80,02051,197,3761
120,14,76,84912,80,02539,197,3921
120,14,76,91748,80,03516,197,4247
120,14,76,98657,80,04443,197,4576
120,14,77,02319,80,0498,197,4751
120,14,77,09497,80,05957,197,5093
120,14,77,09497,80,05957,197,5093
120,14,77,09497,80,05957,197,5093
120,14,77,09497,80,05957,197,5093
120,14,77,09497,80,05957,197,5093
120,14,77,12769,80,06445,197,5248
120,14,77,39648,80,10156,197,6528
120,14,77,43579,80,10742,197,6718
120,14,77,50903,80,11768,197,7065
120,14,77,5459,80,12256,197,7241
120,14,77,61548,80,13232,197,7573
120,14,77,65039,80,13721,197,7739
120,14,77,72241,80,14697,197,8082
120,14,77,79004,80,15674,197,8406
120,14,77,82471,80,16162,197,8571
120,14,77,85767,80,16602,197,8727
120,14,77,85767,80,16602,197,8727
120,14,77,85767,80,16602,197,8727
120,14,77,85767,80,16602,197,8727
120,14,77,85767,80,16602,197,8727
120,14,78,16138,80,2085,198,0173
120,14,78,2019,80,21387,198,0369
120,14,78,27368,80,22412,198,071
120,14,78,30688,80,22852,198,0868
120,14,78,37646,80,23828,198,12
120,14,78,41357,80,24365,198,1377
120,14,78,48218,80,25342,198,1703
120,14,78,51855,80,2583,198,1876
120,14,78,58838,80,26807,198,2209
120,14,78,62305,80,27295,198,2375
120,14,78,62305,80,27295,198,2375
120,14,78,62305,80,27295,198,2375
120,14,78,62305,80,27295,198,2375
120,14,78,62305,80,27295,198,2375
120,14,78,65356,80,27734,198,2521
120,14,78,96191,80,32031,198,3989
120,14,79,00098,80,32568,198,4175
120,14,79,06616,80,33447,198,4487
120,14,79,13623,80,34424,198,4819
120,14,79,17139,80,34912,198,4988
120,14,79,24097,80,35889,198,5319
120,14,79,27808,80,36426,198,5496
120,14,79,34888,80,37402,198,5834
120,14,79,3833,80,37891,198,5999
120,14,79,3833,80,37891,198,5999
120,14,79,3833,80,37891,198,5999
120,14,79,3833,80,37891,198,5999
120,14,79,3833,80,37891,198,5999
120,14,79,41699,80,38379,198,6157
120,14,79,72632,80,42676,198,7632
120,14,79,7627,80,43164,198,7805
120,14,79,80103,80,43701,198,7977
120,14,79,8374,80,44189,198,8138
120,14,79,90625,80,45117,198,8445
120,14,79,93945,80,45557,198,8593
120,14,80,01172,80,46533,198,8914
120,14,80,05054,80,4707,198,9086
120,14,80,11914,80,47998,198,9391
120,14,80,11914,80,47998,198,9391
120,14,80,11914,80,47998,198,9391
120,14,80,11914,80,47998,198,9391
120,14,80,11914,80,47998,198,9391
120,14,80,15186,80,48438,198,9536
120,14,80,42383,80,52148,199,0745
120,14,80,50146,80,53174,199,109
120,14,80,53857,80,53662,199,1255
120,14,80,6123,80,54688,199,1582
120,14,80,64844,80,55176,199,1743
120,14,80,71948,80,56152,199,2059
120,14,80,75366,80,56592,199,2211
120,14,80,82617,80,57568,199,2534
120,14,80,86499,80,58105,199,2706
120,14,80,89941,80,58545,199,2859
120,15,80,89941,80,58545,199,2859
120,15,80,89941,80,58545,199,2859
120,15,80,89941,80,58545,199,2859
120,15,80,89941,80,58545,199,2859
120,15,81,20581,80,62695,199,4221
120,15,81,24658,80,63281,199,4402
120,15,81,31421,80,6416,199,4702
120,15,81,35254,80,64697,199,4873
120,15,81,42139,80,65625,199,5179
120,15,81,4917,80,66602,199,5491
120,15,81,52661,80,67041,199,5646
120,15,81,59644,80,68018,199,5957
120,15,81,63062,80,68457,199,6108
120,15,81,66724,80,68945,199,6272
120,15,81,66724,80,68945,199,6272
120,15,81,66724,80,68945,199,6272
120,15,81,66724,80,68945,199,6272
120,15,81,66724,80,68945,199,6272
120,15,81,97363,80,73096,199,7633
120,15,82,01196,80,73633,199,7804
120,15,82,08423,80,74609,199,8125
120,15,82,12354,80,75146,199,83
120,15,82,19214,80,76074,199,8605
120,15,82,22754,80,76563,199,8762
120,15,82,29858,80,7749,199,9077
120,15,82,33472,80,77979,199,9238
120,15,82,40503,80,78955,199,9551
120,15,82,43799,80,79395,199,9697
120,15,82,43799,80,79395,199,9697
120,15,82,43799,80,79395,199,9697
120,15,82,43799,80,79395,199,9697
120,15,82,43799,80,79395,199,9697
120,15,82,47485,80,79883,199,9861
120,15,82,78931,80,84131,200,126
120,15,82,82349,80,84619,200,1411
120,15,82,89404,80,85547,200,1725
120,15,82,95703,80,86426,200,2004
120,15,82,9939,80,86914,200,2169
120,15,83,06445,80,87891,200,2483
120,15,83,09888,80,8833,200,2634
120,15,83,16895,80,89258,200,2947
120,15,83,20386,80,89746,200,3102
120,15,83,20386,80,89746,200,3102
120,15,83,20386,80,89746,200,3102
120,15,83,20386,80,89746,200,3102
120,15,83,20386,80,89746,200,3102
120,15,83,23682,80,90186,200,3247
120,15,83,54761,80,94385,200,463
120,15,83,61572,80,95313,200,4933
120,15,83,6499,80,95801,200,5084
120,15,83,71802,80,96729,200,5387
120,15,83,75269,80,97168,200,5541
120,15,83,79053,80,97705,200,5652
120,15,83,82837,80,98242,200,5759
120,15,83,90039,80,99268,200,5964
120,15,83,93677,80,99756,200,6067
120,15,83,93677,80,99756,200,6067
120,15,83,93677,80,99756,200,6067
120,15,83,93677,80,99756,200,6067
120,15,83,93677,80,99756,200,6067
120,15,83,97485,81,00293,200,6174
120,15,84,30151,81,04883,200,7101
120,15,84,37451,81,05859,200,7307
120,15,84,40991,81,06396,200,7407
120,15,84,48315,81,07422,200,7615
120,15,84,51709,81,07861,200,7711
120,15,84,59033,81,08887,200,7919
120,15,84,66309,81,09912,200,8125
120,15,84,69775,81,104,200,8223
120,15,84,73535,81,10938,200,833
120,15,84,73535,81,10938,200,833
120,15,84,73535,81,10938,200,833
120,15,84,73535,81,10938,200,833
120,15,84,73535,81,10938,200,833
120,15,84,771,81,11426,200,843
120,15,85,09985,81,16016,200,9363
120,15,85,17334,81,1709,200,957
120,15,85,21094,81,17578,200,9678
120,15,85,28394,81,18604,200,9884
120,15,85,3208,81,19141,200,9989
120,15,85,39551,81,20166,201,02
120,15,85,43433,81,20703,201,031
120,15,85,5022,81,2168,201,0503
120,15,85,5415,81,22217,201,0614
120,15,85,5415,81,22217,201,0614
120,15,85,5415,81,22217,201,0614
120,15,85,5415,81,22217,201,0614
120,15,85,5415,81,22217,201,0614
120,15,85,57715,81,22705,201,0715
120,15,85,90674,81,27344,201,1648
120,15,85,97656,81,2832,201,1846
120,15,86,0105,81,28809,201,1943
120,15,86,08179,81,29785,201,2145
120,16,86,12036,81,30322,201,2253
120,16,86,19214,81,31348,201,2457
120,16,86,2627,81,32324,201,2657
120,16,86,30029,81,32861,201,2764
120,16,86,33447,81,33301,201,286
120,16,86,33447,81,33301,201,286
120,16,86,33447,81,33301,201,286
120,16,86,33447,81,33301,201,286
120,16,86,33447,81,33301,201,286
120,16,86,65479,81,37793,201,3768
120,16,86,6958,81,38379,201,3884
120,16,86,76831,81,39404,201,4089
120,16,86,80396,81,39893,201,4191
120,16,86,87329,81,40869,201,4387
120,16,86,94482,81,41846,201,459
120,16,86,98022,81,42383,201,469
120,16,87,0498,81,43311,201,4888
120,16,87,12012,81,44336,201,5087
120,16,87,12012,81,44336,201,5087
120,16,87,12012,81,44336,201,5087
120,16,87,12012,81,44336,201,5087
120,16,87,12012,81,44336,201,5087
120,16,87,15552,81,44824,201,5188
120,16,87,33423,81,47314,201,5693
120,16,87,41455,81,48291,201,5872
120,16,87,4519,81,48779,201,5956
120,16,87,52246,81,49609,201,6112
120,16,87,55811,81,50049,201,6191
120,16,87,63452,81,51025,201,6361
120,16,87,70288,81,51855,201,6514
120,16,87,73975,81,52295,201,6595
120,16,87,80762,81,53125,201,6747
120,16,87,80762,81,53125,201,6747
120,16,87,80762,81,53125,201,6747
120,16,87,80762,81,53125,201,6747
120,16,87,80762,81,53125,201,6747
120,16,87,84497,81,53613,201,683
120,16,88,13574,81,57178,201,7476
120,16,88,2168,81,58154,201,7656
120,16,88,28589,81,59033,201,781
120,16,88,31982,81,59424,201,7886
120,16,88,3855,81,60254,201,8032
120,16,88,45898,81,61133,201,8196
120,16,88,49463,81,61572,201,8275
120,16,88,56396,81,62451,201,8429
120,16,88,60278,81,62939,201,8516
120,16,88,60278,81,62939,201,8516
120,16,88,60278,81,62939,201,8516
120,16,88,60278,81,62939,201,8516
120,16,88,60278,81,62939,201,8516
120,16,88,63867,81,63379,201,8595
120,16,88,97119,81,6748,201,9335
120,16,89,04199,81,68311,201,9492
120,16,89,07959,81,68799,201,9576
120,16,89,14722,81,69629,201,9727
120,16,89,18677,81,70117,201,9814
120,16,89,26001,81,70996,201,9977
120,16,89,32739,81,71826,202,0127
120,16,89,36694,81,72314,202,0215
120,16,89,40112,81,72754,202,0291
120,16,89,40112,81,72754,202,0291
120,16,89,40112,81,72754,202,0291
120,16,89,40112,81,72754,202,0291
120,16,89,40112,81,72754,202,0291
120,16,89,72754,81,76758,202,1017
120,16,89,76978,81,77295,202,1111
120,16,89,84229,81,78174,202,1272
120,16,89,9165,81,79102,202,1437
120,16,89,95215,81,79541,202,1517
120,16,90,02271,81,8042,202,1674
120,16,90,05859,81,80859,202,1753
120,16,90,12915,81,81689,202,191
120,16,90,19629,81,8252,202,2061
120,16,90,19629,81,8252,202,2061
120,16,90,19629,81,8252,202,2061
120,16,90,19629,81,8252,202,2061
120,16,90,19629,81,8252,202,2061
120,16,90,23145,81,82959,202,2137
120,16,90,52222,81,86523,202,2784
120,16,90,59741,81,87451,202,2952
120,16,90,66357,81,88281,202,3099
120,16,90,73193,81,89111,202,3251
120,16,90,76563,81,89551,202,3326
120,16,90,83496,81,90381,202,348
120,16,90,90137,81,91211,202,3628
120,16,90,93604,81,9165,202,3706
120,17,90,9707,81,9209,202,3783
120,17,90,9707,81,9209,202,3783
120,17,90,9707,81,9209,202,3783
120,17,90,9707,81,9209,202,3783
120,17,90,9707,81,9209,202,3783
120,17,91,2998,81,96094,202,4514
120,17,91,34082,81,96631,202,4606
120,17,91,40796,81,97461,202,4755
120,17,91,47534,81,98291,202,4905
120,17,91,54224,81,99121,202,5054
120,17,91,57959,81,99561,202,5137
120,17,91,6438,82,00342,202,528
120,17,91,7124,82,01172,202,5432
120,17,91,74854,82,0166,202,5513
120,17,91,74854,82,0166,202,5513
120,17,91,74854,82,0166,202,5513
120,17,91,74854,82,0166,202,5513
120,17,91,74854,82,0166,202,5513
120,17,91,78125,82,02051,202,5586
120,17,92,01465,82,04785,202,6108
120,17,92,08325,82,0542,202,6268
120,17,92,11768,82,05762,202,6349
120,17,92,18286,82,06348,202,65
120,17,92,24683,82,06982,202,6649
120,17,92,31494,82,07617,202,6807
120,17,92,35132,82,07959,202,6892
120,17,92,42188,82,08594,202,7056
120,17,92,42188,82,08594,202,7056
120,17,92,42188,82,08594,202,7056
120,17,92,42188,82,08594,202,7056
120,17,92,42188,82,08594,202,7056
120,17,92,45752,82,08936,202,7139
120,17,92,74829,82,1167,202,7816
120,17,92,82568,82,12402,202,7996
120,17,92,89404,82,13037,202,8154
120,17,92,96045,82,13623,202,8308
120,17,92,99243,82,13916,202,8383
120,17,93,06567,82,146,202,8553
120,17,93,10498,82,1499,202,8645
120,17,93,1709,82,15625,202,8798
120,17,93,20703,82,15967,202,8883
120,17,93,20703,82,15967,202,8883
120,17,93,20703,82,15967,202,8883
120,17,93,20703,82,15967,202,8883
120,17,93,20703,82,15967,202,8883
120,17,93,53125,82,18994,202,9636
120,17,93,57495,82,19385,202,9738
120,17,93,63965,82,19971,202,9889
120,17,93,71021,82,20654,203,0052
120,17,93,74438,82,20996,203,0132
120,17,93,81226,82,21631,203,0291
120,17,93,88135,82,22266,203,045
120,17,93,91553,82,22559,203,053
120,17,93,98657,82,23242,203,0696
120,17,93,98657,82,23242,203,0696
120,17,93,98657,82,23242,203,0696
120,17,93,98657,82,23242,203,0696
120,17,93,98657,82,23242,203,0696
120,17,94,02271,82,23584,203,0779
120,17,94,35522,82,26709,203,1553
120,17,94,38843,82,27002,203,1631
120,17,94,45679,82,27637,203,179
120,17,94,52881,82,2832,203,1957
120,17,94,56079,82,28613,203,2031
120,17,94,63232,82,29297,203,2197
120,17,94,69482,82,29883,203,2343
120,17,94,7644,82,30518,203,2505
120,17,94,7644,82,30518,203,2505
120,17,94,7644,82,30518,203,2505
120,17,94,7644,82,30518,203,2505
120,17,94,7644,82,30518,203,2505
120,17,94,79761,82,30811,203,2582
120,17,95,08862,82,33545,203,3259
120,17,95,1604,82,34229,203,3425
120,17,95,20728,82,34473,203,3586
120,17,95,24194,82,3457,203,3728
120,17,95,30762,82,34766,203,3994
120,17,95,37476,82,34961,203,4268
120,17,95,40625,82,35059,203,4395
120,17,95,4707,82,35254,203,4656
120,17,95,50415,82,35352,203,4792
120,17,95,50415,82,35352,203,4792
120,17,95,50415,82,35352,203,4792
120,17,95,50415,82,35352,203,4792
120,17,95,50415,82,35352,203,4792
120,17,95,81445,82,36279,203,6051
120,17,95,85181,82,36377,203,6202
120,17,95,92017,82,36572,203,6479
120,17,95,98682,82,36768,203,675
120,17,96,02148,82,36914,203,6891
120,17,96,08887,82,37109,203,7163
120,17,96,12158,82,37207,203,7296
120,17,96,18994,82,37402,203,7573
120,17,96,25537,82,37598,203,7839
120,17,96,25537,82,37598,203,7839
120,17,96,25537,82,37598,203,7839
120,17,96,25537,82,37598,203,7839
120,17,96,25537,82,37598,203,7839
120,17,96,28955,82,37695,203,7979
120,17,96,56763,82,38525,203,9106
120,17,96,64282,82,3877,203,9412
120,17,96,70947,82,38965,203,9683
120,17,96,74194,82,39063,203,9814
120,17,96,81104,82,39258,204,0094
120,17,96,84692,82,39355,204,0239
120,17,96,91162,82,39551,204,0503
120,17,96,97852,82,39746,204,0773
120,17,97,01245,82,39844,204,0911
120,17,97,01245,82,39844,204,0911
120,17,97,01245,82,39844,204,0911
120,17,97,01245,82,39844,204,0911
120,17,97,01245,82,39844,204,0911
120,17,97,0437,82,39941,204,1038
120,17,97,36035,82,40869,204,2323
120,17,97,42773,82,41113,204,2596
120,17,97,46338,82,41211,204,274
120,17,97,53101,82,41406,204,3015
120,17,97,59863,82,41602,204,329
120,17,97,6333,82,41699,204,343
120,17,97,69653,82,41895,204,3687
120,17,97,73193,82,41992,204,3831
120,17,97,76538,82,4209,204,3966
120,17,97,76538,82,4209,204,3966
120,17,97,76538,82,4209,204,3966
120,17,97,76538,82,4209,204,3966
120,17,97,76538,82,4209,204,3966
120,17,98,08057,82,43018,204,5245
120,17,98,12671,82,43164,204,5432
120,17,98,18872,82,43359,204,5684
120,17,98,24146,82,43066,204,6139
120,17,98,26953,82,42871,204,6381
120,17,98,32739,82,42529,204,6879
120,17,98,35742,82,42383,204,7137
120,17,98,41235,82,42041,204,761
120,17,98,47021,82,41699,204,8108
120,17,98,47021,82,41699,204,8108
120,17,98,47021,82,41699,204,8108
120,17,98,47021,82,41699,204,8108
120,17,98,47021,82,41699,204,8108
120,17,98,49805,82,41504,204,8348
120,17,98,7251,82,40186,205,0305
120,17,98,78784,82,39795,205,0847
120,17,98,81665,82,39648,205,1095
120,17,98,87231,82,39307,205,1575
120,17,98,90332,82,39111,205,184
120,17,98,95923,82,3877,205,2323
120,17,98,98804,82,38623,205,2571
120,17,99,04736,82,38281,205,3081
120,17,99,10352,82,37939,205,3567
120,17,99,10352,82,37939,205,3567
120,17,99,10352,82,37939,205,3567
120,17,99,10352,82,37939,205,3567
120,17,99,10352,82,37939,205,3567
120,17,99,13574,82,37744,205,3843
120,17,99,36279,82,36426,205,58
120,17,99,39844,82,36182,205,6106
120,17,99,45605,82,3584,205,6604
120,17,99,48657,82,35693,205,6865
120,17,99,54614,82,35303,205,7379
120,17,99,57593,82,35156,205,7637
120,17,99,63818,82,34766,205,8173
120,17,99,69556,82,34424,205,8666
120,17,99,72437,82,34277,205,8916
120,17,99,75195,82,34082,205,9154
120,17,99,75195,82,34082,205,9154
120,17,99,75195,82,34082,205,9154
120,17,99,75195,82,34082,205,9154
120,17,99,75195,82,34082,205,9154
120,17,99,95215,82,3291,206,0878
120,17,99,95215,82,3291,206,0878
120,17,99,95215,82,3291,206,0878
120,17,99,95215,82,3291,206,0878
120,17,99,95215,82,3291,206,0878
120,17,99,95215,82,3291,206,0878
120,17,99,95215,82,3291,206,0878
120,17,99,95215,82,3291,206,0878
120,17,99,95215,82,3291,206,0878
120,17,99,95215,82,3291,206,0878
120,17,99,95215,82,3291,206,0878
120,17,99,95215,82,3291,206,0878
120,17,99,95215,82,3291,206,0878
120,17,99,95215,82,3291,206,0878
120,17,99,95215,82,3291,206,0878
120,17,99,98315,82,32568,206,1174
120,17,100,2402,82,29834,206,3624
120,17,100,2732,82,29492,206,394
120,17,100,3027,82,29199,206,4221
120,17,100,3665,82,28516,206,4827
120,17,100,3977,82,28174,206,5127
120,17,100,4565,82,27539,206,5687
120,17,100,4885,82,27197,206,5994
120,17,100,52,82,26904,206,6292
120,17,100,5828,82,26221,206,6891
120,17,100,6133,82,25879,206,718
120,17,100,6133,82,25879,206,718
120,17,100,6133,82,25879,206,718
120,17,100,6133,82,25879,206,718
120,17,100,6133,82,25879,206,718
120,17,100,6445,82,25586,206,7479
120,17,100,8611,82,23291,206,9543
120,17,100,9302,82,22559,207,0203
120,17,100,9612,82,22217,207,0499
120,17,100,9941,82,21875,207,0813
120,17,101,0583,82,21191,207,1426
120,17,101,0886,82,2085,207,1713
120,17,101,1475,82,20215,207,2274
120,17,101,1787,82,19922,207,2573
120,17,101,2424,82,19238,207,3179
120,17,101,2722,82,18896,207,3464
120,17,101,2722,82,18896,207,3464
120,17,101,2722,82,18896,207,3464
120,17,101,2722,82,18896,207,3464
120,17,101,2722,82,18896,207,3464
120,17,101,3032,82,18555,207,376
120,17,101,5198,82,1626,207,5824
120,17,101,554,82,15918,207,62
120,17,101,584,82,15576,207,6542
120,17,101,6108,82,15283,207,6848
120,17,101,6697,82,14697,207,7517
120,17,101,6982,82,14355,207,7839
120,17,101,7275,82,14063,207,8175
120,17,101,7883,82,13428,207,8865
120,17,101,8171,82,13086,207,9193
120,17,101,844,82,12793,207,9497
120,17,101,8726,82,125,207,9822
120,17,101,8726,82,125,207,9822
120,17,101,8726,82,125,207,9822
120,17,101,8726,82,125,207,9822
120,17,101,8726,82,125,207,9822
120,17,102,1001,82,10059,208,2406
120,17,102,1365,82,09668,208,282
120,17,102,1702,82,09326,208,3204
120,17,102,2012,82,08984,208,3555
120,17,102,2336,82,08643,208,3923
120,17,102,2971,82,07959,208,4644
120,17,102,3279,82,07617,208,4994
120,17,102,3586,82,07324,208,5345
120,17,102,4202,82,06641,208,6042
120,17,102,4509,82,06299,208,6394
120,17,102,4805,82,06006,208,673
120,17,102,5144,82,05615,208,7115
120,17,102,5144,82,05615,208,7115
120,17,102,5144,82,05615,208,7115
120,17,102,5144,82,05615,208,7115
120,17,102,5144,82,05615,208,7115
120,17,102,5469,82,05273,208,7483
120,17,102,78,82,02783,209,0133
120,17,102,8098,82,0249,209,0472
120,17,102,8381,82,02148,209,0795
120,17,102,8953,82,01563,209,144
120,17,102,9275,82,01221,209,1809
120,17,102,9558,82,00928,209,2129
120,17,103,0129,82,00293,209,2778
120,17,103,0398,82,209,3083
120,17,103,0955,81,99414,209,3718
120,17,103,1243,81,99121,209,4045
120,17,103,1243,81,99121,209,4045
120,17,103,1243,81,99121,209,4045
120,17,103,1243,81,99121,209,4045
120,17,103,1243,81,99121,209,4045
120,17,103,1519,81,98828,209,4359
120,17,103,219,81,98096,209,5121
120,17,103,2751,81,97754,209,5876
120,17,103,302,81,97607,209,6238
120,17,103,3262,81,97461,209,6564
120,17,103,3804,81,97119,209,7294
120,17,103,4092,81,96973,209,7682
120,17,103,4333,81,96826,209,8007
120,17,103,4858,81,96533,209,8711
120,17,103,5117,81,96387,209,906
120,17,103,5608,81,96094,209,9719
120,17,103,5608,81,96094,209,9719
120,17,103,5608,81,96094,209,9719
120,17,103,5608,81,96094,209,9719
120,17,103,5608,81,96094,209,9719
120,17,103,5867,81,95898,210,0068
120,17,103,7654,81,94873,210,2476
120,17,103,7959,81,94678,210,2885
120,17,103,8481,81,94385,210,3589
120,17,103,8733,81,94238,210,3925
120,17,103,8999,81,94092,210,4283
120,17,103,9531,81,9375,210,5
120,17,103,979,81,93604,210,5347
120,17,104,0283,81,93311,210,6011
120,17,104,054,81,93164,210,6357
120,17,104,0798,81,93018,210,6704
120,17,104,1091,81,92822,210,7098
120,17,104,1091,81,92822,210,7098
120,17,104,1091,81,92822,210,7098
120,17,104,1091,81,92822,210,7098
120,17,104,1091,81,92822,210,7098
120,17,104,1387,81,92676,210,7496
120,17,104,3459,81,91455,211,0286
120,17,104,3723,81,9126,211,0642
120,17,104,4216,81,90967,211,1305
120,17,104,4465,81,9082,211,1641
120,17,104,4707,81,90674,211,1967
120,17,104,5234,81,90381,211,2676
120,17,104,5515,81,90234,211,3052
120,17,104,5776,81,90039,211,3405
120,17,104,5996,81,90039,211,3832
120,17,104,6182,81,8999,211,421
120,17,104,6182,81,8999,211,421
120,17,104,6182,81,8999,211,421
120,17,104,6182,81,8999,211,421
120,17,104,6182,81,8999,211,421
120,17,104,6384,81,8999,211,4628
120,17,104,7698,81,89795,211,7324
120,17,104,8101,81,89795,211,8153
120,17,104,8293,81,89746,211,8547
120,17,104,8674,81,89697,211,9329
120,17,104,8862,81,89697,211,9714
120,17,104,9048,81,89648,212,0096
120,17,104,9409,81,896,212,0841
120,17,104,9597,81,896,212,1224
120,17,104,9939,81,89551,212,1925
120,17,105,0125,81,89551,212,2307
120,17,105,0125,81,89551,212,2307
120,17,105,0125,81,89551,212,2307
120,17,105,0125,81,89551,212,2307
120,17,105,0125,81,89551,212,2307
120,17,105,0295,81,89502,212,2657
120,17,105,1826,81,89355,212,5802
120,17,105,2014,81,89307,212,6188
120,17,105,218,81,89307,212,653
120,17,105,2542,81,89258,212,7273
120,17,105,272,81,89209,212,7639
120,17,105,3086,81,89209,212,8392
120,17,105,3281,81,8916,212,8794
120,17,105,363,81,89111,212,9509
120,17,105,3811,81,89111,212,988
120,17,105,3982,81,89063,213,0232
120,17,105,3982,81,89063,213,0232
120,17,105,3982,81,89063,213,0232
120,17,105,3982,81,89063,213,0232
120,17,105,3982,81,89063,213,0232
120,17,105,4167,81,89063,213,0609
120,17,105,5005,81,88965,213,2332
120,17,105,5005,81,88965,213,2332
120,17,105,5005,81,88965,213,2332
120,17,105,5005,81,88965,213,2332
120,17,105,5005,81,88965,213,2332
120,17,105,5005,81,88965,213,2332
120,17,105,5005,81,88965,213,2332
120,17,105,5005,81,88965,213,2332
120,17,105,5005,81,88965,213,2332
120,17,105,5005,81,88965,213,2332
120,17,105,5005,81,88965,213,2332
120,17,105,5005,81,88965,213,2332
120,17,105,5005,81,88965,213,2332
120,17,105,5005,81,88965,213,2332
120,17,105,5005,81,88965,213,2332
120,17,105,5005,81,88965,213,2332
120,17,105,5005,81,88965,213,2332
120,17,105,5005,81,88965,213,2332
120,17,105,5005,81,88965,213,2332
120,17,105,5005,81,88965,213,2332
120,17,105,5005,81,88965,213,2332
120,17,105,5005,81,88965,213,2332
120,17,105,5005,81,88965,213,2332
120,17,105,5005,81,88965,213,2332
120,17,105,5005,81,88965,213,2332
120,17,105,5005,81,88965,213,2332
120,17,105,5005,81,88965,213,2332
120,17,105,5005,81,88965,213,2332
120,17,105,5005,81,88965,213,2332
120,17,105,5005,81,88965,213,2332
120,17,105,5005,81,88965,213,2332
120,17,105,5005,81,88965,213,2332
120,17,105,5005,81,88965,213,2332
120,17,105,5005,81,88965,213,2332
120,17,105,5005,81,88965,213,2332
120,17,105,5005,81,88965,213,2332
120,17,105,5005,81,88965,213,2332
120,17,105,5005,81,88965,213,2332
120,17,105,5005,81,88965,213,2332
120,17,105,5005,81,88965,213,2332
120,17,105,5005,81,88965,213,2332
120,17,105,5005,81,88965,213,2332
120,17,105,5005,81,88965,213,2332
120,17,105,5005,81,88965,213,2332
120,17,105,5273,81,89307,213,3184
120,17,105,541,81,89502,213,3622
120,17,105,564,81,89795,213,4348
120,17,105,5759,81,89941,213,4727
120,17,105,5999,81,90234,213,5487
120,17,105,6121,81,9043,213,5874
120,17,105,6353,81,90723,213,6608
120,17,105,647,81,90869,213,698
120,17,105,658,81,91016,213,7335
120,17,105,658,81,91016,213,7335
120,17,105,658,81,91016,213,7335
120,17,105,658,81,91016,213,7335
120,17,105,658,81,91016,213,7335
120,17,105,76,81,92334,214,0573
120,17,105,7742,81,92529,214,1023
120,17,105,7979,81,92822,214,1777
120,17,105,8098,81,92969,214,2156
120,17,105,8337,81,93311,214,2913
120,17,105,8459,81,93457,214,33
120,17,105,8687,81,9375,214,4023
120,17,105,8804,81,93896,214,439
120,17,105,9033,81,94189,214,5125
120,17,105,9158,81,94385,214,5519
120,17,105,9158,81,94385,214,5519
120,17,105,9158,81,94385,214,5519
120,17,105,9158,81,94385,214,5519
120,17,105,9158,81,94385,214,5519
120,17,105,9265,81,94482,214,5859
120,17,106,0308,81,9585,214,9172
120,17,106,0427,81,95996,214,9551
120,17,106,0647,81,96289,215,0243
120,17,106,0872,81,96582,215,0963
120,17,106,0986,81,96729,215,1321
120,17,106,1226,81,9707,215,2084
120,17,106,1338,81,97217,215,2437
120,17,106,1567,81,9751,215,3171
120,17,106,1692,81,97656,215,3562
120,17,106,1692,81,97656,215,3562
120,17,106,1692,81,97656,215,3562
120,17,106,1692,81,97656,215,3562
120,17,106,1692,81,97656,215,3562
120,17,106,1799,81,97803,215,3906
120,17,106,2327,81,98486,215,558
120,17,106,2327,81,98486,215,558
120,17,106,2327,81,98486,215,558
120,17,106,2327,81,98486,215,558
120,17,106,2327,81,98486,215,558
120,17,106,2327,81,98486,215,558
120,17,106,2327,81,98486,215,558
120,17,106,2327,81,98486,215,558
120,17,106,2327,81,98486,215,558
120,17,106,2327,81,98486,215,558
120,17,106,2327,81,98486,215,558
120,17,106,2327,81,98486,215,558
120,17,106,2327,81,98486,215,558
120,17,106,2327,81,98486,215,558
120,17,106,2327,81,98486,215,558
120,17,106,2327,81,98486,215,558
120,17,106,2327,81,98486,215,558
120,17,106,2327,81,98486,215,558
120,17,106,2327,81,98486,215,558
120,17,106,2327,81,98486,215,558
120,17,106,2327,81,98486,215,558
120,17,106,2327,81,98486,215,558
120,17,106,2327,81,98486,215,558
120,17,106,2327,81,98486,215,558
120,17,106,2327,81,98486,215,558
120,17,106,2327,81,98486,215,558
120,17,106,2327,81,98486,215,558
120,17,106,2327,81,98486,215,558
120,17,106,2327,81,98486,215,558
120,17,106,2327,81,98486,215,558
120,17,106,2327,81,98486,215,558
120,17,106,2327,81,98486,215,558
120,17,106,2327,81,98486,215,558
120,17,106,2327,81,98486,215,558
120,17,106,2327,81,98486,215,558
120,17,106,2327,81,98486,215,558
120,17,106,2327,81,98486,215,558
120,17,106,2327,81,98486,215,558
120,17,106,2327,81,98486,215,558
120,17,106,2327,81,98486,215,558
120,17,106,2327,81,98486,215,558
120,17,106,2327,81,98486,215,558
120,17,106,2327,81,98486,215,558
120,17,106,249,81,98975,215,6415
120,17,106,2581,81,99219,215,6869
120,17,106,2722,81,99658,215,7589
120,17,106,2869,82,00098,215,8326
120,17,106,2944,82,00342,215,8712
120,17,106,3086,82,00732,215,943
120,17,106,3162,82,00977,215,9823
120,17,106,3303,82,01367,216,0536
120,17,106,3303,82,01367,216,0536
120,17,106,3303,82,01367,216,0536
120,17,106,3303,82,01367,216,0536
120,17,106,3303,82,01367,216,0536
120,17,106,3376,82,01611,216,0914
120,17,106,3958,82,0332,216,3854
120,17,106,4119,82,03809,216,468
120,17,106,4199,82,04053,216,5082
120,17,106,4346,82,04492,216,5826
120,17,106,4421,82,04736,216,6217
120,17,106,4573,82,05176,216,6985
120,17,106,4722,82,05615,216,7736
120,17,106,4795,82,05811,216,8108
120,17,106,4944,82,0625,216,8865
120,17,106,4944,82,0625,216,8865
120,17,106,4944,82,0625,216,8865
120,17,106,4944,82,0625,216,8865
120,17,106,4944,82,0625,216,8865
120,17,106,5015,82,06494,216,9221
120,17,106,5593,82,08203,217,2161
120,17,106,575,82,08691,217,2959
120,17,106,5828,82,08887,217,3348
120,17,106,5967,82,09326,217,4054
120,17,106,6108,82,09717,217,4778
120,17,106,6187,82,09961,217,5176
120,17,106,6326,82,104,217,5875
120,17,106,6396,82,10596,217,6244
120,17,106,6543,82,11035,217,6978
120,17,106,6543,82,11035,217,6978
120,17,106,6543,82,11035,217,6978
120,17,106,6543,82,11035,217,6978
120,17,106,6543,82,11035,217,6978
120,17,106,6616,82,1123,217,736
120,17,106,6741,82,11621,217,7987
120,17,106,6741,82,11621,217,7987
120,17,106,6741,82,11621,217,7987
120,17,106,6741,82,11621,217,7987
120,17,106,6741,82,11621,217,7987
120,17,106,6741,82,11621,217,7987
120,17,106,6741,82,11621,217,7987
120,17,106,6741,82,11621,217,7987
120,17,106,6741,82,11621,217,7987
120,17,106,6741,82,11621,217,7987
120,17,106,6741,82,11621,217,7987
120,17,106,6741,82,11621,217,7987
120,17,106,6741,82,11621,217,7987
120,17,106,6741,82,11621,217,7987
120,17,106,6741,82,11621,217,7987
120,17,106,6741,82,11621,217,7987
120,17,106,6741,82,11621,217,7987
120,17,106,6741,82,11621,217,7987
120,17,106,6741,82,11621,217,7987
120,17,106,6741,82,11621,217,7987
120,17,106,6741,82,11621,217,7987
120,17,106,6741,82,11621,217,7987
120,17,106,6741,82,11621,217,7987
120,17,106,6741,82,11621,217,7987
120,17,106,6741,82,11621,217,7987
120,17,106,6741,82,11621,217,7987
120,17,106,6741,82,11621,217,7987
120,17,106,6741,82,11621,217,7987
120,17,106,6741,82,11621,217,7987
120,17,106,6741,82,11621,217,7987
120,17,106,6741,82,11621,217,7987
120,17,106,6741,82,11621,217,7987
120,17,106,6741,82,11621,217,7987
120,17,106,678,82,11865,217,8368
120,17,106,686,82,12354,217,9135
120,17,106,6934,82,12842,217,984
120,17,106,6934,82,12842,217,984
120,17,106,6934,82,12842,217,984
120,17,106,6934,82,12842,217,984
120,17,106,6934,82,12842,217,984
120,17,106,6973,82,13086,218,0212
120,17,106,7283,82,15039,218,319
120,17,106,7366,82,15576,218,3986
120,17,106,7402,82,1582,218,4331
120,17,106,7478,82,1626,218,5051
120,17,106,7551,82,16748,218,575
120,17,106,762,82,17188,218,641
120,17,106,7659,82,17432,218,6783
120,17,106,7729,82,17871,218,7456
120,17,106,7764,82,18066,218,7793
120,17,106,7764,82,18066,218,7793
120,17,106,7764,82,18066,218,7793
120,17,106,7764,82,18066,218,7793
120,17,106,7764,82,18066,218,7793
120,17,106,8113,82,20264,219,1138
120,17,106,8159,82,20557,219,1582
120,17,106,8232,82,21045,219,2295
120,17,106,8303,82,21484,219,2964
120,17,106,8337,82,21729,219,33
120,17,106,8411,82,22168,219,399
120,17,106,8484,82,22656,219,4697
120,17,106,8521,82,22852,219,5055
120,17,106,8601,82,2334,219,5808
120,17,106,8601,82,2334,219,5808
120,17,106,8601,82,2334,219,5808
120,17,106,8601,82,2334,219,5808
120,17,106,8601,82,2334,219,5808
120,17,106,8635,82,23584,219,6152
120,17,106,8948,82,25537,219,9131
120,17,106,9031,82,26074,219,9926
120,17,106,9097,82,26514,220,0559
120,17,106,9165,82,26953,220,1227
120,17,106,9233,82,27344,220,188
120,17,106,9268,82,27588,220,2212
120,17,106,9341,82,28027,220,2899
120,17,106,9412,82,28467,220,3584
120,17,106,9412,82,28467,220,3584
120,17,106,9412,82,28467,220,3584
120,17,106,9412,82,28467,220,3584
120,17,106,9412,82,28467,220,3584
120,17,106,9431,82,28613,220,3774
120,17,106,9431,82,28613,220,3774
120,17,106,9431,82,28613,220,3774
120,17,106,9431,82,28613,220,3774
120,17,106,9431,82,28613,220,3774
120,17,106,9431,82,28613,220,3774
120,17,106,9431,82,28613,220,3774
120,17,106,9431,82,28613,220,3774
120,17,106,9431,82,28613,220,3774
120,17,106,9431,82,28613,220,3774
120,17,106,9431,82,28613,220,3774
120,17,106,9431,82,28613,220,3774
120,17,106,9431,82,28613,220,3774
120,17,106,9431,82,28613,220,3774
120,17,106,9431,82,28613,220,3774
120,17,106,9431,82,28613,220,3774
120,17,106,9431,82,28613,220,3774
120,17,106,9431,82,28613,220,3774
120,17,106,9431,82,28613,220,3774
120,17,106,9431,82,28613,220,3774
120,17,106,9431,82,28613,220,3774
120,17,106,9431,82,28613,220,3774
120,17,106,9431,82,28613,220,3774
120,17,106,9431,82,28613,220,3774
120,17,106,9431,82,28613,220,3774
120,17,106,9431,82,28613,220,3774
120,17,106,9431,82,28613,220,3774
120,17,106,9431,82,28613,220,3774
120,17,106,9526,82,29053,220,4489
120,17,106,9626,82,29541,220,5242
120,17,106,9712,82,2998,220,5886
120,17,106,9761,82,30225,220,625
120,17,106,9851,82,30664,220,693
120,17,106,9939,82,31055,220,7587
120,17,107,0022,82,31494,220,8204
120,17,107,0022,82,31494,220,8204
120,17,107,0022,82,31494,220,8204
120,17,107,0022,82,31494,220,8204
120,17,107,0022,82,31494,220,8204
120,17,107,0066,82,31689,220,8552
120,17,107,0461,82,33643,221,152
120,17,107,0559,82,34082,221,2257
120,17,107,0649,82,34521,221,2925
120,17,107,0737,82,34961,221,3591
120,17,107,0781,82,35156,221,3914
120,17,107,0867,82,35596,221,4567
120,17,107,095,82,35986,221,5186
120,17,107,1035,82,36426,221,5831
120,17,107,1035,82,36426,221,5831
120,17,107,1035,82,36426,221,5831
120,17,107,1035,82,36426,221,5831
120,17,107,1035,82,36426,221,5831
120,17,107,1082,82,36621,221,6168
120,17,107,1531,82,38818,221,9539
120,17,107,1572,82,39014,221,986
120,17,107,166,82,39453,222,052
120,17,107,1746,82,39844,222,1162
120,17,107,1829,82,40283,222,179
120,17,107,1914,82,40674,222,2428
120,17,107,1997,82,41064,222,3054
120,17,107,2043,82,41309,222,3409
120,17,107,2043,82,41309,222,3409
120,17,107,2043,82,41309,222,3409
120,17,107,2043,82,41309,222,3409
120,17,107,2043,82,41309,222,3409
120,17,107,2085,82,41504,222,3715
120,17,107,2537,82,43701,222,7102
120,17,107,262,82,44092,222,7725
120,17,107,2703,82,44482,222,8351
120,17,107,2788,82,44922,222,8997
120,17,107,2832,82,45117,222,9326
120,17,107,292,82,45557,222,9993
120,17,107,3003,82,45947,223,0605
120,17,107,3052,82,46191,223,0968
120,17,107,3052,82,46191,223,0968
120,17,107,3052,82,46191,223,0968
120,17,107,3052,82,46191,223,0968
120,17,107,3052,82,46191,223,0968
120,17,107,3181,82,46826,223,1947
120,17,107,3181,82,46826,223,1947
120,17,107,3181,82,46826,223,1947
120,17,107,3181,82,46826,223,1947
120,17,107,3181,82,46826,223,1947
120,17,107,3181,82,46826,223,1947
120,17,107,3181,82,46826,223,1947
120,17,107,3181,82,46826,223,1947
120,17,107,3181,82,46826,223,1947
120,17,107,3181,82,46826,223,1947
120,17,107,3181,82,46826,223,1947
120,17,107,3181,82,46826,223,1947
120,17,107,3181,82,46826,223,1947
120,17,107,3181,82,46826,223,1947
120,17,107,3181,82,46826,223,1947
120,17,107,3181,82,46826,223,1947
120,17,107,3181,82,46826,223,1947
120,17,107,3181,82,46826,223,1947
120,17,107,3181,82,46826,223,1947
120,17,107,3181,82,46826,223,1947
120,17,107,3181,82,46826,223,1947
120,17,107,3181,82,46826,223,1947
120,17,107,3181,82,46826,223,1947
120,17,107,3181,82,46826,223,1947
120,17,107,3181,82,46826,223,1947
120,17,107,3181,82,46826,223,1947
120,17,107,3181,82,46826,223,1947
120,17,107,3274,82,47266,223,2676
120,17,107,3359,82,47656,223,3357
120,17,107,344,82,47998,223,3998
120,17,107,3521,82,48389,223,4637
120,17,107,3599,82,4873,223,5249
120,17,107,3677,82,49121,223,5878
120,17,107,3718,82,49268,223,6204
120,17,107,3718,82,49268,223,6204
120,17,107,3718,82,49268,223,6204
120,17,107,3718,82,49268,223,6204
120,17,107,3718,82,49268,223,6204
120,17,107,3757,82,49463,223,6519
120,17,107,418,82,51416,223,9865
120,17,107,4263,82,51807,224,051
120,17,107,4338,82,52148,224,1121
120,17,107,4421,82,5249,224,1765
120,17,107,4463,82,52686,224,2102
120,17,107,4548,82,53076,224,2777
120,17,107,4634,82,53467,224,3455
120,17,107,4673,82,53662,224,3765
120,17,107,4673,82,53662,224,3765
120,17,107,4673,82,53662,224,3765
120,17,107,4673,82,53662,224,3765
120,17,107,4673,82,53662,224,3765
120,17,107,5085,82,55566,224,703
120,17,107,5168,82,55957,224,7699
120,17,107,5249,82,56299,224,8325
120,17,107,5293,82,56494,224,8678
120,17,107,5376,82,56885,224,9338
120,17,107,5457,82,57275,224,9971
120,17,107,5535,82,57617,225,0587
120,17,107,5615,82,58008,225,1235
120,17,107,5615,82,58008,225,1235
120,17,107,5615,82,58008,225,1235
120,17,107,5615,82,58008,225,1235
120,17,107,5615,82,58008,225,1235
120,17,107,5657,82,58203,225,1559
120,17,107,6079,82,60107,225,4908
120,17,107,6121,82,60303,225,5226
120,17,107,6206,82,60693,225,5903
120,17,107,6287,82,61084,225,6547
120,17,107,6365,82,61426,225,7177
120,17,107,6448,82,61816,225,7822
120,17,107,6528,82,62207,225,8468
120,17,107,6567,82,62354,225,8782
120,17,107,6567,82,62354,225,8782
120,17,107,6567,82,62354,225,8782
120,17,107,6567,82,62354,225,8782
120,17,107,6567,82,62354,225,8782
120,17,107,6606,82,62549,225,9083
120,17,107,7034,82,64502,226,2473
120,17,107,7119,82,64893,226,3141
120,17,107,7202,82,65283,226,3801
120,17,107,7244,82,65479,226,4128
120,17,107,7327,82,65869,226,4792
120,17,107,7332,82,65869,226,483
120,17,107,7332,82,65869,226,483
120,17,107,7332,82,65869,226,483
120,17,107,7332,82,65869,226,483
120,17,107,7332,82,65869,226,483
120,17,107,7332,82,65869,226,483
120,17,107,7332,82,65869,226,483
120,17,107,7332,82,65869,226,483
120,17,107,7332,82,65869,226,483
120,17,107,7332,82,65869,226,483
120,17,107,7332,82,65869,226,483
120,17,107,7332,82,65869,226,483
120,17,107,7332,82,65869,226,483
120,17,107,7332,82,65869,226,483
120,17,107,7332,82,65869,226,483
120,17,107,7332,82,65869,226,483
120,17,107,7332,82,65869,226,483
120,17,107,7332,82,65869,226,483
120,17,107,7332,82,65869,226,483
120,17,107,7332,82,65869,226,483
120,17,107,7332,82,65869,226,483
120,17,107,7332,82,65869,226,483
120,17,107,7332,82,65869,226,483
120,17,107,7332,82,65869,226,483
120,17,107,7332,82,65869,226,483
120,17,107,7332,82,65869,226,483
120,17,107,7332,82,65869,226,483
120,17,107,7332,82,65869,226,483
120,17,107,7332,82,65869,226,483
120,17,107,7332,82,65869,226,483
120,17,107,7332,82,65869,226,483
120,17,107,7332,82,65869,226,483
120,17,107,7332,82,65869,226,483
120,17,107,7332,82,65869,226,483
120,17,107,7332,82,65869,226,483
120,17,107,7332,82,65869,226,483
120,17,107,7332,82,65869,226,483
120,17,107,7332,82,65869,226,483
120,17,107,7332,82,65869,226,483
120,17,107,7332,82,65869,226,483
120,17,107,7332,82,65869,226,483
120,17,107,7332,82,65869,226,483
120,17,107,7332,82,65869,226,483
120,17,107,7332,82,65869,226,483
120,17,107,7332,82,65869,226,483
120,17,107,7332,82,65869,226,483
120,17,107,7332,82,65869,226,483
120,17,107,7332,82,65869,226,483
120,17,107,7332,82,65869,226,483
120,17,107,7332,82,65869,226,483
120,17,107,7332,82,65869,226,483
120,17,107,7332,82,65869,226,483
120,17,107,7332,82,65869,226,483
120,17,107,7332,82,65869,226,483
120,17,107,7332,82,65869,226,483
120,17,107,7332,82,65869,226,483
120,17,107,7332,82,65869,226,483
120,17,107,7332,82,65869,226,483
120,17,107,7332,82,65869,226,483
120,17,107,7332,82,65869,226,483
120,17,107,7332,82,65869,226,483
120,17,107,7332,82,65869,226,483
120,17,107,7332,82,65869,226,483
120,17,107,7332,82,65869,226,483
120,17,107,7332,82,65869,226,483
120,17,107,7332,82,65869,226,483
120,17,107,7332,82,65869,226,483
120,17,107,7332,82,65869,226,483
120,17,107,7332,82,65869,226,483
120,17,107,7332,82,65869,226,483
120,17,107,7332,82,65869,226,483
120,17,107,7332,82,65869,226,483
120,17,107,7332,82,65869,226,483
120,17,107,7332,82,65869,226,483
120,17,107,7332,82,65869,226,483
120,17,107,7332,82,65869,226,483
120,17,107,7332,82,65869,226,483
120,17,107,7332,82,65869,226,483
120,17,107,7332,82,65869,226,483
120,17,107,7332,82,65869,226,483
120,17,107,7332,82,65869,226,483
120,17,107,7332,82,65869,226,483
120,17,107,7332,82,65869,226,483
120,17,107,7332,82,65869,226,483
120,17,107,7332,82,65869,226,483
120,17,107,7332,82,65869,226,483
120,17,107,7332,82,65869,226,483
120,17,107,7332,82,65869,226,483
120,17,107,7332,82,65869,226,483
120,17,107,7332,82,65869,226,483
120,17,107,7332,82,65869,226,483
120,17,107,7332,82,65869,226,483
120,17,107,7332,82,65869,226,483
120,17,107,7332,82,65869,226,483
120,17,107,7332,82,65869,226,483
120,17,107,7332,82,65869,226,483
120,17,107,7332,82,65869,226,483
120,17,107,7332,82,65869,226,483
120,17,107,7332,82,65869,226,483
120,17,107,7332,82,65869,226,483
120,17,107,7332,82,65869,226,483
120,17,107,7332,82,65869,226,483
120,17,107,7332,82,65869,226,483
120,17,107,7332,82,65869,226,483
120,17,107,7332,82,65869,226,483
120,17,107,7332,82,65869,226,483
120,17,107,7332,82,65869,226,483
120,17,107,7332,82,65869,226,483
120,17,107,7332,82,65869,226,483
120,17,107,7332,82,65869,226,483
120,17,107,7332,82,65869,226,483
120,17,107,7332,82,65869,226,483
120,17,107,7332,82,65869,226,483
120,17,107,7332,82,65869,226,483
120,17,107,7332,82,65869,226,483
120,17,107,7332,82,65869,226,483
120,17,107,7332,82,65869,226,483
120,17,107,7332,82,65869,226,483
120,17,107,7332,82,65869,226,483
120,17,107,7332,82,65869,226,483
120,17,107,7332,82,65869,226,483
120,17,107,7332,82,65869,226,483
120,17,107,7332,82,65869,226,483
120,17,107,7332,82,65869,226,483
120,17,107,7332,82,65869,226,483
120,17,107,7332,82,65869,226,483
120,17,107,7332,82,65869,226,483
120,17,107,7332,82,65869,226,483
120,17,107,7332,82,65869,226,483
120,17,107,7332,82,65869,226,483
120,17,107,7332,82,65869,226,483
120,17,107,7332,82,65869,226,483
120,17,107,7332,82,65869,226,483
120,17,107,7332,82,65869,226,483
120,17,107,7332,82,65869,226,483
120,17,107,7332,82,65869,226,483
120,17,107,7332,82,65869,226,483
120,17,107,7332,82,65869,226,483
120,17,107,7332,82,65869,226,483
120,17,107,7332,82,65869,226,483
120,17,107,7332,82,65869,226,483
120,17,107,7332,82,65869,226,483
120,17,107,7332,82,65869,226,483
120,17,107,7332,82,65869,226,483
120,17,107,7332,82,65869,226,483
120,17,107,7332,82,65869,226,483
120,17,107,7332,82,65869,226,483
120,17,107,7332,82,65869,226,483
120,17,107,7332,82,65869,226,483
120,17,107,7332,82,65869,226,483
120,17,107,7332,82,65869,226,483
120,17,107,7332,82,65869,226,483
120,17,107,7332,82,65869,226,483
120,17,107,7332,82,65869,226,483
120,17,107,7332,82,65869,226,483
120,17,107,7332,82,65869,226,483
120,17,107,7332,82,65869,226,483
120,17,107,7332,82,65869,226,483
120,17,107,7332,82,65869,226,483
120,17,107,7332,82,65869,226,483
120,17,107,7332,82,65869,226,483
120,17,107,7332,82,65869,226,483
120,17,107,7332,82,65869,226,483
120,17,107,7332,82,65869,226,483
120,17,107,7332,82,65869,226,483
120,17,107,7332,82,65869,226,483
120,17,107,7332,82,65869,226,483
120,17,107,7332,82,65869,226,483
120,17,107,7332,82,65869,226,483
120,17,107,7332,82,65869,226,483
120,17,107,7332,82,65869,226,483
120,17,107,7332,82,65869,226,483
120,17,107,7332,82,65869,226,483
120,17,107,7332,82,65869,226,483
120,17,107,7332,82,65869,226,483
120,17,107,7332,82,65869,226,483
120,17,107,7332,82,65869,226,483
120,17,107,7332,82,65869,226,483
120,17,107,7332,82,65869,226,483
120,17,107,7332,82,65869,226,483
120,17,107,7332,82,65869,226,483
120,17,107,7332,82,65869,226,483
120,17,107,7332,82,65869,226,483
120,17,107,7332,82,65869,226,483
120,17,107,7332,82,65869,226,483
120,17,107,7332,82,65869,226,483
120,17,107,7332,82,65869,226,483
120,17,107,7332,82,65869,226,483
120,17,107,7332,82,65869,226,483
120,17,107,7332,82,65869,226,483
120,17,107,7332,82,65869,226,483
120,17,107,7332,82,65869,226,483
120,17,107,7332,82,65869,226,483
120,17,107,7332,82,65869,226,483
120,17,107,7332,82,65869,226,483
120,17,107,7332,82,65869,226,483
120,17,107,7332,82,65869,226,483
120,17,107,7332,82,65869,226,483
120,17,107,7332,82,65869,226,483
120,17,107,7332,82,65869,226,483
120,17,107,7332,82,65869,226,483
120,17,107,7332,82,65869,226,483
120,17,107,7332,82,65869,226,483
120,17,107,7332,82,65869,226,483
120,17,107,7332,82,65869,226,483
120,17,107,7332,82,65869,226,4