Time,RSteps,X,Y,Z
120,0,617,4614,85,06006,295,2211
120,0,617,4614,85,06006,295,2211
120,0,617,4614,85,06006,295,2211
120,0,617,4614,85,06006,295,2211
120,0,617,4614,85,06006,295,2211
120,0,617,4614,85,06006,295,2211
120,0,617,4614,85,06006,295,2211
120,0,617,4614,85,06006,295,2211
120,0,617,4614,85,06006,295,2211
120,0,617,4614,85,06006,295,2211
120,0,617,4614,85,06006,295,2211
120,0,617,4614,85,06006,295,2211
120,0,617,4614,85,06006,295,2211
120,0,617,4614,85,06006,295,2211
120,0,617,4614,85,06006,295,2211
120,0,617,4614,85,06006,295,2211
120,0,617,4614,85,06006,295,2211
120,0,617,4614,85,06006,295,2211
120,0,617,4614,85,06006,295,2211
120,0,617,4614,85,06006,295,2211
120,0,617,4614,85,06006,295,2211
120,0,617,4614,85,06006,295,2211
120,0,617,4614,85,06006,295,2211
120,0,617,4614,85,06006,295,2211
120,0,617,4614,85,06006,295,2211
120,0,617,4614,85,06006,295,2211
120,0,617,4614,85,06006,295,2211
120,0,617,4614,85,06006,295,2211
120,0,617,4614,85,06006,295,2211
120,0,617,4614,85,06006,295,2211
120,0,617,4614,85,06006,295,2211
120,0,617,4614,85,06006,295,2211
120,0,617,4614,85,06006,295,2211
120,0,617,4614,85,06006,295,2211
120,0,617,4614,85,06006,295,2211
120,0,617,4614,85,06006,295,2211
120,0,617,4614,85,06006,295,2211
120,0,617,4614,85,06006,295,2211
120,0,617,4614,85,06006,295,2211
120,0,617,4614,85,06006,295,2211
120,0,617,374,85,07861,295,1995
120,0,617,2883,85,09717,295,1782
120,0,617,2883,85,09717,295,1782
120,0,617,2058,85,11475,295,1577
120,0,617,1245,85,13232,295,1377
120,0,617,1245,85,13232,295,1377
120,0,617,0281,85,15283,295,1138
120,0,617,0281,85,15283,295,1138
120,0,616,9326,85,17334,295,0901
120,0,616,8474,85,19141,295,069
120,0,616,8474,85,19141,295,069
120,0,616,7629,85,20947,295,0481
120,0,616,6738,85,22852,295,026
120,0,616,6738,85,22852,295,026
120,0,616,5872,85,24707,295,0046
120,0,616,4983,85,26611,294,9825
120,0,616,4983,85,26611,294,9825
120,0,616,3979,85,2876,294,9576
120,0,616,3979,85,2876,294,9576
120,0,616,3079,85,30713,294,9353
120,0,616,2168,85,32617,294,9128
120,0,616,2168,85,32617,294,9128
120,0,616,1252,85,34619,294,8901
120,0,616,0242,85,36768,294,8651
120,0,616,0242,85,36768,294,8651
120,0,615,9431,85,38477,294,845
120,0,615,9431,85,38477,294,845
120,0,615,8545,85,40381,294,8231
120,0,615,7651,85,42285,294,801
120,0,615,7651,85,42285,294,801
120,0,615,6721,85,44287,294,778
120,0,615,5796,85,46289,294,755
120,0,615,5796,85,46289,294,755
120,0,615,5012,85,47949,294,7356
120,0,615,4146,85,49805,294,7141
120,0,615,4146,85,49805,294,7141
120,0,615,3223,85,51758,294,6913
120,0,615,2317,85,53711,294,6689
120,0,615,2317,85,53711,294,6689
120,0,615,1704,85,55029,294,6537
120,0,615,0803,85,56445,294,6306
120,0,615,0803,85,56445,294,6306
120,0,614,9949,85,57813,294,6088
120,0,614,9949,85,57813,294,6088
120,0,614,9099,85,5918,294,5869
120,0,614,8157,85,60645,294,5627
120,0,614,8157,85,60645,294,5627
120,0,614,7224,85,62109,294,5389
120,0,614,6321,85,63574,294,5159
120,0,614,6321,85,63574,294,5159
120,1,614,5408,85,6499,294,4924
120,1,614,4451,85,66553,294,4678
120,1,614,4451,85,66553,294,4678
120,1,614,3579,85,6792,294,4456
120,1,614,2769,85,69189,294,4248
120,1,614,2769,85,69189,294,4248
120,1,614,1895,85,70605,294,4023
120,1,614,1042,85,71924,294,3805
120,1,614,1042,85,71924,294,3805
120,1,614,0171,85,73291,294,3582
120,1,613,9385,85,74561,294,3381
120,1,613,9385,85,74561,294,3381
120,1,613,8525,85,75928,294,316
120,1,613,7644,85,77344,294,2935
120,1,613,7644,85,77344,294,2935
120,1,613,6782,85,78662,294,2715
120,1,613,6782,85,78662,294,2715
120,1,613,5828,85,80176,294,2469
120,1,613,4958,85,81592,294,2247
120,1,613,4958,85,81592,294,2247
120,1,613,4033,85,83057,294,2009
120,1,613,3145,85,84473,294,1782
120,1,613,3145,85,84473,294,1782
120,1,613,2224,85,85889,294,1547
120,1,613,1418,85,87207,294,134
120,1,613,1418,85,87207,294,134
120,1,613,0486,85,88672,294,1101
120,1,612,9653,85,8999,294,0887
120,1,612,9653,85,8999,294,0887
120,1,612,8679,85,91553,294,0638
120,1,612,7839,85,92871,294,0424
120,1,612,7839,85,92871,294,0424
120,1,612,7019,85,94141,294,0212
120,1,612,6111,85,95605,293,998
120,1,612,6111,85,95605,293,998
120,1,612,5276,85,96924,293,9767
120,1,612,5276,85,96924,293,9767
120,1,612,4407,85,98291,293,9543
120,1,612,4407,85,98291,293,9543
120,1,612,3953,85,99023,293,9427
120,1,612,3074,85,99951,293,9016
120,1,612,3074,85,99951,293,9016
120,1,612,3074,85,99951,293,9016
120,1,612,2183,86,00928,293,8599
120,1,612,094,86,02246,293,8018
120,1,612,094,86,02246,293,8018
120,1,612,0178,86,03076,293,7661
120,1,611,929,86,04053,293,7246
120,1,611,929,86,04053,293,7246
120,1,611,8354,86,05029,293,6809
120,1,611,8354,86,05029,293,6809
120,1,611,7566,86,05908,293,6439
120,1,611,6589,86,06934,293,5983
120,1,611,593,86,07666,293,5674
120,1,611,5203,86,08447,293,5334
120,1,611,5203,86,08447,293,5334
120,1,611,4573,86,09131,293,5039
120,1,611,3916,86,09814,293,4731
120,1,611,3237,86,10547,293,4414
120,1,611,2642,86,1123,293,4135
120,1,611,2073,86,11816,293,387
120,1,611,1477,86,12451,293,359
120,1,611,0894,86,13086,293,3317
120,1,611,0298,86,13721,293,3037
120,1,611,0298,86,13721,293,3037
120,1,610,9719,86,14355,293,2767
120,1,610,9109,86,1499,293,2482
120,1,610,8191,86,16016,293,2051
120,1,610,8191,86,16016,293,2051
120,1,610,7571,86,1665,293,1761
120,1,610,698,86,17285,293,1484
120,1,610,6409,86,1792,293,1218
120,1,610,5869,86,18506,293,0966
120,1,610,53,86,19092,293,0701
120,1,610,4763,86,19678,293,0448
120,1,610,4241,86,20264,293,0204
120,1,610,366,86,20898,292,9932
120,1,610,3093,86,21484,292,9668
120,1,610,2603,86,22021,292,9437
120,1,610,2107,86,22559,292,9005
120,1,610,1655,86,23047,292,8613
120,1,610,1189,86,23535,292,8208
120,1,610,0747,86,24023,292,7822
120,1,610,0305,86,24463,292,7439
120,1,609,9854,86,24951,292,7046
120,1,609,9421,86,25439,292,6669
120,1,609,8945,86,25928,292,6255
120,1,609,8469,86,26465,292,5841
120,1,609,801,86,26953,292,5442
120,1,609,7551,86,27441,292,5042
120,1,609,7129,86,27881,292,4674
120,1,609,6682,86,28369,292,4285
120,1,609,6243,86,28857,292,3903
120,1,609,5789,86,29346,292,3508
120,1,609,5317,86,29834,292,3098
120,1,609,4851,86,30322,292,2693
120,1,609,4392,86,30811,292,2292
120,1,609,395,86,31299,292,1908
120,1,609,3499,86,31787,292,1515
120,1,609,3054,86,32275,292,1128
120,1,609,2629,86,32715,292,0758
120,1,609,2141,86,33252,292,0333
120,1,609,1716,86,33691,291,9963
120,1,609,1279,86,3418,291,9584
120,1,609,0857,86,34619,291,9218
120,1,609,0432,86,35059,291,8848
120,1,609,0017,86,35547,291,8486
120,1,608,9595,86,35986,291,8119
120,1,608,9148,86,36475,291,7728
120,1,608,8718,86,36914,291,7355
120,1,608,8269,86,37402,291,6965
120,1,608,7378,86,3833,291,619
120,1,608,6941,86,38818,291,5808
120,1,608,6511,86,39307,291,5436
120,1,608,6096,86,39746,291,5073
120,1,608,5691,86,40186,291,4723
120,1,608,5244,86,40625,291,4332
120,1,608,4897,86,41016,291,4031
120,1,608,457,86,41553,291,3593
120,1,608,4226,86,4209,291,313
120,1,608,3921,86,42627,291,2721
120,1,608,3582,86,43164,291,2264
120,1,608,3264,86,43652,291,1838
120,1,608,2629,86,44727,291,0989
120,1,608,2319,86,45215,291,0574
120,1,608,2,86,45752,291,0144
120,1,608,1663,86,46289,290,9692
120,1,608,1321,86,46826,290,9231
120,1,608,0977,86,47412,290,877
120,1,608,0654,86,479,290,834
120,2,608,0332,86,48438,290,7908
120,2,608,0022,86,48926,290,7491
120,2,607,9382,86,5,290,6633
120,2,607,9075,86,50488,290,6218
120,2,607,8772,86,50977,290,5815
120,2,607,8445,86,51514,290,5374
120,2,607,8125,86,52051,290,4945
120,2,607,7776,86,52588,290,4475
120,2,607,7461,86,53125,290,4054
120,2,607,7146,86,53613,290,3634
120,2,607,6831,86,5415,290,3209
120,2,607,6201,86,55176,290,2365
120,2,607,5881,86,55664,290,1936
120,2,607,5598,86,56152,290,1554
120,2,607,5266,86,56689,290,1112
120,2,607,4961,86,57178,290,0701
120,2,607,4656,86,57666,290,0293
120,2,607,4302,86,58252,289,9817
120,2,607,3696,86,59229,289,9005
120,2,607,3384,86,59766,289,8584
120,2,607,3093,86,60205,289,8196
120,2,607,2781,86,60742,289,7773
120,2,607,2468,86,6123,289,7356
120,2,607,217,86,61719,289,6958
120,2,607,155,86,62744,289,6123
120,2,607,1226,86,63281,289,5691
120,2,607,0908,86,6377,289,5264
120,2,607,0576,86,64307,289,4818
120,2,607,0266,86,64844,289,4402
120,2,606,9929,86,65381,289,395
120,2,606,9626,86,65869,289,3542
120,2,606,9307,86,66406,289,3115
120,2,606,8687,86,67383,289,2283
120,2,606,8379,86,67871,289,187
120,2,606,8081,86,68359,289,1472
120,2,606,7747,86,68945,289,1023
120,2,606,7449,86,69434,289,0621
120,2,606,7136,86,69922,289,0203
120,2,606,6848,86,70361,288,9817
120,2,606,656,86,7085,288,9429
120,2,606,6189,86,71631,288,8757
120,2,606,5942,86,72168,288,8275
120,2,606,5942,86,72168,288,8275
120,2,606,5942,86,72168,288,8275
120,2,606,5942,86,72168,288,8275
120,2,606,5942,86,72168,288,8275
120,2,606,5696,86,72705,288,7792
120,2,606,5696,86,72705,288,7792
120,2,606,5696,86,72705,288,7792
120,2,606,4338,86,75684,288,5132
120,2,606,3679,86,77148,288,3837
120,2,606,3413,86,77734,288,3314
120,2,606,2942,86,7876,288,2393
120,2,606,2703,86,79297,288,1923
120,2,606,2483,86,79785,288,1492
120,2,606,2234,86,80322,288,1005
120,2,606,1975,86,80859,288,0497
120,2,606,1736,86,81396,288,0027
120,2,606,1487,86,81934,287,9539
120,2,606,1018,86,82959,287,8622
120,2,606,0791,86,83496,287,8176
120,2,606,0547,86,84033,287,7695
120,2,606,0313,86,84521,287,7238
120,2,606,0042,86,85107,287,6707
120,2,605,98,86,85645,287,6233
120,2,605,9565,86,86182,287,5773
120,2,605,9116,86,87158,287,4893
120,2,605,8889,86,87646,287,4447
120,2,605,8672,86,88135,287,4021
120,2,605,8445,86,88623,287,3574
120,2,605,822,86,89111,287,3135
120,2,605,7976,86,89648,287,2659
120,2,605,7517,86,90674,287,1758
120,2,605,7517,86,90674,287,1758
120,2,605,6963,86,91895,287,0671
120,2,605,6729,86,92432,287,021
120,2,605,6504,86,9292,286,9772
120,2,605,6282,86,93408,286,9333
120,2,605,6042,86,93896,286,8867
120,2,605,5593,86,94922,286,7988
120,2,605,5364,86,9541,286,7539
120,2,605,5139,86,95898,286,7095
120,2,605,4895,86,96436,286,6616
120,2,605,4656,86,96973,286,615
120,2,605,4404,86,9751,286,5657
120,2,605,4167,86,98047,286,5192
120,2,605,3696,86,99072,286,4268
120,2,605,3469,86,99561,286,3823
120,2,605,3237,87,00098,286,3368
120,2,605,301,87,00586,286,292
120,2,605,2786,87,01074,286,2482
120,2,605,2537,87,01611,286,1997
120,2,605,2302,87,02148,286,1533
120,2,605,2034,87,02734,286,1008
120,2,605,177,87,0332,286,0488
120,2,605,1501,87,03906,285,9962
120,2,605,0994,87,05029,285,8971
120,2,605,0774,87,05518,285,8536
120,2,605,0544,87,06006,285,8088
120,2,605,0325,87,06494,285,7656
120,2,605,0095,87,06982,285,7207
120,2,604,9653,87,07959,285,6342
120,2,604,9436,87,08447,285,5916
120,2,604,9211,87,08936,285,5474
120,2,604,8972,87,09473,285,5006
120,2,604,873,87,1001,285,4531
120,2,604,8264,87,11035,285,3621
120,2,604,804,87,11523,285,3179
120,2,604,781,87,12012,285,2728
120,2,604,7532,87,12793,285,2285
120,2,604,7244,87,13623,285,1826
120,2,604,6958,87,14453,285,1371
120,2,604,6694,87,15186,285,0951
120,2,604,6389,87,16064,285,0466
120,2,604,6094,87,16895,284,9998
120,2,604,5798,87,17725,284,9525
120,2,604,5229,87,19336,284,8623
120,2,604,5229,87,19336,284,8623
120,2,604,4951,87,20117,284,8179
120,2,604,4412,87,21631,284,7321
120,2,604,4097,87,22559,284,6819
120,2,604,3806,87,2334,284,6356
120,2,604,353,87,2417,284,5917
120,2,604,325,87,24951,284,5472
120,2,604,2966,87,25732,284,5017
120,2,604,2683,87,26563,284,4569
120,2,604,2292,87,27637,284,395
120,2,604,2,87,28467,284,348
120,2,604,1716,87,29297,284,3031
120,2,604,1116,87,31006,284,2075
120,2,604,084,87,31787,284,1636
120,2,604,0566,87,32568,284,12
120,2,604,0293,87,33301,284,0767
120,2,603,9993,87,3418,284,0287
120,2,603,9707,87,34961,283,9834
120,2,603,9417,87,35791,283,9368
120,2,603,9141,87,36572,283,8931
120,2,603,8831,87,37451,283,8438
120,2,603,8528,87,3833,283,7954
120,2,603,8223,87,39209,283,7472
120,2,603,7932,87,40039,283,7008
120,2,603,7654,87,4082,283,6565
120,2,603,7043,87,42529,283,5592
120,2,603,6748,87,43359,283,5123
120,2,603,6462,87,44189,283,4669
120,2,603,6125,87,45117,283,4133
120,2,603,5842,87,45947,283,3684
120,2,603,5564,87,46729,283,324
120,2,603,5269,87,47559,283,2771
120,2,603,498,87,48389,283,2311
120,2,603,4756,87,49023,283,1953
120,2,603,4756,87,49023,283,1953
120,2,603,4756,87,49023,283,1953
120,2,603,4756,87,49023,283,1953
120,2,603,4756,87,49023,283,1953
120,2,603,4756,87,49023,283,1953
120,2,603,4756,87,49023,283,1953
120,2,603,4756,87,49023,283,1953
120,2,603,4756,87,49023,283,1953
120,2,603,4756,87,49023,283,1953
120,2,603,4756,87,49023,283,1953
120,2,603,4756,87,49023,283,1953
120,2,603,4756,87,49023,283,1953
120,2,603,4756,87,49023,283,1953
120,2,603,4756,87,49023,283,1953
120,2,603,4756,87,49023,283,1953
120,2,603,4756,87,49023,283,1953
120,2,603,4756,87,49023,283,1953
120,2,603,4756,87,49023,283,1953
120,2,603,4756,87,49023,283,1953
120,2,603,4756,87,49023,283,1953
120,2,603,4756,87,49023,283,1953
120,2,603,4756,87,49023,283,1953
120,2,603,4756,87,49023,283,1953
120,2,603,4756,87,49023,283,1953
120,2,603,4756,87,49023,283,1953
120,2,603,4756,87,49023,283,1953
120,2,603,4756,87,49023,283,1953
120,2,603,4756,87,49023,283,1953
120,2,603,4756,87,49023,283,1953
120,2,603,4756,87,49023,283,1953
120,2,603,4756,87,49023,283,1953
120,2,603,4756,87,49023,283,1953
120,2,603,4756,87,49023,283,1953
120,2,603,4756,87,49023,283,1953
120,2,603,4756,87,49023,283,1953
120,2,603,4756,87,49023,283,1953
120,2,603,4756,87,49023,283,1953
120,2,603,4756,87,49023,283,1953
120,2,603,4756,87,49023,283,1953
120,2,603,4756,87,49023,283,1953
120,2,603,4756,87,49023,283,1953
120,2,603,4756,87,49023,283,1953
120,2,603,4756,87,49023,283,1953
120,2,603,4756,87,49023,283,1953
120,2,603,4756,87,49023,283,1953
120,2,603,4756,87,49023,283,1953
120,2,603,4756,87,49023,283,1953
120,2,603,4756,87,49023,283,1953
120,2,603,4756,87,49023,283,1953
120,2,603,4756,87,49023,283,1953
120,2,603,4756,87,49023,283,1953
120,2,603,4756,87,49023,283,1953
120,2,603,4756,87,49023,283,1953
120,2,603,4756,87,49023,283,1953
120,2,603,4756,87,49023,283,1953
120,2,603,4756,87,49023,283,1953
120,2,603,4756,87,49023,283,1953
120,2,603,4756,87,49023,283,1953
120,2,603,4756,87,49023,283,1953
120,2,603,4756,87,49023,283,1953
120,2,603,4756,87,49023,283,1953
120,2,603,4756,87,49023,283,1953
120,2,603,4756,87,49023,283,1953
120,2,603,4756,87,49023,283,1953
120,2,603,4756,87,49023,283,1953
120,2,603,4756,87,49023,283,1953
120,2,603,4756,87,49023,283,1953
120,2,603,4756,87,49023,283,1953
120,2,603,4756,87,49023,283,1953
120,2,603,4756,87,49023,283,1953
120,2,603,4756,87,49023,283,1953
120,2,603,4756,87,49023,283,1953
120,2,603,4756,87,49023,283,1953
120,2,603,4756,87,49023,283,1953
120,2,603,4756,87,49023,283,1953
120,2,603,4756,87,49023,283,1953
120,2,603,4756,87,49023,283,1953
120,2,603,4756,87,49023,283,1953
120,2,603,4756,87,49023,283,1953
120,2,603,4756,87,49023,283,1953
120,2,603,4756,87,49023,283,1953
120,2,603,4756,87,49023,283,1953
120,2,603,4756,87,49023,283,1953
120,2,603,4756,87,49023,283,1953
120,2,603,4756,87,49023,283,1953
120,2,603,4756,87,49023,283,1953
120,2,603,4756,87,49023,283,1953
120,2,603,4756,87,49023,283,1953
120,2,603,4756,87,49023,283,1953
120,2,603,4756,87,49023,283,1953
120,2,603,4756,87,49023,283,1953
120,2,603,4756,87,49023,283,1953
120,2,603,4756,87,49023,283,1953
120,2,603,4756,87,49023,283,1953
120,2,603,4756,87,49023,283,1953
120,2,603,4756,87,49023,283,1953
120,2,603,4756,87,49023,283,1953
120,2,603,4756,87,49023,283,1953
120,2,603,4756,87,49023,283,1953
120,2,603,4756,87,49023,283,1953
120,2,603,4756,87,49023,283,1953
120,2,603,4756,87,49023,283,1953
120,2,603,4756,87,49023,283,1953
120,2,603,4756,87,49023,283,1953
120,2,603,4756,87,49023,283,1953
120,2,603,4756,87,49023,283,1953
120,2,603,4756,87,49023,283,1953
120,2,603,4756,87,49023,283,1953
120,2,603,4756,87,49023,283,1953
120,2,603,4756,87,49023,283,1953
120,2,603,4756,87,49023,283,1953
120,2,603,4756,87,49023,283,1953
120,2,603,4756,87,49023,283,1953
120,2,603,4756,87,49023,283,1953
120,2,603,4756,87,49023,283,1953
120,2,603,4756,87,49023,283,1953
120,2,603,4756,87,49023,283,1953
120,2,603,4756,87,49023,283,1953
120,2,603,4756,87,49023,283,1953
120,2,603,4756,87,49023,283,1953
120,2,603,4756,87,49023,283,1953
120,2,603,4756,87,49023,283,1953
120,2,603,4756,87,49023,283,1953
120,2,603,4756,87,49023,283,1953
120,2,603,4756,87,49023,283,1953
120,2,603,4756,87,49023,283,1953
120,2,603,4756,87,49023,283,1953
120,2,603,4756,87,49023,283,1953
120,2,603,4756,87,49023,283,1953
120,2,603,4756,87,49023,283,1953
120,2,603,4756,87,49023,283,1953
120,2,603,4756,87,49023,283,1953
120,2,603,4756,87,49023,283,1953
120,2,603,4756,87,49023,283,1953
120,2,603,4756,87,49023,283,1953
120,2,603,4756,87,49023,283,1953
120,2,603,4756,87,49023,283,1953
120,2,603,4756,87,49023,283,1953
120,2,603,4756,87,49023,283,1953
120,2,603,4756,87,49023,283,1953
120,2,603,4756,87,49023,283,1953
120,2,603,4756,87,49023,283,1953
120,2,603,4756,87,49023,283,1953
120,2,603,4756,87,49023,283,1953
120,2,603,4756,87,49023,283,1953
120,2,603,4756,87,49023,283,1953
120,2,603,4756,87,49023,283,1953
120,2,603,4756,87,49023,283,1953
120,2,603,4756,87,49023,283,1953
120,2,603,4756,87,49023,283,1953
120,2,603,4756,87,49023,283,1953
120,2,603,4756,87,49023,283,1953
120,2,603,4756,87,49023,283,1953
120,2,603,4756,87,49023,283,1953
120,2,603,4756,87,49023,283,1953
120,2,603,4756,87,49023,283,1953
120,2,603,4756,87,49023,283,1953
120,2,603,4756,87,49023,283,1953
120,2,603,4756,87,49023,283,1953
120,2,603,4756,87,49023,283,1953
120,2,603,4756,87,49023,283,1953
120,2,603,4756,87,49023,283,1953
120,2,603,4756,87,49023,283,1953
120,2,603,4756,87,49023,283,1953
120,2,603,4756,87,49023,283,1953
120,2,603,4756,87,49023,283,1953
120,2,603,4756,87,49023,283,1953
120,2,603,4756,87,49023,283,1953
120,2,603,4756,87,49023,283,1953
120,2,603,4756,87,49023,283,1953
120,2,603,4756,87,49023,283,1953
120,2,603,4756,87,49023,283,1953
120,2,603,4756,87,49023,283,1953
120,2,603,4756,87,49023,283,1953
120,2,603,4756,87,49023,283,1953
120,2,603,4756,87,49023,283,1953
120,2,603,4756,87,49023,283,1953
120,2,603,4756,87,49023,283,1953
120,2,603,4756,87,49023,283,1953
120,2,603,4756,87,49023,283,1953
120,2,603,4756,87,49023,283,1953
120,2,603,4756,87,49023,283,1953
120,2,603,4756,87,49023,283,1953
120,2,603,4756,87,49023,283,1953
120,2,603,4756,87,49023,283,1953
120,2,603,4756,87,49023,283,1953
120,2,603,4756,87,49023,283,1953
120,2,603,4756,87,49023,283,1953
120,2,603,4756,87,49023,283,1953
120,2,603,4756,87,49023,283,1953
120,2,603,4756,87,49023,283,1953
120,2,603,4756,87,49023,283,1953
120,2,603,4756,87,49023,283,1953
120,2,603,4756,87,49023,283,1953
120,2,603,4756,87,49023,283,1953
120,2,603,4756,87,49023,283,1953
120,2,603,4756,87,49023,283,1953
120,2,603,4756,87,49023,283,1953
120,2,603,4756,87,49023,283,1953
120,2,603,4756,87,49023,283,1953
120,2,603,4756,87,49023,283,1953
120,2,603,4756,87,49023,283,1953
120,2,603,4756,87,49023,283,1953
120,2,603,4756,87,49023,283,1953
120,2,603,4756,87,49023,283,1953
120,2,603,4756,87,49023,283,1953
120,2,603,4756,87,49023,283,1953
120,2,603,4756,87,49023,283,1953
120,2,603,4756,87,49023,283,1953
120,2,603,4756,87,49023,283,1953
120,2,603,4756,87,49023,283,1953
120,2,603,4756,87,49023,283,1953
120,2,603,4756,87,49023,283,1953
120,2,603,4756,87,49023,283,1953
120,2,603,4756,87,49023,283,1953
120,2,603,4756,87,49023,283,1953
120,2,603,4756,87,49023,283,1953
120,2,603,4756,87,49023,283,1953
120,2,603,4756,87,49023,283,1953
120,2,603,4756,87,49023,283,1953
120,2,603,4756,87,49023,283,1953
120,2,603,4756,87,49023,283,1953
120,2,603,4756,87,49023,283,1953
120,2,603,4756,87,49023,283,1953
120,2,603,4756,87,49023,283,1953
120,2,603,4756,87,49023,283,1953
120,2,603,4756,87,49023,283,1953
120,2,603,4756,87,49023,283,1953
120,2,603,4756,87,49023,283,1953
120,2,603,4756,87,49023,283,1953
120,2,603,4756,87,49023,283,1953
120,2,603,4756,87,49023,283,1953
120,2,603,4756,87,49023,283,1953
120,2,603,4756,87,49023,283,1953
120,2,603,4756,87,49023,283,1953
120,2,603,4756,87,49023,283,1953
120,2,603,4756,87,49023,283,1953
120,2,603,4756,87,49023,283,1953
120,2,603,4756,87,49023,283,1953
120,2,603,4756,87,49023,283,1953
120,2,603,4756,87,49023,283,1953
120,2,603,4756,87,49023,283,1953
120,2,603,4756,87,49023,283,1953
120,2,603,4756,87,49023,283,1953
120,2,603,4756,87,49023,283,1953
120,2,603,4756,87,49023,283,1953
120,2,603,4756,87,49023,283,1953
120,2,603,4756,87,49023,283,1953
120,2,603,4756,87,49023,283,1953
120,2,603,4756,87,49023,283,1953
120,2,603,4756,87,49023,283,1953
120,2,603,4756,87,49023,283,1953
120,2,603,4756,87,49023,283,1953
120,2,603,4756,87,49023,283,1953
120,2,603,4756,87,49023,283,1953
120,2,603,4756,87,49023,283,1953
120,2,603,4756,87,49023,283,1953
120,2,603,4756,87,49023,283,1953
120,2,603,4756,87,49023,283,1953
120,2,603,4756,87,49023,283,1953
120,2,603,4756,87,49023,283,1953
120,2,603,4756,87,49023,283,1953
120,2,603,4756,87,49023,283,1953
120,2,603,4756,87,49023,283,1953
120,2,603,4756,87,49023,283,1953
120,2,603,4756,87,49023,283,1953
120,2,603,4756,87,49023,283,1953
120,2,603,4756,87,49023,283,1953
120,2,603,4756,87,49023,283,1953
120,2,603,4756,87,49023,283,1953
120,2,603,4756,87,49023,283,1953
120,2,603,4756,87,49023,283,1953
120,2,603,4756,87,49023,283,1953
120,2,603,4756,87,49023,283,1953
120,2,603,4756,87,49023,283,1953
120,2,603,4756,87,49023,283,1953
120,3,603,4756,87,49023,283,1953
120,3,603,4756,87,49023,283,1953
120,3,603,4485,87,49658,283,1487
120,3,603,4006,87,5083,283,0657
120,3,603,374,87,51416,283,02
120,3,603,3491,87,52051,282,9769
120,3,603,3245,87,52637,282,9342
120,3,603,2966,87,53271,282,8865
120,3,603,2473,87,54443,282,801
120,3,603,2236,87,55029,282,7603
120,3,603,1997,87,55566,282,7191
120,3,603,1755,87,56152,282,6772
120,3,603,1501,87,56738,282,6335
120,3,603,1028,87,5791,282,5515
120,3,603,0759,87,58545,282,5055
120,3,603,0505,87,59131,282,4617
120,3,603,0242,87,59766,282,4161
120,3,602,9937,87,60498,282,3633
120,3,602,9688,87,61084,282,3203
120,3,602,9431,87,6167,282,276
120,3,602,8938,87,62842,282,1907
120,3,602,8701,87,63428,282,15
120,3,602,8452,87,64014,282,1069
120,3,602,821,87,646,282,0651
120,3,602,7952,87,65186,282,0206
120,3,602,7437,87,66455,281,9314
120,3,602,719,87,67041,281,889
120,3,602,6936,87,67627,281,8452
120,3,602,6697,87,68213,281,8037
120,3,602,6448,87,68799,281,7606
120,3,602,5957,87,69971,281,676
120,3,602,5713,87,70508,281,634
120,3,602,5464,87,71143,281,5909
120,3,602,5205,87,71729,281,5464
120,3,602,4924,87,72412,281,4978
120,3,602,467,87,72998,281,4541
120,3,602,4373,87,7373,281,4026
120,3,602,4099,87,74365,281,3556
120,3,602,3806,87,75049,281,3049
120,3,602,3274,87,76318,281,213
120,3,602,2998,87,77002,281,1654
120,3,602,2761,87,77539,281,1244
120,3,602,2498,87,78174,281,0786
120,3,602,2256,87,7876,281,0369
120,3,602,2002,87,79346,280,9933
120,3,602,1482,87,80615,280,9036
120,3,602,1206,87,8125,280,856
120,3,602,094,87,81885,280,8101
120,3,602,0684,87,8252,280,7657
120,3,602,041,87,83154,280,7184
120,3,602,0146,87,83789,280,673
120,3,601,9873,87,84424,280,6255
120,3,601,9617,87,8501,280,5815
120,3,601,9353,87,85645,280,536
120,3,601,8992,87,86523,280,4735
120,3,601,8704,87,87207,280,4238
120,3,601,8193,87,88428,280,3358
120,3,601,7949,87,89014,280,2936
120,3,601,769,87,896,280,2488
120,3,601,7366,87,90381,280,1925
120,3,601,7107,87,91016,280,1479
120,3,601,6853,87,91602,280,1042
120,3,601,6565,87,92285,280,0547
120,3,601,6311,87,9292,280,0107
120,3,601,605,87,93506,279,9655
120,3,601,5503,87,94824,279,8711
120,3,601,5242,87,95459,279,8263
120,3,601,4963,87,96094,279,7781
120,3,601,47,87,96729,279,7322
120,3,601,4441,87,97363,279,6876
120,3,601,4197,87,97949,279,6454
120,3,601,3931,87,98535,279,5997
120,3,601,3413,87,99805,279,5104
120,3,601,3325,88,279,4951
120,3,601,3101,88,00391,279,452
120,3,601,2839,88,00879,279,4016
120,3,601,2588,88,01367,279,3535
120,3,601,2344,88,01807,279,307
120,3,601,209,88,02295,279,2581
120,3,601,1624,88,03125,279,1687
120,3,601,1379,88,03613,279,1221
120,3,601,116,88,04004,279,0795
120,3,601,0916,88,04443,279,033
120,3,601,0679,88,04883,278,9873
120,3,601,0425,88,05371,278,9387
120,3,600,9963,88,06201,278,8501
120,3,600,9739,88,06641,278,8073
120,3,600,9509,88,07031,278,7632
120,3,600,928,88,07471,278,7189
120,3,600,9038,88,0791,278,6727
120,3,600,8809,88,0835,278,6287
120,3,600,8315,88,09229,278,5341
120,3,600,8057,88,09717,278,4846
120,3,600,7788,88,10205,278,4329
120,3,600,7539,88,10693,278,3854
120,3,600,7292,88,11133,278,3379
120,3,600,7063,88,11572,278,2937
120,3,600,6819,88,12012,278,2467
120,3,600,6548,88,125,278,1951
120,3,600,6282,88,12988,278,144
120,3,600,6023,88,13477,278,0942
120,3,600,5527,88,14404,277,9994
120,3,600,5288,88,14844,277,9532
120,3,600,5061,88,15283,277,9097
120,3,600,4817,88,15723,277,8632
120,3,600,458,88,16162,277,8176
120,3,600,4333,88,16602,277,7705
120,3,600,4099,88,17041,277,7255
120,3,600,3601,88,17969,277,6299
120,3,600,3376,88,18359,277,5869
120,3,600,3164,88,1875,277,546
120,4,600,2942,88,19189,277,5032
120,4,600,2708,88,1958,277,4584
120,4,600,2224,88,20508,277,3656
120,4,600,1997,88,20898,277,322
120,4,600,1753,88,21387,277,2753
120,4,600,1516,88,21777,277,2301
120,4,600,1289,88,22217,277,1862
120,4,600,082,88,23096,277,0964
120,4,600,0593,88,23486,277,0529
120,4,600,0371,88,23926,277,0103
120,4,600,0144,88,24316,276,9663
120,4,599,9893,88,24805,276,9183
120,4,599,9646,88,25244,276,8713
120,4,599,9375,88,25732,276,8191
120,4,599,8906,88,26611,276,7291
120,4,599,8679,88,27051,276,6853
120,4,599,8457,88,27441,276,6432
120,4,599,823,88,27881,276,5996
120,4,599,8,88,28271,276,5552
120,4,599,7537,88,2915,276,4662
120,4,599,7288,88,2959,276,4187
120,4,599,7046,88,30078,276,3724
120,4,599,6799,88,30518,276,3251
120,4,599,6553,88,30957,276,2777
120,4,599,6301,88,31445,276,2295
120,4,599,605,88,31885,276,1814
120,4,599,5769,88,32422,276,1273
120,4,599,5447,88,33008,276,0656
120,4,599,5447,88,33008,276,0656
120,4,599,5173,88,33496,276,0129
120,4,599,478,88,34229,275,9377
120,4,599,4407,88,34912,275,8662
120,4,599,4143,88,354,275,8152
120,4,599,386,88,35938,275,7611
120,4,599,3611,88,36377,275,7133
120,4,599,3342,88,36914,275,6616
120,4,599,3064,88,37402,275,6083
120,4,599,2759,88,37988,275,5499
120,4,599,2476,88,38477,275,4956
120,4,599,2205,88,39014,275,4434
120,4,599,1956,88,39453,275,3956
120,4,599,1448,88,40381,275,2986
120,4,599,1216,88,4082,275,2542
120,4,599,0996,88,41211,275,2119
120,4,599,0774,88,4165,275,1689
120,4,599,0537,88,4209,275,1238
120,4,599,0049,88,42969,275,0303
120,4,598,9817,88,43408,274,9856
120,4,598,9597,88,43799,274,9432
120,4,598,947,88,44043,274,9191
120,4,598,9285,88,44385,274,8712
120,4,598,8926,88,45068,274,7797
120,4,598,874,88,4541,274,7321
120,4,598,8562,88,45752,274,6868
120,4,598,8381,88,46094,274,6407
120,4,598,8188,88,46484,274,5913
120,4,598,7957,88,46924,274,532
120,4,598,7737,88,47314,274,4756
120,4,598,7527,88,47705,274,4221
120,4,598,7319,88,48096,274,3688
120,4,598,7141,88,48438,274,3231
120,4,598,6953,88,48779,274,2749
120,4,598,6528,88,49609,274,1665
120,4,598,6348,88,49951,274,1202
120,4,598,6174,88,50293,274,0757
120,4,598,5991,88,50635,274,0286
120,4,598,5813,88,50928,273,9834
120,4,598,5454,88,51611,273,8915
120,4,598,5281,88,51953,273,8469
120,4,598,5115,88,52295,273,8043
120,4,598,4939,88,52588,273,7598
120,4,598,458,88,53271,273,6675
120,4,598,4399,88,53613,273,6212
120,4,598,4226,88,53955,273,5767
120,4,598,405,88,54297,273,5322
120,4,598,3701,88,54932,273,4429
120,4,598,3525,88,55273,273,3978
120,4,598,3347,88,55615,273,3518
120,4,598,3157,88,55957,273,3035
120,4,598,2979,88,56299,273,2577
120,4,598,26,88,57031,273,161
120,4,598,2429,88,57324,273,1171
120,4,598,2261,88,57666,273,074
120,4,598,2078,88,58008,273,0276
120,4,598,1895,88,5835,272,9803
120,4,598,1538,88,59033,272,8889
120,4,598,136,88,59375,272,8436
120,4,598,1162,88,59717,272,793
120,4,598,0952,88,60156,272,739
120,4,598,0737,88,60547,272,6841
120,4,598,0547,88,60889,272,6355
120,4,598,0354,88,61279,272,5859
120,4,598,0168,88,61621,272,5389
120,4,597,9792,88,62305,272,4426
120,4,597,9607,88,62695,272,3953
120,4,597,9412,88,63037,272,3447
120,4,597,9207,88,63428,272,2926
120,4,597,9023,88,6377,272,2458
120,4,597,8838,88,64111,272,198
120,4,597,8479,88,64795,272,1062
120,4,597,8296,88,65137,272,0596
120,4,597,8113,88,65479,272,0129
120,4,597,7917,88,65869,271,9629
120,4,597,7737,88,66211,271,9164
120,4,597,7546,88,66553,271,8673
120,4,597,7175,88,67285,271,7727
120,4,597,6997,88,67627,271,7269
120,4,597,6824,88,6792,271,6825
120,4,597,6628,88,68311,271,6323
120,4,597,6428,88,68701,271,5817
120,4,597,6228,88,69043,271,5302
120,4,597,6228,88,69043,271,5302
120,4,597,6228,88,69043,271,5302
120,4,597,5994,88,69482,271,4702
120,4,597,52,88,70996,271,2673
120,4,597,5005,88,71387,271,2174
120,4,597,4824,88,71729,271,171
120,4,597,4644,88,7207,271,125
120,4,597,446,88,72412,271,0776
120,4,597,426,88,72754,271,0269
120,4,597,406,88,73145,270,9756
120,4,597,3857,88,73535,270,9235
120,4,597,3635,88,73975,270,8668
120,4,597,325,88,74707,270,7679
120,4,597,3064,88,75049,270,7203
120,4,597,2878,88,75391,270,6729
120,4,597,2678,88,75781,270,6219
120,4,597,2473,88,76172,270,5691
120,4,597,2271,88,76514,270,5177
120,4,597,2024,88,77002,270,4542
120,4,597,1819,88,77393,270,4019
120,4,597,1631,88,77734,270,3538
120,4,597,1443,88,78076,270,306
120,4,597,1074,88,78809,270,2115
120,4,597,0872,88,79199,270,1597
120,4,597,0686,88,79541,270,1121
120,4,597,0493,88,79883,270,0625
120,4,597,0273,88,80322,270,0063
120,4,597,0076,88,80664,269,9556
120,4,596,9905,88,81006,269,9121
120,4,596,9905,88,81006,269,9121
120,4,596,9905,88,81006,269,9121
120,4,596,9905,88,81006,269,9121
120,4,596,9905,88,81006,269,9121
120,4,596,9905,88,81006,269,9121
120,4,596,9905,88,81006,269,9121
120,4,596,9905,88,81006,269,9121
120,4,596,9905,88,81006,269,9121
120,4,596,9905,88,81006,269,9121
120,4,596,9905,88,81006,269,9121
120,4,596,9905,88,81006,269,9121
120,4,596,9905,88,81006,269,9121
120,4,596,9905,88,81006,269,9121
120,4,596,9905,88,81006,269,9121
120,4,596,9905,88,81006,269,9121
120,4,596,9905,88,81006,269,9121
120,4,596,9905,88,81006,269,9121
120,4,596,9905,88,81006,269,9121
120,4,596,9905,88,81006,269,9121
120,4,596,9905,88,81006,269,9121
120,4,596,9905,88,81006,269,9121
120,4,596,9905,88,81006,269,9121
120,4,596,9905,88,81006,269,9121
120,4,596,9905,88,81006,269,9121
120,4,596,9905,88,81006,269,9121
120,4,596,9905,88,81006,269,9121
120,4,596,9905,88,81006,269,9121
120,4,596,9905,88,81006,269,9121
120,4,596,9905,88,81006,269,9121
120,4,596,9905,88,81006,269,9121
120,4,596,9905,88,81006,269,9121
120,4,596,9905,88,81006,269,9121
120,4,596,9905,88,81006,269,9121
120,4,596,9905,88,81006,269,9121
120,4,596,9905,88,81006,269,9121
120,4,596,9905,88,81006,269,9121
120,4,596,9905,88,81006,269,9121
120,4,596,9905,88,81006,269,9121
120,4,596,9905,88,81006,269,9121
120,4,596,9905,88,81006,269,9121
120,4,596,9905,88,81006,269,9121
120,4,596,9905,88,81006,269,9121
120,4,596,9905,88,81006,269,9121
120,4,596,9905,88,81006,269,9121
120,4,596,9905,88,81006,269,9121
120,4,596,9905,88,81006,269,9121
120,4,596,9905,88,81006,269,9121
120,4,596,9905,88,81006,269,9121
120,4,596,9905,88,81006,269,9121
120,4,596,9905,88,81006,269,9121
120,4,596,9905,88,81006,269,9121
120,4,596,9905,88,81006,269,9121
120,4,596,9905,88,81006,269,9121
120,4,596,9905,88,81006,269,9121
120,4,596,9905,88,81006,269,9121
120,4,596,9905,88,81006,269,9121
120,4,596,9905,88,81006,269,9121
120,4,596,9905,88,81006,269,9121
120,4,596,9905,88,81006,269,9121
120,4,596,9905,88,81006,269,9121
120,4,596,9905,88,81006,269,9121
120,4,596,9905,88,81006,269,9121
120,4,596,9905,88,81006,269,9121
120,4,596,9905,88,81006,269,9121
120,4,596,9905,88,81006,269,9121
120,4,596,9905,88,81006,269,9121
120,4,596,9905,88,81006,269,9121
120,4,596,9905,88,81006,269,9121
120,4,596,9905,88,81006,269,9121
120,4,596,9905,88,81006,269,9121
120,4,596,9905,88,81006,269,9121
120,4,596,9905,88,81006,269,9121
120,4,596,9905,88,81006,269,9121
120,4,596,9905,88,81006,269,9121
120,4,596,9905,88,81006,269,9121
120,4,596,9905,88,81006,269,9121
120,4,596,9905,88,81006,269,9121
120,4,596,9905,88,81006,269,9121
120,4,596,9905,88,81006,269,9121
120,4,596,9905,88,81006,269,9121
120,4,596,9905,88,81006,269,9121
120,4,596,9905,88,81006,269,9121
120,4,596,9905,88,81006,269,9121
120,4,596,9905,88,81006,269,9121
120,4,596,9905,88,81006,269,9121
120,4,596,9905,88,81006,269,9121
120,4,596,9905,88,81006,269,9121
120,4,596,9905,88,81006,269,9121
120,4,596,9905,88,81006,269,9121
120,4,596,9905,88,81006,269,9121
120,4,596,9905,88,81006,269,9121
120,4,596,9905,88,81006,269,9121
120,4,596,9905,88,81006,269,9121
120,4,596,9905,88,81006,269,9121
120,4,596,9905,88,81006,269,9121
120,4,596,9905,88,81006,269,9121
120,4,596,9905,88,81006,269,9121
120,4,596,9905,88,81006,269,9121
120,4,596,9905,88,81006,269,9121
120,4,596,9905,88,81006,269,9121
120,4,596,9905,88,81006,269,9121
120,4,596,9905,88,81006,269,9121
120,4,596,9905,88,81006,269,9121
120,4,596,9905,88,81006,269,9121
120,4,596,9905,88,81006,269,9121
120,4,596,9905,88,81006,269,9121
120,4,596,9905,88,81006,269,9121
120,4,596,9905,88,81006,269,9121
120,4,596,9905,88,81006,269,9121
120,4,596,9905,88,81006,269,9121
120,4,596,9905,88,81006,269,9121
120,4,596,9905,88,81006,269,9121
120,4,596,9905,88,81006,269,9121
120,4,596,9905,88,81006,269,9121
120,4,596,9905,88,81006,269,9121
120,4,596,9905,88,81006,269,9121
120,4,596,9905,88,81006,269,9121
120,4,596,9905,88,81006,269,9121
120,4,596,9905,88,81006,269,9121
120,4,596,9905,88,81006,269,9121
120,4,596,9905,88,81006,269,9121
120,4,596,9905,88,81006,269,9121
120,4,596,9905,88,81006,269,9121
120,4,596,9905,88,81006,269,9121
120,4,596,9905,88,81006,269,9121
120,4,596,9905,88,81006,269,9121
120,4,596,9905,88,81006,269,9121
120,4,596,9905,88,81006,269,9121
120,4,596,9905,88,81006,269,9121
120,4,596,9905,88,81006,269,9121
120,4,596,9905,88,81006,269,9121
120,4,596,9905,88,81006,269,9121
120,4,596,9905,88,81006,269,9121
120,4,596,9905,88,81006,269,9121
120,4,596,9905,88,81006,269,9121
120,4,596,9905,88,81006,269,9121
120,4,596,9905,88,81006,269,9121
120,4,596,9905,88,81006,269,9121
120,4,596,9905,88,81006,269,9121
120,4,596,9905,88,81006,269,9121
120,4,596,9905,88,81006,269,9121
120,4,596,9905,88,81006,269,9121
120,4,596,9905,88,81006,269,9121
120,4,596,9905,88,81006,269,9121
120,4,596,9905,88,81006,269,9121
120,4,596,9905,88,81006,269,9121
120,4,596,9905,88,81006,269,9121
120,4,596,9905,88,81006,269,9121
120,4,596,9905,88,81006,269,9121
120,4,596,9905,88,81006,269,9121
120,4,596,9905,88,81006,269,9121
120,4,596,9905,88,81006,269,9121
120,4,596,9905,88,81006,269,9121
120,4,596,9905,88,81006,269,9121
120,4,596,9905,88,81006,269,9121
120,4,596,9905,88,81006,269,9121
120,4,596,9905,88,81006,269,9121
120,4,596,9905,88,81006,269,9121
120,4,596,9905,88,81006,269,9121
120,4,596,9905,88,81006,269,9121
120,4,596,9905,88,81006,269,9121
120,4,596,9905,88,81006,269,9121
120,4,596,9905,88,81006,269,9121
120,4,596,9905,88,81006,269,9121
120,4,596,9905,88,81006,269,9121
120,4,596,9905,88,81006,269,9121
120,4,596,9905,88,81006,269,9121
120,4,596,9905,88,81006,269,9121
120,4,596,9905,88,81006,269,9121
120,4,596,9905,88,81006,269,9121
120,4,596,9905,88,81006,269,9121
120,4,596,9905,88,81006,269,9121
120,4,596,9905,88,81006,269,9121
120,4,596,9905,88,81006,269,9121
120,4,596,9905,88,81006,269,9121
120,4,596,9905,88,81006,269,9121
120,4,596,9905,88,81006,269,9121
120,4,596,9905,88,81006,269,9121
120,4,596,9905,88,81006,269,9121
120,4,596,9905,88,81006,269,9121
120,4,596,9905,88,81006,269,9121
120,4,596,9905,88,81006,269,9121
120,4,596,9905,88,81006,269,9121
120,4,596,9905,88,81006,269,9121
120,4,596,9905,88,81006,269,9121
120,4,596,9905,88,81006,269,9121
120,4,596,9905,88,81006,269,9121
120,4,596,9905,88,81006,269,9121
120,4,596,9905,88,81006,269,9121
120,4,596,9905,88,81006,269,9121
120,4,596,9905,88,81006,269,9121
120,4,596,9905,88,81006,269,9121
120,4,596,9905,88,81006,269,9121
120,4,596,9905,88,81006,269,9121
120,4,596,9905,88,81006,269,9121
120,4,596,9905,88,81006,269,9121
120,4,596,9905,88,81006,269,9121
120,4,596,9905,88,81006,269,9121
120,4,596,9905,88,81006,269,9121
120,4,596,9905,88,81006,269,9121
120,4,596,9905,88,81006,269,9121
120,4,596,9905,88,81006,269,9121
120,4,596,9905,88,81006,269,9121
120,4,596,9905,88,81006,269,9121
120,4,596,9905,88,81006,269,9121
120,4,596,9905,88,81006,269,9121
120,4,596,9905,88,81006,269,9121
120,4,596,9905,88,81006,269,9121
120,4,596,9905,88,81006,269,9121
120,4,596,9905,88,81006,269,9121
120,4,596,9905,88,81006,269,9121
120,4,596,9905,88,81006,269,9121
120,4,596,9905,88,81006,269,9121
120,4,596,9905,88,81006,269,9121
120,4,596,9905,88,81006,269,9121
120,4,596,9905,88,81006,269,9121
120,4,596,9905,88,81006,269,9121
120,4,596,9905,88,81006,269,9121
120,4,596,9905,88,81006,269,9121
120,4,596,9905,88,81006,269,9121
120,4,596,9905,88,81006,269,9121
120,4,596,9905,88,81006,269,9121
120,4,596,9905,88,81006,269,9121
120,4,596,9905,88,81006,269,9121
120,4,596,9905,88,81006,269,9121
120,4,596,9905,88,81006,269,9121
120,4,596,9905,88,81006,269,9121
120,4,596,9905,88,81006,269,9121
120,4,596,9905,88,81006,269,9121
120,4,596,9905,88,81006,269,9121
120,4,596,9905,88,81006,269,9121
120,4,596,9905,88,81006,269,9121
120,4,596,9905,88,81006,269,9121
120,4,596,9905,88,81006,269,9121
120,4,596,9905,88,81006,269,9121
120,4,596,9905,88,81006,269,9121
120,4,596,9905,88,81006,269,9121
120,4,596,9905,88,81006,269,9121
120,4,596,9905,88,81006,269,9121
120,4,596,9905,88,81006,269,9121
120,4,596,9905,88,81006,269,9121
120,4,596,9905,88,81006,269,9121
120,4,596,9905,88,81006,269,9121
120,4,596,9905,88,81006,269,9121
120,4,596,9905,88,81006,269,9121
120,4,596,9905,88,81006,269,9121
120,4,596,9905,88,81006,269,9121
120,4,596,9905,88,81006,269,9121
120,4,596,9905,88,81006,269,9121
120,4,596,9905,88,81006,269,9121
120,4,596,9905,88,81006,269,9121
120,4,596,9905,88,81006,269,9121
120,4,596,9905,88,81006,269,9121
120,4,596,9905,88,81006,269,9121
120,4,596,9905,88,81006,269,9121
120,4,596,9905,88,81006,269,9121
120,4,596,9905,88,81006,269,9121
120,4,596,9905,88,81006,269,9121
120,4,596,9905,88,81006,269,9121
120,4,596,9905,88,81006,269,9121
120,4,596,9905,88,81006,269,9121
120,4,596,9905,88,81006,269,9121
120,4,596,9905,88,81006,269,9121
120,4,596,9905,88,81006,269,9121
120,4,596,9905,88,81006,269,9121
120,4,596,9905,88,81006,269,9121
120,4,596,9905,88,81006,269,9121
120,4,596,9905,88,81006,269,9121
120,4,596,9905,88,81006,269,9121
120,4,596,9905,88,81006,269,9121
120,4,596,9905,88,81006,269,9121
120,4,596,9905,88,81006,269,9121
120,4,596,9905,88,81006,269,9121
120,4,596,9905,88,81006,269,9121
120,4,596,9905,88,81006,269,9121
120,4,596,9905,88,81006,269,9121
120,4,596,9905,88,81006,269,9121
120,4,596,9905,88,81006,269,9121
120,4,596,9905,88,81006,269,9121
120,4,596,9905,88,81006,269,9121
120,4,596,9905,88,81006,269,9121
120,4,596,9905,88,81006,269,9121
120,4,596,9905,88,81006,269,9121
120,4,596,9905,88,81006,269,9121
120,4,596,9905,88,81006,269,9121
120,4,596,9905,88,81006,269,9121
120,4,596,9905,88,81006,269,9121
120,4,596,9905,88,81006,269,9121
120,4,596,9905,88,81006,269,9121
120,4,596,9905,88,81006,269,9121
120,4,596,9905,88,81006,269,9121
120,4,596,9905,88,81006,269,9121
120,4,596,9905,88,81006,269,9121
120,4,596,9905,88,81006,269,9121
120,4,596,9905,88,81006,269,9121
120,4,596,9905,88,81006,269,9121
120,4,596,9905,88,81006,269,9121
120,4,596,9905,88,81006,269,9121
120,4,596,9905,88,81006,269,9121
120,4,596,9905,88,81006,269,9121
120,4,596,9905,88,81006,269,9121
120,4,596,9905,88,81006,269,9121
120,4,596,9905,88,81006,269,9121
120,4,596,9905,88,81006,269,9121
120,4,596,9905,88,81006,269,9121
120,4,596,9905,88,81006,269,9121
120,4,596,9905,88,81006,269,9121
120,4,596,9905,88,81006,269,9121
120,4,596,9905,88,81006,269,9121
120,4,596,9905,88,81006,269,9121
120,4,596,9905,88,81006,269,9121
120,4,596,9905,88,81006,269,9121
120,4,596,9905,88,81006,269,9121
120,4,596,9905,88,81006,269,9121
120,4,596,9905,88,81006,269,9121
120,4,596,9905,88,81006,269,9121
120,4,596,9905,88,81006,269,9121
120,4,596,9905,88,81006,269,9121
120,4,596,9905,88,81006,269,9121
120,4,596,9905,88,81006,269,9121
120,4,596,9905,88,81006,269,9121
120,4,596,9905,88,81006,269,9121
120,4,596,9905,88,81006,269,9121
120,4,596,9905,88,81006,269,9121
120,4,596,9905,88,81006,269,9121
120,4,596,9905,88,81006,269,9121
120,4,596,9905,88,81006,269,9121
120,4,596,9905,88,81006,269,9121
120,4,596,9905,88,81006,269,9121
120,4,596,9905,88,81006,269,9121
120,4,596,9905,88,81006,269,9121
120,4,596,9905,88,81006,269,9121
120,4,596,9905,88,81006,269,9121
120,4,596,9905,88,81006,269,9121
120,4,596,9905,88,81006,269,9121
120,4,596,9905,88,81006,269,9121
120,4,596,9905,88,81006,269,9121
120,4,596,9905,88,81006,269,9121
120,4,596,9905,88,81006,269,9121
120,4,596,9905,88,81006,269,9121
120,4,596,9905,88,81006,269,9121
120,4,596,9905,88,81006,269,9121
120,4,596,9905,88,81006,269,9121
120,4,596,9905,88,81006,269,9121
120,4,596,9905,88,81006,269,9121
120,4,596,9905,88,81006,269,9121
120,4,596,9905,88,81006,269,9121
120,4,596,9905,88,81006,269,9121
120,4,596,9905,88,81006,269,9121
120,4,596,9905,88,81006,269,9121
120,4,596,9905,88,81006,269,9121
120,4,596,9905,88,81006,269,9121
120,4,596,9905,88,81006,269,9121
120,4,596,9905,88,81006,269,9121
120,4,596,9905,88,81006,269,9121
120,4,596,9905,88,81006,269,9121
120,4,596,9905,88,81006,269,9121
120,4,596,9905,88,81006,269,9121
120,4,596,9905,88,81006,269,9121
120,4,596,9905,88,81006,269,9121
120,4,596,9905,88,81006,269,9121
120,4,596,9905,88,81006,269,9121
120,4,596,9905,88,81006,269,9121
120,4,596,9905,88,81006,269,9121
120,4,596,9905,88,81006,269,9121
120,4,596,9905,88,81006,269,9121
120,4,596,9905,88,81006,269,9121
120,4,596,9905,88,81006,269,9121
120,4,596,9905,88,81006,269,9121
120,4,596,9905,88,81006,269,9121
120,4,596,9905,88,81006,269,9121
120,4,596,9905,88,81006,269,9121
120,4,596,9905,88,81006,269,9121
120,4,596,9905,88,81006,269,9121
120,4,596,9905,88,81006,269,9121
120,4,596,9905,88,81006,269,9121
120,4,596,9905,88,81006,269,9121
120,4,596,9905,88,81006,269,9121
120,4,596,9905,88,81006,269,9121
120,4,596,9905,88,81006,269,9121
120,4,596,9905,88,81006,269,9121
120,4,596,9905,88,81006,269,9121
120,4,596,9905,88,81006,269,9121
120,4,596,9905,88,81006,269,9121
120,4,596,9905,88,81006,269,9121
120,4,596,9905,88,81006,269,9121
120,4,596,9905,88,81006,269,9121
120,4,596,9905,88,81006,269,9121
120,4,596,9905,88,81006,269,9121
120,4,596,9905,88,81006,269,9121
120,4,596,9905,88,81006,269,9121
120,4,596,9905,88,81006,269,9121
120,4,596,9905,88,81006,269,9121
120,4,596,9905,88,81006,269,9121
120,4,596,9905,88,81006,269,9121
120,4,596,9905,88,81006,269,9121
120,4,596,9905,88,81006,269,9121
120,4,596,9905,88,81006,269,9121
120,4,596,9905,88,81006,269,9121
120,4,596,9905,88,81006,269,9121
120,4,596,9905,88,81006,269,9121
120,4,596,9905,88,81006,269,9121
120,4,596,9905,88,81006,269,9121
120,4,596,9905,88,81006,269,9121
120,4,596,9905,88,81006,269,9121
120,4,596,9905,88,81006,269,9121
120,4,596,9905,88,81006,269,9121
120,4,596,9905,88,81006,269,9121
120,4,596,9905,88,81006,269,9121
120,4,596,9905,88,81006,269,9121
120,4,596,9905,88,81006,269,9121
120,4,596,9905,88,81006,269,9121
120,4,596,9905,88,81006,269,9121
120,4,596,9905,88,81006,269,9121
120,4,596,9905,88,81006,269,9121
120,4,596,9905,88,81006,269,9121
120,4,596,9905,88,81006,269,9121
120,4,596,9905,88,81006,269,9121
120,4,596,9905,88,81006,269,9121
120,4,596,9905,88,81006,269,9121
120,4,596,9905,88,81006,269,9121
120,4,596,9905,88,81006,269,9121
120,4,596,9905,88,81006,269,9121
120,4,596,9905,88,81006,269,9121
120,4,596,9905,88,81006,269,9121
120,4,596,9905,88,81006,269,9121
120,4,596,9905,88,81006,269,9121
120,4,596,9905,88,81006,269,9121
120,4,596,9905,88,81006,269,9121
120,4,596,9905,88,81006,269,9121
120,4,596,9905,88,81006,269,9121
120,4,596,9905,88,81006,269,9121
120,4,596,9905,88,81006,269,9121
120,4,596,9905,88,81006,269,9121
120,4,596,9905,88,81006,269,9121
120,4,596,9905,88,81006,269,9121
120,4,596,9905,88,81006,269,9121
120,4,596,9905,88,81006,269,9121
120,4,596,9905,88,81006,269,9121
120,4,596,9905,88,81006,269,9121
120,4,596,9905,88,81006,269,9121
120,4,596,9905,88,81006,269,9121
120,4,596,9905,88,81006,269,9121
120,4,596,9905,88,81006,269,9121
120,4,596,9905,88,81006,269,9121
120,4,596,9905,88,81006,269,9121
120,4,596,9905,88,81006,269,9121
120,4,596,9905,88,81006,269,9121
120,4,596,9905,88,81006,269,9121
120,4,596,9905,88,81006,269,9121
120,4,596,9905,88,81006,269,9121
120,4,596,9905,88,81006,269,9121
120,4,596,9905,88,81006,269,9121
120,4,596,9905,88,81006,269,9121
120,4,596,9905,88,81006,269,9121
120,4,596,9905,88,81006,269,9121
120,4,596,9905,88,81006,269,9121
120,4,596,9905,88,81006,269,9121
120,4,596,9905,88,81006,269,9121
120,4,596,9905,88,81006,269,9121
120,4,596,9905,88,81006,269,9121
120,4,596,9905,88,81006,269,9121
120,4,596,9905,88,81006,269,9121
120,4,596,9905,88,81006,269,9121
120,4,596,9905,88,81006,269,9121
120,4,596,9905,88,81006,269,9121
120,4,596,9905,88,81006,269,9121
120,4,596,9905,88,81006,269,9121
120,4,596,9905,88,81006,269,9121
120,4,596,9905,88,81006,269,9121
120,4,596,9905,88,81006,269,9121
120,4,596,9905,88,81006,269,9121
120,4,596,9905,88,81006,269,9121
120,4,596,9905,88,81006,269,9121
120,4,596,9905,88,81006,269,9121
120,4,596,9905,88,81006,269,9121
120,4,596,9905,88,81006,269,9121
120,4,596,9905,88,81006,269,9121
120,4,596,9905,88,81006,269,9121
120,4,596,9905,88,81006,269,9121
120,4,596,9905,88,81006,269,9121
120,4,596,9905,88,81006,269,9121
120,4,596,9905,88,81006,269,9121
120,4,596,9905,88,81006,269,9121
120,4,596,9905,88,81006,269,9121
120,4,596,9905,88,81006,269,9121
120,4,596,9905,88,81006,269,9121
120,4,596,9905,88,81006,269,9121
120,4,596,9905,88,81006,269,9121
120,4,596,9905,88,81006,269,9121
120,4,596,9905,88,81006,269,9121
120,4,596,9905,88,81006,269,9121
120,4,596,9905,88,81006,269,9121
120,4,596,9905,88,81006,269,9121
120,4,596,9905,88,81006,269,9121
120,4,596,9905,88,81006,269,9121
120,4,596,9905,88,81006,269,9121
120,4,596,9905,88,81006,269,9121
120,4,596,9905,88,81006,269,9121
120,4,596,9905,88,81006,269,9121
120,4,596,9905,88,81006,269,9121
120,4,596,9905,88,81006,269,9121
120,4,596,9905,88,81006,269,9121
120,4,596,9905,88,81006,269,9121
120,4,596,9905,88,81006,269,9121
120,4,596,9905,88,81006,269,9121
120,4,596,9905,88,81006,269,9121
120,4,596,9905,88,81006,269,9121
120,4,596,9905,88,81006,269,9121
120,4,596,9905,88,81006,269,9121
120,4,596,9905,88,81006,269,9121
120,4,596,9905,88,81006,269,9121
120,4,596,9905,88,81006,269,9121
120,4,596,9905,88,81006,269,9121
120,4,596,9905,88,81006,269,9121
120,4,596,9905,88,81006,269,9121
120,4,596,9905,88,81006,269,9121
120,4,596,9905,88,81006,269,9121
120,4,596,9905,88,81006,269,9121
120,4,596,9905,88,81006,269,9121
120,4,596,9905,88,81006,269,9121
120,4,596,9905,88,81006,269,9121
120,4,596,9905,88,81006,269,9121
120,4,596,9905,88,81006,269,9121
120,4,596,9905,88,81006,269,9121
120,4,596,9905,88,81006,269,9121
120,4,596,9905,88,81006,269,9121
120,4,596,9905,88,81006,269,9121
120,4,596,9905,88,81006,269,9121
120,4,596,9905,88,81006,269,9121
120,4,596,9905,88,81006,269,9121
120,4,596,9905,88,81006,269,9121
120,4,596,9905,88,81006,269,9121
120,4,596,9905,88,81006,269,9121
120,4,596,9905,88,81006,269,9121
120,4,596,9905,88,81006,269,9121
120,4,596,9905,88,81006,269,9121
120,4,596,9905,88,81006,269,9121
120,4,596,9905,88,81006,269,9121
120,4,596,9905,88,81006,269,9121
120,4,596,9905,88,81006,269,9121
120,4,596,9905,88,81006,269,9121
120,4,596,9905,88,81006,269,9121
120,4,596,9905,88,81006,269,9121
120,4,596,9905,88,81006,269,9121
120,4,596,9905,88,81006,269,9121
120,4,596,9905,88,81006,269,9121
120,4,596,9905,88,81006,269,9121
120,4,596,9905,88,81006,269,9121
120,4,596,9905,88,81006,269,9121
120,4,596,9905,88,81006,269,9121
120,4,596,9905,88,81006,269,9121
120,4,596,9905,88,81006,269,9121
120,4,596,9905,88,81006,269,9121
120,4,596,9905,88,81006,269,9121
120,4,596,9905,88,81006,269,9121
120,4,596,9905,88,81006,269,9121
120,4,596,9905,88,81006,269,9121
120,4,596,9905,88,81006,269,9121
120,4,596,9905,88,81006,269,9121
120,4,596,9905,88,81006,269,9121
120,4,596,9905,88,81006,269,9121
120,4,596,9905,88,81006,269,9121
120,4,596,9905,88,81006,269,9121
120,4,596,9905,88,81006,269,9121
120,4,596,9905,88,81006,269,9121
120,4,596,9905,88,81006,269,9121
120,4,596,9905,88,81006,269,9121
120,4,596,9905,88,81006,269,9121
120,4,596,9905,88,81006,269,9121
120,4,596,9905,88,81006,269,9121
120,4,596,9905,88,81006,269,9121
120,4,596,9905,88,81006,269,9121
120,4,596,9905,88,81006,269,9121
120,4,596,9905,88,81006,269,9121
120,4,596,9905,88,81006,269,9121
120,4,596,9905,88,81006,269,9121
120,4,596,9905,88,81006,269,9121
120,4,596,9905,88,81006,269,9121
120,4,596,9905,88,81006,269,9121
120,4,596,9905,88,81006,269,9121
120,4,596,9905,88,81006,269,9121
120,4,596,9905,88,81006,269,9121
120,4,596,9905,88,81006,269,9121
120,4,596,9905,88,81006,269,9121
120,4,596,9905,88,81006,269,9121
120,4,596,9905,88,81006,269,9121
120,4,596,9905,88,81006,269,9121
120,4,596,9905,88,81006,269,9121
120,4,596,9905,88,81006,269,9121
120,4,596,9905,88,81006,269,9121
120,4,596,9905,88,81006,269,9121
120,4,596,9905,88,81006,269,9121
120,4,596,9905,88,81006,269,9121
120,4,596,9905,88,81006,269,9121
120,4,596,9905,88,81006,269,9121
120,4,596,9905,88,81006,269,9121
120,4,596,9905,88,81006,269,9121
120,4,596,9905,88,81006,269,9121
120,4,596,9905,88,81006,269,9121
120,4,596,9905,88,81006,269,9121
120,4,596,9905,88,81006,269,9121
120,4,596,9905,88,81006,269,9121
120,4,596,9905,88,81006,269,9121
120,4,596,9905,88,81006,269,9121
120,4,596,9905,88,81006,269,9121
120,4,596,9905,88,81006,269,9121
120,4,596,9905,88,81006,269,9121
120,4,596,9905,88,81006,269,9121
120,4,596,9905,88,81006,269,9121
120,4,596,9905,88,81006,269,9121
120,4,596,9905,88,81006,269,9121
120,4,596,9905,88,81006,269,9121
120,4,596,9905,88,81006,269,9121
120,4,596,9905,88,81006,269,9121
120,4,596,9905,88,81006,269,9121
120,4,596,9905,88,81006,269,9121
120,4,596,9905,88,81006,269,9121
120,4,596,9905,88,81006,269,9121
120,4,596,9905,88,81006,269,9121
120,4,596,9905,88,81006,269,9121
120,4,596,9905,88,81006,269,9121
120,4,596,9905,88,81006,269,9121
120,4,596,9905,88,81006,269,9121
120,4,596,9905,88,81006,269,9121
120,4,596,9905,88,81006,269,9121
120,4,596,9905,88,81006,269,9121
120,4,596,9905,88,81006,269,9121
120,4,596,9905,88,81006,269,9121
120,4,596,9905,88,81006,269,9121
120,4,596,9905,88,81006,269,9121
120,4,596,9905,88,81006,269,9121
120,4,596,9905,88,81006,269,9121
120,4,596,9905,88,81006,269,9121
120,4,596,9905,88,81006,269,9121
120,4,596,9905,88,81006,269,9121
120,4,596,9905,88,81006,269,9121
120,4,596,9905,88,81006,269,9121
120,4,596,9905,88,81006,269,9121
120,4,596,9905,88,81006,269,9121
120,4,596,9905,88,81006,269,9121
120,4,596,9905,88,81006,269,9121
120,4,596,9905,88,81006,269,9121
120,4,596,9905,88,81006,269,9121
120,4,596,9905,88,81006,269,9121
120,4,596,9905,88,81006,269,9121
120,4,596,9905,88,81006,269,9121
120,4,596,9905,88,81006,269,9121
120,4,596,9905,88,81006,269,9121
120,4,596,9905,88,81006,269,9121
120,4,596,9905,88,81006,269,9121
120,4,596,9905,88,81006,269,9121
120,4,596,9905,88,81006,269,9121
120,4,596,9905,88,81006,269,9121
120,4,596,9905,88,81006,269,9121
120,4,596,9905,88,81006,269,9121
120,4,596,9905,88,81006,269,9121
120,4,596,9905,88,81006,269,9121
120,4,596,9905,88,81006,269,9121
120,4,596,9905,88,81006,269,9121
120,4,596,9905,88,81006,269,9121
120,4,596,9905,88,81006,269,9121
120,4,596,9905,88,81006,269,9121
120,4,596,9905,88,81006,269,9121
120,4,596,9905,88,81006,269,9121
120,4,596,9905,88,81006,269,9121
120,4,596,9905,88,81006,269,9121
120,4,596,9905,88,81006,269,9121
120,4,596,9905,88,81006,269,9121
120,4,596,9905,88,81006,269,9121
120,4,596,9905,88,81006,269,9121
120,4,596,9905,88,81006,269,9121
120,4,596,9905,88,81006,269,9121
120,4,596,9905,88,81006,269,9121
120,4,596,9905,88,81006,269,9121
120,4,596,9905,88,81006,269,9121
120,4,596,9905,88,81006,269,9121
120,4,596,9905,88,81006,269,9121
120,4,596,9905,88,81006,269,9121
120,4,596,9905,88,81006,269,9121
120,4,596,9905,88,81006,269,9121
120,4,596,9905,88,81006,269,9121
120,4,596,9905,88,81006,269,9121
120,4,596,9905,88,81006,269,9121
120,4,596,9905,88,81006,269,9121
120,4,596,9905,88,81006,269,9121
120,4,596,9905,88,81006,269,9121
120,4,596,9905,88,81006,269,9121
120,4,596,9905,88,81006,269,9121
120,4,596,9905,88,81006,269,9121
120,4,596,9905,88,81006,269,9121
120,4,596,9905,88,81006,269,9121
120,4,596,9905,88,81006,269,9121
120,4,596,9905,88,81006,269,9121
120,4,596,9905,88,81006,269,9121
120,4,596,9905,88,81006,269,9121
120,4,596,9905,88,81006,269,9121
120,4,596,9905,88,81006,269,9121
120,4,596,9905,88,81006,269,9121
120,4,596,9905,88,81006,269,9121
120,4,596,9905,88,81006,269,9121
120,4,596,9905,88,81006,269,9121
120,4,596,9905,88,81006,269,9121
120,4,596,9905,88,81006,269,9121
120,4,596,9905,88,81006,269,9121
120,4,596,9905,88,81006,269,9121
120,4,596,9905,88,81006,269,9121
120,4,596,9905,88,81006,269,9121
120,4,596,9905,88,81006,269,9121
120,4,596,9905,88,81006,269,9121
120,4,596,9905,88,81006,269,9121
120,4,596,9905,88,81006,269,9121
120,4,596,9905,88,81006,269,9121
120,4,596,9905,88,81006,269,9121
120,4,596,9905,88,81006,269,9121
120,4,596,9905,88,81006,269,9121
120,4,596,9905,88,81006,269,9121
120,4,596,9905,88,81006,269,9121
120,4,596,9905,88,81006,269,9121
120,4,596,9905,88,81006,269,9121
120,4,596,9905,88,81006,269,9121
120,4,596,9905,88,81006,269,9121
120,4,596,9905,88,81006,269,9121
120,4,596,9905,88,81006,269,9121
120,4,596,9905,88,81006,269,9121
120,4,596,9905,88,81006,269,9121
120,4,596,9905,88,81006,269,9121
120,4,596,9905,88,81006,269,9121
120,4,596,9905,88,81006,269,9121
120,4,596,9905,88,81006,269,9121
120,4,596,9905,88,81006,269,9121
120,4,596,9905,88,81006,269,9121
120,4,596,9905,88,81006,269,9121
120,4,596,9905,88,81006,269,9121
120,4,596,9905,88,81006,269,9121
120,4,596,9905,88,81006,269,9121
120,4,596,9905,88,81006,269,9121
120,4,596,9905,88,81006,269,9121
120,4,596,9905,88,81006,269,9121
120,4,596,9905,88,81006,269,9121
120,4,596,9905,88,81006,269,9121
120,4,596,9905,88,81006,269,9121
120,4,596,9905,88,81006,269,9121
120,4,596,9905,88,81006,269,9121
120,4,596,9905,88,81006,269,9121
120,4,596,9905,88,81006,269,9121
120,4,596,9905,88,81006,269,9121
120,4,596,9905,88,81006,269,9121
120,4,596,9905,88,81006,269,9121
120,4,596,9905,88,81006,269,9121
120,4,596,9905,88,81006,269,9121
120,4,596,9905,88,81006,269,9121
120,4,596,9905,88,81006,269,9121
120,4,596,9905,88,81006,269,9121
120,4,596,9905,88,81006,269,9121
120,4,596,9905,88,81006,269,9121
120,4,596,9905,88,81006,269,9121
120,4,596,9905,88,81006,269,9121
120,4,596,9905,88,81006,269,9121
120,4,596,9905,88,81006,269,9121
120,4,596,9905,88,81006,269,9121
120,4,596,9905,88,81006,269,9121
120,4,596,9905,88,81006,269,9121
120,4,596,9905,88,81006,269,9121
120,4,596,9905,88,81006,269,9121
120,4,596,9905,88,81006,269,9121
120,4,596,9905,88,81006,269,9121
120,4,596,9905,88,81006,269,9121
120,4,596,9905,88,81006,269,9121
120,4,596,9905,88,81006,269,9121
120,4,596,9905,88,81006,269,9121
120,4,596,9905,88,81006,269,9121
120,4,596,9905,88,81006,269,9121
120,4,596,9905,88,81006,269,9121
120,4,596,9905,88,81006,269,9121
120,4,596,9905,88,81006,269,9121
120,4,596,9905,88,81006,269,9121
120,4,596,9905,88,81006,269,9121
120,4,596,9905,88,81006,269,9121
120,4,596,9905,88,81006,269,9121
120,4,596,9905,88,81006,269,9121
120,4,596,9905,88,81006,269,9121
120,4,596,9905,88,81006,269,9121
120,4,596,9905,88,81006,269,9121
120,4,596,9905,88,81006,269,9121
120,4,596,9905,88,81006,269,9121
120,4,596,9905,88,81006,269,9121
120,4,596,9905,88,81006,269,9121
120,4,596,9905,88,81006,269,9121
120,4,596,9905,88,81006,269,9121
120,4,596,9905,88,81006,269,9121
120,4,596,9905,88,81006,269,9121
120,4,596,9905,88,81006,269,9121
120,4,596,9905,88,81006,269,9121
120,4,596,9905,88,81006,269,9121
120,4,596,9905,88,81006,269,9121
120,4,596,9905,88,81006,269,9121
120,4,596,9905,88,81006,269,9121
120,4,596,9905,88,81006,269,9121
120,4,596,9905,88,81006,269,9121
120,4,596,9905,88,81006,269,9121
120,4,596,9905,88,81006,269,9121
120,4,596,9905,88,81006,269,9121
120,4,596,9905,88,81006,269,9121
120,4,596,9905,88,81006,269,9121
120,4,596,9905,88,81006,269,9121
120,4,596,9905,88,81006,269,9121
120,4,596,9905,88,81006,269,9121
120,4,596,9905,88,81006,269,9121
120,4,596,9905,88,81006,269,9121
120,4,596,9905,88,81006,269,9121
120,4,596,9905,88,81006,269,9121
120,4,596,9905,88,81006,269,9121
120,4,596,9905,88,81006,269,9121
120,4,596,9905,88,81006,269,9121
120,4,596,9905,88,81006,269,9121
120,4,596,9905,88,81006,269,9121
120,4,596,9905,88,81006,269,9121
120,4,596,9905,88,81006,269,9121
120,4,596,9905,88,81006,269,9121
120,4,596,9905,88,81006,269,9121
120,4,596,9905,88,81006,269,9121
120,4,596,9905,88,81006,269,9121
120,4,596,9905,88,81006,269,9121
120,4,596,9905,88,81006,269,9121
120,4,596,9905,88,81006,269,9121
120,4,596,9905,88,81006,269,9121
120,4,596,9905,88,81006,269,9121
120,4,596,9905,88,81006,269,9121
120,4,596,9905,88,81006,269,9121
120,4,596,9905,88,81006,269,9121
120,4,596,9905,88,81006,269,9121
120,4,596,9905,88,81006,269,9121
120,4,596,9905,88,81006,269,9121
120,4,596,9905,88,81006,269,9121
120,4,596,9905,88,81006,269,9121
120,4,596,9905,88,81006,269,9121
120,4,596,9905,88,81006,269,9121
120,4,596,9905,88,81006,269,9121
120,4,596,9905,88,81006,269,9121
120,4,596,9905,88,81006,269,9121
120,4,596,9905,88,81006,269,9121
120,4,596,9905,88,81006,269,9121
120,4,596,9905,88,81006,269,9121
120,4,596,9905,88,81006,269,9121
120,4,596,9905,88,81006,269,9121
120,4,596,9905,88,81006,269,9121
120,4,596,9905,88,81006,269,9121
120,4,596,9905,88,81006,269,9121
120,4,596,9905,88,81006,269,9121
120,4,596,9905,88,81006,269,9121
120,4,596,9905,88,81006,269,9121
120,4,596,9905,88,81006,269,9121
120,4,596,9905,88,81006,269,9121
120,4,596,9905,88,81006,269,9121
120,4,596,9905,88,81006,269,9121
120,4,596,9905,88,81006,269,9121
120,4,596,9905,88,81006,269,9121
120,4,596,9905,88,81006,269,9121
120,4,596,9905,88,81006,269,9121
120,4,596,9905,88,81006,269,9121
120,4,596,9905,88,81006,269,9121
120,4,596,9905,88,81006,269,9121
120,4,596,9905,88,81006,269,9121
120,4,596,9905,88,81006,269,9121
120,4,596,9905,88,81006,269,9121
120,4,596,9905,88,81006,269,9121
120,4,596,9905,88,81006,269,9121
120,4,596,9905,88,81006,269,9121
120,4,596,9905,88,81006,269,9121
120,4,596,9905,88,81006,269,9121
120,4,596,9905,88,81006,269,9121
120,4,596,9905,88,81006,269,9121
120,4,596,9905,88,81006,269,9121
120,4,596,9905,88,81006,269,9121
120,4,596,9905,88,81006,269,9121
120,4,596,9905,88,81006,269,9121
120,4,596,9905,88,81006,269,9121
120,4,596,9905,88,81006,269,9121
120,4,596,9905,88,81006,269,9121
120,4,596,9905,88,81006,269,9121
120,4,596,9905,88,81006,269,9121
120,4,596,9905,88,81006,269,9121
120,4,596,9905,88,81006,269,9121
120,4,596,9905,88,81006,269,9121
120,4,596,9905,88,81006,269,9121
120,4,596,9905,88,81006,269,9121
120,4,596,9905,88,81006,269,9121
120,4,596,9905,88,81006,269,9121
120,4,596,9905,88,81006,269,9121
120,4,596,9905,88,81006,269,9121
120,4,596,9905,88,81006,269,9121
120,4,596,9905,88,81006,269,9121
120,4,596,9905,88,81006,269,9121
120,4,596,9905,88,81006,269,9121
120,4,596,9905,88,81006,269,9121
120,4,596,9905,88,81006,269,9121
120,4,596,9905,88,81006,269,9121
120,4,596,9905,88,81006,269,9121
120,4,596,9905,88,81006,269,9121
120,4,596,9905,88,81006,269,9121
120,4,596,9905,88,81006,269,9121
120,4,596,9905,88,81006,269,9121
120,4,596,9905,88,81006,269,9121
120,4,596,9905,88,81006,269,9121
120,4,596,9905,88,81006,269,9121
120,4,596,9905,88,81006,269,9121
120,4,596,9905,88,81006,269,9121
120,4,596,9905,88,81006,269,9121
120,4,596,9905,88,81006,269,9121
120,4,596,9905,88,81006,269,9121
120,4,596,9905,88,81006,269,9121
120,4,596,9905,88,81006,269,9121
120,4,596,9905,88,81006,269,9121
120,4,596,9905,88,81006,269,9121
120,4,596,9905,88,81006,269,9121
120,4,596,9905,88,81006,269,9121
120,4,596,9905,88,81006,269,9121
120,4,596,9905,88,81006,269,9121
120,4,596,9905,88,81006,269,9121
120,4,596,9905,88,81006,269,9121
120,4,596,9905,88,81006,269,9121
120,4,596,9905,88,81006,269,9121
120,4,596,9905,88,81006,269,9121
120,4,596,9905,88,81006,269,9121
120,4,596,9905,88,81006,269,9121
120,4,596,9905,88,81006,269,9121
120,4,596,9905,88,81006,269,9121
120,4,596,9905,88,81006,269,9121
120,4,596,9905,88,81006,269,9121
120,4,596,9905,88,81006,269,9121
120,4,596,9905,88,81006,269,9121
120,4,596,9905,88,81006,269,9121
120,4,596,9905,88,81006,269,9121
120,4,596,9905,88,81006,269,9121
120,4,596,9905,88,81006,269,9121
120,4,596,9905,88,81006,269,9121
120,4,596,9905,88,81006,269,9121
120,4,596,9905,88,81006,269,9121
120,4,596,9905,88,81006,269,9121
120,4,596,9905,88,81006,269,9121
120,4,596,9905,88,81006,269,9121
120,4,596,9905,88,81006,269,9121
120,4,596,9905,88,81006,269,9121
120,4,596,9905,88,81006,269,9121
120,4,596,9905,88,81006,269,9121
120,4,596,9905,88,81006,269,9121
120,4,596,9905,88,81006,269,9121
120,4,596,9905,88,81006,269,9121
120,4,596,9905,88,81006,269,9121
120,4,596,9905,88,81006,269,9121
120,4,596,9905,88,81006,269,9121
120,4,596,9905,88,81006,269,9121
120,4,596,9905,88,81006,269,9121
120,4,596,9905,88,81006,269,9121
120,4,596,9905,88,81006,269,9121
120,4,596,9905,88,81006,269,9121
120,4,596,9905,88,81006,269,9121
120,4,596,9905,88,81006,269,9121
120,4,596,9905,88,81006,269,9121
120,4,596,9905,88,81006,269,9121
120,4,596,9905,88,81006,269,9121
120,4,596,9905,88,81006,269,9121
120,4,596,9905,88,81006,269,9121
120,4,596,9905,88,81006,269,9121
120,4,596,9905,88,81006,269,9121
120,4,596,9905,88,81006,269,9121
120,4,596,9905,88,81006,269,9121
120,4,596,9905,88,81006,269,9121
120,4,596,9905,88,81006,269,9121
120,4,596,9905,88,81006,269,9121
120,4,596,9905,88,81006,269,9121
120,4,596,9905,88,81006,269,9121
120,4,596,9905,88,81006,269,9121
120,4,596,9905,88,81006,269,9121
120,4,596,9905,88,81006,269,9121
120,4,596,9905,88,81006,269,9121
120,4,596,9905,88,81006,269,9121
120,4,596,9905,88,81006,269,9121
120,4,596,9905,88,81006,269,9121
120,4,596,9905,88,81006,269,9121
120,4,596,9905,88,81006,269,9121
120,4,596,9905,88,81006,269,9121
120,4,596,9905,88,81006,269,9121
120,4,596,9905,88,81006,269,9121
120,4,596,9905,88,81006,269,9121
120,4,596,9905,88,81006,269,9121
120,4,596,9905,88,81006,269,9121
120,4,596,9905,88,81006,269,9121
120,4,596,9905,88,81006,269,9121
120,4,596,9905,88,81006,269,9121
120,4,596,9905,88,81006,269,9121
120,4,596,9905,88,81006,269,9121
120,4,596,9905,88,81006,269,9121
120,4,596,9905,88,81006,269,9121
120,4,596,9905,88,81006,269,9121
120,4,596,9905,88,81006,269,9121
120,4,596,9905,88,81006,269,9121
120,4,596,9905,88,81006,269,9121
120,4,596,9905,88,81006,269,9121
120,4,596,9905,88,81006,269,9121
120,4,596,9905,88,81006,269,9121
120,4,596,9905,88,81006,269,9121
120,4,596,9905,88,81006,269,9121
120,4,596,9905,88,81006,269,9121
120,4,596,9905,88,81006,269,9121
120,4,596,9905,88,81006,269,9121
120,4,596,9905,88,81006,269,9121
120,4,596,9905,88,81006,269,9121
120,4,596,9905,88,81006,269,9121
120,4,596,9905,88,81006,269,9121
120,4,596,9905,88,81006,269,9121
120,4,596,9905,88,81006,269,9121
120,4,596,9905,88,81006,269,9121
120,4,596,9905,88,81006,269,9121
120,4,596,9905,88,81006,269,9121
120,4,596,9905,88,81006,269,9121
120,4,596,9905,88,81006,269,9121
120,4,596,9905,88,81006,269,9121
120,4,596,9905,88,81006,269,9121
120,4,596,9905,88,81006,269,9121
120,4,596,9905,88,81006,269,9121
120,4,596,9905,88,81006,269,9121
120,4,596,9905,88,81006,269,9121
120,4,596,9905,88,81006,269,9121
120,4,596,9905,88,81006,269,9121
120,4,596,9905,88,81006,269,9121
120,4,596,9905,88,81006,269,9121
120,4,596,9905,88,81006,269,9121
120,4,596,9905,88,81006,269,9121
120,4,596,9905,88,81006,269,9121
120,4,596,9905,88,81006,269,9121
120,4,596,9905,88,81006,269,9121
120,4,596,9905,88,81006,269,9121
120,4,596,9905,88,81006,269,9121
120,4,596,9905,88,81006,269,9121
120,4,596,9905,88,81006,269,9121
120,4,596,9905,88,81006,269,9121
120,4,596,9905,88,81006,269,9121
120,4,596,9905,88,81006,269,9121
120,4,596,9905,88,81006,269,9121
120,4,596,9905,88,81006,269,9121
120,4,596,9905,88,81006,269,9121
120,4,596,9905,88,81006,269,9121
120,4,596,9905,88,81006,269,9121
120,4,596,9905,88,81006,269,9121
120,4,596,9905,88,81006,269,9121
120,4,596,9905,88,81006,269,9121
120,4,596,9905,88,81006,269,9121
120,4,596,9905,88,81006,269,9121
120,4,596,9905,88,81006,269,9121
120,4,596,9905,88,81006,269,9121
120,4,596,9905,88,81006,269,9121
120,4,596,9905,88,81006,269,9121
120,4,596,9905,88,81006,269,9121
120,4,596,9905,88,81006,269,9121
120,4,596,9905,88,81006,269,9121
120,4,596,9905,88,81006,269,9121
120,4,596,9905,88,81006,269,9121
120,4,596,9905,88,81006,269,9121
120,4,596,9905,88,81006,269,9121
120,4,596,9905,88,81006,269,9121
120,4,596,9905,88,81006,269,9121
120,4,596,9905,88,81006,269,9121
120,4,596,9905,88,81006,269,9121
120,4,596,9905,88,81006,269,9121
120,4,596,9905,88,81006,269,9121
120,4,596,9905,88,81006,269,9121
120,4,596,9905,88,81006,269,9121
120,4,596,9905,88,81006,269,9121
120,4,596,9905,88,81006,269,9121
120,4,596,9905,88,81006,269,9121
120,4,596,9905,88,81006,269,9121
120,4,596,9905,88,81006,269,9121
120,4,596,9905,88,81006,269,9121
120,4,596,9905,88,81006,269,9121
120,4,596,9905,88,81006,269,9121
120,4,596,9905,88,81006,269,9121
120,4,596,9905,88,81006,269,9121
120,4,596,9905,88,81006,269,9121
120,4,596,9905,88,81006,269,9121
120,4,596,9905,88,81006,269,9121
120,4,596,9905,88,81006,269,9121
120,4,596,9905,88,81006,269,9121
120,4,596,9905,88,81006,269,9121
120,4,596,9905,88,81006,269,9121
120,4,596,9905,88,81006,269,9121
120,4,596,9905,88,81006,269,9121
120,4,596,9905,88,81006,269,9121
120,4,596,9905,88,81006,269,9121
120,4,596,9905,88,81006,269,9121
120,4,596,9905,88,81006,269,9121
120,4,596,9905,88,81006,269,9121
120,4,596,9905,88,81006,269,9121
120,4,596,9905,88,81006,269,9121
120,4,596,9905,88,81006,269,9121
120,4,596,9905,88,81006,269,9121
120,4,596,9905,88,81006,269,9121
120,4,596,9905,88,81006,269,9121
120,4,596,9905,88,81006,269,9121
120,4,596,9905,88,81006,269,9121
120,4,596,9905,88,81006,269,9121
120,4,596,9905,88,81006,269,9121
120,4,596,9905,88,81006,269,9121
120,4,596,9905,88,81006,269,9121
120,4,596,9905,88,81006,269,9121
120,4,596,9905,88,81006,269,9121
120,4,596,9905,88,81006,269,9121
120,4,596,9905,88,81006,269,9121
120,4,596,9905,88,81006,269,9121
120,4,596,9905,88,81006,269,9121
120,4,596,9905,88,81006,269,9121
120,4,596,9905,88,81006,269,9121
120,4,596,9905,88,81006,269,9121
120,4,596,9905,88,81006,269,9121
120,4,596,9905,88,81006,269,9121
120,4,596,9905,88,81006,269,9121
120,4,596,9905,88,81006,269,9121
120,4,596,9905,88,81006,269,9121
120,4,596,9905,88,81006,269,9121
120,4,596,9905,88,81006,269,9121
120,4,596,9905,88,81006,269,9121
120,4,596,9905,88,81006,269,9121
120,4,596,9905,88,81006,269,9121
120,4,596,9905,88,81006,269,9121
120,4,596,9905,88,81006,269,9121
120,4,596,9905,88,81006,269,9121
120,4,596,9905,88,81006,269,9121
120,4,596,9905,88,81006,269,9121
120,4,596,9905,88,81006,269,9121
120,4,596,9905,88,81006,269,9121
120,4,596,9905,88,81006,269,9121
120,4,596,9905,88,81006,269,9121
120,4,596,9905,88,81006,269,9121
120,4,596,9905,88,81006,269,9121
120,4,596,9905,88,81006,269,9121
120,4,596,9905,88,81006,269,9121
120,4,596,9905,88,81006,269,9121
120,4,596,9905,88,81006,269,9121
120,4,596,9905,88,81006,269,9121
120,4,596,9905,88,81006,269,9121
120,4,596,9905,88,81006,269,9121
120,4,596,9905,88,81006,269,9121
120,4,596,9905,88,81006,269,9121
120,4,596,9905,88,81006,269,9121
120,4,596,9905,88,81006,269,9121
120,4,596,9905,88,81006,269,9121
120,4,596,9905,88,81006,269,9121
120,4,596,9905,88,81006,269,9121
120,4,596,9905,88,81006,269,9121
120,4,596,9905,88,81006,269,9121
120,4,596,9905,88,81006,269,9121
120,4,596,9905,88,81006,269,9121
120,4,596,9905,88,81006,269,9121
120,4,596,9905,88,81006,269,9121
120,4,596,9905,88,81006,269,9121
120,4,596,9905,88,81006,269,9121
120,4,596,9905,88,81006,269,9121
120,4,596,9905,88,81006,269,9121
120,4,596,9905,88,81006,269,9121
120,4,596,9905,88,81006,269,9121
120,4,596,9905,88,81006,269,9121
120,4,596,9905,88,81006,269,9121
120,4,596,9905,88,81006,269,9121
120,4,596,9905,88,81006,269,9121
120,4,596,9905,88,81006,269,9121
120,4,596,9905,88,81006,269,9121
120,4,596,9905,88,81006,269,9121
120,4,596,9905,88,81006,269,9121
120,4,596,9905,88,81006,269,9121
120,4,596,9905,88,81006,269,9121
120,4,596,9905,88,81006,269,9121
120,4,596,9905,88,81006,269,9121
120,4,596,9905,88,81006,269,9121
120,4,596,9905,88,81006,269,9121
120,4,596,9905,88,81006,269,9121
120,4,596,9905,88,81006,269,9121
120,4,596,9905,88,81006,269,9121
120,4,596,9905,88,81006,269,9121
120,4,596,9905,88,81006,269,9121
120,4,596,9905,88,81006,269,9121
120,4,596,9905,88,81006,269,9121
120,4,596,9905,88,81006,269,9121
120,4,596,9905,88,81006,269,9121
120,4,596,9905,88,81006,269,9121
120,4,596,9905,88,81006,269,9121
120,4,596,9905,88,81006,269,9121
120,4,596,9905,88,81006,269,9121
120,4,596,9905,88,81006,269,9121
120,4,596,9905,88,81006,269,9121
120,4,596,9905,88,81006,269,9121
120,4,596,9905,88,81006,269,9121
120,4,596,9905,88,81006,269,9121
120,4,596,9905,88,81006,269,9121
120,4,596,9905,88,81006,269,9121
120,4,596,9905,88,81006,269,9121
120,4,596,9905,88,81006,269,9121
120,4,596,9905,88,81006,269,9121
120,4,596,9905,88,81006,269,9121
120,4,596,9905,88,81006,269,9121
120,4,596,9905,88,81006,269,9121
120,4,596,9905,88,81006,269,9121
120,4,596,9905,88,81006,269,9121
120,4,596,9905,88,81006,269,9121
120,4,596,9905,88,81006,269,9121
120,4,596,9905,88,81006,269,9121
120,4,596,9905,88,81006,269,9121
120,4,596,9905,88,81006,269,9121
120,4,596,9905,88,81006,269,9121
120,4,596,9905,88,81006,269,9121
120,4,596,9905,88,81006,269,9121
120,4,596,9905,88,81006,269,9121
120,4,596,9905,88,81006,269,9121
120,4,596,9905,88,81006,269,9121
120,4,596,9905,88,81006,269,9121
120,4,596,9905,88,81006,269,9121
120,4,596,9905,88,81006,269,9121
120,4,596,9905,88,81006,269,9121
120,4,596,9905,88,81006,269,9121
120,4,596,9905,88,81006,269,9121
120,4,596,9905,88,81006,269,9121
120,4,596,9905,88,81006,269,9121
120,4,596,9905,88,81006,269,9121
120,4,596,9905,88,81006,269,9121
120,4,596,9905,88,81006,269,9121
120,4,596,9905,88,81006,269,9121
120,4,596,9905,88,81006,269,9121
120,4,596,9905,88,81006,269,9121
120,4,596,9905,88,81006,269,9121
120,4,596,9905,88,81006,269,9121
120,4,596,9905,88,81006,269,9121
120,4,596,9905,88,81006,269,9121
120,4,596,9905,88,81006,269,9121
120,4,596,9905,88,81006,269,9121
120,4,596,9905,88,81006,269,9121
120,4,596,9905,88,81006,269,9121
120,4,596,9905,88,81006,269,9121
120,4,596,9905,88,81006,269,9121
120,4,596,9905,88,81006,269,9121
120,4,596,9905,88,81006,269,9121
120,4,596,9905,88,81006,269,9121
120,4,596,9905,88,81006,269,9121
120,4,596,9905,88,81006,269,9121
120,4,596,9905,88,81006,269,9121
120,4,596,9905,88,81006,269,9121
120,4,596,9905,88,81006,269,9121
120,4,596,9905,88,81006,269,9121
120,4,596,9905,88,81006,269,9121
120,4,596,9905,88,81006,269,9121
120,4,596,9905,88,81006,269,9121
120,4,596,9905,88,81006,269,9121
120,4,596,9905,88,81006,269,9121
120,4,596,9905,88,81006,269,9121
120,4,596,9905,88,81006,269,9121
120,4,596,9905,88,81006,269,9121
120,4,596,9905,88,81006,269,9121
120,4,596,9905,88,81006,269,9121
120,4,596,9905,88,81006,269,9121
120,4,596,9905,88,81006,269,9121
120,4,596,9905,88,81006,269,9121
120,4,596,9905,88,81006,269,9121
120,4,596,9905,88,81006,269,9121
120,4,596,9905,88,81006,269,9121
120,4,596,9905,88,81006,269,9121
120,4,596,9905,88,81006,269,9121
120,4,596,9905,88,81006,269,9121
120,4,596,9905,88,81006,269,9121
120,4,596,9905,88,81006,269,9121
120,4,596,9905,88,81006,269,9121
120,4,596,9905,88,81006,269,9121
120,4,596,9905,88,81006,269,9121
120,4,596,9905,88,81006,269,9121
120,4,596,9905,88,81006,269,9121
120,4,596,9905,88,81006,269,9121
120,4,596,9905,88,81006,269,9121
120,4,596,9905,88,81006,269,9121
120,4,596,9905,88,81006,269,9121
120,4,596,9905,88,81006,269,9121
120,4,596,9905,88,81006,269,9121
120,4,596,9905,88,81006,269,9121
120,4,596,9905,88,81006,269,9121
120,4,596,9905,88,81006,269,9121
120,4,596,9905,88,81006,269,9121
120,4,596,9905,88,81006,269,9121
120,4,596,9905,88,81006,269,9121
120,4,596,9905,88,81006,269,9121
120,4,596,9905,88,81006,269,9121
120,4,596,9905,88,81006,269,9121
120,4,596,9905,88,81006,269,9121
120,4,596,9905,88,81006,269,9121
120,4,596,9905,88,81006,269,9121
120,4,596,9905,88,81006,269,9121
120,4,596,9905,88,81006,269,9121
120,4,596,9905,88,81006,269,9121
120,4,596,9905,88,81006,269,9121
120,4,596,9905,88,81006,269,9121
120,4,596,9905,88,81006,269,9121
120,4,596,9905,88,81006,269,9121
120,4,596,9905,88,81006,269,9121
120,4,596,9905,88,81006,269,9121
120,4,596,9905,88,81006,269,9121
120,4,596,9905,88,81006,269,9121
120,4,596,9905,88,81006,269,9121
120,4,596,9905,88,81006,269,9121
120,4,596,9905,88,81006,269,9121
120,4,596,9905,88,81006,269,9121
120,4,596,9905,88,81006,269,9121
120,4,596,9905,88,81006,269,9121
120,4,596,9905,88,81006,269,9121
120,4,596,9905,88,81006,269,9121
120,4,596,9905,88,81006,269,9121
120,4,596,9905,88,81006,269,9121
120,4,596,9905,88,81006,269,9121
120,4,596,9905,88,81006,269,9121
120,4,596,9905,88,81006,269,9121
120,4,596,9905,88,81006,269,9121
120,4,596,9905,88,81006,269,9121
120,4,596,9905,88,81006,269,9121
120,4,596,9905,88,81006,269,9121
120,4,596,9905,88,81006,269,9121
120,4,596,9905,88,81006,269,9121
120,4,596,9905,88,81006,269,9121
120,4,596,9905,88,81006,269,9121
120,4,596,9905,88,81006,269,9121
120,4,596,9905,88,81006,269,9121
120,4,596,9905,88,81006,269,9121
120,4,596,9905,88,81006,269,9121
120,4,596,9905,88,81006,269,9121
120,4,596,9905,88,81006,269,9121
120,4,596,9905,88,81006,269,9121
120,4,596,9905,88,81006,269,9121
120,4,596,9905,88,81006,269,9121
120,4,596,9905,88,81006,269,9121
120,4,596,9905,88,81006,269,9121
120,4,596,9905,88,81006,269,9121
120,4,596,9905,88,81006,269,9121
120,4,596,9905,88,81006,269,9121
120,4,596,9905,88,81006,269,9121
120,4,596,9905,88,81006,269,9121
120,4,596,9905,88,81006,269,9121
120,4,596,9905,88,81006,269,9121
120,4,596,9905,88,81006,269,9121
120,4,596,9905,88,81006,269,9121
120,4,596,9905,88,81006,269,9121
120,4,596,9905,88,81006,269,9121
120,4,596,9905,88,81006,269,9121
120,4,596,9905,88,81006,269,9121
120,4,596,9905,88,81006,269,9121
120,4,596,9905,88,81006,269,9121
120,4,596,9905,88,81006,269,9121
120,4,596,9905,88,81006,269,9121
120,4,596,9905,88,81006,269,9121
120,4,596,9905,88,81006,269,9121
120,4,596,9905,88,81006,269,9121
120,4,596,9905,88,81006,269,9121
120,4,596,9905,88,81006,269,9121
120,4,596,9905,88,81006,269,9121
120,4,596,9905,88,81006,269,9121
120,4,596,9905,88,81006,269,9121
120,4,596,9905,88,81006,269,9121
120,4,596,9905,88,81006,269,9121
120,4,596,9905,88,81006,269,9121
120,4,596,9905,88,81006,269,9121
120,4,596,9905,88,81006,269,9121
120,4,596,9905,88,81006,269,9121
120,4,596,9905,88,81006,269,9121
120,4,596,9905,88,81006,269,9121
120,4,596,9905,88,81006,269,9121
120,4,596,9905,88,81006,269,9121
120,4,596,9905,88,81006,269,9121
120,4,596,9905,88,81006,269,9121
120,4,596,9905,88,81006,269,9121
120,4,596,9905,88,81006,269,9121
120,4,596,9905,88,81006,269,9121
120,4,596,9905,88,81006,269,9121
120,4,596,9905,88,81006,269,9121
120,4,596,9905,88,81006,269,9121
120,4,596,9905,88,81006,269,9121
120,4,596,9905,88,81006,269,9121
120,4,596,9905,88,81006,269,9121
120,4,596,9905,88,81006,269,9121
120,4,596,9905,88,81006,269,9121
120,4,596,9905,88,81006,269,9121
120,4,596,9905,88,81006,269,9121
120,4,596,9905,88,81006,269,9121
120,4,596,9905,88,81006,269,9121
120,4,596,9905,88,81006,269,9121
120,4,596,9905,88,81006,269,9121
120,4,596,9905,88,81006,269,9121
120,4,596,9905,88,81006,269,9121
120,4,596,9905,88,81006,269,9121
120,4,596,9905,88,81006,269,9121
120,4,596,9905,88,81006,269,9121
120,4,596,9905,88,81006,269,9121
120,4,596,9905,88,81006,269,9121
120,4,596,9905,88,81006,269,9121
120,4,596,9905,88,81006,269,9121
120,4,596,9905,88,81006,269,9121
120,4,596,9905,88,81006,269,9121
120,4,596,9905,88,81006,269,9121
120,4,596,9905,88,81006,269,9121
120,4,596,9905,88,81006,269,9121
120,4,596,9905,88,81006,269,9121
120,4,596,9905,88,81006,269,9121
120,4,596,9905,88,81006,269,9121
120,4,596,9905,88,81006,269,9121
120,4,596,9905,88,81006,269,9121
120,4,596,9905,88,81006,269,9121
120,4,596,9905,88,81006,269,9121
120,4,596,9905,88,81006,269,9121
120,4,596,9905,88,81006,269,9121
120,4,596,9905,88,81006,269,9121
120,4,596,9905,88,81006,269,9121
120,4,596,9905,88,81006,269,9121
120,4,596,9905,88,81006,269,9121
120,4,596,9905,88,81006,269,9121
120,4,596,9905,88,81006,269,9121
120,4,596,9905,88,81006,269,9121
120,4,596,9905,88,81006,269,9121
120,4,596,9905,88,81006,269,9121
120,4,596,9905,88,81006,269,9121
120,4,596,9905,88,81006,269,9121
120,4,596,9905,88,81006,269,9121
120,4,596,9905,88,81006,269,9121
120,4,596,9905,88,81006,269,9121
120,4,596,9905,88,81006,269,9121
120,4,596,9905,88,81006,269,9121
120,4,596,9905,88,81006,269,9121
120,4,596,9905,88,81006,269,9121
120,4,596,9905,88,81006,269,9121
120,4,596,9905,88,81006,269,9121
120,4,596,9905,88,81006,269,9121
120,4,596,9905,88,81006,269,9121
120,4,596,9905,88,81006,269,9121
120,4,596,9905,88,81006,269,9121
120,4,596,9905,88,81006,269,9121
120,4,596,9905,88,81006,269,9121
120,4,596,9905,88,81006,269,9121
120,4,596,9905,88,81006,269,9121
120,4,596,9905,88,81006,269,9121
120,4,596,9905,88,81006,269,9121
120,4,596,9905,88,81006,269,9121
120,4,596,9905,88,81006,269,9121
120,4,596,9905,88,81006,269,9121
120,4,596,9905,88,81006,269,9121
120,4,596,9905,88,81006,269,9121
120,4,596,9905,88,81006,269,9121
120,4,596,9905,88,81006,269,9121
120,4,596,9905,88,81006,269,9121
120,4,596,9905,88,81006,269,9121
120,4,596,9905,88,81006,269,9121
120,4,596,9905,88,81006,269,9121
120,4,596,9905,88,81006,269,9121
120,4,596,9905,88,81006,269,9121
120,4,596,9905,88,81006,269,9121
120,4,596,9905,88,81006,269,9121
120,4,596,9905,88,81006,269,9121
120,4,596,9905,88,81006,269,9121
120,4,596,9905,88,81006,269,9121
120,4,596,9905,88,81006,269,9121
120,4,596,9905,88,81006,269,9121
120,4,596,9905,88,81006,269,9121
120,4,596,9905,88,81006,269,9121
120,4,596,9905,88,81006,269,9121
120,4,596,9905,88,81006,269,9121
120,4,596,9905,88,81006,269,9121
120,4,596,9905,88,81006,269,9121
120,4,596,9905,88,81006,269,9121
120,4,596,9905,88,81006,269,9121
120,4,596,9905,88,81006,269,9121
120,4,596,9905,88,81006,269,9121
120,4,596,9905,88,81006,269,9121
120,4,596,9905,88,81006,269,9121
120,4,596,9905,88,81006,269,9121
120,4,596,9905,88,81006,269,9121
120,4,596,9905,88,81006,269,9121
120,4,596,9905,88,81006,269,9121
120,4,596,9905,88,81006,269,9121
120,4,596,9905,88,81006,269,9121
120,4,596,9905,88,81006,269,9121
120,4,596,9905,88,81006,269,9121
120,4,596,9905,88,81006,269,9121
120,4,596,9905,88,81006,269,9121
120,4,596,9905,88,81006,269,9121
120,4,596,9905,88,81006,269,9121
120,4,596,9905,88,81006,269,9121
120,4,596,9905,88,81006,269,9121
120,4,596,9905,88,81006,269,9121
120,4,596,9905,88,81006,269,9121
120,4,596,9905,88,81006,269,9121
120,4,596,9905,88,81006,269,9121
120,4,596,9905,88,81006,269,9121
120,4,596,9905,88,81006,269,9121
120,4,596,9905,88,81006,269,9121
120,4,596,9905,88,81006,269,9121
120,4,596,9905,88,81006,269,9121
120,4,596,9905,88,81006,269,9121
120,4,596,9905,88,81006,269,9121
120,4,596,9905,88,81006,269,9121
120,4,596,9905,88,81006,269,9121
120,4,596,9905,88,81006,269,9121
120,4,596,9905,88,81006,269,9121
120,4,596,9905,88,81006,269,9121
120,4,596,9905,88,81006,269,9121
120,4,596,9905,88,81006,269,9121
120,4,596,9905,88,81006,269,9121
120,4,596,9905,88,81006,269,9121
120,4,596,9905,88,81006,269,9121
120,4,596,9905,88,81006,269,9121
120,4,596,9905,88,81006,269,9121
120,4,596,9905,88,81006,269,9121
120,4,596,9905,88,81006,269,9121
120,4,596,9905,88,81006,269,9121
120,4,596,9905,88,81006,269,9121
120,4,596,9905,88,81006,269,9121
120,4,596,9905,88,81006,269,9121
120,4,596,9905,88,81006,269,9121
120,4,596,9905,88,81006,269,9121
120,4,596,9905,88,81006,269,9121
120,4,596,9905,88,81006,269,9121
120,4,596,9905,88,81006,269,9121
120,4,596,9905,88,81006,269,9121
120,4,596,9905,88,81006,269,9121
120,4,596,9905,88,81006,269,9121
120,4,596,9905,88,81006,269,9121
120,4,596,9905,88,81006,269,9121
120,4,596,9905,88,81006,269,9121
120,4,596,9905,88,81006,269,9121
120,4,596,9905,88,81006,269,9121
120,4,596,9905,88,81006,269,9121
120,4,596,9905,88,81006,269,9121
120,4,596,9905,88,81006,269,9121
120,4,596,9905,88,81006,269,9121
120,4,596,9905,88,81006,269,9121
120,4,596,9905,88,81006,269,9121
120,4,596,9905,88,81006,269,9121
120,4,596,9905,88,81006,269,9121
120,4,596,9905,88,81006,269,9121
120,4,596,9905,88,81006,269,9121
120,4,596,9905,88,81006,269,9121
120,4,596,9905,88,81006,269,9121
120,4,596,9905,88,81006,269,9121
120,4,596,9905,88,81006,269,9121
120,4,596,9905,88,81006,269,9121
120,4,596,9905,88,81006,269,9121
120,4,596,9905,88,81006,269,9121
120,4,596,9905,88,81006,269,9121
120,4,596,9905,88,81006,269,9121
120,4,596,9905,88,81006,269,9121
120,4,596,9905,88,81006,269,9121
120,4,596,9905,88,81006,269,9121
120,4,596,9905,88,81006,269,9121
120,4,596,9905,88,81006,269,9121
120,4,596,9905,88,81006,269,9121
120,4,596,9905,88,81006,269,9121
120,4,596,9905,88,81006,269,9121
120,4,596,9905,88,81006,269,9121
120,4,596,9905,88,81006,269,9121
120,4,596,9905,88,81006,269,9121
120,4,596,9905,88,81006,269,9121
120,4,596,9905,88,81006,269,9121
120,4,596,9905,88,81006,269,9121
120,4,596,9905,88,81006,269,9121
120,4,596,9905,88,81006,269,9121
120,4,596,9905,88,81006,269,9121
120,4,596,9905,88,81006,269,9121
120,4,596,9905,88,81006,269,9121
120,4,596,9905,88,81006,269,9121
120,4,596,9905,88,81006,269,9121
120,4,596,9905,88,81006,269,9121
120,4,596,9905,88,81006,269,9121
120,4,596,9905,88,81006,269,9121
120,4,596,9905,88,81006,269,9121
120,4,596,9905,88,81006,269,9121
120,4,596,9905,88,81006,269,9121
120,4,596,9905,88,81006,269,9121
120,4,596,9905,88,81006,269,9121
120,4,596,9905,88,81006,269,9121
120,4,596,9905,88,81006,269,9121
120,4,596,9905,88,81006,269,9121
120,4,596,9905,88,81006,269,9121
120,4,596,9905,88,81006,269,9121
120,4,596,9905,88,81006,269,9121
120,4,596,9905,88,81006,269,9121
120,4,596,9905,88,81006,269,9121
120,4,596,9905,88,81006,269,9121
120,4,596,9905,88,81006,269,9121
120,4,596,9905,88,81006,269,9121
120,4,596,9905,88,81006,269,9121
120,4,596,9905,88,81006,269,9121
120,4,596,9905,88,81006,269,9121
120,4,596,9905,88,81006,269,9121
120,4,596,9905,88,81006,269,9121
120,4,596,9905,88,81006,269,9121
120,4,596,9905,88,81006,269,9121
120,4,596,9905,88,81006,269,9121
120,4,596,9905,88,81006,269,9121
120,4,596,9905,88,81006,269,9121
120,4,596,9905,88,81006,269,9121
120,4,596,9905,88,81006,269,9121
120,4,596,9905,88,81006,269,9121
120,4,596,9905,88,81006,269,9121
120,4,596,9905,88,81006,269,9121
120,4,596,9905,88,81006,269,9121
120,4,596,9905,88,81006,269,9121
120,4,596,9905,88,81006,269,9121
120,4,596,9905,88,81006,269,9121
120,4,596,9905,88,81006,269,9121
120,4,596,9905,88,81006,269,9121
120,4,596,9905,88,81006,269,9121
120,4,596,9905,88,81006,269,9121
120,4,596,9905,88,81006,269,9121
120,4,596,9905,88,81006,269,9121
120,4,596,9905,88,81006,269,9121
120,4,596,9905,88,81006,269,9121
120,4,596,9905,88,81006,269,9121
120,4,596,9905,88,81006,269,9121
120,4,596,9905,88,81006,269,9121
120,4,596,9905,88,81006,269,9121
120,4,596,9905,88,81006,269,9121
120,4,596,9905,88,81006,269,9121
120,4,596,9905,88,81006,269,9121
120,4,596,9905,88,81006,269,9121
120,4,596,9905,88,81006,269,9121
120,4,596,9905,88,81006,269,9121
120,4,596,9905,88,81006,269,9121
120,4,596,9905,88,81006,269,9121
120,4,596,9905,88,81006,269,9121
120,4,596,9905,88,81006,269,9121
120,4,596,9905,88,81006,269,9121
120,4,596,9905,88,81006,269,9121
120,4,596,9905,88,81006,269,9121
120,4,596,9905,88,81006,269,9121
120,4,596,9905,88,81006,269,9121
120,4,596,9905,88,81006,269,9121
120,4,596,9905,88,81006,269,9121
120,4,596,9905,88,81006,269,9121
120,4,596,9905,88,81006,269,9121
120,4,596,9905,88,81006,269,9121
120,4,596,9905,88,81006,269,9121
120,4,596,9905,88,81006,269,9121
120,4,596,9905,88,81006,269,9121
120,4,596,9905,88,81006,269,9121
120,4,596,9905,88,81006,269,9121
120,4,596,9905,88,81006,269,9121
120,4,596,9905,88,81006,269,9121
120,4,596,9905,88,81006,269,9121
120,4,596,9905,88,81006,269,9121
120,4,596,9905,88,81006,269,9121
120,4,596,9905,88,81006,269,9121
120,4,596,9905,88,81006,269,9121
120,4,596,9905,88,81006,269,9121
120,4,596,9905,88,81006,269,9121
120,4,596,9905,88,81006,269,9121
120,4,596,9905,88,81006,269,9121
120,4,596,9905,88,81006,269,9121
120,4,596,9905,88,81006,269,9121
120,4,596,9905,88,81006,269,9121
120,4,596,9905,88,81006,269,9121
120,4,596,9905,88,81006,269,9121
120,4,596,9905,88,81006,269,9121
120,4,596,9905,88,81006,269,9121
120,4,596,9905,88,81006,269,9121
120,4,596,9905,88,81006,269,9121
120,4,596,9905,88,81006,269,9121
120,4,596,9905,88,81006,269,9121
120,4,596,9905,88,81006,269,9121
120,4,596,9905,88,81006,269,9121
120,4,596,9905,88,81006,269,9121
120,4,596,9905,88,81006,269,9121
120,4,596,9905,88,81006,269,9121
120,4,596,9905,88,81006,269,9121
120,4,596,9905,88,81006,269,9121
120,4,596,9905,88,81006,269,9121
120,4,596,9905,88,81006,269,9121
120,4,596,9905,88,81006,269,9121
120,4,596,9905,88,81006,269,9121
120,4,596,9905,88,81006,269,9121
120,4,596,9905,88,81006,269,9121
120,4,596,9905,88,81006,269,9121
120,4,596,9905,88,81006,269,9121
120,4,596,9905,88,81006,269,9121
120,4,596,9905,88,81006,269,9121
120,4,596,9905,88,81006,269,9121
120,4,596,9905,88,81006,269,9121
120,4,596,9905,88,81006,269,9121
120,4,596,9905,88,81006,269,9121
120,4,596,9905,88,81006,269,9121
120,4,596,9905,88,81006,269,9121
120,4,596,9905,88,81006,269,9121
120,4,596,9905,88,81006,269,9121
120,4,596,9905,88,81006,269,9121
120,4,596,9905,88,81006,269,9121
120,4,596,9905,88,81006,269,9121
120,4,596,9905,88,81006,269,9121
120,4,596,9905,88,81006,269,9121
120,4,596,9905,88,81006,269,9121
120,4,596,9905,88,81006,269,9121
120,4,596,9905,88,81006,269,9121
120,4,596,9905,88,81006,269,9121
120,4,596,9905,88,81006,269,9121
120,4,596,9905,88,81006,269,9121
120,4,596,9905,88,81006,269,9121
120,4,596,9905,88,81006,269,9121
120,4,596,9905,88,81006,269,9121
120,4,596,9905,88,81006,269,9121
120,4,596,9905,88,81006,269,9121
120,4,596,9905,88,81006,269,9121
120,4,596,9905,88,81006,269,9121
120,4,596,9905,88,81006,269,9121
120,4,596,9905,88,81006,269,9121
120,4,596,9905,88,81006,269,9121
120,4,596,9905,88,81006,269,9121
120,4,596,9905,88,81006,269,9121
120,4,596,9905,88,81006,269,9121
120,4,596,9905,88,81006,269,9121
120,4,596,9905,88,81006,269,9121
120,4,596,9905,88,81006,269,9121
120,4,596,9905,88,81006,269,9121
120,4,596,9905,88,81006,269,9121
120,4,596,9905,88,81006,269,9121
120,4,596,9905,88,81006,269,9121
120,4,596,9905,88,81006,269,9121
120,4,596,9905,88,81006,269,9121
120,4,596,9905,88,81006,269,9121
120,4,596,9905,88,81006,269,9121
120,4,596,9905,88,81006,269,9121
120,4,596,9905,88,81006,269,9121
120,4,596,9905,88,81006,269,9121
120,4,596,9905,88,81006,269,9121
120,4,596,9905,88,81006,269,9121
120,4,596,9905,88,81006,269,9121
120,4,596,9905,88,81006,269,9121
120,4,596,9905,88,81006,269,9121
120,4,596,9905,88,81006,269,9121
120,4,596,9905,88,81006,269,9121
120,4,596,9905,88,81006,269,9121
120,4,596,9905,88,81006,269,9121
120,4,596,9905,88,81006,269,9121
120,4,596,9905,88,81006,269,9121
120,4,596,9905,88,81006,269,9121
120,4,596,9905,88,81006,269,9121
120,4,596,9905,88,81006,269,9121
120,4,596,9905,88,81006,269,9121
120,4,596,9905,88,81006,269,9121
120,4,596,9905,88,81006,269,9121
120,4,596,9905,88,81006,269,9121
120,4,596,9905,88,81006,269,9121
120,4,596,9905,88,81006,269,9121
120,4,596,9905,88,81006,269,9121
120,4,596,9905,88,81006,269,9121
120,4,596,9905,88,81006,269,9121
120,4,596,9905,88,81006,269,9121
120,4,596,9905,88,81006,269,9121
120,4,596,9905,88,81006,269,9121
120,4,596,9905,88,81006,269,9121
120,4,596,9905,88,81006,269,9121
120,4,596,9905,88,81006,269,9121
120,4,596,9905,88,81006,269,9121
120,4,596,9905,88,81006,269,9121
120,4,596,9905,88,81006,269,9121
120,4,596,9905,88,81006,269,9121
120,4,596,9905,88,81006,269,9121
120,4,596,9905,88,81006,269,9121
120,4,596,9905,88,81006,269,9121
120,4,596,9905,88,81006,269,9121
120,4,596,9905,88,81006,269,9121
120,4,596,9905,88,81006,269,9121
120,4,596,9905,88,81006,269,9121
120,4,596,9905,88,81006,269,9121
120,4,596,9905,88,81006,269,9121
120,4,596,9905,88,81006,269,9121
120,4,596,9905,88,81006,269,9121
120,4,596,9905,88,81006,269,9121
120,4,596,9905,88,81006,269,9121
120,4,596,9905,88,81006,269,9121
120,4,596,9905,88,81006,269,9121
120,4,596,9905,88,81006,269,9121
120,4,596,9905,88,81006,269,9121
120,4,596,9905,88,81006,269,9121
120,4,596,9905,88,81006,269,9121
120,4,596,9905,88,81006,269,9121
120,4,596,9905,88,81006,269,9121
120,4,596,9905,88,81006,269,9121
120,4,596,9905,88,81006,269,9121
120,4,596,9905,88,81006,269,9121
120,4,596,9905,88,81006,269,9121
120,4,596,9905,88,81006,269,9121
120,4,596,9905,88,81006,269,9121
120,4,596,9905,88,81006,269,9121
120,4,596,9905,88,81006,269,9121
120,4,596,9905,88,81006,269,9121
120,4,596,9905,88,81006,269,9121
120,4,596,9905,88,81006,269,9121
120,4,596,9905,88,81006,269,9121
120,4,596,9905,88,81006,269,9121
120,4,596,9905,88,81006,269,9121
120,4,596,9905,88,81006,269,9121
120,4,596,9905,88,81006,269,9121
120,4,596,9905,88,81006,269,9121
120,4,596,9905,88,81006,269,9121
120,4,596,9905,88,81006,269,9121
120,4,596,9905,88,81006,269,9121
120,4,596,9905,88,81006,269,9121
120,4,596,9905,88,81006,269,9121
120,4,596,9905,88,81006,269,9121
120,4,596,9905,88,81006,269,9121
120,4,596,9905,88,81006,269,9121
120,4,596,9905,88,81006,269,9121
120,4,596,9905,88,81006,269,9121
120,4,596,9905,88,81006,269,9121
120,4,596,9905,88,81006,269,9121
120,4,596,9905,88,81006,269,9121
120,4,596,9905,88,81006,269,9121
120,4,596,9905,88,81006,269,9121
120,4,596,9905,88,81006,269,9121
120,4,596,9905,88,81006,269,9121
120,4,596,9905,88,81006,269,9121
120,4,596,9905,88,81006,269,9121
120,4,596,9905,88,81006,269,9121
120,4,596,9905,88,81006,269,9121
120,4,596,9905,88,81006,269,9121
120,4,596,9905,88,81006,269,9121
120,4,596,9905,88,81006,269,9121
120,4,596,9905,88,81006,269,9121
120,4,596,9905,88,81006,269,9121
120,4,596,9905,88,81006,269,9121
120,4,596,9905,88,81006,269,9121
120,4,596,9905,88,81006,269,9121
120,4,596,9905,88,81006,269,9121
120,4,596,9905,88,81006,269,9121
120,4,596,9905,88,81006,269,9121
120,4,596,9905,88,81006,269,9121
120,4,596,9905,88,81006,269,9121
120,4,596,9905,88,81006,269,9121
120,4,596,9905,88,81006,269,9121
120,4,596,9905,88,81006,269,9121
120,4,596,9905,88,81006,269,9121
120,4,596,9905,88,81006,269,9121
120,4,596,9905,88,81006,269,9121
120,4,596,9905,88,81006,269,9121
120,4,596,9905,88,81006,269,9121
120,4,596,9905,88,81006,269,9121
120,4,596,9905,88,81006,269,9121
120,4,596,9905,88,81006,269,9121
120,4,596,9905,88,81006,269,9121
120,4,596,9905,88,81006,269,9121
120,4,596,9905,88,81006,269,9121
120,4,596,9905,88,81006,269,9121
120,4,596,9905,88,81006,269,9121
120,4,596,9905,88,81006,269,9121
120,4,596,9905,88,81006,269,9121
120,4,596,9905,88,81006,269,9121
120,4,596,9905,88,81006,269,9121
120,4,596,9905,88,81006,269,9121
120,4,596,9905,88,81006,269,9121
120,4,596,9905,88,81006,269,9121
120,4,596,9905,88,81006,269,9121
120,4,596,9905,88,81006,269,9121
120,4,596,9905,88,81006,269,9121
120,4,596,9905,88,81006,269,9121
120,4,596,9905,88,81006,269,9121
120,4,596,9905,88,81006,269,9121
120,4,596,9905,88,81006,269,9121
120,4,596,9905,88,81006,269,9121
120,4,596,9905,88,81006,269,9121
120,4,596,9905,88,81006,269,9121
120,4,596,9905,88,81006,269,9121
120,4,596,9905,88,81006,269,9121
120,4,596,9905,88,81006,269,9121
120,4,596,9905,88,81006,269,9121
120,4,596,9905,88,81006,269,9121
120,4,596,9905,88,81006,269,9121
120,4,596,9905,88,81006,269,9121
120,4,596,9905,88,81006,269,9121
120,4,596,9905,88,81006,269,9121
120,4,596,9905,88,81006,269,9121
120,4,596,9905,88,81006,269,9121
120,4,596,9905,88,81006,269,9121
120,4,596,9905,88,81006,269,9121
120,4,596,9905,88,81006,269,9121
120,4,596,9905,88,81006,269,9121
120,4,596,9905,88,81006,269,9121
120,4,596,9905,88,81006,269,9121
120,4,596,9905,88,81006,269,9121
120,4,596,9905,88,81006,269,9121
120,4,596,9905,88,81006,269,9121
120,4,596,9905,88,81006,269,9121
120,4,596,9905,88,81006,269,9121
120,4,596,9905,88,81006,269,9121
120,4,596,9905,88,81006,269,9121
120,4,596,9905,88,81006,269,9121
120,4,596,9905,88,81006,269,9121
120,4,596,9905,88,81006,269,9121
120,4,596,9905,88,81006,269,9121
120,4,596,9905,88,81006,269,9121
120,4,596,9905,88,81006,269,9121
120,4,596,9905,88,81006,269,9121
120,4,596,9905,88,81006,269,9121
120,4,596,9905,88,81006,269,9121
120,4,596,9905,88,81006,269,9121
120,4,596,9905,88,81006,269,9121
120,4,596,9905,88,81006,269,9121
120,4,596,9905,88,81006,269,9121
120,4,596,9905,88,81006,269,9121
120,4,596,9905,88,81006,269,9121
120,4,596,9905,88,81006,269,9121
120,4,596,9905,88,81006,269,9121
120,4,596,9905,88,81006,269,9121
120,4,596,9905,88,81006,269,9121
120,4,596,9905,88,81006,269,9121
120,4,596,9905,88,81006,269,9121
120,4,596,9905,88,81006,269,9121
120,4,596,9905,88,81006,269,9121
120,4,596,9905,88,81006,269,9121
120,4,596,9905,88,81006,269,9121
120,4,596,9905,88,81006,269,9121
120,4,596,9905,88,81006,269,9121
120,4,596,9905,88,81006,269,9121
120,4,596,9905,88,81006,269,9121
120,4,596,9905,88,81006,269,9121
120,4,596,9905,88,81006,269,9121
120,4,596,9905,88,81006,269,9121
120,4,596,9905,88,81006,269,9121
120,4,596,9905,88,81006,269,9121
120,4,596,9905,88,81006,269,9121
120,4,596,9905,88,81006,269,9121
120,4,596,9905,88,81006,269,9121
120,4,596,9905,88,81006,269,9121
120,4,596,9905,88,81006,269,9121
120,4,596,9905,88,81006,269,9121
120,4,596,9905,88,81006,269,9121
120,4,596,9905,88,81006,269,9121
120,4,596,9905,88,81006,269,9121
120,4,596,9905,88,81006,269,9121
120,4,596,9905,88,81006,269,9121
120,4,596,9905,88,81006,269,9121
120,4,596,9905,88,81006,269,9121
120,4,596,9905,88,81006,269,9121
120,4,596,9905,88,81006,269,9121
120,4,596,9905,88,81006,269,9121
120,4,596,9905,88,81006,269,9121
120,4,596,9905,88,81006,269,9121
120,4,596,9905,88,81006,269,9121
120,4,596,9905,88,81006,269,9121
120,4,596,9905,88,81006,269,9121
120,4,596,9905,88,81006,269,9121
120,4,596,9905,88,81006,269,9121
120,4,596,9905,88,81006,269,9121
120,4,596,9905,88,81006,269,9121
120,4,596,9905,88,81006,269,9121
120,4,596,9905,88,81006,269,9121
120,4,596,9905,88,81006,269,9121
120,4,596,9905,88,81006,269,9121
120,4,596,9905,88,81006,269,9121
120,4,596,9905,88,81006,269,9121
120,4,596,9905,88,81006,269,9121
120,4,596,9905,88,81006,269,9121
120,4,596,9905,88,81006,269,9121
120,4,596,9905,88,81006,269,9121
120,4,596,9905,88,81006,269,9121
120,4,596,9905,88,81006,269,9121
120,4,596,9905,88,81006,269,9121
120,4,596,9905,88,81006,269,9121
120,4,596,9905,88,81006,269,9121
120,4,596,9905,88,81006,269,9121
120,4,596,9905,88,81006,269,9121
120,4,596,9905,88,81006,269,9121
120,4,596,9905,88,81006,269,9121
120,4,596,9905,88,81006,269,9121
120,4,596,9905,88,81006,269,9121
120,4,596,9905,88,81006,269,9121
120,4,596,9905,88,81006,269,9121
120,4,596,9905,88,81006,269,9121
120,4,596,9905,88,81006,269,9121
120,4,596,9905,88,81006,269,9121
120,4,596,9905,88,81006,269,9121
120,4,596,9905,88,81006,269,9121
120,4,596,9905,88,81006,269,9121
120,4,596,9905,88,81006,269,9121
120,4,596,9905,88,81006,269,9121
120,4,596,9905,88,81006,269,9121
120,4,596,9905,88,81006,269,9121
120,4,596,9905,88,81006,269,9121
120,4,596,9905,88,81006,269,9121
120,4,596,9905,88,81006,269,9121
120,4,596,9905,88,81006,269,9121
120,4,596,9905,88,81006,269,9121
120,4,596,9905,88,81006,269,9121
120,4,596,9905,88,81006,269,9121
120,4,596,9905,88,81006,269,9121
120,4,596,9905,88,81006,269,9121
120,4,596,9905,88,81006,269,9121
120,4,596,9905,88,81006,269,9121
120,4,596,9905,88,81006,269,9121
120,4,596,9905,88,81006,269,9121
120,4,596,9905,88,81006,269,9121
120,4,596,9905,88,81006,269,9121
120,4,596,9905,88,81006,269,9121
120,4,596,9905,88,81006,269,9121
120,4,596,9905,88,81006,269,9121
120,4,596,9905,88,81006,269,9121
120,4,596,9905,88,81006,269,9121
120,4,596,9905,88,81006,269,9121
120,4,596,9905,88,81006,269,9121
120,4,596,9905,88,81006,269,9121
120,4,596,9905,88,81006,269,9121
120,4,596,9905,88,81006,269,9121
120,4,596,9905,88,81006,269,9121
120,4,596,9905,88,81006,269,9121
120,4,596,9905,88,81006,269,9121
120,4,596,9905,88,81006,269,9121
120,4,596,9905,88,81006,269,9121
120,4,596,9905,88,81006,269,9121
120,4,596,9905,88,81006,269,9121
120,4,596,9905,88,81006,269,9121
120,4,596,9905,88,81006,269,9121
120,4,596,9905,88,81006,269,9121
120,4,596,9905,88,81006,269,9121
120,4,596,9905,88,81006,269,9121
120,4,596,9905,88,81006,269,9121
120,4,596,9905,88,81006,269,9121
120,4,596,9905,88,81006,269,9121
120,4,596,9905,88,81006,269,9121
120,4,596,9905,88,81006,269,9121
120,4,596,9905,88,81006,269,9121
120,4,596,9905,88,81006,269,9121
120,4,596,9905,88,81006,269,9121
120,4,596,9905,88,81006,269,9121
120,4,596,9905,88,81006,269,9121
120,4,596,9905,88,81006,269,9121
120,4,596,9905,88,81006,269,9121
120,4,596,9905,88,81006,269,9121
120,4,596,9905,88,81006,269,9121
120,4,596,9905,88,81006,269,9121
120,4,596,9905,88,81006,269,9121
120,4,596,9905,88,81006,269,9121
120,4,596,9905,88,81006,269,9121
120,4,596,9905,88,81006,269,9121
120,4,596,9905,88,81006,269,9121
120,4,596,9905,88,81006,269,9121
120,4,596,9905,88,81006,269,9121
120,4,596,9905,88,81006,269,9121
120,4,596,9905,88,81006,269,9121
120,4,596,9905,88,81006,269,9121
120,4,596,9905,88,81006,269,9121
120,4,596,9905,88,81006,269,9121
120,4,596,9905,88,81006,269,9121
120,4,596,9905,88,81006,269,9121
120,4,596,9905,88,81006,269,9121
120,4,596,9905,88,81006,269,9121
120,4,596,9905,88,81006,269,9121
120,4,596,9905,88,81006,269,9121
120,4,596,9905,88,81006,269,9121
120,4,596,9905,88,81006,269,9121
120,4,596,9905,88,81006,269,9121
120,4,596,9905,88,81006,269,9121
120,4,596,9905,88,81006,269,9121
120,4,596,9905,88,81006,269,9121
120,4,596,9905,88,81006,269,9121
120,4,596,9905,88,81006,269,9121
120,4,596,9905,88,81006,269,9121
120,4,596,9905,88,81006,269,9121
120,4,596,9905,88,81006,269,9121
120,4,596,9905,88,81006,269,9121
120,4,596,9905,88,81006,269,9121
120,4,596,9905,88,81006,269,9121
120,4,596,9905,88,81006,269,9121
120,4,596,9905,88,81006,269,9121
120,4,596,9905,88,81006,269,9121
120,4,596,9905,88,81006,269,9121
120,4,596,9905,88,81006,269,9121
120,4,596,9905,88,81006,269,9121
120,4,596,9905,88,81006,269,9121
120,4,596,9905,88,81006,269,9121
120,4,596,9905,88,81006,269,9121
120,4,596,9905,88,81006,269,9121
120,4,596,9905,88,81006,269,9121
120,4,596,9905,88,81006,269,9121
120,4,596,9905,88,81006,269,9121
120,4,596,9905,88,81006,269,9121
120,4,596,9905,88,81006,269,9121
120,4,596,9905,88,81006,269,9121
120,4,596,9905,88,81006,269,9121
120,4,596,9905,88,81006,269,9121
120,4,596,9905,88,81006,269,9121
120,4,596,9905,88,81006,269,9121
120,4,596,9905,88,81006,269,9121
120,4,596,9905,88,81006,269,9121
120,4,596,9905,88,81006,269,9121
120,4,596,9905,88,81006,269,9121
120,4,596,9905,88,81006,269,9121
120,4,596,9905,88,81006,269,9121
120,4,596,9905,88,81006,269,9121
120,4,596,9905,88,81006,269,9121
120,4,596,9905,88,81006,269,9121
120,4,596,9905,88,81006,269,9121
120,4,596,9905,88,81006,269,9121
120,4,596,9905,88,81006,269,9121
120,4,596,9905,88,81006,269,9121
120,4,596,9905,88,81006,269,9121
120,4,596,9905,88,81006,269,9121
120,4,596,9905,88,81006,269,9121
120,4,596,9905,88,81006,269,9121
120,4,596,9905,88,81006,269,9121
120,4,596,9905,88,81006,269,9121
120,4,596,9905,88,81006,269,9121
120,4,596,9905,88,81006,269,9121
120,4,596,9905,88,81006,269,9121
120,4,596,9905,88,81006,269,9121
120,4,596,9905,88,81006,269,9121
120,4,596,9905,88,81006,269,9121
120,4,596,9905,88,81006,269,9121
120,4,596,9905,88,81006,269,9121
120,4,596,9905,88,81006,269,9121
120,4,596,9905,88,81006,269,9121
120,4,596,9905,88,81006,269,9121
120,4,596,9905,88,81006,269,9121
120,4,596,9905,88,81006,269,9121
120,4,596,9905,88,81006,269,9121
120,4,596,9905,88,81006,269,9121
120,4,596,9905,88,81006,269,9121
120,4,596,9905,88,81006,269,9121
120,4,596,9905,88,81006,269,9121
120,4,596,9905,88,81006,269,9121
120,4,596,9905,88,81006,269,9121
120,4,596,9905,88,81006,269,9121
120,4,596,9905,88,81006,269,9121
120,4,596,9905,88,81006,269,9121
120,4,596,9905,88,81006,269,9121
120,4,596,9905,88,81006,269,9121
120,4,596,9905,88,81006,269,9121
120,4,596,9905,88,81006,269,9121
120,4,596,9905,88,81006,269,9121
120,4,596,9905,88,81006,269,9121
120,4,596,9905,88,81006,269,9121
120,4,596,9905,88,81006,269,9121
120,4,596,9905,88,81006,269,9121
120,4,596,9905,88,81006,269,9121
120,4,596,9905,88,81006,269,9121
120,4,596,9905,88,81006,269,9121
120,4,596,9905,88,81006,269,9121
120,4,596,9905,88,81006,269,9121
120,4,596,9905,88,81006,269,9121
120,4,596,9905,88,81006,269,9121
120,4,596,9905,88,81006,269,9121
120,4,596,9905,88,81006,269,9121
120,4,596,9905,88,81006,269,9121
120,4,596,9905,88,81006,269,9121
120,4,596,9905,88,81006,269,9121
120,4,596,9905,88,81006,269,9121
120,4,596,9905,88,81006,269,9121
120,4,596,9905,88,81006,269,9121
120,4,596,9905,88,81006,269,9121
120,4,596,9905,88,81006,269,9121
120,4,596,9905,88,81006,269,9121
120,4,596,9905,88,81006,269,9121
120,4,596,9905,88,81006,269,9121
120,4,596,9905,88,81006,269,9121
120,4,596,9905,88,81006,269,9121
120,4,596,9905,88,81006,269,9121
120,4,596,9905,88,81006,269,9121
120,4,596,9905,88,81006,269,9121
120,4,596,9905,88,81006,269,9121
120,4,596,9905,88,81006,269,9121
120,4,596,9905,88,81006,269,9121
120,4,596,9905,88,81006,269,9121
120,4,596,9905,88,81006,269,9121
120,4,596,9905,88,81006,269,9121
120,4,596,9905,88,81006,269,9121
120,4,596,9905,88,81006,269,9121
120,4,596,9905,88,81006,269,9121
120,4,596,9905,88,81006,269,9121
120,4,596,9905,88,81006,269,9121
120,4,596,9905,88,81006,269,9121
120,4,596,9905,88,81006,269,9121
120,4,596,9905,88,81006,269,9121
120,4,596,9905,88,81006,269,9121
120,4,596,9905,88,81006,269,9121
120,4,596,9905,88,81006,269,9121
120,4,596,9905,88,81006,269,9121
120,4,596,9905,88,81006,269,9121
120,4,596,9905,88,81006,269,9121
120,4,596,9905,88,81006,269,9121
120,4,596,9905,88,81006,269,9121
120,4,596,9905,88,81006,269,9121
120,4,596,9905,88,81006,269,9121
120,4,596,9905,88,81006,269,9121
120,4,596,9905,88,81006,269,9121
120,4,596,9905,88,81006,269,9121
120,4,596,9905,88,81006,269,9121
120,4,596,9905,88,81006,269,9121
120,4,596,9905,88,81006,269,9121
120,4,596,9905,88,81006,269,9121
120,4,596,9905,88,81006,269,9121
120,4,596,9905,88,81006,269,9121
120,4,596,9905,88,81006,269,9121
120,4,596,9905,88,81006,269,9121
120,4,596,9905,88,81006,269,9121
120,4,596,9905,88,81006,269,9121
120,4,596,9905,88,81006,269,9121
120,4,596,9905,88,81006,269,9121
120,4,596,9905,88,81006,269,9121
120,4,596,9905,88,81006,269,9121
120,4,596,9905,88,81006,269,9121
120,4,596,9905,88,81006,269,9121
120,4,596,9905,88,81006,269,9121
120,4,596,9905,88,81006,269,9121
120,4,596,9905,88,81006,269,9121
120,4,596,9905,88,81006,269,9121
120,4,596,9905,88,81006,269,9121
120,4,596,9905,88,81006,269,9121
120,4,596,9905,88,81006,269,9121
120,4,596,9905,88,81006,269,9121
120,4,596,9905,88,81006,269,9121
120,4,596,9905,88,81006,269,9121
120,4,596,9905,88,81006,269,9121
120,4,596,9905,88,81006,269,9121
120,4,596,9905,88,81006,269,9121
120,4,596,9905,88,81006,269,9121
120,4,596,9905,88,81006,269,9121
120,4,596,9905,88,81006,269,9121
120,4,596,9905,88,81006,269,9121
120,4,596,9905,88,81006,269,9121
120,4,596,9905,88,81006,269,9121
120,4,596,9905,88,81006,269,9121
120,4,596,9905,88,81006,269,9121
120,4,596,9905,88,81006,269,9121
120,4,596,9905,88,81006,269,9121
120,4,596,9905,88,81006,269,9121
120,4,596,9905,88,81006,269,9121
120,4,596,9905,88,81006,269,9121
120,4,596,9905,88,81006,269,9121
120,4,596,9905,88,81006,269,9121
120,4,596,9905,88,81006,269,9121
120,4,596,9905,88,81006,269,9121
120,4,596,9905,88,81006,269,9121
120,4,596,9905,88,81006,269,9121
120,4,596,9905,88,81006,269,9121
120,4,596,9905,88,81006,269,9121
120,4,596,9905,88,81006,269,9121
120,4,596,9905,88,81006,269,9121
120,4,596,9905,88,81006,269,9121
120,4,596,9905,88,81006,269,9121
120,4,596,9905,88,81006,269,9121
120,4,596,9905,88,81006,269,9121
120,4,596,9905,88,81006,269,9121
120,4,596,9905,88,81006,269,9121
120,4,596,9905,88,81006,269,9121
120,4,596,9905,88,81006,269,9121
120,4,596,9905,88,81006,269,9121
120,4,596,9905,88,81006,269,9121
120,4,596,9905,88,81006,269,9121
120,4,596,9905,88,81006,269,9121
120,4,596,9905,88,81006,269,9121
120,4,596,9905,88,81006,269,9121
120,4,596,9905,88,81006,269,9121
120,4,596,9905,88,81006,269,9121
120,4,596,9905,88,81006,269,9121
120,4,596,9905,88,81006,269,9121
120,4,596,9905,88,81006,269,9121
120,4,596,9905,88,81006,269,9121
120,4,596,9905,88,81006,269,9121
120,4,596,9905,88,81006,269,9121
120,4,596,9905,88,81006,269,9121
120,4,596,9905,88,81006,269,9121
120,4,596,9905,88,81006,269,9121
120,4,596,9905,88,81006,269,9121
120,4,596,9905,88,81006,269,9121
120,4,596,9905,88,81006,269,9121
120,4,596,9905,88,81006,269,9121
120,4,596,9905,88,81006,269,9121
120,4,596,9905,88,81006,269,9121
120,4,596,9905,88,81006,269,9121
120,4,596,9905,88,81006,269,9121
120,4,596,9905,88,81006,269,9121
120,4,596,9905,88,81006,269,9121
120,4,596,9905,88,81006,269,9121
120,4,596,9905,88,81006,269,9121
120,4,596,9905,88,81006,269,9121
120,4,596,9905,88,81006,269,9121
120,4,596,9905,88,81006,269,9121
120,4,596,9905,88,81006,269,9121
120,4,596,9905,88,81006,269,9121
120,4,596,9905,88,81006,269,9121
120,4,596,9905,88,81006,269,9121
120,4,596,9905,88,81006,269,9121
120,4,596,9905,88,81006,269,9121
120,4,596,9905,88,81006,269,9121
120,4,596,9905,88,81006,269,9121
120,4,596,9905,88,81006,269,9121
120,4,596,9905,88,81006,269,9121
120,4,596,9905,88,81006,269,9121
120,4,596,9905,88,81006,269,9121
120,4,596,9905,88,81006,269,9121
120,4,596,9905,88,81006,269,9121
120,4,596,9905,88,81006,269,9121
120,4,596,9905,88,81006,269,9121
120,4,596,9905,88,81006,269,9121
120,4,596,9905,88,81006,269,9121
120,4,596,9905,88,81006,269,9121
120,4,596,9905,88,81006,269,9121
120,4,596,9905,88,81006,269,9121
120,4,596,9905,88,81006,269,9121
120,4,596,9905,88,81006,269,9121
120,4,596,9905,88,81006,269,9121
120,4,596,9905,88,81006,269,9121
120,4,596,9905,88,81006,269,9121
120,4,596,9905,88,81006,269,9121
120,4,596,9905,88,81006,269,9121
120,4,596,9905,88,81006,269,9121
120,4,596,9905,88,81006,269,9121
120,4,596,9905,88,81006,269,9121
120,4,596,9905,88,81006,269,9121
120,4,596,9905,88,81006,269,9121
120,4,596,9905,88,81006,269,9121
120,4,596,9905,88,81006,269,9121
120,4,596,9905,88,81006,269,9121
120,4,596,9905,88,81006,269,9121
120,4,596,9905,88,81006,269,9121
120,4,596,9905,88,81006,269,9121
120,4,596,9905,88,81006,269,9121
120,4,596,9905,88,81006,269,9121
120,4,596,9905,88,81006,269,9121
120,4,596,9905,88,81006,269,9121
120,4,596,9905,88,81006,269,9121
120,4,596,9905,88,81006,269,9121
120,4,596,9905,88,81006,269,9121
120,4,596,9905,88,81006,269,9121
120,4,596,9905,88,81006,269,9121
120,4,596,9905,88,81006,269,9121
120,4,596,9905,88,81006,269,9121
120,4,596,9905,88,81006,269,9121
120,4,596,9905,88,81006,269,9121
120,4,596,9905,88,81006,269,9121
120,4,596,9905,88,81006,269,9121
120,4,596,9905,88,81006,269,9121
120,4,596,9905,88,81006,269,9121
120,4,596,9905,88,81006,269,9121
120,4,596,9905,88,81006,269,9121
120,4,596,9905,88,81006,269,9121
120,4,596,9905,88,81006,269,9121
120,4,596,9905,88,81006,269,9121
120,4,596,9905,88,81006,269,9121
120,4,596,9905,88,81006,269,9121
120,4,596,9905,88,81006,269,9121
120,4,596,9905,88,81006,269,9121
120,4,596,9905,88,81006,269,9121
120,4,596,9905,88,81006,269,9121
120,4,596,9905,88,81006,269,9121
120,4,596,9905,88,81006,269,9121
120,4,596,9905,88,81006,269,9121
120,4,596,9905,88,81006,269,9121
120,4,596,9905,88,81006,269,9121
120,4,596,9905,88,81006,269,9121
120,4,596,9905,88,81006,269,9121
120,4,596,9905,88,81006,269,9121
120,4,596,9905,88,81006,269,9121
120,4,596,9905,88,81006,269,9121
120,4,596,9905,88,81006,269,9121
120,4,596,9905,88,81006,269,9121
120,4,596,9905,88,81006,269,9121
120,4,596,9905,88,81006,269,9121
120,4,596,9905,88,81006,269,9121
120,4,596,9905,88,81006,269,9121
120,4,596,9905,88,81006,269,9121
120,4,596,9905,88,81006,269,9121
120,4,596,9905,88,81006,269,9121
120,4,596,9905,88,81006,269,9121
120,4,596,9905,88,81006,269,9121
120,4,596,9905,88,81006,269,9121
120,4,596,9905,88,81006,269,9121
120,4,596,9905,88,81006,269,9121
120,4,596,9905,88,81006,269,9121
120,4,596,9905,88,81006,269,9121
120,4,596,9905,88,81006,269,9121
120,4,596,9905,88,81006,269,9121
120,4,596,9905,88,81006,269,9121
120,4,596,9905,88,81006,269,9121
120,4,596,9905,88,81006,269,9121
120,4,596,9905,88,81006,269,9121
120,4,596,9905,88,81006,269,9121
120,4,596,9905,88,81006,269,9121
120,4,596,9905,88,81006,269,9121
120,4,596,9905,88,81006,269,9121
120,4,596,9905,88,81006,269,9121
120,4,596,9905,88,81006,269,9121
120,4,596,9905,88,81006,269,9121
120,4,596,9905,88,81006,269,9121
120,4,596,9905,88,81006,269,9121
120,4,596,9905,88,81006,269,9121
120,4,596,9905,88,81006,269,9121
120,4,596,9905,88,81006,269,9121
120,4,596,9905,88,81006,269,9121
120,4,596,9905,88,81006,269,9121
120,4,596,9905,88,81006,269,9121
120,4,596,9905,88,81006,269,9121
120,4,596,9905,88,81006,269,9121
120,4,596,9905,88,81006,269,9121
120,4,596,9905,88,81006,269,9121
120,4,596,9905,88,81006,269,9121
120,4,596,9905,88,81006,269,9121
120,4,596,9905,88,81006,269,9121
120,4,596,9905,88,81006,269,9121
120,4,596,9905,88,81006,269,9121
120,4,596,9905,88,81006,269,9121
120,4,596,9905,88,81006,269,9121
120,4,596,9905,88,81006,269,9121
120,4,596,9905,88,81006,269,9121
120,4,596,9905,88,81006,269,9121
120,4,596,9905,88,81006,269,9121
120,4,596,9905,88,81006,269,9121
120,4,596,9905,88,81006,269,9121
120,4,596,9905,88,81006,269,9121
120,4,596,9905,88,81006,269,9121
120,4,596,9905,88,81006,269,9121
120,4,596,9905,88,81006,269,9121
120,4,596,9905,88,81006,269,9121
120,4,596,9905,88,81006,269,9121
120,4,596,9905,88,81006,269,9121
120,4,596,9905,88,81006,269,9121
120,4,596,9905,88,81006,269,9121
120,4,596,9905,88,81006,269,9121
120,4,596,9905,88,81006,269,9121
120,4,596,9905,88,81006,269,9121
120,4,596,9905,88,81006,269,9121
120,4,596,9905,88,81006,269,9121
120,4,596,9905,88,81006,269,9121
120,4,596,9905,88,81006,269,9121
120,4,596,9905,88,81006,269,9121
120,4,596,9905,88,81006,269,9121
120,4,596,9905,88,81006,269,9121
120,4,596,9905,88,81006,269,9121
120,4,596,9905,88,81006,269,9121
120,4,596,9905,88,81006,269,9121
120,4,596,9905,88,81006,269,9121
120,4,596,9905,88,81006,269,9121
120,4,596,9905,88,81006,269,9121
120,4,596,9905,88,81006,269,9121
120,4,596,9905,88,81006,269,9121
120,4,596,9905,88,81006,269,9121
120,4,596,9905,88,81006,269,9121
120,4,596,9905,88,81006,269,9121
120,4,596,9905,88,81006,269,9121
120,4,596,9905,88,81006,269,9121
120,4,596,9905,88,81006,269,9121
120,4,596,9905,88,81006,269,9121
120,4,596,9905,88,81006,269,9121
120,4,596,9905,88,81006,269,9121
120,4,596,9905,88,81006,269,9121
120,4,596,9905,88,81006,269,9121
120,4,596,9905,88,81006,269,9121
120,4,596,9905,88,81006,269,9121
120,4,596,9905,88,81006,269,9121
120,4,596,9905,88,81006,269,9121
120,4,596,9905,88,81006,269,9121
120,4,596,9905,88,81006,269,9121
120,4,596,9905,88,81006,269,9121
120,4,596,9905,88,81006,269,9121
120,4,596,9905,88,81006,269,9121
120,4,596,9905,88,81006,269,9121
120,4,596,9905,88,81006,269,9121
120,4,596,9905,88,81006,269,9121
120,4,596,9905,88,81006,269,9121
120,4,596,9905,88,81006,269,9121
120,4,596,9905,88,81006,269,9121
120,4,596,9905,88,81006,269,9121
120,4,596,9905,88,81006,269,9121
120,4,596,9905,88,81006,269,9121
120,4,596,9905,88,81006,269,9121
120,4,596,9905,88,81006,269,9121
120,4,596,9905,88,81006,269,9121
120,4,596,9905,88,81006,269,9121
120,4,596,9905,88,81006,269,9121
120,4,596,9905,88,81006,269,9121
120,4,596,9905,88,81006,269,9121
120,4,596,9905,88,81006,269,9121
120,4,596,9905,88,81006,269,9121
120,4,596,9905,88,81006,269,9121
120,4,596,9905,88,81006,269,9121
120,4,596,9905,88,81006,269,9121
120,4,596,9905,88,81006,269,9121
120,4,596,9905,88,81006,269,9121
120,4,596,9905,88,81006,269,9121
120,4,596,9905,88,81006,269,9121
120,4,596,9905,88,81006,269,9121
120,4,596,9905,88,81006,269,9121
120,4,596,9905,88,81006,269,9121
120,4,596,9905,88,81006,269,9121
120,4,596,9905,88,81006,269,9121
120,4,596,9905,88,81006,269,9121
120,4,596,9905,88,81006,269,9121
120,4,596,9905,88,81006,269,9121
120,4,596,9905,88,81006,269,9121
120,4,596,9905,88,81006,269,9121
120,4,596,9905,88,81006,269,9121
120,4,596,9905,88,81006,269,9121
120,4,596,9905,88,81006,269,9121
120,4,596,9905,88,81006,269,9121
120,4,596,9905,88,81006,269,9121
120,4,596,9905,88,81006,269,9121
120,4,596,9905,88,81006,269,9121
120,4,596,9905,88,81006,269,9121
120,4,596,9905,88,81006,269,9121
120,4,596,9905,88,81006,269,9121
120,4,596,9905,88,81006,269,9121
120,4,596,9905,88,81006,269,9121
120,4,596,9905,88,81006,269,9121
120,4,596,9905,88,81006,269,9121
120,4,596,9905,88,81006,269,9121
120,4,596,9905,88,81006,269,9121
120,4,596,9905,88,81006,269,9121
120,4,596,9905,88,81006,269,9121
120,4,596,9905,88,81006,269,9121
120,4,596,9905,88,81006,269,9121
120,4,596,9905,88,81006,269,9121
120,4,596,9905,88,81006,269,9121
120,4,596,9905,88,81006,269,9121
120,4,596,9905,88,81006,269,9121
120,4,596,9905,88,81006,269,9121
120,4,596,9905,88,81006,269,9121
120,4,596,9905,88,81006,269,9121
120,4,596,9905,88,81006,269,9121
120,4,596,9905,88,81006,269,9121
120,4,596,9905,88,81006,269,9121
120,4,596,9905,88,81006,269,9121
120,4,596,9905,88,81006,269,9121
120,4,596,9905,88,81006,269,9121
120,4,596,9905,88,81006,269,9121
120,4,596,9905,88,81006,269,9121
120,4,596,9905,88,81006,269,9121
120,4,596,9905,88,81006,269,9121
120,4,596,9905,88,81006,269,9121
120,4,596,9905,88,81006,269,9121
120,4,596,9905,88,81006,269,9121
120,4,596,9905,88,81006,269,9121
120,4,596,9905,88,81006,269,9121
120,4,596,9905,88,81006,269,9121
120,4,596,9905,88,81006,269,9121
120,4,596,9905,88,81006,269,9121
120,4,596,9905,88,81006,269,9121
120,4,596,9905,88,81006,269,9121
120,4,596,9905,88,81006,269,9121
120,4,596,9905,88,81006,269,9121
120,4,596,9905,88,81006,269,9121
120,4,596,9905,88,81006,269,9121
120,4,596,9905,88,81006,269,9121
120,4,596,9905,88,81006,269,9121
120,4,596,9905,88,81006,269,9121
120,4,596,9905,88,81006,269,9121
120,4,596,9905,88,81006,269,9121
120,4,596,9905,88,81006,269,9121
120,4,596,9905,88,81006,269,9121
120,4,596,9905,88,81006,269,9121
120,4,596,9905,88,81006,269,9121
120,4,596,9905,88,81006,269,9121
120,4,596,9905,88,81006,269,9121
120,4,596,9905,88,81006,269,9121
120,4,596,9905,88,81006,269,9121
120,4,596,9905,88,81006,269,9121
120,4,596,9905,88,81006,269,9121
120,4,596,9905,88,81006,269,9121
120,4,596,9905,88,81006,269,9121
120,4,596,9905,88,81006,269,9121
120,4,596,9905,88,81006,269,9121
120,4,596,9905,88,81006,269,9121
120,4,596,9905,88,81006,269,9121
120,4,596,9905,88,81006,269,9121
120,4,596,9905,88,81006,269,9121
120,4,596,9905,88,81006,269,9121
120,4,596,9905,88,81006,269,9121
120,4,596,9905,88,81006,269,9121
120,4,596,9905,88,81006,269,9121
120,4,596,9905,88,81006,269,9121
120,4,596,9905,88,81006,269,9121
120,4,596,9905,88,81006,269,9121
120,4,596,9905,88,81006,269,9121
120,4,596,9905,88,81006,269,9121
120,4,596,9905,88,81006,269,9121
120,4,596,9905,88,81006,269,9121
120,4,596,9905,88,81006,269,9121
120,4,596,9905,88,81006,269,9121
120,4,596,9905,88,81006,269,9121
120,4,596,9905,88,81006,269,9121
120,4,596,9905,88,81006,269,9121
120,4,596,9905,88,81006,269,9121
120,4,596,9905,88,81006,269,9121
120,4,596,9905,88,81006,269,9121
120,4,596,9905,88,81006,269,9121
120,4,596,9905,88,81006,269,9121
120,4,596,9905,88,81006,269,9121
120,4,596,9905,88,81006,269,9121
120,4,596,9905,88,81006,269,9121
120,4,596,9905,88,81006,269,9121
120,4,596,9905,88,81006,269,9121
120,4,596,9905,88,81006,269,9121
120,4,596,9905,88,81006,269,9121
120,4,596,9905,88,81006,269,9121
120,4,596,9905,88,81006,269,9121
120,4,596,9905,88,81006,269,9121
120,4,596,9905,88,81006,269,9121
120,4,596,9905,88,81006,269,9121
120,4,596,9905,88,81006,269,9121
120,4,596,9905,88,81006,269,9121
120,4,596,9905,88,81006,269,9121
120,4,596,9905,88,81006,269,9121
120,4,596,9905,88,81006,269,9121
120,4,596,9905,88,81006,269,9121
120,4,596,9905,88,81006,269,9121
120,4,596,9905,88,81006,269,9121
120,4,596,9905,88,81006,269,9121
120,4,596,9905,88,81006,269,9121
120,4,596,9905,88,81006,269,9121
120,4,596,9905,88,81006,269,9121
120,4,596,9905,88,81006,269,9121
120,4,596,9905,88,81006,269,9121
120,4,596,9905,88,81006,269,9121
120,4,596,9905,88,81006,269,9121
120,4,596,9905,88,81006,269,9121
120,4,596,9905,88,81006,269,9121
120,4,596,9905,88,81006,269,9121
120,4,596,9905,88,81006,269,9121
120,4,596,9905,88,81006,269,9121
120,4,596,9905,88,81006,269,9121
120,4,596,9905,88,81006,269,9121
120,4,596,9905,88,81006,269,9121
120,4,596,9905,88,81006,269,9121
120,4,596,9905,88,81006,269,9121
120,4,596,9905,88,81006,269,9121
120,4,596,9905,88,81006,269,9121
120,4,596,9905,88,81006,269,9121
120,4,596,9905,88,81006,269,9121
120,4,596,9905,88,81006,269,9121
120,4,596,9905,88,81006,269,9121
120,4,596,9905,88,81006,269,9121
120,4,596,9905,88,81006,269,9121
120,4,596,9905,88,81006,269,9121
120,4,596,9905,88,81006,269,9121
120,4,596,9905,88,81006,269,9121
120,4,596,9905,88,81006,269,9121
120,4,596,9905,88,81006,269,9121
120,4,596,9905,88,81006,269,9121
120,4,596,9905,88,81006,269,9121
120,4,596,9905,88,81006,269,9121
120,4,596,9905,88,81006,269,9121
120,4,596,9905,88,81006,269,9121
120,4,596,9905,88,81006,269,9121
120,4,596,9905,88,81006,269,9121
120,4,596,9905,88,81006,269,9121
120,4,596,9905,88,81006,269,9121
120,4,596,9905,88,81006,269,9121
120,4,596,9905,88,81006,269,9121
120,4,596,9905,88,81006,269,9121
120,4,596,9905,88,81006,269,9121
120,4,596,9905,88,81006,269,9121
120,4,596,9905,88,81006,269,9121
120,4,596,9905,88,81006,269,9121
120,4,596,9905,88,81006,269,9121
120,4,596,9905,88,81006,269,9121
120,4,596,9905,88,81006,269,9121
120,4,596,9905,88,81006,269,9121
120,4,596,9905,88,81006,269,9121
120,4,596,9905,88,81006,269,9121
120,4,596,9905,88,81006,269,9121
120,4,596,9905,88,81006,269,9121
120,4,596,9905,88,81006,269,9121
120,4,596,9905,88,81006,269,9121
120,4,596,9905,88,81006,269,9121
120,4,596,9905,88,81006,269,9121
120,4,596,9905,88,81006,269,9121
120,4,596,9905,88,81006,269,9121
120,4,596,9905,88,81006,269,9121
120,4,596,9905,88,81006,269,9121
120,4,596,9905,88,81006,269,9121
120,4,596,9905,88,81006,269,9121
120,4,596,9905,88,81006,269,9121
120,4,596,9905,88,81006,269,9121
120,4,596,9905,88,81006,269,9121
120,4,596,9905,88,81006,269,9121
120,4,596,9905,88,81006,269,9121
120,4,596,9905,88,81006,269,9121
120,4,596,9905,88,81006,269,9121
120,4,596,9905,88,81006,269,9121
120,4,596,9905,88,81006,269,9121
120,4,596,9905,88,81006,269,9121
120,4,596,9905,88,81006,269,9121
120,4,596,9905,88,81006,269,9121
120,4,596,9905,88,81006,269,9121
120,4,596,9905,88,81006,269,9121
120,4,596,9905,88,81006,269,9121
120,4,596,9905,88,81006,269,9121
120,4,596,9905,88,81006,269,9121
120,4,596,9905,88,81006,269,9121
120,4,596,9905,88,81006,269,9121
120,4,596,9905,88,81006,269,9121
120,4,596,9905,88,81006,269,9121
120,4,596,9905,88,81006,269,9121
120,4,596,9905,88,81006,269,9121
120,4,596,9905,88,81006,269,9121
120,4,596,9905,88,81006,269,9121
120,4,596,9905,88,81006,269,9121
120,4,596,9905,88,81006,269,9121
120,4,596,9905,88,81006,269,9121
120,4,596,9905,88,81006,269,9121
120,4,596,9905,88,81006,269,9121
120,4,596,9905,88,81006,269,9121
120,4,596,9905,88,81006,269,9121
120,4,596,9905,88,81006,269,9121
120,4,596,9905,88,81006,269,9121
120,4,596,9905,88,81006,269,9121
120,4,596,9905,88,81006,269,9121
120,4,596,9905,88,81006,269,9121
120,4,596,9905,88,81006,269,9121
120,4,596,9905,88,81006,269,9121
120,4,596,9905,88,81006,269,9121
120,4,596,9905,88,81006,269,9121
120,4,596,9905,88,81006,269,9121
120,4,596,9905,88,81006,269,9121
120,4,596,9905,88,81006,269,9121
120,4,596,9905,88,81006,269,9121
120,4,596,9905,88,81006,269,9121
120,4,596,9905,88,81006,269,9121
120,4,596,9905,88,81006,269,9121
120,4,596,9905,88,81006,269,9121
120,4,596,9905,88,81006,269,9121
120,4,596,9905,88,81006,269,9121
120,4,596,9905,88,81006,269,9121
120,4,596,9905,88,81006,269,9121
120,4,596,9905,88,81006,269,9121
120,4,596,9905,88,81006,269,9121
120,4,596,9905,88,81006,269,9121
120,4,596,9905,88,81006,269,9121
120,4,596,9905,88,81006,269,9121
120,4,596,9905,88,81006,269,9121
120,4,596,9905,88,81006,269,9121
120,4,596,9905,88,81006,269,9121
120,4,596,9905,88,81006,269,9121
120,4,596,9905,88,81006,269,9121
120,4,596,9905,88,81006,269,9121
120,4,596,9905,88,81006,269,9121
120,4,596,9905,88,81006,269,9121
120,4,596,9905,88,81006,269,9121
120,4,596,9905,88,81006,269,9121
120,4,596,9905,88,81006,269,9121
120,4,596,9905,88,81006,269,9121
120,4,596,9905,88,81006,269,9121
120,4,596,9905,88,81006,269,9121
120,4,596,9905,88,81006,269,9121
120,4,596,9905,88,81006,269,9121
120,4,596,9905,88,81006,269,9121
120,4,596,9905,88,81006,269,9121
120,4,596,9905,88,81006,269,9121
120,4,596,9905,88,81006,269,9121
120,4,596,9905,88,81006,269,9121
120,4,596,9905,88,81006,269,9121
120,4,596,9905,88,81006,269,9121
120,4,596,9905,88,81006,269,9121
120,4,596,9905,88,81006,269,9121
120,4,596,9905,88,81006,269,9121
120,4,596,9905,88,81006,269,9121
120,4,596,9905,88,81006,269,9121
120,4,596,9905,88,81006,269,9121
120,4,596,9905,88,81006,269,9121
120,4,596,9905,88,81006,269,9121
120,4,596,9905,88,81006,269,9121
120,4,596,9905,88,81006,269,9121
120,4,596,9905,88,81006,269,9121
120,4,596,9905,88,81006,269,9121
120,4,596,9905,88,81006,269,9121
120,4,596,9905,88,81006,269,9121
120,4,596,9905,88,81006,269,9121
120,4,596,9905,88,81006,269,9121
120,4,596,9905,88,81006,269,9121
120,4,596,9905,88,81006,269,9121
120,4,596,9905,88,81006,269,9121
120,4,596,9905,88,81006,269,9121
120,4,596,9905,88,81006,269,9121
120,4,596,9905,88,81006,269,9121
120,4,596,9905,88,81006,269,9121
120,4,596,9905,88,81006,269,9121
120,4,596,9905,88,81006,269,9121
120,4,596,9905,88,81006,269,9121
120,4,596,9905,88,81006,269,9121
120,4,596,9905,88,81006,269,9121
120,4,596,9905,88,81006,269,9121
120,4,596,9905,88,81006,269,9121
120,4,596,9905,88,81006,269,9121
120,4,596,9905,88,81006,269,9121
120,4,596,9905,88,81006,269,9121
120,4,596,9905,88,81006,269,9121
120,4,596,9905,88,81006,269,9121
120,4,596,9905,88,81006,269,9121
120,4,596,9905,88,81006,269,9121
120,4,596,9905,88,81006,269,9121
120,4,596,9905,88,81006,269,9121
120,4,596,9905,88,81006,269,9121
120,4,596,9905,88,81006,269,9121
120,4,596,9905,88,81006,269,9121
120,4,596,9905,88,81006,269,9121
120,4,596,9905,88,81006,269,9121
120,4,596,9905,88,81006,269,9121
120,4,596,9905,88,81006,269,9121
120,4,596,9905,88,81006,269,9121
120,4,596,9905,88,81006,269,9121
120,4,596,9905,88,81006,269,9121
120,4,596,9905,88,81006,269,9121
120,4,596,9905,88,81006,269,9121
120,4,596,9905,88,81006,269,9121
120,4,596,9905,88,81006,269,9121
120,4,596,9905,88,81006,269,9121
120,4,596,9905,88,81006,269,9121
120,4,596,9905,88,81006,269,9121
120,4,596,9905,88,81006,269,9121
120,4,596,9905,88,81006,269,9121
120,4,596,9905,88,81006,269,9121
120,4,596,9905,88,81006,269,9121
120,4,596,9905,88,81006,269,9121
120,4,596,9905,88,81006,269,9121
120,4,596,9905,88,81006,269,9121
120,4,596,9905,88,81006,269,9121
120,4,596,9905,88,81006,269,9121
120,4,596,9905,88,81006,269,9121
120,4,596,9905,88,81006,269,9121
120,4,596,9905,88,81006,269,9121
120,4,596,9905,88,81006,269,9121
120,4,596,9905,88,81006,269,9121
120,4,596,9905,88,81006,269,9121
120,4,596,9905,88,81006,269,9121
120,4,596,9905,88,81006,269,9121
120,4,596,9905,88,81006,269,9121
120,4,596,9905,88,81006,269,9121
120,4,596,9905,88,81006,269,9121
120,4,596,9905,88,81006,269,9121
120,4,596,9905,88,81006,269,9121
120,4,596,9905,88,81006,269,9121
120,4,596,9905,88,81006,269,9121
120,4,596,9905,88,81006,269,9121
120,4,596,9905,88,81006,269,9121
120,4,596,9905,88,81006,269,9121
120,4,596,9905,88,81006,269,9121
120,4,596,9905,88,81006,269,9121
120,4,596,9905,88,81006,269,9121
120,4,596,9905,88,81006,269,9121
120,4,596,9905,88,81006,269,9121
120,4,596,9905,88,81006,269,9121
120,4,596,9905,88,81006,269,9121
120,4,596,9905,88,81006,269,9121
120,4,596,9905,88,81006,269,9121
120,4,596,9905,88,81006,269,9121
120,4,596,9905,88,81006,269,9121
120,4,596,9905,88,81006,269,9121
120,4,596,9905,88,81006,269,9121
120,4,596,9905,88,81006,269,9121
120,4,596,9905,88,81006,269,9121
120,4,596,9905,88,81006,269,9121
120,4,596,9905,88,81006,269,9121
120,4,596,9905,88,81006,269,9121
120,4,596,9905,88,81006,269,9121
120,4,596,9905,88,81006,269,9121
120,4,596,9905,88,81006,269,9121
120,4,596,9905,88,81006,269,9121
120,4,596,9905,88,81006,269,9121
120,4,596,9905,88,81006,269,9121
120,4,596,9905,88,81006,269,9121
120,4,596,9905,88,81006,269,9121
120,4,596,9905,88,81006,269,9121
120,4,596,9905,88,81006,269,9121
120,4,596,9905,88,81006,269,9121
120,4,596,9905,88,81006,269,9121
120,4,596,9905,88,81006,269,9121
120,4,596,9905,88,81006,269,9121
120,4,596,9905,88,81006,269,9121
120,4,596,9905,88,81006,269,9121
120,4,596,9905,88,81006,269,9121
120,4,596,9905,88,81006,269,9121
120,4,596,9905,88,81006,269,9121
120,4,596,9905,88,81006,269,9121
120,4,596,9905,88,81006,269,9121
120,4,596,9905,88,81006,269,9121
120,4,596,9905,88,81006,269,9121
120,4,596,9905,88,81006,269,9121
120,4,596,9905,88,81006,269,9121
120,4,596,9905,88,81006,269,9121
120,4,596,9905,88,81006,269,9121
120,4,596,9905,88,81006,269,9121
120,4,596,9905,88,81006,269,9121
120,4,596,9905,88,81006,269,9121
120,4,596,9905,88,81006,269,9121
120,4,596,9905,88,81006,269,9121
120,4,596,9905,88,81006,269,9121
120,4,596,9905,88,81006,269,9121
120,4,596,9905,88,81006,269,9121
120,4,596,9905,88,81006,269,9121
120,4,596,9905,88,81006,269,9121
120,4,596,9905,88,81006,269,9121
120,4,596,9905,88,81006,269,9121
120,4,596,9905,88,81006,269,9121
120,4,596,9905,88,81006,269,9121
120,4,596,9905,88,81006,269,9121
120,4,596,9905,88,81006,269,9121
120,4,596,9905,88,81006,269,9121
120,4,596,9905,88,81006,269,9121
120,4,596,9905,88,81006,269,9121
120,4,596,9905,88,81006,269,9121
120,4,596,9905,88,81006,269,9121
120,4,596,9905,88,81006,269,9121
120,4,596,9905,88,81006,269,9121
120,4,596,9905,88,81006,269,9121
120,4,596,9905,88,81006,269,9121
120,4,596,9905,88,81006,269,9121
120,4,596,9905,88,81006,269,9121
120,4,596,9905,88,81006,269,9121
120,4,596,9905,88,81006,269,9121
120,4,596,9905,88,81006,269,9121
120,4,596,9905,88,81006,269,9121
120,4,596,9905,88,81006,269,9121
120,4,596,9905,88,81006,269,9121
120,4,596,9905,88,81006,269,9121
120,4,596,9905,88,81006,269,9121
120,4,596,9905,88,81006,269,9121
120,4,596,9905,88,81006,269,9121
120,4,596,9905,88,81006,269,9121
120,4,596,9905,88,81006,269,9121
120,4,596,9905,88,81006,269,9121
120,4,596,9905,88,81006,269,9121
120,4,596,9905,88,81006,269,9121
120,4,596,9905,88,81006,269,9121
120,4,596,9905,88,81006,269,9121
120,4,596,9905,88,81006,269,9121
120,4,596,9905,88,81006,269,9121
120,4,596,9905,88,81006,269,9121
120,4,596,9905,88,81006,269,9121
120,4,596,9905,88,81006,269,9121
120,4,596,9905,88,81006,269,9121
120,4,596,9905,88,81006,269,9121
120,4,596,9905,88,81006,269,9121
120,4,596,9905,88,81006,269,9121
120,4,596,9905,88,81006,269,9121
120,4,596,9905,88,81006,269,9121
120,4,596,9905,88,81006,269,9121
120,4,596,9905,88,81006,269,9121
120,4,596,9905,88,81006,269,9121
120,4,596,9905,88,81006,269,9121
120,4,596,9905,88,81006,269,9121
120,4,596,9905,88,81006,269,9121
120,4,596,9905,88,81006,269,9121
120,4,596,9905,88,81006,269,9121
120,4,596,9905,88,81006,269,9121
120,4,596,9905,88,81006,269,9121
120,4,596,9905,88,81006,269,9121
120,4,596,9905,88,81006,269,9121
120,4,596,9905,88,81006,269,9121
120,4,596,9905,88,81006,269,9121
120,4,596,9905,88,81006,269,9121
120,4,596,9905,88,81006,269,9121
120,4,596,9905,88,81006,269,9121
120,4,596,9905,88,81006,269,9121
120,4,596,9905,88,81006,269,9121
120,4,596,9905,88,81006,269,9121
120,4,596,9905,88,81006,269,9121
120,4,596,9905,88,81006,269,9121
120,4,596,9905,88,81006,269,9121
120,4,596,9905,88,81006,269,9121
120,4,596,9905,88,81006,269,9121
120,4,596,9905,88,81006,269,9121
120,4,596,9905,88,81006,269,9121
120,4,596,9905,88,81006,269,9121
120,4,596,9905,88,81006,269,9121
120,4,596,9905,88,81006,269,9121
120,4,596,9905,88,81006,269,9121
120,4,596,9905,88,81006,269,9121
120,4,596,9905,88,81006,269,9121
120,4,596,9905,88,81006,269,9121
120,4,596,9905,88,81006,269,9121
120,4,596,9905,88,81006,269,9121
120,4,596,9905,88,81006,269,9121
120,4,596,9905,88,81006,269,9121
120,4,596,9905,88,81006,269,9121
120,4,596,9905,88,81006,269,9121
120,4,596,9905,88,81006,269,9121
120,4,596,9905,88,81006,269,9121
120,4,596,9905,88,81006,269,9121
120,4,596,9905,88,81006,269,9121
120,4,596,9905,88,81006,269,9121
120,4,596,9905,88,81006,269,9121
120,4,596,9905,88,81006,269,9121
120,4,596,9905,88,81006,269,9121
120,4,596,9905,88,81006,269,9121
120,4,596,9905,88,81006,269,9121
120,4,596,9905,88,81006,269,9121
120,4,596,9905,88,81006,269,9121
120,4,596,9905,88,81006,269,9121
120,4,596,9905,88,81006,269,9121
120,4,596,9905,88,81006,269,9121
120,4,596,9905,88,81006,269,9121
120,4,596,9905,88,81006,269,9121
120,4,596,9905,88,81006,269,9121
120,4,596,9905,88,81006,269,9121
120,4,596,9905,88,81006,269,9121
120,4,596,9905,88,81006,269,9121
120,4,596,9905,88,81006,269,9121
120,4,596,9905,88,81006,269,9121
120,4,596,9905,88,81006,269,9121
120,4,596,9905,88,81006,269,9121
120,4,596,9905,88,81006,269,9121
120,4,596,9905,88,81006,269,9121
120,4,596,9905,88,81006,269,9121
120,4,596,9905,88,81006,269,9121
120,4,596,9905,88,81006,269,9121
120,4,596,9905,88,81006,269,9121
120,4,596,9905,88,81006,269,9121
120,4,596,9905,88,81006,269,9121
120,4,596,9905,88,81006,269,9121
120,4,596,9905,88,81006,269,9121
120,4,596,9905,88,81006,269,9121
120,4,596,9905,88,81006,269,9121
120,4,596,9905,88,81006,269,9121
120,4,596,9905,88,81006,269,9121
120,4,596,9905,88,81006,269,9121
120,4,596,9905,88,81006,269,9121
120,4,596,9905,88,81006,269,9121
120,4,596,9905,88,81006,269,9121
120,4,596,9905,88,81006,269,9121
120,4,596,9905,88,81006,269,9121
120,4,596,9905,88,81006,269,9121
120,4,596,9905,88,81006,269,9121
120,4,596,9905,88,81006,269,9121
120,4,596,9905,88,81006,269,9121
120,4,596,9905,88,81006,269,9121
120,4,596,9905,88,81006,269,9121
120,4,596,9905,88,81006,269,9121
120,4,596,9905,88,81006,269,9121
120,4,596,9905,88,81006,269,9121
120,4,596,9905,88,81006,269,9121
120,4,596,9905,88,81006,269,9121
120,4,596,9905,88,81006,269,9121
120,4,596,9905,88,81006,269,9121
120,4,596,9905,88,81006,269,9121
120,4,596,9905,88,81006,269,9121
120,4,596,9905,88,81006,269,9121
120,4,596,9905,88,81006,269,9121
120,4,596,9905,88,81006,269,9121
120,4,596,9905,88,81006,269,9121
120,4,596,9905,88,81006,269,9121
120,4,596,9905,88,81006,269,9121
120,4,596,9905,88,81006,269,9121
120,4,596,9905,88,81006,269,9121
120,4,596,9905,88,81006,269,9121
120,4,596,9905,88,81006,269,9121
120,4,596,9905,88,81006,269,9121
120,4,596,9905,88,81006,269,9121
120,4,596,9905,88,81006,269,9121
120,4,596,9905,88,81006,269,9121
120,4,596,9905,88,81006,269,9121
120,4,596,9905,88,81006,269,9121
120,4,596,9905,88,81006,269,9121
120,4,596,9905,88,81006,269,9121
120,4,596,9905,88,81006,269,9121
120,4,596,9905,88,81006,269,9121
120,4,596,9905,88,81006,269,9121
120,4,596,9905,88,81006,269,9121
120,4,596,9905,88,81006,269,9121
120,4,596,9905,88,81006,269,9121
120,4,596,9905,88,81006,269,9121
120,4,596,9905,88,81006,269,9121
120,4,596,9905,88,81006,269,9121
120,4,596,9905,88,81006,269,9121
120,4,596,9905,88,81006,269,9121
120,4,596,9905,88,81006,269,9121
120,4,596,9905,88,81006,269,9121
120,4,596,9905,88,81006,269,9121
120,4,596,9905,88,81006,269,9121
120,4,596,9905,88,81006,269,9121
120,4,596,9905,88,81006,269,9121
120,4,596,9905,88,81006,269,9121
120,4,596,9905,88,81006,269,9121
120,4,596,9905,88,81006,269,9121
120,4,596,9905,88,81006,269,9121
120,4,596,9905,88,81006,269,9121
120,4,596,9905,88,81006,269,9121
120,4,596,9905,88,81006,269,9121
120,4,596,9905,88,81006,269,9121
120,4,596,9905,88,81006,269,9121
120,4,596,9905,88,81006,269,9121
120,4,596,9905,88,81006,269,9121
120,4,596,9905,88,81006,269,9121
120,4,596,9905,88,81006,269,9121
120,4,596,9905,88,81006,269,9121
120,4,596,9905,88,81006,269,9121
120,4,596,9905,88,81006,269,9121
120,4,596,9905,88,81006,269,9121
120,4,596,9905,88,81006,269,9121
120,4,596,9905,88,81006,269,9121
120,4,596,9905,88,81006,269,9121
120,4,596,9905,88,81006,269,9121
120,4,596,9905,88,81006,269,9121
120,4,596,9905,88,81006,269,9121
120,4,596,9905,88,81006,269,9121
120,4,596,9905,88,81006,269,9121
120,4,596,9905,88,81006,269,9121
120,4,596,9905,88,81006,269,9121
120,4,596,9905,88,81006,269,9121
120,4,596,9905,88,81006,269,9121
120,4,596,9905,88,81006,269,9121
120,4,596,9905,88,81006,269,9121
120,4,596,9905,88,81006,269,9121
120,4,596,9905,88,81006,269,9121
120,4,596,9905,88,81006,269,9121
120,4,596,9905,88,81006,269,9121
120,4,596,9905,88,81006,269,9121
120,4,596,9905,88,81006,269,9121
120,4,596,9905,88,81006,269,9121
120,4,596,9905,88,81006,269,9121
120,4,596,9905,88,81006,269,9121
120,4,596,9905,88,81006,269,9121
120,4,596,9905,88,81006,269,9121
120,4,596,9905,88,81006,269,9121
120,4,596,9905,88,81006,269,9121
120,4,596,9905,88,81006,269,9121
120,4,596,9905,88,81006,269,9121
120,4,596,9905,88,81006,269,9121
120,4,596,9905,88,81006,269,9121
120,4,596,9905,88,81006,269,9121
120,4,596,9905,88,81006,269,9121
120,4,596,9905,88,81006,269,9121
120,4,596,9905,88,81006,269,9121
120,4,596,9905,88,81006,269,9121
120,4,596,9905,88,81006,269,9121
120,4,596,9905,88,81006,269,9121
120,4,596,9905,88,81006,269,9121
120,4,596,9905,88,81006,269,9121
120,4,596,9905,88,81006,269,9121
120,4,596,9905,88,81006,269,9121
120,4,596,9905,88,81006,269,9121
120,4,596,9905,88,81006,269,9121
120,4,596,9905,88,81006,269,9121
120,4,596,9905,88,81006,269,9121
120,4,596,9905,88,81006,269,9121
120,4,596,9905,88,81006,269,9121
120,4,596,9905,88,81006,269,9121
120,4,596,9905,88,81006,269,9121
120,4,596,9905,88,81006,269,9121
120,4,596,9905,88,81006,269,9121
120,