Time,RSteps,X,Y,Z
120,0,68,7002,87,78027,125,0229
120,1,68,7002,87,78027,125,0229
120,1,68,7002,87,78027,125,0229
120,1,68,7002,87,78027,125,0229
120,1,68,7002,87,78027,125,0229
120,1,68,7002,88,35059,125,0229
120,1,68,7002,88,35059,125,0229
120,1,68,7002,88,35059,125,0229
120,1,68,7002,88,35059,125,0229
120,1,68,7002,88,35059,125,0229
120,1,68,7002,88,35059,125,0229
120,1,68,7002,88,35059,125,0229
120,1,68,69409,88,36865,125,2786
120,1,68,69409,88,36865,125,2786
120,1,68,69409,88,36865,125,2786
120,1,68,69409,88,36865,125,2786
120,1,68,68921,88,3833,125,4891
120,1,68,68921,88,3833,125,4891
120,1,68,68921,88,3833,125,4891
120,1,68,68457,88,39746,125,6912
120,1,68,68457,88,39746,125,6912
120,1,68,68457,88,39746,125,6912
120,1,68,67993,88,41162,125,8898
120,1,68,67993,88,41162,125,8898
120,1,68,67993,88,41162,125,8898
120,1,68,67993,88,41162,125,8898
120,1,68,67529,88,4248,126,082
120,1,68,67529,88,4248,126,082
120,1,68,67529,88,4248,126,082
120,1,68,6709,88,43799,126,2722
120,1,68,6709,88,43799,126,2722
120,1,68,6709,88,43799,126,2722
120,1,68,6665,88,45166,126,4657
120,1,68,6665,88,45166,126,4657
120,1,68,6665,88,45166,126,4657
120,1,68,66187,88,46582,126,6626
120,1,68,66187,88,46582,126,6626
120,1,68,66187,88,46582,126,6626
120,1,68,66187,88,46582,126,6626
120,1,68,66187,88,46582,126,6626
120,1,68,65698,88,47998,126,8682
120,1,68,65698,88,47998,126,8682
120,1,68,65698,88,47998,126,8682
120,1,68,65698,88,47998,126,8682
120,1,68,65063,88,49902,127,1418
120,1,68,65063,88,49902,127,1418
120,1,68,65063,88,49902,127,1418
120,1,68,65063,88,49902,127,1418
120,1,68,64453,88,51709,127,3949
120,1,68,64453,88,51709,127,3949
120,1,68,64453,88,51709,127,3949
120,1,68,63965,88,53223,127,6097
120,1,68,63965,88,53223,127,6097
120,1,68,63965,88,53223,127,6097
120,1,68,63965,88,53223,127,6097
120,1,68,63501,88,5459,127,808
120,1,68,63501,88,5459,127,808
120,1,68,63501,88,5459,127,808
120,1,68,63013,88,56006,128,0098
120,1,68,63013,88,56006,128,0098
120,1,68,63013,88,56006,128,0098
120,1,68,62549,88,57422,128,2141
120,1,68,62549,88,57422,128,2141
120,1,68,62549,88,57422,128,2141
120,1,68,62549,88,57422,128,2141
120,1,68,62061,88,58887,128,4233
120,1,68,62061,88,58887,128,4233
120,1,68,62061,88,58887,128,4233
120,1,68,62061,88,58887,128,4233
120,1,68,61548,88,604,128,6365
120,1,68,61548,88,604,128,6365
120,1,68,61548,88,604,128,6365
120,1,68,6106,88,61914,128,8502
120,1,68,6106,88,61914,128,8502
120,1,68,6106,88,61914,128,8502
120,1,68,6106,88,61914,128,8502
120,1,68,60547,88,63379,129,0607
120,1,68,60547,88,63379,129,0607
120,1,68,60547,88,63379,129,0607
120,1,68,60059,88,64893,129,2773
120,2,68,60059,88,64893,129,2773
120,2,68,60059,88,64893,129,2773
120,2,68,60059,88,64893,129,2773
120,2,68,5957,88,66357,129,4863
120,2,68,5957,88,66357,129,4863
120,2,68,5957,88,66357,129,4863
120,2,68,59204,88,67432,129,6383
120,2,68,59204,88,67432,129,6383
120,2,68,59204,88,67432,129,6383
120,2,68,59204,88,67432,129,6383
120,2,68,57739,88,68604,129,8572
120,2,68,57739,88,68604,129,8572
120,2,68,57739,88,68604,129,8572
120,2,68,57739,88,68604,129,8572
120,2,68,56274,88,69824,130,0804
120,2,68,56274,88,69824,130,0804
120,2,68,56274,88,69824,130,0804
120,2,68,54834,88,70996,130,2959
120,2,68,54834,88,70996,130,2959
120,2,68,54834,88,70996,130,2959
120,2,68,54834,88,70996,130,2959
120,2,68,53442,88,72119,130,505
120,2,68,53442,88,72119,130,505
120,2,68,53442,88,72119,130,505
120,2,68,53442,88,72119,130,505
120,2,68,52075,88,73242,130,7139
120,2,68,52075,88,73242,130,7139
120,2,68,52075,88,73242,130,7139
120,2,68,50562,88,74463,130,9385
120,2,68,50562,88,74463,130,9385
120,2,68,50562,88,74463,130,9385
120,2,68,50562,88,74463,130,9385
120,2,68,49072,88,75684,131,1652
120,2,68,49072,88,75684,131,1652
120,2,68,49072,88,75684,131,1652
120,2,68,49072,88,75684,131,1652
120,2,68,47656,88,76855,131,3773
120,2,68,47656,88,76855,131,3773
120,2,68,47656,88,76855,131,3773
120,2,68,46167,88,78076,131,6007
120,2,68,46167,88,78076,131,6007
120,2,68,46167,88,78076,131,6007
120,2,68,46167,88,78076,131,6007
120,2,68,44775,88,79199,131,8108
120,2,68,44775,88,79199,131,8108
120,2,68,44775,88,79199,131,8108
120,2,68,44775,88,79199,131,8108
120,2,68,43311,88,8042,132,0319
120,2,68,43311,88,8042,132,0319
120,2,68,43311,88,8042,132,0319
120,2,68,43311,88,8042,132,0319
120,2,68,41772,88,81641,132,2634
120,2,68,41772,88,81641,132,2634
120,2,68,41772,88,81641,132,2634
120,2,68,40283,88,82861,132,4896
120,2,68,40283,88,82861,132,4896
120,2,68,40283,88,82861,132,4896
120,2,68,40283,88,82861,132,4896
120,2,68,38818,88,84082,132,708
120,2,68,38818,88,84082,132,708
120,2,68,38818,88,84082,132,708
120,2,68,38818,88,84082,132,708
120,2,68,37329,88,85303,132,9352
120,2,68,37329,88,85303,132,9352
120,2,68,37329,88,85303,132,9352
120,2,68,35864,88,86475,133,1548
120,2,68,35864,88,86475,133,1548
120,2,68,35864,88,86475,133,1548
120,2,68,35864,88,86475,133,1548
120,2,68,34351,88,87744,133,384
120,2,68,34351,88,87744,133,384
120,2,68,34351,88,87744,133,384
120,2,68,34351,88,87744,133,384
120,2,68,32886,88,88916,133,6033
120,2,68,32886,88,88916,133,6033
120,2,68,32886,88,88916,133,6033
120,2,68,32886,88,88916,133,6033
120,2,68,29858,88,88525,133,8414
120,2,68,29858,88,88525,133,8414
120,2,68,29858,88,88525,133,8414
120,2,68,29858,88,88525,133,8414
120,2,68,26929,88,88135,134,0734
120,2,68,26929,88,88135,134,0734
120,2,68,26929,88,88135,134,0734
120,2,68,26929,88,88135,134,0734
120,2,68,2395,88,87744,134,3081
120,2,68,2395,88,87744,134,3081
120,2,68,2395,88,87744,134,3081
120,2,68,2395,88,87744,134,3081
120,2,68,21021,88,87402,134,5391
120,2,68,21021,88,87402,134,5391
120,2,68,21021,88,87402,134,5391
120,2,68,21021,88,87402,134,5391
120,2,68,18018,88,87012,134,7759
120,2,68,18018,88,87012,134,7759
120,2,68,18018,88,87012,134,7759
120,2,68,18018,88,87012,134,7759
120,2,68,15137,88,86621,135,0042
120,2,68,15137,88,86621,135,0042
120,2,68,15137,88,86621,135,0042
120,2,68,12085,88,8623,135,2454
120,2,68,12085,88,8623,135,2454
120,2,68,12085,88,8623,135,2454
120,2,68,12085,88,8623,135,2454
120,2,68,12085,88,8623,135,2454
120,2,68,09326,88,85889,135,4614
120,2,68,09326,88,85889,135,4614
120,2,68,09326,88,85889,135,4614
120,2,68,06152,88,85449,135,7135
120,2,68,06152,88,85449,135,7135
120,2,68,06152,88,85449,135,7135
120,2,68,06152,88,85449,135,7135
120,2,68,06152,88,85449,135,7135
120,2,68,03223,88,85107,135,9436
120,2,68,03223,88,85107,135,9436
120,2,68,03223,88,85107,135,9436
120,2,68,00073,88,84668,136,1921
120,2,68,00073,88,84668,136,1921
120,2,68,00073,88,84668,136,1921
120,2,68,00073,88,84668,136,1921
120,2,68,00073,88,84668,136,1921
120,2,67,97217,88,84326,136,418
120,2,67,97217,88,84326,136,418
120,2,67,97217,88,84326,136,418
120,2,67,93994,88,83887,136,6726
120,2,67,93994,88,83887,136,6726
120,2,67,93994,88,83887,136,6726
120,2,67,93994,88,83887,136,6726
120,2,67,93994,88,83887,136,6726
120,2,67,91162,88,83545,136,8953
120,2,67,91162,88,83545,136,8953
120,2,67,91162,88,83545,136,8953
120,2,67,91162,88,83545,136,8953
120,2,67,89746,88,8335,137,0071
120,2,67,89746,88,8335,137,0071
120,2,67,89746,88,8335,137,0071
120,2,67,89746,88,8335,137,0071
120,2,67,89746,88,8335,137,0071
120,2,67,89746,88,8335,137,0071
120,3,67,89746,88,8335,137,0071
120,3,67,89746,88,8335,137,0071
120,3,67,89746,88,8335,137,0071
120,3,67,89746,88,8335,137,0071
120,3,67,89746,88,8335,137,0071
120,3,67,89746,88,8335,137,0071
120,3,67,89746,88,8335,137,0071
120,3,67,89746,88,8335,137,0071
120,3,67,89746,88,8335,137,0071
120,3,67,89746,88,8335,137,0071
120,3,67,89746,88,8335,137,0071
120,3,67,89746,88,8335,137,0071
120,3,67,86914,88,7832,137,26
120,3,67,86914,88,7832,137,26
120,3,67,86914,88,7832,137,26
120,3,67,86914,88,7832,137,26
120,3,67,84326,88,73682,137,4918
120,3,67,84326,88,73682,137,4918
120,3,67,84326,88,73682,137,4918
120,3,67,84326,88,73682,137,4918
120,3,67,81372,88,68408,137,7542
120,3,67,81372,88,68408,137,7542
120,3,67,81372,88,68408,137,7542
120,3,67,81372,88,68408,137,7542
120,3,67,81372,88,68408,137,7542
120,3,67,78906,88,64014,137,9758
120,3,67,78906,88,64014,137,9758
120,3,67,78906,88,64014,137,9758
120,3,67,78906,88,64014,137,9758
120,3,67,75757,88,58398,138,2552
120,3,67,75757,88,58398,138,2552
120,3,67,75757,88,58398,138,2552
120,3,67,75757,88,58398,138,2552
120,3,67,75757,88,58398,138,2552
120,3,67,73193,88,53809,138,4851
120,3,67,73193,88,53809,138,4851
120,3,67,73193,88,53809,138,4851
120,3,67,73193,88,53809,138,4851
120,3,67,69995,88,48145,138,7705
120,3,67,69995,88,48145,138,7705
120,3,67,69995,88,48145,138,7705
120,3,67,69995,88,48145,138,7705
120,3,67,6748,88,43652,138,9956
120,3,67,6748,88,43652,138,9956
120,3,67,6748,88,43652,138,9956
120,3,67,6748,88,43652,138,9956
120,3,67,64233,88,37842,139,286
120,3,67,64233,88,37842,139,286
120,3,67,64233,88,37842,139,286
120,3,67,64233,88,37842,139,286
120,3,67,64233,88,37842,139,286
120,3,67,61743,88,33398,139,5074
120,3,67,61743,88,33398,139,5074
120,3,67,61743,88,33398,139,5074
120,3,67,61743,88,33398,139,5074
120,3,67,58472,88,27588,139,7999
120,3,67,58472,88,27588,139,7999
120,3,67,58472,88,27588,139,7999
120,3,67,58472,88,27588,139,7999
120,3,67,58472,88,27588,139,7999
120,3,67,55859,88,22949,140,0321
120,3,67,55859,88,22949,140,0321
120,3,67,55859,88,22949,140,0321
120,3,67,55859,88,22949,140,0321
120,3,67,52588,88,1709,140,3245
120,3,67,52588,88,1709,140,3245
120,3,67,52588,88,1709,140,3245
120,3,67,52588,88,1709,140,3245
120,3,67,52588,88,1709,140,3245
120,3,67,50049,88,12549,140,552
120,3,67,50049,88,12549,140,552
120,3,67,50049,88,12549,140,552
120,3,67,50049,88,12549,140,552
120,3,67,49438,88,11475,140,6061
120,3,67,49438,88,11475,140,6061
120,3,67,49438,88,11475,140,6061
120,3,67,49438,88,11475,140,6061
120,3,67,49438,88,11475,140,6061
120,3,67,46118,88,03613,140,8279
120,3,67,46118,88,03613,140,8279
120,3,67,46118,88,03613,140,8279
120,3,67,46118,88,03613,140,8279
120,3,67,41943,87,93701,141,1079
120,3,67,41943,87,93701,141,1079
120,3,67,41943,87,93701,141,1079
120,3,67,41943,87,93701,141,1079
120,3,67,41943,87,93701,141,1079
120,3,67,38696,87,86035,141,3246
120,3,67,38696,87,86035,141,3246
120,3,67,38696,87,86035,141,3246
120,3,67,38696,87,86035,141,3246
120,3,67,34497,87,76123,141,6046
120,3,67,34497,87,76123,141,6046
120,3,67,34497,87,76123,141,6046
120,3,67,34497,87,76123,141,6046
120,3,67,34497,87,76123,141,6046
120,3,67,31177,87,68262,141,8262
120,3,67,31177,87,68262,141,8262
120,3,67,31177,87,68262,141,8262
120,3,67,31177,87,68262,141,8262
120,3,67,27002,87,5835,142,1061
120,3,67,27002,87,5835,142,1061
120,3,67,27002,87,5835,142,1061
120,3,67,27002,87,5835,142,1061
120,3,67,27002,87,5835,142,1061
120,3,67,2373,87,50586,142,3252
120,3,67,2373,87,50586,142,3252
120,3,67,2373,87,50586,142,3252
120,3,67,2373,87,50586,142,3252
120,3,67,19531,87,40674,142,6052
120,3,67,19531,87,40674,142,6052
120,3,67,19531,87,40674,142,6052
120,3,67,19531,87,40674,142,6052
120,3,67,19531,87,40674,142,6052
120,3,67,1626,87,32861,142,8245
120,3,67,1626,87,32861,142,8245
120,3,67,1626,87,32861,142,8245
120,3,67,1626,87,32861,142,8245
120,3,67,12061,87,22949,143,1045
120,3,67,12061,87,22949,143,1045
120,3,67,12061,87,22949,143,1045
120,3,67,12061,87,22949,143,1045
120,3,67,12061,87,22949,143,1045
120,3,67,08716,87,15039,143,3284
120,3,67,08716,87,15039,143,3284
120,3,67,08716,87,15039,143,3284
120,3,67,08716,87,15039,143,3284
120,3,67,04541,87,05127,143,6084
120,3,67,04541,87,05127,143,6084
120,3,67,04541,87,05127,143,6084
120,3,67,04541,87,05127,143,6084
120,3,67,04541,87,05127,143,6084
120,3,67,03711,87,03174,143,6631
120,3,67,03711,87,03174,143,6631
120,3,67,03711,87,03174,143,6631
120,3,67,03711,87,03174,143,6631
120,3,67,03711,87,03174,143,6631
120,3,67,03711,87,03174,143,6631
120,3,67,03711,87,03174,143,6631
120,3,67,03711,87,03174,143,6631
120,3,67,03711,87,03174,143,6631
120,3,67,03711,87,03174,143,6631
120,3,67,03711,87,03174,143,6631
120,3,67,03711,87,03174,143,6631
120,3,67,03711,87,03174,143,6631
120,3,67,03711,87,03174,143,6631
120,3,67,03711,87,03174,143,6631
120,3,67,03711,87,03174,143,6631
120,3,67,03711,87,03174,143,6631
120,3,67,03711,87,03174,143,6631
120,3,67,03711,87,03174,143,6631
120,3,67,03711,87,03174,143,6631
120,3,67,03711,87,03174,143,6631
120,3,67,03711,87,03174,143,6631
120,3,67,03711,87,03174,143,6631
120,3,67,03711,87,03174,143,6631
120,3,67,03711,87,03174,143,6631
120,3,67,03711,87,03174,143,6631
120,3,67,03711,87,03174,143,6631
120,3,67,03711,87,03174,143,6631
120,3,67,03711,87,03174,143,6631
120,3,67,03711,87,03174,143,6631
120,3,67,03711,87,03174,143,6631
120,3,67,03711,87,03174,143,6631
120,3,67,03711,87,03174,143,6631
120,3,67,03711,87,03174,143,6631
120,3,67,03711,87,03174,143,6631
120,3,67,03711,87,03174,143,6631
120,3,67,03711,87,03174,143,6631
120,3,67,03711,87,03174,143,6631
120,3,67,03711,87,03174,143,6631
120,3,67,03711,87,03174,143,6631
120,3,67,03711,87,03174,143,6631
120,3,67,03711,87,03174,143,6631
120,3,67,03711,87,03174,143,6631
120,3,67,03711,87,03174,143,6631
120,3,67,03711,87,03174,143,6631
120,3,67,03711,87,03174,143,6631
120,3,67,03711,87,03174,143,6631
120,3,67,03711,87,03174,143,6631
120,3,67,03711,87,03174,143,6631
120,3,67,03711,87,03174,143,6631
120,3,67,03711,87,03174,143,6631
120,3,67,03711,87,03174,143,6631
120,3,67,03711,87,03174,143,6631
120,3,67,03711,87,03174,143,6631
120,3,67,03711,87,03174,143,6631
120,3,67,03711,87,03174,143,6631
120,3,67,03711,87,03174,143,6631
120,3,67,03711,87,03174,143,6631
120,3,67,03711,87,03174,143,6631
120,3,67,03711,87,03174,143,6631
120,3,67,03711,87,03174,143,6631
120,3,67,03711,87,03174,143,6631
120,3,67,03711,87,03174,143,6631
120,3,67,03711,87,03174,143,6631
120,3,67,03711,87,03174,143,6631
120,3,67,03711,87,03174,143,6631
120,3,67,03711,87,03174,143,6631
120,3,67,03711,87,03174,143,6631
120,3,67,03711,87,03174,143,6631
120,3,67,03711,87,03174,143,6631
120,3,67,03711,87,03174,143,6631
120,3,67,03711,87,03174,143,6631
120,3,67,03711,87,03174,143,6631
120,3,67,03711,87,03174,143,6631
120,3,67,03711,87,03174,143,6631
120,3,67,03711,87,03174,143,6631
120,3,67,03711,87,03174,143,6631
120,3,67,03711,87,03174,143,6631
120,3,67,03711,87,03174,143,6631
120,3,67,03711,87,03174,143,6631
120,3,67,03711,87,03174,143,6631
120,3,67,03711,87,03174,143,6631
120,3,67,03711,87,03174,143,6631
120,3,67,03711,87,03174,143,6631
120,3,67,03711,87,03174,143,6631
120,3,67,03711,87,03174,143,6631
120,3,67,03711,87,03174,143,6631
120,3,67,03711,87,03174,143,6631
120,3,67,03711,87,03174,143,6631
120,3,67,03711,87,03174,143,6631
120,3,67,03711,87,03174,143,6631
120,3,67,03711,87,03174,143,6631
120,3,67,03711,87,03174,143,6631
120,3,67,03711,87,03174,143,6631
120,3,67,03711,87,03174,143,6631
120,3,67,03711,87,03174,143,6631
120,3,67,03711,87,03174,143,6631
120,3,67,03711,87,03174,143,6631
120,3,67,03711,87,03174,143,6631
120,3,67,03711,87,03174,143,6631
120,3,67,03711,87,03174,143,6631
120,3,67,03711,87,03174,143,6631
120,3,67,03711,87,03174,143,6631
120,3,67,03711,87,03174,143,6631
120,3,67,03711,87,03174,143,6631
120,3,67,03711,87,03174,143,6631
120,3,67,03711,87,03174,143,6631
120,3,67,03711,87,03174,143,6631
120,3,67,03711,87,03174,143,6631
120,3,67,03711,87,03174,143,6631
120,3,67,03711,87,03174,143,6631
120,3,67,03711,87,03174,143,6631
120,3,67,03711,87,03174,143,6631
120,3,67,03711,87,03174,143,6631
120,3,67,03711,87,03174,143,6631
120,3,67,03711,87,03174,143,6631
120,3,67,03711,87,03174,143,6631
120,3,67,03711,87,03174,143,6631
120,3,67,03711,87,03174,143,6631
120,3,67,03711,87,03174,143,6631
120,3,67,03711,87,03174,143,6631
120,3,67,03711,87,03174,143,6631
120,3,67,03711,87,03174,143,6631
120,3,67,03711,87,03174,143,6631
120,3,67,03711,87,03174,143,6631
120,3,67,03711,87,03174,143,6631
120,3,67,03711,87,03174,143,6631
120,3,67,03711,87,03174,143,6631
120,3,67,03711,87,03174,143,6631
120,3,67,03711,87,03174,143,6631
120,3,67,03711,87,03174,143,6631
120,3,67,03711,87,03174,143,6631
120,3,67,03711,87,03174,143,6631
120,3,67,03711,87,03174,143,6631
120,3,67,03711,87,03174,143,6631
120,3,67,03711,87,03174,143,6631
120,3,67,03711,87,03174,143,6631
120,3,67,03711,87,03174,143,6631
120,3,67,03711,87,03174,143,6631
120,3,67,03711,87,03174,143,6631
120,3,67,03711,87,03174,143,6631
120,3,67,03711,87,03174,143,6631
120,3,67,03711,87,03174,143,6631
120,3,67,03711,87,03174,143,6631
120,3,67,03711,87,03174,143,6631
120,3,67,03711,87,03174,143,6631
120,3,67,03711,87,03174,143,6631
120,3,67,03711,87,03174,143,6631
120,3,67,03711,87,03174,143,6631
120,3,67,03711,87,03174,143,6631
120,3,67,03711,87,03174,143,6631
120,3,67,03711,87,03174,143,6631
120,3,67,03711,87,03174,143,6631
120,3,67,03711,87,03174,143,6631
120,3,67,03711,87,03174,143,6631
120,3,67,03711,87,03174,143,6631
120,3,67,03711,87,03174,143,6631
120,3,67,03711,87,03174,143,6631
120,3,67,03711,87,03174,143,6631
120,3,67,03711,87,03174,143,6631
120,3,67,03711,87,03174,143,6631
120,3,67,03711,87,03174,143,6631
120,3,67,03711,87,03174,143,6631
120,3,67,03711,87,03174,143,6631
120,3,67,03711,87,03174,143,6631
120,3,67,03711,87,03174,143,6631
120,3,67,03711,87,03174,143,6631
120,3,67,03711,87,03174,143,6631
120,3,67,03711,87,03174,143,6631
120,3,67,03711,87,03174,143,6631
120,3,67,03711,87,03174,143,6631
120,3,67,03711,87,03174,143,6631
120,3,67,03711,87,03174,143,6631
120,3,67,03711,87,03174,143,6631
120,3,67,03711,87,03174,143,6631
120,3,67,03711,87,03174,143,6631
120,3,67,03711,87,03174,143,6631
120,3,67,03711,87,03174,143,6631
120,3,67,03711,87,03174,143,6631
120,3,67,03711,87,03174,143,6631
120,3,67,03711,87,03174,143,6631
120,3,67,03711,87,03174,143,6631
120,3,67,03711,87,03174,143,6631
120,3,67,03711,87,03174,143,6631
120,3,67,03711,87,03174,143,6631
120,3,67,03711,87,03174,143,6631
120,3,67,03711,87,03174,143,6631
120,3,67,03711,87,03174,143,6631
120,3,67,03711,87,03174,143,6631
120,3,67,03711,87,03174,143,6631
120,3,67,03711,87,03174,143,6631
120,3,67,03711,87,03174,143,6631
120,3,67,03711,87,03174,143,6631
120,3,67,03711,87,03174,143,6631
120,3,67,03711,87,03174,143,6631
120,3,67,03711,87,03174,143,6631
120,3,67,03711,87,03174,143,6631
120,3,67,03711,87,03174,143,6631
120,3,67,03711,87,03174,143,6631
120,3,67,03711,87,03174,143,6631
120,3,67,03711,87,03174,143,6631
120,3,67,03711,87,03174,143,6631
120,3,67,03711,87,03174,143,6631
120,3,67,03711,87,03174,143,6631
120,3,67,03711,87,03174,143,6631
120,3,67,03711,87,03174,143,6631
120,3,67,03711,87,03174,143,6631
120,3,67,03711,87,03174,143,6631
120,3,67,03711,87,03174,143,6631
120,3,67,03711,87,03174,143,6631
120,3,67,03711,87,03174,143,6631
120,3,67,03711,87,03174,143,6631
120,3,67,03711,87,03174,143,6631
120,3,67,03711,87,03174,143,6631
120,3,67,03711,87,03174,143,6631
120,3,67,03711,87,03174,143,6631
120,3,67,03711,87,03174,143,6631
120,3,67,03711,87,03174,143,6631
120,3,67,03711,87,03174,143,6631
120,3,67,03711,87,03174,143,6631
120,3,67,03711,87,03174,143,6631
120,3,67,03711,87,03174,143,6631
120,3,67,03711,87,03174,143,6631
120,3,67,03711,87,03174,143,6631
120,3,67,03711,87,03174,143,6631
120,3,67,03711,87,03174,143,6631
120,3,67,03711,87,03174,143,6631
120,3,67,03711,87,03174,143,6631
120,3,67,03711,87,03174,143,6631
120,3,67,03711,87,03174,143,6631
120,3,67,03711,87,03174,143,6631
120,3,67,03711,87,03174,143,6631
120,3,67,03711,87,03174,143,6631
120,3,67,03711,87,03174,143,6631
120,3,67,03711,87,03174,143,6631
120,3,67,03711,87,03174,143,6631
120,3,67,03711,87,03174,143,6631
120,3,67,03711,87,03174,143,6631
120,3,67,03711,87,03174,143,6631
120,3,67,03711,87,03174,143,6631
120,3,67,03711,87,03174,143,6631
120,3,67,03711,87,03174,143,6631
120,3,67,03711,87,03174,143,6631
120,3,67,03711,87,03174,143,6631
120,3,67,03711,87,03174,143,6631
120,3,67,03711,87,03174,143,6631
120,3,67,03711,87,03174,143,6631
120,3,67,03711,87,03174,143,6631
120,3,67,03711,87,03174,143,6631
120,3,67,03711,87,03174,143,6631
120,3,67,03711,87,03174,143,6631
120,3,67,03711,87,03174,143,6631
120,3,67,03711,87,03174,143,6631
120,3,67,03711,87,03174,143,6631
120,3,67,03711,87,03174,143,6631
120,3,67,03711,87,03174,143,6631
120,3,67,03711,87,03174,143,6631
120,3,67,03711,87,03174,143,6631
120,3,67,03711,87,03174,143,6631
120,3,67,03711,87,03174,143,6631
120,3,67,03711,87,03174,143,6631
120,3,67,03711,87,03174,143,6631
120,3,67,03711,87,03174,143,6631
120,3,67,03711,87,03174,143,6631
120,3,67,03711,87,03174,143,6631
120,3,67,03711,87,03174,143,6631
120,3,67,03711,87,03174,143,6631
120,3,67,03711,87,03174,143,6631
120,3,67,03711,87,03174,143,6631
120,3,67,03711,87,03174,143,6631
120,3,67,03711,87,03174,143,6631
120,3,67,03711,87,03174,143,6631
120,3,67,03711,87,03174,143,6631
120,3,67,03711,87,03174,143,6631
120,3,67,03711,87,03174,143,6631
120,3,67,03711,87,03174,143,6631
120,3,67,03711,87,03174,143,6631
120,3,67,03711,87,03174,143,6631
120,3,67,03711,87,03174,143,6631
120,3,67,03711,87,03174,143,6631
120,3,67,03711,87,03174,143,6631
120,3,67,03711,87,03174,143,6631
120,3,67,03711,87,03174,143,6631
120,3,67,03711,87,03174,143,6631
120,3,67,03711,87,03174,143,6631
120,3,67,03711,87,03174,143,6631
120,3,67,03711,87,03174,143,6631
120,3,67,03711,87,03174,143,6631
120,3,67,03711,87,03174,143,6631
120,3,67,03711,87,03174,143,6631
120,3,67,03711,87,03174,143,6631
120,3,67,03711,87,03174,143,6631
120,3,67,03711,87,03174,143,6631
120,3,67,03711,87,03174,143,6631
120,3,67,03711,87,03174,143,6631
120,3,67,03711,87,03174,143,6631
120,3,67,03711,87,03174,143,6631
120,3,67,03711,87,03174,143,6631
120,3,67,03711,87,03174,143,6631
120,3,67,03711,87,03174,143,6631
120,3,67,03711,87,03174,143,6631
120,3,67,03711,87,03174,143,6631
120,3,67,03711,87,03174,143,6631
120,3,67,03711,87,03174,143,6631
120,3,67,03711,87,03174,143,6631
120,3,67,03711,87,03174,143,6631
120,3,67,03711,87,03174,143,6631
120,3,67,03711,87,03174,143,6631
120,3,67,03711,87,03174,143,6631
120,3,67,03711,87,03174,143,6631
120,3,67,03711,87,03174,143,6631
120,3,67,03711,87,03174,143,6631
120,3,67,03711,87,03174,143,6631
120,3,67,03711,87,03174,143,6631
120,3,67,03711,87,03174,143,6631
120,4,67,03711,87,03174,143,6631
120,4,67,03711,87,03174,143,6631
120,4,67,03711,87,03174,143,6631
120,4,67,03711,87,03174,143,6631
120,4,67,03711,87,03174,143,6631
120,4,67,03711,87,03174,143,6631
120,4,67,03711,87,03174,143,6631
120,4,67,03711,87,03174,143,6631
120,4,67,03711,87,03174,143,6631
120,4,67,03711,87,03174,143,6631
120,4,67,03711,87,03174,143,6631
120,4,66,97681,86,90381,143,9277
120,4,66,97681,86,90381,143,9277
120,4,66,97681,86,90381,143,9277
120,4,66,97681,86,90381,143,9277
120,4,66,97681,86,90381,143,9277
120,4,66,93091,86,80664,144,129
120,4,66,93091,86,80664,144,129
120,4,66,93091,86,80664,144,129
120,4,66,93091,86,80664,144,129
120,4,66,87061,86,67871,144,3937
120,4,66,87061,86,67871,144,3937
120,4,66,87061,86,67871,144,3937
120,4,66,87061,86,67871,144,3937
120,4,66,87061,86,67871,144,3937
120,4,66,82349,86,57861,144,6002
120,4,66,82349,86,57861,144,6002
120,4,66,82349,86,57861,144,6002
120,4,66,82349,86,57861,144,6002
120,4,66,76318,86,45068,144,8647
120,4,66,76318,86,45068,144,8647
120,4,66,76318,86,45068,144,8647
120,4,66,76318,86,45068,144,8647
120,4,66,76318,86,45068,144,8647
120,4,66,71558,86,3501,145,0735
120,4,66,71558,86,3501,145,0735
120,4,66,71558,86,3501,145,0735
120,4,66,71558,86,3501,145,0735
120,4,66,65527,86,22217,145,3381
120,4,66,65527,86,22217,145,3381
120,4,66,65527,86,22217,145,3381
120,4,66,65527,86,22217,145,3381
120,4,66,65527,86,22217,145,3381
120,4,66,62036,86,14795,145,4915
120,4,66,62036,86,14795,145,4915
120,4,66,62036,86,14795,145,4915
120,4,66,62036,86,14795,145,4915
120,4,66,62036,86,14795,145,4915
120,4,66,62036,86,14795,145,4915
120,4,66,62036,86,14795,145,4915
120,4,66,62036,86,14795,145,4915
120,4,66,62036,86,14795,145,4915
120,4,66,62036,86,14795,145,4915
120,4,66,62036,86,14795,145,4915
120,4,66,62036,86,14795,145,4915
120,4,66,62036,86,14795,145,4915
120,4,66,62036,86,14795,145,4915
120,4,66,62036,86,14795,145,4915
120,4,66,62036,86,14795,145,4915
120,4,66,62036,86,14795,145,4915
120,4,66,62036,86,14795,145,4915
120,4,66,62036,86,14795,145,4915
120,4,66,62036,86,14795,145,4915
120,4,66,62036,86,14795,145,4915
120,4,66,62036,86,14795,145,4915
120,4,66,62036,86,14795,145,4915
120,4,66,62036,86,14795,145,4915
120,4,66,62036,86,14795,145,4915
120,4,66,62036,86,14795,145,4915
120,4,66,62036,86,14795,145,4915
120,4,66,58521,86,04639,145,6948
120,4,66,58521,86,04639,145,6948
120,4,66,58521,86,04639,145,6948
120,4,66,58521,86,04639,145,6948
120,4,66,53906,85,91357,145,9598
120,4,66,53906,85,91357,145,9598
120,4,66,53906,85,91357,145,9598
120,4,66,53906,85,91357,145,9598
120,4,66,53906,85,91357,145,9598
120,4,66,5022,85,80664,146,1732
120,4,66,5022,85,80664,146,1732
120,4,66,5022,85,80664,146,1732
120,4,66,5022,85,80664,146,1732
120,4,66,4563,85,67383,146,4382
120,4,66,4563,85,67383,146,4382
120,4,66,4563,85,67383,146,4382
120,4,66,4563,85,67383,146,4382
120,4,66,4563,85,67383,146,4382
120,4,66,42041,85,5708,146,6439
120,4,66,42041,85,5708,146,6439
120,4,66,42041,85,5708,146,6439
120,4,66,42041,85,5708,146,6439
120,4,66,37451,85,43799,146,9089
120,4,66,37451,85,43799,146,9089
120,4,66,37451,85,43799,146,9089
120,4,66,37451,85,43799,146,9089
120,4,66,37451,85,43799,146,9089
120,4,66,3396,85,3374,147,1104
120,4,66,3396,85,3374,147,1104
120,4,66,3396,85,3374,147,1104
120,4,66,3396,85,3374,147,1104
120,4,66,31445,85,26465,147,2556
120,4,66,31445,85,26465,147,2556
120,4,66,31445,85,26465,147,2556
120,4,66,31445,85,26465,147,2556
120,4,66,31445,85,26465,147,2556
120,4,66,31445,85,26465,147,2556
120,4,66,31445,85,26465,147,2556
120,4,66,31445,85,26465,147,2556
120,4,66,31445,85,26465,147,2556
120,4,66,31445,85,26465,147,2556
120,4,66,31445,85,26465,147,2556
120,4,66,31445,85,26465,147,2556
120,4,66,31445,85,26465,147,2556
120,4,66,31445,85,26465,147,2556
120,4,66,31445,85,26465,147,2556
120,4,66,31445,85,26465,147,2556
120,5,66,31445,85,26465,147,2556
120,5,66,31445,85,26465,147,2556
120,5,66,31445,85,26465,147,2556
120,5,66,31445,85,26465,147,2556
120,5,66,31445,85,26465,147,2556
120,5,66,31445,85,26465,147,2556
120,5,66,31445,85,26465,147,2556
120,5,66,31445,85,26465,147,2556
120,5,66,31445,85,26465,147,2556
120,5,66,31445,85,26465,147,2556
120,5,66,25146,85,12842,147,5154
120,5,66,25146,85,12842,147,5154
120,5,66,25146,85,12842,147,5154
120,5,66,25146,85,12842,147,5154
120,5,66,25146,85,12842,147,5154
120,5,66,20288,85,02344,147,7157
120,5,66,20288,85,02344,147,7157
120,5,66,20288,85,02344,147,7157
120,5,66,20288,85,02344,147,7157
120,5,66,13989,84,88721,147,9753
120,5,66,13989,84,88721,147,9753
120,5,66,13989,84,88721,147,9753
120,5,66,13989,84,88721,147,9753
120,5,66,13989,84,88721,147,9753
120,5,66,09106,84,78174,148,1769
120,5,66,09106,84,78174,148,1769
120,5,66,09106,84,78174,148,1769
120,5,66,09106,84,78174,148,1769
120,5,66,02783,84,64551,148,4365
120,5,66,02783,84,64551,148,4365
120,5,66,02783,84,64551,148,4365
120,5,66,02783,84,64551,148,4365
120,5,66,02783,84,64551,148,4365
120,5,65,98096,84,54346,148,6306
120,5,65,98096,84,54346,148,6306
120,5,65,98096,84,54346,148,6306
120,5,65,98096,84,54346,148,6306
120,5,65,91772,84,40723,148,8904
120,5,65,91772,84,40723,148,8904
120,5,65,91772,84,40723,148,8904
120,5,65,91772,84,40723,148,8904
120,5,65,91772,84,40723,148,8904
120,5,65,86914,84,30225,149,0911
120,5,65,86914,84,30225,149,0911
120,5,65,86914,84,30225,149,0911
120,5,65,86914,84,30225,149,0911
120,5,65,80615,84,16602,149,3508
120,5,65,80615,84,16602,149,3508
120,5,65,80615,84,16602,149,3508
120,5,65,80615,84,16602,149,3508
120,5,65,80615,84,16602,149,3508
120,5,65,75659,84,05859,149,5552
120,5,65,75659,84,05859,149,5552
120,5,65,75659,84,05859,149,5552
120,5,65,75659,84,05859,149,5552
120,5,65,70142,83,93945,149,7825
120,5,65,70142,83,93945,149,7825
120,5,65,70142,83,93945,149,7825
120,5,65,70142,83,93945,149,7825
120,5,65,70142,83,93945,149,7825
120,5,65,65356,83,84033,149,9797
120,5,65,65356,83,84033,149,9797
120,5,65,65356,83,84033,149,9797
120,5,65,59009,83,7085,150,2416
120,5,65,59009,83,7085,150,2416
120,5,65,59009,83,7085,150,2416
120,5,65,59009,83,7085,150,2416
120,5,65,59009,83,7085,150,2416
120,5,65,54199,83,6084,150,4398
120,5,65,54199,83,6084,150,4398
120,5,65,54199,83,6084,150,4398
120,5,65,54199,83,6084,150,4398
120,5,65,47852,83,47705,150,7018
120,5,65,47852,83,47705,150,7018
120,5,65,47852,83,47705,150,7018
120,5,65,47852,83,47705,150,7018
120,5,65,47852,83,47705,150,7018
120,5,65,42822,83,37305,150,9082
120,5,65,42822,83,37305,150,9082
120,5,65,42822,83,37305,150,9082
120,5,65,42822,83,37305,150,9082
120,5,65,36475,83,24121,151,1702
120,5,65,36475,83,24121,151,1702
120,5,65,36475,83,24121,151,1702
120,5,65,36475,83,24121,151,1702
120,5,65,36475,83,24121,151,1702
120,5,65,31738,83,14258,151,3656
120,5,65,31738,83,14258,151,3656
120,5,65,31738,83,14258,151,3656
120,5,65,31738,83,14258,151,3656
120,5,65,27539,83,05566,151,5386
120,5,65,27539,83,05566,151,5386
120,5,65,27539,83,05566,151,5386
120,5,65,27539,83,05566,151,5386
120,5,65,27539,83,05566,151,5386
120,5,65,24048,82,95313,151,7452
120,5,65,24048,82,95313,151,7452
120,5,65,24048,82,95313,151,7452
120,5,65,24048,82,95313,151,7452
120,5,65,19531,82,82129,152,011
120,5,65,19531,82,82129,152,011
120,5,65,19531,82,82129,152,011
120,5,65,19531,82,82129,152,011
120,5,65,19531,82,82129,152,011
120,5,65,15967,82,71729,152,2214
120,5,65,15967,82,71729,152,2214
120,5,65,15967,82,71729,152,2214
120,5,65,15967,82,71729,152,2214
120,5,65,11475,82,58545,152,4871
120,5,65,11475,82,58545,152,4871
120,5,65,11475,82,58545,152,4871
120,5,65,11475,82,58545,152,4871
120,5,65,11475,82,58545,152,4871
120,5,65,07983,82,48389,152,6918
120,5,65,07983,82,48389,152,6918
120,5,65,07983,82,48389,152,6918
120,5,65,07983,82,48389,152,6918
120,5,65,03491,82,35205,152,9575
120,5,65,03491,82,35205,152,9575
120,5,65,03491,82,35205,152,9575
120,5,65,03491,82,35205,152,9575
120,5,65,03491,82,35205,152,9575
120,5,64,99976,82,24902,153,1653
120,5,64,99976,82,24902,153,1653
120,6,64,99976,82,24902,153,1653
120,6,64,95459,82,11719,153,4309
120,6,64,95459,82,11719,153,4309
120,6,64,95459,82,11719,153,4309
120,6,64,95459,82,11719,153,4309
120,6,64,95459,82,11719,153,4309
120,6,64,92065,82,01758,153,6321
120,6,64,92065,82,01758,153,6321
120,6,64,92065,82,01758,153,6321
120,6,64,92065,82,01758,153,6321
120,6,64,87549,81,88574,153,8978
120,6,64,87549,81,88574,153,8978
120,6,64,87549,81,88574,153,8978
120,6,64,87549,81,88574,153,8978
120,6,64,87549,81,88574,153,8978
120,6,64,8418,81,78662,154,0977
120,6,64,8418,81,78662,154,0977
120,6,64,8418,81,78662,154,0977
120,6,64,8418,81,78662,154,0977
120,6,64,82251,81,73047,154,2109
120,6,64,82251,81,73047,154,2109
120,6,64,82251,81,73047,154,2109
120,6,64,82251,81,73047,154,2109
120,6,64,82251,81,73047,154,2109
120,6,64,79272,81,63184,154,4092
120,6,64,79272,81,63184,154,4092
120,6,64,79272,81,63184,154,4092
120,6,64,79272,81,63184,154,4092
120,6,64,75244,81,5,154,6755
120,6,64,75244,81,5,154,6755
120,6,64,75244,81,5,154,6755
120,6,64,75244,81,5,154,6755
120,6,64,75244,81,5,154,6755
120,6,64,7229,81,40234,154,8726
120,6,64,7229,81,40234,154,8726
120,6,64,7229,81,40234,154,8726
120,6,64,68286,81,27002,155,1389
120,6,64,68286,81,27002,155,1389
120,6,64,68286,81,27002,155,1389
120,6,64,68286,81,27002,155,1389
120,6,64,68286,81,27002,155,1389
120,6,64,65234,81,16943,155,3413
120,6,64,65234,81,16943,155,3413
120,6,64,65234,81,16943,155,3413
120,6,64,65234,81,16943,155,3413
120,6,64,61206,81,0376,155,6075
120,6,64,61206,81,0376,155,6075
120,6,64,61206,81,0376,155,6075
120,6,64,61206,81,0376,155,6075
120,6,64,61206,81,0376,155,6075
120,6,64,58252,80,93945,155,8052
120,6,64,58252,80,93945,155,8052
120,6,64,58252,80,93945,155,8052
120,6,64,58252,80,93945,155,8052
120,6,64,55444,80,84717,155,991
120,6,64,55444,80,84717,155,991
120,6,64,55444,80,84717,155,991
120,6,64,55444,80,84717,155,991
120,6,64,55444,80,84717,155,991
120,6,64,51636,80,74072,156,1873
120,6,64,51636,80,74072,156,1873
120,6,64,51636,80,74072,156,1873
120,6,64,51636,80,74072,156,1873
120,6,64,46606,80,6001,156,4474
120,6,64,46606,80,6001,156,4474
120,6,64,46606,80,6001,156,4474
120,6,64,46606,80,6001,156,4474
120,6,64,46606,80,6001,156,4474
120,6,64,42847,80,49512,156,641
120,6,64,42847,80,49512,156,641
120,6,64,42847,80,49512,156,641
120,6,64,37817,80,354,156,901
120,6,64,37817,80,354,156,901
120,6,64,37817,80,354,156,901
120,6,64,37817,80,354,156,901
120,6,64,37817,80,354,156,901
120,6,64,33984,80,24756,157,0977
120,6,64,33984,80,24756,157,0977
120,6,64,33984,80,24756,157,0977
120,6,64,33984,80,24756,157,0977
120,6,64,33984,80,24756,157,0977
120,6,64,28955,80,10645,157,3577
120,6,64,28955,80,10645,157,3577
120,6,64,28955,80,10645,157,3577
120,6,64,28955,80,10645,157,3577
120,6,64,28955,80,10645,157,3577
120,6,64,23901,79,96582,157,6177
120,7,64,23901,79,96582,157,6177
120,7,64,23901,79,96582,157,6177
120,7,64,23901,79,96582,157,6177
120,7,64,23828,79,96338,157,6221
120,7,64,23828,79,96338,157,6221
120,7,64,23828,79,96338,157,6221
120,7,64,23828,79,96338,157,6221
120,7,64,23828,79,96338,157,6221
120,7,64,22754,79,93408,157,8553
120,7,64,22754,79,93408,157,8553
120,7,64,22754,79,93408,157,8553
120,7,64,22754,79,93408,157,8553
120,7,64,21411,79,89697,158,1527
120,7,64,21411,79,89697,158,1527
120,7,64,21411,79,89697,158,1527
120,7,64,21411,79,89697,158,1527
120,7,64,21411,79,89697,158,1527
120,7,64,20313,79,86719,158,3895
120,7,64,20313,79,86719,158,3895
120,7,64,20313,79,86719,158,3895
120,7,64,20313,79,86719,158,3895
120,7,64,20313,79,86719,158,3895
120,7,64,1897,79,82959,158,6869
120,7,64,1897,79,82959,158,6869
120,7,64,1897,79,82959,158,6869
120,7,64,1897,79,82959,158,6869
120,7,64,17676,79,79443,158,9663
120,7,64,17676,79,79443,158,9663
120,7,64,17676,79,79443,158,9663
120,7,64,17676,79,79443,158,9663
120,7,64,16455,79,76074,159,2351
120,7,64,16455,79,76074,159,2351
120,7,64,16455,79,76074,159,2351
120,7,64,16455,79,76074,159,2351
120,7,64,16455,79,76074,159,2351
120,7,64,15454,79,7334,159,4541
120,7,64,15454,79,7334,159,4541
120,7,64,15454,79,7334,159,4541
120,7,64,15454,79,7334,159,4541
120,7,64,14111,79,6958,159,7515
120,7,64,14111,79,6958,159,7515
120,7,64,14111,79,6958,159,7515
120,7,64,14111,79,6958,159,7515
120,7,64,14111,79,6958,159,7515
120,7,64,13062,79,66748,159,9768
120,7,64,13062,79,66748,159,9768
120,7,64,13062,79,66748,159,9768
120,7,64,13062,79,66748,159,9768
120,7,64,11719,79,63037,160,2742
120,7,64,11719,79,63037,160,2742
120,7,64,11719,79,63037,160,2742
120,7,64,11719,79,63037,160,2742
120,7,64,11719,79,63037,160,2742
120,7,64,10718,79,60303,160,4897
120,7,64,10718,79,60303,160,4897
120,7,64,10718,79,60303,160,4897
120,7,64,09375,79,56592,160,7871
120,7,64,09375,79,56592,160,7871
120,7,64,09375,79,56592,160,7871
120,7,64,09375,79,56592,160,7871
120,7,64,09375,79,56592,160,7871
120,7,64,08374,79,53857,161,0035
120,7,64,08374,79,53857,161,0035
120,7,64,08374,79,53857,161,0035
120,7,64,08374,79,53857,161,0035
120,7,64,0708,79,50293,161,288
120,7,64,0708,79,50293,161,288
120,7,64,0708,79,50293,161,288
120,7,64,0708,79,50293,161,288
120,7,64,0708,79,50293,161,288
120,7,64,09155,79,49512,161,5225
120,7,64,09155,79,49512,161,5225
120,7,64,09155,79,49512,161,5225
120,7,64,09155,79,49512,161,5225
120,7,64,11792,79,48535,161,8212
120,7,64,11792,79,48535,161,8212
120,7,64,11792,79,48535,161,8212
120,7,64,11792,79,48535,161,8212
120,7,64,11792,79,48535,161,8212
120,7,64,13672,79,47803,162,0358
120,7,64,13672,79,47803,162,0358
120,7,64,13672,79,47803,162,0358
120,7,64,16309,79,46826,162,3345
120,7,64,16309,79,46826,162,3345
120,7,64,16309,79,46826,162,3345
120,7,64,16309,79,46826,162,3345
120,7,64,16309,79,46826,162,3345
120,7,64,18286,79,46094,162,557
120,7,64,18286,79,46094,162,557
120,7,64,18286,79,46094,162,557
120,7,64,18286,79,46094,162,557
120,7,64,18286,79,46094,162,557
120,7,64,20923,79,45068,162,8557
120,7,64,20923,79,45068,162,8557
120,7,64,20923,79,45068,162,8557
120,7,64,20923,79,45068,162,8557
120,7,64,20923,79,45068,162,8557
120,7,64,23315,79,44189,163,127
120,7,64,23315,79,44189,163,127
120,7,64,23315,79,44189,163,127
120,7,64,23315,79,44189,163,127
120,7,64,25708,79,43262,163,3988
120,7,64,25708,79,43262,163,3988
120,7,64,25708,79,43262,163,3988
120,7,64,25708,79,43262,163,3988
120,7,64,28027,79,42432,163,6609
120,7,64,28027,79,42432,163,6609
120,7,64,28027,79,42432,163,6609
120,7,64,28027,79,42432,163,6609
120,7,64,30176,79,41602,163,9041
120,7,64,30176,79,41602,163,9041
120,7,64,30176,79,41602,163,9041
120,7,64,30176,79,41602,163,9041
120,7,64,30176,79,41602,163,9041
120,7,64,32031,79,40918,164,1141
120,7,64,32031,79,40918,164,1141
120,7,64,32031,79,40918,164,1141
120,7,64,34668,79,39941,164,4128
120,8,64,34668,79,39941,164,4128
120,8,64,34668,79,39941,164,4128
120,8,64,34668,79,39941,164,4128
120,8,64,34668,79,39941,164,4128
120,8,64,36548,79,39209,164,6266
120,8,64,36548,79,39209,164,6266
120,8,64,36548,79,39209,164,6266
120,8,64,36548,79,39209,164,6266
120,8,64,39185,79,38232,164,9253
120,8,64,39185,79,38232,164,9253
120,8,64,39185,79,38232,164,9253
120,8,64,39185,79,38232,164,9253
120,8,64,39185,79,38232,164,9253
120,8,64,40967,79,37549,165,1284
120,8,64,40967,79,37549,165,1284
120,8,64,40967,79,37549,165,1284
120,8,64,41089,79,375,165,1415
120,8,64,41089,79,375,165,1415
120,8,64,41089,79,375,165,1415
120,8,64,41089,79,375,165,1415
120,8,64,41089,79,375,165,1415
120,8,64,41431,79,36865,165,3478
120,8,64,41431,79,36865,165,3478
120,8,64,41431,79,36865,165,3478
120,8,64,41431,79,36865,165,3478
120,8,64,41919,79,35986,165,6473
120,8,64,41919,79,35986,165,6473
120,8,64,41919,79,35986,165,6473
120,8,64,41919,79,35986,165,6473
120,8,64,42358,79,35205,165,9128
120,8,64,42358,79,35205,165,9128
120,8,64,42358,79,35205,165,9128
120,8,64,42358,79,35205,165,9128
120,8,64,42773,79,34473,166,1577
120,8,64,42773,79,34473,166,1577
120,8,64,42773,79,34473,166,1577
120,8,64,42773,79,34473,166,1577
120,8,64,42773,79,34473,166,1577
120,8,64,43115,79,33887,166,3616
120,8,64,43115,79,33887,166,3616
120,8,64,43115,79,33887,166,3616
120,8,64,43579,79,33008,166,644
120,8,64,43579,79,33008,166,644
120,8,64,43579,79,33008,166,644
120,8,64,43579,79,33008,166,644
120,8,64,43579,79,33008,166,644
120,8,64,43921,79,32373,166,8582
120,8,64,43921,79,32373,166,8582
120,8,64,43921,79,32373,166,8582
120,8,64,44409,79,31494,167,151
120,8,64,44409,79,31494,167,151
120,8,64,44409,79,31494,167,151
120,8,64,44409,79,31494,167,151
120,8,64,44409,79,31494,167,151
120,8,64,44751,79,30908,167,3578
120,8,64,44751,79,30908,167,3578
120,8,64,44751,79,30908,167,3578
120,8,64,44751,79,30908,167,3578
120,8,64,45215,79,30029,167,6404
120,8,64,45215,79,30029,167,6404
120,8,64,45215,79,30029,167,6404
120,8,64,45215,79,30029,167,6404
120,8,64,45557,79,29443,167,8422
120,8,64,45557,79,29443,167,8422
120,8,64,45557,79,29443,167,8422
120,8,64,45557,79,29443,167,8422
120,8,64,46021,79,28613,168,1295
120,8,64,46021,79,28613,168,1295
120,8,64,46021,79,28613,168,1295
120,8,64,46021,79,28613,168,1295
120,8,64,46362,79,28027,168,3258
120,8,64,46362,79,28027,168,3258
120,8,64,46362,79,28027,168,3258
120,8,64,46362,79,28027,168,3258
120,8,64,46826,79,27148,168,6157
120,8,64,46826,79,27148,168,6157
120,8,64,46826,79,27148,168,6157
120,8,64,46826,79,27148,168,6157
120,8,64,47168,79,26563,168,8142
120,8,64,47168,79,26563,168,8142
120,8,64,47168,79,26563,168,8142
120,8,64,47168,79,26563,168,8142
120,8,64,47632,79,25732,169,0953
120,8,64,47632,79,25732,169,0953
120,8,64,47632,79,25732,169,0953
120,8,64,47632,79,25732,169,0953
120,8,64,47949,79,25146,169,2903
120,8,64,47949,79,25146,169,2903
120,8,64,47949,79,25146,169,2903
120,8,64,47949,79,25146,169,2903
120,8,64,47998,79,25049,169,3182
120,8,64,47998,79,25049,169,3182
120,8,64,47998,79,25049,169,3182
120,8,64,47998,79,25049,169,3182
120,8,64,49561,79,25537,169,5099
120,8,64,49561,79,25537,169,5099
120,8,64,49561,79,25537,169,5099
120,8,64,51782,79,26221,169,7847
120,8,64,51782,79,26221,169,7847
120,8,64,51782,79,26221,169,7847
120,8,64,51782,79,26221,169,7847
120,8,64,51782,79,26221,169,7847
120,8,64,5332,79,26709,169,9746
120,8,64,5332,79,26709,169,9746
120,8,64,5332,79,26709,169,9746
120,8,64,55493,79,27393,170,2413
120,8,64,55493,79,27393,170,2413
120,8,64,55493,79,27393,170,2413
120,8,64,55493,79,27393,170,2413
120,8,64,55493,79,27393,170,2413
120,8,64,57056,79,27881,170,4359
120,8,64,57056,79,27881,170,4359
120,8,64,57056,79,27881,170,4359
120,8,64,59253,79,28564,170,7067
120,8,64,59253,79,28564,170,7067
120,8,64,59253,79,28564,170,7067
120,8,64,59253,79,28564,170,7067
120,8,64,60913,79,29053,170,9117
120,8,64,60913,79,29053,170,9117
120,8,64,60913,79,29053,170,9117
120,8,64,60913,79,29053,170,9117
120,8,64,62964,79,29688,171,1635
120,8,64,62964,79,29688,171,1635
120,8,64,62964,79,29688,171,1635
120,8,64,62964,79,29688,171,1635
120,8,64,64551,79,30176,171,3611
120,8,64,64551,79,30176,171,3611
120,8,64,64551,79,30176,171,3611
120,8,64,66602,79,30859,171,6133
120,8,64,66602,79,30859,171,6133
120,8,64,66602,79,30859,171,6133
120,8,64,66602,79,30859,171,6133
120,8,64,6814,79,31299,171,804
120,8,64,6814,79,31299,171,804
120,8,64,6814,79,31299,171,804
120,8,64,6814,79,31299,171,804
120,8,64,70215,79,31934,172,0582
120,8,64,70215,79,31934,172,0582
120,8,64,70215,79,31934,172,0582
120,8,64,70215,79,31934,172,0582
120,8,64,71802,79,32471,172,2551
120,8,64,71802,79,32471,172,2551
120,8,64,71802,79,32471,172,2551
120,8,64,73853,79,33105,172,5068
120,8,64,73853,79,33105,172,5068
120,8,64,73853,79,33105,172,5068
120,8,64,73853,79,33105,172,5068
120,8,64,75488,79,33594,172,7091
120,8,64,75488,79,33594,172,7091
120,8,64,75488,79,33594,172,7091
120,8,64,77466,79,34229,172,9532
120,8,64,77466,79,34229,172,9532
120,8,64,77466,79,34229,172,9532
120,8,64,77466,79,34229,172,9532
120,8,64,79004,79,34717,173,1439
120,8,64,79004,79,34717,173,1439
120,8,64,79004,79,34717,173,1439
120,8,64,79004,79,34717,173,1439
120,8,64,81006,79,35303,173,3885
120,8,64,81006,79,35303,173,3885
120,8,64,81006,79,35303,173,3885
120,8,64,81006,79,35303,173,3885
120,8,64,82617,79,3584,173,5884
120,8,64,82617,79,3584,173,5884
120,8,64,82617,79,3584,173,5884
120,8,64,82617,79,3584,173,5884
120,8,64,8269,79,3584,173,5977
120,8,64,8269,79,3584,173,5977
120,8,64,8269,79,3584,173,5977
120,8,64,8269,79,3584,173,5977
120,8,64,84937,79,36035,173,8224
120,8,64,84937,79,36035,173,8224
120,8,64,84937,79,36035,173,8224
120,8,64,87085,79,3623,174,0375
120,8,64,87085,79,3623,174,0375
120,8,64,87085,79,3623,174,0375
120,8,64,87085,79,3623,174,0375
120,8,64,89063,79,36377,174,2346
120,8,64,89063,79,36377,174,2346
120,8,64,89063,79,36377,174,2346
120,8,64,91333,79,36572,174,46
120,8,64,91333,79,36572,174,46
120,8,64,91333,79,36572,174,46
120,8,64,91333,79,36572,174,46
120,8,64,93213,79,36719,174,6495
120,8,64,93213,79,36719,174,6495
120,8,64,93213,79,36719,174,6495
120,8,64,95679,79,36914,174,8938
120,8,64,95679,79,36914,174,8938
120,8,64,95679,79,36914,174,8938
120,8,64,95679,79,36914,174,8938
120,8,64,97656,79,37109,175,0916
120,8,64,97656,79,37109,175,0916
120,8,64,97656,79,37109,175,0916
120,8,64,97656,79,37109,175,0916
120,8,65,79,37305,175,3258
120,9,65,79,37305,175,3258
120,9,65,79,37305,175,3258
120,9,65,02197,79,37451,175,5463
120,9,65,02197,79,37451,175,5463
120,9,65,02197,79,37451,175,5463
120,9,65,02197,79,37451,175,5463
120,9,65,04199,79,37646,175,7466
120,9,65,04199,79,37646,175,7466
120,9,65,04199,79,37646,175,7466
120,9,65,06104,79,37793,175,9353
120,9,65,06104,79,37793,175,9353
120,9,65,06104,79,37793,175,9353
120,9,65,06104,79,37793,175,9353
120,9,65,08447,79,37988,176,1694
120,9,65,08447,79,37988,176,1694
120,9,65,08447,79,37988,176,1694
120,9,65,08447,79,37988,176,1694
120,9,65,10376,79,38135,176,3619
120,9,65,10376,79,38135,176,3619
120,9,65,10376,79,38135,176,3619
120,9,65,12646,79,3833,176,5896
120,9,65,12646,79,3833,176,5896
120,9,65,12646,79,3833,176,5896
120,9,65,14551,79,38477,176,7805
120,9,65,14551,79,38477,176,7805
120,9,65,14551,79,38477,176,7805
120,9,65,16699,79,38672,176,9937
120,9,65,16699,79,38672,176,9937
120,9,65,16699,79,38672,176,9937
120,9,65,16699,79,38672,176,9937
120,9,65,18579,79,38818,177,1819
120,9,65,18579,79,38818,177,1819
120,9,65,18579,79,38818,177,1819
120,9,65,18579,79,38818,177,1819
120,9,65,20898,79,39014,177,4124
120,9,65,20898,79,39014,177,4124
120,9,65,20898,79,39014,177,4124
120,9,65,22949,79,39209,177,6178
120,9,65,22949,79,39209,177,6178
120,9,65,22949,79,39209,177,6178
120,9,65,23096,79,39209,177,6327
120,9,65,23096,79,39209,177,6327
120,9,65,23096,79,39209,177,6327
120,9,65,23096,79,39209,177,6327
120,9,65,2522,79,40479,177,8213
120,9,65,2522,79,40479,177,8213
120,9,65,2522,79,40479,177,8213
120,9,65,2522,79,40479,177,8213
120,9,65,27881,79,42041,178,056
120,9,65,27881,79,42041,178,056
120,9,65,27881,79,42041,178,056
120,9,65,30151,79,43408,178,2574
120,9,65,30151,79,43408,178,2574
120,9,65,30151,79,43408,178,2574
120,9,65,32544,79,44824,178,4692
120,9,65,32544,79,44824,178,4692
120,9,65,32544,79,44824,178,4692
120,9,65,32544,79,44824,178,4692
120,9,65,34692,79,46094,178,6572
120,9,65,34692,79,46094,178,6572
120,9,65,34692,79,46094,178,6572
120,9,65,37036,79,4751,178,8651
120,9,65,37036,79,4751,178,8651
120,9,65,37036,79,4751,178,8651
120,9,65,37036,79,4751,178,8651
120,9,65,39307,79,48828,179,0657
120,9,65,39307,79,48828,179,0657
120,9,65,39307,79,48828,179,0657
120,9,65,41602,79,50195,179,2693
120,9,65,41602,79,50195,179,2693
120,9,65,41602,79,50195,179,2693
120,9,65,43701,79,51465,179,4551
120,9,65,43701,79,51465,179,4551
120,9,65,43701,79,51465,179,4551
120,9,65,46143,79,5293,179,67
120,9,65,46143,79,5293,179,67
120,9,65,46143,79,5293,179,67
120,9,65,46143,79,5293,179,67
120,9,65,46143,79,5293,179,67
120,9,65,48071,79,54053,179,8418
120,9,65,48071,79,54053,179,8418
120,9,65,48071,79,54053,179,8418
120,9,65,50903,79,55762,180,0912
120,9,65,50903,79,55762,180,0912
120,9,65,50903,79,55762,180,0912
120,9,65,53149,79,5708,180,2896
120,9,65,53149,79,5708,180,2896
120,9,65,53149,79,5708,180,2896
120,9,65,552,79,58301,180,4717
120,9,65,552,79,58301,180,4717
120,9,65,552,79,58301,180,4717
120,9,65,552,79,58301,180,4717
120,9,65,57227,79,59521,180,6514
120,9,65,57227,79,59521,180,6514
120,9,65,57227,79,59521,180,6514
120,9,65,5979,79,61035,180,8763
120,9,65,5979,79,61035,180,8763
120,9,65,5979,79,61035,180,8763
120,9,65,5979,79,61035,180,8763
120,9,65,61743,79,62207,181,0503
120,10,65,61743,79,62207,181,0503
120,10,65,6438,79,6377,181,2823
120,10,65,6438,79,6377,181,2823
120,10,65,6438,79,6377,181,2823
120,10,65,6438,79,6377,181,2823
120,10,65,66284,79,64893,181,4524
120,10,65,66284,79,64893,181,4524
120,10,65,66284,79,64893,181,4524
120,10,65,67773,79,65771,181,5833
120,10,65,67773,79,65771,181,5833
120,10,65,67773,79,65771,181,5833
120,10,65,67773,79,65771,181,5833
120,10,65,71362,79,66895,181,7584
120,10,65,71362,79,66895,181,7584
120,10,65,71362,79,66895,181,7584
120,10,65,75854,79,68311,181,9768
120,10,65,75854,79,68311,181,9768
120,10,65,75854,79,68311,181,9768
120,10,65,7915,79,69385,182,1379
120,10,65,7915,79,69385,182,1379
120,10,65,7915,79,69385,182,1379
120,10,65,83813,79,7085,182,3655
120,10,65,83813,79,7085,182,3655
120,10,65,83813,79,7085,182,3655
120,10,65,83813,79,7085,182,3655
120,10,65,87207,79,71924,182,5304
120,10,65,87207,79,71924,182,5304
120,10,65,87207,79,71924,182,5304
120,10,65,87207,79,71924,182,5304
120,10,65,91797,79,7334,182,754
120,10,65,91797,79,7334,182,754
120,10,65,91797,79,7334,182,754
120,10,65,95874,79,74658,182,953
120,10,65,95874,79,74658,182,953
120,10,65,95874,79,74658,182,953
120,10,65,9978,79,75879,183,1432
120,10,65,9978,79,75879,183,1432
120,10,65,9978,79,75879,183,1432
120,10,66,03613,79,77051,183,3297
120,10,66,03613,79,77051,183,3297
120,10,66,03613,79,77051,183,3297
120,10,66,073,79,78223,183,5103
120,10,66,073,79,78223,183,5103
120,10,66,073,79,78223,183,5103
120,10,66,073,79,78223,183,5103
120,10,66,10571,79,79297,183,6694
120,10,66,10571,79,79297,183,6694
120,10,66,15283,79,80762,183,8987
120,10,66,15283,79,80762,183,8987
120,10,66,15283,79,80762,183,8987
120,10,66,15283,79,80762,183,8987
120,10,66,18579,79,81787,184,0601
120,10,66,18579,79,81787,184,0601
120,10,66,18579,79,81787,184,0601
120,10,66,18579,79,81787,184,0601
120,10,66,23267,79,83301,184,2887
120,10,66,23267,79,83301,184,2887
120,10,66,23267,79,83301,184,2887
120,10,66,27368,79,8457,184,488
120,10,66,27368,79,8457,184,488
120,10,66,27368,79,8457,184,488
120,10,66,31006,79,85742,184,6655
120,10,66,31006,79,85742,184,6655
120,10,66,31006,79,85742,184,6655
120,10,66,34399,79,86768,184,8309
120,10,66,34399,79,86768,184,8309
120,10,66,34399,79,86768,184,8309
120,10,66,39063,79,88281,185,0582
120,10,66,39063,79,88281,185,0582
120,10,66,39063,79,88281,185,0582
120,10,66,39063,79,88281,185,0582
120,10,66,427,79,89404,185,2351
120,10,66,427,79,89404,185,2351
120,10,66,427,79,89404,185,2351
120,10,66,47095,79,90771,185,4496
120,10,66,47095,79,90771,185,4496
120,10,66,47095,79,90771,185,4496
120,10,66,47095,79,90771,185,4496
120,10,66,48267,79,91162,185,5067
120,10,66,48267,79,91162,185,5067
120,10,66,48267,79,91162,185,5067
120,10,66,48267,79,91162,185,5067
120,10,66,48267,79,91162,185,5067
120,10,66,48267,79,91162,185,5067
120,10,66,48267,79,91162,185,5067
120,10,66,48267,79,91162,185,5067
120,10,66,48267,79,91162,185,5067
120,10,66,48267,79,91162,185,5067
120,10,66,48267,79,91162,185,5067
120,10,66,48267,79,91162,185,5067
120,10,66,48267,79,91162,185,5067
120,10,66,48267,79,91162,185,5067
120,10,66,48267,79,91162,185,5067
120,10,66,48267,79,91162,185,5067
120,10,66,48267,79,91162,185,5067
120,10,66,48267,79,91162,185,5067
120,10,66,48267,79,91162,185,5067
120,10,66,48267,79,91162,185,5067
120,10,66,48267,79,91162,185,5067
120,10,66,48267,79,91162,185,5067
120,10,66,48267,79,91162,185,5067
120,10,66,48267,79,91162,185,5067
120,10,66,48267,79,91162,185,5067
120,10,66,48267,79,91162,185,5067
120,10,66,48267,79,91162,185,5067
120,10,66,48267,79,91162,185,5067
120,10,66,48267,79,91162,185,5067
120,10,66,48267,79,91162,185,5067
120,10,66,48267,79,91162,185,5067
120,10,66,48267,79,91162,185,5067
120,10,66,48267,79,91162,185,5067
120,10,66,48267,79,91162,185,5067
120,10,66,48267,79,91162,185,5067
120,10,66,48267,79,91162,185,5067
120,10,66,48267,79,91162,185,5067
120,10,66,48267,79,91162,185,5067
120,10,66,48267,79,91162,185,5067
120,10,66,48267,79,91162,185,5067
120,10,66,48267,79,91162,185,5067
120,10,66,48267,79,91162,185,5067
120,10,66,48267,79,91162,185,5067
120,10,66,48267,79,91162,185,5067
120,10,66,48267,79,91162,185,5067
120,10,66,48267,79,91162,185,5067
120,10,66,48267,79,91162,185,5067
120,10,66,48267,79,91162,185,5067
120,10,66,48267,79,91162,185,5067
120,10,66,48267,79,91162,185,5067
120,10,66,48267,79,91162,185,5067
120,10,66,48267,79,91162,185,5067
120,10,66,48267,79,91162,185,5067
120,10,66,48267,79,91162,185,5067
120,10,66,48267,79,91162,185,5067
120,10,66,48267,79,91162,185,5067
120,10,66,48267,79,91162,185,5067
120,10,66,48267,79,91162,185,5067
120,10,66,48267,79,91162,185,5067
120,10,66,48267,79,91162,185,5067
120,10,66,48267,79,91162,185,5067
120,10,66,48267,79,91162,185,5067
120,10,66,48267,79,91162,185,5067
120,10,66,48267,79,91162,185,5067
120,10,66,48267,79,91162,185,5067
120,10,66,48267,79,91162,185,5067
120,10,66,48267,79,91162,185,5067
120,10,66,48267,79,91162,185,5067
120,10,66,48267,79,91162,185,5067
120,10,66,48267,79,91162,185,5067
120,10,66,48267,79,91162,185,5067
120,10,66,48267,79,91162,185,5067
120,10,66,48267,79,91162,185,5067
120,10,66,48267,79,91162,185,5067
120,10,66,48267,79,91162,185,5067
120,10,66,48267,79,91162,185,5067
120,10,66,48267,79,91162,185,5067
120,10,66,48267,79,91162,185,5067
120,10,66,48267,79,91162,185,5067
120,10,66,48267,79,91162,185,5067
120,10,66,48267,79,91162,185,5067
120,10,66,48267,79,91162,185,5067
120,10,66,48267,79,91162,185,5067
120,10,66,48267,79,91162,185,5067
120,10,66,48267,79,91162,185,5067
120,10,66,48267,79,91162,185,5067
120,10,66,48267,79,91162,185,5067
120,10,66,48267,79,91162,185,5067
120,10,66,48267,79,91162,185,5067
120,10,66,48267,79,91162,185,5067
120,10,66,48267,79,91162,185,5067
120,10,66,48267,79,91162,185,5067
120,10,66,48267,79,91162,185,5067
120,10,66,48267,79,91162,185,5067
120,10,66,48267,79,91162,185,5067
120,10,66,48267,79,91162,185,5067
120,10,66,48267,79,91162,185,5067
120,10,66,48267,79,91162,185,5067
120,10,66,48267,79,91162,185,5067
120,10,66,48267,79,91162,185,5067
120,10,66,48267,79,91162,185,5067
120,10,66,48267,79,91162,185,5067
120,10,66,48267,79,91162,185,5067
120,10,66,48267,79,91162,185,5067
120,10,66,48267,79,91162,185,5067
120,10,66,48267,79,91162,185,5067
120,10,66,48267,79,91162,185,5067
120,10,66,48267,79,91162,185,5067
120,10,66,48267,79,91162,185,5067
120,10,66,48267,79,91162,185,5067
120,10,66,48267,79,91162,185,5067
120,10,66,48267,79,91162,185,5067
120,10,66,48267,79,91162,185,5067
120,10,66,48267,79,91162,185,5067
120,10,66,48267,79,91162,185,5067
120,10,66,48267,79,91162,185,5067
120,10,66,48267,79,91162,185,5067
120,10,66,48267,79,91162,185,5067
120,10,66,48267,79,91162,185,5067
120,10,66,48267,79,91162,185,5067
120,10,66,48267,79,91162,185,5067
120,10,66,48267,79,91162,185,5067
120,10,66,48267,79,91162,185,5067
120,10,66,48267,79,91162,185,5067
120,10,66,48267,79,91162,185,5067
120,10,66,48267,79,91162,185,5067
120,10,66,48267,79,91162,185,5067
120,10,66,48267,79,91162,185,5067
120,10,66,48267,79,91162,185,5067
120,10,66,48267,79,91162,185,5067
120,10,66,48267,79,91162,185,5067
120,10,66,48267,79,91162,185,5067
120,10,66,48267,79,91162,185,5067
120,10,66,48267,79,91162,185,5067
120,10,66,48267,79,91162,185,5067
120,10,66,48267,79,91162,185,5067
120,10,66,48267,79,91162,185,5067
120,10,66,48267,79,91162,185,5067
120,10,66,48267,79,91162,185,5067
120,10,66,48267,79,91162,185,5067
120,10,66,48267,79,91162,185,5067
120,10,66,48267,79,91162,185,5067
120,10,66,48267,79,91162,185,5067
120,10,66,48267,79,91162,185,5067
120,10,66,48267,79,91162,185,5067
120,10,66,48267,79,91162,185,5067
120,10,66,48267,79,91162,185,5067
120,10,66,48267,79,91162,185,5067
120,10,66,48267,79,91162,185,5067
120,10,66,48267,79,91162,185,5067
120,10,66,48267,79,91162,185,5067
120,10,66,48267,79,91162,185,5067
120,10,66,48267,79,91162,185,5067
120,10,66,48267,79,91162,185,5067
120,10,66,48267,79,91162,185,5067
120,10,66,48267,79,91162,185,5067
120,10,66,48267,79,91162,185,5067
120,10,66,48267,79,91162,185,5067
120,10,66,48267,79,91162,185,5067
120,10,66,48267,79,91162,185,5067
120,10,66,48267,79,91162,185,5067
120,10,66,48267,79,91162,185,5067
120,10,66,48267,79,91162,185,5067
120,10,66,48267,79,91162,185,5067
120,10,66,48267,79,91162,185,5067
120,10,66,48267,79,91162,185,5067
120,10,66,48267,79,91162,185,5067
120,10,66,48267,79,91162,185,5067
120,10,66,48267,79,91162,185,5067
120,10,66,48267,79,91162,185,5067
120,10,66,48267,79,91162,185,5067
120,10,66,48267,79,91162,185,5067
120,10,66,48267,79,91162,185,5067
120,10,66,48267,79,91162,185,5067
120,10,66,48267,79,91162,185,5067
120,10,66,48267,79,91162,185,5067
120,10,66,48267,79,91162,185,5067
120,10,66,48267,79,91162,185,5067
120,10,66,48267,79,91162,185,5067
120,10,66,48267,79,91162,185,5067
120,10,66,48267,79,91162,185,5067
120,10,66,48267,79,91162,185,5067
120,10,66,48267,79,91162,185,5067
120,10,66,48267,79,91162,185,5067
120,10,66,48267,79,91162,185,5067
120,10,66,48267,79,91162,185,5067
120,10,66,48267,79,91162,185,5067
120,10,66,48267,79,91162,185,5067
120,10,66,48267,79,91162,185,5067
120,10,66,48267,79,91162,185,5067
120,10,66,48267,79,91162,185,5067
120,10,66,48267,79,91162,185,5067
120,10,66,48267,79,91162,185,5067
120,10,66,48267,79,91162,185,5067
120,10,66,56616,79,89111,185,7942
120,10,66,56616,79,89111,185,7942
120,10,66,56616,79,89111,185,7942
120,10,66,56616,79,89111,185,7942
120,10,66,56616,79,89111,185,7942
120,10,66,63525,79,87451,186,033
120,10,66,63525,79,87451,186,033
120,10,66,63525,79,87451,186,033
120,10,66,63525,79,87451,186,033
120,10,66,71875,79,854,186,3204
120,10,66,71875,79,854,186,3204
120,10,66,71875,79,854,186,3204
120,10,66,71875,79,854,186,3204
120,10,66,71875,79,854,186,3204
120,10,66,78467,79,83838,186,548
120,10,66,78467,79,83838,186,548
120,10,66,78467,79,83838,186,548
120,10,66,78467,79,83838,186,548
120,10,66,86816,79,81787,186,8354
120,10,66,86816,79,81787,186,8354
120,10,66,86816,79,81787,186,8354
120,10,66,86816,79,81787,186,8354
120,10,66,86816,79,81787,186,8354
120,10,66,93091,79,80273,187,0515
120,10,66,93091,79,80273,187,0515
120,10,66,93091,79,80273,187,0515
120,10,66,93091,79,80273,187,0515
120,10,67,01416,79,78223,187,339
120,10,67,01416,79,78223,187,339
120,10,67,01416,79,78223,187,339
120,10,67,01416,79,78223,187,339
120,10,67,01416,79,78223,187,339
120,10,67,07373,79,76807,187,5442
120,11,67,07373,79,76807,187,5442
120,11,67,07373,79,76807,187,5442
120,11,67,15723,79,74756,187,8317
120,11,67,15723,79,74756,187,8317
120,11,67,15723,79,74756,187,8317
120,11,67,15723,79,74756,187,8317
120,11,67,15723,79,74756,187,8317
120,11,67,21704,79,73291,188,0381
120,11,67,21704,79,73291,188,0381
120,11,67,21704,79,73291,188,0381
120,11,67,21704,79,73291,188,0381
120,11,67,30054,79,71289,188,3256
120,11,67,30054,79,71289,188,3256
120,11,67,30054,79,71289,188,3256
120,11,67,30054,79,71289,188,3256
120,11,67,30054,79,71289,188,3256
120,11,67,30176,79,7124,188,3301
120,11,67,30176,79,7124,188,3301
120,11,67,30176,79,7124,188,3301
120,11,67,43237,79,73633,188,5991
120,11,67,43237,79,73633,188,5991
120,11,67,43237,79,73633,188,5991
120,11,67,43237,79,73633,188,5991
120,11,67,43237,79,73633,188,5991
120,11,67,52344,79,75293,188,7867
120,11,67,52344,79,75293,188,7867
120,11,67,52344,79,75293,188,7867
120,11,67,52344,79,75293,188,7867
120,11,67,65405,79,77686,189,0558
120,11,67,65405,79,77686,189,0558
120,11,67,65405,79,77686,189,0558
120,11,67,65405,79,77686,189,0558
120,11,67,65405,79,77686,189,0558
120,11,67,75073,79,79492,189,2548
120,11,67,75073,79,79492,189,2548
120,11,67,75073,79,79492,189,2548
120,11,67,88135,79,81885,189,5238
120,11,67,88135,79,81885,189,5238
120,11,67,88135,79,81885,189,5238
120,11,67,88135,79,81885,189,5238
120,11,67,97119,79,83545,189,7089
120,11,67,97119,79,83545,189,7089
120,11,67,97119,79,83545,189,7089
120,11,68,05737,79,85107,189,8866
120,11,68,05737,79,85107,189,8866
120,11,68,05737,79,85107,189,8866
120,11,68,05737,79,85107,189,8866
120,11,68,15381,79,86865,190,0852
120,11,68,15381,79,86865,190,0852
120,11,68,15381,79,86865,190,0852
120,11,68,24414,79,88525,190,2711
120,11,68,24414,79,88525,190,2711
120,11,68,24414,79,88525,190,2711
120,11,68,24414,79,88525,190,2711
120,11,68,33301,79,90186,190,4542
120,11,68,33301,79,90186,190,4542
120,11,68,33301,79,90186,190,4542
120,11,68,42065,79,91797,190,6346
120,11,68,42065,79,91797,190,6346
120,11,68,42065,79,91797,190,6346
120,11,68,50757,79,93359,190,8137
120,11,68,50757,79,93359,190,8137
120,11,68,50757,79,93359,190,8137
120,11,68,50757,79,93359,190,8137
120,11,68,56763,79,94482,190,9375
120,11,68,56763,79,94482,190,9375
120,11,68,56763,79,94482,190,9375
120,11,68,56763,79,94482,190,9375
120,11,68,56763,79,94482,190,9375
120,11,68,56763,79,94482,190,9375
120,11,68,56763,79,94482,190,9375
120,11,68,56763,79,94482,190,9375
120,11,68,56763,79,94482,190,9375
120,11,68,56763,79,94482,190,9375
120,11,68,56763,79,94482,190,9375
120,11,68,56763,79,94482,190,9375
120,11,68,56763,79,94482,190,9375
120,11,68,56763,79,94482,190,9375
120,11,68,56763,79,94482,190,9375
120,11,68,56763,79,94482,190,9375
120,11,68,56763,79,94482,190,9375
120,11,68,56763,79,94482,190,9375
120,11,68,56763,79,94482,190,9375
120,11,68,56763,79,94482,190,9375
120,11,68,56763,79,94482,190,9375
120,11,68,56763,79,94482,190,9375
120,11,68,56763,79,94482,190,9375
120,11,68,56763,79,94482,190,9375
120,11,68,56763,79,94482,190,9375
120,11,68,56763,79,94482,190,9375
120,11,68,56763,79,94482,190,9375
120,11,68,56763,79,94482,190,9375
120,11,68,56763,79,94482,190,9375
120,11,68,56763,79,94482,190,9375
120,11,68,56763,79,94482,190,9375
120,11,68,56763,79,94482,190,9375
120,11,68,56763,79,94482,190,9375
120,11,68,56763,79,94482,190,9375
120,11,68,56763,79,94482,190,9375
120,11,68,56763,79,94482,190,9375
120,11,68,56763,79,94482,190,9375
120,11,68,56763,79,94482,190,9375
120,11,68,56763,79,94482,190,9375
120,11,68,56763,79,94482,190,9375
120,11,68,56763,79,94482,190,9375
120,11,68,56763,79,94482,190,9375
120,11,68,56763,79,94482,190,9375
120,11,68,56763,79,94482,190,9375
120,11,68,56763,79,94482,190,9375
120,11,68,56763,79,94482,190,9375
120,11,68,56763,79,94482,190,9375
120,11,68,56763,79,94482,190,9375
120,11,68,56763,79,94482,190,9375
120,11,68,56763,79,94482,190,9375
120,11,68,56763,79,94482,190,9375
120,11,68,56763,79,94482,190,9375
120,11,68,56763,79,94482,190,9375
120,11,68,56763,79,94482,190,9375
120,11,68,56763,79,94482,190,9375
120,11,68,70557,79,96387,191,0973
120,11,68,70557,79,96387,191,0973
120,11,68,70557,79,96387,191,0973
120,11,68,70557,79,96387,191,0973
120,11,68,83374,79,98096,191,2456
120,11,68,83374,79,98096,191,2456
120,11,68,83374,79,98096,191,2456
120,11,68,9646,79,99902,191,3971
120,12,68,9646,79,99902,191,3971
120,12,68,9646,79,99902,191,3971
120,12,69,09814,80,01709,191,5518
120,12,69,09814,80,01709,191,5518
120,12,69,09814,80,01709,191,5518
120,12,69,09814,80,01709,191,5518
120,12,69,22607,80,03467,191,6997
120,12,69,22607,80,03467,191,6997
120,12,69,22607,80,03467,191,6997
120,12,69,35156,80,05176,191,8452
120,12,69,35156,80,05176,191,8452
120,12,69,35156,80,05176,191,8452
120,12,69,4856,80,07031,192,0004
120,12,69,4856,80,07031,192,0004
120,12,69,4856,80,07031,192,0004
120,12,69,4856,80,07031,192,0004
120,12,69,61572,80,08789,192,151
120,12,69,61572,80,08789,192,151
120,12,69,61572,80,08789,192,151
120,12,69,74341,80,10547,192,2988
120,12,69,74341,80,10547,192,2988
120,12,69,74341,80,10547,192,2988
120,12,69,87573,80,12354,192,4519
120,12,69,87573,80,12354,192,4519
120,12,69,87573,80,12354,192,4519
120,12,70,00073,80,14063,192,5968
120,12,70,00073,80,14063,192,5968
120,12,70,00073,80,14063,192,5968
120,12,70,00073,80,14063,192,5968
120,12,70,12891,80,1582,192,745
120,12,70,12891,80,1582,192,745
120,12,70,12891,80,1582,192,745
120,12,70,26318,80,17627,192,9004
120,12,70,26318,80,17627,192,9004
120,12,70,26318,80,17627,192,9004
120,12,70,39307,80,19434,193,051
120,12,70,39307,80,19434,193,051
120,12,70,39307,80,19434,193,051
120,12,70,39307,80,19434,193,051
120,12,70,50537,80,20947,193,1809
120,12,70,50537,80,20947,193,1809
120,12,70,50537,80,20947,193,1809
120,12,70,64648,80,23633,193,3064
120,12,70,64648,80,23633,193,3064
120,12,70,64648,80,23633,193,3064
120,12,70,7854,80,26318,193,4297
120,12,70,7854,80,26318,193,4297
120,12,70,7854,80,26318,193,4297
120,12,70,92969,80,29053,193,558
120,12,70,92969,80,29053,193,558
120,12,70,92969,80,29053,193,558
120,12,70,92969,80,29053,193,558
120,12,71,08081,80,31934,193,6924
120,12,71,08081,80,31934,193,6924
120,12,71,08081,80,31934,193,6924
120,12,71,22656,80,34717,193,822
120,12,71,22656,80,34717,193,822
120,12,71,22656,80,34717,193,822
120,12,71,37524,80,37598,193,9541
120,12,71,37524,80,37598,193,9541
120,12,71,37524,80,37598,193,9541
120,12,71,37524,80,37598,193,9541
120,12,71,52319,80,4043,194,0857
120,12,71,52319,80,4043,194,0857
120,12,71,52319,80,4043,194,0857
120,12,71,66724,80,43164,194,2136
120,12,71,66724,80,43164,194,2136
120,12,71,66724,80,43164,194,2136
120,12,71,81812,80,46045,194,3479
120,12,71,81812,80,46045,194,3479
120,12,71,81812,80,46045,194,3479
120,12,71,81812,80,46045,194,3479
120,12,71,96826,80,48926,194,4813
120,12,71,96826,80,48926,194,4813
120,12,71,96826,80,48926,194,4813
120,12,72,1189,80,51807,194,6154
120,12,72,1189,80,51807,194,6154
120,12,72,1189,80,51807,194,6154
120,12,72,1189,80,51807,194,6154
120,12,72,24463,80,54199,194,7271
120,12,72,24463,80,54199,194,7271
120,12,72,24463,80,54199,194,7271
120,12,72,40967,80,57324,194,8384
120,12,72,40967,80,57324,194,8384
120,12,72,40967,80,57324,194,8384
120,12,72,57324,80,604,194,9489
120,12,72,57324,80,604,194,9489
120,12,72,57324,80,604,194,9489
120,12,72,57324,80,604,194,9489
120,12,72,7356,80,63477,195,0582
120,12,72,7356,80,63477,195,0582
120,12,72,7356,80,63477,195,0582
120,12,72,9021,80,66602,195,1707
120,12,72,9021,80,66602,195,1707
120,12,72,9021,80,66602,195,1707
120,12,73,06738,80,69727,195,2821
120,12,73,06738,80,69727,195,2821
120,12,73,06738,80,69727,195,2821
120,12,73,06738,80,69727,195,2821
120,12,73,23511,80,729,195,3953
120,12,73,23511,80,729,195,3953
120,12,73,23511,80,729,195,3953
120,12,73,40112,80,76025,195,5072
120,12,73,40112,80,76025,195,5072
120,12,73,40112,80,76025,195,5072
120,12,73,40112,80,76025,195,5072
120,12,73,56812,80,79199,195,6199
120,12,73,56812,80,79199,195,6199
120,12,73,56812,80,79199,195,6199
120,12,73,73804,80,82422,195,7346
120,12,73,73804,80,82422,195,7346
120,12,73,73804,80,82422,195,7346
120,12,73,73804,80,82422,195,7346
120,12,73,91089,80,85645,195,8511
120,12,73,91089,80,85645,195,8511
120,12,73,91089,80,85645,195,8511
120,12,74,08325,80,88916,195,9675
120,12,74,08325,80,88916,195,9675
120,12,74,08325,80,88916,195,9675
120,12,74,08325,80,88916,195,9675
120,12,74,25757,80,92236,196,085
120,12,74,25757,80,92236,196,085
120,12,74,25757,80,92236,196,085
120,12,74,32861,80,93555,196,1329
120,12,74,32861,80,93555,196,1329
120,12,74,32861,80,93555,196,1329
120,12,74,32861,80,93555,196,1329
120,12,74,51904,80,95996,196,2281
120,13,74,51904,80,95996,196,2281
120,13,74,51904,80,95996,196,2281
120,13,74,70508,80,98389,196,321
120,13,74,70508,80,98389,196,321
120,13,74,70508,80,98389,196,321
120,13,74,70508,80,98389,196,321
120,13,74,89526,81,0083,196,416
120,13,74,89526,81,0083,196,416
120,13,74,89526,81,0083,196,416
120,13,75,08423,81,03271,196,5105
120,13,75,08423,81,03271,196,5105
120,13,75,08423,81,03271,196,5105
120,13,75,08423,81,03271,196,5105
120,13,75,27148,81,05664,196,604
120,13,75,27148,81,05664,196,604
120,13,75,27148,81,05664,196,604
120,13,75,27148,81,05664,196,604
120,13,75,46045,81,08105,196,6984
120,13,75,46045,81,08105,196,6984
120,13,75,46045,81,08105,196,6984
120,13,75,65308,81,10596,196,7947
120,13,75,65308,81,10596,196,7947
120,13,75,65308,81,10596,196,7947
120,13,75,65308,81,10596,196,7947
120,13,75,84937,81,13135,196,8927
120,13,75,84937,81,13135,196,8927
120,13,75,84937,81,13135,196,8927
120,13,75,84937,81,13135,196,8927
120,13,76,04688,81,15674,196,9912
120,13,76,04688,81,15674,196,9912
120,13,76,04688,81,15674,196,9912
120,13,76,24414,81,18213,197,0898
120,13,76,24414,81,18213,197,0898
120,13,76,24414,81,18213,197,0898
120,13,76,24414,81,18213,197,0898
120,13,76,43335,81,20605,197,1844
120,13,76,43335,81,20605,197,1844
120,13,76,43335,81,20605,197,1844
120,13,76,62402,81,23096,197,2797
120,13,76,62402,81,23096,197,2797
120,13,76,62402,81,23096,197,2797
120,13,76,62402,81,23096,197,2797
120,13,76,81812,81,25586,197,3766
120,13,76,81812,81,25586,197,3766
120,13,76,81812,81,25586,197,3766
120,13,76,81812,81,25586,197,3766
120,13,76,84912,81,25977,197,3921
120,13,76,84912,81,25977,197,3921
120,13,76,84912,81,25977,197,3921
120,13,76,84912,81,25977,197,3921
120,13,77,05103,81,27148,197,4883
120,13,77,05103,81,27148,197,4883
120,13,77,05103,81,27148,197,4883
120,13,77,25903,81,28418,197,5874
120,13,77,25903,81,28418,197,5874
120,13,77,25903,81,28418,197,5874
120,13,77,25903,81,28418,197,5874
120,13,77,45801,81,2959,197,6823
120,13,77,45801,81,2959,197,6823
120,13,77,45801,81,2959,197,6823
120,13,77,45801,81,2959,197,6823
120,13,77,66626,81,30811,197,7815
120,13,77,66626,81,30811,197,7815
120,13,77,66626,81,30811,197,7815
120,13,77,66626,81,30811,197,7815
120,13,77,86938,81,32031,197,8783
120,13,77,86938,81,32031,197,8783
120,13,77,86938,81,32031,197,8783
120,13,78,07056,81,33203,197,9741
120,13,78,07056,81,33203,197,9741
120,13,78,07056,81,33203,197,9741
120,13,78,07056,81,33203,197,9741
120,13,78,27051,81,34375,198,0695
120,13,78,27051,81,34375,198,0695
120,13,78,27051,81,34375,198,0695
120,13,78,27051,81,34375,198,0695
120,13,78,46753,81,35547,198,1633
120,13,78,46753,81,35547,198,1633
120,13,78,46753,81,35547,198,1633
120,13,78,66626,81,36719,198,2581
120,13,78,66626,81,36719,198,2581
120,13,78,66626,81,36719,198,2581
120,13,78,66626,81,36719,198,2581
120,13,78,86792,81,37891,198,3542
120,13,78,86792,81,37891,198,3542
120,13,78,86792,81,37891,198,3542
120,13,79,05811,81,39014,198,4448
120,13,79,05811,81,39014,198,4448
120,13,79,05811,81,39014,198,4448
120,13,79,05811,81,39014,198,4448
120,13,79,25537,81,40186,198,5388
120,13,79,25537,81,40186,198,5388
120,13,79,25537,81,40186,198,5388
120,13,79,25537,81,40186,198,5388
120,13,79,45361,81,41357,198,6333
120,13,79,45361,81,41357,198,6333
120,13,79,45361,81,41357,198,6333
120,13,79,45361,81,41357,198,6333
120,13,79,65771,81,42578,198,7306
120,13,79,65771,81,42578,198,7306
120,13,79,65771,81,42578,198,7306
120,13,79,76489,81,43213,198,7816
120,13,79,76489,81,43213,198,7816
120,13,79,76489,81,43213,198,7816
120,13,79,76489,81,43213,198,7816
120,13,79,96802,81,47461,198,8466
120,13,79,96802,81,47461,198,8466
120,13,79,96802,81,47461,198,8466
120,13,79,96802,81,47461,198,8466
120,13,80,17651,81,51807,198,9132
120,13,80,17651,81,51807,198,9132
120,13,80,17651,81,51807,198,9132
120,13,80,37695,81,56006,198,9773
120,13,80,37695,81,56006,198,9773
120,13,80,37695,81,56006,198,9773
120,13,80,37695,81,56006,198,9773
120,13,80,58423,81,60352,199,0436
120,13,80,58423,81,60352,199,0436
120,13,80,58423,81,60352,199,0436
120,13,80,58423,81,60352,199,0436
120,13,80,79053,81,64648,199,1096
120,13,80,79053,81,64648,199,1096
120,13,80,79053,81,64648,199,1096
120,13,80,9939,81,68896,199,1746
120,13,80,9939,81,68896,199,1746
120,13,80,9939,81,68896,199,1746
120,13,80,9939,81,68896,199,1746
120,13,81,19678,81,73145,199,2395
120,14,81,19678,81,73145,199,2395
120,14,81,19678,81,73145,199,2395
120,14,81,19678,81,73145,199,2395
120,14,81,19678,81,73145,199,2395
120,14,81,39624,81,77295,199,3032
120,14,81,39624,81,77295,199,3032
120,14,81,39624,81,77295,199,3032
120,14,81,39624,81,77295,199,3032
120,14,81,67651,81,83154,199,3928
120,14,81,67651,81,83154,199,3928
120,14,81,67651,81,83154,199,3928
120,14,81,89575,81,87744,199,463
120,14,81,89575,81,87744,199,463
120,14,81,89575,81,87744,199,463
120,14,81,89575,81,87744,199,463
120,14,82,10181,81,92041,199,5289
120,14,82,10181,81,92041,199,5289
120,14,82,10181,81,92041,199,5289
120,14,82,10181,81,92041,199,5289
120,14,82,30151,81,9624,199,5927
120,14,82,30151,81,9624,199,5927
120,14,82,30151,81,9624,199,5927
120,14,82,51538,82,00684,199,6611
120,14,82,51538,82,00684,199,6611
120,14,82,51538,82,00684,199,6611
120,14,82,51538,82,00684,199,6611
120,14,82,7207,82,0498,199,7268
120,14,82,7207,82,0498,199,7268
120,14,82,7207,82,0498,199,7268
120,14,82,7207,82,0498,199,7268
120,14,82,87158,82,08154,199,775
120,14,82,87158,82,08154,199,775
120,14,82,87158,82,08154,199,775
120,14,83,07739,82,11328,199,8506
120,14,83,07739,82,11328,199,8506
120,14,83,07739,82,11328,199,8506
120,14,83,07739,82,11328,199,8506
120,14,83,28735,82,14551,199,9277
120,14,83,28735,82,14551,199,9277
120,14,83,28735,82,14551,199,9277
120,14,83,28735,82,14551,199,9277
120,14,83,49902,82,17822,200,0054
120,14,83,49902,82,17822,200,0054
120,14,83,49902,82,17822,200,0054
120,14,83,49902,82,17822,200,0054
120,14,83,71045,82,21094,200,0831
120,14,83,71045,82,21094,200,0831
120,14,83,71045,82,21094,200,0831
120,14,83,71045,82,21094,200,0831
120,14,83,93286,82,24561,200,1648
120,14,83,93286,82,24561,200,1648
120,14,83,93286,82,24561,200,1648
120,14,83,93286,82,24561,200,1648
120,14,84,14063,82,27734,200,2411
120,14,84,14063,82,27734,200,2411
120,14,84,14063,82,27734,200,2411
120,14,84,35791,82,31104,200,3208
120,14,84,35791,82,31104,200,3208
120,14,84,35791,82,31104,200,3208
120,14,84,35791,82,31104,200,3208
120,14,84,55762,82,3418,200,3942
120,14,84,55762,82,3418,200,3942
120,14,84,55762,82,3418,200,3942
120,14,84,55762,82,3418,200,3942
120,14,84,76855,82,37451,200,4717
120,14,84,76855,82,37451,200,4717
120,14,84,76855,82,37451,200,4717
120,14,84,97388,82,40625,200,5471
120,14,84,97388,82,40625,200,5471
120,14,84,97388,82,40625,200,5471
120,14,84,97388,82,40625,200,5471
120,14,85,18091,82,43799,200,6232
120,14,85,18091,82,43799,200,6232
120,14,85,18091,82,43799,200,6232
120,14,85,18091,82,43799,200,6232
120,14,85,3894,82,47021,200,6997
120,14,85,3894,82,47021,200,6997
120,14,85,3894,82,47021,200,6997
120,14,85,3894,82,47021,200,6997
120,14,85,60425,82,50342,200,7786
120,14,85,60425,82,50342,200,7786
120,14,85,60425,82,50342,200,7786
120,14,85,81982,82,53662,200,8578
120,14,85,81982,82,53662,200,8578
120,14,85,81982,82,53662,200,8578
120,14,85,81982,82,53662,200,8578
120,14,86,01831,82,56738,200,9305
120,14,86,01831,82,56738,200,9305
120,14,86,01831,82,56738,200,9305
120,14,86,01831,82,56738,200,9305
120,14,86,09155,82,57861,200,9575
120,14,86,09155,82,57861,200,9575
120,14,86,09155,82,57861,200,9575
120,14,86,29834,82,60205,201,0168
120,14,86,29834,82,60205,201,0168
120,14,86,29834,82,60205,201,0168
120,14,86,29834,82,60205,201,0168
120,14,86,50293,82,62549,201,0756
120,14,86,50293,82,62549,201,0756
120,14,86,50293,82,62549,201,0756
120,14,86,50293,82,62549,201,0756
120,14,86,70142,82,64795,201,1326
120,14,86,70142,82,64795,201,1326
120,14,86,70142,82,64795,201,1326
120,14,86,91992,82,67236,201,1953
120,14,86,91992,82,67236,201,1953
120,14,86,91992,82,67236,201,1953
120,14,86,91992,82,67236,201,1953
120,14,87,12207,82,69531,201,2533
120,14,87,12207,82,69531,201,2533
120,14,87,12207,82,69531,201,2533
120,14,87,12207,82,69531,201,2533
120,14,87,34521,82,7207,201,3174
120,14,87,34521,82,7207,201,3174
120,14,87,34521,82,7207,201,3174
120,14,87,55396,82,74463,201,3772
120,14,87,55396,82,74463,201,3772
120,14,87,55396,82,74463,201,3772
120,14,87,55396,82,74463,201,3772
120,14,87,75391,82,76709,201,4347
120,14,87,75391,82,76709,201,4347
120,14,87,75391,82,76709,201,4347
120,14,87,96191,82,79102,201,4944
120,15,87,96191,82,79102,201,4944
120,15,87,96191,82,79102,201,4944
120,15,87,96191,82,79102,201,4944
120,15,88,1709,82,81445,201,5543
120,15,88,1709,82,81445,201,5543
120,15,88,1709,82,81445,201,5543
120,15,88,37451,82,8374,201,6128
120,15,88,37451,82,8374,201,6128
120,15,88,37451,82,8374,201,6128
120,15,88,37451,82,8374,201,6128
120,15,88,57617,82,86035,201,6707
120,15,88,57617,82,86035,201,6707
120,15,88,57617,82,86035,201,6707
120,15,88,77637,82,8833,201,7281
120,15,88,77637,82,8833,201,7281
120,15,88,77637,82,8833,201,7281
120,15,88,77637,82,8833,201,7281
120,15,88,9729,82,90527,201,7845
120,15,88,9729,82,90527,201,7845
120,15,88,9729,82,90527,201,7845
120,15,89,17627,82,92871,201,8429
120,15,89,17627,82,92871,201,8429
120,15,89,17627,82,92871,201,8429
120,15,89,17627,82,92871,201,8429
120,15,89,20313,82,93164,201,8506
120,15,89,20313,82,93164,201,8506
120,15,89,20313,82,93164,201,8506
120,15,89,41016,82,95508,201,8938
120,15,89,41016,82,95508,201,8938
120,15,89,41016,82,95508,201,8938
120,15,89,41016,82,95508,201,8938
120,15,89,60889,82,97705,201,9354
120,15,89,60889,82,97705,201,9354
120,15,89,60889,82,97705,201,9354
120,15,89,80762,82,99951,201,9769
120,15,89,80762,82,99951,201,9769
120,15,89,80762,82,99951,201,9769
120,15,89,80762,82,99951,201,9769
120,15,90,01147,83,02246,202,0195
120,15,90,01147,83,02246,202,0195
120,15,90,01147,83,02246,202,0195
120,15,90,21851,83,04541,202,0629
120,15,90,21851,83,04541,202,0629
120,15,90,21851,83,04541,202,0629
120,15,90,42749,83,06934,202,1066
120,15,90,42749,83,06934,202,1066
120,15,90,42749,83,06934,202,1066
120,15,90,42749,83,06934,202,1066
120,15,90,61108,83,08984,202,1449
120,15,90,61108,83,08984,202,1449
120,15,90,61108,83,08984,202,1449
120,15,90,80542,83,11133,202,1855
120,15,90,80542,83,11133,202,1855
120,15,90,80542,83,11133,202,1855
120,15,90,99658,83,13281,202,2256
120,15,90,99658,83,13281,202,2256
120,15,90,99658,83,13281,202,2256
120,15,90,99658,83,13281,202,2256
120,15,91,19189,83,15479,202,2664
120,15,91,19189,83,15479,202,2664
120,15,91,19189,83,15479,202,2664
120,15,91,3855,83,17676,202,3069
120,15,91,3855,83,17676,202,3069
120,15,91,3855,83,17676,202,3069
120,15,91,57886,83,19824,202,3473
120,15,91,57886,83,19824,202,3473
120,15,91,57886,83,19824,202,3473
120,15,91,57886,83,19824,202,3473
120,15,91,7688,83,21973,202,387
120,15,91,7688,83,21973,202,387
120,15,91,7688,83,21973,202,387
120,15,91,95679,83,24072,202,4263
120,15,91,95679,83,24072,202,4263
120,15,91,95679,83,24072,202,4263
120,15,92,15259,83,2627,202,4672
120,15,92,15259,83,2627,202,4672
120,15,92,15259,83,2627,202,4672
120,15,92,15259,83,2627,202,4672
120,15,92,34424,83,28418,202,5073
120,15,92,34424,83,28418,202,5073
120,15,92,34424,83,28418,202,5073
120,15,92,54346,83,30664,202,549
120,15,92,54346,83,30664,202,549
120,15,92,54346,83,30664,202,549
120,15,92,73804,83,32861,202,5896
120,15,92,73804,83,32861,202,5896
120,15,92,73804,83,32861,202,5896
120,15,92,73804,83,32861,202,5896
120,15,92,83081,83,33887,202,609
120,15,92,83081,83,33887,202,609
120,15,92,83081,83,33887,202,609
120,15,93,02148,83,35352,202,6704
120,15,93,02148,83,35352,202,6704
120,15,93,02148,83,35352,202,6704
120,15,93,21143,83,36768,202,7316
120,15,93,21143,83,36768,202,7316
120,15,93,21143,83,36768,202,7316
120,15,93,21143,83,36768,202,7316
120,15,93,40625,83,38281,202,7943
120,15,93,40625,83,38281,202,7943
120,15,93,40625,83,38281,202,7943
120,15,93,60083,83,39746,202,8571
120,15,93,60083,83,39746,202,8571
120,15,93,60083,83,39746,202,8571
120,15,93,60083,83,39746,202,8571
120,15,93,79565,83,41211,202,9198
120,15,93,79565,83,41211,202,9198
120,15,93,79565,83,41211,202,9198
120,15,93,99072,83,42725,202,9827
120,15,93,99072,83,42725,202,9827
120,15,93,99072,83,42725,202,9827
120,15,93,99072,83,42725,202,9827
120,15,94,18628,83,44189,203,0457
120,15,94,18628,83,44189,203,0457
120,15,94,18628,83,44189,203,0457
120,15,94,38574,83,45703,203,1099
120,15,94,38574,83,45703,203,1099
120,15,94,38574,83,45703,203,1099
120,15,94,38574,83,45703,203,1099
120,15,94,58252,83,47217,203,1733
120,15,94,58252,83,47217,203,1733
120,15,94,58252,83,47217,203,1733
120,15,94,78467,83,4873,203,2384
120,16,94,78467,83,4873,203,2384
120,16,94,78467,83,4873,203,2384
120,16,94,78467,83,4873,203,2384
120,16,94,99146,83,50342,203,3049
120,16,94,99146,83,50342,203,3049
120,16,94,99146,83,50342,203,3049
120,16,95,19336,83,51855,203,37
120,16,95,19336,83,51855,203,37
120,16,95,19336,83,51855,203,37
120,16,95,19336,83,51855,203,37
120,16,95,39624,83,53418,203,4353
120,16,95,39624,83,53418,203,4353
120,16,95,39624,83,53418,203,4353
120,16,95,59863,83,54932,203,5005
120,16,95,59863,83,54932,203,5005
120,16,95,59863,83,54932,203,5005
120,16,95,59863,83,54932,203,5005
120,16,95,80151,83,56494,203,5659
120,16,95,80151,83,56494,203,5659
120,16,95,80151,83,56494,203,5659
120,16,95,80151,83,56494,203,5659
120,16,95,99805,83,58008,203,6293
120,16,95,99805,83,58008,203,6293
120,16,95,99805,83,58008,203,6293
120,16,96,01343,83,58105,203,6342
120,16,96,01343,83,58105,203,6342
120,16,96,01343,83,58105,203,6342
120,16,96,01343,83,58105,203,6342
120,16,96,22046,83,59766,203,7303
120,16,96,22046,83,59766,203,7303
120,16,96,22046,83,59766,203,7303
120,16,96,22046,83,59766,203,7303
120,16,96,41235,83,61328,203,8196
120,16,96,41235,83,61328,203,8196
120,16,96,41235,83,61328,203,8196
120,16,96,60864,83,62939,203,9109
120,16,96,60864,83,62939,203,9109
120,16,96,60864,83,62939,203,9109
120,16,96,60864,83,62939,203,9109
120,16,96,81226,83,64551,204,0056
120,16,96,81226,83,64551,204,0056
120,16,96,81226,83,64551,204,0056
120,16,96,81226,83,64551,204,0056
120,16,97,00757,83,66162,204,0963
120,16,97,00757,83,66162,204,0963
120,16,97,00757,83,66162,204,0963
120,16,97,21021,83,67773,204,1906
120,16,97,21021,83,67773,204,1906
120,16,97,21021,83,67773,204,1906
120,16,97,21021,83,67773,204,1906
120,16,97,41187,83,69434,204,2844
120,16,97,41187,83,69434,204,2844
120,16,97,41187,83,69434,204,2844
120,16,97,41187,83,69434,204,2844
120,16,97,60547,83,70996,204,3744
120,16,97,60547,83,70996,204,3744
120,16,97,60547,83,70996,204,3744
120,16,97,60547,83,70996,204,3744
120,16,97,8186,83,72705,204,4734
120,16,97,8186,83,72705,204,4734
120,16,97,8186,83,72705,204,4734
120,16,97,8186,83,72705,204,4734
120,16,98,02881,83,74414,204,5712
120,16,98,02881,83,74414,204,5712
120,16,98,02881,83,74414,204,5712
120,16,98,02881,83,74414,204,5712
120,16,98,24268,83,76172,204,6707
120,16,98,24268,83,76172,204,6707
120,16,98,24268,83,76172,204,6707
120,16,98,3291,83,76855,204,7108
120,16,98,3291,83,76855,204,7108
120,16,98,3291,83,76855,204,7108
120,16,98,3291,83,76855,204,7108
120,16,98,50122,83,72168,204,8569
120,16,98,50122,83,72168,204,8569
120,16,98,50122,83,72168,204,8569
120,16,98,50122,83,72168,204,8569
120,16,98,67236,83,67578,205,0022
120,16,98,67236,83,67578,205,0022
120,16,98,67236,83,67578,205,0022
120,16,98,67236,83,67578,205,0022
120,16,98,84351,83,62939,205,1473
120,16,98,84351,83,62939,205,1473
120,16,98,84351,83,62939,205,1473
120,16,98,84351,83,62939,205,1473
120,16,99,01855,83,58203,205,2958
120,16,99,01855,83,58203,205,2958
120,16,99,01855,83,58203,205,2958
120,16,99,01855,83,58203,205,2958
120,16,99,19214,83,53467,205,443
120,16,99,19214,83,53467,205,443
120,16,99,19214,83,53467,205,443
120,16,99,19214,83,53467,205,443
120,16,99,37842,83,48438,205,601
120,16,99,37842,83,48438,205,601
120,16,99,37842,83,48438,205,601
120,16,99,37842,83,48438,205,601
120,16,99,55835,83,43555,205,7537
120,16,99,55835,83,43555,205,7537
120,16,99,55835,83,43555,205,7537
120,16,99,55835,83,43555,205,7537
120,16,99,73047,83,38916,205,8997
120,16,99,73047,83,38916,205,8997
120,16,99,73047,83,38916,205,8997
120,16,99,90234,83,34277,206,0454
120,16,99,90234,83,34277,206,0454
120,16,99,90234,83,34277,206,0454
120,16,99,90234,83,34277,206,0454
120,16,99,95215,83,3291,206,0878
120,16,99,95215,83,3291,206,0878
120,16,99,95215,83,3291,206,0878
120,16,99,95215,83,3291,206,0878
120,16,99,95215,83,3291,206,0878
120,16,99,95215,83,3291,206,0878
120,16,99,95215,83,3291,206,0878
120,16,99,95215,83,3291,206,0878
120,16,99,95215,83,3291,206,0878
120,16,99,95215,83,3291,206,0878
120,16,99,95215,83,3291,206,0878
120,16,99,95215,83,3291,206,0878
120,16,99,95215,83,3291,206,0878
120,16,99,95215,83,3291,206,0878
120,16,99,95215,83,3291,206,0878
120,16,99,95215,83,3291,206,0878
120,16,99,95215,83,3291,206,0878
120,16,100,1316,83,31006,206,2589
120,16,100,1316,83,31006,206,2589
120,16,100,1316,83,31006,206,2589
120,16,100,1316,83,31006,206,2589
120,16,100,3118,83,29102,206,4308
120,17,100,3118,83,29102,206,4308
120,17,100,3118,83,29102,206,4308
120,17,100,3118,83,29102,206,4308
120,17,100,4922,83,27197,206,6028
120,17,100,4922,83,27197,206,6028
120,17,100,4922,83,27197,206,6028
120,17,100,4922,83,27197,206,6028
120,17,100,4922,83,27197,206,6028
120,17,100,6704,83,25293,206,7726
120,17,100,6704,83,25293,206,7726
120,17,100,6704,83,25293,206,7726
120,17,100,6704,83,25293,206,7726
120,17,100,887,83,22998,206,979
120,17,100,887,83,22998,206,979
120,17,100,887,83,22998,206,979
120,17,100,887,83,22998,206,979
120,17,100,887,83,22998,206,979
120,17,101,0732,83,20996,207,1567
120,17,101,0732,83,20996,207,1567
120,17,101,0732,83,20996,207,1567
120,17,101,0732,83,20996,207,1567
120,17,101,2629,83,18994,207,3376
120,17,101,2629,83,18994,207,3376
120,17,101,2629,83,18994,207,3376
120,17,101,2629,83,18994,207,3376
120,17,101,4482,83,17041,207,5144
120,17,101,4482,83,17041,207,5144
120,17,101,4482,83,17041,207,5144
120,17,101,4482,83,17041,207,5144
120,17,101,5264,83,16211,207,5887
120,17,101,5264,83,16211,207,5887
120,17,101,5264,83,16211,207,5887
120,17,101,5264,83,16211,207,5887
120,17,101,6895,83,14453,207,7742
120,17,101,6895,83,14453,207,7742
120,17,101,6895,83,14453,207,7742
120,17,101,6895,83,14453,207,7742
120,17,101,855,83,12695,207,9622
120,17,101,855,83,12695,207,9622
120,17,101,855,83,12695,207,9622
120,17,101,855,83,12695,207,9622
120,17,102,0159,83,10986,208,1449
120,17,102,0159,83,10986,208,1449
120,17,102,0159,83,10986,208,1449
120,17,102,0159,83,10986,208,1449
120,17,102,0159,83,10986,208,1449
120,17,102,1743,83,09277,208,3251
120,17,102,1743,83,09277,208,3251
120,17,102,1743,83,09277,208,3251
120,17,102,1743,83,09277,208,3251
120,17,102,3406,83,0752,208,5138
120,17,102,3406,83,0752,208,5138
120,17,102,3406,83,0752,208,5138
120,17,102,3406,83,0752,208,5138
120,17,102,4973,83,05811,208,6921
120,17,102,4973,83,05811,208,6921
120,17,102,4973,83,05811,208,6921
120,17,102,4973,83,05811,208,6921
120,17,102,6606,83,04053,208,8776
120,17,102,6606,83,04053,208,8776
120,17,102,6606,83,04053,208,8776
120,17,102,6606,83,04053,208,8776
120,17,102,8286,83,02295,209,0686
120,17,102,8286,83,02295,209,0686
120,17,102,8286,83,02295,209,0686
120,17,102,8286,83,02295,209,0686
120,17,102,9922,83,00537,209,2544
120,17,102,9922,83,00537,209,2544
120,17,102,9922,83,00537,209,2544
120,17,102,9922,83,00537,209,2544
120,17,103,1558,82,98779,209,4403
120,17,103,1558,82,98779,209,4403
120,17,103,1558,82,98779,209,4403
120,17,103,1558,82,98779,209,4403
120,17,103,1558,82,98779,209,4403
120,17,103,219,82,98096,209,5121
120,17,103,219,82,98096,209,5121
120,17,103,219,82,98096,209,5121
120,17,103,219,82,98096,209,5121
120,17,103,3655,82,97217,209,709
120,17,103,3655,82,97217,209,709
120,17,103,3655,82,97217,209,709
120,17,103,3655,82,97217,209,709
120,17,103,5156,82,96338,209,9111
120,17,103,5156,82,96338,209,9111
120,17,103,5156,82,96338,209,9111
120,17,103,5156,82,96338,209,9111
120,17,103,665,82,95459,210,1123
120,17,103,665,82,95459,210,1123
120,17,103,665,82,95459,210,1123
120,17,103,665,82,95459,210,1123
120,17,103,8115,82,9458,210,3096
120,17,103,8115,82,9458,210,3096
120,17,103,8115,82,9458,210,3096
120,17,103,8115,82,9458,210,3096
120,17,103,9636,82,93701,210,5143
120,17,103,9636,82,93701,210,5143
120,17,103,9636,82,93701,210,5143
120,17,103,9636,82,93701,210,5143
120,17,103,9636,82,93701,210,5143
120,17,104,1125,82,92822,210,7145
120,17,104,1125,82,92822,210,7145
120,17,104,1125,82,92822,210,7145
120,17,104,1125,82,92822,210,7145
120,17,104,2622,82,91943,210,9159
120,17,104,2622,82,91943,210,9159
120,17,104,2622,82,91943,210,9159
120,17,104,2622,82,91943,210,9159
120,17,104,4148,82,91016,211,1213
120,17,104,4148,82,91016,211,1213
120,17,104,4148,82,91016,211,1213
120,17,104,4148,82,91016,211,1213
120,17,104,564,82,90137,211,3221
120,17,104,564,82,90137,211,3221
120,17,104,564,82,90137,211,3221
120,17,104,564,82,90137,211,3221
120,17,104,5813,82,90039,211,3453
120,17,104,5813,82,90039,211,3453
120,17,104,5813,82,90039,211,3453
120,17,104,5813,82,90039,211,3453
120,17,104,5813,82,90039,211,3453
120,17,104,5813,82,90039,211,3453
120,17,104,5813,82,90039,211,3453
120,17,104,5813,82,90039,211,3453
120,17,104,5813,82,90039,211,3453
120,17,104,6912,82,89893,211,5708
120,17,104,6912,82,89893,211,5708
120,17,104,6912,82,89893,211,5708
120,17,104,6912,82,89893,211,5708
120,17,104,8032,82,89795,211,8013
120,17,104,8032,82,89795,211,8013
120,17,104,8032,82,89795,211,8013
120,17,104,8032,82,89795,211,8013
120,17,104,9128,82,89648,212,0264
120,18,104,9128,82,89648,212,0264
120,18,104,9128,82,89648,212,0264
120,18,104,9128,82,89648,212,0264
120,18,104,9128,82,89648,212,0264
120,18,105,0259,82,89502,212,2585
120,18,105,0259,82,89502,212,2585
120,18,105,0259,82,89502,212,2585
120,18,105,0259,82,89502,212,2585
120,18,105,0259,82,89502,212,2585
120,18,105,1362,82,89404,212,4851
120,18,105,1362,82,89404,212,4851
120,18,105,1362,82,89404,212,4851
120,18,105,1362,82,89404,212,4851
120,18,105,2676,82,89258,212,7549
120,18,105,2676,82,89258,212,7549
120,18,105,2676,82,89258,212,7549
120,18,105,2676,82,89258,212,7549
120,18,105,3794,82,89111,212,9845
120,18,105,3794,82,89111,212,9845
120,18,105,3794,82,89111,212,9845
120,18,105,3794,82,89111,212,9845
120,18,105,4868,82,88965,213,2052
120,18,105,4868,82,88965,213,2052
120,18,105,4868,82,88965,213,2052
120,18,105,4868,82,88965,213,2052
120,18,105,5005,82,88965,213,2332
120,18,105,5005,82,88965,213,2332
120,18,105,5005,82,88965,213,2332
120,18,105,5693,82,89844,213,4521
120,18,105,5693,82,89844,213,4521
120,18,105,5693,82,89844,213,4521
120,18,105,5693,82,89844,213,4521
120,18,105,6382,82,90771,213,6702
120,19,105,6382,82,90771,213,6702
120,19,105,6382,82,90771,213,6702
120,19,105,6382,82,90771,213,6702
120,19,105,7073,82,9165,213,89
120,19,105,7073,82,9165,213,89
120,19,105,7073,82,9165,213,89
120,19,105,7073,82,9165,213,89
120,19,105,7761,82,92529,214,1083
120,19,105,7761,82,92529,214,1083
120,19,105,7761,82,92529,214,1083
120,19,105,7761,82,92529,214,1083
120,19,105,8462,82,93457,214,3306
120,19,105,8462,82,93457,214,3306
120,19,105,8462,82,93457,214,3306
120,19,105,8462,82,93457,214,3306
120,19,105,9167,82,94385,214,5553
120,19,105,9167,82,94385,214,5553
120,19,105,9167,82,94385,214,5553
120,19,105,9167,82,94385,214,5553
120,19,105,9863,82,95264,214,7755
120,19,105,9863,82,95264,214,7755
120,19,105,9863,82,95264,214,7755
120,19,106,0547,82,96191,214,9929
120,19,106,0547,82,96191,214,9929
120,19,106,0547,82,96191,214,9929
120,19,106,0547,82,96191,214,9929
120,19,106,1233,82,9707,215,2107
120,19,106,1233,82,9707,215,2107
120,19,106,1233,82,9707,215,2107
120,19,106,1233,82,9707,215,2107
120,19,106,1943,82,97998,215,4365
120,19,106,1943,82,97998,215,4365
120,19,106,1943,82,97998,215,4365
120,19,106,1943,82,97998,215,4365
120,19,106,2327,82,98486,215,558
120,19,106,2327,82,98486,215,558
120,19,106,2327,82,98486,215,558
120,19,106,2327,82,98486,215,558
120,19,106,2764,82,99805,215,7798
120,19,106,2764,82,99805,215,7798
120,19,106,2764,82,99805,215,7798
120,19,106,2764,82,99805,215,7798
120,19,106,3223,83,01172,216,0123
120,19,106,3223,83,01172,216,0123
120,19,106,3223,83,01172,216,0123
120,19,106,365,83,02441,216,2291
120,19,106,365,83,02441,216,2291
120,19,106,365,83,02441,216,2291
120,19,106,365,83,02441,216,2291
120,19,106,4082,83,03711,216,4486
120,19,106,4082,83,03711,216,4486
120,19,106,4082,83,03711,216,4486
120,19,106,4082,83,03711,216,4486
120,19,106,4524,83,05029,216,6733
120,19,106,4524,83,05029,216,6733
120,19,106,4524,83,05029,216,6733
120,19,106,4524,83,05029,216,6733
120,19,106,4966,83,06348,216,8975
120,19,106,4966,83,06348,216,8975
120,19,106,4966,83,06348,216,8975
120,19,106,4966,83,06348,216,8975
120,19,106,541,83,07666,217,1227
120,19,106,541,83,07666,217,1227
120,19,106,541,83,07666,217,1227
120,19,106,541,83,07666,217,1227
120,19,106,5859,83,08984,217,351
120,19,106,5859,83,08984,217,351
120,19,106,5859,83,08984,217,351
120,19,106,6311,83,10352,217,5812
120,19,106,6311,83,10352,217,5812
120,19,106,6311,83,10352,217,5812
120,19,106,6311,83,10352,217,5812
120,19,106,6741,83,11621,217,7987
120,19,106,6741,83,11621,217,7987
120,19,106,6741,83,11621,217,7987
120,19,106,6741,83,11621,217,7987
120,19,106,6975,83,13086,218,0234
120,20,106,6975,83,13086,218,0234
120,20,106,6975,83,13086,218,0234
120,20,106,6975,83,13086,218,0234
120,20,106,7222,83,14648,218,2598
120,20,106,7222,83,14648,218,2598
120,20,106,7222,83,14648,218,2598
120,20,106,7222,83,14648,218,2598
120,20,106,7456,83,16162,218,4849
120,20,106,7456,83,16162,218,4849
120,20,106,7456,83,16162,218,4849
120,20,106,7456,83,16162,218,4849
120,20,106,7688,83,17627,218,7072
120,20,106,7688,83,17627,218,7072
120,20,106,7688,83,17627,218,7072
120,20,106,7925,83,19092,218,9343
120,20,106,7925,83,19092,218,9343
120,20,106,7925,83,19092,218,9343
120,20,106,7925,83,19092,218,9343
120,20,106,8152,83,20557,219,1516
120,20,106,8152,83,20557,219,1516
120,20,106,8152,83,20557,219,1516
120,20,106,8152,83,20557,219,1516
120,20,106,8381,83,21973,219,3702
120,20,106,8381,83,21973,219,3702
120,20,106,8381,83,21973,219,3702
120,20,106,8613,83,23438,219,5942
120,20,106,8613,83,23438,219,5942
120,20,106,8613,83,23438,219,5942
120,20,106,8613,83,23438,219,5942
120,20,106,8848,83,24951,219,8182
120,20,106,8848,83,24951,219,8182
120,20,106,8848,83,24951,219,8182
120,20,106,8848,83,24951,219,8182
120,20,106,9077,83,26367,220,0386
120,20,106,9077,83,26367,220,0386
120,20,106,9077,83,26367,220,0386
120,20,106,9077,83,26367,220,0386
120,20,106,9304,83,27832,220,2568
120,20,106,9304,83,27832,220,2568
120,20,106,9304,83,27832,220,2568
120,20,106,9431,83,28613,220,3774
120,20,106,9431,83,28613,220,3774
120,20,106,9431,83,28613,220,3774
120,20,106,9431,83,28613,220,3774
120,20,106,9719,83,30029,220,5945
120,20,106,9719,83,30029,220,5945
120,20,106,9719,83,30029,220,5945
120,20,106,9719,83,30029,220,5945
120,20,107,002,83,31445,220,8186
120,20,107,002,83,31445,220,8186
120,20,107,002,83,31445,220,8186
120,20,107,0308,83,32861,221,0366
120,20,107,0308,83,32861,221,0366
120,20,107,0308,83,32861,221,0366
120,20,107,0308,83,32861,221,0366
120,20,107,061,83,34326,221,2632
120,20,107,061,83,34326,221,2632
120,20,107,061,83,34326,221,2632
120,20,107,061,83,34326,221,2632
120,20,107,0898,83,35742,221,4792
120,20,107,0898,83,35742,221,4792
120,20,107,0898,83,35742,221,4792
120,20,107,0898,83,35742,221,4792
120,20,107,1187,83,37158,221,696
120,20,107,1187,83,37158,221,696
120,20,107,1187,83,37158,221,696
120,20,107,1487,83,38623,221,9221
120,20,107,1487,83,38623,221,9221
120,20,107,1487,83,38623,221,9221
120,20,107,1487,83,38623,221,9221
120,20,107,178,83,40039,222,1421
120,20,107,178,83,40039,222,1421
120,20,107,178,83,40039,222,1421
120,20,107,178,83,40039,222,1421
120,20,107,207,83,41455,222,3604
120,20,107,207,83,41455,222,3604
120,20,107,207,83,41455,222,3604
120,20,107,2368,83,42871,222,5845
120,20,107,2368,83,42871,222,5845
120,20,107,2368,83,42871,222,5845
120,20,107,2368,83,42871,222,5845
120,20,107,2661,83,44287,222,8044
120,20,107,2661,83,44287,222,8044
120,20,107,2661,83,44287,222,8044
120,20,107,2661,83,44287,222,8044
120,20,107,2949,83,45703,223,0206
120,20,107,2949,83,45703,223,0206
120,20,107,2949,83,45703,223,0206
120,20,107,3181,83,46826,223,1947
120,20,107,3181,83,46826,223,1947
120,20,107,3181,83,46826,223,1947
120,20,107,3181,83,46826,223,1947
120,20,107,3452,83,48047,223,403
120,20,107,3452,83,48047,223,403
120,20,107,3452,83,48047,223,403
120,20,107,3713,83,49268,223,6062
120,20,107,3713,83,49268,223,6062
120,20,107,3713,83,49268,223,6062
120,20,107,3713,83,49268,223,6062
120,20,107,3987,83,50537,223,8164
120,20,107,3987,83,50537,223,8164
120,20,107,3987,83,50537,223,8164
120,20,107,4263,83,51807,224,0292
120,20,107,4263,83,51807,224,0292
120,20,107,4263,83,51807,224,0292
120,20,107,4263,83,51807,224,0292
120,20,107,4531,83,53076,224,2375
120,20,107,4531,83,53076,224,2375
120,20,107,4531,83,53076,224,2375
120,20,107,48,83,54297,224,444
120,20,107,48,83,54297,224,444
120,20,107,48,83,54297,224,444
120,20,107,48,83,54297,224,444
120,20,107,5066,83,55518,224,6499
120,20,107,5066,83,55518,224,6499
120,20,107,5066,83,55518,224,6499
120,20,107,5332,83,56738,224,8547
120,20,107,5332,83,56738,224,8547
120,20,107,5332,83,56738,224,8547
120,20,107,5332,83,56738,224,8547
120,20,107,5603,83,58008,225,0635
120,20,107,5603,83,58008,225,0635
120,20,107,5603,83,58008,225,0635
120,20,107,5872,83,59229,225,2722
120,20,107,5872,83,59229,225,2722
120,20,107,5872,83,59229,225,2722
120,20,107,5872,83,59229,225,2722
120,20,107,6143,83,60498,225,4812
120,20,107,6143,83,60498,225,4812
120,20,107,6143,83,60498,225,4812
120,20,107,6418,83,61719,225,6926
120,21,107,6418,83,61719,225,6926
120,21,107,6418,83,61719,225,6926
120,21,107,6418,83,61719,225,6926
120,21,107,6455,83,61914,225,7216
120,21,107,6455,83,61914,225,7216
120,21,107,6455,83,61914,225,7216
120,21,107,6455,83,61914,225,7216
120,21,107,6663,83,62695,225,9351
120,21,107,6663,83,62695,225,9351
120,21,107,6663,83,62695,225,9351
120,21,107,688,83,63477,226,1594
120,21,107,688,83,63477,226,1594
120,21,107,688,83,63477,226,1594
120,21,107,688,83,63477,226,1594
120,21,107,7095,83,64307,226,3822
120,21,107,7095,83,64307,226,3822
120,21,107,7095,83,64307,226,3822
120,21,107,7095,83,64307,226,3822
120,21,107,7307,83,65088,226,6022
120,21,107,7307,83,65088,226,6022
120,21,107,7307,83,65088,226,6022
120,21,107,7307,83,65088,226,6022
120,21,107,7522,83,65869,226,824
120,21,107,7522,83,65869,226,824
120,21,107,7522,83,65869,226,824
120,21,107,7742,83,66699,227,0518
120,21,107,7742,83,66699,227,0518
120,21,107,7742,83,66699,227,0518
120,21,107,7742,83,66699,227,0518
120,21,107,7957,83,6748,227,2738
120,21,107,7957,83,6748,227,2738
120,21,107,7957,83,6748,227,2738
120,21,107,7957,83,6748,227,2738
120,21,107,8176,83,68311,227,5004
120,21,107,8176,83,68311,227,5004
120,21,107,8176,83,68311,227,5004
120,21,107,8381,83,69092,227,7133
120,21,107,8381,83,69092,227,7133
120,21,107,8381,83,69092,227,7133
120,21,107,8381,83,69092,227,7133
120,21,107,8594,83,69873,227,9333
120,21,107,8594,83,69873,227,9333
120,21,107,8594,83,69873,227,9333
120,21,107,8594,83,69873,227,9333
120,21,107,8806,83,70654,228,1519
120,21,107,8806,83,70654,228,1519
120,21,107,8806,83,70654,228,1519
120,21,107,9021,83,71436,228,3728
120,21,107,9021,83,71436,228,3728
120,21,107,9021,83,71436,228,3728
120,21,107,9021,83,71436,228,3728
120,21,107,9236,83,72266,228,5957
120,21,107,9236,83,72266,228,5957
120,21,107,9236,83,72266,228,5957
120,21,107,9236,83,72266,228,5957
120,21,107,9304,83,7251,228,6667
120,21,107,9304,83,7251,228,6667
120,21,107,9304,83,7251,228,6667
120,21,107,9441,83,72461,228,8866
120,21,107,9441,83,72461,228,8866
120,21,107,9441,83,72461,228,8866
120,21,107,9441,83,72461,228,8866
120,21,107,9578,83,72412,229,1074
120,21,107,9578,83,72412,229,1074
120,21,107,9578,83,72412,229,1074
120,21,107,9578,83,72412,229,1074
120,21,107,9717,83,72412,229,3334
120,21,107,9717,83,72412,229,3334
120,21,107,9717,83,72412,229,3334
120,21,107,9717,83,72412,229,3334
120,21,107,9854,83,72363,229,5575
120,21,107,9854,83,72363,229,5575
120,21,107,9854,83,72363,229,5575
120,21,107,9854,83,72363,229,5575
120,21,107,9998,83,72314,229,7889
120,21,107,9998,83,72314,229,7889
120,21,107,9998,83,72314,229,7889
120,21,108,0139,83,72266,230,0175
120,21,108,0139,83,72266,230,0175
120,21,108,0139,83,72266,230,0175
120,21,108,0139,83,72266,230,0175
120,21,108,0278,83,72217,230,2421
120,21,108,0278,83,72217,230,2421
120,21,108,0278,83,72217,230,2421
120,21,108,0278,83,72217,230,2421
120,21,108,0417,83,72168,230,4689
120,21,108,0417,83,72168,230,4689
120,21,108,0417,83,72168,230,4689
120,21,108,0417,83,72168,230,4689
120,21,108,0564,83,72168,230,7041
120,21,108,0564,83,72168,230,7041
120,21,108,0564,83,72168,230,7041
120,21,108,0564,83,72168,230,7041
120,21,108,0706,83,72119,230,9355
120,21,108,0706,83,72119,230,9355
120,21,108,0706,83,72119,230,9355
120,21,108,0706,83,72119,230,9355
120,21,108,0847,83,7207,231,1635
120,21,108,0847,83,7207,231,1635
120,21,108,0847,83,7207,231,1635
120,21,108,0847,83,7207,231,1635
120,21,108,0981,83,72021,231,382
120,21,108,0981,83,72021,231,382
120,21,108,0981,83,72021,231,382
120,21,108,1182,83,71582,231,614
120,21,108,1182,83,71582,231,614
120,21,108,1182,83,71582,231,614
120,21,108,1182,83,71582,231,614
120,21,108,1379,83,71143,231,8459
120,21,108,1379,83,71143,231,8459
120,21,108,1379,83,71143,231,8459
120,21,108,1379,83,71143,231,8459
120,21,108,1577,83,70703,232,0759
120,21,108,1577,83,70703,232,0759
120,21,108,1577,83,70703,232,0759
120,21,108,1577,83,70703,232,0759
120,21,108,1777,83,70313,232,3082
120,21,108,1777,83,70313,232,3082
120,21,108,1777,83,70313,232,3082
120,21,108,1777,83,70313,232,3082
120,21,108,1975,83,69873,232,5364
120,21,108,1975,83,69873,232,5364
120,21,108,1975,83,69873,232,5364
120,21,108,1975,83,69873,232,5364
120,21,108,2168,83,69434,232,7614
120,21,108,2168,83,69434,232,7614
120,21,108,2168,83,69434,232,7614
120,21,108,2366,83,68994,232,9911
120,21,108,2366,83,68994,232,9911
120,21,108,2366,83,68994,232,9911
120,21,108,2366,83,68994,232,9911
120,21,108,2559,83,68604,233,2166
120,21,108,2559,83,68604,233,2166
120,21,108,2559,83,68604,233,2166
120,21,108,2559,83,68604,233,2166
120,21,108,2751,83,68164,233,4413
120,21,108,2751,83,68164,233,4413
120,21,108,2751,83,68164,233,4413
120,21,108,2751,83,68164,233,4413
120,21,108,2944,83,67725,233,6661
120,21,108,2944,83,67725,233,6661
120,21,108,2944,83,67725,233,6661
120,21,108,2944,83,67725,233,6661
120,21,108,3113,83,67383,233,8613
120,21,108,3113,83,67383,233,8613
120,21,108,3113,83,67383,233,8613
120,21,108,3315,83,62549,234,0847
120,21,108,3315,83,62549,234,0847
120,21,108,3315,83,62549,234,0847
120,21,108,3315,83,62549,234,0847
120,21,108,3516,83,57813,234,3035
120,21,108,3516,83,57813,234,3035
120,21,108,3516,83,57813,234,3035
120,21,108,3516,83,57813,234,3035
120,21,108,3713,83,53076,234,5199
120,21,108,3713,83,53076,234,5199
120,21,108,3713,83,53076,234,5199
120,21,108,3713,83,53076,234,5199
120,21,108,3943,83,47656,234,7716
120,21,108,3943,83,47656,234,7716
120,21,108,3943,83,47656,234,7716
120,21,108,3943,83,47656,234,7716
120,21,108,4163,83,42383,235,0132
120,21,108,4163,83,42383,235,0132
120,21,108,4163,83,42383,235,0132
120,21,108,4163,83,42383,235,0132
120,21,108,4163,83,42383,235,0132
120,21,108,4375,83,37305,235,2472
120,21,108,4375,83,37305,235,2472
120,21,108,4375,83,37305,235,2472
120,21,108,4595,83,3208,235,4884
120,21,108,4595,83,3208,235,4884
120,21,108,4595,83,3208,235,4884
120,21,108,4595,83,3208,235,4884
120,21,108,4802,83,27148,235,7161
120,21,108,4802,83,27148,235,7161
120,21,108,4802,83,27148,235,7161
120,21,108,4802,83,27148,235,7161
120,21,108,5005,83,22314,235,9401
120,21,108,5005,83,22314,235,9401
120,21,108,5005,83,22314,235,9401
120,21,108,5005,83,22314,235,9401
120,21,108,521,83,17432,236,1647
120,21,108,521,83,17432,236,1647
120,21,108,521,83,17432,236,1647
120,21,108,521,83,17432,236,1647
120,21,108,54,83,12891,236,3734
120,21,108,54,83,12891,236,3734
120,21,108,54,83,12891,236,3734
120,21,108,54,83,12891,236,3734
120,21,108,5496,83,06738,236,5946
120,21,108,5496,83,06738,236,5946
120,21,108,5496,83,06738,236,5946
120,21,108,5588,83,00586,236,816
120,21,108,5588,83,00586,236,816
120,21,108,5588,83,00586,236,816
120,21,108,5588,83,00586,236,816
120,21,108,5681,82,9458,237,0328
120,21,108,5681,82,9458,237,0328
120,21,108,5681,82,9458,237,0328
120,21,108,5681,82,9458,237,0328
120,21,108,5774,82,88574,237,2495
120,21,108,5774,82,88574,237,2495
120,21,108,5774,82,88574,237,2495
120,21,108,5774,82,88574,237,2495
120,21,108,5869,82,82324,237,4752
120,21,108,5869,82,82324,237,4752
120,21,108,5869,82,82324,237,4752
120,21,108,5869,82,82324,237,4752
120,21,108,5962,82,76221,237,6935
120,21,108,5962,82,76221,237,6935
120,21,108,5962,82,76221,237,6935
120,21,108,5962,82,76221,237,6935
120,21,108,6057,82,70068,237,9164
120,21,108,6057,82,70068,237,9164
120,21,108,6057,82,70068,237,9164
120,21,108,6152,82,63818,238,1404
120,21,108,6152,82,63818,238,1404
120,21,108,6152,82,63818,238,1404
120,21,108,6152,82,63818,238,1404
120,21,108,6245,82,57715,238,3604
120,21,108,6245,82,57715,238,3604
120,21,108,6245,82,57715,238,3604
120,21,108,6245,82,57715,238,3604
120,21,108,6313,82,53271,238,5209
120,21,108,6313,82,53271,238,5209
120,21,108,6313,82,53271,238,5209
120,21,108,6313,82,53271,238,5209
120,21,108,6313,82,53271,238,5209
120,21,108,6313,82,53271,238,5209
120,21,108,6313,82,53271,238,5209
120,21,108,6313,82,53271,238,5209
120,21,108,6313,82,53271,238,5209
120,21,108,6313,82,53271,238,5209
120,21,108,6313,82,53271,238,5209
120,21,108,6313,82,53271,238,5209
120,21,108,6313,82,53271,238,5209
120,21,108,6313,82,53271,238,5209
120,21,108,6313,82,53271,238,5209
120,21,108,6313,82,53271,238,5209
120,21,108,6313,82,53271,238,5209
120,21,108,6313,82,53271,238,5209
120,21,108,6313,82,53271,238,5209
120,21,108,6313,82,53271,238,5209
120,21,108,6199,82,44531,238,755
120,21,108,6199,82,44531,238,755
120,21,108,6199,82,44531,238,755
120,21,108,6199,82,44531,238,755
120,21,108,6199,82,44531,238,755
120,21,108,6084,82,35742,238,9895
120,21,108,6084,82,35742,238,9895
120,21,108,6084,82,35742,238,9895
120,21,108,6084,82,35742,238,9895
120,21,108,5969,82,271,239,2212
120,21,108,5969,82,271,239,2212
120,21,108,5969,82,271,239,2212
120,21,108,5969,82,271,239,2212
120,21,108,5852,82,18262,239,4578
120,21,108,5852,82,18262,239,4578
120,21,108,5852,82,18262,239,4578
120,21,108,5852,82,18262,239,4578
120,21,108,574,82,09766,239,6851
120,21,108,574,82,09766,239,6851
120,21,108,574,82,09766,239,6851
120,21,108,574,82,09766,239,6851
120,21,108,563,82,01318,239,9098
120,21,108,563,82,01318,239,9098
120,21,108,563,82,01318,239,9098
120,21,108,563,82,01318,239,9098
120,21,108,5518,81,92676,240,1414
120,21,108,5518,81,92676,240,1414
120,21,108,5518,81,92676,240,1414
120,21,108,5518,81,92676,240,1414
120,21,108,543,81,86084,240,3177
120,21,108,543,81,86084,240,3177
120,21,108,543,81,86084,240,3177
120,21,108,543,81,86084,240,3177
120,21,108,543,81,86084,240,3177
120,21,108,543,81,86084,240,3177
120,21,108,543,81,86084,240,3177
120,21,108,543,81,86084,240,3177
120,21,108,543,81,86084,240,3177
120,21,108,543,81,86084,240,3177
120,21,108,543,81,86084,240,3177
120,21,108,543,81,86084,240,3177
120,21,108,543,81,86084,240,3177
120,21,108,543,81,86084,240,3177
120,21,108,543,81,86084,240,3177
120,21,108,543,81,86084,240,3177
120,21,108,543,81,86084,240,3177
120,21,108,543,81,86084,240,3177
120,21,108,543,81,86084,240,3177
120,21,108,543,81,86084,240,3177
120,21,108,543,81,86084,240,3177
120,21,108,543,81,86084,240,3177
120,21,108,543,81,86084,240,3177
120,21,108,543,81,86084,240,3177
120,21,108,543,81,86084,240,3177
120,21,108,543,81,86084,240,3177
120,21,108,543,81,86084,240,3177
120,21,108,543,81,86084,240,3177
120,21,108,543,81,86084,240,3177
120,21,108,543,81,86084,240,3177
120,21,108,543,81,86084,240,3177
120,21,108,543,81,86084,240,3177
120,21,108,543,81,86084,240,3177
120,21,108,543,81,86084,240,3177
120,21,108,543,81,86084,240,3177
120,21,108,543,81,86084,240,3177
120,21,108,543,81,86084,240,3177
120,21,108,543,81,86084,240,3177
120,21,108,543,81,86084,240,3177
120,21,108,543,81,86084,240,3177
120,21,108,543,81,86084,240,3177
120,21,108,531,81,7627,240,5371
120,21,108,531,81,7627,240,5371
120,21,108,531,81,7627,240,5371
120,21,108,531,81,7627,240,5371
120,21,108,519,81,66455,240,7561
120,21,108,519,81,66455,240,7561
120,21,108,519,81,66455,240,7561
120,21,108,519,81,66455,240,7561
120,21,108,5068,81,56396,240,9808
120,21,108,5068,81,56396,240,9808
120,21,108,5068,81,56396,240,9808
120,21,108,5068,81,56396,240,9808
120,21,108,4946,81,46387,241,204
120,21,108,4946,81,46387,241,204
120,21,108,4946,81,46387,241,204
120,21,108,4946,81,46387,241,204
120,21,108,4824,81,36377,241,4276
120,21,108,4824,81,36377,241,4276
120,21,108,4824,81,36377,241,4276
120,21,108,4824,81,36377,241,4276
120,21,108,4707,81,26611,241,6458
120,21,108,4707,81,26611,241,6458
120,21,108,4707,81,26611,241,6458
120,21,108,4707,81,26611,241,6458
120,21,108,4585,81,16602,241,8685
120,21,108,4585,81,16602,241,8685
120,21,108,4585,81,16602,241,8685
120,21,108,4585,81,16602,241,8685
120,21,108,4465,81,06885,242,0862
120,21,108,4465,81,06885,242,0862
120,21,108,4465,81,06885,242,0862
120,21,108,4465,81,06885,242,0862
120,21,108,4397,81,01172,242,2135
120,21,108,4397,81,01172,242,2135
120,21,108,4397,81,01172,242,2135
120,21,108,4397,81,01172,242,2135
120,21,108,4397,81,01172,242,2135
120,21,108,4397,81,01172,242,2135
120,21,108,4397,81,01172,242,2135
120,21,108,4397,81,01172,242,2135
120,21,108,4397,81,01172,242,2135
120,21,108,4397,81,01172,242,2135
120,21,108,4397,81,01172,242,2135
120,21,108,4397,81,01172,242,2135
120,21,108,4397,81,01172,242,2135
120,21,108,4397,81,01172,242,2135
120,21,108,4397,81,01172,242,2135
120,21,108,4397,81,01172,242,2135
120,21,108,4255,80,9043,242,4258
120,21,108,4255,80,9043,242,4258
120,21,108,4255,80,9043,242,4258
120,21,108,4255,80,9043,242,4258
120,21,108,4114,80,79688,242,6373
120,21,108,4114,80,79688,242,6373
120,21,108,4114,80,79688,242,6373
120,21,108,4114,80,79688,242,6373
120,21,108,3965,80,68262,242,863
120,21,108,3965,80,68262,242,863
120,21,108,3965,80,68262,242,863
120,21,108,3965,80,68262,242,863
120,21,108,3821,80,57324,243,0786
120,21,108,3821,80,57324,243,0786
120,21,108,3821,80,57324,243,0786
120,21,108,3821,80,57324,243,0786
120,21,108,3682,80,46729,243,2876
120,21,108,3682,80,46729,243,2876
120,21,108,3682,80,46729,243,2876
120,21,108,3682,80,46729,243,2876
120,21,108,3542,80,36279,243,4938
120,21,108,3542,80,36279,243,4938
120,21,108,3542,80,36279,243,4938
120,21,108,3542,80,36279,243,4938
120,21,108,3401,80,25439,243,708
120,21,108,3401,80,25439,243,708
120,21,108,3401,80,25439,243,708
120,21,108,3401,80,25439,243,708
120,21,108,3262,80,14844,243,9165
120,21,108,3262,80,14844,243,9165
120,21,108,3262,80,14844,243,9165
120,21,108,3262,80,14844,243,9165
120,21,108,3123,80,04297,244,125
120,21,108,3123,80,04297,244,125
120,21,108,3123,80,04297,244,125
120,21,108,3123,80,04297,244,125
120,21,108,2983,79,93701,244,3345
120,21,108,2983,79,93701,244,3345
120,21,108,2983,79,93701,244,3345
120,21,108,2983,79,93701,244,3345
120,21,108,2844,79,83203,244,5414
120,21,108,2844,79,83203,244,5414
120,21,108,2844,79,83203,244,5414
120,21,108,2708,79,72803,244,7466
120,21,108,2708,79,72803,244,7466
120,21,108,2708,79,72803,244,7466
120,21,108,2708,79,72803,244,7466
120,21,108,2708,79,72803,244,7466
120,21,108,2708,79,72803,244,7466
120,21,108,2708,79,72803,244,7466
120,21,108,2708,79,72803,244,7466
120,21,108,2708,79,72803,244,7466
120,21,108,2708,79,72803,244,7466
120,21,108,2708,79,72803,244,7466
120,21,108,2708,79,72803,244,7466
120,21,108,2708,79,72803,244,7466
120,21,108,2708,79,72803,244,7466
120,21,108,2708,79,72803,244,7466
120,21,108,2708,79,72803,244,7466
120,21,108,2708,79,72803,244,7466
120,21,108,2708,79,72803,244,7466
120,21,108,2708,79,72803,244,7466
120,21,108,2708,79,72803,244,7466
120,21,108,2708,79,72803,244,7466
120,21,108,2708,79,72803,244,7466
120,21,108,2708,79,72803,244,7466
120,21,108,2708,79,72803,244,7466
120,21,108,2708,79,72803,244,7466
120,21,108,2708,79,72803,244,7466
120,21,108,2708,79,72803,244,7466
120,21,108,2937,79,62061,244,948
120,21,108,2937,79,62061,244,948
120,21,108,2937,79,62061,244,948
120,21,108,2937,79,62061,244,948
120,21,108,3164,79,51367,245,149
120,21,108,3164,79,51367,245,149
120,21,108,3164,79,51367,245,149
120,21,108,3164,79,51367,245,149
120,21,108,3403,79,40137,245,3591
120,21,108,3403,79,40137,245,3591
120,21,108,3403,79,40137,245,3591
120,21,108,3403,79,40137,245,3591
120,21,108,3633,79,29346,245,562
120,21,108,3633,79,29346,245,562
120,21,108,3633,79,29346,245,562
120,21,108,3633,79,29346,245,562
120,21,108,387,79,18311,245,769
120,21,108,387,79,18311,245,769
120,21,108,387,79,18311,245,769
120,21,108,387,79,18311,245,769
120,21,108,4097,79,07568,245,9707
120,21,108,4097,79,07568,245,9707
120,21,108,4097,79,07568,245,9707
120,21,108,4097,79,07568,245,9707
120,21,108,4351,78,95654,246,194
120,21,108,4351,78,95654,246,194
120,21,108,4351,78,95654,246,194
120,21,108,4351,78,95654,246,194
120,21,108,4587,78,8457,246,4023
120,21,108,4587,78,8457,246,4023
120,21,108,4587,78,8457,246,4023
120,21,108,4587,78,8457,246,4023
120,21,108,4827,78,73438,246,6116
120,21,108,4827,78,73438,246,6116
120,21,108,4827,78,73438,246,6116
120,21,108,4827,78,73438,246,6116
120,21,108,4827,78,73438,246,6116
120,21,108,5056,78,62598,246,8146
120,21,108,5056,78,62598,246,8146
120,21,108,5056,78,62598,246,8146
120,21,108,5056,78,62598,246,8146
120,21,108,5461,78,50391,247,0856
120,21,108,5461,78,50391,247,0856
120,21,108,5461,78,50391,247,0856
120,21,108,5461,78,50391,247,0856
120,21,108,5786,78,40576,247,3027
120,21,108,5786,78,40576,247,3027
120,21,108,5786,78,40576,247,3027
120,21,108,5786,78,40576,247,3027
120,21,108,6106,78,30859,247,5178
120,21,108,6106,78,30859,247,5178
120,21,108,6106,78,30859,247,5178
120,21,108,6106,78,30859,247,5178
120,21,108,6426,78,2124,247,7314
120,21,108,6426,78,2124,247,7314
120,21,108,6426,78,2124,247,7314
120,21,108,6426,78,2124,247,7314
120,21,108,6743,78,1167,247,9434
120,21,108,6743,78,1167,247,9434
120,21,108,6743,78,1167,247,9434
120,21,108,6743,78,1167,247,9434
120,21,108,7053,78,02295,248,1511
120,21,108,7053,78,02295,248,1511
120,21,108,7053,78,02295,248,1511
1