Time,RSteps,X,Y,Z
120,0,373,4866,77,4541,349,5996
120,0,373,4866,77,4541,349,5996
120,0,373,4866,77,4541,349,5996
120,0,373,4866,77,4541,349,5996
120,0,373,4866,77,4541,349,5996
120,0,373,4866,77,4541,349,5996
120,0,373,4866,77,4541,349,5996
120,0,373,4866,77,4541,349,5996
120,0,373,4866,77,4541,349,5996
120,0,373,4866,77,4541,349,5996
120,0,373,4866,77,4541,349,5996
120,0,373,4866,77,4541,349,5996
120,0,373,4866,77,4541,349,5996
120,0,373,4866,77,4541,349,5996
120,0,373,4866,77,4541,349,5996
120,0,373,4866,77,4541,349,5996
120,0,373,4866,77,4541,349,5996
120,0,373,4866,77,4541,349,5996
120,0,373,4866,77,4541,349,5996
120,0,373,4866,77,4541,349,5996
120,0,373,4866,77,4541,349,5996
120,0,373,4866,77,4541,349,5996
120,0,373,4866,77,4541,349,5996
120,0,373,4866,77,4541,349,5996
120,0,373,4866,77,4541,349,5996
120,0,373,4866,77,4541,349,5996
120,0,373,4866,77,4541,349,5996
120,0,373,4866,77,4541,349,5996
120,0,373,4866,77,4541,349,5996
120,0,373,4866,77,4541,349,5996
120,0,373,4866,77,4541,349,5996
120,0,373,4866,77,4541,349,5996
120,0,373,4866,77,4541,349,5996
120,0,373,4866,77,4541,349,5996
120,0,373,4866,77,4541,349,5996
120,0,373,4866,77,4541,349,5996
120,0,373,4866,77,4541,349,5996
120,0,373,4866,77,4541,349,5996
120,0,373,4866,77,4541,349,5996
120,0,373,4866,77,4541,349,5996
120,0,373,4866,77,4541,349,5996
120,0,373,4866,77,4541,349,5996
120,0,373,4866,77,4541,349,5996
120,0,373,4866,77,4541,349,5996
120,0,373,4866,77,4541,349,5996
120,0,373,4866,77,4541,349,5996
120,0,373,4866,77,4541,349,5996
120,0,373,4866,77,4541,349,5996
120,0,373,4866,77,4541,349,5996
120,0,373,4866,77,4541,349,5996
120,0,373,4866,77,4541,349,5996
120,0,373,4866,77,4541,349,5996
120,0,373,4866,77,4541,349,5996
120,0,373,4866,77,4541,349,5996
120,0,373,4866,77,4541,349,5996
120,0,373,4866,77,4541,349,5996
120,0,373,4866,77,4541,349,5996
120,0,373,4866,77,4541,349,5996
120,0,373,4866,77,4541,349,5996
120,0,373,4866,77,4541,349,5996
120,0,373,4866,77,4541,349,5996
120,0,373,4866,77,4541,349,5996
120,0,373,4866,77,4541,349,5996
120,0,373,4866,77,4541,349,5996
120,0,373,4866,77,4541,349,5996
120,0,373,4866,77,4541,349,5996
120,0,373,4866,77,4541,349,5996
120,0,373,4866,77,4541,349,5996
120,0,373,4866,77,4541,349,5996
120,0,373,4866,77,4541,349,5996
120,0,373,4866,77,4541,349,5996
120,0,373,4866,77,4541,349,5996
120,0,373,4866,77,4541,349,5996
120,0,373,4866,77,4541,349,5996
120,0,373,4866,77,4541,349,5996
120,0,373,4866,77,4541,349,5996
120,0,373,4866,77,4541,349,5996
120,0,373,4866,77,4541,349,5996
120,0,373,4866,77,4541,349,5996
120,0,373,4866,77,4541,349,5996
120,0,373,4866,77,4541,349,5996
120,0,373,4866,77,4541,349,5996
120,0,373,4866,77,4541,349,5996
120,0,373,4866,77,4541,349,5996
120,0,373,4866,77,4541,349,5996
120,0,373,4866,77,4541,349,5996
120,0,373,4866,77,4541,349,5996
120,0,373,4866,77,4541,349,5996
120,0,373,4866,77,4541,349,5996
120,0,373,4866,77,4541,349,5996
120,0,373,4866,77,4541,349,5996
120,0,373,4866,77,4541,349,5996
120,0,373,4866,77,4541,349,5996
120,0,373,4866,77,4541,349,5996
120,0,373,4866,77,4541,349,5996
120,0,373,4866,77,4541,349,5996
120,0,373,4866,77,4541,349,5996
120,0,373,4866,77,4541,349,5996
120,0,373,4866,77,4541,349,5996
120,0,373,4866,77,4541,349,5996
120,0,373,4866,77,4541,349,5996
120,0,373,4866,77,4541,349,5996
120,0,373,4866,77,4541,349,5996
120,0,373,4866,77,4541,349,5996
120,0,373,4866,77,4541,349,5996
120,0,373,4866,77,4541,349,5996
120,0,373,4866,77,4541,349,5996
120,0,373,4866,77,4541,349,5996
120,0,373,4866,77,4541,349,5996
120,0,373,4866,77,4541,349,5996
120,1,373,4866,77,4541,349,5996
120,1,373,4866,77,4541,349,5996
120,1,373,4407,77,44092,349,6987
120,1,373,4407,77,44092,349,6987
120,1,373,4407,77,44092,349,6987
120,1,373,394,77,42773,349,7992
120,1,373,3086,77,40332,349,9838
120,1,373,3086,77,40332,349,9838
120,1,373,2461,77,38574,350,1185
120,1,373,2461,77,38574,350,1185
120,1,373,2461,77,38574,350,1185
120,1,373,1851,77,36816,350,2502
120,1,373,1851,77,36816,350,2502
120,1,373,0991,77,34375,350,4355
120,1,373,0991,77,34375,350,4355
120,1,373,0303,77,32422,350,5841
120,1,373,0303,77,32422,350,5841
120,1,372,9668,77,30615,350,7211
120,1,372,9048,77,28857,350,8549
120,1,372,9048,77,28857,350,8549
120,1,372,845,77,27148,350,9842
120,1,372,845,77,27148,350,9842
120,1,372,7854,77,25439,351,1129
120,1,372,7854,77,25439,351,1129
120,1,372,7112,77,2334,351,2733
120,1,372,7112,77,2334,351,2733
120,1,372,6511,77,21631,351,4032
120,1,372,5913,77,19922,351,5322
120,1,372,5913,77,19922,351,5322
120,1,372,5435,77,18555,351,6354
120,1,372,4985,77,17285,351,7325
120,1,372,4985,77,17285,351,7325
120,1,372,4507,77,15918,351,8358
120,1,372,4055,77,14648,351,9334
120,1,372,3589,77,1333,352,0341
120,1,372,3589,77,1333,352,0341
120,1,372,3125,77,12012,352,1343
120,1,372,2678,77,10742,352,231
120,1,372,2678,77,10742,352,231
120,1,372,217,77,09277,352,3405
120,1,372,1685,77,0791,352,4454
120,1,372,1685,77,0791,352,4454
120,1,372,1189,77,06494,352,5522
120,1,372,0737,77,05225,352,6499
120,1,372,0244,77,03809,352,7563
120,1,372,0244,77,03809,352,7563
120,1,371,9783,77,0249,352,8558
120,1,371,9314,77,01172,352,9568
120,1,371,9314,77,01172,352,9568
120,1,371,8826,76,99756,353,0624
120,1,371,835,76,98389,353,1653
120,1,371,835,76,98389,353,1653
120,1,371,7825,76,96875,353,2787
120,1,371,7371,76,95605,353,3765
120,1,371,6917,76,94336,353,4744
120,1,371,6917,76,94336,353,4744
120,1,371,6438,76,92969,353,5775
120,1,371,5969,76,9165,353,6788
120,1,371,5969,76,9165,353,6788
120,1,371,5481,76,90283,353,7839
120,1,371,5012,76,88965,353,8851
120,1,371,4539,76,87598,353,9871
120,1,371,4539,76,87598,353,9871
120,1,371,408,76,86279,354,0862
120,1,371,3608,76,84912,354,188
120,1,371,3608,76,84912,354,188
120,1,371,3123,76,83545,354,2927
120,1,371,2629,76,82129,354,3993
120,1,371,2629,76,82129,354,3993
120,1,371,2153,76,80762,354,5018
120,1,371,1665,76,79346,354,6073
120,1,371,1199,76,78027,354,708
120,1,371,1199,76,78027,354,708
120,1,371,074,76,76709,354,8069
120,1,371,0264,76,75342,354,9097
120,1,371,0264,76,75342,354,9097
120,1,370,9783,76,73975,355,0133
120,1,370,9312,76,72607,355,1151
120,1,370,9312,76,72607,355,1151
120,1,370,9312,76,72607,355,1151
120,1,370,8831,76,7124,355,2186
120,1,370,8831,76,7124,355,2186
120,1,370,804,76,68994,355,3893
120,1,370,804,76,68994,355,3893
120,1,370,7356,76,67041,355,5366
120,1,370,7356,76,67041,355,5366
120,1,370,6692,76,65137,355,6799
120,1,370,6692,76,65137,355,6799
120,1,370,6001,76,63184,355,8289
120,1,370,6001,76,63184,355,8289
120,1,370,5313,76,6123,355,9772
120,1,370,5313,76,6123,355,9772
120,1,370,4646,76,59326,356,1212
120,1,370,4646,76,59326,356,1212
120,1,370,3916,76,57227,356,2789
120,1,370,3916,76,57227,356,2789
120,1,370,322,76,55225,356,429
120,1,370,322,76,55225,356,429
120,1,370,2527,76,53223,356,5787
120,1,370,2527,76,53223,356,5787
120,1,370,1848,76,5127,356,7255
120,1,370,1848,76,5127,356,7255
120,1,370,1128,76,49219,356,8809
120,1,370,1128,76,49219,356,8809
120,1,370,1128,76,49219,356,8809
120,1,370,1128,76,49219,356,8809
120,1,370,1128,76,49219,356,8809
120,1,370,1128,76,49219,356,8809
120,1,370,1128,76,49219,356,8809
120,1,370,1128,76,49219,356,8809
120,2,370,1128,76,49219,356,8809
120,2,370,1128,76,49219,356,8809
120,2,370,0588,76,47705,356,9973
120,2,370,0588,76,47705,356,9973
120,2,370,0061,76,46191,357,1108
120,2,370,0061,76,46191,357,1108
120,2,369,9348,76,44141,357,2648
120,2,369,9348,76,44141,357,2648
120,2,369,8679,76,42236,357,4093
120,2,369,8679,76,42236,357,4093
120,2,369,8679,76,42236,357,4093
120,2,369,8015,76,40332,357,5528
120,2,369,8015,76,40332,357,5528
120,2,369,7227,76,38086,357,7228
120,2,369,7227,76,38086,357,7228
120,2,369,6509,76,36035,357,8777
120,2,369,6509,76,36035,357,8777
120,2,369,5828,76,34082,358,0247
120,2,369,5828,76,34082,358,0247
120,2,369,5139,76,32129,358,1732
120,2,369,5139,76,32129,358,1732
120,2,369,4478,76,30225,358,316
120,2,369,4478,76,30225,358,316
120,2,369,3792,76,28271,358,4641
120,2,369,3792,76,28271,358,4641
120,2,369,3103,76,26318,358,6128
120,2,369,3103,76,26318,358,6128
120,2,369,2407,76,24316,358,7627
120,2,369,2407,76,24316,358,7627
120,2,369,1746,76,22412,358,9054
120,2,369,1746,76,22412,358,9054
120,2,369,1086,76,20508,359,0479
120,2,369,1086,76,20508,359,0479
120,2,369,0408,76,18555,359,1945
120,2,369,0408,76,18555,359,1945
120,2,368,9758,76,16699,359,3348
120,2,368,9758,76,16699,359,3348
120,2,368,908,76,14746,359,4812
120,2,368,908,76,14746,359,4812
120,2,368,843,76,12891,359,6213
120,2,368,843,76,12891,359,6213
120,2,368,772,76,1084,359,7749
120,2,368,772,76,1084,359,7749
120,2,368,772,76,1084,359,7749
120,2,368,6934,76,08594,359,9445
120,2,368,6934,76,08594,359,9445
120,2,368,6221,76,06543,360,0984
120,2,368,6221,76,06543,360,0984
120,2,368,5525,76,04541,360,2484
120,2,368,5525,76,04541,360,2484
120,2,368,4873,76,02686,360,3892
120,2,368,4221,76,0083,360,5297
120,2,368,4221,76,0083,360,5297
120,2,368,4221,76,0083,360,5297
120,2,368,4221,76,0083,360,5297
120,2,368,4221,76,0083,360,5297
120,2,368,4221,76,0083,360,5297
120,2,368,4221,76,0083,360,5297
120,2,368,4221,76,0083,360,5297
120,2,368,4221,76,0083,360,5297
120,2,368,4221,76,0083,360,5297
120,2,368,4221,76,0083,360,5297
120,2,368,4221,76,0083,360,5297
120,2,368,4221,76,0083,360,5297
120,2,368,3735,75,99463,360,6344
120,2,368,3735,75,99463,360,6344
120,2,368,3232,75,98047,360,7429
120,2,368,3232,75,98047,360,7429
120,2,368,2585,75,96191,360,8823
120,2,368,2585,75,96191,360,8823
120,2,368,1934,75,94336,361,0229
120,2,368,1934,75,94336,361,0229
120,2,368,1284,75,9248,361,1629
120,2,368,1284,75,9248,361,1629
120,2,368,0618,75,90576,361,3066
120,2,368,0618,75,90576,361,3066
120,2,367,9963,75,88721,361,4479
120,2,367,9963,75,88721,361,4479
120,2,367,9312,75,86865,361,5887
120,2,367,9312,75,86865,361,5887
120,2,367,8669,75,85059,361,7275
120,2,367,8669,75,85059,361,7275
120,2,367,7842,75,82715,361,9062
120,2,367,7842,75,82715,361,9062
120,2,367,7178,75,80811,362,0494
120,2,367,7178,75,80811,362,0494
120,2,367,6536,75,79004,362,1879
120,2,367,6536,75,79004,362,1879
120,2,367,5894,75,77197,362,3262
120,2,367,5894,75,77197,362,3262
120,2,367,5239,75,75342,362,4673
120,2,367,5239,75,75342,362,4673
120,2,367,4543,75,7334,362,6173
120,2,367,4543,75,7334,362,6173
120,2,367,3894,75,71484,362,7574
120,2,367,3894,75,71484,362,7574
120,2,367,3254,75,69678,362,8953
120,2,367,3254,75,69678,362,8953
120,2,367,2605,75,67822,363,0356
120,2,367,2605,75,67822,363,0356
120,2,367,198,75,66016,363,1707
120,2,367,198,75,66016,363,1707
120,2,367,1372,75,64258,363,3021
120,2,367,0728,75,62402,363,4412
120,2,367,0728,75,62402,363,4412
120,2,367,0095,75,60596,363,5779
120,2,367,0095,75,60596,363,5779
120,2,366,9514,75,58936,363,7035
120,2,366,9514,75,58936,363,7035
120,2,366,8918,75,57227,363,8319
120,2,366,8918,75,57227,363,8319
120,2,366,8276,75,5542,363,9705
120,2,366,8276,75,5542,363,9705
120,2,366,7637,75,53613,364,1085
120,2,366,7637,75,53613,364,1085
120,2,366,7637,75,53613,364,1085
120,2,366,7637,75,53613,364,1085
120,2,366,7637,75,53613,364,1085
120,2,366,7637,75,53613,364,1085
120,2,366,7637,75,53613,364,1085
120,2,366,7637,75,53613,364,1085
120,2,366,7637,75,53613,364,1085
120,2,366,7637,75,53613,364,1085
120,2,366,7637,75,53613,364,1085
120,2,366,7637,75,53613,364,1085
120,2,366,7637,75,53613,364,1085
120,2,366,7637,75,53613,364,1085
120,2,366,7637,75,53613,364,1085
120,3,366,7637,75,53613,364,1085
120,3,366,7637,75,53613,364,1085
120,3,366,7151,75,52246,364,2131
120,3,366,7151,75,52246,364,2131
120,3,366,668,75,50879,364,3148
120,3,366,668,75,50879,364,3148
120,3,366,6052,75,49072,364,4502
120,3,366,6052,75,49072,364,4502
120,3,366,5403,75,47217,364,5901
120,3,366,5403,75,47217,364,5901
120,3,366,4805,75,45508,364,719
120,3,366,4177,75,43701,364,8544
120,3,366,4177,75,43701,364,8544
120,3,366,3557,75,41943,364,9883
120,3,366,3557,75,41943,364,9883
120,3,366,2981,75,40283,365,1128
120,3,366,2981,75,40283,365,1128
120,3,366,2358,75,38525,365,2471
120,3,366,2358,75,38525,365,2471
120,3,366,1753,75,36816,365,3777
120,3,366,1753,75,36816,365,3777
120,3,366,1145,75,35107,365,5087
120,3,366,0535,75,3335,365,6405
120,3,366,0535,75,3335,365,6405
120,3,365,9951,75,31689,365,7662
120,3,365,9951,75,31689,365,7662
120,3,365,9368,75,30029,365,8922
120,3,365,9368,75,30029,365,8922
120,3,365,876,75,2832,366,0233
120,3,365,8159,75,26611,366,153
120,3,365,8159,75,26611,366,153
120,3,365,7542,75,24854,366,2864
120,3,365,7542,75,24854,366,2864
120,3,365,6951,75,23193,366,4137
120,3,365,6951,75,23193,366,4137
120,3,365,6348,75,21484,366,5439
120,3,365,6348,75,21484,366,5439
120,3,365,575,75,19775,366,673
120,3,365,5144,75,18066,366,8033
120,3,365,5144,75,18066,366,8033
120,3,365,4543,75,16357,366,9331
120,3,365,4543,75,16357,366,9331
120,3,365,3936,75,14648,367,0643
120,3,365,3936,75,14648,367,0643
120,3,365,3347,75,12988,367,1911
120,3,365,3347,75,12988,367,1911
120,3,365,2756,75,11328,367,3186
120,3,365,2148,75,09619,367,4497
120,3,365,2148,75,09619,367,4497
120,3,365,1553,75,0791,367,5783
120,3,365,1553,75,0791,367,5783
120,3,365,0955,75,06201,367,7074
120,3,365,0955,75,06201,367,7074
120,3,365,0955,75,06201,367,7074
120,3,365,0955,75,06201,367,7074
120,3,365,0955,75,06201,367,7074
120,3,365,0955,75,06201,367,7074
120,3,365,0955,75,06201,367,7074
120,3,365,0955,75,06201,367,7074
120,3,365,0955,75,06201,367,7074
120,3,365,0955,75,06201,367,7074
120,3,365,0955,75,06201,367,7074
120,3,365,0955,75,06201,367,7074
120,3,365,0955,75,06201,367,7074
120,3,365,0955,75,06201,367,7074
120,3,365,0955,75,06201,367,7074
120,3,365,0955,75,06201,367,7074
120,3,365,0486,75,04883,367,8083
120,3,365,0486,75,04883,367,8083
120,3,365,0051,75,03662,367,9021
120,3,365,0051,75,03662,367,9021
120,3,364,9441,75,01904,368,0336
120,3,364,9441,75,01904,368,0336
120,3,364,8845,75,00195,368,1624
120,3,364,8845,75,00195,368,1624
120,3,364,823,74,98438,368,2952
120,3,364,823,74,98438,368,2952
120,3,364,7512,74,96387,368,45
120,3,364,7512,74,96387,368,45
120,3,364,6829,74,94434,368,5977
120,3,364,6243,74,92773,368,7239
120,3,364,6243,74,92773,368,7239
120,3,364,5771,74,91455,368,8256
120,3,364,5305,74,90137,368,9259
120,3,364,4834,74,8877,369,0276
120,3,364,4834,74,8877,369,0276
120,3,364,4363,74,87402,369,1295
120,3,364,4363,74,87402,369,1295
120,3,364,3892,74,86084,369,2311
120,3,364,3892,74,86084,369,2311
120,3,364,3176,74,84033,369,3853
120,3,364,3176,74,84033,369,3853
120,3,364,2485,74,8208,369,5344
120,3,364,2485,74,8208,369,5344
120,3,364,1787,74,80078,369,6853
120,3,364,1787,74,80078,369,6853
120,3,364,1787,74,80078,369,6853
120,3,364,1111,74,78174,369,8311
120,3,364,1111,74,78174,369,8311
120,3,364,0305,74,75879,370,005
120,3,364,0305,74,75879,370,005
120,3,363,9583,74,73828,370,1611
120,3,363,9583,74,73828,370,1611
120,3,363,8904,74,71875,370,3074
120,3,363,8904,74,71875,370,3074
120,3,363,8215,74,69922,370,4557
120,3,363,8215,74,69922,370,4557
120,3,363,7534,74,67969,370,6027
120,3,363,7534,74,67969,370,6027
120,3,363,6851,74,66016,370,7504
120,3,363,6851,74,66016,370,7504
120,3,363,6138,74,63965,370,9044
120,3,363,6138,74,63965,370,9044
120,3,363,543,74,61963,371,0571
120,3,363,543,74,61963,371,0571
120,3,363,4709,74,59912,371,2128
120,3,363,4709,74,59912,371,2128
120,3,363,3997,74,57861,371,3665
120,3,363,3997,74,57861,371,3665
120,3,363,3997,74,57861,371,3665
120,3,363,3997,74,57861,371,3665
120,3,363,3997,74,57861,371,3665
120,3,363,3997,74,57861,371,3665
120,3,363,3997,74,57861,371,3665
120,3,363,3997,74,57861,371,3665
120,3,363,3997,74,57861,371,3665
120,3,363,3997,74,57861,371,3665
120,3,363,3997,74,57861,371,3665
120,3,363,3997,74,57861,371,3665
120,3,363,3997,74,57861,371,3665
120,3,363,3997,74,57861,371,3665
120,3,363,3997,74,57861,371,3665
120,3,363,3997,74,57861,371,3665
120,3,363,3997,74,57861,371,3665
120,3,363,3997,74,57861,371,3665
120,3,363,3997,74,57861,371,3665
120,3,363,3997,74,57861,371,3665
120,3,363,3997,74,57861,371,3665
120,3,363,3997,74,57861,371,3665
120,3,363,3997,74,57861,371,3665
120,3,363,3997,74,57861,371,3665
120,3,363,3997,74,57861,371,3665
120,3,363,3997,74,57861,371,3665
120,3,363,3997,74,57861,371,3665
120,3,363,3997,74,57861,371,3665
120,3,363,3997,74,57861,371,3665
120,3,363,3997,74,57861,371,3665
120,3,363,3997,74,57861,371,3665
120,3,363,3997,74,57861,371,3665
120,3,363,3997,74,57861,371,3665
120,3,363,3997,74,57861,371,3665
120,3,363,3997,74,57861,371,3665
120,3,363,3997,74,57861,371,3665
120,3,363,3997,74,57861,371,3665
120,3,363,3997,74,57861,371,3665
120,3,363,3997,74,57861,371,3665
120,3,363,3997,74,57861,371,3665
120,3,363,3997,74,57861,371,3665
120,3,363,3997,74,57861,371,3665
120,3,363,3997,74,57861,371,3665
120,3,363,3997,74,57861,371,3665
120,3,363,3997,74,57861,371,3665
120,3,363,3997,74,57861,371,3665
120,3,363,3997,74,57861,371,3665
120,3,363,3997,74,57861,371,3665
120,3,363,3997,74,57861,371,3665
120,3,363,3997,74,57861,371,3665
120,3,363,3997,74,57861,371,3665
120,3,363,3997,74,57861,371,3665
120,3,363,3997,74,57861,371,3665
120,3,363,3997,74,57861,371,3665
120,3,363,3997,74,57861,371,3665
120,3,363,3997,74,57861,371,3665
120,3,363,3997,74,57861,371,3665
120,3,363,3997,74,57861,371,3665
120,3,363,3997,74,57861,371,3665
120,3,363,3997,74,57861,371,3665
120,3,363,3997,74,57861,371,3665
120,3,363,3997,74,57861,371,3665
120,3,363,3997,74,57861,371,3665
120,3,363,3997,74,57861,371,3665
120,3,363,3997,74,57861,371,3665
120,3,363,3997,74,57861,371,3665
120,3,363,3997,74,57861,371,3665
120,3,363,3997,74,57861,371,3665
120,3,363,3997,74,57861,371,3665
120,3,363,3997,74,57861,371,3665
120,3,363,3997,74,57861,371,3665
120,3,363,3997,74,57861,371,3665
120,3,363,3997,74,57861,371,3665
120,3,363,3997,74,57861,371,3665
120,3,363,3997,74,57861,371,3665
120,3,363,3997,74,57861,371,3665
120,3,363,3997,74,57861,371,3665
120,3,363,3997,74,57861,371,3665
120,3,363,3997,74,57861,371,3665
120,3,363,3997,74,57861,371,3665
120,3,363,3997,74,57861,371,3665
120,3,363,3997,74,57861,371,3665
120,3,363,3997,74,57861,371,3665
120,3,363,3997,74,57861,371,3665
120,3,363,3997,74,57861,371,3665
120,3,363,3997,74,57861,371,3665
120,3,363,3997,74,57861,371,3665
120,3,363,3997,74,57861,371,3665
120,3,363,3997,74,57861,371,3665
120,3,363,3997,74,57861,371,3665
120,3,363,3997,74,57861,371,3665
120,3,363,3997,74,57861,371,3665
120,3,363,3997,74,57861,371,3665
120,3,363,3997,74,57861,371,3665
120,3,363,3997,74,57861,371,3665
120,3,363,3997,74,57861,371,3665
120,3,363,3997,74,57861,371,3665
120,3,363,3997,74,57861,371,3665
120,3,363,3997,74,57861,371,3665
120,3,363,3997,74,57861,371,3665
120,3,363,3997,74,57861,371,3665
120,3,363,3997,74,57861,371,3665
120,3,363,3997,74,57861,371,3665
120,3,363,3997,74,57861,371,3665
120,3,363,3997,74,57861,371,3665
120,3,363,3997,74,57861,371,3665
120,3,363,3997,74,57861,371,3665
120,3,363,3997,74,57861,371,3665
120,3,363,3997,74,57861,371,3665
120,3,363,3997,74,57861,371,3665
120,3,363,3997,74,57861,371,3665
120,3,363,3997,74,57861,371,3665
120,3,363,3997,74,57861,371,3665
120,3,363,3997,74,57861,371,3665
120,3,363,3997,74,57861,371,3665
120,3,363,3997,74,57861,371,3665
120,3,363,3997,74,57861,371,3665
120,3,363,3997,74,57861,371,3665
120,3,363,3997,74,57861,371,3665
120,3,363,3997,74,57861,371,3665
120,3,363,3997,74,57861,371,3665
120,3,363,3997,74,57861,371,3665
120,3,363,3997,74,57861,371,3665
120,3,363,3997,74,57861,371,3665
120,3,363,3997,74,57861,371,3665
120,3,363,3997,74,57861,371,3665
120,3,363,3997,74,57861,371,3665
120,3,363,3997,74,57861,371,3665
120,3,363,3997,74,57861,371,3665
120,3,363,3997,74,57861,371,3665
120,3,363,3997,74,57861,371,3665
120,3,363,3997,74,57861,371,3665
120,3,363,3997,74,57861,371,3665
120,3,363,3997,74,57861,371,3665
120,3,363,3997,74,57861,371,3665
120,3,363,3997,74,57861,371,3665
120,3,363,3997,74,57861,371,3665
120,3,363,3997,74,57861,371,3665
120,3,363,3997,74,57861,371,3665
120,3,363,3997,74,57861,371,3665
120,3,363,3997,74,57861,371,3665
120,3,363,3997,74,57861,371,3665
120,3,363,3997,74,57861,371,3665
120,3,363,3997,74,57861,371,3665
120,3,363,3997,74,57861,371,3665
120,3,363,3997,74,57861,371,3665
120,3,363,3997,74,57861,371,3665
120,3,363,3997,74,57861,371,3665
120,3,363,3997,74,57861,371,3665
120,3,363,3997,74,57861,371,3665
120,3,363,3997,74,57861,371,3665
120,3,363,3997,74,57861,371,3665
120,3,363,3997,74,57861,371,3665
120,3,363,3997,74,57861,371,3665
120,3,363,3997,74,57861,371,3665
120,3,363,3997,74,57861,371,3665
120,3,363,3997,74,57861,371,3665
120,3,363,3997,74,57861,371,3665
120,3,363,3997,74,57861,371,3665
120,3,363,3997,74,57861,371,3665
120,3,363,3997,74,57861,371,3665
120,3,363,3997,74,57861,371,3665
120,3,363,3997,74,57861,371,3665
120,3,363,3997,74,57861,371,3665
120,3,363,3997,74,57861,371,3665
120,3,363,3997,74,57861,371,3665
120,3,363,3997,74,57861,371,3665
120,3,363,3997,74,57861,371,3665
120,3,363,3997,74,57861,371,3665
120,3,363,3997,74,57861,371,3665
120,3,363,3997,74,57861,371,3665
120,3,363,3997,74,57861,371,3665
120,3,363,3997,74,57861,371,3665
120,3,363,3997,74,57861,371,3665
120,3,363,3997,74,57861,371,3665
120,3,363,3997,74,57861,371,3665
120,3,363,3997,74,57861,371,3665
120,3,363,3997,74,57861,371,3665
120,3,363,3997,74,57861,371,3665
120,3,363,3997,74,57861,371,3665
120,3,363,3997,74,57861,371,3665
120,3,363,3997,74,57861,371,3665
120,3,363,3997,74,57861,371,3665
120,3,363,3997,74,57861,371,3665
120,3,363,3997,74,57861,371,3665
120,3,363,3997,74,57861,371,3665
120,3,363,3997,74,57861,371,3665
120,3,363,3997,74,57861,371,3665
120,3,363,3997,74,57861,371,3665
120,3,363,3997,74,57861,371,3665
120,3,363,3997,74,57861,371,3665
120,3,363,3997,74,57861,371,3665
120,3,363,3997,74,57861,371,3665
120,3,363,3997,74,57861,371,3665
120,3,363,3997,74,57861,371,3665
120,3,363,3997,74,57861,371,3665
120,3,363,3997,74,57861,371,3665
120,3,363,3997,74,57861,371,3665
120,3,363,3997,74,57861,371,3665
120,3,363,3997,74,57861,371,3665
120,3,363,3997,74,57861,371,3665
120,3,363,3997,74,57861,371,3665
120,3,363,3997,74,57861,371,3665
120,3,363,3997,74,57861,371,3665
120,3,363,3997,74,57861,371,3665
120,3,363,3997,74,57861,371,3665
120,3,363,3997,74,57861,371,3665
120,3,363,3997,74,57861,371,3665
120,3,363,3997,74,57861,371,3665
120,3,363,3997,74,57861,371,3665
120,3,363,3997,74,57861,371,3665
120,3,363,3997,74,57861,371,3665
120,3,363,3997,74,57861,371,3665
120,3,363,3997,74,57861,371,3665
120,3,363,3997,74,57861,371,3665
120,3,363,3997,74,57861,371,3665
120,3,363,3997,74,57861,371,3665
120,3,363,3997,74,57861,371,3665
120,3,363,3997,74,57861,371,3665
120,3,363,3997,74,57861,371,3665
120,3,363,3997,74,57861,371,3665
120,3,363,3997,74,57861,371,3665
120,3,363,3997,74,57861,371,3665
120,3,363,3997,74,57861,371,3665
120,3,363,3997,74,57861,371,3665
120,3,363,3997,74,57861,371,3665
120,3,363,3997,74,57861,371,3665
120,3,363,3997,74,57861,371,3665
120,3,363,3997,74,57861,371,3665
120,3,363,3997,74,57861,371,3665
120,3,363,3997,74,57861,371,3665
120,3,363,3997,74,57861,371,3665
120,3,363,3997,74,57861,371,3665
120,3,363,3997,74,57861,371,3665
120,3,363,3997,74,57861,371,3665
120,3,363,3997,74,57861,371,3665
120,3,363,3997,74,57861,371,3665
120,3,363,3997,74,57861,371,3665
120,3,363,3997,74,57861,371,3665
120,3,363,3997,74,57861,371,3665
120,3,363,3997,74,57861,371,3665
120,3,363,3997,74,57861,371,3665
120,3,363,3997,74,57861,371,3665
120,3,363,3997,74,57861,371,3665
120,3,363,3997,74,57861,371,3665
120,3,363,3997,74,57861,371,3665
120,3,363,3997,74,57861,371,3665
120,3,363,3997,74,57861,371,3665
120,3,363,3997,74,57861,371,3665
120,3,363,3997,74,57861,371,3665
120,3,363,3997,74,57861,371,3665
120,3,363,3997,74,57861,371,3665
120,3,363,3997,74,57861,371,3665
120,3,363,3997,74,57861,371,3665
120,3,363,3997,74,57861,371,3665
120,3,363,3997,74,57861,371,3665
120,3,363,3997,74,57861,371,3665
120,3,363,3997,74,57861,371,3665
120,3,363,3997,74,57861,371,3665
120,3,363,3997,74,57861,371,3665
120,3,363,3997,74,57861,371,3665
120,3,363,3997,74,57861,371,3665
120,3,363,3997,74,57861,371,3665
120,3,363,3997,74,57861,371,3665
120,3,363,3997,74,57861,371,3665
120,3,363,3997,74,57861,371,3665
120,3,363,3997,74,57861,371,3665
120,3,363,3997,74,57861,371,3665
120,3,363,3997,74,57861,371,3665
120,3,363,3997,74,57861,371,3665
120,3,363,3997,74,57861,371,3665
120,3,363,3997,74,57861,371,3665
120,3,363,3997,74,57861,371,3665
120,3,363,3997,74,57861,371,3665
120,3,363,3997,74,57861,371,3665
120,3,363,3997,74,57861,371,3665
120,3,363,3997,74,57861,371,3665
120,3,363,3997,74,57861,371,3665
120,3,363,3997,74,57861,371,3665
120,3,363,3997,74,57861,371,3665
120,3,363,3997,74,57861,371,3665
120,3,363,3997,74,57861,371,3665
120,3,363,3997,74,57861,371,3665
120,3,363,3997,74,57861,371,3665
120,3,363,3997,74,57861,371,3665
120,3,363,3997,74,57861,371,3665
120,3,363,3997,74,57861,371,3665
120,3,363,3997,74,57861,371,3665
120,3,363,3997,74,57861,371,3665
120,3,363,3997,74,57861,371,3665
120,3,363,3997,74,57861,371,3665
120,3,363,3997,74,57861,371,3665
120,3,363,3997,74,57861,371,3665
120,3,363,3997,74,57861,371,3665
120,3,363,3997,74,57861,371,3665
120,3,363,3997,74,57861,371,3665
120,3,363,3997,74,57861,371,3665
120,3,363,3997,74,57861,371,3665
120,3,363,3997,74,57861,371,3665
120,3,363,3997,74,57861,371,3665
120,3,363,3997,74,57861,371,3665
120,3,363,3997,74,57861,371,3665
120,4,363,3997,74,57861,371,3665
120,4,363,345,74,56299,371,4847
120,4,363,345,74,56299,371,4847
120,4,363,345,74,56299,371,4847
120,4,363,2913,74,54785,371,6007
120,4,363,2913,74,54785,371,6007
120,4,363,219,74,52734,371,7568
120,4,363,219,74,52734,371,7568
120,4,363,1472,74,50684,371,9114
120,4,363,1472,74,50684,371,9114
120,4,363,0781,74,4873,372,0604
120,4,363,0781,74,4873,372,0604
120,4,363,0076,74,46729,372,213
120,4,363,0076,74,46729,372,213
120,4,362,9353,74,44678,372,3689
120,4,362,9353,74,44678,372,3689
120,4,362,9353,74,44678,372,3689
120,4,362,8596,74,42529,372,5322
120,4,362,8596,74,42529,372,5322
120,4,362,7676,74,39893,372,7308
120,4,362,7676,74,39893,372,7308
120,4,362,6936,74,37793,372,8906
120,4,362,6936,74,37793,372,8906
120,4,362,6936,74,37793,372,8906
120,4,362,6243,74,3584,373,0402
120,4,362,6243,74,3584,373,0402
120,4,362,5544,74,33838,373,1909
120,4,362,5544,74,33838,373,1909
120,4,362,4829,74,31787,373,3455
120,4,362,4829,74,31787,373,3455
120,4,362,4138,74,29834,373,4946
120,4,362,4138,74,29834,373,4946
120,4,362,343,74,27832,373,6473
120,4,362,343,74,27832,373,6473
120,4,362,2708,74,25781,373,8035
120,4,362,2708,74,25781,373,8035
120,4,362,2019,74,23828,373,9521
120,4,362,2019,74,23828,373,9521
120,4,362,2019,74,23828,373,9521
120,4,362,1333,74,21875,374,1003
120,4,362,1333,74,21875,374,1003
120,4,362,0505,74,19531,374,2791
120,4,362,0505,74,19531,374,2791
120,4,361,9788,74,1748,374,4338
120,4,361,9788,74,1748,374,4338
120,4,361,9065,74,1543,374,59
120,4,361,9065,74,1543,374,59
120,4,361,8328,74,1333,374,7489
120,4,361,8328,74,1333,374,7489
120,4,361,7634,74,11377,374,8986
120,4,361,7634,74,11377,374,8986
120,4,361,7634,74,11377,374,8986
120,4,361,6912,74,09326,375,0543
120,4,361,6912,74,09326,375,0543
120,4,361,6912,74,09326,375,0543
120,4,361,6196,74,07275,375,2085
120,4,361,6196,74,07275,375,2085
120,4,361,6196,74,07275,375,2085
120,4,361,5632,74,05664,375,3304
120,4,361,5632,74,05664,375,3304
120,4,361,4875,74,03516,375,4937
120,4,361,4875,74,03516,375,4937
120,4,361,4163,74,01465,375,6475
120,4,361,4163,74,01465,375,6475
120,4,361,3467,73,99463,375,7979
120,4,361,3467,73,99463,375,7979
120,4,361,2764,73,97461,375,9495
120,4,361,2764,73,97461,375,9495
120,4,361,1956,73,95166,376,124
120,4,361,1956,73,95166,376,124
120,4,361,1956,73,95166,376,124
120,4,361,1248,73,93164,376,2771
120,4,361,1248,73,93164,376,2771
120,4,361,0569,73,91211,376,4237
120,4,361,0569,73,91211,376,4237
120,4,360,9854,73,8916,376,5779
120,4,360,9854,73,8916,376,5779
120,4,360,9187,73,87256,376,7217
120,4,360,9187,73,87256,376,7217
120,4,360,8477,73,85254,376,8751
120,4,360,8477,73,85254,376,8751
120,4,360,7813,73,8335,377,0183
120,4,360,7813,73,8335,377,0183
120,4,360,7114,73,81348,377,1691
120,4,360,7114,73,81348,377,1691
120,4,360,6462,73,79492,377,3101
120,4,360,6462,73,79492,377,3101
120,4,360,5774,73,77539,377,4587
120,4,360,5774,73,77539,377,4587
120,4,360,5134,73,75732,377,5966
120,4,360,5134,73,75732,377,5966
120,4,360,447,73,73828,377,7399
120,4,360,447,73,73828,377,7399
120,4,360,3813,73,71973,377,8818
120,4,360,3813,73,71973,377,8818
120,4,360,3147,73,70068,378,0255
120,4,360,3147,73,70068,378,0255
120,4,360,2515,73,68262,378,1619
120,4,360,1885,73,66455,378,298
120,4,360,1885,73,66455,378,298
120,4,360,1238,73,646,378,438
120,4,360,1238,73,646,378,438
120,4,360,0603,73,62793,378,5752
120,4,360,0603,73,62793,378,5752
120,4,359,9937,73,60889,378,7191
120,4,359,9937,73,60889,378,7191
120,4,359,9937,73,60889,378,7191
120,4,359,9937,73,60889,378,7191
120,4,359,9937,73,60889,378,7191
120,4,359,9937,73,60889,378,7191
120,4,359,9937,73,60889,378,7191
120,4,359,9937,73,60889,378,7191
120,5,359,9937,73,60889,378,7191
120,5,359,9937,73,60889,378,7191
120,5,359,9451,73,59521,378,8242
120,5,359,9451,73,59521,378,8242
120,5,359,8943,73,58057,378,934
120,5,359,8943,73,58057,378,934
120,5,359,8264,73,56104,379,0805
120,5,359,8264,73,56104,379,0805
120,5,359,7634,73,54297,379,2162
120,5,359,7634,73,54297,379,2162
120,5,359,6985,73,52441,379,3565
120,5,359,6343,73,50586,379,4952
120,5,359,6343,73,50586,379,4952
120,5,359,5725,73,48828,379,6284
120,5,359,5725,73,48828,379,6284
120,5,359,511,73,4707,379,7612
120,5,359,511,73,4707,379,7612
120,5,359,4487,73,45313,379,8956
120,5,359,4487,73,45313,379,8956
120,5,359,384,73,43457,380,035
120,5,359,384,73,43457,380,035
120,5,359,3142,73,41455,380,1857
120,5,359,3142,73,41455,380,1857
120,5,359,251,73,39648,380,322
120,5,359,251,73,39648,380,322
120,5,359,1851,73,37793,380,4642
120,5,359,1851,73,37793,380,4642
120,5,359,125,73,36084,380,5939
120,5,359,125,73,36084,380,5939
120,5,359,0623,73,34277,380,7296
120,5,359,0623,73,34277,380,7296
120,5,358,9985,73,32471,380,8671
120,5,358,9985,73,32471,380,8671
120,5,358,9363,73,30713,381,0013
120,5,358,9363,73,30713,381,0013
120,5,358,8655,73,28711,381,1541
120,5,358,8025,73,26904,381,2902
120,5,358,8025,73,26904,381,2902
120,5,358,7419,73,25195,381,421
120,5,358,7419,73,25195,381,421
120,5,358,6807,73,23438,381,5531
120,5,358,6807,73,23438,381,5531
120,5,358,6145,73,21533,381,696
120,5,358,6145,73,21533,381,696
120,5,358,5569,73,19873,381,8205
120,5,358,4995,73,18262,381,9443
120,5,358,4995,73,18262,381,9443
120,5,358,4438,73,16699,382,0645
120,5,358,3938,73,15283,382,1723
120,5,358,3938,73,15283,382,1723
120,5,358,3938,73,15283,382,1723
120,5,358,3379,73,13672,382,2927
120,5,358,3379,73,13672,382,2927
120,5,358,3379,73,13672,382,2927
120,5,358,3379,73,13672,382,2927
120,5,358,3379,73,13672,382,2927
120,5,358,3379,73,13672,382,2927
120,5,358,3379,73,13672,382,2927
120,5,358,3379,73,13672,382,2927
120,5,358,3379,73,13672,382,2927
120,5,358,3379,73,13672,382,2927
120,5,358,3379,73,13672,382,2927
120,5,358,3379,73,13672,382,2927
120,5,358,3379,73,13672,382,2927
120,5,358,2561,73,11328,382,469
120,5,358,2561,73,11328,382,469
120,5,358,1855,73,09326,382,6212
120,5,358,1855,73,09326,382,6212
120,5,358,1167,73,07373,382,7699
120,5,358,1167,73,07373,382,7699
120,5,358,0496,73,05469,382,9148
120,5,358,0496,73,05469,382,9148
120,5,357,9783,73,03418,383,0685
120,5,357,9783,73,03418,383,0685
120,5,357,9783,73,03418,383,0685
120,5,357,9116,73,01514,383,2125
120,5,357,9116,73,01514,383,2125
120,5,357,9116,73,01514,383,2125
120,5,357,8176,72,98828,383,4153
120,5,357,8176,72,98828,383,4153
120,5,357,8176,72,98828,383,4153
120,5,357,7241,72,96191,383,6169
120,5,357,7241,72,96191,383,6169
120,5,357,6331,72,93604,383,8136
120,5,357,6331,72,93604,383,8136
120,5,357,6331,72,93604,383,8136
120,5,357,543,72,91016,384,008
120,5,357,543,72,91016,384,008
120,5,357,543,72,91016,384,008
120,5,357,4556,72,88525,384,1965
120,5,357,4556,72,88525,384,1965
120,5,357,3601,72,85791,384,4023
120,5,357,3601,72,85791,384,4023
120,5,357,3601,72,85791,384,4023
120,5,357,2725,72,83301,384,5913
120,5,357,2725,72,83301,384,5913
120,5,357,2725,72,83301,384,5913
120,5,357,1882,72,80908,384,7729
120,5,357,1882,72,80908,384,7729
120,5,357,0935,72,78223,384,9774
120,5,357,0935,72,78223,384,9774
120,5,357,0935,72,78223,384,9774
120,5,357,009,72,7583,385,1594
120,5,357,009,72,7583,385,1594
120,5,356,9236,72,73389,385,344
120,5,356,9236,72,73389,385,344
120,5,356,9236,72,73389,385,344
120,5,356,8418,72,71045,385,5204
120,5,356,8418,72,71045,385,5204
120,5,356,7571,72,68652,385,7034
120,5,356,7571,72,68652,385,7034
120,5,356,7571,72,68652,385,7034
120,5,356,6726,72,6626,385,886
120,5,356,6726,72,6626,385,886
120,5,356,5886,72,63867,386,0674
120,5,356,5886,72,63867,386,0674
120,5,356,5886,72,63867,386,0674
120,5,356,5886,72,63867,386,0674
120,5,356,5886,72,63867,386,0674
120,5,356,5886,72,63867,386,0674
120,5,356,5886,72,63867,386,0674
120,5,356,5886,72,63867,386,0674
120,5,356,5886,72,63867,386,0674
120,5,356,5886,72,63867,386,0674
120,6,356,5886,72,63867,386,0674
120,6,356,5886,72,63867,386,0674
120,6,356,5886,72,63867,386,0674
120,6,356,5234,72,62012,386,2078
120,6,356,5234,72,62012,386,2078
120,6,356,4583,72,60156,386,3486
120,6,356,4583,72,60156,386,3486
120,6,356,4583,72,60156,386,3486
120,6,356,3779,72,57861,386,5218
120,6,356,3779,72,57861,386,5218
120,6,356,3779,72,57861,386,5218
120,6,356,2981,72,55566,386,6943
120,6,356,2981,72,55566,386,6943
120,6,356,2092,72,53027,386,886
120,6,356,2092,72,53027,386,886
120,6,356,1316,72,5083,387,0533
120,6,356,1316,72,5083,387,0533
120,6,356,0566,72,48682,387,2152
120,6,356,0566,72,48682,387,2152
120,6,356,0566,72,48682,387,2152
120,6,355,978,72,46436,387,3846
120,6,355,978,72,46436,387,3846
120,6,355,9045,72,44336,387,5432
120,6,355,9045,72,44336,387,5432
120,6,355,8286,72,42188,387,7072
120,6,355,8286,72,42188,387,7072
120,6,355,7544,72,40088,387,8674
120,6,355,7544,72,40088,387,8674
120,6,355,7544,72,40088,387,8674
120,6,355,677,72,37891,388,0345
120,6,355,677,72,37891,388,0345
120,6,355,6042,72,3584,388,1915
120,6,355,6042,72,3584,388,1915
120,6,355,5276,72,33643,388,3571
120,6,355,5276,72,33643,388,3571
120,6,355,4534,72,31543,388,5175
120,6,355,4534,72,31543,388,5175
120,6,355,4534,72,31543,388,5175
120,6,355,3811,72,29492,388,6736
120,6,355,3811,72,29492,388,6736
120,6,355,3071,72,27393,388,833
120,6,355,3071,72,27393,388,833
120,6,355,2344,72,25342,388,9899
120,6,355,2344,72,25342,388,9899
120,6,355,1631,72,23291,389,1436
120,6,355,1631,72,23291,389,1436
120,6,355,0935,72,21289,389,2939
120,6,355,0935,72,21289,389,2939
120,6,355,0208,72,19238,389,4509
120,6,355,0208,72,19238,389,4509
120,6,354,9495,72,17188,389,6047
120,6,354,9495,72,17188,389,6047
120,6,354,8792,72,15186,389,7563
120,6,354,8792,72,15186,389,7563
120,6,354,8792,72,15186,389,7563
120,6,354,8792,72,15186,389,7563
120,6,354,8792,72,15186,389,7563
120,6,354,8792,72,15186,389,7563
120,6,354,8792,72,15186,389,7563
120,6,354,8792,72,15186,389,7563
120,6,354,8792,72,15186,389,7563
120,6,354,8792,72,15186,389,7563
120,6,354,8792,72,15186,389,7563
120,6,354,8792,72,15186,389,7563
120,6,354,8267,72,13672,389,8698
120,6,354,8267,72,13672,389,8698
120,6,354,7761,72,12207,389,9789
120,6,354,7761,72,12207,389,9789
120,6,354,7058,72,10205,390,1304
120,6,354,7058,72,10205,390,1304
120,6,354,6379,72,08252,390,2769
120,6,354,6379,72,08252,390,2769
120,6,354,5703,72,06348,390,4227
120,6,354,5703,72,06348,390,4227
120,6,354,5034,72,04443,390,5672
120,6,354,5034,72,04443,390,5672
120,6,354,4397,72,02637,390,7048
120,6,354,4397,72,02637,390,7048
120,6,354,3738,72,00781,390,8469
120,6,354,3738,72,00781,390,8469
120,6,354,3074,71,98877,390,9904
120,6,354,3074,71,98877,390,9904
120,6,354,2437,71,9707,391,1277
120,6,354,2437,71,9707,391,1277
120,6,354,1772,71,95166,391,2708
120,6,354,1772,71,95166,391,2708
120,6,354,1101,71,93262,391,4156
120,6,354,1101,71,93262,391,4156
120,6,354,0461,71,91455,391,554
120,6,353,9829,71,89648,391,6906
120,6,353,9829,71,89648,391,6906
120,6,353,9207,71,87891,391,8248
120,6,353,9207,71,87891,391,8248
120,6,353,8594,71,86133,391,9573
120,6,353,8594,71,86133,391,9573
120,6,353,7949,71,84277,392,0962
120,6,353,7949,71,84277,392,0962
120,6,353,7263,71,82324,392,2445
120,6,353,7263,71,82324,392,2445
120,6,353,6565,71,80322,392,3953
120,6,353,6565,71,80322,392,3953
120,6,353,5957,71,78613,392,5262
120,6,353,5957,71,78613,392,5262
120,6,353,5334,71,76855,392,6605
120,6,353,5334,71,76855,392,6605
120,6,353,4714,71,75098,392,7942
120,6,353,4714,71,75098,392,7942
120,6,353,4084,71,73291,392,9302
120,6,353,4084,71,73291,392,9302
120,6,353,3438,71,71436,393,0698
120,6,353,2822,71,69678,393,2026
120,6,353,2822,71,69678,393,2026
120,6,353,2188,71,67871,393,3398
120,6,353,2188,71,67871,393,3398
120,6,353,1584,71,66162,393,47
120,6,353,1584,71,66162,393,47
120,6,353,1584,71,66162,393,47
120,6,353,1584,71,66162,393,47
120,6,353,1584,71,66162,393,47
120,6,353,1584,71,66162,393,47
120,6,353,1584,71,66162,393,47
120,6,353,1584,71,66162,393,47
120,6,353,1584,71,66162,393,47
120,6,353,1584,71,66162,393,47
120,6,353,1584,71,66162,393,47
120,6,353,1584,71,66162,393,47
120,6,353,1584,71,66162,393,47
120,6,353,1584,71,66162,393,47
120,6,353,1584,71,66162,393,47
120,6,353,1584,71,66162,393,47
120,6,353,1584,71,66162,393,47
120,6,353,1584,71,66162,393,47
120,7,353,1584,71,66162,393,47
120,7,353,1584,71,66162,393,47
120,7,353,1118,71,64844,393,5708
120,7,353,1118,71,64844,393,5708
120,7,353,0649,71,63525,393,6721
120,7,353,0649,71,63525,393,6721
120,7,353,0015,71,61719,393,8092
120,7,353,0015,71,61719,393,8092
120,7,352,9395,71,59961,393,943
120,7,352,9395,71,59961,393,943
120,7,352,8801,71,58252,394,0709
120,7,352,8193,71,56494,394,2023
120,7,352,8193,71,56494,394,2023
120,7,352,7566,71,54688,394,3379
120,7,352,7566,71,54688,394,3379
120,7,352,6975,71,53027,394,4653
120,7,352,6975,71,53027,394,4653
120,7,352,6357,71,5127,394,5984
120,7,352,6357,71,5127,394,5984
120,7,352,5735,71,49512,394,7328
120,7,352,5735,71,49512,394,7328
120,7,352,5122,71,47754,394,8652
120,7,352,4497,71,45996,395,0001
120,7,352,4497,71,45996,395,0001
120,7,352,3889,71,44238,395,1316
120,7,352,3889,71,44238,395,1316
120,7,352,3289,71,42529,395,2609
120,7,352,3289,71,42529,395,2609
120,7,352,2649,71,40723,395,3989
120,7,352,2649,71,40723,395,3989
120,7,352,2036,71,38965,395,5313
120,7,352,2036,71,38965,395,5313
120,7,352,1431,71,37256,395,6618
120,7,352,1431,71,37256,395,6618
120,7,352,0818,71,35498,395,7942
120,7,352,0208,71,3374,395,9261
120,7,352,0208,71,3374,395,9261
120,7,351,9604,71,32031,396,0562
120,7,351,9604,71,32031,396,0562
120,7,351,8987,71,30273,396,1895
120,7,351,8987,71,30273,396,1895
120,7,351,8376,71,28516,396,3214
120,7,351,8376,71,28516,396,3214
120,7,351,7761,71,26758,396,4543
120,7,351,7761,71,26758,396,4543
120,7,351,7129,71,24951,396,5906
120,7,351,7129,71,24951,396,5906
120,7,351,6506,71,23193,396,725
120,7,351,5862,71,21338,396,8639
120,7,351,5862,71,21338,396,8639
120,7,351,5222,71,19531,397,002
120,7,351,5222,71,19531,397,002
120,7,351,4553,71,17627,397,1461
120,7,351,4553,71,17627,397,1461
120,7,351,4553,71,17627,397,1461
120,7,351,4553,71,17627,397,1461
120,7,351,4553,71,17627,397,1461
120,7,351,4021,71,16113,397,261
120,7,351,4021,71,16113,397,261
120,7,351,3511,71,14648,397,3711
120,7,351,3511,71,14648,397,3711
120,7,351,2854,71,12793,397,5131
120,7,351,2854,71,12793,397,5131
120,7,351,219,71,10889,397,6561
120,7,351,219,71,10889,397,6561
120,7,351,1521,71,08984,397,8005
120,7,351,1521,71,08984,397,8005
120,7,351,083,71,07031,397,9497
120,7,351,083,71,07031,397,9497
120,7,351,0195,71,05225,398,0867
120,7,351,0195,71,05225,398,0867
120,7,350,9531,71,0332,398,2299
120,7,350,9531,71,0332,398,2299
120,7,350,8811,71,0127,398,3854
120,7,350,8811,71,0127,398,3854
120,7,350,8135,70,99365,398,5311
120,7,350,8135,70,99365,398,5311
120,7,350,8135,70,99365,398,5311
120,7,350,7451,70,97412,398,6785
120,7,350,7451,70,97412,398,6785
120,7,350,675,70,9541,398,8295
120,7,350,675,70,9541,398,8295
120,7,350,6084,70,93506,398,9733
120,7,350,6084,70,93506,398,9733
120,7,350,6084,70,93506,398,9733
120,7,350,5388,70,91504,399,1234
120,7,350,5388,70,91504,399,1234
120,7,350,5388,70,91504,399,1234
120,7,350,4377,70,88623,399,3417
120,7,350,4377,70,88623,399,3417
120,7,350,3413,70,85889,399,5496
120,7,350,3413,70,85889,399,5496
120,7,350,3413,70,85889,399,5496
120,7,350,2449,70,83154,399,7574
120,7,350,2449,70,83154,399,7574
120,7,350,2449,70,83154,399,7574
120,7,350,1511,70,80469,399,9596
120,7,350,1511,70,80469,399,9596
120,7,350,1511,70,80469,399,9596
120,7,350,0439,70,77441,400,1909
120,7,350,0439,70,77441,400,1909
120,7,350,0439,70,77441,400,1909
120,7,349,948,70,74707,400,398
120,7,349,948,70,74707,400,398
120,7,349,948,70,74707,400,398
120,7,349,8496,70,71924,400,6105
120,7,349,8496,70,71924,400,6105
120,7,349,8496,70,71924,400,6105
120,7,349,7456,70,68945,400,8347
120,7,349,7456,70,68945,400,8347
120,7,349,7456,70,68945,400,8347
120,7,349,7456,70,68945,400,8347
120,7,349,7456,70,68945,400,8347
120,7,349,7456,70,68945,400,8347
120,7,349,7456,70,68945,400,8347
120,7,349,7456,70,68945,400,8347
120,7,349,7456,70,68945,400,8347
120,7,349,7456,70,68945,400,8347
120,7,349,7456,70,68945,400,8347
120,7,349,7456,70,68945,400,8347
120,8,349,7456,70,68945,400,8347
120,8,349,7456,70,68945,400,8347
120,8,349,7456,70,68945,400,8347
120,8,349,7456,70,68945,400,8347
120,8,349,7456,70,68945,400,8347
120,8,349,6582,70,66455,401,0233
120,8,349,6582,70,66455,401,0233
120,8,349,6582,70,66455,401,0233
120,8,349,5703,70,63965,401,213
120,8,349,5703,70,63965,401,213
120,8,349,5703,70,63965,401,213
120,8,349,5703,70,63965,401,213
120,8,349,46,70,6084,401,451
120,8,349,46,70,6084,401,451
120,8,349,46,70,6084,401,451
120,8,349,3423,70,57471,401,7052
120,8,349,3423,70,57471,401,7052
120,8,349,3423,70,57471,401,7052
120,8,349,2327,70,54346,401,9415
120,8,349,2327,70,54346,401,9415
120,8,349,2327,70,54346,401,9415
120,8,349,2327,70,54346,401,9415
120,8,349,1133,70,50928,402,1992
120,8,349,1133,70,50928,402,1992
120,8,349,1133,70,50928,402,1992
120,8,349,1133,70,50928,402,1992
120,8,348,9978,70,47656,402,4482
120,8,348,9978,70,47656,402,4482
120,8,348,9978,70,47656,402,4482
120,8,348,8755,70,44189,402,7123
120,8,348,8755,70,44189,402,7123
120,8,348,8755,70,44189,402,7123
120,8,348,8755,70,44189,402,7123
120,8,348,8755,70,44189,402,7123
120,8,348,7458,70,40479,402,9919
120,8,348,7458,70,40479,402,9919
120,8,348,7458,70,40479,402,9919
120,8,348,7458,70,40479,402,9919
120,8,348,6055,70,36475,403,2953
120,8,348,6055,70,36475,403,2953
120,8,348,6055,70,36475,403,2953
120,8,348,6055,70,36475,403,2953
120,8,348,6931,70,32764,403,488
120,8,348,6931,70,32764,403,488
120,8,348,6931,70,32764,403,488
120,8,348,6931,70,32764,403,488
120,8,349,0005,70,29395,403,5687
120,8,349,0005,70,29395,403,5687
120,8,349,0005,70,29395,403,5687
120,8,349,0005,70,29395,403,5687
120,8,349,3064,70,26074,403,649
120,8,349,3064,70,26074,403,649
120,8,349,3064,70,26074,403,649
120,8,349,5981,70,229,403,7256
120,8,349,5981,70,229,403,7256
120,8,349,5981,70,229,403,7256
120,8,349,5981,70,229,403,7256
120,8,349,5981,70,229,403,7256
120,8,349,5981,70,229,403,7256
120,8,349,5981,70,229,403,7256
120,8,349,5981,70,229,403,7256
120,8,349,5981,70,229,403,7256
120,8,349,5981,70,229,403,7256
120,8,349,5981,70,229,403,7256
120,8,349,5981,70,229,403,7256
120,8,349,5981,70,229,403,7256
120,8,349,5981,70,229,403,7256
120,8,349,5981,70,229,403,7256
120,8,349,8743,70,19873,403,7981
120,8,349,8743,70,19873,403,7981
120,8,349,8743,70,19873,403,7981
120,8,349,8743,70,19873,403,7981
120,8,350,1353,70,17041,403,8666
120,8,350,1353,70,17041,403,8666
120,8,350,1353,70,17041,403,8666
120,8,350,1353,70,17041,403,8666
120,8,350,4417,70,13721,403,947
120,8,350,4417,70,13721,403,947
120,8,350,4417,70,13721,403,947
120,8,350,4417,70,13721,403,947
120,8,350,7397,70,10449,404,0253
120,8,350,7397,70,10449,404,0253
120,8,350,7397,70,10449,404,0253
120,8,351,0417,70,07178,404,1045
120,8,351,0417,70,07178,404,1045
120,8,351,0417,70,07178,404,1045
120,8,351,0417,70,07178,404,1045
120,8,351,3245,70,04102,404,1787
120,8,351,3245,70,04102,404,1787
120,8,351,3245,70,04102,404,1787
120,8,351,3245,70,04102,404,1787
120,8,351,6089,70,00977,404,2533
120,8,351,6089,70,00977,404,2533
120,8,351,6089,70,00977,404,2533
120,8,351,8953,69,97852,404,3284
120,8,351,8953,69,97852,404,3284
120,8,351,8953,69,97852,404,3284
120,8,351,8953,69,97852,404,3284
120,8,352,1787,69,94775,404,4028
120,8,352,1787,69,94775,404,4028
120,8,352,1787,69,94775,404,4028
120,8,352,1787,69,94775,404,4028
120,8,352,4597,69,91553,404,5052
120,8,352,4597,69,91553,404,5052
120,8,352,4597,69,91553,404,5052
120,8,352,7273,69,8833,404,6344
120,8,352,7273,69,8833,404,6344
120,8,352,7273,69,8833,404,6344
120,8,352,7273,69,8833,404,6344
120,8,352,9902,69,85156,404,7615
120,8,352,9902,69,85156,404,7615
120,8,352,9902,69,85156,404,7615
120,8,352,9902,69,85156,404,7615
120,8,353,2554,69,81982,404,8895
120,8,353,2554,69,81982,404,8895
120,8,353,2554,69,81982,404,8895
120,8,353,5215,69,78809,405,0181
120,8,353,5215,69,78809,405,0181
120,8,353,5215,69,78809,405,0181
120,8,353,5215,69,78809,405,0181
120,8,353,5215,69,78809,405,0181
120,9,353,5215,69,78809,405,0181
120,9,353,5215,69,78809,405,0181
120,9,353,5215,69,78809,405,0181
120,9,353,5215,69,78809,405,0181
120,9,353,5215,69,78809,405,0181
120,9,353,5215,69,78809,405,0181
120,9,353,7622,69,75928,405,1344
120,9,353,7622,69,75928,405,1344
120,9,353,7622,69,75928,405,1344
120,9,353,7622,69,75928,405,1344
120,9,353,9934,69,73145,405,2461
120,9,353,9934,69,73145,405,2461
120,9,353,9934,69,73145,405,2461
120,9,354,2627,69,69922,405,3762
120,9,354,2627,69,69922,405,3762
120,9,354,2627,69,69922,405,3762
120,9,354,2627,69,69922,405,3762
120,9,354,5203,69,66846,405,5005
120,9,354,5203,69,66846,405,5005
120,9,354,5203,69,66846,405,5005
120,9,354,7747,69,6377,405,6235
120,9,354,7747,69,6377,405,6235
120,9,354,7747,69,6377,405,6235
120,9,354,7747,69,6377,405,6235
120,9,355,0315,69,60693,405,7476
120,9,355,0315,69,60693,405,7476
120,9,355,0315,69,60693,405,7476
120,9,355,0315,69,60693,405,7476
120,9,355,2852,69,57617,405,8702
120,9,355,2852,69,57617,405,8702
120,9,355,2852,69,57617,405,8702
120,9,355,5513,69,54443,405,9987
120,9,355,5513,69,54443,405,9987
120,9,355,5513,69,54443,405,9987
120,9,355,5513,69,54443,405,9987
120,9,355,8091,69,51318,406,1232
120,9,355,8091,69,51318,406,1232
120,9,355,8091,69,51318,406,1232
120,9,356,0393,69,48926,406,2823
120,9,356,0393,69,48926,406,2823
120,9,356,0393,69,48926,406,2823
120,9,356,0393,69,48926,406,2823
120,9,356,2661,69,46582,406,4431
120,9,356,2661,69,46582,406,4431
120,9,356,2661,69,46582,406,4431
120,9,356,4937,69,44238,406,6044
120,9,356,4937,69,44238,406,6044
120,9,356,4937,69,44238,406,6044
120,9,356,4937,69,44238,406,6044
120,9,356,7307,69,41797,406,7723
120,9,356,7307,69,41797,406,7723
120,9,356,7307,69,41797,406,7723
120,9,356,9622,69,39404,406,9363
120,9,356,9622,69,39404,406,9363
120,9,356,9622,69,39404,406,9363
120,9,356,9622,69,39404,406,9363
120,9,357,1985,69,36963,407,1037
120,9,357,1985,69,36963,407,1037
120,9,357,1985,69,36963,407,1037
120,9,357,1985,69,36963,407,1037
120,9,357,1985,69,36963,407,1037
120,9,357,1985,69,36963,407,1037
120,9,357,1985,69,36963,407,1037
120,9,357,1985,69,36963,407,1037
120,9,357,1985,69,36963,407,1037
120,9,357,1985,69,36963,407,1037
120,9,357,1985,69,36963,407,1037
120,9,357,1985,69,36963,407,1037
120,9,357,1985,69,36963,407,1037
120,9,357,4163,69,34717,407,2581
120,9,357,4163,69,34717,407,2581
120,9,357,4163,69,34717,407,2581
120,9,357,4163,69,34717,407,2581
120,9,357,6143,69,32715,407,3984
120,9,357,6143,69,32715,407,3984
120,9,357,6143,69,32715,407,3984
120,9,357,8474,69,30322,407,5637
120,9,357,8474,69,30322,407,5637
120,9,357,8474,69,30322,407,5637
120,9,357,8474,69,30322,407,5637
120,9,358,084,69,27881,407,7314
120,9,358,084,69,27881,407,7314
120,9,358,084,69,27881,407,7314
120,9,358,084,69,27881,407,7314
120,9,358,3105,69,25586,407,8919
120,9,358,3105,69,25586,407,8919
120,9,358,3105,69,25586,407,8919
120,9,358,5461,69,23193,408,0587
120,9,358,5461,69,23193,408,0587
120,9,358,5461,69,23193,408,0587
120,9,358,5461,69,23193,408,0587
120,9,358,7717,69,20898,408,2186
120,9,358,7717,69,20898,408,2186
120,9,358,7717,69,20898,408,2186
120,9,359,0054,69,18506,408,3858
120,9,359,0054,69,18506,408,3858
120,9,359,0054,69,18506,408,3858
120,9,359,0054,69,18506,408,3858
120,9,359,208,69,17285,408,5757
120,9,359,208,69,17285,408,5757
120,9,359,208,69,17285,408,5757
120,9,359,418,69,16016,408,7724
120,9,359,418,69,16016,408,7724
120,9,359,418,69,16016,408,7724
120,9,359,418,69,16016,408,7724
120,9,359,6208,69,14795,408,9625
120,9,359,6208,69,14795,408,9625
120,9,359,6208,69,14795,408,9625
120,9,359,8225,69,13574,409,1516
120,9,359,8225,69,13574,409,1516
120,9,359,8225,69,13574,409,1516
120,9,359,8225,69,13574,409,1516
120,9,360,0261,69,12354,409,3425
120,9,360,0261,69,12354,409,3425
120,9,360,0261,69,12354,409,3425
120,9,360,2319,69,11084,409,5354
120,9,360,2319,69,11084,409,5354
120,9,360,2319,69,11084,409,5354
120,9,360,2319,69,11084,409,5354
120,9,360,4412,69,09814,409,7317
120,9,360,4412,69,09814,409,7317
120,9,360,4412,69,09814,409,7317
120,9,360,4412,69,09814,409,7317
120,9,360,4412,69,09814,409,7317
120,9,360,4412,69,09814,409,7317
120,9,360,4412,69,09814,409,7317
120,9,360,4412,69,09814,409,7317
120,9,360,4412,69,09814,409,7317
120,9,360,4412,69,09814,409,7317
120,9,360,4412,69,09814,409,7317
120,9,360,4412,69,09814,409,7317
120,9,360,4412,69,09814,409,7317
120,9,360,4412,69,09814,409,7317
120,9,360,4412,69,09814,409,7317
120,9,360,4412,69,09814,409,7317
120,9,360,4412,69,09814,409,7317
120,9,360,4412,69,09814,409,7317
120,9,360,4412,69,09814,409,7317
120,9,360,4412,69,09814,409,7317
120,9,360,4412,69,09814,409,7317
120,9,360,4412,69,09814,409,7317
120,9,360,4412,69,09814,409,7317
120,9,360,4412,69,09814,409,7317
120,9,360,4412,69,09814,409,7317
120,9,360,4412,69,09814,409,7317
120,9,360,4412,69,09814,409,7317
120,9,360,4412,69,09814,409,7317
120,9,360,4412,69,09814,409,7317
120,9,360,4412,69,09814,409,7317
120,9,360,4412,69,09814,409,7317
120,9,360,4412,69,09814,409,7317
120,9,360,4412,69,09814,409,7317
120,9,360,4412,69,09814,409,7317
120,9,360,4412,69,09814,409,7317
120,9,360,4412,69,09814,409,7317
120,9,360,4412,69,09814,409,7317
120,9,360,4412,69,09814,409,7317
120,9,360,4412,69,09814,409,7317
120,9,360,4412,69,09814,409,7317
120,9,360,4412,69,09814,409,7317
120,9,360,4412,69,09814,409,7317
120,9,360,4412,69,09814,409,7317
120,9,360,4412,69,09814,409,7317
120,9,360,4412,69,09814,409,7317
120,9,360,4412,69,09814,409,7317
120,9,360,4412,69,09814,409,7317
120,9,360,4412,69,09814,409,7317
120,9,360,4412,69,09814,409,7317
120,9,360,4412,69,09814,409,7317
120,9,360,4412,69,09814,409,7317
120,9,360,4412,69,09814,409,7317
120,9,360,4412,69,09814,409,7317
120,9,360,4412,69,09814,409,7317
120,9,360,4412,69,09814,409,7317
120,9,360,4412,69,09814,409,7317
120,9,360,4412,69,09814,409,7317
120,9,360,4412,69,09814,409,7317
120,9,360,4412,69,09814,409,7317
120,9,360,4412,69,09814,409,7317
120,9,360,4412,69,09814,409,7317
120,9,360,4412,69,09814,409,7317
120,9,360,4412,69,09814,409,7317
120,9,360,4412,69,09814,409,7317
120,9,360,4412,69,09814,409,7317
120,9,360,4412,69,09814,409,7317
120,9,360,4412,69,09814,409,7317
120,9,360,4412,69,09814,409,7317
120,9,360,4412,69,09814,409,7317
120,9,360,4412,69,09814,409,7317
120,9,360,4412,69,09814,409,7317
120,9,360,4412,69,09814,409,7317
120,9,360,4412,69,09814,409,7317
120,9,360,4412,69,09814,409,7317
120,9,360,4412,69,09814,409,7317
120,9,360,4412,69,09814,409,7317
120,9,360,4412,69,09814,409,7317
120,9,360,4412,69,09814,409,7317
120,9,360,4412,69,09814,409,7317
120,9,360,4412,69,09814,409,7317
120,9,360,4412,69,09814,409,7317
120,9,360,4412,69,09814,409,7317
120,9,360,4412,69,09814,409,7317
120,9,360,4412,69,09814,409,7317
120,9,360,4412,69,09814,409,7317
120,9,360,4412,69,09814,409,7317
120,9,360,4412,69,09814,409,7317
120,9,360,4412,69,09814,409,7317
120,9,360,4412,69,09814,409,7317
120,9,360,4412,69,09814,409,7317
120,9,360,4412,69,09814,409,7317
120,9,360,4412,69,09814,409,7317
120,9,360,4412,69,09814,409,7317
120,9,360,4412,69,09814,409,7317
120,9,360,4412,69,09814,409,7317
120,9,360,4412,69,09814,409,7317
120,9,360,4412,69,09814,409,7317
120,9,360,4412,69,09814,409,7317
120,9,360,4412,69,09814,409,7317
120,9,360,4412,69,09814,409,7317
120,9,360,4412,69,09814,409,7317
120,9,360,4412,69,09814,409,7317
120,9,360,4412,69,09814,409,7317
120,9,360,4412,69,09814,409,7317
120,9,360,4412,69,09814,409,7317
120,9,360,4412,69,09814,409,7317
120,9,360,4412,69,09814,409,7317
120,9,360,4412,69,09814,409,7317
120,9,360,4412,69,09814,409,7317
120,9,360,4412,69,09814,409,7317
120,9,360,4412,69,09814,409,7317
120,9,360,4412,69,09814,409,7317
120,9,360,4412,69,09814,409,7317
120,9,360,4412,69,09814,409,7317
120,9,360,4412,69,09814,409,7317
120,9,360,4412,69,09814,409,7317
120,9,360,4412,69,09814,409,7317
120,9,360,4412,69,09814,409,7317
120,9,360,4412,69,09814,409,7317
120,9,360,4412,69,09814,409,7317
120,9,360,4412,69,09814,409,7317
120,9,360,4412,69,09814,409,7317
120,9,360,4412,69,09814,409,7317
120,9,360,4412,69,09814,409,7317
120,9,360,4412,69,09814,409,7317
120,9,360,4412,69,09814,409,7317
120,9,360,4412,69,09814,409,7317
120,9,360,4412,69,09814,409,7317
120,9,360,4412,69,09814,409,7317
120,9,360,4412,69,09814,409,7317
120,9,360,4412,69,09814,409,7317
120,9,360,4412,69,09814,409,7317
120,9,360,4412,69,09814,409,7317
120,9,360,4412,69,09814,409,7317
120,9,360,4412,69,09814,409,7317
120,9,360,4412,69,09814,409,7317
120,9,360,4412,69,09814,409,7317
120,9,360,4412,69,09814,409,7317
120,9,360,4412,69,09814,409,7317
120,9,360,4412,69,09814,409,7317
120,9,360,4412,69,09814,409,7317
120,9,360,4412,69,09814,409,7317
120,9,360,4412,69,09814,409,7317
120,9,360,4412,69,09814,409,7317
120,9,360,4412,69,09814,409,7317
120,9,360,4412,69,09814,409,7317
120,9,360,4412,69,09814,409,7317
120,9,360,4412,69,09814,409,7317
120,9,360,4412,69,09814,409,7317
120,9,360,4412,69,09814,409,7317
120,9,360,4412,69,09814,409,7317
120,9,360,4412,69,09814,409,7317
120,9,360,4412,69,09814,409,7317
120,9,360,4412,69,09814,409,7317
120,9,360,4412,69,09814,409,7317
120,9,360,4412,69,09814,409,7317
120,9,360,4412,69,09814,409,7317
120,9,360,4412,69,09814,409,7317
120,9,360,4412,69,09814,409,7317
120,9,360,4412,69,09814,409,7317
120,9,360,4412,69,09814,409,7317
120,9,360,4412,69,09814,409,7317
120,9,360,4412,69,09814,409,7317
120,9,360,4412,69,09814,409,7317
120,9,360,4412,69,09814,409,7317
120,9,360,4412,69,09814,409,7317
120,9,360,4412,69,09814,409,7317
120,9,360,4412,69,09814,409,7317
120,9,360,4412,69,09814,409,7317
120,9,360,4412,69,09814,409,7317
120,9,360,4412,69,09814,409,7317
120,9,360,4412,69,09814,409,7317
120,9,360,4412,69,09814,409,7317
120,9,360,4412,69,09814,409,7317
120,9,360,4412,69,09814,409,7317
120,9,360,4412,69,09814,409,7317
120,9,360,4412,69,09814,409,7317
120,9,360,4412,69,09814,409,7317
120,9,360,4412,69,09814,409,7317
120,9,360,4412,69,09814,409,7317
120,9,360,4412,69,09814,409,7317
120,9,360,4412,69,09814,409,7317
120,9,360,4412,69,09814,409,7317
120,9,360,4412,69,09814,409,7317
120,9,360,4412,69,09814,409,7317
120,9,360,4412,69,09814,409,7317
120,9,360,4412,69,09814,409,7317
120,9,360,4412,69,09814,409,7317
120,9,360,4412,69,09814,409,7317
120,9,360,4412,69,09814,409,7317
120,9,360,4412,69,09814,409,7317
120,9,360,4412,69,09814,409,7317
120,9,360,4412,69,09814,409,7317
120,9,360,4412,69,09814,409,7317
120,9,360,4412,69,09814,409,7317
120,9,360,4412,69,09814,409,7317
120,9,360,4412,69,09814,409,7317
120,9,360,4412,69,09814,409,7317
120,9,360,4412,69,09814,409,7317
120,9,360,4412,69,09814,409,7317
120,9,360,4412,69,09814,409,7317
120,9,360,4412,69,09814,409,7317
120,9,360,4412,69,09814,409,7317
120,9,360,4412,69,09814,409,7317
120,9,360,4412,69,09814,409,7317
120,9,360,4412,69,09814,409,7317
120,9,360,4412,69,09814,409,7317
120,9,360,4412,69,09814,409,7317
120,9,360,4412,69,09814,409,7317
120,9,360,4412,69,09814,409,7317
120,10,360,4412,69,09814,409,7317
120,10,360,4412,69,09814,409,7317
120,10,360,4412,69,09814,409,7317
120,10,360,4412,69,09814,409,7317
120,10,360,6069,69,08789,409,8871
120,10,360,6069,69,08789,409,8871
120,10,360,6069,69,08789,409,8871
120,10,360,7756,69,07764,410,0451
120,10,360,7756,69,07764,410,0451
120,10,360,7756,69,07764,410,0451
120,10,360,7756,69,07764,410,0451
120,10,360,9792,69,06543,410,2359
120,10,360,9792,69,06543,410,2359
120,10,360,9792,69,06543,410,2359
120,10,361,1836,69,05322,410,4275
120,10,361,1836,69,05322,410,4275
120,10,361,1836,69,05322,410,4275
120,10,361,1836,69,05322,410,4275
120,10,361,3906,69,04053,410,6215
120,10,361,3906,69,04053,410,6215
120,10,361,3906,69,04053,410,6215
120,10,361,6108,69,02734,410,8279
120,10,361,6108,69,02734,410,8279
120,10,361,6108,69,02734,410,8279
120,10,361,6108,69,02734,410,8279
120,10,361,8162,69,01465,411,0204
120,10,361,8162,69,01465,411,0204
120,10,361,8162,69,01465,411,0204
120,10,361,8162,69,01465,411,0204
120,10,362,0349,69,00146,411,2253
120,10,362,0349,69,00146,411,2253
120,10,362,0349,69,00146,411,2253
120,10,362,0349,69,00146,411,2253
120,10,362,2815,68,98633,411,4565
120,10,362,2815,68,98633,411,4565
120,10,362,2815,68,98633,411,4565
120,10,362,2815,68,98633,411,4565
120,10,362,502,68,97314,411,6633
120,10,362,502,68,97314,411,6633
120,10,362,502,68,97314,411,6633
120,10,362,502,68,97314,411,6633
120,10,362,7119,68,95654,411,8669
120,10,362,7119,68,95654,411,8669
120,10,362,7119,68,95654,411,8669
120,10,362,7119,68,95654,411,8669
120,10,362,9082,68,9126,412,1134
120,10,362,9082,68,9126,412,1134
120,10,362,9082,68,9126,412,1134
120,10,362,9082,68,9126,412,1134
120,10,363,1069,68,86816,412,363
120,10,363,1069,68,86816,412,363
120,10,363,1069,68,86816,412,363
120,10,363,1069,68,86816,412,363
120,10,363,2974,68,82568,412,6023
120,10,363,2974,68,82568,412,6023
120,10,363,2974,68,82568,412,6023
120,10,363,2974,68,82568,412,6023
120,10,363,2974,68,82568,412,6023
120,10,363,2974,68,82568,412,6023
120,10,363,2974,68,82568,412,6023
120,10,363,2974,68,82568,412,6023
120,10,363,2974,68,82568,412,6023
120,10,363,2974,68,82568,412,6023
120,10,363,4702,68,78711,412,8193
120,10,363,4702,68,78711,412,8193
120,10,363,4702,68,78711,412,8193
120,10,363,4702,68,78711,412,8193
120,10,363,4702,68,78711,412,8193
120,10,363,6294,68,75146,413,0192
120,10,363,6294,68,75146,413,0192
120,10,363,6294,68,75146,413,0192
120,10,363,6294,68,75146,413,0192
120,10,363,8762,68,69629,413,3292
120,10,363,8762,68,69629,413,3292
120,10,363,8762,68,69629,413,3292
120,10,363,8762,68,69629,413,3292
120,10,364,064,68,6543,413,5651
120,10,364,064,68,6543,413,5651
120,10,364,064,68,6543,413,5651
120,10,364,2385,68,61523,413,7843
120,10,364,2385,68,61523,413,7843
120,10,364,2385,68,61523,413,7843
120,10,364,2385,68,61523,413,7843
120,10,364,4233,68,57373,414,0164
120,10,364,4233,68,57373,414,0164
120,10,364,4233,68,57373,414,0164
120,10,364,5952,68,53516,414,2323
120,10,364,5952,68,53516,414,2323
120,10,364,5952,68,53516,414,2323
120,10,364,5952,68,53516,414,2323
120,10,364,7688,68,49609,414,4503
120,10,364,7688,68,49609,414,4503
120,10,364,7688,68,49609,414,4503
120,10,364,7688,68,49609,414,4503
120,10,364,9451,68,45654,414,6717
120,10,364,9451,68,45654,414,6717
120,10,364,9451,68,45654,414,6717
120,10,365,1475,68,42676,414,8737
120,10,365,1475,68,42676,414,8737
120,10,365,1475,68,42676,414,8737
120,10,365,1475,68,42676,414,8737
120,10,365,3999,68,41699,415,0284
120,10,365,3999,68,41699,415,0284
120,10,365,3999,68,41699,415,0284
120,10,365,6399,68,4082,415,1755
120,11,365,6399,68,4082,415,1755
120,11,365,6399,68,4082,415,1755
120,11,365,6399,68,4082,415,1755
120,11,365,8794,68,39941,415,3223
120,11,365,8794,68,39941,415,3223
120,11,365,8794,68,39941,415,3223
120,11,366,1172,68,39063,415,468
120,11,366,1172,68,39063,415,468
120,11,366,1172,68,39063,415,468
120,11,366,1172,68,39063,415,468
120,11,366,3601,68,38135,415,6169
120,11,366,3601,68,38135,415,6169
120,11,366,3601,68,38135,415,6169
120,11,366,5979,68,37256,415,7626
120,11,366,5979,68,37256,415,7626
120,11,366,5979,68,37256,415,7626
120,11,366,5979,68,37256,415,7626
120,11,366,842,68,36328,415,9124
120,11,366,842,68,36328,415,9124
120,11,366,842,68,36328,415,9124
120,11,366,842,68,36328,415,9124
120,11,367,1062,68,35303,416,0742
120,11,367,1062,68,35303,416,0742
120,11,367,1062,68,35303,416,0742
120,11,367,1062,68,35303,416,0742
120,11,367,343,68,34424,416,2194
120,11,367,343,68,34424,416,2194
120,11,367,343,68,34424,416,2194
120,11,367,6003,68,33447,416,3771
120,11,367,6003,68,33447,416,3771
120,11,367,6003,68,33447,416,3771
120,11,367,8406,68,3252,416,5244
120,11,367,8406,68,3252,416,5244
120,11,367,8406,68,3252,416,5244
120,11,367,8406,68,3252,416,5244
120,11,368,071,68,31641,416,6656
120,11,368,071,68,31641,416,6656
120,11,368,071,68,31641,416,6656
120,11,368,303,68,30762,416,8078
120,11,368,303,68,30762,416,8078
120,11,368,303,68,30762,416,8078
120,11,368,303,68,30762,416,8078
120,11,368,5442,68,29883,416,9557
120,11,368,5442,68,29883,416,9557
120,11,368,5442,68,29883,416,9557
120,11,368,7817,68,29346,417,1132
120,11,368,7817,68,29346,417,1132
120,11,368,7817,68,29346,417,1132
120,11,368,7817,68,29346,417,1132
120,11,369,0139,68,29053,417,2734
120,11,369,0139,68,29053,417,2734
120,11,369,0139,68,29053,417,2734
120,11,369,2368,68,2876,417,4274
120,11,369,2368,68,2876,417,4274
120,11,369,2368,68,2876,417,4274
120,11,369,2368,68,2876,417,4274
120,11,369,4658,68,28467,417,5854
120,11,369,4658,68,28467,417,5854
120,11,369,4658,68,28467,417,5854
120,11,369,4658,68,28467,417,5854
120,11,369,4658,68,28467,417,5854
120,11,369,4658,68,28467,417,5854
120,11,369,4658,68,28467,417,5854
120,11,369,4658,68,28467,417,5854
120,11,369,4658,68,28467,417,5854
120,11,369,4658,68,28467,417,5854
120,11,369,4658,68,28467,417,5854
120,11,369,4658,68,28467,417,5854
120,11,369,4658,68,28467,417,5854
120,11,369,4658,68,28467,417,5854
120,11,369,4658,68,28467,417,5854
120,11,369,6565,68,28223,417,717
120,11,369,6565,68,28223,417,717
120,11,369,6565,68,28223,417,717
120,11,369,8547,68,27979,417,8539
120,11,369,8547,68,27979,417,8539
120,11,369,8547,68,27979,417,8539
120,11,369,8547,68,27979,417,8539
120,11,370,0796,68,27686,418,0092
120,11,370,0796,68,27686,418,0092
120,11,370,0796,68,27686,418,0092
120,11,370,2986,68,27393,418,1603
120,11,370,2986,68,27393,418,1603
120,11,370,2986,68,27393,418,1603
120,11,370,5203,68,271,418,3133
120,11,370,5203,68,271,418,3133
120,11,370,5203,68,271,418,3133
120,11,370,5203,68,271,418,3133
120,11,370,7412,68,26855,418,4658
120,11,370,7412,68,26855,418,4658
120,11,370,7412,68,26855,418,4658
120,11,370,9604,68,26563,418,6172
120,11,370,9604,68,26563,418,6172
120,11,370,9604,68,26563,418,6172
120,11,370,9604,68,26563,418,6172
120,11,371,1829,68,26318,418,7708
120,11,371,1829,68,26318,418,7708
120,11,371,1829,68,26318,418,7708
120,11,371,4006,68,26025,418,9213
120,11,371,4006,68,26025,418,9213
120,11,371,4006,68,26025,418,9213
120,11,371,6187,68,24121,419,077
120,11,371,6187,68,24121,419,077
120,11,371,6187,68,24121,419,077
120,11,371,8105,68,17139,419,231
120,11,371,8105,68,17139,419,231
120,11,371,8105,68,17139,419,231
120,11,371,8105,68,17139,419,231
120,11,372,0107,68,09814,419,3916
120,11,372,0107,68,09814,419,3916
120,11,372,0107,68,09814,419,3916
120,11,372,2061,68,02686,419,5483
120,11,372,2061,68,02686,419,5483
120,11,372,2061,68,02686,419,5483
120,11,372,4041,67,95459,419,707
120,11,372,4041,67,95459,419,707
120,11,372,4041,67,95459,419,707
120,11,372,4041,67,95459,419,707
120,11,372,6001,67,88281,419,8643
120,11,372,6001,67,88281,419,8643
120,11,372,6001,67,88281,419,8643
120,11,372,7964,67,81104,420,0217
120,11,372,7964,67,81104,420,0217
120,11,372,7964,67,81104,420,0217
120,11,372,7964,67,81104,420,0217
120,11,372,7964,67,81104,420,0217
120,11,372,7964,67,81104,420,0217
120,11,372,7964,67,81104,420,0217
120,11,372,7964,67,81104,420,0217
120,11,372,7964,67,81104,420,0217
120,11,372,7964,67,81104,420,0217
120,12,372,7964,67,81104,420,0217
120,12,372,7964,67,81104,420,0217
120,12,372,7964,67,81104,420,0217
120,12,372,7964,67,81104,420,0217
120,12,372,9575,67,75244,420,151
120,12,372,9575,67,75244,420,151
120,12,372,9575,67,75244,420,151
120,12,373,1196,67,69336,420,281
120,12,373,1196,67,69336,420,281
120,12,373,1196,67,69336,420,281
120,12,373,3113,67,62354,420,4349
120,12,373,3113,67,62354,420,4349
120,12,373,3113,67,62354,420,4349
120,12,373,501,67,5542,420,587
120,12,373,501,67,5542,420,587
120,12,373,501,67,5542,420,587
120,12,373,6829,67,48779,420,7329
120,12,373,6829,67,48779,420,7329
120,12,373,6829,67,48779,420,7329
120,12,373,6829,67,48779,420,7329
120,12,373,8684,67,41992,420,8817
120,12,373,8684,67,41992,420,8817
120,12,373,8684,67,41992,420,8817
120,12,374,0588,67,35059,421,0345
120,12,374,0588,67,35059,421,0345
120,12,374,0588,67,35059,421,0345
120,12,374,2285,67,25391,421,2006
120,12,374,2285,67,25391,421,2006
120,12,374,2285,67,25391,421,2006
120,12,374,3901,67,15234,421,3669
120,12,374,3901,67,15234,421,3669
120,12,374,3901,67,15234,421,3669
120,12,374,5483,67,05273,421,5298
120,12,374,5483,67,05273,421,5298
120,12,374,5483,67,05273,421,5298
120,12,374,7048,66,9541,421,6912
120,12,374,7048,66,9541,421,6912
120,12,374,7048,66,9541,421,6912
120,12,374,8606,66,85596,421,8517
120,12,374,8606,66,85596,421,8517
120,12,374,8606,66,85596,421,8517
120,12,375,0164,66,75781,422,0121
120,12,375,0164,66,75781,422,0121
120,12,375,0164,66,75781,422,0121
120,12,375,1782,66,65576,422,1789
120,12,375,1782,66,65576,422,1789
120,12,375,1782,66,65576,422,1789
120,12,375,3303,66,56006,422,3356
120,12,375,3303,66,56006,422,3356
120,12,375,3303,66,56006,422,3356
120,12,375,3303,66,56006,422,3356
120,12,375,4805,66,46533,422,4902
120,12,375,4805,66,46533,422,4902
120,12,375,4805,66,46533,422,4902
120,12,375,6404,66,36426,422,655
120,12,375,6404,66,36426,422,655
120,12,375,6404,66,36426,422,655
120,12,375,6404,66,36426,422,655
120,12,375,6404,66,36426,422,655
120,12,375,6404,66,36426,422,655
120,12,375,6404,66,36426,422,655
120,12,375,6404,66,36426,422,655
120,12,375,6404,66,36426,422,655
120,12,375,6404,66,36426,422,655
120,12,375,6404,66,36426,422,655
120,12,375,6404,66,36426,422,655
120,12,375,6404,66,36426,422,655
120,12,375,6404,66,36426,422,655
120,12,375,6404,66,36426,422,655
120,12,375,8337,66,24219,422,8542
120,12,375,8337,66,24219,422,8542
120,12,375,8337,66,24219,422,8542
120,12,375,8337,66,24219,422,8542
120,12,375,9897,66,14404,423,0149
120,12,375,9897,66,14404,423,0149
120,12,375,9897,66,14404,423,0149
120,12,376,1501,66,04297,423,1801
120,12,376,1501,66,04297,423,1801
120,12,376,1501,66,04297,423,1801
120,12,376,3035,65,94629,423,3381
120,12,376,3035,65,94629,423,3381
120,12,376,3035,65,94629,423,3381
120,12,376,4536,65,85156,423,4928
120,12,376,4536,65,85156,423,4928
120,12,376,4536,65,85156,423,4928
120,12,376,5928,65,74951,423,6798
120,12,376,5928,65,74951,423,6798
120,12,376,5928,65,74951,423,6798
120,12,376,7087,65,65527,423,8637
120,12,376,7087,65,65527,423,8637
120,12,376,7087,65,65527,423,8637
120,12,376,8247,65,56104,424,0477
120,12,376,8247,65,56104,424,0477
120,12,376,8247,65,56104,424,0477
120,12,376,9382,65,46826,424,228
120,12,376,9382,65,46826,424,228
120,12,376,9382,65,46826,424,228
120,12,377,0554,65,37256,424,414
120,12,377,0554,65,37256,424,414
120,12,377,0554,65,37256,424,414
120,12,377,1729,65,27686,424,6005
120,12,377,1729,65,27686,424,6005
120,12,377,1729,65,27686,424,6005
120,12,377,2908,65,18066,424,7877
120,12,377,2908,65,18066,424,7877
120,12,377,2908,65,18066,424,7877
120,12,377,4092,65,08398,424,9757
120,12,377,4092,65,08398,424,9757
120,12,377,5232,64,99121,425,1567
120,12,377,5232,64,99121,425,1567
120,12,377,5232,64,99121,425,1567
120,12,377,6399,64,89648,425,3419
120,12,377,6399,64,89648,425,3419
120,12,377,6399,64,89648,425,3419
120,12,377,7571,64,80078,425,5281
120,12,377,7571,64,80078,425,5281
120,12,377,7571,64,80078,425,5281
120,12,377,8721,64,70703,425,7106
120,12,377,8721,64,70703,425,7106
120,12,377,8721,64,70703,425,7106
120,12,377,8721,64,70703,425,7106
120,12,377,8721,64,70703,425,7106
120,12,377,8721,64,70703,425,7106
120,12,377,8721,64,70703,425,7106
120,12,377,8721,64,70703,425,7106
120,12,377,8721,64,70703,425,7106
120,12,377,8721,64,70703,425,7106
120,12,377,8721,64,70703,425,7106
120,12,377,8721,64,70703,425,7106
120,13,377,8721,64,70703,425,7106
120,13,377,8721,64,70703,425,7106
120,13,377,8721,64,70703,425,7106
120,13,377,8721,64,70703,425,7106
120,13,377,9651,64,63135,425,8583
120,13,377,9651,64,63135,425,8583
120,13,378,0603,64,55371,426,0096
120,13,378,0603,64,55371,426,0096
120,13,378,0603,64,55371,426,0096
120,13,378,1743,64,46094,426,1906
120,13,378,1743,64,46094,426,1906
120,13,378,1743,64,46094,426,1906
120,13,378,2612,64,3667,426,39
120,13,378,2612,64,3667,426,39
120,13,378,2612,64,3667,426,39
120,13,378,3157,64,27686,426,5966
120,13,378,3157,64,27686,426,5966
120,13,378,3157,64,27686,426,5966
120,13,378,3723,64,18311,426,8119
120,13,378,3723,64,18311,426,8119
120,13,378,3723,64,18311,426,8119
120,13,378,4253,64,09521,427,0134
120,13,378,4253,64,09521,427,0134
120,13,378,4253,64,09521,427,0134
120,13,378,4763,64,01074,427,2081
120,13,378,4763,64,01074,427,2081
120,13,378,5276,63,92578,427,4031
120,13,378,5276,63,92578,427,4031
120,13,378,5276,63,92578,427,4031
120,13,378,5784,63,84131,427,5969
120,13,378,5784,63,84131,427,5969
120,13,378,5784,63,84131,427,5969
120,13,378,6292,63,75732,427,7901
120,13,378,6292,63,75732,427,7901
120,13,378,6802,63,67285,427,9844
120,13,378,6802,63,67285,427,9844
120,13,378,6802,63,67285,427,9844
120,13,378,7273,63,59473,428,1635
120,13,378,7273,63,59473,428,1635
120,13,378,7273,63,59473,428,1635
120,13,378,7776,63,51123,428,3549
120,13,378,7776,63,51123,428,3549
120,13,378,8298,63,4248,428,5538
120,13,378,8298,63,4248,428,5538
120,13,378,8298,63,4248,428,5538
120,13,378,8801,63,34131,428,7455
120,13,378,8801,63,34131,428,7455
120,13,378,8801,63,34131,428,7455
120,13,378,9304,63,25781,428,937
120,13,378,9304,63,25781,428,937
120,13,378,9304,63,25781,428,937
120,13,378,9824,63,17188,429,1351
120,13,378,9824,63,17188,429,1351
120,13,379,0254,63,08936,429,3312
120,13,379,0254,63,08936,429,3312
120,13,379,0254,63,08936,429,3312
120,13,379,0254,63,08936,429,3312
120,13,379,0254,63,08936,429,3312
120,13,379,0254,63,08936,429,3312
120,13,379,0254,63,08936,429,3312
120,13,379,0254,63,08936,429,3312
120,13,379,0254,63,08936,429,3312
120,13,379,0254,63,08936,429,3312
120,13,379,0254,63,08936,429,3312
120,13,379,0254,63,08936,429,3312
120,13,379,0254,63,08936,429,3312
120,13,379,0254,63,08936,429,3312
120,13,379,0254,63,08936,429,3312
120,13,379,0254,63,08936,429,3312
120,13,379,0254,63,08936,429,3312
120,13,379,0535,63,0249,429,4892
120,13,379,0535,63,0249,429,4892
120,13,379,0535,63,0249,429,4892
120,13,379,0806,62,9624,429,6416
120,13,379,0806,62,9624,429,6416
120,13,379,116,62,88135,429,8401
120,13,379,116,62,88135,429,8401
120,13,379,116,62,88135,429,8401
120,13,379,1521,62,79883,430,0424
120,13,379,1521,62,79883,430,0424
120,13,379,1521,62,79883,430,0424
120,13,379,1873,62,71826,430,2401
120,13,379,1873,62,71826,430,2401
120,13,379,1873,62,71826,430,2401
120,13,379,2224,62,6377,430,4373
120,13,379,2224,62,6377,430,4373
120,13,379,2593,62,55322,430,6438
120,13,379,2593,62,55322,430,6438
120,13,379,2593,62,55322,430,6438
120,13,379,2957,62,46973,430,8477
120,13,379,2957,62,46973,430,8477
120,13,379,2957,62,46973,430,8477
120,13,379,3303,62,39014,431,0426
120,13,379,3303,62,39014,431,0426
120,13,379,366,62,30859,431,2423
120,13,379,366,62,30859,431,2423
120,13,379,366,62,30859,431,2423
120,13,379,4009,62,22852,431,4382
120,13,379,4009,62,22852,431,4382
120,13,379,4009,62,22852,431,4382
120,13,379,4346,62,15137,431,6276
120,13,379,4346,62,15137,431,6276
120,13,379,47,62,06982,431,8265
120,13,379,47,62,06982,431,8265
120,13,379,47,62,06982,431,8265
120,13,379,5051,61,98926,432,0241
120,13,379,5051,61,98926,432,0241
120,13,379,5051,61,98926,432,0241
120,13,379,5403,61,9082,432,2226
120,13,379,5403,61,9082,432,2226
120,13,379,5403,61,9082,432,2226
120,13,379,5752,61,82764,432,4192
120,13,379,5752,61,82764,432,4192
120,13,379,5447,61,76709,432,6219
120,13,379,5447,61,76709,432,6219
120,13,379,5447,61,76709,432,6219
120,13,379,5112,61,70947,432,8196
120,13,379,5112,61,70947,432,8196
120,13,379,5112,61,70947,432,8196
120,13,379,4739,61,64502,433,0405
120,13,379,4739,61,64502,433,0405
120,13,379,4739,61,64502,433,0405
120,13,379,4739,61,64502,433,0405
120,13,379,4739,61,64502,433,0405
120,13,379,4739,61,64502,433,0405
120,13,379,4739,61,64502,433,0405
120,13,379,4739,61,64502,433,0405
120,14,379,4739,61,64502,433,0405
120,14,379,4739,61,64502,433,0405
120,14,379,4739,61,64502,433,0405
120,14,379,4465,61,59766,433,2025
120,14,379,4465,61,59766,433,2025
120,14,379,4465,61,59766,433,2025
120,14,379,4189,61,5498,433,3661
120,14,379,4189,61,5498,433,3661
120,14,379,3865,61,49365,433,5582
120,14,379,3865,61,49365,433,5582
120,14,379,3865,61,49365,433,5582
120,14,379,3528,61,43555,433,7577
120,14,379,3528,61,43555,433,7577
120,14,379,3203,61,37939,433,9503
120,14,379,3203,61,37939,433,9503
120,14,379,3203,61,37939,433,9503
120,14,379,2876,61,32275,434,1437
120,14,379,2876,61,32275,434,1437
120,14,379,2578,61,271,434,3208
120,14,379,2578,61,271,434,3208
120,14,379,2283,61,21973,434,4965
120,14,379,2283,61,21973,434,4965
120,14,379,2283,61,21973,434,4965
120,14,379,198,61,16699,434,6764
120,14,379,198,61,16699,434,6764
120,14,379,1682,61,11572,434,8523
120,14,379,1682,61,11572,434,8523
120,14,379,1401,61,06689,435,0193
120,14,379,1401,61,06689,435,0193
120,14,379,1111,61,01611,435,1922
120,14,379,1111,61,01611,435,1922
120,14,379,1111,61,01611,435,1922
120,14,379,0833,60,96777,435,3567
120,14,379,0833,60,96777,435,3567
120,14,379,054,60,91699,435,5308
120,14,379,054,60,91699,435,5308
120,14,379,0256,60,86768,435,6987
120,14,379,0256,60,86768,435,6987
120,14,378,9971,60,81836,435,8674
120,14,378,9971,60,81836,435,8674
120,14,378,9971,60,81836,435,8674
120,14,378,9685,60,76904,436,0365
120,14,378,9685,60,76904,436,0365
120,14,378,9402,60,71973,436,2043
120,14,378,9402,60,71973,436,2043
120,14,378,9119,60,6709,436,3719
120,14,378,9119,60,6709,436,3719
120,14,378,8848,60,62354,436,5331
120,14,378,8848,60,62354,436,5331
120,14,378,8574,60,57617,436,695
120,14,378,8574,60,57617,436,695
120,14,378,8271,60,52344,436,8748
120,14,378,8271,60,52344,436,8748
120,14,378,8271,60,52344,436,8748
120,14,378,8271,60,52344,436,8748
120,14,378,8271,60,52344,436,8748
120,14,378,8271,60,52344,436,8748
120,14,378,8271,60,52344,436,8748
120,14,378,8271,60,52344,436,8748
120,14,378,8271,60,52344,436,8748
120,14,378,8271,60,52344,436,8748
120,14,378,8271,60,52344,436,8748
120,14,378,8271,60,52344,436,8748
120,14,378,8271,60,52344,436,8748
120,14,378,8271,60,52344,436,8748
120,14,378,8271,60,52344,436,8748
120,14,378,8059,60,48682,437,0002
120,14,378,8059,60,48682,437,0002
120,14,378,7839,60,44873,437,1309
120,14,378,7839,60,44873,437,1309
120,14,378,7559,60,40039,437,2968
120,14,378,7559,60,40039,437,2968
120,14,378,72,60,35645,437,4548
120,14,378,72,60,35645,437,4548
120,14,378,6521,60,32227,437,6106
120,14,378,6521,60,32227,437,6106
120,14,378,5886,60,29004,437,7561
120,14,378,5886,60,29004,437,7561
120,14,378,5298,60,26025,437,8911
120,14,378,5298,60,26025,437,8911
120,14,378,4719,60,23096,438,0239
120,14,378,4719,60,23096,438,0239
120,14,378,4121,60,20068,438,1611
120,14,378,4121,60,20068,438,1611
120,14,378,3455,60,16699,438,3138
120,14,378,3455,60,16699,438,3138
120,14,378,2788,60,1333,438,4668
120,14,378,2788,60,1333,438,4668
120,14,378,2092,60,09814,438,6266
120,14,378,2092,60,09814,438,6266
120,14,378,2092,60,09814,438,6266
120,14,378,1392,60,06299,438,7872
120,14,378,1392,60,06299,438,7872
120,14,378,0679,60,02686,438,951
120,14,378,0679,60,02686,438,951
120,14,377,9968,59,99121,439,1143
120,14,377,9968,59,99121,439,1143
120,14,377,9968,59,99121,439,1143
120,14,377,9255,59,95508,439,2779
120,14,377,9255,59,95508,439,2779
120,14,377,8508,59,91748,439,4492
120,14,377,8508,59,91748,439,4492
120,14,377,8508,59,91748,439,4492
120,14,377,7751,59,87939,439,6232
120,14,377,7751,59,87939,439,6232
120,14,377,699,59,84082,439,7984
120,14,377,699,59,84082,439,7984
120,14,377,6223,59,80225,439,9744
120,14,377,6223,59,80225,439,9744
120,14,377,6223,59,80225,439,9744
120,14,377,5442,59,7627,440,1542
120,14,377,5442,59,7627,440,1542
120,14,377,5442,59,7627,440,1542
120,14,377,4419,59,71973,440,3181
120,14,377,4419,59,71973,440,3181
120,14,377,3008,59,66846,440,467
120,14,377,3008,59,66846,440,467
120,14,377,3008,59,66846,440,467
120,14,377,3008,59,66846,440,467
120,14,377,3008,59,66846,440,467
120,14,377,3008,59,66846,440,467
120,14,377,3008,59,66846,440,467
120,14,377,3008,59,66846,440,467
120,14,377,3008,59,66846,440,467
120,14,377,3008,59,66846,440,467
120,14,377,3008,59,66846,440,467
120,14,377,3008,59,66846,440,467
120,14,377,3008,59,66846,440,467
120,14,377,3008,59,66846,440,467
120,14,377,3008,59,66846,440,467
120,15,377,3008,59,66846,440,467
120,15,377,3008,59,66846,440,467
120,15,377,3008,59,66846,440,467
120,15,377,1951,59,62988,440,5787
120,15,377,1951,59,62988,440,5787
120,15,377,1951,59,62988,440,5787
120,15,377,085,59,58984,440,6949
120,15,377,085,59,58984,440,6949
120,15,376,9507,59,54102,440,8367
120,15,376,9507,59,54102,440,8367
120,15,376,9507,59,54102,440,8367
120,15,376,812,59,49072,440,983
120,15,376,812,59,49072,440,983
120,15,376,6807,59,44287,441,1217
120,15,376,6807,59,44287,441,1217
120,15,376,6807,59,44287,441,1217
120,15,376,5417,59,39258,441,2683
120,15,376,5417,59,39258,441,2683
120,15,376,4102,59,34473,441,4073
120,15,376,4102,59,34473,441,4073
120,15,376,4102,59,34473,441,4073
120,15,376,2778,59,29688,441,5471
120,15,376,2778,59,29688,441,5471
120,15,376,1504,59,25049,441,6817
120,15,376,1504,59,25049,441,6817
120,15,376,1504,59,25049,441,6817
120,15,376,0112,59,2002,441,8285
120,15,376,0112,59,2002,441,8285
120,15,375,8779,59,15186,441,9692
120,15,375,8779,59,15186,441,9692
120,15,375,8779,59,15186,441,9692
120,15,375,7432,59,10303,442,1116
120,15,375,7432,59,10303,442,1116
120,15,375,6135,59,05615,442,2484
120,15,375,6135,59,05615,442,2484
120,15,375,6135,59,05615,442,2484
120,15,375,4788,59,00732,442,3907
120,15,375,4788,59,00732,442,3907
120,15,375,3484,58,94775,442,5319
120,15,375,3484,58,94775,442,5319
120,15,375,3484,58,94775,442,5319
120,15,375,2273,58,87109,442,6692
120,15,375,2273,58,87109,442,6692
120,15,375,1072,58,79492,442,8056
120,15,375,1072,58,79492,442,8056
120,15,374,9875,58,71924,442,9412
120,15,374,9875,58,71924,442,9412
120,15,374,9875,58,71924,442,9412
120,15,374,8684,58,64404,443,0762
120,15,374,8684,58,64404,443,0762
120,15,374,7517,58,57031,443,2085
120,15,374,7517,58,57031,443,2085
120,15,374,7517,58,57031,443,2085
120,15,374,6287,58,49268,443,3481
120,15,374,6287,58,49268,443,3481
120,15,374,6287,58,49268,443,3481
120,15,374,6287,58,49268,443,3481
120,15,374,6287,58,49268,443,3481
120,15,374,6287,58,49268,443,3481
120,15,374,6287,58,49268,443,3481
120,15,374,6287,58,49268,443,3481
120,15,374,6287,58,49268,443,3481
120,15,374,6287,58,49268,443,3481
120,15,374,6287,58,49268,443,3481
120,15,374,6287,58,49268,443,3481
120,15,374,5305,58,43066,443,4595
120,15,374,5305,58,43066,443,4595
120,15,374,5305,58,43066,443,4595
120,15,374,4336,58,36963,443,5696
120,15,374,4336,58,36963,443,5696
120,15,374,3127,58,29346,443,7066
120,15,374,3127,58,29346,443,7066
120,15,374,3127,58,29346,443,7066
120,15,374,1936,58,21826,443,8419
120,15,374,1936,58,21826,443,8419
120,15,374,0774,58,14453,443,9739
120,15,374,0774,58,14453,443,9739
120,15,374,0774,58,14453,443,9739
120,15,373,9583,58,06934,444,1093
120,15,373,9583,58,06934,444,1093
120,15,373,8433,57,99658,444,2396
120,15,373,8433,57,99658,444,2396
120,15,373,7249,57,92188,444,3741
120,15,373,7249,57,92188,444,3741
120,15,373,7249,57,92188,444,3741
120,15,373,6084,57,84814,444,5062
120,15,373,6084,57,84814,444,5062
120,15,373,4919,57,7749,444,6383
120,15,373,4919,57,7749,444,6383
120,15,373,4919,57,7749,444,6383
120,15,373,3774,57,70264,444,7681
120,15,373,3774,57,70264,444,7681
120,15,373,2439,57,61035,444,8824
120,15,373,2439,57,61035,444,8824
120,15,373,1052,57,50635,444,9611
120,15,373,1052,57,50635,444,9611
120,15,373,1052,57,50635,444,9611
120,15,372,969,57,4043,445,0383
120,15,372,969,57,4043,445,0383
120,15,372,8325,57,30176,445,1156
120,15,372,8325,57,30176,445,1156
120,15,372,8325,57,30176,445,1156
120,15,372,689,57,19385,445,197
120,15,372,689,57,19385,445,197
120,15,372,551,57,09033,445,2753
120,15,372,551,57,09033,445,2753
120,15,372,4153,56,98828,445,3522
120,15,372,4153,56,98828,445,3522
120,15,372,4153,56,98828,445,3522
120,15,372,2822,56,88818,445,4276
120,15,372,2822,56,88818,445,4276
120,15,372,134,56,77686,445,5116
120,15,372,134,56,77686,445,5116
120,15,371,9963,56,67334,445,5896
120,15,371,9963,56,67334,445,5896
120,15,371,9963,56,67334,445,5896
120,15,371,8633,56,57324,445,665
120,15,371,8633,56,57324,445,665
120,15,371,8633,56,57324,445,665
120,15,371,8633,56,57324,445,665
120,15,371,8633,56,57324,445,665
120,15,371,8633,56,57324,445,665
120,15,371,8633,56,57324,445,665
120,15,371,8633,56,57324,445,665
120,15,371,8633,56,57324,445,665
120,15,371,8633,56,57324,445,665
120,15,371,8633,56,57324,445,665
120,15,371,8633,56,57324,445,665
120,16,371,8633,56,57324,445,665
120,16,371,8633,56,57324,445,665
120,16,371,8633,56,57324,445,665
120,16,371,7583,56,49463,445,7245
120,16,371,7583,56,49463,445,7245
120,16,371,6326,56,3999,445,7958
120,16,371,6326,56,3999,445,7958
120,16,371,6326,56,3999,445,7958
120,16,371,4937,56,2959,445,8745
120,16,371,4937,56,2959,445,8745
120,16,371,3652,56,19971,445,9473
120,16,371,3652,56,19971,445,9473
120,16,371,2354,56,10205,446,0209
120,16,371,2354,56,10205,446,0209
120,16,371,1038,56,00342,446,0955
120,16,371,1038,56,00342,446,0955
120,16,371,1038,56,00342,446,0955
120,16,370,9688,55,90186,446,1719
120,16,370,9688,55,90186,446,1719
120,16,370,8396,55,80469,446,2451
120,16,370,8396,55,80469,446,2451
120,16,370,7065,55,70508,446,3206
120,16,370,7065,55,70508,446,3206
120,16,370,5781,55,62402,446,4108
120,16,370,5781,55,62402,446,4108
120,16,370,5781,55,62402,446,4108
120,16,370,4556,55,56006,446,5122
120,16,370,4556,55,56006,446,5122
120,16,370,3035,55,48096,446,6381
120,16,370,3035,55,48096,446,6381
120,16,370,1772,55,41504,446,7427
120,16,370,1772,55,41504,446,7427
120,16,370,1772,55,41504,446,7427
120,16,370,0466,55,34717,446,8507
120,16,370,0466,55,34717,446,8507
120,16,369,9167,55,2793,446,9582
120,16,369,9167,55,2793,446,9582
120,16,369,7871,55,21191,447,0656
120,16,369,7871,55,21191,447,0656
120,16,369,6589,55,14502,447,1718
120,16,369,6589,55,14502,447,1718
120,16,369,6589,55,14502,447,1718
120,16,369,5315,55,07861,447,2772
120,16,369,5315,55,07861,447,2772
120,16,369,3977,55,00879,447,3879
120,16,369,3977,55,00879,447,3879
120,16,369,2644,54,93945,447,4984
120,16,369,2644,54,93945,447,4984
120,16,369,1377,54,87354,447,6033
120,16,369,1377,54,87354,447,6033
120,16,369,1377,54,87354,447,6033
120,16,369,0112,54,80762,447,7079
120,16,369,0112,54,80762,447,7079
120,16,368,8801,54,73926,447,8164
120,16,368,8801,54,73926,447,8164
120,16,368,8801,54,73926,447,8164
120,16,368,8801,54,73926,447,8164
120,16,368,8801,54,73926,447,8164
120,16,368,8801,54,73926,447,8164
120,16,368,8801,54,73926,447,8164
120,16,368,8801,54,73926,447,8164
120,16,368,8801,54,73926,447,8164
120,16,368,8801,54,73926,447,8164
120,16,368,8801,54,73926,447,8164
120,16,368,8801,54,73926,447,8164
120,16,368,8801,54,73926,447,8164
120,16,368,782,54,68799,447,8976
120,16,368,782,54,68799,447,8976
120,16,368,6824,54,63623,447,9801
120,16,368,6824,54,63623,447,9801
120,16,368,5513,54,56787,448,0887
120,16,368,5513,54,56787,448,0887
120,16,368,4226,54,50049,448,1953
120,16,368,4226,54,50049,448,1953
120,16,368,4226,54,50049,448,1953
120,16,368,2996,54,43652,448,2972
120,16,368,2996,54,43652,448,2972
120,16,368,1924,54,39746,448,4314
120,16,368,1924,54,39746,448,4314
120,16,368,0852,54,36035,448,57
120,16,368,0852,54,36035,448,57
120,16,367,9795,54,32373,448,707
120,16,367,9795,54,32373,448,707
120,16,367,9795,54,32373,448,707
120,16,367,8706,54,28564,448,8481
120,16,367,8706,54,28564,448,8481
120,16,367,7627,54,24805,448,9879
120,16,367,7627,54,24805,448,9879
120,16,367,657,54,21143,449,1248
120,16,367,657,54,21143,449,1248
120,16,367,553,54,17529,449,2594
120,16,367,553,54,17529,449,2594
120,16,367,449,54,13916,449,3939
120,16,367,449,54,13916,449,3939
120,16,367,449,54,13916,449,3939
120,16,367,3396,54,10107,449,5355
120,16,367,3396,54,10107,449,5355
120,16,367,2351,54,06494,449,6709
120,16,367,2351,54,06494,449,6709
120,16,367,124,54,02637,449,8147
120,16,367,124,54,02637,449,8147
120,16,367,124,54,02637,449,8147
120,16,367,0186,53,98975,449,9513
120,16,367,0186,53,98975,449,9513
120,16,366,9045,53,9502,450,0989
120,16,366,9045,53,9502,450,0989
120,16,366,7942,53,91211,450,2417
120,16,366,7942,53,91211,450,2417
120,16,366,688,53,875,450,3792
120,16,366,688,53,875,450,3792
120,16,366,5815,53,83789,450,5169
120,16,366,5815,53,83789,450,5169
120,16,366,5815,53,83789,450,5169
120,16,366,4807,53,80273,450,6476
120,16,366,4807,53,80273,450,6476
120,16,366,3777,53,76709,450,7812
120,16,366,3777,53,76709,450,7812
120,16,366,3777,53,76709,450,7812
120,16,366,3777,53,76709,450,7812
120,16,366,3777,53,76709,450,7812
120,16,366,3777,53,76709,450,7812
120,16,366,3777,53,76709,450,7812
120,16,366,3777,53,76709,450,7812
120,16,366,3777,53,76709,450,7812
120,16,366,3777,53,76709,450,7812
120,16,366,3777,53,76709,450,7812
120,16,366,3777,53,76709,450,7812
120,16,366,3777,53,76709,450,7812
120,17,366,3777,53,76709,450,7812
120,17,366,2925,53,7373,450,8917
120,17,366,2925,53,7373,450,8917
120,17,366,2925,53,7373,450,8917
120,17,366,2078,53,70801,451,0012
120,17,366,2078,53,70801,451,0012
120,17,366,0857,53,66553,451,1594
120,17,366,0857,53,66553,451,1594
120,17,365,9822,53,62988,451,2934
120,17,365,9822,53,62988,451,2934
120,17,365,8745,53,59375,451,4299
120,17,365,8745,53,59375,451,4299
120,17,365,8745,53,59375,451,4299
120,17,365,7561,53,56104,451,5594
120,17,365,7561,53,56104,451,5594
120,17,365,6414,53,5293,451,6849
120,17,365,6414,53,5293,451,6849
120,17,365,5234,53,49658,451,8139
120,17,365,5234,53,49658,451,8139
120,17,365,4114,53,46533,451,9365
120,17,365,4114,53,46533,451,9365
120,17,365,2942,53,43262,452,0645
120,17,365,2942,53,43262,452,0645
120,17,365,1804,53,40088,452,189
120,17,365,1804,53,40088,452,189
120,17,365,1804,53,40088,452,189
120,17,365,0669,53,36914,452,3132
120,17,365,0669,53,36914,452,3132
120,17,364,9485,53,33643,452,4427
120,17,364,9485,53,33643,452,4427
120,17,364,8347,53,30469,452,5672
120,17,364,8347,53,30469,452,5672
120,17,364,7212,53,27295,452,6913
120,17,364,7212,53,27295,452,6913
120,17,364,6089,53,2417,452,814
120,17,364,6089,53,2417,452,814
120,17,364,4939,53,20996,452,9398
120,17,364,4939,53,20996,452,9398
120,17,364,4939,53,20996,452,9398
120,17,364,3826,53,1792,453,0615
120,17,364,3826,53,1792,453,0615
120,17,364,2688,53,14746,453,186
120,17,364,2688,53,14746,453,186
120,17,364,1533,53,11523,453,3124
120,17,364,1533,53,11523,453,3124
120,17,364,0403,53,08398,453,436
120,17,364,0403,53,08398,453,436
120,17,363,929,53,05322,453,5577
120,17,363,929,53,05322,453,5577
120,17,363,8145,53,02148,453,6829
120,17,363,8145,53,02148,453,6829
120,17,363,7043,52,99072,453,8032
120,17,363,7043,52,99072,453,8032
120,17,363,7043,52,99072,453,8032
120,17,363,7043,52,99072,453,8032
120,17,363,7043,52,99072,453,8032
120,17,363,7043,52,99072,453,8032
120,17,363,7043,52,99072,453,8032
120,17,363,7043,52,99072,453,8032
120,17,363,7043,52,99072,453,8032
120,17,363,7043,52,99072,453,8032
120,17,363,7043,52,99072,453,8032
120,17,363,7043,52,99072,453,8032
120,17,363,7043,52,99072,453,8032
120,17,363,7043,52,99072,453,8032
120,17,363,6125,52,96533,453,9038
120,17,363,6125,52,96533,453,9038
120,17,363,6125,52,96533,453,9038
120,17,363,5242,52,94141,453,9991
120,17,363,5242,52,94141,453,9991
120,17,363,4001,52,90771,454,1332
120,17,363,4001,52,90771,454,1332
120,17,363,2883,52,87744,454,2539
120,17,363,2883,52,87744,454,2539
120,17,363,1741,52,84668,454,3772
120,17,363,1741,52,84668,454,3772
120,17,363,0627,52,81641,454,4974
120,17,363,0627,52,81641,454,4974
120,17,362,9263,52,7793,454,645
120,17,362,9263,52,7793,454,645
120,17,362,9263,52,7793,454,645
120,17,362,8184,52,75,454,7615
120,17,362,8184,52,75,454,7615
120,17,362,7048,52,71924,454,8843
120,17,362,7048,52,71924,454,8843
120,17,362,5908,52,68848,455,0074
120,17,362,5908,52,68848,455,0074
120,17,362,4817,52,65869,455,1254
120,17,362,4817,52,65869,455,1254
120,17,362,3738,52,62939,455,2419
120,17,362,3738,52,62939,455,2419
120,17,362,261,52,59863,455,3639
120,17,362,261,52,59863,455,3639
120,17,362,1482,52,56836,455,4856
120,17,362,1482,52,56836,455,4856
120,17,362,0352,52,5376,455,6077
120,17,362,0352,52,5376,455,6077
120,17,361,9241,52,50732,455,7275
120,17,361,9241,52,50732,455,7275
120,17,361,8169,52,47852,455,8433
120,17,361,8169,52,47852,455,8433
120,17,361,7085,52,44922,455,9603
120,17,361,7085,52,44922,455,9603
120,17,361,5977,52,41895,456,08
120,17,361,5977,52,41895,456,08
120,17,361,4861,52,38867,456,2004
120,17,361,4861,52,38867,456,2004
120,17,361,4861,52,38867,456,2004
120,17,361,3743,52,3584,456,3212
120,17,361,3743,52,3584,456,3212
120,17,361,262,52,32813,456,4426
120,17,361,262,52,32813,456,4426
120,17,361,1777,52,29736,456,5767
120,17,361,1777,52,29736,456,5767
120,17,361,1052,52,26514,456,7247
120,17,361,1052,52,26514,456,7247
120,17,361,1052,52,26514,456,7247
120,17,361,1052,52,26514,456,7247
120,17,361,1052,52,26514,456,7247
120,17,361,1052,52,26514,456,7247
120,17,361,1052,52,26514,456,7247
120,17,361,1052,52,26514,456,7247
120,17,361,1052,52,26514,456,7247
120,17,361,1052,52,26514,456,7247
120,17,361,1052,52,26514,456,7247
120,17,361,1052,52,26514,456,7247
120,17,361,1052,52,26514,456,7247
120,18,361,1052,52,26514,456,7247
120,18,361,1052,52,26514,456,7247
120,18,361,0518,52,24121,456,8339
120,18,361,0518,52,24121,456,8339
120,18,360,9998,52,21777,456,9403
120,18,360,9998,52,21777,456,9403
120,18,360,9268,52,18506,457,0897
120,18,360,9268,52,18506,457,0897
120,18,360,8582,52,1543,457,2301
120,18,360,8582,52,1543,457,2301
120,18,360,7883,52,12305,457,3729
120,18,360,7883,52,12305,457,3729
120,18,360,7192,52,09229,457,5141
120,18,360,7192,52,09229,457,5141
120,18,360,6489,52,06055,457,6577
120,18,360,6489,52,06055,457,6577
120,18,360,5801,52,02979,457,7982
120,18,360,5801,52,02979,457,7982
120,18,360,5117,51,99902,457,9379
120,18,360,5117,51,99902,457,9379
120,18,360,4492,51,97119,458,0655
120,18,360,4492,51,97119,458,0655
120,18,360,3855,51,94287,458,1956
120,18,360,3232,51,91504,458,3229
120,18,360,3232,51,91504,458,3229
120,18,360,261,51,88721,458,4502
120,18,360,261,51,88721,458,4502
120,18,360,2,51,85986,458,5751
120,18,360,2,51,85986,458,5751
120,18,360,1411,51,8335,458,6954
120,18,360,0764,51,8042,458,8276
120,18,360,0764,51,8042,458,8276
120,18,360,0166,51,77734,458,9498
120,18,360,0166,51,77734,458,9498
120,18,359,9583,51,75098,459,0692
120,18,359,9583,51,75098,459,0692
120,18,359,8987,51,72412,459,191
120,18,359,8389,51,69727,459,3132
120,18,359,8389,51,69727,459,3132
120,18,359,7805,51,6709,459,4326
120,18,359,7805,51,6709,459,4326
120,18,359,7847,51,64258,459,5629
120,18,359,8184,51,61377,459,6955
120,18,359,8184,51,61377,459,6955
120,18,359,8516,51,58496,459,8262
120,18,359,8516,51,58496,459,8262
120,18,359,8848,51,55615,459,957
120,18,359,8848,51,55615,459,957
120,18,359,9189,51,52686,460,0912
120,18,359,9189,51,52686,460,0912
120,18,359,9539,51,49707,460,2285
120,18,359,9539,51,49707,460,2285
120,18,359,9912,51,46484,460,3754
120,18,359,9912,51,46484,460,3754
120,18,359,9912,51,46484,460,3754
120,18,359,9912,51,46484,460,3754
120,18,359,9912,51,46484,460,3754
120,18,359,9912,51,46484,460,3754
120,18,359,9912,51,46484,460,3754
120,18,359,9912,51,46484,460,3754
120,18,359,9912,51,46484,460,3754
120,18,359,9912,51,46484,460,3754
120,18,359,9912,51,46484,460,3754
120,18,359,9912,51,46484,460,3754
120,18,359,9912,51,46484,460,3754
120,18,359,9912,51,46484,460,3754
120,18,360,0215,51,43896,460,4945
120,18,360,0215,51,43896,460,4945
120,18,360,0527,51,41211,460,6174
120,18,360,0527,51,41211,460,6174
120,18,360,0928,51,37793,460,7747
120,18,360,0928,51,37793,460,7747
120,18,360,1321,51,34424,460,9291
120,18,360,1321,51,34424,460,9291
120,18,360,1699,51,31152,461,0784
120,18,360,1699,51,31152,461,0784
120,18,360,2102,51,27686,461,2369
120,18,360,2102,51,27686,461,2369
120,18,360,2498,51,24268,461,3925
120,18,360,2498,51,24268,461,3925
120,18,360,2881,51,20996,461,543
120,18,360,2881,51,20996,461,543
120,18,360,3284,51,17529,461,7012
120,18,360,3284,51,17529,461,7012
120,18,360,3284,51,17529,461,7012
120,18,360,3735,51,13623,461,879
120,18,360,3735,51,13623,461,879
120,18,360,4141,51,10156,462,0381
120,18,360,4141,51,10156,462,0381
120,18,360,4551,51,06641,462,1996
120,18,360,4551,51,06641,462,1996
120,18,360,4956,51,03125,462,3595
120,18,360,4956,51,03125,462,3595
120,18,360,5359,50,99658,462,5175
120,18,360,5359,50,99658,462,5175
120,18,360,5769,50,96143,462,6788
120,18,360,5769,50,96143,462,6788
120,18,360,6484,50,93115,462,8199
120,18,360,6484,50,93115,462,8199
120,18,360,7959,50,91357,462,9094
120,18,360,7959,50,91357,462,9094
120,18,360,7959,50,91357,462,9094
120,18,360,9399,50,89648,462,9967
120,18,360,9399,50,89648,462,9967
120,18,361,093,50,87793,463,0896
120,18,361,093,50,87793,463,0896
120,18,361,2444,50,85986,463,1813
120,18,361,2444,50,85986,463,1813
120,18,361,3967,50,8418,463,2737
120,18,361,3967,50,8418,463,2737
120,18,361,3967,50,8418,463,2737
120,18,361,553,50,82324,463,3686
120,19,361,553,50,82324,463,3686
120,19,361,553,50,82324,463,3686
120,19,361,553,50,82324,463,3686
120,19,361,553,50,82324,463,3686
120,19,361,7083,50,80469,463,4627
120,19,361,7083,50,80469,463,4627
120,19,361,7083,50,80469,463,4627
120,19,362,0486,50,76367,463,6691
120,19,362,0486,50,76367,463,6691
120,19,362,2588,50,73828,463,7966
120,19,362,2588,50,73828,463,7966
120,19,362,2588,50,73828,463,7966
120,19,362,4343,50,71729,463,9031
120,19,362,4343,50,71729,463,9031
120,19,362,5967,50,69775,464,0016
120,19,362,5967,50,69775,464,0016
120,19,362,5967,50,69775,464,0016
120,19,362,7686,50,67725,464,1058
120,19,362,7686,50,67725,464,1058
120,19,362,9368,50,65723,464,2078
120,19,362,9368,50,65723,464,2078
120,19,362,9368,50,65723,464,2078
120,19,363,1128,50,63623,464,3147
120,19,363,1128,50,63623,464,3147
120,19,363,2922,50,61963,464,3999
120,19,363,2922,50,61963,464,3999
120,19,363,2922,50,61963,464,3999
120,19,363,4902,50,61133,464,4452
120,19,363,4902,50,61133,464,4452
120,19,363,6816,50,60352,464,489
120,19,363,6816,50,60352,464,489
120,19,363,6816,50,60352,464,489
120,19,363,8738,50,5957,464,533
120,19,363,8738,50,5957,464,533
120,19,364,0608,50,58789,464,5758
120,19,364,0608,50,58789,464,5758
120,19,364,0608,50,58789,464,5758
120,19,364,2527,50,58008,464,6198
120,19,364,2527,50,58008,464,6198
120,19,364,4546,50,57178,464,666
120,19,364,4546,50,57178,464,666
120,19,364,4546,50,57178,464,666
120,19,364,6541,50,56348,464,7117
120,19,364,6541,50,56348,464,7117
120,19,364,8508,50,55518,464,7567
120,19,364,8508,50,55518,464,7567
120,19,364,8508,50,55518,464,7567
120,19,365,0493,50,54688,464,8022
120,19,365,0493,50,54688,464,8022
120,19,365,238,50,53906,464,8453
120,19,365,238,50,53906,464,8453
120,19,365,238,50,53906,464,8453
120,19,365,4446,50,53027,464,8926
120,19,365,4446,50,53027,464,8926
120,19,365,6367,50,52197,464,9366
120,19,365,6367,50,52197,464,9366
120,19,365,6367,50,52197,464,9366
120,19,365,6367,50,52197,464,9366
120,19,365,6367,50,52197,464,9366
120,19,365,6367,50,52197,464,9366
120,19,365,6367,50,52197,464,9366
120,19,365,6367,50,52197,464,9366
120,19,365,6367,50,52197,464,9366
120,19,365,6367,50,52197,464,9366
120,19,365,6367,50,52197,464,9366
120,19,365,7971,50,51514,464,9733
120,19,365,7971,50,51514,464,9733
120,19,365,7971,50,51514,464,9733
120,19,365,9631,50,5083,465,0112
120,19,365,9631,50,5083,465,0112
120,19,366,1648,50,5,465,0574
120,19,366,1648,50,5,465,0574
120,19,366,1648,50,5,465,0574
120,19,366,3608,50,4917,465,1023
120,19,366,3608,50,4917,465,1023
120,19,366,5583,50,4834,465,1475
120,19,366,5583,50,4834,465,1475
120,19,366,5583,50,4834,465,1475
120,19,366,7556,50,4751,465,1926
120,19,366,7556,50,4751,465,1926
120,19,366,9578,50,4668,465,2389
120,19,366,9578,50,4668,465,2389
120,19,366,9578,50,4668,465,2389
120,19,367,1489,50,4585,465,2827
120,19,367,1489,50,4585,465,2827
120,19,367,3347,50,45068,465,3253
120,19,367,3347,50,45068,465,3253
120,19,367,3347,50,45068,465,3253
120,19,367,5247,50,44287,465,3688
120,19,367,5247,50,44287,465,3688
120,19,367,718,50,43457,465,413
120,19,367,718,50,43457,465,413
120,19,367,718,50,43457,465,413
120,19,367,908,50,42676,465,4565
120,19,367,908,50,42676,465,4565
120,19,368,1133,50,41797,465,5035
120,19,368,1133,50,41797,465,5035
120,19,368,1133,50,41797,465,5035
120,19,368,3005,50,41016,465,5464
120,19,368,3005,50,41016,465,5464
120,19,368,4849,50,40186,465,5878
120,19,368,4849,50,40186,465,5878
120,19,368,6768,50,38818,465,6052
120,19,368,6768,50,38818,465,6052
120,19,368,6768,50,38818,465,6052
120,19,368,8625,50,375,465,6221
120,19,368,8625,50,375,465,6221
120,19,369,0566,50,36133,465,6396
120,19,369,0566,50,36133,465,6396
120,19,369,0566,50,36133,465,6396
120,19,369,2451,50,34814,465,6567
120,19,369,2451,50,34814,465,6567
120,19,369,428,50,33496,465,6733
120,19,369,428,50,33496,465,6733
120,19,369,616,50,32178,465,6904
120,19,369,616,50,32178,465,6904
120,19,369,616,50,32178,465,6904
120,19,369,616,50,32178,465,6904
120,19,369,616,50,32178,465,6904
120,19,369,616,50,32178,465,6904
120,19,369,616,50,32178,465,6904
120,19,369,616,50,32178,465,6904
120,19,369,616,50,32178,465,6904
120,19,369,616,50,32178,465,6904
120,19,369,616,50,32178,465,6904
120,20,369,616,50,32178,465,6904
120,20,369,616,50,32178,465,6904
120,20,369,616,50,32178,465,6904
120,20,369,7632,50,31152,465,7038
120,20,369,7632,50,31152,465,7038
120,20,369,9133,50,30078,465,7174
120,20,369,9133,50,30078,465,7174
120,20,369,9133,50,30078,465,7174
120,20,370,0979,50,2876,465,7341
120,20,370,0979,50,2876,465,7341
120,20,370,2927,50,27393,465,7518
120,20,370,2927,50,27393,465,7518
120,20,370,479,50,26074,465,7687
120,20,370,479,50,26074,465,7687
120,20,370,479,50,26074,465,7687
120,20,370,6719,50,24707,465,7863
120,20,370,6719,50,24707,465,7863
120,20,370,8464,50,23486,465,8021
120,20,370,8464,50,23486,465,8021
120,20,370,8464,50,23486,465,8021
120,20,371,05,50,22021,465,8206
120,20,371,05,50,22021,465,8206
120,20,371,24,50,20654,465,8378
120,20,371,24,50,20654,465,8378
120,20,371,24,50,20654,465,8378
120,20,371,4565,50,19092,465,8574
120,20,371,4565,50,19092,465,8574
120,20,371,6548,50,17676,465,8754
120,20,371,6548,50,17676,465,8754
120,20,371,8406,50,16357,465,8923
120,20,371,8406,50,16357,465,8923
120,20,371,8406,50,16357,465,8923
120,20,372,0266,50,15039,465,9092
120,20,372,0266,50,15039,465,9092
120,20,372,2085,50,1377,465,9257
120,20,372,2085,50,1377,465,9257
120,20,372,3997,50,12402,465,9431
120,20,372,3997,50,12402,465,9431
120,20,372,3997,50,12402,465,9431
120,20,372,582,50,1123,465,9653
120,20,372,582,50,1123,465,9653
120,20,372,582,50,1123,465,9653
120,20,372,8032,50,10205,466,0142
120,20,372,8032,50,10205,466,0142
120,20,372,9763,50,09375,466,0525
120,20,372,9763,50,09375,466,0525
120,20,373,1477,50,08594,466,0904
120,20,373,1477,50,08594,466,0904
120,20,373,3188,50,07813,466,1282
120,20,373,3188,50,07813,466,1282
120,20,373,4866,50,07031,466,1653
120,20,373,4866,50,07031,466,1653
120,20,373,6536,50,0625,466,2021
120,20,373,6536,50,0625,466,2021
120,20,373,6536,50,0625,466,2021
120,20,373,6536,50,0625,466,2021
120,20,373,6536,50,0625,466,2021
120,20,373,6536,50,0625,466,2021
120,20,373,6536,50,0625,466,2021
120,20,373,6536,50,0625,466,2021
120,20,373,6536,50,0625,466,2021
120,20,373,6536,50,0625,466,2021
120,20,373,6536,50,0625,466,2021
120,20,373,6536,50,0625,466,2021
120,20,373,6536,50,0625,466,2021
120,20,373,7822,50,05664,466,2306
120,20,373,7822,50,05664,466,2306
120,20,373,9175,50,05029,466,2605
120,20,373,9175,50,05029,466,2605
120,20,374,0918,50,04199,466,2991
120,20,374,0918,50,04199,466,2991
120,20,374,2585,50,03418,466,3359
120,20,374,2585,50,03418,466,3359
120,20,374,4209,50,02637,466,3718
120,20,374,4209,50,02637,466,3718
120,20,374,5818,50,01904,466,4074
120,20,374,5818,50,01904,466,4074
120,20,374,5818,50,01904,466,4074
120,20,374,7502,50,01123,466,4446
120,20,374,7502,50,01123,466,4446
120,20,374,9211,50,00342,466,4824
120,20,374,9211,50,00342,466,4824
120,20,375,0862,49,99561,466,5189
120,20,375,0862,49,99561,466,5189
120,20,375,2524,49,98779,466,5557
120,20,375,2524,49,98779,466,5557
120,20,375,4146,49,97998,466,5916
120,20,375,4146,49,97998,466,5916
120,20,375,5774,49,97266,466,6276
120,20,375,5774,49,97266,466,6276
120,20,375,74,49,96484,466,6635
120,20,375,74,49,96484,466,6635
120,20,375,8992,49,95752,466,6987
120,20,375,8992,49,95752,466,6987
120,20,376,0642,49,94971,466,7352
120,20,376,0642,49,94971,466,7352
120,20,376,2297,49,94189,466,7718
120,20,376,2297,49,94189,466,7718
120,20,376,2297,49,94189,466,7718
120,20,376,3918,49,93457,466,8076
120,20,376,3918,49,93457,466,8076
120,20,376,3918,49,93457,466,8076
120,20,376,3918,49,93457,466,8076
120,20,376,3918,49,93457,466,8076
120,20,376,3918,49,93457,466,8076
120,20,376,3918,49,93457,466,8076
120,20,376,3918,49,93457,466,8076
120,20,376,3918,49,93457,466,8076
120,20,376,3918,49,93457,466,8076
120,20,376,3918,49,93457,466,8076
120,20,376,3918,49,93457,466,8076
120,20,376,3918,49,93457,466,8076
120,20,376,3918,49,93457,466,8076
120,20,376,3918,49,93457,466,8076
120,20,376,3918,49,93457,466,8076
120,20,376,3918,49,93457,466,8076
120,20,376,3918,49,93457,466,8076
120,20,376,3918,49,93457,466,8076
120,20,376,3918,49,93457,466,8076
120,20,376,3918,49,93457,466,8076
120,20,376,3918,49,93457,466,8076
120,20,376,3918,49,93457,466,8076
120,20,376,3918,49,93457,466,8076
120,20,376,3918,49,93457,466,8076
120,20,376,3918,49,93457,466,8076
120,20,376,3918,49,93457,466,8076
120,21,376,3918,49,93457,466,8076
120,21,376,3918,49,93457,466,8076
120,21,376,3918,49,93457,466,8076
120,21,376,3918,49,93457,466,8076
120,21,376,3918,49,93457,466,8076
120,21,376,3918,49,93457,466,8076
120,21,376,3918,49,93457,466,8076
120,21,376,3918,49,93457,466,8076
120,21,376,3918,49,93457,466,8076
120,21,376,3918,49,93457,466,8076
120,21,376,3918,49,93457,466,8076
120,21,376,3918,49,93457,466,8076
120,21,376,3918,49,93457,466,8076
120,21,376,3918,49,93457,466,8076
120,21,376,3918,49,93457,466,8076
120,21,376,3918,49,93457,466,8076
120,21,376,3918,49,93457,466,8076
120,21,376,3918,49,93457,466,8076
120,21,376,3918,49,93457,466,8076
120,21,376,3918,49,93457,466,8076
120,21,376,3918,49,93457,466,8076
120,21,376,3918,49,93457,466,8076
120,21,376,3918,49,93457,466,8076
120,21,376,3918,49,93457,466,8076
120,21,376,3918,49,93457,466,8076
120,21,376,3918,49,93457,466,8076
120,21,376,3918,49,93457,466,8076
120,21,376,3918,49,93457,466,8076
120,21,376,3918,49,93457,466,8076
120,21,376,3918,49,93457,466,8076
120,21,376,3918,49,93457,466,8076
120,21,376,3918,49,93457,466,8076
120,21,376,3918,49,93457,466,8076
120,21,376,3918,49,93457,466,8076
120,21,376,3918,49,93457,466,8076
120,21,376,3918,49,93457,466,8076
120,21,376,3918,49,93457,466,8076
120,21,376,3918,49,93457,466,8076
120,21,376,3918,49,93457,466,8076
120,21,376,3918,49,93457,466,8076
120,21,376,3918,49,93457,466,8076
120,21,376,3918,49,93457,466,8076
120,21,376,3918,49,93457,466,8076
120,21,376,3918,49,93457,466,8076
120,21,376,3918,49,93457,466,8076
120,21,376,3918,49,93457,466,8076
120,21,376,3918,49,93457,466,8076
120,21,376,3918,49,93457,466,8076
120,21,376,3918,49,93457,466,8076
120,21,376,3918,49,93457,466,8076
120,21,376,3918,49,93457,466,8076
120,21,376,3918,49,93457,466,8076
120,21,376,3918,49,93457,466,8076
120,21,376,3918,49,93457,466,8076
120,21,376,3918,49,93457,466,8076
120,21,376,3918,49,93457,466,8076
120,21,376,3918,49,93457,466,8076
120,21,376,3918,49,93457,466,8076
120,21,376,3918,49,93457,466,8076
120,21,376,3918,49,93457,466,8076
120,21,376,3918,49,93457,466,8076
120,21,376,3918,49,93457,466,8076
120,21,376,3918,49,93457,466,8076
120,21,376,3918,49,93457,466,8076
120,21,376,3918,49,93457,466,8076
120,21,376,3918,49,93457,466,8076
120,21,376,3918,49,93457,466,8076
120,21,376,3918,49,93457,466,8076
120,21,376,3918,49,93457,466,8076
120,21,376,3918,49,93457,466,8076
120,21,376,3918,49,93457,466,8076
120,21,376,3918,49,93457,466,8076
120,21,376,3918,49,93457,466,8076
120,21,376,3918,49,93457,466,8076
120,21,376,3918,49,93457,466,8076
120,21,376,3918,49,93457,466,8076
120,21,376,3918,49,93457,466,8076
120,21,376,3918,49,93457,466,8076
120,21,376,3918,49,93457,466,8076
120,21,376,3918,49,93457,466,8076
120,21,376,3918,49,93457,466,8076
120,21,376,3918,49,93457,466,8076
120,21,376,3918,49,93457,466,8076
120,21,376,3918,49,93457,466,8076
120,21,376,3918,49,93457,466,8076
120,21,376,3918,49,93457,466,8076
120,21,376,3918,49,93457,466,8076
120,21,376,3918,49,93457,466,8076
120,21,376,3918,49,93457,466,8076
120,21,376,3918,49,93457,466,8076
120,21,376,3918,49,93457,466,8076
120,21,376,3918,49,93457,466,8076
120,21,376,3918,49,93457,466,8076
120,21,376,3918,49,93457,466,8076
120,21,376,3918,49,93457,466,8076
120,21,376,3918,49,93457,466,8076
120,21,376,3918,49,93457,466,8076
120,21,376,3918,49,93457,466,8076
120,21,376,3918,49,93457,466,8076
120,21,376,3918,49,93457,466,8076
120,21,376,3918,49,93457,466,8076
120,21,376,3918,49,93457,466,8076
120,21,376,3918,49,93457,466,8076
120,21,376,3918,49,93457,466,8076
120,21,376,3918,49,93457,466,8076
120,21,376,3918,49,93457,466,8076
120,21,376,3918,49,93457,466,8076
120,21,376,3918,49,93457,466,8076
120,21,376,3918,49,93457,466,8076
120,21,376,3918,49,93457,466,8076
120,21,376,3918,49,93457,466,8076
120,21,376,3918,49,93457,466,8076
120,21,376,3918,49,93457,466,8076
120,21,376,3918,49,93457,466,8076
120,21,376,3918,49,93457,466,8076
120,21,376,3918,49,93457,466,8076
120,21,376,3918,49,93457,466,8076
120,21,376,3918,49,93457,466,8076
120,21,376,3918,49,93457,466,8076
120,21,376,3918,49,93457,466,8076
120,21,376,3918,49,93457,466,8076
120,21,376,3918,49,93457,466,8076
120,21,376,3918,49,93457,466,8076
120,21,376,3918,49,93457,466,8076
120,22,376,3918,49,93457,466,8076
120,22,376,3918,49,93457,466,8076
120,22,376,3918,49,93457,466,8076
120,22,376,3918,49,93457,466,8076
120,22,376,3918,49,93457,466,8076
120,22,376,3918,49,93457,466,8076
120,22,376,3918,49,93457,466,8076
120,22,376,3918,49,93457,466,8076
120,22,376,3918,49,93457,466,8076
120,22,376,3918,49,93457,466,8076
120,22,376,3918,49,93457,466,8076
120,22,376,3918,49,93457,466,8076
120,22,376,3918,49,93457,466,8076
120,22,376,3918,49,93457,466,8076
120,22,376,3918,49,93457,466,8076
120,22,376,3918,49,93457,466,8076
120,22,376,3918,49,93457,466,8076
120,22,376,3918,49,93457,466,8076
120,22,376,3918,49,93457,466,8076
120,22,376,3918,49,93457,466,8076
120,22,376,3918,49,93457,466,8076
120,22,376,3918,49,93457,466,8076
120,22,376,3918,49,93457,466,8076
120,22,376,3918,49,93457,466,8076
120,22,376,3918,49,93457,466,8076
120,22,376,3918,49,93457,466,8076
120,22,376,3918,49,93457,466,8076
120,22,376,3918,49,93457,466,8076
120,22,376,3918,49,93457,466,8076
120,22,376,3918,49,93457,466,8076
120,22,376,3918,49,93457,466,8076
120,22,376,3918,49,93457,466,8076
120,22,376,3918,49,93457,466,8076
120,22,376,3918,49,93457,466,8076
120,22,376,3918,49,93457,466,8076
120,22,376,3918,49,93457,466,8076
120,22,376,3918,49,93457,466,8076
120,22,376,3918,49,93457,466,8076
120,22,376,3918,49,93457,466,8076
120,22,376,3918,49,93457,466,8076
120,22,376,3918,49,93457,466,8076
120,22,376,3918,49,93457,466,8076
120,22,376,3918,49,93457,466,8076
120,22,376,3918,49,93457,466,8076
120,22,376,3918,49,93457,466,8076
120,22,376,3918,49,93457,466,8076
120,22,376,3918,49,93457,466,8076
120,22,376,3918,49,93457,466,8076
120,22,376,3918,49,93457,466,8076
120,22,376,3918,49,93457,466,8076
120,22,376,3918,49,93457,466,8076
120,22,376,3918,49,93457,466,8076
120,22,376,3918,49,93457,466,8076
120,22,376,3918,49,93457,466,8076
120,22,376,3918,49,93457,466,8076
120,22,376,3918,49,93457,466,8076
120,22,376,3918,49,93457,466,8076
120,22,376,3918,49,93457,466,8076
120,22,376,3918,49,93457,466,8076
120,22,376,3918,49,93457,466,8076
120,22,376,3918,49,93457,466,8076
120,22,376,3918,49,93457,466,8076
120,22,376,3918,49,93457,466,8076
120,22,376,3918,49,93457,466,8076
120,22,376,3918,49,93457,466,8076
120,22,376,3918,49,93457,466,8076
120,22,376,3918,49,93457,466,8076
120,22,376,3918,49,93457,466,8076
120,22,376,3918,49,93457,466,8076
120,22,376,3918,49,93457,466,8076
120,22,376,3918,49,93457,466,8076
120,22,376,3918,49,93457,466,8076
120,22,376,3918,49,93457,466,8076
120,22,376,3918,49,93457,466,8076
120,22,376,3918,49,93457,466,8076
120,22,376,3918,49,93457,466,8076
120,22,376,3918,49,93457,466,8076
120,22,376,3918,49,93457,466,8076
120,22,376,3918,49,93457,466,8076
120,22,376,3918,49,93457,466,8076
120,22,376,3918,49,93457,466,8076
120,22,376,3918,49,93457,466,8076
120,22,376,3918,49,93457,466,8076
120,22,376,3918,49,93457,466,8076
120,22,376,3918,49,93457,466,8076
120,22,376,3918,49,93457,466,8076
120,22,376,3918,49,93457,466,8076
120,22,376,3918,49,93457,466,8076
120,22,376,3918,49,93457,466,8076
120,22,376,3918,49,93457,466,8076
120,22,376,3918,49,93457,466,8076
120,22,376,3918,49,93457,466,8076
120,22,376,3918,49,93457,466,8076
120,22,376,3918,49,93457,466,8076
120,22,376,3918,49,93457,466,8076
120,22,376,3918,49,93457,466,8076
120,22,376,3918,49,93457,466,8076
120,22,376,3918,49,93457,466,8076
120,22,376,3918,49,93457,466,8076
120,22,376,3918,49,93457,466,8076
120,22,376,3918,49,93457,466,8076
120,22,376,3918,49,93457,466,8076
120,22,376,3918,49,93457,466,8076
120,22,376,3918,49,93457,466,8076
120,22,376,3918,49,93457,466,8076
120,22,376,3918,49,93457,466,8076
120,22,376,3918,49,93457,466,8076
120,22,376,3918,49,93457,466,8076
120,22,376,3918,49,93457,466,8076
120,22,376,3918,49,93457,466,8076
120,22,376,3918,49,93457,466,8076
120,22,376,3918,49,93457,466,8076
120,22,376,3918,49,93457,466,8076
120,22,376,3918,49,93457,466,8076
120,22,376,3918,49,93457,466,8076
120,22,376,3918,49,93457,466,8076
120,22,376,3918,49,93457,466,8076
120,22,376,3918,49,93457,466,8076
120,22,376,3918,49,93457,466,8076
120,22,376,3918,49,93457,466,8076
120,22,376,3918,49,93457,466,8076
120,22,376,3918,49,93457,466,8076
120,22,376,3918,49,93457,466,8076
120,22,376,3918,49,93457,466,8076
120,22,376,3918,49,93457,466,8076
120,22,376,3918,49,93457,466,8076
120,22,376,3918,49,93457,466,8076
120,22,376,3918,49,93457,466,8076
120,23,376,3918,49,93457,466,8076
120,23,376,3918,49,93457,466,8076
120,23,376,3918,49,93457,466,8076
120,23,376,3918,49,93457,466,8076
120,23,376,3918,49,93457,466,8076
120,23,376,3918,49,93457,466,8076
120,23,376,3918,49,93457,466,8076
120,23,376,3918,49,93457,466,8076
120,23,376,3918,49,93457,466,8076
120,23,376,3918,49,93457,466,8076
120,23,376,3918,49,93457,466,8076
120,23,376,3918,49,93457,466,8076
120,23,376,3918,49,93457,466,8076
120,23,376,3918,49,93457,466,8076
120,23,376,3918,49,93457,466,8076
120,23,376,3918,49,93457,466,8076
120,23,376,3918,49,93457,466,8076
120,23,376,3918,49,93457,466,8076
120,23,376,3918,49,93457,466,8076
120,23,376,3918,49,93457,466,8076
120,23,376,3918,49,93457,466,8076
120,23,376,3918,49,93457,466,8076
120,23,376,3918,49,93457,466,8076
120,23,376,3918,49,93457,466,8076
120,23,376,3918,49,93457,466,8076
120,23,376,3918,49,93457,466,8076
120,23,376,3918,49,93457,466,8076
120,23,376,3918,49,93457,466,8076
120,23,376,3918,49,93457,466,8076
120,23,376,3918,49,93457,466,8076
120,23,376,3918,49,93457,466,8076
120,23,376,3918,49,93457,466,8076
120,23,376,3918,49,93457,466,8076
120,23,376,3918,49,93457,466,8076
120,23,376,3918,49,93457,466,8076
120,23,376,3918,49,93457,466,8076
120,23,376,3918,49,93457,466,8076
120,23,376,3918,49,93457,466,8076
120,23,376,3918,49,93457,466,8076
120,23,376,3918,49,93457,466,8076
120,23,376,3918,49,93457,466,8076
120,23,376,3918,49,93457,466,8076
120,23,376,3918,49,93457,466,8076
120,23,376,3918,49,93457,466,8076
120,23,376,3918,49,93457,466,8076
120,23,376,3918,49,93457,466,8076
120,23,376,3918,49,93457,466,8076
120,23,376,3918,49,93457,466,8076
120,23,376,3918,49,93457,466,8076
120,23,376,3918,49,93457,466,8076
120,23,376,3918,49,93457,466,8076
120,23,376,3918,49,93457,466,8076
120,23,376,3918,49,93457,466,8076
120,23,376,3918,49,93457,466,8076
120,23,376,3918,49,93457,466,8076
120,23,376,3918,49,93457,466,8076
120,23,376,3918,49,93457,466,8076
120,23,376,3918,49,93457,466,8076
120,23,376,3918,49,93457,466,8076
120,23,376,3918,49,93457,466,8076
120,23,376,3918,49,93457,466,8076
120,23,376,3918,49,93457,466,8076
120,23,376,3918,49,93457,466,8076
120,23,376,3918,49,93457,466,8076
120,23,376,3918,49,93457,466,8076
120,23,376,3918,49,93457,466,8076
120,23,376,3918,49,93457,466,8076
120,23,376,3918,49,93457,466,8076
120,23,376,3918,49,93457,466,8076
120,23,376,3918,49,93457,466,8076
120,23,376,3918,49,93457,466,8076
120,23,376,3918,49,93457,466,8076
120,23,376,3918,49,93457,466,8076
120,23,376,3918,49,93457,466,8076
120,23,376,3918,49,93457,466,8076
120,23,376,3918,49,93457,466,8076
120,23,376,3918,49,93457,466,8076
120,23,376,3918,49,93457,466,8076
120,23,376,3918,49,93457,466,8076
120,23,376,3918,49,93457,466,8076
120,23,376,3918,49,93457,466,8076
120,23,376,3918,49,93457,466,8076
120,23,376,3918,49,93457,466,8076
120,23,376,3918,49,93457,466,8076
120,23,376,3918,49,93457,466,8076
120,23,376,3918,49,93457,466,8076
120,23,376,3918,49,93457,466,8076
120,23,376,3918,49,93457,466,8076
120,23,376,3918,49,93457,466,8076
120,23,376,3918,49,93457,466,8076
120,23,376,3918,49,93457,466,8076
120,23,376,3918,49,93457,466,8076
120,23,376,3918,49,93457,466,8076
120,23,376,3918,49,93457,466,8076
120,23,376,3918,49,93457,466,8076
120,23,376,3918,49,93457,466,8076
120,23,376,3918,49,93457,466,8076
120,23,376,3918,49,93457,466,8076
120,23,376,3918,49,93457,466,8076
120,23,376,3918,49,93457,466,8076
120,23,376,3918,49,93457,466,8076
120,23,376,3918,49,93457,466,8076
120,23,376,3918,49,93457,466,8076
120,23,376,3918,49,93457,466,8076
120,23,376,3918,49,93457,466,8076
120,23,376,3918,49,93457,466,8076
120,23,376,3918,49,93457,466,8076
120,23,376,3918,49,93457,466,8076
120,23,376,3918,49,93457,466,8076
120,23,376,3918,49,93457,466,8076
120,23,376,3918,49,93457,466,8076
120,23,376,3918,49,93457,466,8076
120,23,376,3918,49,93457,466,8076
120,23,376,3918,49,93457,466,8076
120,23,376,3918,49,93457,466,8076
120,23,376,3918,49,93457,466,8076
120,23,376,3918,49,93457,466,8076
120,23,376,3918,49,93457,466,8076
120,24,376,3918,49,93457,466,8076
120,24,376,3918,49,93457,466,8076
120,24,376,3918,49,93457,466,8076
120,24,376,3918,49,93457,466,8076
120,24,376,3918,49,93457,466,8076
120,24,376,3918,49,93457,466,8076
120,24,376,3918,49,93457,466,8076
120,24,376,3918,49,93457,466,8076
120,24,376,3918,49,93457,466,8076
120,24,376,3918,49,93457,466,8076
120,24,376,3918,49,93457,466,8076
120,24,376,3918,49,93457,466,8076
120,24,376,3918,49,93457,466,8076
120,24,376,3918,49,93457,466,8076
120,24,376,3918,49,93457,466,8076
120,24,376,3918,49,93457,466,8076
120,24,376,3918,49,93457,466,8076
120,24,376,3918,49,93457,466,8076
120,24,376,3918,49,93457,466,8076
120,24,376,3918,49,93457,466,8076
120,24,376,3918,49,93457,466,8076
120,24,376,3918,49,93457,466,8076
120,24,376,3918,49,93457,466,8076
120,24,376,3918,49,93457,466,8076
120,24,376,3918,49,93457,466,8076
120,24,376,3918,49,93457,466,8076
120,24,376,3918,49,93457,466,8076
120,24,376,3918,49,93457,466,8076
120,24,376,3918,49,93457,466,8076
120,24,376,3918,49,93457,466,8076
120,24,376,3918,49,93457,466,8076
120,24,376,3918,49,93457,466,8076
120,24,376,3918,49,93457,466,8076
120,24,376,3918,49,93457,466,8076
120,24,376,3918,49,93457,466,8076
120,24,376,3918,49,93457,466,8076
120,24,376,3918,49,93457,466,8076
120,24,376,3918,49,93457,466,8076
120,24,376,3918,49,93457,466,8076
120,24,376,3918,49,93457,466,8076
120,24,376,3918,49,93457,466,8076
120,24,376,3918,49,93457,466,8076
120,24,376,3918,49,93457,466,8076
120,24,376,3918,49,93457,466,8076
120,24,376,3918,49,93457,466,8076
120,24,376,3918,49,93457,466,8076
120,24,376,3918,49,93457,466,8076
120,24,376,3918,49,93457,466,8076
120,24,376,3918,49,93457,466,8076
120,24,376,3918,49,93457,466,8076
120,24,376,3918,49,93457,466,8076
120,24,376,3918,49,93457,466,8076
120,24,376,3918,49,93457,466,8076
120,24,376,3918,49,93457,4