Time,RSteps,X,Y,Z
120,0,309,397,84,90967,232,3451
120,1,309,397,84,90967,232,3451
120,1,309,397,84,90967,232,3451
120,1,309,397,84,90967,232,3451
120,1,309,397,84,90967,232,3451
120,1,309,397,84,36719,232,3451
120,1,309,397,84,36719,232,3451
120,1,309,397,84,36719,232,3451
120,1,309,397,84,36719,232,3451
120,1,309,397,84,36719,232,3451
120,1,309,7869,84,33936,232,4304
120,1,309,7869,84,33936,232,4304
120,1,309,7869,84,33936,232,4304
120,1,309,7869,84,33936,232,4304
120,1,309,7869,84,33936,232,4304
120,1,310,1768,84,31152,232,5159
120,1,310,1768,84,31152,232,5159
120,1,310,1768,84,31152,232,5159
120,1,310,1768,84,31152,232,5159
120,1,310,1768,84,31152,232,5159
120,1,310,5667,84,28369,232,6012
120,1,310,5667,84,28369,232,6012
120,1,310,5667,84,28369,232,6012
120,1,310,5667,84,28369,232,6012
120,1,310,5667,84,28369,232,6012
120,1,310,9565,84,25586,232,6865
120,1,310,9565,84,25586,232,6865
120,1,310,9565,84,25586,232,6865
120,1,310,9565,84,25586,232,6865
120,1,310,9565,84,25586,232,6865
120,1,311,3464,84,22803,232,772
120,1,311,3464,84,22803,232,772
120,1,311,3464,84,22803,232,772
120,1,311,3464,84,22803,232,772
120,1,311,3464,84,22803,232,772
120,1,311,7361,84,2002,232,8574
120,2,311,7361,84,2002,232,8574
120,2,311,7361,84,2002,232,8574
120,2,311,7361,84,2002,232,8574
120,2,311,7361,84,2002,232,8574
120,2,312,126,84,17236,232,9429
120,2,312,126,84,17236,232,9429
120,2,312,126,84,17236,232,9429
120,2,312,126,84,17236,232,9429
120,2,312,126,84,17236,232,9429
120,2,312,5159,84,14453,233,0282
120,2,312,5159,84,14453,233,0282
120,2,312,5159,84,14453,233,0282
120,2,312,5159,84,14453,233,0282
120,2,312,5159,84,14453,233,0282
120,2,312,9058,84,1167,233,1135
120,2,312,9058,84,1167,233,1135
120,2,312,9058,84,1167,233,1135
120,2,312,9058,84,1167,233,1135
120,2,312,9058,84,1167,233,1135
120,2,313,2957,84,08887,233,199
120,2,313,2957,84,08887,233,199
120,2,313,2957,84,08887,233,199
120,2,313,2957,84,08887,233,199
120,2,313,2957,84,08887,233,199
120,2,313,6863,84,06494,233,2813
120,2,313,6863,84,06494,233,2813
120,2,313,6863,84,06494,233,2813
120,2,313,6863,84,06494,233,2813
120,2,314,0784,84,04688,233,3589
120,2,314,0784,84,04688,233,3589
120,2,314,0784,84,04688,233,3589
120,2,314,0784,84,04688,233,3589
120,2,314,0784,84,04688,233,3589
120,2,314,4534,84,0293,233,4331
120,2,314,4534,84,0293,233,4331
120,2,314,4534,84,0293,233,4331
120,2,314,4534,84,0293,233,4331
120,2,314,4534,84,0293,233,4331
120,2,314,8247,84,01172,233,5066
120,2,314,8247,84,01172,233,5066
120,2,314,8247,84,01172,233,5066
120,2,314,8247,84,01172,233,5066
120,2,315,1873,83,99463,233,5784
120,2,315,1873,83,99463,233,5784
120,2,315,1873,83,99463,233,5784
120,2,315,1873,83,99463,233,5784
120,2,315,1873,83,99463,233,5784
120,2,315,5559,83,97754,233,6514
120,2,315,5559,83,97754,233,6514
120,2,315,5559,83,97754,233,6514
120,2,315,5559,83,97754,233,6514
120,2,315,5559,83,97754,233,6514
120,2,315,9153,83,96094,233,7225
120,2,315,9153,83,96094,233,7225
120,2,315,9153,83,96094,233,7225
120,2,315,9153,83,96094,233,7225
120,2,315,9153,83,96094,233,7225
120,2,316,3074,83,94238,233,8002
120,2,316,3074,83,94238,233,8002
120,2,316,3074,83,94238,233,8002
120,2,316,3074,83,94238,233,8002
120,2,316,3074,83,94238,233,8002
120,2,316,3074,83,94238,233,8002
120,2,316,3074,83,94238,233,8002
120,2,316,3074,83,94238,233,8002
120,2,316,3074,83,94238,233,8002
120,2,316,3074,83,94238,233,8002
120,2,316,3906,83,8877,234,1876
120,2,316,3906,83,8877,234,1876
120,2,316,3906,83,8877,234,1876
120,2,316,3906,83,8877,234,1876
120,2,316,3906,83,8877,234,1876
120,2,316,4739,83,83301,234,5751
120,2,316,4739,83,83301,234,5751
120,2,316,4739,83,83301,234,5751
120,2,316,4739,83,83301,234,5751
120,2,316,4739,83,83301,234,5751
120,2,316,5571,83,77832,234,9625
120,2,316,5571,83,77832,234,9625
120,2,316,5571,83,77832,234,9625
120,2,316,5571,83,77832,234,9625
120,2,316,6345,83,72754,235,3228
120,2,316,6345,83,72754,235,3228
120,2,316,6345,83,72754,235,3228
120,2,316,6345,83,72754,235,3228
120,2,316,7036,83,68213,235,6438
120,2,316,7036,83,68213,235,6438
120,2,316,7036,83,68213,235,6438
120,2,316,7649,83,64209,235,9286
120,2,316,7649,83,64209,235,9286
120,2,316,7649,83,64209,235,9286
120,2,316,7649,83,64209,235,9286
120,2,316,8308,83,59912,236,2354
120,2,316,8308,83,59912,236,2354
120,2,316,8308,83,59912,236,2354
120,2,316,8308,83,59912,236,2354
120,2,316,8914,83,55957,236,5167
120,2,316,8914,83,55957,236,5167
120,2,316,8914,83,55957,236,5167
120,2,316,8914,83,55957,236,5167
120,2,316,9482,83,52246,236,7816
120,2,316,9482,83,52246,236,7816
120,2,316,9482,83,52246,236,7816
120,2,317,0151,83,47852,237,0925
120,2,317,0151,83,47852,237,0925
120,2,317,0681,83,44385,237,3395
120,2,317,0681,83,44385,237,3395
120,2,317,0681,83,44385,237,3395
120,2,317,1111,83,41553,237,5393
120,2,317,1111,83,41553,237,5393
120,2,317,1497,83,39014,237,7186
120,2,317,1497,83,39014,237,7186
120,2,317,1921,83,3623,237,9159
120,2,317,1921,83,3623,237,9159
120,2,317,1921,83,3623,237,9159
120,2,317,1921,83,3623,237,9159
120,2,317,1921,83,3623,237,9159
120,2,317,1921,83,3623,237,9159
120,2,317,1921,83,3623,237,9159
120,3,317,1921,83,3623,237,9159
120,3,317,1921,83,3623,237,9159
120,3,317,1921,83,3623,237,9159
120,3,317,2175,83,3457,238,0338
120,3,317,2175,83,3457,238,0338
120,3,317,2476,83,32617,238,1735
120,3,317,2476,83,32617,238,1735
120,3,317,2832,83,30273,238,3396
120,3,317,2832,83,30273,238,3396
120,3,317,3176,83,28027,238,5
120,3,317,3176,83,28027,238,5
120,3,317,353,83,25732,238,6648
120,3,317,353,83,25732,238,6648
120,3,317,353,83,25732,238,6648
120,3,317,3928,83,23145,238,8496
120,3,317,3928,83,23145,238,8496
120,3,317,428,83,2085,239,0134
120,3,317,428,83,2085,239,0134
120,3,317,428,83,2085,239,0134
120,3,317,428,83,2085,239,0134
120,3,317,428,83,2085,239,0134
120,3,317,4749,83,17773,239,231
120,3,317,4749,83,17773,239,231
120,3,317,4749,83,17773,239,231
120,3,317,4749,83,17773,239,231
120,3,317,4749,83,17773,239,231
120,3,317,5581,83,12305,239,6184
120,3,317,5581,83,12305,239,6184
120,3,317,5581,83,12305,239,6184
120,3,317,5581,83,12305,239,6184
120,3,317,5581,83,12305,239,6184
120,3,317,6414,83,06836,240,0059
120,3,317,6414,83,06836,240,0059
120,3,317,6414,83,06836,240,0059
120,3,317,6414,83,06836,240,0059
120,3,317,6414,83,06836,240,0059
120,3,317,7246,83,01367,240,3933
120,3,317,7246,83,01367,240,3933
120,3,317,7246,83,01367,240,3933
120,3,317,7246,83,01367,240,3933
120,3,317,7246,83,01367,240,3933
120,3,317,8079,82,95898,240,7808
120,3,317,8079,82,95898,240,7808
120,3,317,8079,82,95898,240,7808
120,3,317,8079,82,95898,240,7808
120,3,317,8079,82,95898,240,7808
120,3,317,8894,82,90576,241,1597
120,3,317,8894,82,90576,241,1597
120,3,317,8894,82,90576,241,1597
120,3,317,8894,82,90576,241,1597
120,3,317,8894,82,90576,241,1597
120,3,317,9727,82,85107,241,5471
120,3,317,9727,82,85107,241,5471
120,3,317,9727,82,85107,241,5471
120,3,317,9727,82,85107,241,5471
120,3,317,9727,82,85107,241,5471
120,3,317,9727,82,85107,241,5471
120,3,317,9727,82,85107,241,5471
120,3,317,9727,82,85107,241,5471
120,3,317,9727,82,85107,241,5471
120,3,317,9727,82,85107,241,5471
120,3,317,9727,82,85107,241,5471
120,3,317,9727,82,85107,241,5471
120,3,317,9727,82,85107,241,5471
120,3,317,9727,82,85107,241,5471
120,3,317,9727,82,85107,241,5471
120,3,317,9727,82,85107,241,5471
120,3,317,9727,82,85107,241,5471
120,3,318,0415,82,80615,241,8673
120,3,318,0415,82,80615,241,8673
120,3,318,0415,82,80615,241,8673
120,3,318,0415,82,80615,241,8673
120,3,318,1001,82,76758,242,1396
120,3,318,1001,82,76758,242,1396
120,3,318,1001,82,76758,242,1396
120,3,318,1001,82,76758,242,1396
120,3,318,1001,82,76758,242,1396
120,3,318,1692,82,72217,242,4608
120,3,318,1692,82,72217,242,4608
120,3,318,1692,82,72217,242,4608
120,3,318,1692,82,72217,242,4608
120,3,318,2373,82,67773,242,778
120,3,318,2373,82,67773,242,778
120,3,318,2373,82,67773,242,778
120,3,318,2373,82,67773,242,778
120,3,318,3086,82,63086,243,1094
120,3,318,3086,82,63086,243,1094
120,3,318,3086,82,63086,243,1094
120,3,318,3086,82,63086,243,1094
120,3,318,3755,82,58691,243,4205
120,3,318,3755,82,58691,243,4205
120,3,318,3755,82,58691,243,4205
120,3,318,3755,82,58691,243,4205
120,3,318,4473,82,54004,243,7544
120,3,318,4473,82,54004,243,7544
120,3,318,4473,82,54004,243,7544
120,3,318,4473,82,54004,243,7544
120,3,318,5105,82,49854,244,0492
120,3,318,5105,82,49854,244,0492
120,3,318,5105,82,49854,244,0492
120,3,318,5105,82,49854,244,0492
120,3,318,5798,82,45313,244,3721
120,3,318,5798,82,45313,244,3721
120,3,318,5798,82,45313,244,3721
120,3,318,5798,82,45313,244,3721
120,3,318,5798,82,45313,244,3721
120,3,318,645,82,41064,244,675
120,3,318,645,82,41064,244,675
120,3,318,645,82,41064,244,675
120,3,318,645,82,41064,244,675
120,3,318,645,82,41064,244,675
120,3,318,7249,82,3584,245,0459
120,3,318,7249,82,3584,245,0459
120,3,318,7249,82,3584,245,0459
120,3,318,7249,82,3584,245,0459
120,3,318,8032,82,30713,245,4104
120,3,318,8032,82,30713,245,4104
120,3,318,8032,82,30713,245,4104
120,3,318,8708,82,2627,245,7251
120,3,318,8708,82,2627,245,7251
120,3,318,8708,82,2627,245,7251
120,3,318,8708,82,2627,245,7251
120,3,318,8708,82,2627,245,7251
120,3,318,8708,82,2627,245,7251
120,3,318,8708,82,2627,245,7251
120,3,318,8708,82,2627,245,7251
120,3,318,8708,82,2627,245,7251
120,3,318,8708,82,2627,245,7251
120,3,318,8708,82,2627,245,7251
120,3,318,8708,82,2627,245,7251
120,3,318,8708,82,2627,245,7251
120,3,318,8708,82,2627,245,7251
120,3,318,8708,82,2627,245,7251
120,3,318,8708,82,2627,245,7251
120,3,318,8708,82,2627,245,7251
120,3,318,8708,82,2627,245,7251
120,3,318,8708,82,2627,245,7251
120,3,318,8708,82,2627,245,7251
120,3,318,8708,82,2627,245,7251
120,3,318,8708,82,2627,245,7251
120,3,318,8708,82,2627,245,7251
120,3,318,8708,82,2627,245,7251
120,3,318,8708,82,2627,245,7251
120,3,318,8708,82,2627,245,7251
120,3,318,8708,82,2627,245,7251
120,3,318,8708,82,2627,245,7251
120,3,318,8708,82,2627,245,7251
120,3,318,8708,82,2627,245,7251
120,3,318,8708,82,2627,245,7251
120,3,318,8708,82,2627,245,7251
120,3,318,8708,82,2627,245,7251
120,3,318,8708,82,2627,245,7251
120,3,318,8708,82,2627,245,7251
120,3,318,8708,82,2627,245,7251
120,3,318,8708,82,2627,245,7251
120,3,318,8708,82,2627,245,7251
120,3,318,8708,82,2627,245,7251
120,3,318,8708,82,2627,245,7251
120,3,318,8708,82,2627,245,7251
120,3,318,8708,82,2627,245,7251
120,3,318,8708,82,2627,245,7251
120,3,318,8708,82,2627,245,7251
120,3,318,8708,82,2627,245,7251
120,3,318,8708,82,2627,245,7251
120,3,318,8708,82,2627,245,7251
120,3,318,8708,82,2627,245,7251
120,3,318,8708,82,2627,245,7251
120,3,318,8708,82,2627,245,7251
120,3,318,8708,82,2627,245,7251
120,3,318,8708,82,2627,245,7251
120,3,318,8708,82,2627,245,7251
120,3,318,8708,82,2627,245,7251
120,3,318,8708,82,2627,245,7251
120,3,318,8708,82,2627,245,7251
120,3,318,8708,82,2627,245,7251
120,3,318,8708,82,2627,245,7251
120,3,318,8708,82,2627,245,7251
120,3,318,8708,82,2627,245,7251
120,3,318,8708,82,2627,245,7251
120,3,318,8708,82,2627,245,7251
120,3,318,8708,82,2627,245,7251
120,3,318,8708,82,2627,245,7251
120,3,318,8708,82,2627,245,7251
120,3,318,8708,82,2627,245,7251
120,3,318,8708,82,2627,245,7251
120,3,318,8708,82,2627,245,7251
120,3,318,8708,82,2627,245,7251
120,3,318,8708,82,2627,245,7251
120,3,318,8708,82,2627,245,7251
120,3,318,8708,82,2627,245,7251
120,3,318,8708,82,2627,245,7251
120,3,318,8708,82,2627,245,7251
120,3,318,8708,82,2627,245,7251
120,3,318,8708,82,2627,245,7251
120,3,318,8708,82,2627,245,7251
120,3,318,8708,82,2627,245,7251
120,3,318,8708,82,2627,245,7251
120,3,318,8708,82,2627,245,7251
120,3,318,8708,82,2627,245,7251
120,3,318,8708,82,2627,245,7251
120,3,318,8708,82,2627,245,7251
120,3,318,8708,82,2627,245,7251
120,3,318,8708,82,2627,245,7251
120,3,318,8708,82,2627,245,7251
120,3,318,8708,82,2627,245,7251
120,3,318,8708,82,2627,245,7251
120,3,318,8708,82,2627,245,7251
120,3,318,8708,82,2627,245,7251
120,3,318,8708,82,2627,245,7251
120,3,318,8708,82,2627,245,7251
120,3,318,8708,82,2627,245,7251
120,3,318,8708,82,2627,245,7251
120,3,318,8708,82,2627,245,7251
120,3,318,8708,82,2627,245,7251
120,3,318,8708,82,2627,245,7251
120,3,318,8708,82,2627,245,7251
120,3,318,8708,82,2627,245,7251
120,3,318,8708,82,2627,245,7251
120,3,318,8708,82,2627,245,7251
120,3,318,8708,82,2627,245,7251
120,3,318,8708,82,2627,245,7251
120,3,318,8708,82,2627,245,7251
120,3,318,8708,82,2627,245,7251
120,3,318,8708,82,2627,245,7251
120,3,318,8708,82,2627,245,7251
120,3,318,8708,82,2627,245,7251
120,3,318,8708,82,2627,245,7251
120,3,318,8708,82,2627,245,7251
120,3,318,8708,82,2627,245,7251
120,3,318,8708,82,2627,245,7251
120,3,318,8708,82,2627,245,7251
120,3,318,8708,82,2627,245,7251
120,3,318,8708,82,2627,245,7251
120,3,318,8708,82,2627,245,7251
120,3,318,8708,82,2627,245,7251
120,3,318,8708,82,2627,245,7251
120,3,318,8708,82,2627,245,7251
120,3,318,8708,82,2627,245,7251
120,3,318,8708,82,2627,245,7251
120,3,318,8708,82,2627,245,7251
120,3,318,8708,82,2627,245,7251
120,3,318,8708,82,2627,245,7251
120,3,318,8708,82,2627,245,7251
120,3,318,8708,82,2627,245,7251
120,3,318,8708,82,2627,245,7251
120,3,318,8708,82,2627,245,7251
120,3,318,8708,82,2627,245,7251
120,3,318,8708,82,2627,245,7251
120,3,318,8708,82,2627,245,7251
120,3,318,8708,82,2627,245,7251
120,3,318,8708,82,2627,245,7251
120,3,318,8708,82,2627,245,7251
120,3,318,8708,82,2627,245,7251
120,3,318,8708,82,2627,245,7251
120,3,318,8708,82,2627,245,7251
120,3,318,8708,82,2627,245,7251
120,3,318,8708,82,2627,245,7251
120,3,318,8708,82,2627,245,7251
120,3,318,8708,82,2627,245,7251
120,3,318,8708,82,2627,245,7251
120,3,318,8708,82,2627,245,7251
120,3,318,8708,82,2627,245,7251
120,3,318,8708,82,2627,245,7251
120,3,318,8708,82,2627,245,7251
120,3,318,8708,82,2627,245,7251
120,3,318,8708,82,2627,245,7251
120,3,318,8708,82,2627,245,7251
120,3,318,8708,82,2627,245,7251
120,3,318,8708,82,2627,245,7251
120,3,318,8708,82,2627,245,7251
120,3,318,8708,82,2627,245,7251
120,3,318,8708,82,2627,245,7251
120,3,318,8708,82,2627,245,7251
120,3,318,8708,82,2627,245,7251
120,3,318,8708,82,2627,245,7251
120,3,318,8708,82,2627,245,7251
120,3,318,8708,82,2627,245,7251
120,3,318,8708,82,2627,245,7251
120,3,318,8708,82,2627,245,7251
120,3,318,8708,82,2627,245,7251
120,3,318,8708,82,2627,245,7251
120,3,318,8708,82,2627,245,7251
120,3,318,8708,82,2627,245,7251
120,3,318,8708,82,2627,245,7251
120,3,318,8708,82,2627,245,7251
120,3,318,8708,82,2627,245,7251
120,3,318,8708,82,2627,245,7251
120,3,318,8708,82,2627,245,7251
120,3,318,8708,82,2627,245,7251
120,3,318,8708,82,2627,245,7251
120,3,318,8708,82,2627,245,7251
120,3,318,8708,82,2627,245,7251
120,3,318,8708,82,2627,245,7251
120,3,318,8708,82,2627,245,7251
120,3,318,8708,82,2627,245,7251
120,3,318,8708,82,2627,245,7251
120,3,318,8708,82,2627,245,7251
120,3,318,8708,82,2627,245,7251
120,3,318,8708,82,2627,245,7251
120,3,318,8708,82,2627,245,7251
120,3,318,8708,82,2627,245,7251
120,3,318,8708,82,2627,245,7251
120,3,318,8708,82,2627,245,7251
120,3,318,8708,82,2627,245,7251
120,3,318,8708,82,2627,245,7251
120,3,318,8708,82,2627,245,7251
120,3,318,8708,82,2627,245,7251
120,3,318,8708,82,2627,245,7251
120,3,318,8708,82,2627,245,7251
120,3,318,8708,82,2627,245,7251
120,3,318,8708,82,2627,245,7251
120,3,318,8708,82,2627,245,7251
120,3,318,8708,82,2627,245,7251
120,3,318,8708,82,2627,245,7251
120,3,318,8708,82,2627,245,7251
120,3,318,8708,82,2627,245,7251
120,3,318,8708,82,2627,245,7251
120,3,318,8708,82,2627,245,7251
120,3,318,8708,82,2627,245,7251
120,3,318,8708,82,2627,245,7251
120,3,318,8708,82,2627,245,7251
120,3,318,8708,82,2627,245,7251
120,3,318,8708,82,2627,245,7251
120,3,318,8708,82,2627,245,7251
120,3,318,8708,82,2627,245,7251
120,3,318,8708,82,2627,245,7251
120,3,318,8708,82,2627,245,7251
120,3,318,8708,82,2627,245,7251
120,3,318,8708,82,2627,245,7251
120,3,318,8708,82,2627,245,7251
120,3,318,8708,82,2627,245,7251
120,3,318,8708,82,2627,245,7251
120,3,318,8708,82,2627,245,7251
120,3,318,8708,82,2627,245,7251
120,3,318,8708,82,2627,245,7251
120,3,318,8708,82,2627,245,7251
120,3,318,8708,82,2627,245,7251
120,3,318,8708,82,2627,245,7251
120,3,318,8708,82,2627,245,7251
120,3,318,8708,82,2627,245,7251
120,3,318,8708,82,2627,245,7251
120,3,318,8708,82,2627,245,7251
120,3,318,8708,82,2627,245,7251
120,3,318,8708,82,2627,245,7251
120,3,318,8708,82,2627,245,7251
120,3,318,8708,82,2627,245,7251
120,3,318,8708,82,2627,245,7251
120,3,318,8708,82,2627,245,7251
120,3,318,8708,82,2627,245,7251
120,3,318,8708,82,2627,245,7251
120,3,318,8708,82,2627,245,7251
120,3,318,8708,82,2627,245,7251
120,3,318,8708,82,2627,245,7251
120,3,318,8708,82,2627,245,7251
120,3,318,8708,82,2627,245,7251
120,3,318,8708,82,2627,245,7251
120,3,318,8708,82,2627,245,7251
120,3,318,8708,82,2627,245,7251
120,3,318,8708,82,2627,245,7251
120,3,318,8708,82,2627,245,7251
120,3,318,8708,82,2627,245,7251
120,3,318,8708,82,2627,245,7251
120,3,318,8708,82,2627,245,7251
120,3,318,8708,82,2627,245,7251
120,3,318,8708,82,2627,245,7251
120,3,318,8708,82,2627,245,7251
120,3,318,8708,82,2627,245,7251
120,3,318,8708,82,2627,245,7251
120,3,318,8708,82,2627,245,7251
120,3,318,8708,82,2627,245,7251
120,3,318,8708,82,2627,245,7251
120,3,318,8708,82,2627,245,7251
120,3,318,8708,82,2627,245,7251
120,3,318,8708,82,2627,245,7251
120,3,318,8708,82,2627,245,7251
120,3,318,8708,82,2627,245,7251
120,3,318,8708,82,2627,245,7251
120,3,318,8708,82,2627,245,7251
120,3,318,8708,82,2627,245,7251
120,3,318,8708,82,2627,245,7251
120,3,318,8708,82,2627,245,7251
120,3,318,8708,82,2627,245,7251
120,3,318,8708,82,2627,245,7251
120,3,318,8708,82,2627,245,7251
120,3,318,8708,82,2627,245,7251
120,3,318,8708,82,2627,245,7251
120,3,318,8708,82,2627,245,7251
120,3,318,8708,82,2627,245,7251
120,3,318,8708,82,2627,245,7251
120,3,318,8708,82,2627,245,7251
120,3,318,8708,82,2627,245,7251
120,3,318,8708,82,2627,245,7251
120,3,318,8708,82,2627,245,7251
120,3,318,8708,82,2627,245,7251
120,3,318,8708,82,2627,245,7251
120,3,318,8708,82,2627,245,7251
120,3,318,8708,82,2627,245,7251
120,3,318,8708,82,2627,245,7251
120,3,318,8708,82,2627,245,7251
120,3,318,8708,82,2627,245,7251
120,3,318,8708,82,2627,245,7251
120,3,318,8708,82,2627,245,7251
120,3,318,8708,82,2627,245,7251
120,3,318,8708,82,2627,245,7251
120,3,318,8708,82,2627,245,7251
120,3,318,8708,82,2627,245,7251
120,3,318,8708,82,2627,245,7251
120,3,318,8708,82,2627,245,7251
120,3,318,8708,82,2627,245,7251
120,3,318,8708,82,2627,245,7251
120,3,318,8708,82,2627,245,7251
120,3,318,8708,82,2627,245,7251
120,3,318,8708,82,2627,245,7251
120,3,318,8708,82,2627,245,7251
120,3,318,8708,82,2627,245,7251
120,3,318,8708,82,2627,245,7251
120,3,318,8708,82,2627,245,7251
120,3,318,8708,82,2627,245,7251
120,3,318,8708,82,2627,245,7251
120,3,318,8708,82,2627,245,7251
120,3,318,8708,82,2627,245,7251
120,3,318,8708,82,2627,245,7251
120,3,318,8708,82,2627,245,7251
120,3,318,8708,82,2627,245,7251
120,3,318,8708,82,2627,245,7251
120,3,318,8708,82,2627,245,7251
120,4,318,8708,82,2627,245,7251
120,4,318,8708,82,2627,245,7251
120,4,318,8708,82,2627,245,7251
120,4,318,8708,82,2627,245,7251
120,4,318,9158,82,2334,245,9346
120,4,318,9158,82,2334,245,9346
120,4,318,9158,82,2334,245,9346
120,4,318,9602,82,2041,246,1416
120,4,318,9602,82,2041,246,1416
120,4,318,9602,82,2041,246,1416
120,4,318,9602,82,2041,246,1416
120,4,319,0144,82,16846,246,3939
120,4,319,0144,82,16846,246,3939
120,4,319,0144,82,16846,246,3939
120,4,319,0713,82,13135,246,6586
120,4,319,0713,82,13135,246,6586
120,4,319,0713,82,13135,246,6586
120,4,319,1279,82,09424,246,9224
120,4,319,1279,82,09424,246,9224
120,4,319,1279,82,09424,246,9224
120,4,319,1279,82,09424,246,9224
120,4,319,1804,82,06006,247,166
120,4,319,1804,82,06006,247,166
120,4,319,1804,82,06006,247,166
120,4,319,238,82,02246,247,4347
120,4,319,238,82,02246,247,4347
120,4,319,238,82,02246,247,4347
120,4,319,2937,81,98584,247,6938
120,4,319,2937,81,98584,247,6938
120,4,319,2937,81,98584,247,6938
120,4,319,2937,81,98584,247,6938
120,4,319,3508,81,94873,247,9591
120,4,319,3508,81,94873,247,9591
120,4,319,3508,81,94873,247,9591
120,4,319,4053,81,91309,248,2122
120,4,319,4053,81,91309,248,2122
120,4,319,4053,81,91309,248,2122
120,4,319,4585,81,87793,248,4602
120,4,319,4585,81,87793,248,4602
120,4,319,4585,81,87793,248,4602
120,4,319,5149,81,84082,248,7228
120,4,319,5149,81,84082,248,7228
120,4,319,5149,81,84082,248,7228
120,4,319,5149,81,84082,248,7228
120,4,319,5681,81,80615,248,97
120,4,319,5681,81,80615,248,97
120,4,319,5681,81,80615,248,97
120,4,319,625,81,76904,249,235
120,4,319,625,81,76904,249,235
120,4,319,625,81,76904,249,235
120,4,319,625,81,76904,249,235
120,4,319,6814,81,73193,249,4977
120,4,319,6814,81,73193,249,4977
120,4,319,6814,81,73193,249,4977
120,4,319,7371,81,69531,249,7565
120,4,319,7371,81,69531,249,7565
120,4,319,7371,81,69531,249,7565
120,4,319,7959,81,65674,250,0303
120,4,319,7959,81,65674,250,0303
120,4,319,7959,81,65674,250,0303
120,4,319,7959,81,65674,250,0303
120,4,319,8494,81,62158,250,2788
120,4,319,8494,81,62158,250,2788
120,4,319,8494,81,62158,250,2788
120,4,319,9055,81,58496,250,5405
120,4,319,9055,81,58496,250,5405
120,4,319,9055,81,58496,250,5405
120,4,319,9612,81,54834,250,7992
120,4,319,9612,81,54834,250,7992
120,4,319,9612,81,54834,250,7992
120,4,319,9612,81,54834,250,7992
120,4,320,0161,81,51221,251,0546
120,4,320,0161,81,51221,251,0546
120,4,320,0161,81,51221,251,0546
120,4,320,0798,81,47021,251,3514
120,4,320,0798,81,47021,251,3514
120,4,320,0798,81,47021,251,3514
120,4,320,0798,81,47021,251,3514
120,4,320,1345,81,43457,251,6062
120,4,320,1345,81,43457,251,6062
120,4,320,1345,81,43457,251,6062
120,4,320,1902,81,39795,251,8657
120,4,320,1902,81,39795,251,8657
120,4,320,1902,81,39795,251,8657
120,4,320,2461,81,36133,252,126
120,4,320,2461,81,36133,252,126
120,4,320,2461,81,36133,252,126
120,4,320,2461,81,36133,252,126
120,4,320,3015,81,3252,252,3842
120,4,320,3015,81,3252,252,3842
120,4,320,3015,81,3252,252,3842
120,4,320,3591,81,2876,252,6522
120,4,320,3591,81,2876,252,6522
120,4,320,3591,81,2876,252,6522
120,4,320,3591,81,2876,252,6522
120,4,320,4177,81,24902,252,9253
120,4,320,4177,81,24902,252,9253
120,4,320,4177,81,24902,252,9253
120,4,320,4729,81,21289,253,1824
120,4,320,4729,81,21289,253,1824
120,4,320,4729,81,21289,253,1824
120,4,320,4729,81,21289,253,1824
120,4,320,5305,81,17529,253,4503
120,4,320,5305,81,17529,253,4503
120,4,320,5305,81,17529,253,4503
120,4,320,5859,81,13916,253,7078
120,4,320,5859,81,13916,253,7078
120,4,320,5859,81,13916,253,7078
120,4,320,5859,81,13916,253,7078
120,4,320,5859,81,13916,253,7078
120,4,320,5859,81,13916,253,7078
120,4,320,5859,81,13916,253,7078
120,5,320,5859,81,13916,253,7078
120,5,320,5859,81,13916,253,7078
120,5,320,5859,81,13916,253,7078
120,5,320,5859,81,13916,253,7078
120,5,320,5859,81,13916,253,7078
120,5,320,6328,81,1084,253,926
120,5,320,6328,81,1084,253,926
120,5,320,6328,81,1084,253,926
120,5,320,6787,81,07813,254,1401
120,5,320,6787,81,07813,254,1401
120,5,320,6787,81,07813,254,1401
120,5,320,6787,81,07813,254,1401
120,5,320,7397,81,03809,254,4243
120,5,320,7397,81,03809,254,4243
120,5,320,7397,81,03809,254,4243
120,5,320,7397,81,03809,254,4243
120,5,320,7966,81,00098,254,6892
120,5,320,7966,81,00098,254,6892
120,5,320,7966,81,00098,254,6892
120,5,320,8579,80,96094,254,9747
120,5,320,8579,80,96094,254,9747
120,5,320,8579,80,96094,254,9747
120,5,320,9148,80,92383,255,2389
120,5,320,9148,80,92383,255,2389
120,5,320,9148,80,92383,255,2389
120,5,320,9148,80,92383,255,2389
120,5,320,9731,80,88574,255,51
120,5,320,9731,80,88574,255,51
120,5,320,9731,80,88574,255,51
120,5,320,9731,80,88574,255,51
120,5,321,0317,80,84717,255,7825
120,5,321,0317,80,84717,255,7825
120,5,321,0317,80,84717,255,7825
120,5,321,0928,80,80713,256,0663
120,5,321,0928,80,80713,256,0663
120,5,321,0928,80,80713,256,0663
120,5,321,1477,80,771,256,3215
120,5,321,1477,80,771,256,3215
120,5,321,1477,80,771,256,3215
120,5,321,1477,80,771,256,3215
120,5,321,2034,80,73438,256,5801
120,5,321,2034,80,73438,256,5801
120,5,321,2034,80,73438,256,5801
120,5,321,2632,80,69531,256,8585
120,5,321,2632,80,69531,256,8585
120,5,321,2632,80,69531,256,8585
120,5,321,3186,80,65918,257,1162
120,5,321,3186,80,65918,257,1162
120,5,321,3186,80,65918,257,1162
120,5,321,3186,80,65918,257,1162
120,5,321,3738,80,62305,257,3727
120,5,321,3738,80,62305,257,3727
120,5,321,3738,80,62305,257,3727
120,5,321,429,80,58691,257,629
120,5,321,429,80,58691,257,629
120,5,321,429,80,58691,257,629
120,5,321,429,80,58691,257,629
120,5,321,429,80,58691,257,629
120,5,321,429,80,58691,257,629
120,5,321,429,80,58691,257,629
120,5,321,429,80,58691,257,629
120,5,321,429,80,58691,257,629
120,5,321,429,80,58691,257,629
120,5,321,429,80,58691,257,629
120,5,321,429,80,58691,257,629
120,5,321,429,80,58691,257,629
120,5,321,429,80,58691,257,629
120,5,321,488,80,54834,257,9043
120,5,321,488,80,54834,257,9043
120,5,321,488,80,54834,257,9043
120,5,321,54,80,51416,258,1467
120,5,321,54,80,51416,258,1467
120,5,321,54,80,51416,258,1467
120,5,321,54,80,51416,258,1467
120,5,321,6023,80,47314,258,4369
120,5,321,6023,80,47314,258,4369
120,5,321,6023,80,47314,258,4369
120,5,321,6614,80,43457,258,7115
120,5,321,6614,80,43457,258,7115
120,5,321,6614,80,43457,258,7115
120,5,321,7148,80,39941,258,9602
120,5,321,7148,80,39941,258,9602
120,5,321,7148,80,39941,258,9602
120,5,321,7148,80,39941,258,9602
120,5,321,7688,80,36426,259,2112
120,5,321,7688,80,36426,259,2112
120,5,321,8198,80,33105,259,4482
120,5,321,8198,80,33105,259,4482
120,5,321,8198,80,33105,259,4482
120,5,321,8198,80,33105,259,4482
120,5,321,8687,80,29932,259,6752
120,5,321,8687,80,29932,259,6752
120,5,321,8687,80,29932,259,6752
120,5,321,9224,80,26416,259,9253
120,5,321,9224,80,26416,259,9253
120,5,321,9697,80,23291,260,1461
120,5,321,9697,80,23291,260,1461
120,5,321,9697,80,23291,260,1461
120,5,322,0173,80,20166,260,3674
120,5,322,0173,80,20166,260,3674
120,5,322,0173,80,20166,260,3674
120,5,322,0642,80,1709,260,5859
120,5,322,0642,80,1709,260,5859
120,5,322,0642,80,1709,260,5859
120,5,322,1113,80,14014,260,8047
120,5,322,1113,80,14014,260,8047
120,5,322,1584,80,10938,261,024
120,5,322,1584,80,10938,261,024
120,5,322,1584,80,10938,261,024
120,5,322,2021,80,08057,261,2277
120,5,322,2021,80,08057,261,2277
120,5,322,2021,80,08057,261,2277
120,5,322,2471,80,05127,261,4363
120,5,322,2471,80,05127,261,4363
120,5,322,2471,80,05127,261,4363
120,5,322,2898,80,02344,261,6355
120,5,322,2898,80,02344,261,6355
120,5,322,2898,80,02344,261,6355
120,5,322,2898,80,02344,261,6355
120,5,322,2898,80,02344,261,6355
120,5,322,2898,80,02344,261,6355
120,5,322,2898,80,02344,261,6355
120,5,322,2898,80,02344,261,6355
120,5,322,2898,80,02344,261,6355
120,5,322,2898,80,02344,261,6355
120,6,322,2898,80,02344,261,6355
120,6,322,2898,80,02344,261,6355
120,6,322,2898,80,02344,261,6355
120,6,322,3254,80,261,8008
120,6,322,3254,80,261,8008
120,6,322,3254,80,261,8008
120,6,322,3594,79,97754,261,9586
120,6,322,3594,79,97754,261,9586
120,6,322,3594,79,97754,261,9586
120,6,322,4075,79,94629,262,1821
120,6,322,4075,79,94629,262,1821
120,6,322,449,79,91895,262,3751
120,6,322,449,79,91895,262,3751
120,6,322,449,79,91895,262,3751
120,6,322,4927,79,89014,262,5781
120,6,322,4927,79,89014,262,5781
120,6,322,5344,79,86279,262,7723
120,6,322,5344,79,86279,262,7723
120,6,322,5344,79,86279,262,7723
120,6,322,5767,79,83496,262,9685
120,6,322,5767,79,83496,262,9685
120,6,322,5767,79,83496,262,9685
120,6,322,6301,79,7998,263,2168
120,6,322,6301,79,7998,263,2168
120,6,322,6301,79,7998,263,2168
120,6,322,6748,79,77051,263,4243
120,6,322,6748,79,77051,263,4243
120,6,322,7168,79,74316,263,6194
120,6,322,7168,79,74316,263,6194
120,6,322,7168,79,74316,263,6194
120,6,322,7607,79,71436,263,8239
120,6,322,7607,79,71436,263,8239
120,6,322,7607,79,71436,263,8239
120,6,322,8035,79,68652,264,0226
120,6,322,8035,79,68652,264,0226
120,6,322,8496,79,65625,264,2373
120,6,322,8496,79,65625,264,2373
120,6,322,8496,79,65625,264,2373
120,6,322,8953,79,62646,264,4501
120,6,322,8953,79,62646,264,4501
120,6,322,9375,79,59863,264,6469
120,6,322,9375,79,59863,264,6469
120,6,322,9375,79,59863,264,6469
120,6,322,9795,79,57129,264,842
120,6,322,9795,79,57129,264,842
120,6,322,9795,79,57129,264,842
120,6,323,0225,79,54297,265,0421
120,6,323,0225,79,54297,265,0421
120,6,323,0225,79,54297,265,0421
120,6,323,0681,79,51318,265,2542
120,6,323,0681,79,51318,265,2542
120,6,323,1152,79,48242,265,4739
120,6,323,1152,79,48242,265,4739
120,6,323,1152,79,48242,265,4739
120,6,323,1577,79,45459,265,6711
120,6,323,1577,79,45459,265,6711
120,6,323,1577,79,45459,265,6711
120,6,323,1577,79,45459,265,6711
120,6,323,1577,79,45459,265,6711
120,6,323,1577,79,45459,265,6711
120,6,323,1577,79,45459,265,6711
120,6,323,1577,79,45459,265,6711
120,6,323,1577,79,45459,265,6711
120,6,323,1577,79,45459,265,6711
120,6,323,1924,79,43164,265,8328
120,6,323,1924,79,43164,265,8328
120,6,323,1924,79,43164,265,8328
120,6,323,2266,79,40918,265,9922
120,6,323,2266,79,40918,265,9922
120,6,323,2266,79,40918,265,9922
120,6,323,269,79,38135,266,1897
120,6,323,269,79,38135,266,1897
120,6,323,3113,79,35352,266,386
120,6,323,3113,79,35352,266,386
120,6,323,3113,79,35352,266,386
120,6,323,3555,79,32471,266,5916
120,6,323,3555,79,32471,266,5916
120,6,323,3987,79,29639,266,7927
120,6,323,3987,79,29639,266,7927
120,6,323,3987,79,29639,266,7927
120,6,323,4429,79,26758,266,998
120,6,323,4429,79,26758,266,998
120,6,323,4429,79,26758,266,998
120,6,323,4844,79,24023,267,1917
120,6,323,4844,79,24023,267,1917
120,6,323,5308,79,20996,267,408
120,6,323,5308,79,20996,267,408
120,6,323,5308,79,20996,267,408
120,6,323,5762,79,18018,267,6191
120,6,323,5762,79,18018,267,6191
120,6,323,5762,79,18018,267,6191
120,6,323,6194,79,15186,267,8202
120,6,323,6194,79,15186,267,8202
120,6,323,6194,79,15186,267,8202
120,6,323,6655,79,12158,268,0352
120,6,323,6655,79,12158,268,0352
120,6,323,7112,79,0918,268,2469
120,6,323,7112,79,0918,268,2469
120,6,323,7112,79,0918,268,2469
120,6,323,7561,79,0625,268,4561
120,6,323,7561,79,0625,268,4561
120,6,323,7561,79,0625,268,4561
120,6,323,803,79,03174,268,674
120,6,323,803,79,03174,268,674
120,6,323,803,79,03174,268,674
120,6,323,8523,78,99951,268,9037
120,6,323,8523,78,99951,268,9037
120,6,323,8977,78,96973,269,1147
120,6,323,8977,78,96973,269,1147
120,6,323,8977,78,96973,269,1147
120,6,323,9429,78,94043,269,3246
120,6,323,9429,78,94043,269,3246
120,6,323,9429,78,94043,269,3246
120,6,323,9841,78,91357,269,5162
120,6,323,9841,78,91357,269,5162
120,6,323,9841,78,91357,269,5162
120,6,323,9841,78,91357,269,5162
120,6,323,9841,78,91357,269,5162
120,6,323,9841,78,91357,269,5162
120,6,323,9841,78,91357,269,5162
120,6,323,9841,78,91357,269,5162
120,6,323,9841,78,91357,269,5162
120,6,323,9841,78,91357,269,5162
120,6,323,9841,78,91357,269,5162
120,6,323,9841,78,91357,269,5162
120,6,323,9841,78,91357,269,5162
120,6,323,9841,78,91357,269,5162
120,6,323,9841,78,91357,269,5162
120,6,323,9841,78,91357,269,5162
120,7,323,9841,78,91357,269,5162
120,7,323,9841,78,91357,269,5162
120,7,323,9841,78,91357,269,5162
120,7,324,0203,78,89014,269,6842
120,7,324,0203,78,89014,269,6842
120,7,324,0566,78,86621,269,8534
120,7,324,0566,78,86621,269,8534
120,7,324,0566,78,86621,269,8534
120,7,324,1023,78,83643,270,0664
120,7,324,1023,78,83643,270,0664
120,7,324,1438,78,80908,270,2595
120,7,324,1438,78,80908,270,2595
120,7,324,1438,78,80908,270,2595
120,7,324,1841,78,78271,270,4467
120,7,324,1841,78,78271,270,4467
120,7,324,2214,78,7583,270,6205
120,7,324,2214,78,7583,270,6205
120,7,324,2214,78,7583,270,6205
120,7,324,2649,78,72998,270,823
120,7,324,2649,78,72998,270,823
120,7,324,2649,78,72998,270,823
120,7,324,3125,78,69873,271,0449
120,7,324,3125,78,69873,271,0449
120,7,324,356,78,67041,271,2472
120,7,324,356,78,67041,271,2472
120,7,324,356,78,67041,271,2472
120,7,324,3992,78,64209,271,4487
120,7,324,3992,78,64209,271,4487
120,7,324,3992,78,64209,271,4487
120,7,324,4429,78,61328,271,6519
120,7,324,4429,78,61328,271,6519
120,7,324,4878,78,58398,271,8611
120,7,324,4878,78,58398,271,8611
120,7,324,4878,78,58398,271,8611
120,7,324,532,78,55518,272,0667
120,7,324,532,78,55518,272,0667
120,7,324,532,78,55518,272,0667
120,7,324,5745,78,52734,272,2645
120,7,324,5745,78,52734,272,2645
120,7,324,6194,78,49805,272,4734
120,7,324,6194,78,49805,272,4734
120,7,324,6194,78,49805,272,4734
120,7,324,6638,78,46875,272,6804
120,7,324,6638,78,46875,272,6804
120,7,324,6638,78,46875,272,6804
120,7,324,7092,78,43896,272,8917
120,7,324,7092,78,43896,272,8917
120,7,324,7092,78,43896,272,8917
120,7,324,7646,78,40283,273,1499
120,7,324,7646,78,40283,273,1499
120,7,324,7646,78,40283,273,1499
120,7,324,8118,78,37207,273,3698
120,7,324,8118,78,37207,273,3698
120,7,324,8118,78,37207,273,3698
120,7,324,8118,78,37207,273,3698
120,7,324,8118,78,37207,273,3698
120,7,324,8118,78,37207,273,3698
120,7,324,8118,78,37207,273,3698
120,7,324,8118,78,37207,273,3698
120,7,324,8118,78,37207,273,3698
120,7,324,8455,78,3501,273,5265
120,7,324,8455,78,3501,273,5265
120,7,324,8455,78,3501,273,5265
120,7,324,8877,78,32227,273,7229
120,7,324,8877,78,32227,273,7229
120,7,324,8877,78,32227,273,7229
120,7,324,9338,78,29199,273,9371
120,7,324,9338,78,29199,273,9371
120,7,324,9338,78,29199,273,9371
120,7,324,9338,78,29199,273,9371
120,7,324,988,78,25635,274,1896
120,7,324,988,78,25635,274,1896
120,7,324,988,78,25635,274,1896
120,7,324,988,78,25635,274,1896
120,7,325,0557,78,21191,274,5046
120,7,325,0557,78,21191,274,5046
120,7,325,0557,78,21191,274,5046
120,7,325,0557,78,21191,274,5046
120,7,325,1267,78,16553,274,8352
120,7,325,1267,78,16553,274,8352
120,7,325,1267,78,16553,274,8352
120,7,325,1267,78,16553,274,8352
120,7,325,1863,78,12646,275,1127
120,7,325,1863,78,12646,275,1127
120,7,325,1863,78,12646,275,1127
120,7,325,1863,78,12646,275,1127
120,7,325,2507,78,08447,275,4125
120,7,325,2507,78,08447,275,4125
120,7,325,2507,78,08447,275,4125
120,7,325,2507,78,08447,275,4125
120,7,325,3206,78,03857,275,7372
120,7,325,3206,78,03857,275,7372
120,7,325,3206,78,03857,275,7372
120,7,325,3806,77,99902,276,0168
120,7,325,3806,77,99902,276,0168
120,7,325,3806,77,99902,276,0168
120,7,325,4329,77,96484,276,2594
120,7,325,4329,77,96484,276,2594
120,7,325,4329,77,96484,276,2594
120,7,325,4844,77,93115,276,4985
120,7,325,4844,77,93115,276,4985
120,7,325,4844,77,93115,276,4985
120,7,325,5354,77,89746,276,7363
120,7,325,5354,77,89746,276,7363
120,7,325,5796,77,86865,276,942
120,7,325,5796,77,86865,276,942
120,7,325,5796,77,86865,276,942
120,7,325,6265,77,83789,277,1599
120,7,325,6265,77,83789,277,1599
120,7,325,6265,77,83789,277,1599
120,7,325,6736,77,80713,277,3796
120,7,325,6736,77,80713,277,3796
120,7,325,6736,77,80713,277,3796
120,7,325,6736,77,80713,277,3796
120,7,325,6736,77,80713,277,3796
120,7,325,6736,77,80713,277,3796
120,7,325,6736,77,80713,277,3796
120,7,325,6736,77,80713,277,3796
120,7,325,6736,77,80713,277,3796
120,7,325,6736,77,80713,277,3796
120,7,325,6736,77,80713,277,3796
120,8,325,6736,77,80713,277,3796
120,8,325,6736,77,80713,277,3796
120,8,325,6736,77,80713,277,3796
120,8,325,6736,77,80713,277,3796
120,8,325,7102,77,7832,277,5505
120,8,325,7102,77,7832,277,5505
120,8,325,7102,77,7832,277,5505
120,8,325,7478,77,75879,277,7253
120,8,325,7478,77,75879,277,7253
120,8,325,7478,77,75879,277,7253
120,8,325,8003,77,72461,277,9695
120,8,325,8003,77,72461,277,9695
120,8,325,8003,77,72461,277,9695
120,8,325,8521,77,69092,278,2103
120,8,325,8521,77,69092,278,2103
120,8,325,8521,77,69092,278,2103
120,8,325,9028,77,65771,278,447
120,8,325,9028,77,65771,278,447
120,8,325,9028,77,65771,278,447
120,8,325,9529,77,625,278,6802
120,8,325,9529,77,625,278,6802
120,8,325,9529,77,625,278,6802
120,8,326,0024,77,59229,278,9113
120,8,326,0024,77,59229,278,9113
120,8,326,0024,77,59229,278,9113
120,8,326,0522,77,55957,279,1428
120,8,326,0522,77,55957,279,1428
120,8,326,0522,77,55957,279,1428
120,8,326,1008,77,52783,279,3685
120,8,326,1008,77,52783,279,3685
120,8,326,1008,77,52783,279,3685
120,8,326,1555,77,49219,279,6233
120,8,326,1555,77,49219,279,6233
120,8,326,1555,77,49219,279,6233
120,8,326,1555,77,49219,279,6233
120,8,326,2061,77,45898,279,8583
120,8,326,2061,77,45898,279,8583
120,8,326,2061,77,45898,279,8583
120,8,326,2668,77,41895,280,1416
120,8,326,2668,77,41895,280,1416
120,8,326,2668,77,41895,280,1416
120,8,326,2668,77,41895,280,1416
120,8,326,3259,77,38037,280,4163
120,8,326,3259,77,38037,280,4163
120,8,326,3259,77,38037,280,4163
120,8,326,3845,77,34229,280,6882
120,8,326,3845,77,34229,280,6882
120,8,326,3845,77,34229,280,6882
120,8,326,3845,77,34229,280,6882
120,8,326,4395,77,30615,280,9437
120,8,326,4395,77,30615,280,9437
120,8,326,4395,77,30615,280,9437
120,8,326,4395,77,30615,280,9437
120,8,326,5007,77,26611,281,2283
120,8,326,5007,77,26611,281,2283
120,8,326,5007,77,26611,281,2283
120,8,326,5007,77,26611,281,2283
120,8,326,5007,77,26611,281,2283
120,8,326,5007,77,26611,281,2283
120,8,326,5007,77,26611,281,2283
120,8,326,5007,77,26611,281,2283
120,8,326,5007,77,26611,281,2283
120,8,326,5007,77,26611,281,2283
120,8,326,5007,77,26611,281,2283
120,8,326,5007,77,26611,281,2283
120,8,326,5007,77,26611,281,2283
120,8,326,5386,77,24121,281,4041
120,8,326,5386,77,24121,281,4041
120,8,326,5386,77,24121,281,4041
120,8,326,5715,77,21973,281,5574
120,8,326,5715,77,21973,281,5574
120,8,326,5715,77,21973,281,5574
120,8,326,6208,77,1875,281,7871
120,8,326,6208,77,1875,281,7871
120,8,326,6655,77,1582,281,995
120,8,326,6655,77,1582,281,995
120,8,326,6655,77,1582,281,995
120,8,326,7056,77,13184,282,1809
120,8,326,7056,77,13184,282,1809
120,8,326,7056,77,13184,282,1809
120,8,326,7493,77,10303,282,3848
120,8,326,7493,77,10303,282,3848
120,8,326,7905,77,07617,282,5765
120,8,326,7905,77,07617,282,5765
120,8,326,7905,77,07617,282,5765
120,8,326,8333,77,04834,282,7749
120,8,326,8333,77,04834,282,7749
120,8,326,8772,77,01953,282,98
120,8,326,8772,77,01953,282,98
120,8,326,8772,77,01953,282,98
120,8,326,9199,76,9917,283,1785
120,8,326,9199,76,9917,283,1785
120,8,326,9199,76,9917,283,1785
120,8,326,9636,76,96289,283,3822
120,8,326,9636,76,96289,283,3822
120,8,327,0083,76,93359,283,5902
120,8,327,0083,76,93359,283,5902
120,8,327,0083,76,93359,283,5902
120,8,327,0083,76,93359,283,5902
120,8,327,053,76,9043,283,7976
120,8,327,053,76,9043,283,7976
120,8,327,1067,76,86914,284,0476
120,8,327,1067,76,86914,284,0476
120,8,327,1067,76,86914,284,0476
120,8,327,1531,76,83887,284,2632
120,8,327,1531,76,83887,284,2632
120,8,327,196,76,81055,284,4635
120,8,327,196,76,81055,284,4635
120,8,327,196,76,81055,284,4635
120,8,327,238,76,7832,284,6586
120,8,327,238,76,7832,284,6586
120,8,327,2798,76,75586,284,853
120,8,327,2798,76,75586,284,853
120,8,327,2798,76,75586,284,853
120,8,327,3215,76,72852,285,047
120,8,327,3215,76,72852,285,047
120,8,327,3621,76,70166,285,2361
120,8,327,3621,76,70166,285,2361
120,8,327,3621,76,70166,285,2361
120,8,327,3621,76,70166,285,2361
120,9,327,3621,76,70166,285,2361
120,9,327,3621,76,70166,285,2361
120,9,327,3621,76,70166,285,2361
120,9,327,3984,76,67773,285,4049
120,9,327,3984,76,67773,285,4049
120,9,327,3984,76,67773,285,4049
120,9,327,4331,76,65479,285,5665
120,9,327,4331,76,65479,285,5665
120,9,327,4331,76,65479,285,5665
120,9,327,4805,76,62354,285,7872
120,9,327,4805,76,62354,285,7872
120,9,327,5244,76,59473,285,9912
120,9,327,5244,76,59473,285,9912
120,9,327,5244,76,59473,285,9912
120,9,327,5713,76,56396,286,2092
120,9,327,5713,76,56396,286,2092
120,9,327,6108,76,53809,286,3931
120,9,327,6108,76,53809,286,3931
120,9,327,6108,76,53809,286,3931
120,9,327,6536,76,51025,286,592
120,9,327,6536,76,51025,286,592
120,9,327,6536,76,51025,286,592
120,9,327,7036,76,47754,286,8248
120,9,327,7036,76,47754,286,8248
120,9,327,7036,76,47754,286,8248
120,9,327,748,76,44824,287,0315
120,9,327,748,76,44824,287,0315
120,9,327,7917,76,41943,287,2354
120,9,327,7917,76,41943,287,2354
120,9,327,7917,76,41943,287,2354
120,9,327,833,76,39258,287,4277
120,9,327,833,76,39258,287,4277
120,9,327,873,76,36621,287,6138
120,9,327,873,76,36621,287,6138
120,9,327,873,76,36621,287,6138
120,9,327,9202,76,33545,287,8325
120,9,327,9202,76,33545,287,8325
120,9,327,9609,76,30859,288,0225
120,9,327,9609,76,30859,288,0225
120,9,327,9609,76,30859,288,0225
120,9,328,0029,76,28125,288,2183
120,9,328,0029,76,28125,288,2183
120,9,328,0422,76,25537,288,4016
120,9,328,0422,76,25537,288,4016
120,9,328,0422,76,25537,288,4016
120,9,328,084,76,22803,288,5955
120,9,328,084,76,22803,288,5955
120,9,328,1255,76,20068,288,7885
120,9,328,1255,76,20068,288,7885
120,9,328,1255,76,20068,288,7885
120,9,328,1689,76,17236,288,9906
120,9,328,1689,76,17236,288,9906
120,9,328,2097,76,14551,289,1804
120,9,328,2097,76,14551,289,1804
120,9,328,2097,76,14551,289,1804
120,9,328,2097,76,14551,289,1804
120,9,328,2097,76,14551,289,1804
120,9,328,2097,76,14551,289,1804
120,9,328,2097,76,14551,289,1804
120,9,328,2097,76,14551,289,1804
120,9,328,2097,76,14551,289,1804
120,9,328,2097,76,14551,289,1804
120,9,328,2097,76,14551,289,1804
120,9,328,2097,76,14551,289,1804
120,9,328,2097,76,14551,289,1804
120,9,328,2097,76,14551,289,1804
120,9,328,2097,76,14551,289,1804
120,9,328,2097,76,14551,289,1804
120,9,328,2097,76,14551,289,1804
120,9,328,2097,76,14551,289,1804
120,9,328,2488,76,12012,289,3621
120,9,328,2488,76,12012,289,3621
120,9,328,2488,76,12012,289,3621
120,9,328,2842,76,09717,289,5269
120,9,328,2842,76,09717,289,5269
120,9,328,2842,76,09717,289,5269
120,9,328,3313,76,06641,289,7466
120,9,328,3313,76,06641,289,7466
120,9,328,3782,76,03564,289,9644
120,9,328,3782,76,03564,289,9644
120,9,328,3782,76,03564,289,9644
120,9,328,4204,76,00781,290,1613
120,9,328,4204,76,00781,290,1613
120,9,328,4204,76,00781,290,1613
120,9,328,467,75,97754,290,3778
120,9,328,467,75,97754,290,3778
120,9,328,467,75,97754,290,3778
120,9,328,5151,75,94629,290,6013
120,9,328,5151,75,94629,290,6013
120,9,328,5151,75,94629,290,6013
120,9,328,5674,75,91211,290,8448
120,9,328,5674,75,91211,290,8448
120,9,328,5674,75,91211,290,8448
120,9,328,613,75,88232,291,0579
120,9,328,613,75,88232,291,0579
120,9,328,658,75,85303,291,2671
120,9,328,658,75,85303,291,2671
120,9,328,658,75,85303,291,2671
120,9,328,7029,75,82373,291,4756
120,9,328,7029,75,82373,291,4756
120,9,328,7029,75,82373,291,4756
120,9,328,7461,75,79541,291,6763
120,9,328,7461,75,79541,291,6763
120,9,328,7461,75,79541,291,6763
120,9,328,7935,75,76465,291,8965
120,9,328,7935,75,76465,291,8965
120,9,328,7935,75,76465,291,8965
120,9,328,8464,75,72998,292,1423
120,9,328,8464,75,72998,292,1423
120,9,328,8464,75,72998,292,1423
120,9,328,8928,75,69971,292,3577
120,9,328,8928,75,69971,292,3577
120,9,328,9419,75,66748,292,5857
120,9,328,9419,75,66748,292,5857
120,9,328,9419,75,66748,292,5857
120,9,328,988,75,63721,292,7999
120,9,328,988,75,63721,292,7999
120,9,328,988,75,63721,292,7999
120,9,329,0374,75,60498,293,0291
120,9,329,0374,75,60498,293,0291
120,9,329,0374,75,60498,293,0291
120,9,329,0374,75,60498,293,0291
120,9,329,0374,75,60498,293,0291
120,9,329,0374,75,60498,293,0291
120,9,329,0374,75,60498,293,0291
120,9,329,0374,75,60498,293,0291
120,9,329,0374,75,60498,293,0291
120,9,329,0374,75,60498,293,0291
120,9,329,0374,75,60498,293,0291
120,9,329,0374,75,60498,293,0291
120,9,329,0374,75,60498,293,0291
120,9,329,0374,75,60498,293,0291
120,9,329,0374,75,60498,293,0291
120,9,329,0374,75,60498,293,0291
120,9,329,0374,75,60498,293,0291
120,9,329,0374,75,60498,293,0291
120,9,329,0374,75,60498,293,0291
120,9,329,0374,75,60498,293,0291
120,9,329,0374,75,60498,293,0291
120,9,329,0374,75,60498,293,0291
120,9,329,0374,75,60498,293,0291
120,9,329,0374,75,60498,293,0291
120,9,329,0374,75,60498,293,0291
120,9,329,0374,75,60498,293,0291
120,9,329,0374,75,60498,293,0291
120,9,329,0374,75,60498,293,0291
120,9,329,0374,75,60498,293,0291
120,9,329,0374,75,60498,293,0291
120,9,329,0374,75,60498,293,0291
120,9,329,0374,75,60498,293,0291
120,9,329,0374,75,60498,293,0291
120,9,329,0374,75,60498,293,0291
120,9,329,0374,75,60498,293,0291
120,9,329,0374,75,60498,293,0291
120,9,329,0374,75,60498,293,0291
120,9,329,0374,75,60498,293,0291
120,9,329,0374,75,60498,293,0291
120,9,329,0374,75,60498,293,0291
120,9,329,0374,75,60498,293,0291
120,9,329,0374,75,60498,293,0291
120,9,329,0374,75,60498,293,0291
120,9,329,0374,75,60498,293,0291
120,9,329,0374,75,60498,293,0291
120,9,329,0374,75,60498,293,0291
120,9,329,0374,75,60498,293,0291
120,9,329,0374,75,60498,293,0291
120,9,329,0374,75,60498,293,0291
120,9,329,0374,75,60498,293,0291
120,9,329,0374,75,60498,293,0291
120,9,329,0374,75,60498,293,0291
120,9,329,0374,75,60498,293,0291
120,9,329,0374,75,60498,293,0291
120,9,329,0374,75,60498,293,0291
120,9,329,0374,75,60498,293,0291
120,9,329,0374,75,60498,293,0291
120,9,329,0374,75,60498,293,0291
120,9,329,0374,75,60498,293,0291
120,9,329,0374,75,60498,293,0291
120,9,329,0374,75,60498,293,0291
120,9,329,0374,75,60498,293,0291
120,9,329,0374,75,60498,293,0291
120,9,329,0374,75,60498,293,0291
120,9,329,0374,75,60498,293,0291
120,9,329,0374,75,60498,293,0291
120,9,329,0374,75,60498,293,0291
120,9,329,0374,75,60498,293,0291
120,9,329,0374,75,60498,293,0291
120,9,329,0374,75,60498,293,0291
120,9,329,0374,75,60498,293,0291
120,9,329,0374,75,60498,293,0291
120,9,329,0374,75,60498,293,0291
120,9,329,0374,75,60498,293,0291
120,9,329,0374,75,60498,293,0291
120,9,329,0374,75,60498,293,0291
120,9,329,0374,75,60498,293,0291
120,9,329,0374,75,60498,293,0291
120,9,329,0374,75,60498,293,0291
120,9,329,0374,75,60498,293,0291
120,9,329,0374,75,60498,293,0291
120,9,329,0374,75,60498,293,0291
120,9,329,0374,75,60498,293,0291
120,9,329,0374,75,60498,293,0291
120,9,329,0374,75,60498,293,0291
120,9,329,0374,75,60498,293,0291
120,9,329,0374,75,60498,293,0291
120,9,329,0374,75,60498,293,0291
120,9,329,0374,75,60498,293,0291
120,9,329,0374,75,60498,293,0291
120,9,329,0374,75,60498,293,0291
120,9,329,0374,75,60498,293,0291
120,9,329,0374,75,60498,293,0291
120,9,329,0374,75,60498,293,0291
120,9,329,0374,75,60498,293,0291
120,9,329,0374,75,60498,293,0291
120,9,329,0374,75,60498,293,0291
120,9,329,0374,75,60498,293,0291
120,9,329,0374,75,60498,293,0291
120,9,329,0374,75,60498,293,0291
120,9,329,0374,75,60498,293,0291
120,9,329,0374,75,60498,293,0291
120,9,329,0374,75,60498,293,0291
120,9,329,0374,75,60498,293,0291
120,9,329,0374,75,60498,293,0291
120,9,329,0374,75,60498,293,0291
120,9,329,0374,75,60498,293,0291
120,9,329,0374,75,60498,293,0291
120,9,329,0374,75,60498,293,0291
120,9,329,0374,75,60498,293,0291
120,9,329,0374,75,60498,293,0291
120,9,329,0374,75,60498,293,0291
120,9,329,0374,75,60498,293,0291
120,9,329,0374,75,60498,293,0291
120,9,329,0374,75,60498,293,0291
120,9,329,0374,75,60498,293,0291
120,9,329,0374,75,60498,293,0291
120,9,329,0374,75,60498,293,0291
120,9,329,0374,75,60498,293,0291
120,9,329,0374,75,60498,293,0291
120,9,329,0374,75,60498,293,0291
120,9,329,0374,75,60498,293,0291
120,9,329,0374,75,60498,293,0291
120,9,329,0374,75,60498,293,0291
120,9,329,0374,75,60498,293,0291
120,9,329,0374,75,60498,293,0291
120,9,329,0374,75,60498,293,0291
120,9,329,0374,75,60498,293,0291
120,9,329,0374,75,60498,293,0291
120,9,329,0374,75,60498,293,0291
120,9,329,0374,75,60498,293,0291
120,9,329,0374,75,60498,293,0291
120,9,329,0374,75,60498,293,0291
120,9,329,0374,75,60498,293,0291
120,9,329,0374,75,60498,293,0291
120,9,329,0374,75,60498,293,0291
120,9,329,0374,75,60498,293,0291
120,9,329,0374,75,60498,293,0291
120,9,329,0374,75,60498,293,0291
120,9,329,0374,75,60498,293,0291
120,9,329,0374,75,60498,293,0291
120,9,329,0374,75,60498,293,0291
120,9,329,0374,75,60498,293,0291
120,9,329,0374,75,60498,293,0291
120,9,329,0374,75,60498,293,0291
120,9,329,0374,75,60498,293,0291
120,9,329,0374,75,60498,293,0291
120,9,329,0374,75,60498,293,0291
120,9,329,0374,75,60498,293,0291
120,9,329,0374,75,60498,293,0291
120,9,329,0374,75,60498,293,0291
120,9,329,0374,75,60498,293,0291
120,9,329,0374,75,60498,293,0291
120,9,329,0374,75,60498,293,0291
120,9,329,0374,75,60498,293,0291
120,9,329,0374,75,60498,293,0291
120,9,329,0374,75,60498,293,0291
120,9,329,0374,75,60498,293,0291
120,9,329,0374,75,60498,293,0291
120,9,329,0374,75,60498,293,0291
120,9,329,0374,75,60498,293,0291
120,9,329,0374,75,60498,293,0291
120,9,329,0374,75,60498,293,0291
120,9,329,0374,75,60498,293,0291
120,9,329,0374,75,60498,293,0291
120,9,329,0374,75,60498,293,0291
120,9,329,0374,75,60498,293,0291
120,9,329,0374,75,60498,293,0291
120,9,329,0374,75,60498,293,0291
120,9,329,0374,75,60498,293,0291
120,9,329,0374,75,60498,293,0291
120,9,329,0374,75,60498,293,0291
120,9,329,0374,75,60498,293,0291
120,9,329,0374,75,60498,293,0291
120,9,329,0374,75,60498,293,0291
120,9,329,0374,75,60498,293,0291
120,9,329,0374,75,60498,293,0291
120,9,329,0374,75,60498,293,0291
120,9,329,0374,75,60498,293,0291
120,9,329,0374,75,60498,293,0291
120,9,329,0374,75,60498,293,0291
120,9,329,0374,75,60498,293,0291
120,9,329,0374,75,60498,293,0291
120,9,329,0374,75,60498,293,0291
120,9,329,0374,75,60498,293,0291
120,9,329,0374,75,60498,293,0291
120,9,329,0374,75,60498,293,0291
120,9,329,0374,75,60498,293,0291
120,9,329,0374,75,60498,293,0291
120,9,329,0374,75,60498,293,0291
120,9,329,0374,75,60498,293,0291
120,9,329,0374,75,60498,293,0291
120,9,329,0374,75,60498,293,0291
120,9,329,0374,75,60498,293,0291
120,9,329,0374,75,60498,293,0291
120,9,329,0374,75,60498,293,0291
120,9,329,0374,75,60498,293,0291
120,9,329,0374,75,60498,293,0291
120,9,329,0374,75,60498,293,0291
120,9,329,0374,75,60498,293,0291
120,9,329,0374,75,60498,293,0291
120,9,329,0374,75,60498,293,0291
120,9,329,0374,75,60498,293,0291
120,9,329,0374,75,60498,293,0291
120,9,329,0374,75,60498,293,0291
120,9,329,0374,75,60498,293,0291
120,9,329,0374,75,60498,293,0291
120,9,329,0374,75,60498,293,0291
120,9,329,0374,75,60498,293,0291
120,10,329,0374,75,60498,293,0291
120,10,329,0374,75,60498,293,0291
120,10,329,0701,75,5835,293,1812
120,10,329,0701,75,5835,293,1812
120,10,329,0701,75,5835,293,1812
120,10,329,1045,75,56104,293,3418
120,10,329,1045,75,56104,293,3418
120,10,329,1045,75,56104,293,3418
120,10,329,1487,75,53223,293,5469
120,10,329,1487,75,53223,293,5469
120,10,329,1912,75,50439,293,7444
120,10,329,1912,75,50439,293,7444
120,10,329,1912,75,50439,293,7444
120,10,329,2336,75,47656,293,9421
120,10,329,2336,75,47656,293,9421
120,10,329,2761,75,44873,294,1398
120,10,329,2761,75,44873,294,1398
120,10,329,2761,75,44873,294,1398
120,10,329,3201,75,41992,294,3439
120,10,329,3201,75,41992,294,3439
120,10,329,3611,75,39307,294,5344
120,10,329,3611,75,39307,294,5344
120,10,329,3611,75,39307,294,5344
120,10,329,4036,75,36523,294,7319
120,10,329,4036,75,36523,294,7319
120,10,329,4451,75,33789,294,9252
120,10,329,4451,75,33789,294,9252
120,10,329,4451,75,33789,294,9252
120,10,329,4861,75,31104,295,1155
120,10,329,4861,75,31104,295,1155
120,10,329,5259,75,28516,295,3007
120,10,329,5259,75,28516,295,3007
120,10,329,5259,75,28516,295,3007
120,10,329,5669,75,2583,295,4911
120,10,329,5669,75,2583,295,4911
120,10,329,6082,75,23145,295,6835
120,10,329,6082,75,23145,295,6835
120,10,329,6082,75,23145,295,6835
120,10,329,6497,75,2041,295,8762
120,10,329,6497,75,2041,295,8762
120,10,329,6902,75,17773,296,0647
120,10,329,6902,75,17773,296,0647
120,10,329,7307,75,15137,296,2529
120,10,329,7307,75,15137,296,2529
120,10,329,7307,75,15137,296,2529
120,10,329,7715,75,12451,296,4425
120,10,329,7715,75,12451,296,4425
120,10,329,8123,75,09766,296,632
120,10,329,8123,75,09766,296,632
120,10,329,8123,75,09766,296,632
120,10,329,8538,75,07031,296,8251
120,10,329,8538,75,07031,296,8251
120,10,329,8945,75,04346,297,0151
120,10,329,8945,75,04346,297,0151
120,10,329,8945,75,04346,297,0151
120,10,329,8945,75,04346,297,0151
120,10,329,8945,75,04346,297,0151
120,10,329,8945,75,04346,297,0151
120,10,329,8945,75,04346,297,0151
120,10,329,8945,75,04346,297,0151
120,10,329,8945,75,04346,297,0151
120,10,329,9258,75,02295,297,1609
120,10,329,9258,75,02295,297,1609
120,10,329,9592,75,00098,297,3165
120,10,329,9592,75,00098,297,3165
120,10,329,9592,75,00098,297,3165
120,10,330,0012,74,97363,297,512
120,10,330,0012,74,97363,297,512
120,10,330,0417,74,94727,297,7
120,10,330,0417,74,94727,297,7
120,10,330,0417,74,94727,297,7
120,10,330,083,74,92041,297,8917
120,10,330,083,74,92041,297,8917
120,10,330,1248,74,89307,298,0857
120,10,330,1248,74,89307,298,0857
120,10,330,1653,74,8667,298,2739
120,10,330,1653,74,8667,298,2739
120,10,330,1653,74,8667,298,2739
120,10,330,2058,74,84033,298,4626
120,10,330,2058,74,84033,298,4626
120,10,330,2058,74,84033,298,4626
120,10,330,2478,74,81299,298,6582
120,10,330,2478,74,81299,298,6582
120,10,330,2908,74,78467,298,8579
120,10,330,2908,74,78467,298,8579
120,10,330,2908,74,78467,298,8579
120,10,330,3318,74,75781,299,0482
120,10,330,3318,74,75781,299,0482
120,10,330,377,74,72803,299,2582
120,10,330,377,74,72803,299,2582
120,10,330,377,74,72803,299,2582
120,10,330,4211,74,69922,299,4634
120,10,330,4211,74,69922,299,4634
120,10,330,4639,74,67139,299,6621
120,10,330,4639,74,67139,299,6621
120,10,330,4639,74,67139,299,6621
120,10,330,4639,74,67139,299,6621
120,10,330,5056,74,64404,299,8569
120,10,330,5056,74,64404,299,8569
120,10,330,5566,74,61035,300,0946
120,10,330,5566,74,61035,300,0946
120,10,330,5566,74,61035,300,0946
120,10,330,6011,74,58105,300,301
120,10,330,6011,74,58105,300,301
120,10,330,6436,74,55322,300,499
120,10,330,6436,74,55322,300,499
120,10,330,6436,74,55322,300,499
120,10,330,6873,74,52441,300,7024
120,10,330,6873,74,52441,300,7024
120,10,330,6873,74,52441,300,7024
120,10,330,7302,74,49609,300,9019
120,10,330,7302,74,49609,300,9019
120,10,330,7302,74,49609,300,9019
120,10,330,7302,74,49609,300,9019
120,10,330,7302,74,49609,300,9019
120,10,330,7302,74,49609,300,9019
120,10,330,7302,74,49609,300,9019
120,10,330,7302,74,49609,300,9019
120,10,330,7302,74,49609,300,9019
120,11,330,7302,74,49609,300,9019
120,11,330,7302,74,49609,300,9019
120,11,330,7302,74,49609,300,9019
120,11,330,7629,74,47461,301,0546
120,11,330,7629,74,47461,301,0546
120,11,330,7629,74,47461,301,0546
120,11,330,7961,74,45264,301,2095
120,11,330,7961,74,45264,301,2095
120,11,330,8411,74,42334,301,4189
120,11,330,8411,74,42334,301,4189
120,11,330,8411,74,42334,301,4189
120,11,330,8821,74,39648,301,61
120,11,330,8821,74,39648,301,61
120,11,330,9258,74,36768,301,813
120,11,330,9258,74,36768,301,813
120,11,330,9258,74,36768,301,813
120,11,330,9683,74,33984,302,011
120,11,330,9683,74,33984,302,011
120,11,331,01,74,3125,302,2046
120,11,331,01,74,3125,302,2046
120,11,331,01,74,3125,302,2046
120,11,331,05,74,28613,302,3904
120,11,331,05,74,28613,302,3904
120,11,331,0923,74,25879,302,5864
120,11,331,0923,74,25879,302,5864
120,11,331,0923,74,25879,302,5864
120,11,331,134,74,23145,302,7806
120,11,331,134,74,23145,302,7806
120,11,331,175,74,20459,302,9712
120,11,331,175,74,20459,302,9712
120,11,331,175,74,20459,302,9712
120,11,331,2161,74,17773,303,1619
120,11,331,2161,74,17773,303,1619
120,11,331,2576,74,15039,303,3547
120,11,331,2576,74,15039,303,3547
120,11,331,2576,74,15039,303,3547
120,11,331,2974,74,12451,303,5397
120,11,331,2974,74,12451,303,5397
120,11,331,3416,74,0957,303,7451
120,11,331,3416,74,0957,303,7451
120,11,331,3416,74,0957,303,7451
120,11,331,3818,74,06934,303,9323
120,11,331,3818,74,06934,303,9323
120,11,331,4211,74,04346,304,115
120,11,331,4211,74,04346,304,115
120,11,331,4211,74,04346,304,115
120,11,331,4614,74,01709,304,302
120,11,331,4614,74,01709,304,302
120,11,331,5032,73,98975,304,4968
120,11,331,5032,73,98975,304,4968
120,11,331,5449,73,9624,304,6914
120,11,331,5449,73,9624,304,6914
120,11,331,5449,73,9624,304,6914
120,11,331,5847,73,93652,304,8771
120,11,331,5847,73,93652,304,8771
120,11,331,5847,73,93652,304,8771
120,11,331,5847,73,93652,304,8771
120,11,331,5847,73,93652,304,8771
120,11,331,5847,73,93652,304,8771
120,11,331,5847,73,93652,304,8771
120,11,331,5847,73,93652,304,8771
120,11,331,5847,73,93652,304,8771
120,11,331,5847,73,93652,304,8771
120,11,331,5847,73,93652,304,8771
120,11,331,5847,73,93652,304,8771
120,11,331,5847,73,93652,304,8771
120,11,331,5847,73,93652,304,8771
120,11,331,5847,73,93652,304,8771
120,11,331,5847,73,93652,304,8771
120,11,331,5847,73,93652,304,8771
120,11,331,6228,73,91162,305,0546
120,11,331,6228,73,91162,305,0546
120,11,331,6228,73,91162,305,0546
120,11,331,6584,73,88818,305,2205
120,11,331,6584,73,88818,305,2205
120,11,331,7041,73,8584,305,4329
120,11,331,7041,73,8584,305,4329
120,11,331,7041,73,8584,305,4329
120,11,331,7458,73,83105,305,6273
120,11,331,7458,73,83105,305,6273
120,11,331,7458,73,83105,305,6273
120,11,331,7903,73,80176,305,8345
120,11,331,7903,73,80176,305,8345
120,11,331,8315,73,7749,306,026
120,11,331,8315,73,7749,306,026
120,11,331,8315,73,7749,306,026
120,11,331,873,73,74756,306,2189
120,11,331,873,73,74756,306,2189
120,11,331,9133,73,72119,306,4067
120,11,331,9133,73,72119,306,4067
120,11,331,9133,73,72119,306,4067
120,11,331,9558,73,69336,306,6047
120,11,331,9558,73,69336,306,6047
120,11,331,9983,73,66553,306,8021
120,11,331,9983,73,66553,306,8021
120,11,331,9983,73,66553,306,8021
120,11,332,042,73,63721,307,0051
120,11,332,042,73,63721,307,0051
120,11,332,0828,73,61035,307,1947
120,11,332,0828,73,61035,307,1947
120,11,332,0828,73,61035,307,1947
120,11,332,1243,73,58301,307,3872
120,11,332,1243,73,58301,307,3872
120,11,332,1648,73,55664,307,5752
120,11,332,1648,73,55664,307,5752
120,11,332,1648,73,55664,307,5752
120,11,332,2048,73,53027,307,762
120,11,332,2048,73,53027,307,762
120,11,332,2476,73,50244,307,9607
120,11,332,2476,73,50244,307,9607
120,11,332,2476,73,50244,307,9607
120,11,332,2891,73,4751,308,1534
120,11,332,2891,73,4751,308,1534
120,11,332,3303,73,44824,308,3448
120,11,332,3303,73,44824,308,3448
120,11,332,3711,73,42139,308,535
120,11,332,3711,73,42139,308,535
120,11,332,3711,73,42139,308,535
120,11,332,4119,73,39453,308,7244
120,11,332,4119,73,39453,308,7244
120,11,332,4119,73,39453,308,7244
120,11,332,4541,73,3667,308,9211
120,11,332,4541,73,3667,308,9211
120,11,332,4541,73,3667,308,9211
120,11,332,4541,73,3667,308,9211
120,11,332,4541,73,3667,308,9211
120,11,332,4541,73,3667,308,9211
120,11,332,4541,73,3667,308,9211
120,11,332,4541,73,3667,308,9211
120,11,332,4541,73,3667,308,9211
120,11,332,4541,73,3667,308,9211
120,11,332,4541,73,3667,308,9211
120,11,332,4541,73,3667,308,9211
120,12,332,4541,73,3667,308,9211
120,12,332,4541,73,3667,308,9211
120,12,332,4541,73,3667,308,9211
120,12,332,4875,73,34473,309,0767
120,12,332,4875,73,34473,309,0767
120,12,332,4875,73,34473,309,0767
120,12,332,5225,73,32178,309,2388
120,12,332,5225,73,32178,309,2388
120,12,332,5225,73,32178,309,2388
120,12,332,5674,73,29248,309,4476
120,12,332,5674,73,29248,309,4476
120,12,332,6101,73,26465,309,6465
120,12,332,6101,73,26465,309,6465
120,12,332,6101,73,26465,309,6465
120,12,332,6521,73,2373,309,8416
120,12,332,6521,73,2373,309,8416
120,12,332,6931,73,21045,310,0323
120,12,332,6931,73,21045,310,0323
120,12,332,6931,73,21045,310,0323
120,12,332,7371,73,18164,310,2374
120,12,332,7371,73,18164,310,2374
120,12,332,7783,73,15479,310,4294
120,12,332,7783,73,15479,310,4294
120,12,332,7783,73,15479,310,4294
120,12,332,8218,73,12646,310,6317
120,12,332,8218,73,12646,310,6317
120,12,332,8218,73,12646,310,6317
120,12,332,8638,73,09912,310,8274
120,12,332,8638,73,09912,310,8274
120,12,332,9067,73,0708,311,0275
120,12,332,9067,73,0708,311,0275
120,12,332,9067,73,0708,311,0275
120,12,332,95,73,04248,311,2286
120,12,332,95,73,04248,311,2286
120,12,332,95,73,04248,311,2286
120,12,332,9929,73,01416,311,429
120,12,332,9929,73,01416,311,429
120,12,332,9929,73,01416,311,429
120,12,332,9929,73,01416,311,429
120,12,333,0491,72,97754,311,6902
120,12,333,0491,72,97754,311,6902
120,12,333,0491,72,97754,311,6902
120,12,333,0491,72,97754,311,6902
120,12,333,1172,72,93311,312,0073
120,12,333,1172,72,93311,312,0073
120,12,333,1172,72,93311,312,0073
120,12,333,1741,72,896,312,2717
120,12,333,1741,72,896,312,2717
120,12,333,1741,72,896,312,2717
120,12,333,2322,72,85791,312,5426
120,12,333,2322,72,85791,312,5426
120,12,333,2322,72,85791,312,5426
120,12,333,2322,72,85791,312,5426
120,12,333,2876,72,82178,312,8008
120,12,333,2876,72,82178,312,8008
120,12,333,2876,72,82178,312,8008
120,12,333,2876,72,82178,312,8008
120,12,333,2876,72,82178,312,8008
120,12,333,2876,72,82178,312,8008
120,12,333,2876,72,82178,312,8008
120,12,333,2876,72,82178,312,8008
120,12,333,2876,72,82178,312,8008
120,12,333,2876,72,82178,312,8008
120,12,333,2876,72,82178,312,8008
120,12,333,2876,72,82178,312,8008
120,12,333,2876,72,82178,312,8008
120,12,333,2876,72,82178,312,8008
120,12,333,323,72,79883,312,9651
120,12,333,323,72,79883,312,9651
120,12,333,323,72,79883,312,9651
120,12,333,323,72,79883,312,9651
120,12,333,3594,72,7749,313,134
120,12,333,3594,72,7749,313,134
120,12,333,3594,72,7749,313,134
120,12,333,3594,72,7749,313,134
120,12,333,4248,72,73193,313,4387
120,12,333,4248,72,73193,313,4387
120,12,333,4248,72,73193,313,4387
120,12,333,4866,72,69141,313,7263
120,12,333,4866,72,69141,313,7263
120,12,333,4866,72,69141,313,7263
120,12,333,5376,72,6582,313,964
120,12,333,5376,72,6582,313,964
120,12,333,5376,72,6582,313,964
120,12,333,5898,72,62402,314,2075
120,12,333,5898,72,62402,314,2075
120,12,333,5898,72,62402,314,2075
120,12,333,6404,72,59082,314,4431
120,12,333,6404,72,59082,314,4431
120,12,333,6404,72,59082,314,4431
120,12,333,6404,72,59082,314,4431
120,12,333,6973,72,55371,314,7076
120,12,333,6973,72,55371,314,7076
120,12,333,7505,72,51904,314,9551
120,12,333,7505,72,51904,314,9551
120,12,333,7505,72,51904,314,9551
120,12,333,7969,72,48877,315,1711
120,12,333,7969,72,48877,315,1711
120,12,333,7969,72,48877,315,1711
120,12,333,8452,72,45703,315,396
120,12,333,8452,72,45703,315,396
120,12,333,887,72,42969,315,5906
120,12,333,887,72,42969,315,5906
120,12,333,887,72,42969,315,5906
120,12,333,9304,72,40137,315,7932
120,12,333,9304,72,40137,315,7932
120,12,333,9304,72,40137,315,7932
120,12,333,9741,72,37256,315,9967
120,12,333,9741,72,37256,315,9967
120,12,333,9741,72,37256,315,9967
120,12,333,9741,72,37256,315,9967
120,12,333,9741,72,37256,315,9967
120,12,334,0198,72,34277,316,2096
120,13,334,0198,72,34277,316,2096
120,13,334,0198,72,34277,316,2096
120,13,334,0198,72,34277,316,2096
120,13,334,0198,72,34277,316,2096
120,13,334,103,72,28809,316,597
120,13,334,103,72,28809,316,597
120,13,334,1863,72,2334,316,9845
120,13,334,1863,72,2334,316,9845
120,13,334,1863,72,2334,316,9845
120,13,334,2202,72,21094,317,1427
120,14,334,2202,72,21094,317,1427
120,14,334,2202,72,21094,317,1427
120,14,334,269,72,17871,317,3701
120,14,334,269,72,17871,317,3701
120,14,334,3162,72,14795,317,5891
120,14,334,3162,72,14795,317,5891
120,14,334,3538,72,12354,317,764
120,14,334,3538,72,12354,317,764
120,14,334,3909,72,09912,317,9373
120,14,334,3909,72,09912,317,9373
120,14,334,4282,72,07471,318,1112
120,14,334,4282,72,07471,318,1112
120,14,334,4644,72,05127,318,2791
120,14,334,4644,72,05127,318,2791
120,14,334,4919,72,0332,318,4073
120,14,334,519,72,01563,318,5334
120,14,334,519,72,01563,318,5334
120,14,334,5442,71,99902,318,6498
120,14,334,5681,71,9834,318,7607
120,14,334,5681,71,9834,318,7607
120,14,334,5952,71,96582,318,8868
120,14,334,6213,71,94873,319,0081
120,14,334,6213,71,94873,319,0081
120,14,334,6213,71,94873,319,0081
120,14,334,6475,71,93164,319,1295
120,14,334,6475,71,93164,319,1295
120,14,334,6904,71,90332,319,3296
120,14,334,6904,71,90332,319,3296
120,14,334,6904,71,90332,319,3296
120,14,334,6904,71,90332,319,3296
120,14,334,7307,71,87695,319,5168
120,14,334,7307,71,87695,319,5168
120,14,334,7817,71,84375,319,7544
120,14,334,7817,71,84375,319,7544
120,14,334,8254,71,81494,319,9583
120,14,334,8254,71,81494,319,9583
120,14,334,8254,71,81494,319,9583
120,14,334,8638,71,79004,320,1365
120,14,334,8638,71,79004,320,1365
120,14,334,8638,71,79004,320,1365
120,14,334,906,71,76221,320,3335
120,14,334,906,71,76221,320,3335
120,14,334,906,71,76221,320,3335
120,14,334,9514,71,73242,320,5444
120,14,334,9514,71,73242,320,5444
120,14,334,998,71,70215,320,7612
120,14,334,998,71,70215,320,7612
120,14,334,998,71,70215,320,7612
120,14,335,0403,71,67432,320,9573
120,14,335,0403,71,67432,320,9573
120,14,335,0818,71,64697,321,1509
120,14,335,0818,71,64697,321,1509
120,14,335,0818,71,64697,321,1509
120,14,335,1235,71,61963,321,3455
120,14,335,1235,71,61963,321,3455
120,14,335,1235,71,61963,321,3455
120,14,335,1235,71,61963,321,3455
120,14,335,1235,71,61963,321,3455
120,14,335,1653,71,59229,321,5393
120,14,335,1653,71,59229,321,5393
120,14,335,1653,71,59229,321,5393
120,14,335,2485,71,5376,321,9268
120,14,335,2485,71,5376,321,9268
120,14,335,2485,71,5376,321,9268
120,14,335,2485,71,5376,321,9268
120,14,335,3115,71,49658,322,2197
120,14,335,3115,71,49658,322,2197
120,14,335,3689,71,45898,322,4862
120,14,335,3689,71,45898,322,4862
120,14,335,3689,71,45898,322,4862
120,14,335,4133,71,42969,322,6934
120,14,335,4133,71,42969,322,6934
120,14,335,4133,71,42969,322,6934
120,14,335,4585,71,3999,322,9038
120,14,335,4585,71,3999,322,9038
120,14,335,4585,71,3999,322,9038
120,14,335,5107,71,36572,323,147
120,14,335,5107,71,36572,323,147
120,14,335,5107,71,36572,323,147
120,14,335,5574,71,33496,323,3641
120,14,335,5574,71,33496,323,3641
120,14,335,5574,71,33496,323,3641
120,14,335,6047,71,3042,323,5845
120,14,335,6047,71,3042,323,5845
120,14,335,6047,71,3042,323,5845
120,14,335,6501,71,27441,323,7963
120,14,335,6501,71,27441,323,7963
120,14,335,6501,71,27441,323,7963
120,14,335,6501,71,27441,323,7963
120,14,335,6501,71,27441,323,7963
120,14,335,6501,71,27441,323,7963
120,14,335,6501,71,27441,323,7963
120,14,335,6501,71,27441,323,7963
120,14,335,6501,71,27441,323,7963
120,14,335,6501,71,27441,323,7963
120,14,335,6501,71,27441,323,7963
120,14,335,6501,71,27441,323,7963
120,14,335,6501,71,27441,323,7963
120,14,335,6501,71,27441,323,7963
120,14,335,6501,71,27441,323,7963
120,14,335,6501,71,27441,323,7963
120,14,335,6501,71,27441,323,7963
120,14,335,6501,71,27441,323,7963
120,14,335,6501,71,27441,323,7963
120,14,335,6501,71,27441,323,7963
120,14,335,6501,71,27441,323,7963
120,14,335,6501,71,27441,323,7963
120,14,335,6501,71,27441,323,7963
120,14,335,6501,71,27441,323,7963
120,14,335,6501,71,27441,323,7963
120,14,335,6501,71,27441,323,7963
120,14,335,6873,71,25,323,9695
120,14,335,6873,71,25,323,9695
120,14,335,6873,71,25,323,9695
120,14,335,7283,71,22314,324,16
120,14,335,7283,71,22314,324,16
120,14,335,7283,71,22314,324,16
120,14,335,7769,71,19141,324,3857
120,14,335,7769,71,19141,324,3857
120,14,335,7769,71,19141,324,3857
120,14,335,825,71,16016,324,6091
120,14,335,825,71,16016,324,6091
120,14,335,825,71,16016,324,6091
120,14,335,8733,71,12842,324,8337
120,14,335,8733,71,12842,324,8337
120,14,335,9209,71,09717,325,0557
120,14,335,9209,71,09717,325,0557
120,14,335,958,71,07275,325,2284
120,14,335,958,71,07275,325,2284
120,14,335,9929,71,0498,325,3906
120,14,335,9929,71,0498,325,3906
120,14,336,0288,71,02637,325,5573
120,14,336,0288,71,02637,325,5573
120,14,336,0647,71,00293,325,724
120,14,336,0647,71,00293,325,724
120,14,336,0647,71,00293,325,724
120,14,336,0984,70,98096,325,8804
120,14,336,0984,70,98096,325,8804
120,14,336,1362,70,95605,326,0564
120,14,336,1362,70,95605,326,0564
120,14,336,1711,70,93311,326,2183
120,14,336,1711,70,93311,326,2183
120,14,336,2061,70,91016,326,3802
120,14,336,2061,70,91016,326,3802
120,14,336,2419,70,88672,326,5469
120,14,336,2419,70,88672,326,5469
120,14,336,2783,70,86279,326,7161
120,14,336,2783,70,86279,326,7161
120,14,336,3152,70,83838,326,8879
120,14,336,3152,70,83838,326,8879
120,14,336,3152,70,83838,326,8879
120,14,336,3152,70,83838,326,8879
120,14,336,3521,70,81445,327,0593
120,14,336,3521,70,81445,327,0593
120,14,336,3521,70,81445,327,0593
120,14,336,4072,70,77832,327,3159
120,14,336,4072,70,77832,327,3159
120,14,336,4072,70,77832,327,3159
120,14,336,4072,70,77832,327,3159
120,14,336,4644,70,74072,327,582
120,14,336,4644,70,74072,327,582
120,14,336,4644,70,74072,327,582
120,14,336,4644,70,74072,327,582
120,14,336,4644,70,74072,327,582
120,14,336,4644,70,74072,327,582
120,14,336,4644,70,74072,327,582
120,14,336,4644,70,74072,327,582
120,14,336,4644,70,74072,327,582
120,14,336,4644,70,74072,327,582
120,14,336,4644,70,74072,327,582
120,14,336,4644,70,74072,327,582
120,14,336,4644,70,74072,327,582
120,15,336,4644,70,74072,327,582
120,15,336,4644,70,74072,327,582
120,15,336,4644,70,74072,327,582
120,15,336,4644,70,74072,327,582
120,15,336,4644,70,74072,327,582
120,15,336,5149,70,70752,327,8168
120,15,336,5149,70,70752,327,8168
120,15,336,5149,70,70752,327,8168
120,15,336,5149,70,70752,327,8168
120,15,336,5642,70,67529,328,0466
120,15,336,5642,70,67529,328,0466
120,15,336,5642,70,67529,328,0466
120,15,336,5642,70,67529,328,0466
120,15,336,6287,70,6333,328,3463
120,15,336,6287,70,6333,328,3463
120,15,336,6287,70,6333,328,3463
120,15,336,6287,70,6333,328,3463
120,15,336,6897,70,59326,328,6306
120,15,336,6897,70,59326,328,6306
120,15,336,6897,70,59326,328,6306
120,15,336,6897,70,59326,328,6306
120,15,336,7505,70,55322,328,9137
120,15,336,7505,70,55322,328,9137
120,15,336,7505,70,55322,328,9137
120,15,336,7505,70,55322,328,9137
120,15,336,8157,70,51074,329,217
120,15,336,8157,70,51074,329,217
120,15,336,8157,70,51074,329,217
120,15,336,8157,70,51074,329,217
120,15,336,887,70,46387,329,5485
120,15,336,887,70,46387,329,5485
120,15,336,887,70,46387,329,5485
120,15,336,887,70,46387,329,5485
120,15,336,9526,70,4209,329,8544
120,15,336,9526,70,4209,329,8544
120,15,336,9526,70,4209,329,8544
120,15,336,9526,70,4209,329,8544
120,15,337,0168,70,37891,330,153
120,15,337,0168,70,37891,330,153
120,15,337,0168,70,37891,330,153
120,15,337,0168,70,37891,330,153
120,15,337,0852,70,33398,330,4708
120,15,337,0852,70,33398,330,4708
120,15,337,0852,70,33398,330,4708
120,15,337,0852,70,33398,330,4708
120,15,337,1545,70,28857,330,7933
120,15,337,1545,70,28857,330,7933
120,15,337,1545,70,28857,330,7933
120,15,337,1545,70,28857,330,7933
120,15,337,2236,70,24316,331,1144
120,15,337,2236,70,24316,331,1144
120,15,337,2236,70,24316,331,1144
120,15,337,2844,70,20361,331,3969
120,15,337,2844,70,20361,331,3969
120,15,337,2844,70,20361,331,3969
120,15,337,2844,70,20361,331,3969
120,15,337,3474,70,1626,331,6899
120,15,337,3474,70,1626,331,6899
120,15,337,3474,70,1626,331,6899
120,15,337,3474,70,1626,331,6899
120,15,337,3474,70,1626,331,6899
120,15,337,3474,70,1626,331,6899
120,15,337,3474,70,1626,331,6899
120,15,337,3474,70,1626,331,6899
120,15,337,3474,70,1626,331,6899
120,15,337,3474,70,1626,331,6899
120,15,337,3474,70,1626,331,6899
120,15,337,3474,70,1626,331,6899
120,15,337,4099,70,12158,331,9802
120,15,337,4099,70,12158,331,9802
120,15,337,4099,70,12158,331,9802
120,15,337,4099,70,12158,331,9802
120,15,337,4099,70,12158,331,9802
120,15,337,4749,70,0791,332,283
120,15,337,4749,70,0791,332,283
120,15,337,4749,70,0791,332,283
120,15,337,4749,70,0791,332,283
120,15,337,5452,70,0332,332,6096
120,15,337,5452,70,0332,332,6096
120,15,337,5452,70,0332,332,6096
120,15,337,5452,70,0332,332,6096
120,15,337,6169,69,98633,332,9442
120,15,337,6169,69,98633,332,9442
120,15,337,6169,69,98633,332,9442
120,15,337,6169,69,98633,332,9442
120,15,337,688,69,93994,333,2747
120,15,337,688,69,93994,333,2747
120,15,337,688,69,93994,333,2747
120,15,337,688,69,93994,333,2747
120,15,337,688,69,93994,333,2747
120,15,337,7588,69,89355,333,6038
120,15,337,7588,69,89355,333,6038
120,15,337,7588,69,89355,333,6038
120,15,337,7588,69,89355,333,6038
120,15,337,7588,69,89355,333,6038
120,15,337,8347,69,84375,333,9564
120,15,337,8347,69,84375,333,9564
120,15,337,8347,69,84375,333,9564
120,15,337,8347,69,84375,333,9564
120,15,337,8347,69,84375,333,9564
120,15,337,9138,69,79199,334,3248
120,15,337,9138,69,79199,334,3248
120,15,337,9138,69,79199,334,3248
120,15,337,9138,69,79199,334,3248
120,15,337,9941,69,73926,334,6986
120,15,337,9941,69,73926,334,6986
120,15,337,9941,69,73926,334,6986
120,15,337,9941,69,73926,334,6986
120,15,337,9941,69,73926,334,6986
120,15,338,0708,69,68896,335,0555
120,15,338,0708,69,68896,335,0555
120,15,338,0708,69,68896,335,0555
120,15,338,0708,69,68896,335,0555
120,15,338,0708,69,68896,335,0555
120,15,338,1477,69,63867,335,4136
120,15,338,1477,69,63867,335,4136
120,15,338,1477,69,63867,335,4136
120,15,338,1477,69,63867,335,4136
120,15,338,1477,69,63867,335,4136
120,15,338,231,69,58398,335,801
120,15,338,231,69,58398,335,801
120,15,338,231,69,58398,335,801
120,15,338,231,69,58398,335,801
120,15,338,231,69,58398,335,801
120,15,338,231,69,58398,335,801
120,15,338,231,69,58398,335,801
120,15,338,231,69,58398,335,801
120,15,338,231,69,58398,335,801
120,16,338,231,69,58398,335,801
120,16,338,231,69,58398,335,801
120,16,338,231,69,58398,335,801
120,16,338,231,69,58398,335,801
120,16,338,231,69,58398,335,801
120,16,338,231,69,58398,335,801
120,16,338,231,69,58398,335,801
120,16,338,231,69,58398,335,801
120,16,338,231,69,58398,335,801
120,16,338,3086,69,5332,336,1624
120,16,338,3086,69,5332,336,1624
120,16,338,3086,69,5332,336,1624
120,16,338,3086,69,5332,336,1624
120,16,338,3086,69,5332,336,1624
120,16,338,3918,69,47852,336,5498
120,16,338,3918,69,47852,336,5498
120,16,338,3918,69,47852,336,5498
120,16,338,3918,69,47852,336,5498
120,16,338,3918,69,47852,336,5498
120,16,338,4714,69,42627,336,9202
120,16,338,5547,69,37158,337,3076
120,16,338,5547,69,37158,337,3076
120,16,338,5833,69,35303,337,4409
120,16,338,6089,69,33643,337,5605
120,16,338,6089,69,33643,337,5605
120,16,338,634,69,31982,337,6774
120,16,338,6587,69,30371,337,7917
120,16,338,6587,69,30371,337,7917
120,16,338,6848,69,28662,337,9133
120,16,338,6848,69,28662,337,9133
120,16,338,7114,69,26904,338,0374
120,16,338,7378,69,25195,338,16
120,16,338,7378,69,25195,338,16
120,16,338,7629,69,23535,338,2775
120,16,338,7876,69,21924,338,3918
120,16,338,7876,69,21924,338,3918
120,16,338,8123,69,20313,338,5067
120,16,338,8374,69,18652,338,6233
120,16,338,8374,69,18652,338,6233
120,16,338,8645,69,16895,338,7496
120,16,338,8901,69,15234,338,8689
120,16,338,8901,69,15234,338,8689
120,16,338,917,69,13477,338,9937
120,16,338,917,69,13477,338,9937
120,16,338,9438,69,11719,339,1182
120,16,338,9697,69,1001,339,2386
120,16,338,9697,69,1001,339,2386
120,16,338,9961,69,08301,339,3615
120,16,339,0234,69,06494,339,4888
120,16,339,0234,69,06494,339,4888
120,16,339,0496,69,04785,339,6097
120,16,339,0745,69,03174,339,7258
120,16,339,0745,69,03174,339,7258
120,16,339,1021,69,01367,339,8541
120,16,339,1021,69,01367,339,8541
120,16,339,1301,68,99512,339,9847
120,16,339,1301,68,99512,339,9847
120,16,339,1301,68,99512,339,9847
120,16,339,1301,68,99512,339,9847
120,16,339,1301,68,99512,339,9847
120,16,339,1301,68,99512,339,9847
120,16,339,1301,68,99512,339,9847
120,16,339,1301,68,99512,339,9847
120,16,339,1301,68,99512,339,9847
120,16,339,1301,68,99512,339,9847
120,16,339,1301,68,99512,339,9847
120,16,339,1301,68,99512,339,9847
120,16,339,1533,68,97998,340,0931
120,16,339,1714,68,96826,340,1768
120,16,339,1714,68,96826,340,1768
120,16,339,198,68,95068,340,3011
120,16,339,2241,68,93359,340,4229
120,16,339,2241,68,93359,340,4229
120,16,339,2512,68,91602,340,5494
120,16,339,2751,68,90039,340,6614
120,16,339,2751,68,90039,340,6614
120,16,339,3003,68,88379,340,7784
120,16,339,3247,68,86768,340,8916
120,16,339,3247,68,86768,340,8916
120,16,339,3513,68,8501,341,016
120,16,339,3513,68,8501,341,016
120,16,339,3772,68,83301,341,1362
120,16,339,4041,68,81543,341,2612
120,16,339,4041,68,81543,341,2612
120,16,339,4309,68,79785,341,3857
120,16,339,4573,68,78076,341,5081
120,16,339,4573,68,78076,341,5081
120,16,339,4834,68,76367,341,6299
120,16,339,4834,68,76367,341,6299
120,16,339,511,68,74561,341,7578
120,16,339,5369,68,72852,341,8784
120,16,339,5369,68,72852,341,8784
120,16,339,5637,68,71094,342,0029
120,16,339,5876,68,69531,342,1139
120,16,339,5876,68,69531,342,1139
120,16,339,6121,68,6792,342,2271
120,16,339,6355,68,66357,342,3364
120,16,339,6589,68,64795,342,4459
120,16,339,6589,68,64795,342,4459
120,16,339,6833,68,63184,342,5593
120,16,339,7087,68,61523,342,6772
120,16,339,7087,68,61523,342,6772
120,16,339,7324,68,59961,342,7871
120,16,339,7556,68,58447,342,8953
120,16,339,7556,68,58447,342,8953
120,16,339,7791,68,56934,343,0044
120,16,339,804,68,55322,343,12
120,16,339,804,68,55322,343,12
120,16,339,8303,68,53613,343,2424
120,16,339,853,68,52148,343,3481
120,16,339,853,68,52148,343,3481
120,16,339,8789,68,50439,343,4688
120,16,339,8789,68,50439,343,4688
120,16,339,8789,68,50439,343,4688
120,16,339,8789,68,50439,343,4688
120,16,339,9043,68,48779,343,5867
120,16,339,9043,68,48779,343,5867
120,16,339,9043,68,48779,343,5867
120,16,339,9043,68,48779,343,5867
120,16,339,9043,68,48779,343,5867
120,16,339,9695,68,44531,343,89
120,16,339,9695,68,44531,343,89
120,16,339,9695,68,44531,343,89
120,16,339,9695,68,44531,343,89
120,16,339,9695,68,44531,343,89
120,16,339,9695,68,44531,343,89
120,16,339,9695,68,44531,343,89
120,17,339,9695,68,44531,343,89
120,17,339,9695,68,44531,343,89
120,17,339,9695,68,44531,343,89
120,17,339,9695,68,44531,343,89
120,17,339,9695,68,44531,343,89
120,17,339,9695,68,44531,343,89
120,17,339,9695,68,44531,343,89
120,17,339,9695,68,44531,343,89
120,17,340,0527,68,39063,344,2775
120,17,340,0527,68,39063,344,2775
120,17,340,0527,68,39063,344,2775
120,17,340,0527,68,39063,344,2775
120,17,340,0527,68,39063,344,2775
120,17,340,136,68,33594,344,6649
120,17,340,136,68,33594,344,6649
120,17,340,136,68,33594,344,6649
120,17,340,136,68,33594,344,6649
120,17,340,136,68,33594,344,6649
120,17,340,2192,68,28125,345,0524
120,17,340,2192,68,28125,345,0524
120,17,340,2192,68,28125,345,0524
120,17,340,2192,68,28125,345,0524
120,17,340,2192,68,28125,345,0524
120,17,340,3025,68,22656,345,4398
120,17,340,3025,68,22656,345,4398
120,17,340,3025,68,22656,345,4398
120,17,340,3025,68,22656,345,4398
120,17,340,3025,68,22656,345,4398
120,17,340,3857,68,17188,345,8273
120,17,340,3857,68,17188,345,8273
120,17,340,3857,68,17188,345,8273
120,17,340,3857,68,17188,345,8273
120,17,340,3857,68,17188,345,8273
120,17,340,469,68,11719,346,2147
120,17,340,469,68,11719,346,2147
120,17,340,469,68,11719,346,2147
120,17,340,469,68,11719,346,2147
120,17,340,469,68,11719,346,2147
120,17,340,5522,68,0625,346,6022
120,17,340,5522,68,0625,346,6022
120,17,340,5522,68,0625,346,6022
120,17,340,5522,68,0625,346,6022
120,17,340,5522,68,0625,346,6022
120,17,340,6355,68,00781,346,9896
120,17,340,6355,68,00781,346,9896
120,17,340,6355,68,00781,346,9896
120,17,340,6355,68,00781,346,9896
120,17,340,6355,68,00781,346,9896
120,17,340,7188,67,95313,347,3771
120,17,340,7188,67,95313,347,3771
120,17,340,7188,67,95313,347,3771
120,17,340,7188,67,95313,347,3771
120,17,340,7188,67,95313,347,3771
120,17,340,802,67,89844,347,7645
120,17,340,802,67,89844,347,7645
120,17,340,802,67,89844,347,7645
120,17,340,802,67,89844,347,7645
120,17,340,802,67,89844,347,7645
120,17,340,802,67,89844,347,7645
120,17,340,802,67,89844,347,7645
120,17,340,802,67,89844,347,7645
120,17,340,802,67,89844,347,7645
120,17,340,802,67,89844,347,7645
120,17,340,8853,67,84375,348,152
120,17,340,8853,67,84375,348,152
120,17,340,8853,67,84375,348,152
120,17,340,8853,67,84375,348,152
120,17,340,8853,67,84375,348,152
120,17,340,9685,67,78906,348,5394
120,17,340,9685,67,78906,348,5394
120,17,340,9685,67,78906,348,5394
120,17,340,9685,67,78906,348,5394
120,17,340,9685,67,78906,348,5394
120,17,341,0518,67,73438,348,9269
120,17,341,0518,67,73438,348,9269
120,17,341,0518,67,73438,348,9269
120,17,341,0518,67,73438,348,9269
120,17,341,0518,67,73438,348,9269
120,17,341,135,67,67969,349,3143
120,17,341,135,67,67969,349,3143
120,17,341,135,67,67969,349,3143
120,17,341,135,67,67969,349,3143
120,17,341,135,67,67969,349,3143
120,17,341,2183,67,625,349,7018
120,17,341,2183,67,625,349,7018
120,17,341,2183,67,625,349,7018
120,17,341,2183,67,625,349,7018
120,17,341,2183,67,625,349,7018
120,17,341,3015,67,57031,350,0892
120,17,341,3015,67,57031,350,0892
120,17,341,3015,67,57031,350,0892
120,17,341,3015,67,57031,350,0892
120,17,341,3015,67,57031,350,0892
120,17,341,3848,67,51563,350,4767
120,17,341,3848,67,51563,350,4767
120,17,341,3848,67,51563,350,4767
120,17,341,3848,67,51563,350,4767
120,17,341,3848,67,51563,350,4767
120,17,341,468,67,46094,350,8641
120,17,341,468,67,46094,350,8641
120,17,341,468,67,46094,350,8641
120,17,341,468,67,46094,350,8641
120,17,341,468,67,46094,350,8641
120,17,341,5513,67,40625,351,2516
120,17,341,5513,67,40625,351,2516
120,17,341,5513,67,40625,351,2516
120,17,341,5513,67,40625,351,2516
120,17,341,5513,67,40625,351,2516
120,17,341,6345,67,35156,351,639
120,17,341,6345,67,35156,351,639
120,17,341,6345,67,35156,351,639
120,17,341,6345,67,35156,351,639
120,17,341,6345,67,35156,351,639
120,17,341,6345,67,35156,351,639
120,18,341,6345,67,35156,351,639
120,18,341,6345,67,35156,351,639
120,18,341,6345,67,35156,351,639
120,18,341,6345,67,35156,351,639
120,18,341,6345,67,35156,351,639
120,18,341,6345,67,35156,351,639
120,18,341,6345,67,35156,351,639
120,18,341,6345,67,35156,351,639
120,18,341,7139,67,2998,352,0083
120,18,341,7139,67,2998,352,0083
120,18,341,7139,67,2998,352,0083
120,18,341,7139,67,2998,352,0083
120,18,341,7139,67,2998,352,0083
120,18,341,7939,67,24756,352,381
120,18,341,7939,67,24756,352,381
120,18,341,7939,67,24756,352,381
120,18,341,7939,67,24756,352,381
120,18,341,7939,67,24756,352,381
120,18,341,8772,67,19287,352,7684
120,18,341,8772,67,19287,352,7684
120,18,341,8772,67,19287,352,7684
120,18,341,8772,67,19287,352,7684
120,18,341,8772,67,19287,352,7684
120,18,341,9604,67,13818,353,1559
120,18,341,9604,67,13818,353,1559
120,18,341,9604,67,13818,353,1559
120,18,341,9604,67,13818,353,1559
120,18,341,9604,67,13818,353,1559
120,18,342,0437,67,0835,353,5433
120,18,342,0437,67,0835,353,5433
120,18,342,0437,67,0835,353,5433
120,18,342,0437,67,0835,353,5433
120,18,342,0437,67,0835,353,5433
120,18,342,127,67,02881,353,9308
120,18,342,127,67,02881,353,9308
120,18,342,127,67,02881,353,9308
120,18,342,127,67,02881,353,9308
120,18,342,127,67,02881,353,9308
120,18,342,2102,66,97412,354,3182
120,18,342,2102,66,97412,354,3182
120,18,342,2102,66,97412,354,3182
120,18,342,2102,66,97412,354,3182
120,18,342,2102,66,97412,354,3182
120,18,342,2935,66,91943,354,7057
120,18,342,2935,66,91943,354,7057
120,18,342,2935,66,91943,354,7057
120,18,342,2935,66,91943,354,7057
120,18,342,2935,66,91943,354,7057
120,18,342,3767,66,86475,355,0931
120,18,342,3767,66,86475,355,0931
120,18,342,3767,66,86475,355,0931
120,18,342,3767,66,86475,355,0931
120,18,342,3767,66,86475,355,0931
120,18,342,46,66,81006,355,4806
120,18,342,46,66,81006,355,4806
120,18,342,46,66,81006,355,4806
120,18,342,46,66,81006,355,4806
120,18,342,46,66,81006,355,4806
120,18,342,5432,66,75537,355,868
120,18,342,5432,66,75537,355,868
120,18,342,5432,66,75537,355,868
120,18,342,5432,66,75537,355,868
120,18,342,5432,66,75537,355,868
120,18,342,5432,66,75537,355,868
120,18,342,5432,66,75537,355,868
120,18,342,5432,66,75537,355,868
120,18,342,5432,66,75537,355,868
120,18,342,5432,66,75537,355,868
120,18,342,5432,66,75537,355,868
120,18,342,5432,66,75537,355,868
120,18,342,5432,66,75537,355,868
120,18,342,5432,66,75537,355,868
120,18,342,5432,66,75537,355,868
120,18,342,6257,66,70117,356,2522
120,18,342,6257,66,70117,356,2522
120,18,342,6257,66,70117,356,2522
120,18,342,6257,66,70117,356,2522
120,18,342,6257,66,70117,356,2522
120,18,342,7056,66,64893,356,6237
120,18,342,7056,66,64893,356,6237
120,18,342,7056,66,64893,356,6237
120,18,342,7056,66,64893,356,6237
120,18,342,7056,66,64893,356,6237
120,18,342,7888,66,59424,357,0111
120,18,342,7888,66,59424,357,0111
120,18,342,7888,66,59424,357,0111
120,18,342,7888,66,59424,357,0111
120,18,342,7888,66,59424,357,0111
120,18,342,8721,66,53955,357,3986
120,18,342,8721,66,53955,357,3986
120,18,342,8721,66,53955,357,3986
120,18,342,8721,66,53955,357,3986
120,18,342,8721,66,53955,357,3986
120,18,342,9553,66,48486,357,786
120,18,342,9553,66,48486,357,786
120,18,342,9553,66,48486,357,786
120,18,342,9553,66,48486,357,786
120,18,342,9553,66,48486,357,786
120,18,343,0386,66,43018,358,1735
120,18,343,0386,66,43018,358,1735
120,18,343,0386,66,43018,358,1735
120,18,343,0386,66,43018,358,1735
120,18,343,0386,66,43018,358,1735
120,18,343,1199,66,37695,358,5521
120,18,343,1199,66,37695,358,5521
120,18,343,1199,66,37695,358,5521
120,18,343,1199,66,37695,358,5521
120,18,343,2009,66,32373,358,9288
120,18,343,2009,66,32373,358,9288
120,18,343,2009,66,32373,358,9288
120,18,343,2009,66,32373,358,9288
120,18,343,2009,66,32373,358,9288
120,18,343,2798,66,27197,359,296
120,18,343,2798,66,27197,359,296
120,18,343,2798,66,27197,359,296
120,18,343,2798,66,27197,359,296
120,18,343,2798,66,27197,359,296
120,18,343,3621,66,21826,359,6785
120,18,343,3621,66,21826,359,6785
120,18,343,3621,66,21826,359,6785
120,18,343,3621,66,21826,359,6785
120,18,343,3621,66,21826,359,6785
120,18,343,4426,66,16553,360,0527
120,19,343,4426,66,16553,360,0527
120,19,343,4426,66,16553,360,0527
120,19,343,4426,66,16553,360,0527
120,19,343,4426,66,16553,360,0527
120,19,343,4426,66,16553,360,0527
120,19,343,4426,66,16553,360,0527
120,19,343,4426,66,16553,360,0527
120,19,343,4426,66,16553,360,0527
120,19,343,5259,66,11084,360,4402
120,19,343,5259,66,11084,360,4402
120,19,343,5259,66,11084,360,4402
120,19,343,5259,66,11084,360,4402
120,19,343,5259,66,11084,360,4402
120,19,343,5959,66,06494,360,7664
120,19,343,5959,66,06494,360,7664
120,19,343,5959,66,06494,360,7664
120,19,343,5959,66,06494,360,7664
120,19,343,5959,66,06494,360,7664
120,19,343,678,66,01123,361,1484
120,19,343,678,66,01123,361,1484
120,19,343,678,66,01123,361,1484
120,19,343,678,66,01123,361,1484
120,19,343,678,66,01123,361,1484
120,19,343,7612,65,95654,361,5359
120,19,343,7612,65,95654,361,5359
120,19,343,7612,65,95654,361,5359
120,19,343,7612,65,95654,361,5359
120,19,343,7612,65,95654,361,5359
120,19,343,8376,65,90625,361,892
120,19,343,8376,65,90625,361,892
120,19,343,8376,65,90625,361,892
120,19,343,8376,65,90625,361,892
120,19,343,8376,65,90625,361,892
120,19,343,9209,65,85156,362,2794
120,19,343,9209,65,85156,362,2794
120,19,343,9209,65,85156,362,2794
120,19,343,9209,65,85156,362,2794
120,19,344,0012,65,79883,362,6531
120,19,344,0012,65,79883,362,6531
120,19,344,0012,65,79883,362,6531
120,19,344,0012,65,79883,362,6531
120,19,344,0012,65,79883,362,6531
120,19,344,0803,65,74707,363,0211
120,19,344,0803,65,74707,363,0211
120,19,344,0803,65,74707,363,0211
120,19,344,0803,65,74707,363,0211
120,19,344,0803,65,74707,363,0211
120,19,344,1636,65,69238,363,4086
120,19,344,1636,65,69238,363,4086
120,19,344,1636,65,69238,363,4086
120,19,344,1636,65,69238,363,4086
120,19,344,1636,65,69238,363,4086
120,19,344,2451,65,63916,363,7883
120,19,344,2451,65,63916,363,7883
120,19,344,2451,65,63916,363,7883
120,19,344,2451,65,63916,363,7883
120,19,344,2451,65,63916,363,7883
120,19,344,324,65,5874,364,1556
120,19,344,324,65,5874,364,1556
120,19,344,324,65,5874,364,1556
120,19,344,324,65,5874,364,1556
120,19,344,324,65,5874,364,1556
120,19,344,324,65,5874,364,1556
120,19,344,324,65,5874,364,1556
120,19,344,324,65,5874,364,1556
120,19,344,324,65,5874,364,1556
120,19,344,3999,65,5376,364,509
120,19,344,3999,65,5376,364,509
120,19,344,3999,65,5376,364,509
120,19,344,3999,65,5376,364,509
120,19,344,4702,65,4917,364,8356
120,19,344,4702,65,4917,364,8356
120,19,344,4702,65,4917,364,8356
120,19,344,4702,65,4917,364,8356
120,19,344,4702,65,4917,364,8356
120,19,344,5476,65,44092,365,1958
120,19,344,5476,65,44092,365,1958
120,19,344,5476,65,44092,365,1958
120,19,344,5476,65,44092,365,1958
120,19,344,6245,65,39063,365,554
120,19,344,6245,65,39063,365,554
120,19,344,6245,65,39063,365,554
120,19,344,6245,65,39063,365,554
120,19,344,6245,65,39063,365,554
120,19,344,7,65,34131,365,905
120,19,344,7,65,34131,365,905
120,19,344,7,65,34131,365,905
120,19,344,7,65,34131,365,905
120,19,344,7,65,34131,365,905
120,19,344,7778,65,29053,366,2672
120,19,344,7778,65,29053,366,2672
120,19,344,7778,65,29053,366,2672
120,19,344,7778,65,29053,366,2672
120,19,344,8535,65,24121,366,6191
120,19,344,8535,65,24121,366,6191
120,19,344,8535,65,24121,366,6191
120,19,344,8535,65,24121,366,6191
120,19,344,8535,65,24121,366,6191
120,19,344,9304,65,19092,366,9769
120,19,344,9304,65,19092,366,9769
120,19,344,9304,65,19092,366,9769
120,19,344,9304,65,19092,366,9769
120,19,344,9304,65,19092,366,9769
120,19,345,009,65,13916,367,3433
120,19,345,009,65,13916,367,3433
120,19,345,009,65,13916,367,3433
120,19,345,009,65,13916,367,3433
120,19,345,0891,65,08691,367,7156
120,19,345,0891,65,08691,367,7156
120,19,345,0891,65,08691,367,7156
120,19,345,0891,65,08691,367,7156
120,19,345,1636,65,03809,368,0624
120,19,345,1636,65,03809,368,0624
120,19,345,1636,65,03809,368,0624
120,19,345,1636,65,03809,368,0624
120,19,345,1636,65,03809,368,0624
120,19,345,1636,65,03809,368,0624
120,19,345,1636,65,03809,368,0624
120,20,345,1636,65,03809,368,0624
120,20,345,1636,65,03809,368,0624
120,20,345,1636,65,03809,368,0624
120,20,345,1636,65,03809,368,0624
120,20,345,1636,65,03809,368,0624
120,20,345,1636,65,03809,368,0624
120,20,345,2317,64,99365,368,3792
120,20,345,2317,64,99365,368,3792
120,20,345,2317,64,99365,368,3792
120,20,345,2317,64,99365,368,3792
120,20,345,2317,64,99365,368,3792
120,20,345,2961,64,95166,368,6788
120,20,345,2961,64,95166,368,6788
120,20,345,2961,64,95166,368,6788
120,20,345,2961,64,95166,368,6788
120,20,345,3735,64,90088,369,0389
120,20,345,3735,64,90088,369,0389
120,20,345,3735,64,90088,369,0389
120,20,345,3735,64,90088,369,0389
120,20,345,4414,64,85645,369,3552
120,20,345,4414,64,85645,369,3552
120,20,345,4414,64,85645,369,3552
120,20,345,4414,64,85645,369,3552
120,20,345,509,64,81201,369,67
120,20,345,509,64,81201,369,67
120,20,345,509,64,81201,369,67
120,20,345,509,64,81201,369,67
120,20,345,5757,64,76855,369,9797
120,20,345,5757,64,76855,369,9797
120,20,345,5757,64,76855,369,9797
120,20,345,5757,64,76855,369,9797
120,20,345,6438,64,72412,370,2971
120,20,345,6438,64,72412,370,2971
120,20,345,6438,64,72412,370,2971
120,20,345,6438,64,72412,370,2971
120,20,345,7129,64,67871,370,619
120,20,345,7129,64,67871,370,619
120,20,345,7129,64,67871,370,619
120,20,345,7129,64,67871,370,619
120,20,345,7803,64,63477,370,9325
120,20,345,7803,64,63477,370,9325
120,20,345,7803,64,63477,370,9325
120,20,345,7803,64,63477,370,9325
120,20,345,8496,64,58936,371,255
120,20,345,8496,64,58936,371,255
120,20,345,8496,64,58936,371,255
120,20,345,8496,64,58936,371,255
120,20,345,9153,64,54639,371,5609
120,20,345,9153,64,54639,371,5609
120,20,345,9153,64,54639,371,5609
120,20,345,9153,64,54639,371,5609
120,20,345,9836,64,50146,371,8787
120,20,345,9836,64,50146,371,8787
120,20,345,9836,64,50146,371,8787
120,20,345,9836,64,50146,371,8787
120,20,346,0461,64,46045,372,1689
120,20,346,0461,64,46045,372,1689
120,20,346,0461,64,46045,372,1689
120,20,346,0461,64,46045,372,1689
120,20,346,0461,64,46045,372,1689
120,20,346,0461,64,46045,372,1689
120,20,346,0461,64,46045,372,1689
120,20,346,0461,64,46045,372,1689
120,20,346,0461,64,46045,372,1689
120,20,346,0461,64,46045,372,1689
120,20,346,0461,64,46045,372,1689
120,20,346,1052,64,42188,372,4434
120,20,346,1052,64,42188,372,4434
120,20,346,1052,64,42188,372,4434
120,20,346,1052,64,42188,372,4434
120,20,346,1597,64,38623,372,6971
120,20,346,1597,64,38623,372,6971
120,20,346,1597,64,38623,372,6971
120,20,346,1597,64,38623,372,6971
120,20,346,2246,64,34375,372,9993
120,20,346,2246,64,34375,372,9993
120,20,346,2246,64,34375,372,9993
120,20,346,2874,64,30273,373,2917
120,20,346,2874,64,30273,373,2917
120,20,346,2874,64,30273,373,2917
120,20,346,2874,64,30273,373,2917
120,20,346,3499,64,26172,373,5823
120,20,346,3499,64,26172,373,5823
120,20,346,3499,64,26172,373,5823
120,20,346,3499,64,26172,373,5823
120,20,346,4109,64,22168,373,8664
120,20,346,4109,64,22168,373,8664
120,20,346,4109,64,22168,373,8664
120,20,346,4719,64,18164,374,1509
120,20,346,4719,64,18164,374,1509
120,20,346,4719,64,18164,374,1509
120,20,346,4719,64,18164,374,1509
120,20,346,5344,64,14063,374,4413
120,20,346,5344,64,14063,374,4413
120,20,346,5344,64,14063,374,4413
120,20,346,5344,64,14063,374,4413
120,20,346,5933,64,10205,374,7147
120,20,346,5933,64,10205,374,7147
120,20,346,5933,64,10205,374,7147
120,20,346,6528,64,06299,374,9919
120,20,346,6528,64,06299,374,9919
120,20,346,6528,64,06299,374,9919
120,20,346,6528,64,06299,374,9919
120,20,346,7136,64,02295,375,275
120,20,346,7136,64,02295,375,275
120,20,346,7136,64,02295,375,275
120,20,346,7708,63,98535,375,541
120,20,346,7708,63,98535,375,541
120,20,346,7708,63,98535,375,541
120,20,346,8276,63,94824,375,8059
120,20,346,8276,63,94824,375,8059
120,20,346,8276,63,94824,375,8059
120,20,346,8276,63,94824,375,8059
120,20,346,8848,63,91113,376,0713
120,20,346,8848,63,91113,376,0713
120,20,346,8848,63,91113,376,0713
120,20,346,8848,63,91113,376,0713
120,20,346,8848,63,91113,376,0713
120,20,346,8848,63,91113,376,0713
120,20,346,8848,63,91113,376,0713
120,20,346,8848,63,91113,376,0713
120,20,346,8848,63,91113,376,0713
120,20,346,8848,63,91113,376,0713
120,20,346,8848,63,91113,376,0713
120,20,346,8848,63,91113,376,0713
120,20,346,8848,63,91113,376,0713
120,21,346,8848,63,91113,376,0713
120,21,346,8848,63,91113,376,0713
120,21,346,8848,63,91113,376,0713
120,21,346,8848,63,91113,376,0713
120,21,346,8848,63,91113,376,0713
120,21,346,9331,63,87939,376,2959
120,21,346,9331,63,87939,376,2959
120,21,346,9331,63,87939,376,2959
120,21,346,9331,63,87939,376,2959
120,21,346,9812,63,84814,376,519
120,21,346,9812,63,84814,376,519
120,21,346,9812,63,84814,376,519
120,21,347,0388,63,81055,376,7872
120,21,347,0388,63,81055,376,7872
120,21,347,0388,63,81055,376,7872
120,21,347,0945,63,77393,377,0463
120,21,347,0945,63,77393,377,0463
120,21,347,0945,63,77393,377,0463
120,21,347,0945,63,77393,377,0463
120,21,347,1523,63,73584,377,3158
120,21,347,1523,63,73584,377,3158
120,21,347,1523,63,73584,377,3158
120,21,347,2068,63,7002,377,5692
120,21,347,2068,63,7002,377,5692
120,21,347,2068,63,7002,377,5692
120,21,347,2627,63,66357,377,8297
120,21,347,2627,63,66357,377,8297
120,21,347,2627,63,66357,377,8297
120,21,347,2627,63,66357,377,8297
120,21,347,3186,63,62695,378,0898
120,21,347,3186,63,62695,378,0898
120,21,347,3186,63,62695,378,0898
120,21,347,3723,63,5918,378,3392
120,21,347,3723,63,5918,378,3392
120,21,347,3723,63,5918,378,3392
120,21,347,426,63,55664,378,5895
120,21,347,426,63,55664,378,5895
120,21,347,426,63,55664,378,5895
120,21,347,4775,63,52295,378,8295
120,21,347,4775,63,52295,378,8295
120,21,347,4775,63,52295,378,8295
120,21,347,4775,63,52295,378,8295
120,21,347,5325,63,48682,379,0851
120,21,347,5325,63,48682,379,0851
120,21,347,5325,63,48682,379,0851
120,21,347,5862,63,45166,379,3357
120,21,347,5862,63,45166,379,3357
120,21,347,5862,63,45166,379,3357
120,21,347,6377,63,41797,379,5757
120,21,347,6377,63,41797,379,5757
120,21,347,6377,63,41797,379,5757
120,21,347,6897,63,38379,379,8171
120,21,347,6897,63,38379,379,8171
120,21,347,6897,63,38379,379,8171
120,21,347,7415,63,3501,380,0582
120,21,347,7415,63,3501,380,0582
120,21,347,7415,63,3501,380,0582
120,21,347,7415,63,3501,380,0582
120,21,347,7415,63,3501,380,0582
120,21,347,7415,63,3501,380,0582
120,21,347,7415,63,3501,380,0582
120,21,347,7415,63,3501,380,0582
120,21,347,7415,63,3501,380,0582
120,21,347,7415,63,3501,380,0582
120,21,347,7415,63,3501,380,0582
120,21,347,7415,63,3501,380,0582
120,21,347,7415,63,3501,380,0582
120,21,347,7415,63,3501,380,0582
120,21,347,7834,63,32275,380,2535
120,21,347,7834,63,32275,380,2535
120,21,347,7834,63,32275,380,2535
120,21,347,8242,63,2959,380,4432
120,21,347,8242,63,2959,380,4432
120,21,347,8242,63,2959,380,4432
120,21,347,8762,63,26172,380,6847
120,21,347,8762,63,26172,380,6847
120,21,347,8762,63,26172,380,6847
120,21,347,9275,63,22803,380,9232
120,21,347,9275,63,22803,380,9232
120,21,347,9275,63,22803,380,9232
120,21,347,9768,63,1958,381,1527
120,21,347,9768,63,1958,381,1527
120,21,347,9768,63,1958,381,1527
120,21,348,0269,63,16309,381,3853
120,21,348,0269,63,16309,381,3853
120,21,348,0269,63,16309,381,3853
120,21,348,0779,63,12988,381,6224
120,21,348,0779,63,12988,381,6224
120,21,348,0779,63,12988,381,6224
120,21,348,1267,63,09766,381,8502
120,21,348,1267,63,09766,381,8502
120,21,348,1267,63,09766,381,8502
120,21,348,177,63,06494,382,0837
120,21,348,177,63,06494,382,0837
120,21,348,177,63,06494,382,0837
120,21,348,2283,63,03125,382,3228
120,21,348,2283,63,03125,382,3228
120,21,348,2283,63,03125,382,3228
120,21,348,2771,62,99951,382,5497
120,21,348,2771,62,99951,382,5497
120,21,348,2771,62,99951,382,5497
120,21,348,3274,62,9668,382,7833
120,21,348,3274,62,9668,382,7833
120,21,348,3274,62,9668,382,7833
120,21,348,3765,62,93457,383,012
120,21,348,3765,62,93457,383,012
120,21,348,3765,62,93457,383,012
120,21,348,4265,62,90186,383,2453
120,21,348,4265,62,90186,383,2453
120,21,348,4265,62,90186,383,2453
120,21,348,4734,62,87109,383,463
120,21,348,4734,62,87109,383,463
120,21,348,5225,62,83887,383,6916
120,21,348,5225,62,83887,383,6916
120,21,348,5225,62,83887,383,6916
120,21,348,571,62,80713,383,9172
120,21,348,571,62,80713,383,9172
120,21,348,571,62,80713,383,9172
120,21,348,571,62,80713,383,9172
120,21,348,571,62,80713,383,9172
120,21,348,571,62,80713,383,9172
120,21,348,571,62,80713,383,9172
120,21,348,571,62,80713,383,9172
120,21,348,571,62,80713,383,9172
120,21,348,571,62,80713,383,9172
120,22,348,571,62,80713,383,9172
120,22,348,571,62,80713,383,9172
120,22,348,571,62,80713,383,9172
120,22,348,6106,62,78125,384,1007
120,22,348,6106,62,78125,384,1007
120,22,348,6106,62,78125,384,1007
120,22,348,6506,62,75488,384,2866
120,22,348,6506,62,75488,384,2866
120,22,348,6506,62,75488,384,2866
120,22,348,6987,62,72363,384,5104
120,22,348,6987,62,72363,384,5104
120,22,348,6987,62,72363,384,5104
120,22,348,7461,62,69287,384,7302
120,22,348,7461,62,69287,384,7302
120,22,348,7461,62,69287,384,7302
120,22,348,7939,62,66162,384,9525
120,22,348,7939,62,66162,384,9525
120,22,348,7939,62,66162,384,9525
120,22,348,8394,62,63184,385,1642
120,22,348,8394,62,63184,385,1642
120,22,348,8865,62,60107,385,3833
120,22,348,8865,62,60107,385,3833
120,22,348,8865,62,60107,385,3833
120,22,348,9321,62,57129,385,5958
120,22,348,9321,62,57129,385,5958
120,22,348,9321,62,57129,385,5958
120,22,348,9783,62,54102,385,8103
120,22,348,9783,62,54102,385,8103
120,22,348,9783,62,54102,385,8103
120,22,349,0269,62,50928,386,0361
120,22,349,0269,62,50928,386,0361
120,22,349,0718,62,47998,386,2452
120,22,349,0718,62,47998,386,2452
120,22,349,0718,62,47998,386,2452
120,22,349,1182,62,44971,386,4612
120,22,349,1182,62,44971,386,4612
120,22,349,1182,62,44971,386,4612
120,22,349,1646,62,41943,386,6774
120,22,349,1646,62,41943,386,6774
120,22,349,1646,62,41943,386,6774
120,22,349,2175,62,38477,386,9241
120,22,349,2175,62,38477,386,9241
120,22,349,2175,62,38477,386,9241
120,22,349,2639,62,35449,387,14
120,22,349,2639,62,35449,387,14
120,22,349,2639,62,35449,387,14
120,22,349,3108,62,32373,387,3574
120,22,349,3108,62,32373,387,3574
120,22,349,3108,62,32373,387,3574
120,22,349,3572,62,29346,387,5736
120,22,349,3572,62,29346,387,5736
120,22,349,4043,62,2627,387,7924
120,22,349,4043,62,2627,387,7924
120,22,349,4043,62,2627,387,7924
120,22,349,4043,62,2627,387,7924
120,22,349,4043,62,2627,387,7924
120,22,349,4043,62,2627,387,7924
120,22,349,4043,62,2627,387,7924
120,22,349,4043,62,2627,387,7924
120,22,349,4043,62,2627,387,7924
120,22,349,4043,62,2627,387,7924
120,22,349,4043,62,2627,387,7924
120,22,349,4043,62,2627,387,7924
120,22,349,4043,62,2627,387,7924
120,22,349,4043,62,2627,387,7924
120,22,349,4043,62,2627,387,7924
120,22,349,4429,62,2373,387,9717
120,22,349,4429,62,2373,387,9717
120,22,349,4429,62,2373,387,9717
120,22,349,4824,62,21143,388,1556
120,22,349,4824,62,21143,388,1556
120,22,349,5281,62,18164,388,3679
120,22,349,5281,62,18164,388,3679
120,22,349,5281,62,18164,388,3679
120,22,349,5725,62,15283,388,5742
120,22,349,5725,62,15283,388,5742
120,22,349,5725,62,15283,388,5742
120,22,349,6194,62,12207,388,7925
120,22,349,6194,62,12207,388,7925
120,22,349,6194,62,12207,388,7925
120,22,349,6667,62,09131,389,0129
120,22,349,6667,62,09131,389,0129
120,22,349,7131,62,06104,389,2281
120,22,349,7131,62,06104,389,2281
120,22,349,7131,62,06104,389,2281
120,22,349,7593,62,03076,389,4434
120,22,349,7593,62,03076,389,4434
120,22,349,7593,62,03076,389,4434
120,22,349,8052,62,00098,389,6567
120,22,349,8052,62,00098,389,6567
120,22,349,8052,62,00098,389,6567
120,22,349,8499,61,97168,389,865
120,22,349,8499,61,97168,389,865
120,22,349,8933,61,94336,390,0677
120,22,349,8933,61,94336,390,0677
120,22,349,8933,61,94336,390,0677
120,22,349,9368,61,91504,390,2703
120,22,349,9368,61,91504,390,2703
120,22,349,9802,61,88672,390,4725
120,22,349,9802,61,88672,390,4725
120,22,349,9802,61,88672,390,4725
120,22,350,0229,61,85889,390,671
120,22,350,0229,61,85889,390,671
120,22,350,0664,61,83057,390,8731
120,22,350,0664,61,83057,390,8731
120,22,350,0664,61,83057,390,8731
120,22,350,1094,61,80273,391,0726
120,22,350,1094,61,80273,391,0726
120,22,350,1094,61,80273,391,0726
120,22,350,1541,61,77344,391,2809
120,22,350,1541,61,77344,391,2809
120,22,350,1951,61,74658,391,4719
120,22,350,1951,61,74658,391,4719
120,22,350,1951,61,74658,391,4719
120,22,350,238,61,71826,391,6724
120,22,350,238,61,71826,391,6724
120,22,350,238,61,71826,391,6724
120,22,350,238,61,71826,391,6724
120,22,350,238,61,71826,391,6724
120,22,350,238,61,71826,391,6724
120,22,350,238,61,71826,391,6724
120,22,350,238,61,71826,391,6724
120,22,350,238,61,71826,391,6724
120,22,350,238,61,71826,391,6724
120,22,350,238,61,71826,391,6724
120,22,350,238,61,71826,391,6724
120,23,350,238,61,71826,391,6724
120,23,350,238,61,71826,391,6724
120,23,350,238,61,71826,391,6724
120,23,350,2764,61,69336,391,8502
120,23,350,2764,61,69336,391,8502
120,23,350,3103,61,6709,392,0082
120,23,350,3103,61,6709,392,0082
120,23,350,3103,61,6709,392,0082
120,23,350,3533,61,64258,392,2079
120,23,350,3533,61,64258,392,2079
120,23,350,3533,61,64258,392,2079
120,23,350,3967,61,61426,392,4107
120,23,350,3967,61,61426,392,4107
120,23,350,3967,61,61426,392,4107
120,23,350,4485,61,58057,392,6514
120,23,350,4485,61,58057,392,6514
120,23,350,4485,61,58057,392,6514
120,23,350,5027,61,54492,392,9039
120,23,350,5027,61,54492,392,9039
120,23,350,5027,61,54492,392,9039
120,23,350,5483,61,51514,393,1163
120,23,350,5483,61,51514,393,1163
120,23,350,5483,61,51514,393,1163
120,23,350,595,61,48438,393,3335
120,23,350,595,61,48438,393,3335
120,23,350,6389,61,45557,393,538
120,23,350,6389,61,45557,393,538
120,23,350,6389,61,45557,393,538
120,23,350,6868,61,42432,393,7609
120,23,350,6868,61,42432,393,7609
120,23,350,6868,61,42432,393,7609
120,23,350,6868,61,42432,393,7609
120,23,350,7361,61,39209,393,9908
120,23,350,7361,61,39209,393,9908
120,23,350,7361,61,39209,393,9908
120,23,350,7954,61,35303,394,2671
120,23,350,7954,61,35303,394,2671
120,23,350,7954,61,35303,394,2671
120,23,350,844,61,32129,394,4933
120,23,350,844,61,32129,394,4933
120,23,350,844,61,32129,394,4933
120,23,350,8889,61,29199,394,7023
120,23,350,8889,61,29199,394,7023
120,23,350,8889,61,29199,394,7023
120,23,350,9412,61,25781,394,9456
120,23,350,9412,61,25781,394,9456
120,23,350,9412,61,25781,394,9456
120,23,350,9924,61,22412,395,1838
120,23,350,9924,61,22412,395,1838
120,23,351,0383,61,19434,395,397
120,23,351,0383,61,19434,395,397
120,23,351,0383,61,19434,395,397
120,23,351,0811,61,1665,395,5958
120,23,351,0811,61,1665,395,5958
120,23,351,0811,61,1665,395,5958
120,23,351,0811,61,1665,395,5958
120,23,351,0811,61,1665,395,5958
120,23,351,0811,61,1665,395,5958
120,23,351,0811,61,1665,395,5958
120,23,351,0811,61,1665,395,5958
120,23,351,0811,61,1665,395,5958
120,23,351,0811,61,1665,395,5958
120,23,351,0811,61,1665,395,5958
120,23,351,0811,61,1665,395,5958
120,23,351,0811,61,1665,395,5958
120,23,351,1233,61,13867,395,7927
120,23,351,1233,61,13867,395,7927
120,23,351,1233,61,13867,395,7927
120,23,351,1606,61,11426,395,9661
120,23,351,1606,61,11426,395,9661
120,23,351,1606,61,11426,395,9661
120,23,351,2158,61,07813,396,223
120,23,351,2158,61,07813,396,223
120,23,351,2588,61,0498,396,4229
120,23,351,2588,61,0498,396,4229
120,23,351,2588,61,0498,396,4229
120,23,351,3025,61,021,396,6261
120,23,351,3025,61,021,396,6261
120,23,351,3025,61,021,396,6261
120,23,351,3484,60,99072,396,8403
120,23,351,3484,60,99072,396,8403
120,23,351,3484,60,99072,396,8403
120,23,351,3958,60,95947,397,0608
120,23,351,3958,60,95947,397,0608
120,23,351,4426,60,92871,397,2789
120,23,351,4426,60,92871,397,2789
120,23,351,4426,60,92871,397,2789
120,23,351,4902,60,89746,397,5008
120,23,351,4902,60,89746,397,5008
120,23,351,4902,60,89746,397,5008
120,23,351,5403,60,86475,397,7332
120,23,351,5403,60,86475,397,7332
120,23,351,5403,60,86475,397,7332
120,23,351,5876,60,8335,397,9539
120,23,351,5876,60,8335,397,9539
120,23,351,5876,60,8335,397,9539
120,23,351,6323,60,8042,398,1619
120,23,351,6323,60,8042,398,1619
120,23,351,6323,60,8042,398,1619
120,23,351,6794,60,77344,398,3806
120,23,351,6794,60,77344,398,3806
120,23,351,7244,60,74414,398,5895
120,23,351,7244,60,74414,398,5895
120,23,351,7244,60,74414,398,5895
120,23,351,7725,60,71289,398,8135
120,23,351,7725,60,71289,398,8135
120,23,351,7725,60,71289,398,8135
120,23,351,8157,60,68457,399,0146
120,23,351,8157,60,68457,399,0146
120,23,351,8157,60,68457,399,0146
120,23,351,8606,60,65527,399,2231
120,23,351,8606,60,65527,399,2231
120,23,351,907,60,625,399,4391
120,23,351,907,60,625,399,4391
120,23,351,907,60,625,399,4391
120,23,351,9502,60,59668,399,6404
120,23,351,9502,60,59668,399,6404
120,23,351,9502,60,59668,399,6404
120,23,351,9502,60,59668,399,6404
120,23,351,9502,60,59668,399,6404
120,23,351,9502,60,59668,399,6404
120,23,351,9502,60,59668,399,6404
120,23,351,9502,60,59668,399,6404
120,24,351,9502,60,59668,399,6404
120,24,351,9502,60,59668,399,6404
120,24,351,9502,60,59668,399,6404
120,24,351,9893,60,57129,399,8226
120,24,351,9893,60,57129,399,8226
120,24,351,9893,60,57129,399,8226
120,24,352,0286,60,54541,400,0054
120,24,352,0286,60,54541,400,0054
120,24,352,0286,60,54541,400,0054
120,24,352,0745,60,51514,400,2192
120,24,352,0745,60,51514,400,2192
120,24,352,0745,60,51514,400,2192
120,24,352,1213,60,48438,400,4374
120,24,352,1213,60,48438,400,4374
120,24,352,1213,60,48438,400,4374
120,24,352,1699,60,45264,400,6631
120,24,352,1699,60,45264,400,6631
120,24,352,1699,60,45264,400,6631
120,24,352,219,60,42041,400,8914
120,24,352,219,60,42041,400,8914
120,24,352,219,60,42041,400,8914
120,24,352,2668,60,38916,401,1143
120,24,352,2668,60,38916,401,1143
120,24,352,3145,60,35791,401,3358
120,24,352,3145,60,35791,401,3358
120,24,352,3145,60,35791,401,3358
120,24,352,3591,60,32861,401,5438
120,24,352,3591,60,32861,401,5438
120,24,352,3591,60,32861,401,5438
120,24,352,4077,60,29688,401,7701
120,24,352,4077,60,29688,401,7701
120,24,352,4077,60,29688,401,7701
120,24,352,4604,60,26221,402,0155
120,24,352,4604,60,26221,402,0155
120,24,352,4604,60,26221,402,0155
120,24,352,5061,60,23242,402,2283
120,24,352,5061,60,23242,402,2283
120,24,352,5061,60,23242,402,2283
120,24,352,553,60,20166,402,4459
120,24,352,553,60,20166,402,4459
120,24,352,5989,60,17188,402,6592
120,24,352,5989,60,17188,402,6592
120,24,352,5989,60,17188,402,6592
120,24,352,6436,60,14258,402,8672
120,24,352,6436,60,14258,402,8672
120,24,352,6436,60,14258,402,8672
120,24,352,6858,60,11475,403,0637
120,24,352,6858,60,11475,403,0637
120,24,352,7317,60,08496,403,2769
120,24,352,7317,60,08496,403,2769
120,24,352,7317,60,08496,403,2769
120,24,352,7756,60,05615,403,4815
120,24,352,7756,60,05615,403,4815
120,24,352,7756,60,05615,403,4815
120,24,352,8201,60,02686,403,6886
120,24,352,8201,60,02686,403,6886
120,24,352,8201,60,02686,403,6886
120,24,352,8201,60,02686,403,6886
120,24,352,8201,60,02686,403,6886
120,24,352,8201,60,02686,403,6886
120,24,352,8201,60,02686,403,6886
120,24,352,8201,60,02686,403,6886
120,24,352,8201,60,02686,403,6886
120,24,352,8201,60,02686,403,6886
120,24,352,8201,60,02686,403,6886
120,24,352,8574,60,00244,403,8627
120,24,352,8574,60,00244,403,8627
120,24,352,8574,60,00244,403,8627
120,24,352,8945,59,97803,404,0355
120,24,352,8945,59,97803,404,0355
120,24,352,8945,59,97803,404,0355
120,24,352,9373,59,9502,404,234
120,24,352,9373,59,9502,404,234
120,24,352,9373,59,9502,404,234
120,24,352,9897,59,91602,404,4787
120,24,352,9897,59,91602,404,4787
120,24,353,0342,59,88672,404,6858
120,24,353,0342,59,88672,404,6858
120,24,353,0342,59,88672,404,6858
120,24,353,0784,59,85791,404,8919
120,24,353,0784,59,85791,404,8919
120,24,353,0784,59,85791,404,8919
120,24,353,1235,59,82813,405,1025
120,24,353,1235,59,82813,405,1025
120,24,353,1235,59,82813,405,1025
120,24,353,1702,59,79736,405,3199
120,24,353,1702,59,79736,405,3199
120,24,353,2197,59,76514,405,55
120,24,353,2197,59,76514,405,55
120,24,353,2197,59,76514,405,55
120,24,353,2649,59,73584,405,7598
120,24,353,2649,59,73584,405,7598
120,24,353,2649,59,73584,405,7598
120,24,353,3103,59,70605,405,9706
120,24,353,3103,59,70605,405,9706
120,24,353,3103,59,70605,405,9706
120,24,353,3542,59,67725,406,1754
120,24,353,3542,59,67725,406,1754
120,24,353,4019,59,646,406,3972
120,24,353,4019,59,646,406,3972
120,24,353,4019,59,646,406,3972
120,24,353,4475,59,61621,406,6096
120,24,353,4475,59,61621,406,6096
120,24,353,4475,59,61621,406,6096
120,24,353,4941,59,58545,406,827
120,24,353,4941,59,58545,406,827
120,24,353,5376,59,55713,407,0287
120,24,353,5376,59,55713,407,0287
120,24,353,5376,59,55713,407,0287
120,24,353,5811,59,52881,407,2303
120,24,353,5811,59,52881,407,2303
120,24,353,5811,59,52881,407,2303
120,24,353,6272,59,49854,407,4454
120,24,353,6272,59,49854,407,4454
120,24,353,6272,59,49854,407,4454
120,24,353,677,59,46582,407,6771
120,24,353,677,59,46582,407,6771
120,24,353,677,59,46582,407,6771
120,24,353,677,59,46582,407,6771
120,24,353,677,59,46582,407,6771
120,24,353,677,59,46582,407,6771
120,25,353,677,59,46582,407,6771
120,25,353,677,59,46582,407,6771
120,25,353,677,59,46582,407,6771
120,25,353,7131,59,44238,407,8452
120,25,353,7131,59,44238,407,8452
120,25,353,7131,59,44238,407,8452
120,25,353,7471,59,41992,408,0035
120,25,353,7471,59,41992,408,0035
120,25,353,7908,59,39111,408,2067
120,25,353,7908,59,39111,408,2067
120,25,353,7908,59,39111,408,2067
120,25,353,832,59,36426,408,399
120,25,353,832,59,36426,408,399
120,25,353,8748,59,33643,408,598
120,25,353,8748,59,33643,408,598
120,25,353,8748,59,33643,408,598
120,25,353,9153,59,31006,408,786
120,25,353,9153,59,31006,408,786
120,25,353,9153,59,31006,408,786
120,25,353,9614,59,27979,409,0006
120,25,353,9614,59,27979,409,0006
120,25,354,0024,59,25293,409,1917
120,25,354,0024,59,25293,409,1917
120,25,354,0024,59,25293,409,1917
120,25,354,0442,59,22559,409,3857
120,25,354,0442,59,22559,409,3857
120,25,354,0889,59,19629,409,5934
120,25,354,0889,59,19629,409,5934
120,25,354,0889,59,19629,409,5934
120,25,354,1345,59,1665,409,8052
120,25,354,1345,59,1665,409,8052
120,25,354,1743,59,14063,409,9907
120,25,354,1743,59,14063,409,9907
120,25,354,1743,59,14063,409,9907
120,25,354,2153,59,11377,410,1819
120,25,354,2153,59,11377,410,1819
120,25,354,2542,59,08838,410,3624
120,25,354,2542,59,08838,410,3624
120,25,354,2542,59,08838,410,3624
120,25,354,2961,59,06104,410,5583
120,25,354,2961,59,06104,410,5583
120,25,354,342,59,03125,410,7716
120,25,354,342,59,03125,410,7716
120,25,354,342,59,03125,410,7716
120,25,354,384,59,00391,410,9668
120,25,354,384,59,00391,410,9668
120,25,354,4224,58,979,411,1454
120,25,354,4224,58,979,411,1454
120,25,354,4224,58,979,411,1454
120,25,354,4624,58,95264,411,3319
120,25,354,4624,58,95264,411,3319
120,25,354,5024,58,92627,411,5182
120,25,354,5024,58,92627,411,5182
120,25,354,5024,58,92627,411,5182
120,25,354,5452,58,89844,411,7174
120,25,354,5452,58,89844,411,7174
120,25,354,5452,58,89844,411,7174
120,25,354,5452,58,89844,411,7174
120,25,354,5452,58,89844,411,7174
120,25,354,5452,58,89844,411,7174
120,25,354,5452,58,89844,411,7174
120,25,354,5452,58,89844,411,7174
120,25,354,5452,58,89844,411,7174
120,25,354,5452,58,89844,411,7174
120,25,354,5452,58,89844,411,7174
120,25,354,5452,58,89844,411,7174
120,25,354,5452,58,89844,411,7174
120,25,354,5452,58,89844,411,7174
120,25,354,5764,58,87793,411,8624
120,25,354,5764,58,87793,411,8624
120,25,354,6082,58,85742,412,0099
120,25,354,6082,58,85742,412,0099
120,25,354,6082,58,85742,412,0099
120,25,354,6497,58,83008,412,2029
120,25,354,6497,58,83008,412,2029
120,25,354,6917,58,80273,412,3981
120,25,354,6917,58,80273,412,3981
120,25,354,6917,58,80273,412,3981
120,25,354,7317,58,77637,412,5842
120,25,354,7317,58,77637,412,5842
120,25,354,7712,58,75049,412,7676
120,25,354,7712,58,75049,412,7676
120,25,354,8115,58,72412,412,955
120,25,354,8115,58,72412,412,955
120,25,354,8115,58,72412,412,955
120,25,354,8513,58,69824,413,1399
120,25,354,8513,58,69824,413,1399
120,25,354,8879,58,67432,413,3097
120,25,354,8879,58,67432,413,3097
120,25,354,927,58,64893,413,4913
120,25,354,927,58,64893,413,4913
120,25,354,9631,58,625,413,6597
120,25,354,9631,58,625,413,6597
120,25,354,9631,58,625,413,6597
120,25,355,0015,58,6001,413,8379
120,25,355,0015,58,6001,413,8379
120,25,355,04,58,57471,414,017
120,25,355,04,58,57471,414,017
120,25,355,04,58,57471,414,017
120,25,355,0798,58,54883,414,202
120,25,355,0798,58,54883,414,202
120,25,355,125,58,51953,414,4117
120,25,355,125,58,51953,414,4117
120,25,355,1648,58,49365,414,5969
120,25,355,1648,58,49365,414,5969
120,25,355,1648,58,49365,414,5969
120,25,355,2034,58,46826,414,7766
120,25,355,2034,58,46826,414,7766
120,25,355,2424,58,44287,414,9581
120,25,355,2424,58,44287,414,9581
120,25,355,2424,58,44287,414,9581
120,25,355,282,58,41699,415,142
120,25,355,282,58,41699,415,142
120,25,355,3206,58,3916,415,3217
120,25,355,3206,58,3916,415,3217
120,25,355,3606,58,36523,415,5074
120,25,355,3606,58,36523,415,5074
120,25,355,3606,58,36523,415,5074
120,25,355,4009,58,33887,415,695
120,25,355,4009,58,33887,415,695
120,25,355,4009,58,33887,415,695
120,25,355,4009,58,33887,415,695
120,25,355,4009,58,33887,415,695
120,25,355,4009,58,33887,415,695
120,25,355,4009,58,33887,415,695
120,25,355,4009,58,33887,415,695
120,25,355,4009,58,33887,415,695
120,25,355,4009,58,33887,415,695
120,25,355,4009,58,33887,415,695
120,25,355,4009,58,33887,415,695
120,25,355,4009,58,33887,415,695
120,25,355,4009,58,33887,415,695
120,25,355,4009,58,33887,415,695
120,25,355,4009,58,33887,415,695
120,25,355,4009,58,33887,415,695
120,25,355,4009,58,33887,415,695
120,25,355,4009,58,33887,415,695
120,25,355,4009,58,33887,415,695
120,25,355,4009,58,33887,415,695
120,25,355,4009,58,33887,415,695
120,25,355,4009,58,33887,415,695
120,25,355,4009,58,33887,415,695
120,25,355,4009,58,33887,415,695
120,25,355,4009,58,33887,415,695
120,25,355,4009,58,33887,415,695
120,25,355,4009,58,33887,415,695
120,25,355,4009,58,33887,415,695
120,25,355,4009,58,33887,415,695
120,25,355,4009,58,33887,415,695
120,25,355,4009,58,33887,415,695
120,25,355,4009,58,33887,415,695
120,25,355,4009,58,33887,415,695
120,25,355,4009,58,33887,415,695
120,25,355,4009,58,33887,415,695
120,25,355,4009,58,33887,415,695
120,25,355,4009,58,33887,415,695
120,25,355,4009,58,33887,415,695
120,25,355,4009,58,33887,415,695
120,25,355,4009,58,33887,415,695
120,25,355,4009,58,33887,415,695
120,25,355,4009,58,33887,415,695
120,25,355,4009,58,33887,415,695
120,25,355,4009,58,33887,415,695
120,25,355,4009,58,33887,415,695
120,25,355,4009,58,33887,415,695
120,25,355,4009,58,33887,415,695
120,25,355,4009,58,33887,415,695
120,25,355,4009,58,33887,415,695
120,25,355,4009,58,33887,415,695
120,25,355,4009,58,33887,415,695
120,25,355,4009,58,33887,415,695
120,25,355,4009,58,33887,415,695
120,25,355,4009,58,33887,415,695
120,25,355,4009,58,33887,415,695
120,25,355,4009,58,33887,415,695
120,25,355,4009,58,33887,415,695
120,25,355,4009,58,33887,415,695
120,25,355,4009,58,33887,415,695
120,25,355,4009,58,33887,415,695
120,25,355,4009,58,33887,415,695
120,25,355,4009,58,33887,415,695
120,25,355,4009,58,33887,415,695
120,25,355,4009,58,33887,415,695
120,25,355,4009,58,33887,415,695
120,25,355,4009,58,33887,415,695
120,25,355,4009,58,33887,415,695
120,25,355,4009,58,33887,415,695
120,25,355,4009,58,33887,415,695
120,25,355,4009,58,33887,415,695
120,25,355,4009,58,33887,415,695
120,25,355,4009,58,33887,415,695
120,25,355,4009,58,33887,415,695
120,25,355,4009,58,33887,415,695
120,25,355,4009,58,33887,415,695
120,25,355,4009,58,33887,415,695
120,25,355,4009,58,33887,415,695
120,25,355,4009,58,33887,415,695
120,25,355,4009,58,33887,415,695
120,25,355,4009,58,33887,415,695
120,25,355,4009,58,33887,415,695
120,25,355,4009,58,33887,415,695
120,25,355,4009,58,33887,415,695
120,25,355,4009,58,33887,415,695
120,25,355,4009,58,33887,415,695
120,25,355,4009,58,33887,415,695
120,25,355,4009,58,33887,415,695
120,25,355,4009,58,33887,415,695
120,25,355,4009,58,33887,415,695
120,25,355,4009,58,33887,415,695
120,25,355,4009,58,33887,415,695
120,25,355,4009,58,33887,415,695
120,25,355,4009,58,33887,415,695
120,25,355,4009,58,33887,415,695
120,25,355,4009,58,33887,415,695
120,25,355,4009,58,33887,415,695
120,25,355,4009,58,33887,415,695
120,25,355,4009,58,33887,415,695
120,25,355,4009,58,33887,415,695
120,25,355,4009,58,33887,415,695
120,25,355,4009,58,33887,415,695
120,25,355,4009,58,33887,415,695
120,25,355,4009,58,33887,415,695
120,25,355,4009,58,33887,415,695
120,25,355,4009,58,33887,415,695
120,25,355,4009,58,33887,415,695
120,25,355,4009,58,33887,415,695
120,25,355,4009,58,33887,415,695
120,25,355,4009,58,33887,415,695
120,25,355,4009,58,33887,415,695
120,25,355,4009,58,33887,415,695
120,25,355,4009,58,33887,415,695
120,25,355,4009,58,33887,415,695
120,25,355,4009,58,33887,415,695
120,25,355,4009,58,33887,415,695
120,25,355,4009,58,33887,415,695
120,25,355,4009,58,33887,415,695
120,25,355,4009,58,33887,415,695
120,25,355,4009,58,33887,415,695
120,25,355,4009,58,33887,415,695
120,25,355,4009,58,33887,415,695
120,25,355,4009,58,33887,415,695
120,25,355,4009,58,33887,415,695
120,25,355,4009,58,33887,415,695
120,25,355,4009,58,33887,415,695
120,25,355,4009,58,33887,415,695
120,25,355,4009,58,33887,415,695
120,25,355,4009,58,33887,415,695
120,25,355,4009,58,33887,415,695
120,25,355,4009,58,33887,415,695
120,25,355,4009,58,33887,415,695
120,25,355,4009,58,33887,415,695
120,25,355,4009,58,33887,415,695
120,25,355,4009,58,33887,415,695
120,25,355,4009,58,33887,415,695
120,25,355,4009,58,33887,415,695
120,25,355,4009,58,33887,415,695
120,25,355,4009,58,33887,415,695
120,25,355,4009,58,33887,415,695
120,25,355,4009,58,33887,415,695
120,25,355,4009,58,33887,415,695
120,25,355,4009,58,33887,415,695
120,25,355,4009,58,33887,415,695
120,25,355,4009,58,33887,415,695
120,25,355,4009,58,33887,415,695
120,25,355,4009,58,33887,415,695
120,25,355,4009,58,33887,415,695
120,25,355,4009,58,33887,415,695
120,25,355,4009,58,33887,415,695
120,25,355,4009,58,33887,415,695
120,25,355,4009,58,33887,415,695
120,25,355,4009,58,33887,415,695
120,25,355,4009,58,33887,415,695
120,25,355,4009,58,33887,415,695
120,25,355,4009,58,33887,415,695
120,25,355,4009,58,33887,415,695
120,25,355,4009,58,33887,415,695
120,25,355,4009,58,33887,415,695
120,25,355,4009,58,33887,415,695
120,25,355,4009,58,33887,415,695
120,25,355,4009,58,33887,415,695
120,25,355,4009,58,33887,415,695
120,25,355,4009,58,33887,415,695
120,25,355,4009,58,33887,415,695
120,25,355,4009,58,33887,415,695
120,25,355,4009,58,33887,415,695
120,25,355,4009,58,33887,415,695
120,25,355,4009,58,33887,415,695
120,25,355,4009,58,33887,415,695
120,25,355,4009,58,33887,415,695
120,25,355,4009,58,33887,415,695
120,25,355,4009,58,33887,415,695
120,25,355,4009,58,33887,415,695
120,25,355,4009,58,33887,415,695
120,25,355,4009,58,33887,415,695
120,25,355,4009,58,33887,415,695
120,25,355,4009,58,33887,415,695
120,25,355,4009,58,33887,415,695
120,25,355,4009,58,33887,415,695
120,25,355,4009,58,33887,415,695
120,25,355,4009,58,33887,415,695
120,25,355,4009,58,33887,415,695
120,25,355,4009,58,33887,415,695
120,25,355,4009,58,33887,415,695
120,25,355,4009,58,33887,415,695
120,25,355,4009,58,33887,415,695
120,25,355,4009,58,33887,415,695
120,25,355,4009,58,33887,415,695
120,25,355,4009,58,33887,415,695
120,25,355,4009,58,33887,415,695
120,25,355,4009,58,33887,415,695
120,25,355,4009,58,33887,415,695
120,25,355,4009,58,33887,415,695
120,25,355,4009,58,33887,415,695
120,25,355,4009,58,33887,415,695
120,25,355,4009,58,33887,415,695
120,25,355,4009,58,33887,415,695
120,25,355,4009,58,33887,415,695
120,25,355,4009,58,33887,415,695
120,25,355,4009,58,33887,415,695
120,25,355,4009,58,33887,415,695
120,25,355,4009,58,33887,415,695
120,25,355,4009,58,33887,415,695
120,25,355,4009,58,33887,415,695
120,25,355,4009,58,33887,415,695
120,25,355,4009,58,33887,415,695
120,25,355,4009,58,33887,415,695
120,25,355,4009,58,33887,415,695
120,25,355,4009,58,33887,415,695
120,25,355,4009,58,33887,415,695
120,25,355,4009,58,33887,415,695
120,25,355,4009,58,33887,415,695
120,25,355,4009,58,33887,415,695
120,25,355,4009,58,33887,415,695
120,25,355,4009,58,33887,415,695
120,25,355,4009,58,33887,415,695
120,25,355,4009,58,33887,415,695
120,25,355,4009,58,33887,415,695
120,25,355,4009,58,33887,415,695
120,25,355,4009,58,33887,415,695
120,25,355,4009,58,33887,415,695
120,25,355,4009,58,33887,415,695
120,25,355,4009,58,33887,415,695
120,25,355,4009,58,33887,415,695
120,25,355,4009,58,33887,415,695
120,25,355,4009,58,33887,415,695
120,25,355,4009,58,33887,415,695
120,25,355,4009,58,33887,415,695
120,25,355,4009,58,33887,415,695
120,25,355,4009,58,33887,415,695
120,25,355,4009,58,33887,415,695
120,25,355,4009,58,33887,415,695
120,25,355,4009,58,33887,415,695
120,25,355,4009,58,33887,415,695
120,25,355,4009,58,33887,415,695
120,25,355,4009,58,33887,415,695
120,25,355,4009,58,33887,415,695
120,25,355,4009,58,33887,415,695
120,25,355,4009,58,33887,415,695
120,25,355,4009,58,33887,415,695
120,25,355,4009,58,33887,415,695
120,25,355,4009,58,33887,415,695
120,25,355,4009,58,33887,415,695
120,25,355,4009,58,33887,415,695
120,25,355,4009,58,33887,415,695
120,25,355,4009,58,33887,415,695
120,25,355,4009,58,33887,415,695
120,25,355,4009,58,33887,415,695
120,25,355,4009,58,33887,415,695
120,25,355,4009,58,33887,415,695
120,25,355,4009,58,33887,415,695
120,25,355,4009,58,33887,415,695
120,25,355,4009,58,33887,415,695
120,25,355,4009,58,33887,415,695
120,25,355,4009,58,33887,415,695
120,25,355,4009,58,33887,415,695
120,25,355,4009,58,33887,415,695
120,25,355,4009,58,33887,415,695
120,25,355,4009,58,33887,415,695
120,25,355,4009,58,33887,415,695
120,25,355,4009,58,33887,415,695
120,25,355,4009,58,33887,415,695
120,25,355,4009,58,33887,415,695
120,25,355,4009,58,33887,415,695
120,25,355,4009,58,33887,415,695
120,25,355,4009,58,33887,415,695
120,25,355,4009,58,33887,415,695
120,25,355,4009,58,33887,415,695
120,25,355,4009,58,33887,415,695
120,25,355,4009,58,33887,415,695
120,25,355,4009,58,33887,415,695
120,25,355,4009,58,33887,415,695
120,25,355,4009,58,33887,415,695
120,25,355,4009,58,33887,415,695
120,25,355,4009,58,33887,415,695
120,25,355,4009,58,33887,415,695
120,25,355,4009,58,33887,415,695
120,25,355,4009,58,33887,415,695
120,25,355,4009,58,33887,415,695
120,25,355,4009,58,33887,415,695
120,25,355,4009,58,33887,415,695
120,25,355,4009,58,33887,415,695
120,25,355,4009,58,33887,415,695
120,25,355,4009,58,33887,415,695
120,25,355,4009,58,33887,415,695
120,25,355,4009,58,33887,415,695
120,25,355,4009,58,33887,415,695
120,25,355,4009,58,33887,415,695
120,25,355,4009,58,33887,415,695
120,25,355,4009,58,33887,415,695
120,25,355,4009,58,33887,415,695
120,25,355,4009,58,33887,415,695
120,25,355,4009,58,33887,415,695
120,25,355,4009,58,33887,415,695
120,25,355,4009,58,33887,415,695
120,25,355,4009,58,33887,415,695
120,25,355,4009,58,33887,415,695
120,25,355,4009,58,33887,415,695
120,25,355,4009,58,33887,415,695
120,25,355,4009,58,33887,415,695
120,25,355,4009,58,33887,415,695
120,25,355,4009,58,33887,415,695
120,25,355,4009,58,33887,415,695
120,25,355,4009,58,33887,415,695
120,25,355,4009,58,33887,415,695
120,25,355,4009,58,33887,415,695
120,25,355,4009,58,33887,415,695
120,25,355,4009,58,33887,415,695
120,25,355,4009,58,33887,415,695
120,25,355,4009,58,33887,415,695
120,25,355,4009,58,33887,415,695
120,25,355,4009,58,33887,415,695
120,25,355,4009,58,33887,415,695
120,25,355,4009,58,33887,415,695
120,25,355,4009,58,33887,415,695
120,25,355,4009,58,33887,415,695
120,25,355,4009,58,33887,415,695
120,25,355,4009,58,33887,415,695
120,25,355,4009,58,33887,415,695
120,25,355,4009,58,33887,415,695
120,25,355,4009,58,33887,415,695
120,25,355,4009,58,33887,415,695
120,25,355,4009,58,33887,415,695
120,25,355,4009,58,33887,415,695
120,25,355,4009,58,33887,415,695
120,25,355,4009,58,33887,415,695
120,25,355,4009,58,33887,415,695
120,25,355,4009,58,33887,415,695
120,25,355,4009,58,33887,415,695
120,25,355,4009,58,33887,415,695
120,25,355,4009,58,33887,415,695
120,25,355,4009,58,33887,415,695
120,25,355,4009,58,33887,415,695
120,25,355,4009,58,33887,415,695
120,25,355,4009,58,33887,415,695
120,25,355,4009,58,33887,415,695
120,25,355,4009,58,33887,415,695
120,25,355,4009,58,33887,415,695
120,25,355,4009,58,33887,415,695
120,25,355,4009,58,33887,415,695
120,25,355,4009,58,33887,415,695
120,25,355,4009,58,33887,415,695
120,25,355,4009,58,33887,415,695
120,25,355,4009,58,33887,415,695
120,25,355,4009,58,33887,415,695
120,25,355,4009,58,33887,415,695
120,25,355,4009,58,33887,415,695
120,25,355,4009,58,33887,415,695
120,25,355,4009,58,33887,415,695
120,25,355,4009,58,33887,415,695
120,25,355,4009,58,33887,415,695
120,25,355,4009,58,33887,415,695
120,25,355,4009,58,33887,415,695
120,25,355,4009,58,33887,415,695
120,25,355,4009,58,33887,415,695
120,25,355,4009,58,33887,415,695
120,25,355,4009,58,33887,415,695
120,25,355,4009,58,33887,415,695
120,25,355,4009,58,33887,415,695
120,25,355,4009,58,33887,415,695
120,25,355,4009,58,33887,415,695
120,25,355,4009,58,33887,415,695
120,25,355,4009,58,33887,415,695
120,25,355,4009,58,33887,415,695
120,25,355,4009,58,33887,415,695
120,25,355,4009,58,33887,415,695
120,25,355,4009,58,33887,415,695
120,25,355,4009,58,33887,415,695
120,25,355,4009,58,33887,415,695
120,25,355,4009,58,33887,415,695
120,25,355,4009,58,33887,415,695
120,25,355,4009,58,33887,415,695
120,25,355,4009,58,33887,415,695
120,25,355,4009,58,33887,415,695
120,25,355,4009,58,33887,415,695
120,25,355,4009,58,33887,415,695
120,25,355,4009,58,33887,415,695
120,25,355,4009,58,33887,415,695
120,25,355,4009,58,33887,415,695
120,25,355,4009,58,33887,415,695
120,25,355,4009,58,33887,415,695
120,25,355,4009,58,33887,415,695
120,25,355,4009,58,33887,415,695
120,25,355,4009,58,33887,415,695
120,25,355,4009,58,33887,415,695
120,25,355,4009,58,33887,415,695
120,25,355,4009,58,33887,415,695
120,25,355,4009,58,33887,415,695
120,25,355,4009,58,33887,415,695
120,25,355,4009,58,33887,415,695
120,25,355,4009,58,33887,415,695
120,25,355,4009,58,33887,415,695
120,25,355,4009,58,33887,415,695
120,25,355,4009,58,33887,415,695
120,25,355,4009,58,33887,415,695
