Time,RSteps,X,Y,Z
120,0,309,397,85,86719,232,3451
120,0,309,397,85,86719,232,3451
120,0,309,397,85,86719,232,3451
120,0,309,397,85,86719,232,3451
120,0,309,397,85,86719,232,3451
120,0,309,397,85,86719,232,3451
120,1,309,397,85,86719,232,3451
120,1,309,397,85,86719,232,3451
120,1,309,397,85,86719,232,3451
120,1,309,397,85,86719,232,3451
120,1,309,397,85,86719,232,3451
120,1,309,397,85,86719,232,3451
120,1,309,397,85,86719,232,3451
120,1,309,397,85,86719,232,3451
120,1,309,397,85,86719,232,3451
120,1,309,397,85,86719,232,3451
120,1,309,397,85,86719,232,3451
120,1,309,397,85,86719,232,3451
120,1,309,397,85,86719,232,3451
120,1,309,6892,85,84619,232,4092
120,1,309,6892,85,84619,232,4092
120,1,309,6892,85,84619,232,4092
120,1,309,6892,85,84619,232,4092
120,1,309,6892,85,84619,232,4092
120,1,309,9817,85,82568,232,4731
120,1,309,9817,85,82568,232,4731
120,1,309,9817,85,82568,232,4731
120,1,309,9817,85,82568,232,4731
120,1,309,9817,85,82568,232,4731
120,1,310,2739,85,80469,232,5372
120,1,310,5664,85,78369,232,6012
120,1,310,6721,85,77637,232,6244
120,1,310,7214,85,77246,232,6353
120,1,310,7368,85,77148,232,6385
120,1,310,7937,85,76758,232,651
120,1,310,8604,85,7627,232,6656
120,1,310,9229,85,7583,232,6793
120,1,311,0403,85,75,232,7051
120,1,311,1038,85,74512,232,7189
120,1,311,1489,85,74219,232,7288
120,1,311,2244,85,73682,232,7454
120,1,311,272,85,7334,232,7557
120,1,311,3372,85,72852,232,77
120,1,311,3882,85,7251,232,7813
120,1,311,438,85,72168,232,7921
120,1,311,5061,85,7168,232,8071
120,1,311,572,85,71191,232,8215
120,1,311,6394,85,70703,232,8363
120,1,311,6924,85,70313,232,8479
120,1,311,7456,85,69971,232,8595
120,1,311,7966,85,6958,232,8707
120,1,311,8701,85,69043,232,8868
120,1,311,8899,85,68945,232,8911
120,1,311,9214,85,68701,232,8979
120,1,312,0437,85,67822,232,9248
120,1,312,0962,85,67432,232,9363
120,1,312,1602,85,66992,232,9503
120,1,312,2092,85,6665,232,9611
120,1,312,2791,85,66162,232,9764
120,1,312,3359,85,65723,232,9889
120,1,312,3879,85,65381,233,0002
120,1,312,4399,85,6499,233,0116
120,1,312,5117,85,64502,233,0273
120,1,312,5698,85,64063,233,04
120,1,312,6199,85,63721,233,051
120,1,312,6746,85,6333,233,063
120,1,312,7341,85,62891,233,076
120,1,312,7878,85,625,233,0879
120,1,312,8601,85,62012,233,1036
120,1,312,9124,85,61621,233,1151
120,1,312,9795,85,61133,233,1298
120,1,313,0225,85,6084,233,1392
120,1,313,0879,85,60352,233,1536
120,1,313,1416,85,6001,233,1653
120,1,313,2151,85,59473,233,1814
120,1,313,2717,85,59082,233,1938
120,1,313,3245,85,58691,233,2053
120,1,313,3784,85,58301,233,2172
120,1,313,4534,85,57764,233,2336
120,1,313,4866,85,5752,233,2408
120,1,313,5613,85,5708,233,2565
120,1,313,6135,85,56836,233,2668
120,1,313,6692,85,56592,233,2778
120,1,313,7285,85,56299,233,2897
120,1,313,7976,85,55957,233,3033
120,1,313,8491,85,55713,233,3135
120,1,313,9055,85,55469,233,3247
120,1,313,9758,85,55127,233,3386
120,1,314,03,85,54883,233,3494
120,1,314,0847,85,54639,233,3602
120,1,314,1409,85,54346,233,3713
120,1,314,1921,85,54102,233,3815
120,1,314,2644,85,53809,233,3958
120,1,314,3198,85,53516,233,4067
120,1,314,3833,85,53223,233,4193
120,1,314,448,85,5293,233,4321
120,1,314,5049,85,52686,233,4434
120,1,314,5598,85,52393,233,4542
120,1,314,6128,85,52148,233,4647
120,1,314,6846,85,51807,233,479
120,1,314,7351,85,51611,233,489
120,1,314,7844,85,51367,233,4988
120,1,314,8569,85,51025,233,5131
120,1,314,9131,85,50781,233,5242
120,1,314,9475,85,50586,233,531
120,1,314,991,85,50391,233,5396
120,1,315,0793,85,5,233,5571
120,1,315,1467,85,49658,233,5704
120,1,315,1948,85,49463,233,58
120,1,315,2681,85,49121,233,5945
120,1,315,3196,85,48877,233,6047
120,1,315,3745,85,48584,233,6156
120,1,315,429,85,4834,233,6263
120,1,315,5012,85,47998,233,6406
120,1,315,5552,85,47754,233,6514
120,1,315,6118,85,4751,233,6626
120,1,315,6655,85,47266,233,6732
120,1,315,7371,85,46924,233,6874
120,1,315,7927,85,46631,233,6984
120,1,315,8464,85,46387,233,709
120,1,315,9011,85,46143,233,7198
120,1,315,9739,85,45801,233,7343
120,1,316,0105,85,45654,233,7415
120,1,316,084,85,45313,233,7561
120,1,316,1372,85,4502,233,7666
120,1,316,2104,85,44678,233,7811
120,1,316,2654,85,44434,233,792
120,1,316,3215,85,44189,233,8031
120,2,316,3745,85,43945,233,8136
120,2,316,4465,85,43604,233,8279
120,2,316,5,85,43359,233,8384
120,2,316,553,85,43115,233,8489
120,2,316,6184,85,42773,233,8619
120,2,316,6824,85,4248,233,8745
120,2,316,7354,85,42236,233,885
120,2,316,792,85,41992,233,8962
120,2,316,8472,85,41748,233,9072
120,2,316,9146,85,41406,233,9205
120,2,316,9758,85,41113,233,9326
120,2,317,0234,85,40918,233,9421
120,2,317,0803,85,40625,233,9534
120,2,317,137,85,40381,233,9646
120,2,317,2048,85,40039,233,978
120,2,317,2607,85,39795,233,989
120,2,317,2783,85,39697,233,9926
120,2,317,2783,85,39697,233,9926
120,2,317,2783,85,39697,233,9926
120,2,317,2944,85,39648,233,9957
120,2,317,2944,85,39648,233,9957
120,2,317,2944,85,39648,233,9957
120,2,317,2944,85,39648,233,9957
120,2,317,4719,85,38818,234,0309
120,2,317,4719,85,38818,234,0309
120,2,317,5742,85,3833,234,0511
120,2,317,5742,85,3833,234,0511
120,2,317,5742,85,3833,234,0511
120,2,317,5742,85,3833,234,0511
120,2,317,5742,85,3833,234,0511
120,2,317,6851,85,38623,234,0745
120,2,317,6851,85,38623,234,0745
120,2,317,6851,85,38623,234,0745
120,2,317,9785,85,39404,234,1361
120,2,318,2478,85,40137,234,1927
120,2,318,2939,85,40234,234,2024
120,2,318,366,85,4043,234,2175
120,2,318,4021,85,40527,234,2251
120,2,318,481,85,40723,234,2417
120,2,318,5325,85,40869,234,2526
120,2,318,6033,85,41064,234,2675
120,2,318,6572,85,41211,234,2788
120,2,318,7141,85,41357,234,2908
120,2,318,7666,85,41504,234,3018
120,2,318,823,85,4165,234,3136
120,2,318,8933,85,41846,234,3284
120,2,318,9487,85,41992,234,3401
120,2,319,001,85,4209,234,351
120,2,319,0764,85,42285,234,3668
120,2,319,1299,85,42432,234,3781
120,2,319,187,85,42578,234,3901
120,2,319,24,85,42725,234,4012
120,2,319,2957,85,42871,234,413
120,2,319,3643,85,43066,234,4274
120,2,319,4189,85,43213,234,4388
120,2,319,4822,85,43408,234,4521
120,2,319,5259,85,43506,234,4613
120,2,319,6008,85,43701,234,4771
120,2,319,6572,85,43848,234,4889
120,2,319,7092,85,43994,234,4999
120,2,319,7639,85,44141,234,5114
120,2,319,8342,85,44336,234,5261
120,2,319,8882,85,44482,234,5375
120,2,319,9441,85,44629,234,5492
120,2,319,9973,85,44727,234,5604
120,2,320,0706,85,44922,234,5758
120,2,320,1321,85,45117,234,5887
120,2,320,1787,85,45215,234,5985
120,2,320,2344,85,45361,234,6102
120,2,320,311,85,45557,234,6263
120,2,320,3623,85,45703,234,6371
120,2,320,4165,85,4585,234,6484
120,2,320,4695,85,45996,234,6597
120,2,320,5403,85,46191,234,6746
120,2,320,5955,85,46338,234,6862
120,2,320,6506,85,46484,234,6978
120,2,320,7048,85,46631,234,7091
120,2,320,7776,85,46826,234,7244
120,2,320,8342,85,46973,234,7363
120,2,320,8875,85,47119,234,7474
120,2,320,9495,85,47266,234,7605
120,2,321,0017,85,47412,234,7715
120,2,321,0667,85,47559,234,7852
120,2,321,1228,85,47754,234,7969
120,2,321,1741,85,47852,234,8077
120,2,321,2283,85,47998,234,8191
120,2,321,3027,85,48193,234,8347
120,2,321,3547,85,4834,234,8457
120,2,321,4089,85,48486,234,8571
120,2,321,4839,85,48682,234,8728
120,2,321,5371,85,48828,234,884
120,2,321,5908,85,48975,234,8953
120,2,321,6445,85,49121,234,9066
120,2,321,7019,85,49268,234,9187
120,2,321,7551,85,49414,234,9298
120,2,321,8267,85,49609,234,9448
120,2,321,8826,85,49756,234,9567
120,2,321,9351,85,49902,234,9677
120,2,322,009,85,50098,234,9832
120,2,322,0632,85,50244,234,9946
120,2,322,1172,85,50342,235,006
120,2,322,1746,85,50537,235,0181
120,2,322,2429,85,50684,235,0323
120,2,322,3005,85,5083,235,0444
120,2,322,3525,85,50977,235,0554
120,2,322,4067,85,51123,235,0668
120,2,322,46,85,5127,235,078
120,2,322,5317,85,51465,235,093
120,2,322,5696,85,51563,235,1011
120,2,322,6406,85,51758,235,116
120,2,322,6992,85,52148,235,1252
120,2,322,7534,85,52588,235,1323
120,2,322,8062,85,53027,235,1392
120,2,322,8606,85,53516,235,1464
120,2,322,9158,85,53955,235,1536
120,2,322,9905,85,5459,235,1633
120,2,323,0437,85,55029,235,1702
120,2,323,0981,85,55518,235,1774
120,2,323,1553,85,56006,235,1848
120,2,323,2285,85,56592,235,1943
120,2,323,2832,85,5708,235,2014
120,2,323,3396,85,57568,235,2089
120,2,323,394,85,58008,235,2159
120,2,323,4675,85,58643,235,2255
120,2,323,5212,85,59082,235,2325
120,2,323,575,85,5957,235,2395
120,2,323,6289,85,6001,235,2466
120,2,323,7041,85,60645,235,2563
120,2,323,761,85,61133,235,2638
120,2,323,8127,85,61572,235,2705
120,2,323,8691,85,62061,235,2778
120,2,323,9424,85,62646,235,2875
120,2,323,98,85,62988,235,2924
120,2,324,0505,85,63574,235,3015
120,2,324,1047,85,64063,235,3086
120,2,324,1599,85,64502,235,3158
120,2,324,2336,85,65137,235,3254
120,2,324,2954,85,65674,235,3335
120,2,324,343,85,66064,235,3397
120,2,324,4194,85,66699,235,3496
120,2,324,4714,85,67139,235,3564
120,2,324,5261,85,67627,235,3635
120,2,324,5808,85,68066,235,3707
120,2,324,6372,85,68555,235,3781
120,2,324,6909,85,68994,235,385
120,2,324,7646,85,69629,235,3947
120,2,324,8208,85,70117,235,402
120,2,324,875,85,70557,235,4091
120,2,324,9478,85,71191,235,4186
120,2,325,0051,85,7168,235,426
120,2,325,0588,85,72119,235,4331
120,2,325,1226,85,72656,235,4414
120,2,325,1672,85,73047,235,4473
120,2,325,2415,85,73682,235,4569
120,2,325,2969,85,7417,235,4641
120,2,325,3511,85,74609,235,4712
120,2,325,4248,85,75244,235,4808
120,2,325,4797,85,75684,235,488
120,2,325,5159,85,76025,235,4927
120,2,325,5879,85,76611,235,5021
120,2,325,6619,85,77246,235,5117
120,2,325,7161,85,77686,235,5188
120,2,325,7708,85,78174,235,526
120,2,325,8245,85,78613,235,533
120,2,325,8799,85,79102,235,5402
120,2,325,9404,85,7959,235,5481
120,2,326,0081,85,80176,235,5569
120,2,326,0623,85,80664,235,564
120,2,326,1174,85,81104,235,5712
120,2,326,1931,85,81738,235,5811
120,2,326,2476,85,82227,235,5881
120,2,326,3025,85,82666,235,5952
120,2,326,3579,85,83154,235,6025
120,2,326,4133,85,83643,235,6097
120,2,326,4839,85,84229,235,6189
120,2,326,5391,85,84668,235,6262
120,2,326,5957,85,85156,235,6335
120,2,326,6689,85,85791,235,6431
120,2,326,7268,85,86279,235,6506
120,2,326,7808,85,86719,235,6577
120,2,326,8364,85,87207,235,6649
120,2,326,8892,85,87646,235,6719
120,2,326,9602,85,88281,235,6812
120,2,327,0154,85,88721,235,6882
120,2,327,0691,85,8916,235,6953
120,2,327,126,85,89648,235,7028
120,2,327,2007,85,90283,235,7124
120,2,327,2522,85,90723,235,7192
120,2,327,3074,85,91211,235,7263
120,2,327,3621,85,9165,235,7335
120,2,327,4363,85,92285,235,7432
120,2,327,4919,85,92773,235,7505
120,2,327,5454,85,93213,235,7574
120,2,327,5999,85,93701,235,7645
120,2,327,6738,85,94287,235,7742
120,2,327,7,85,94531,235,7776
120,2,327,7,85,94531,235,7776
120,2,327,7,85,94531,235,7776
120,2,327,7,85,94531,235,7776
120,2,327,7,85,94531,235,7776
120,2,327,7,85,94531,235,7776
120,2,327,7,85,94531,235,7776
120,2,327,7,85,94531,235,7776
120,2,327,7,85,94531,235,7776
120,2,327,7,85,94531,235,7776
120,2,327,7,85,94531,235,7776
120,2,327,7,85,94531,235,7776
120,2,327,7,85,94531,235,7776
120,2,327,7,85,94531,235,7776
120,2,327,7,85,94531,235,7776
120,2,327,7,85,94531,235,7776
120,2,327,7,85,94531,235,7776
120,2,327,7,85,94531,235,7776
120,2,327,7,85,94531,235,7776
120,2,327,7,85,94531,235,7776
120,2,327,7,85,94531,235,7776
120,2,327,7,85,94531,235,7776
120,2,327,7,85,94531,235,7776
120,2,327,7,85,94531,235,7776
120,2,327,7,85,94531,235,7776
120,2,327,7,85,94531,235,7776
120,2,327,7,85,94531,235,7776
120,2,327,7,85,94531,235,7776
120,2,327,7,85,94531,235,7776
120,2,327,7,85,94531,235,7776
120,2,327,7,85,94531,235,7776
120,2,327,7,85,94531,235,7776
120,2,327,7,85,94531,235,7776
120,2,327,7,85,94531,235,7776
120,2,327,7,85,94531,235,7776
120,2,327,7,85,94531,235,7776
120,2,327,7,85,94531,235,7776
120,2,327,7,85,94531,235,7776
120,2,327,7,85,94531,235,7776
120,2,327,7,85,94531,235,7776
120,2,327,7,85,94531,235,7776
120,2,327,7,85,94531,235,7776
120,2,327,7,85,94531,235,7776
120,2,327,7,85,94531,235,7776
120,2,327,7,85,94531,235,7776
120,2,327,7,85,94531,235,7776
120,2,327,7,85,94531,235,7776
120,2,327,7,85,94531,235,7776
120,2,327,7,85,94531,235,7776
120,2,327,7,85,94531,235,7776
120,2,327,7,85,94531,235,7776
120,2,327,7,85,94531,235,7776
120,2,327,7,85,94531,235,7776
120,2,327,7,85,94531,235,7776
120,2,327,7,85,94531,235,7776
120,2,327,7,85,94531,235,7776
120,2,327,7,85,94531,235,7776
120,2,327,7,85,94531,235,7776
120,2,327,7,85,94531,235,7776
120,2,327,7,85,94531,235,7776
120,2,327,7,85,94531,235,7776
120,2,327,7,85,94531,235,7776
120,2,327,7,85,94531,235,7776
120,2,327,7,85,94531,235,7776
120,2,327,7,85,94531,235,7776
120,2,327,7,85,94531,235,7776
120,2,327,7,85,94531,235,7776
120,2,327,7,85,94531,235,7776
120,2,327,7,85,94531,235,7776
120,2,327,7,85,94531,235,7776
120,2,327,7,85,94531,235,7776
120,2,327,7,85,94531,235,7776
120,2,327,7,85,94531,235,7776
120,2,327,7,85,94531,235,7776
120,2,327,7,85,94531,235,7776
120,2,327,7,85,94531,235,7776
120,2,327,7,85,94531,235,7776
120,2,327,7,85,94531,235,7776
120,2,327,7,85,94531,235,7776
120,2,327,7,85,94531,235,7776
120,2,327,7,85,94531,235,7776
120,2,327,7,85,94531,235,7776
120,2,327,7,85,94531,235,7776
120,2,327,7,85,94531,235,7776
120,2,327,7,85,94531,235,7776
120,2,327,7,85,94531,235,7776
120,2,327,7,85,94531,235,7776
120,2,327,7,85,94531,235,7776
120,2,327,7,85,94531,235,7776
120,2,327,7,85,94531,235,7776
120,2,327,7,85,94531,235,7776
120,2,327,7,85,94531,235,7776
120,2,327,7,85,94531,235,7776
120,2,327,7,85,94531,235,7776
120,2,327,7,85,94531,235,7776
120,2,327,7,85,94531,235,7776
120,2,327,7,85,94531,235,7776
120,2,327,7,85,94531,235,7776
120,2,327,7,85,94531,235,7776
120,2,327,7,85,94531,235,7776
120,2,327,7,85,94531,235,7776
120,2,327,7,85,94531,235,7776
120,2,327,7,85,94531,235,7776
120,2,327,7,85,94531,235,7776
120,2,327,7,85,94531,235,7776
120,2,327,7,85,94531,235,7776
120,2,327,7,85,94531,235,7776
120,2,327,7,85,94531,235,7776
120,2,327,7,85,94531,235,7776
120,2,327,7,85,94531,235,7776
120,2,327,7,85,94531,235,7776
120,2,327,7,85,94531,235,7776
120,2,327,7,85,94531,235,7776
120,2,327,7,85,94531,235,7776
120,2,327,7,85,94531,235,7776
120,2,327,7,85,94531,235,7776
120,2,327,7,85,94531,235,7776
120,2,327,7,85,94531,235,7776
120,2,327,7,85,94531,235,7776
120,2,327,7,85,94531,235,7776
120,2,327,7,85,94531,235,7776
120,2,327,7,85,94531,235,7776
120,2,327,7,85,94531,235,7776
120,2,327,7,85,94531,235,7776
120,2,327,7,85,94531,235,7776
120,2,327,7,85,94531,235,7776
120,2,327,7,85,94531,235,7776
120,2,327,7,85,94531,235,7776
120,2,327,7,85,94531,235,7776
120,2,327,7,85,94531,235,7776
120,2,327,7,85,94531,235,7776
120,2,327,7,85,94531,235,7776
120,2,327,7,85,94531,235,7776
120,2,327,7,85,94531,235,7776
120,2,327,7,85,94531,235,7776
120,2,327,7,85,94531,235,7776
120,2,327,7,85,94531,235,7776
120,2,327,7,85,94531,235,7776
120,2,327,7,85,94531,235,7776
120,2,327,7,85,94531,235,7776
120,2,327,7,85,94531,235,7776
120,2,327,7,85,94531,235,7776
120,2,327,7,85,94531,235,7776
120,2,327,7,85,94531,235,7776
120,2,327,7,85,94531,235,7776
120,2,327,7,85,94531,235,7776
120,2,327,7,85,94531,235,7776
120,2,327,7,85,94531,235,7776
120,2,327,7,85,94531,235,7776
120,2,327,7,85,94531,235,7776
120,2,327,7,85,94531,235,7776
120,2,327,7,85,94531,235,7776
120,2,327,7,85,94531,235,7776
120,2,327,7,85,94531,235,7776
120,2,327,7,85,94531,235,7776
120,2,327,7,85,94531,235,7776
120,2,327,7,85,94531,235,7776
120,2,327,7,85,94531,235,7776
120,2,327,7,85,94531,235,7776
120,2,327,7,85,94531,235,7776
120,2,327,7,85,94531,235,7776
120,2,327,7,85,94531,235,7776
120,2,327,7,85,94531,235,7776
120,2,327,7,85,94531,235,7776
120,2,327,7,85,94531,235,7776
120,2,327,7,85,94531,235,7776
120,2,327,7,85,94531,235,7776
120,2,327,7,85,94531,235,7776
120,2,327,7,85,94531,235,7776
120,2,327,7,85,94531,235,7776
120,2,327,7,85,94531,235,7776
120,2,327,7,85,94531,235,7776
120,2,327,7,85,94531,235,7776
120,2,327,7,85,94531,235,7776
120,2,327,7,85,94531,235,7776
120,2,327,7,85,94531,235,7776
120,2,327,7,85,94531,235,7776
120,2,327,7,85,94531,235,7776
120,2,327,7,85,94531,235,7776
120,2,327,7,85,94531,235,7776
120,2,327,7,85,94531,235,7776
120,2,327,7,85,94531,235,7776
120,2,327,7,85,94531,235,7776
120,2,327,7,85,94531,235,7776
120,2,327,7,85,94531,235,7776
120,2,327,7,85,94531,235,7776
120,2,327,7,85,94531,235,7776
120,2,327,7,85,94531,235,7776
120,2,327,7,85,94531,235,7776
120,2,327,7,85,94531,235,7776
120,2,327,7,85,94531,235,7776
120,2,327,7,85,94531,235,7776
120,2,327,7,85,94531,235,7776
120,2,327,7,85,94531,235,7776
120,2,327,7,85,94531,235,7776
120,2,327,7,85,94531,235,7776
120,2,327,7,85,94531,235,7776
120,2,327,7,85,94531,235,7776
120,2,327,7,85,94531,235,7776
120,2,327,7,85,94531,235,7776
120,2,327,7,85,94531,235,7776
120,2,327,7,85,94531,235,7776
120,2,327,7,85,94531,235,7776
120,2,327,7,85,94531,235,7776
120,2,327,7,85,94531,235,7776
120,2,327,7,85,94531,235,7776
120,2,327,7,85,94531,235,7776
120,2,327,7,85,94531,235,7776
120,2,327,7,85,94531,235,7776
120,2,327,7,85,94531,235,7776
120,2,327,7,85,94531,235,7776
120,2,327,7,85,94531,235,7776
120,2,327,7,85,94531,235,7776
120,2,327,7,85,94531,235,7776
120,2,327,7,85,94531,235,7776
120,2,327,7,85,94531,235,7776
120,2,327,7,85,94531,235,7776
120,2,327,7,85,94531,235,7776
120,2,327,7,85,94531,235,7776
120,2,327,7,85,94531,235,7776
120,2,327,7,85,94531,235,7776
120,2,327,7,85,94531,235,7776
120,2,327,7,85,94531,235,7776
120,2,327,7,85,94531,235,7776
120,2,327,7,85,94531,235,7776
120,2,327,7,85,94531,235,7776
120,2,327,7,85,94531,235,7776
120,2,327,7,85,94531,235,7776
120,2,327,7,85,94531,235,7776
120,2,327,7,85,94531,235,7776
120,2,327,7,85,94531,235,7776
120,2,327,7,85,94531,235,7776
120,2,327,7,85,94531,235,7776
120,2,327,7,85,94531,235,7776
120,2,327,7,85,94531,235,7776
120,2,327,7,85,94531,235,7776
120,2,327,7,85,94531,235,7776
120,3,327,7173,85,94727,235,7769
120,3,327,783,85,9541,235,7744
120,3,327,822,85,95801,235,7728
120,3,327,8777,85,96387,235,7708
120,3,327,9465,85,9707,235,7681
120,3,328,0208,85,97852,235,7651
120,3,328,0576,85,98242,235,7637
120,3,328,1345,85,99023,235,7607
120,3,328,2065,85,99756,235,7579
120,3,328,2598,86,00293,235,7559
120,3,328,3154,86,00879,235,7538
120,3,328,3689,86,01416,235,7517
120,3,328,4453,86,02246,235,7487
120,3,328,498,86,02783,235,7467
120,3,328,5544,86,03369,235,7445
120,3,328,6196,86,04004,235,7419
120,3,328,6716,86,04541,235,74
120,3,328,74,86,05273,235,7373
120,3,328,7991,86,05859,235,735
120,3,328,8528,86,06445,235,7329
120,3,328,9138,86,0708,235,7306
120,3,328,9802,86,07764,235,728
120,3,329,0364,86,08301,235,7258
120,3,329,0916,86,08887,235,7236
120,3,329,1479,86,09473,235,7214
120,3,329,2004,86,1001,235,7195
120,3,329,2751,86,10791,235,7166
120,3,329,3303,86,11377,235,7144
120,3,329,3865,86,11914,235,7123
120,3,329,447,86,12549,235,7098
120,3,329,5134,86,13232,235,7073
120,3,329,5698,86,13818,235,7051
120,3,329,6223,86,14355,235,7031
120,3,329,698,86,15137,235,7002
120,3,329,7563,86,15771,235,6979
120,3,329,8088,86,16309,235,6959
120,3,329,8679,86,16895,235,6936
120,3,329,9187,86,17432,235,6917
120,3,329,9949,86,18213,235,6887
120,3,330,0486,86,1875,235,6865
120,3,330,1016,86,19336,235,6846
120,3,330,1567,86,19873,235,6824
120,3,330,2322,86,20654,235,6794
120,3,330,2959,86,21338,235,677
120,3,330,3428,86,21826,235,6752
120,3,330,3984,86,22363,235,6731
120,3,330,4766,86,23193,235,67
120,3,330,5095,86,23535,235,6687
120,3,330,5876,86,24316,235,6656
120,3,330,637,86,24854,235,6638
120,3,330,6921,86,25391,235,6616
120,3,330,7668,86,26172,235,6587
120,3,330,8208,86,26758,235,6566
120,3,330,8777,86,27344,235,6544
120,3,330,9353,86,2793,235,6522
120,3,331,0054,86,28662,235,6495
120,3,331,062,86,29248,235,6473
120,3,331,1238,86,29883,235,6449
120,3,331,1741,86,30371,235,6429
120,3,331,2295,86,30957,235,6409
120,3,331,2991,86,31689,235,6382
120,3,331,3567,86,32275,235,6359
120,3,331,4104,86,32813,235,6338
120,3,331,4858,86,33594,235,6309
120,3,331,5437,86,3418,235,6287
120,3,331,5962,86,34766,235,6266
120,3,331,6526,86,35303,235,6244
120,3,331,7261,86,36084,235,6216
120,3,331,7813,86,3667,235,6194
120,3,331,8376,86,37256,235,6173
120,3,331,8887,86,37744,235,6152
120,3,331,9536,86,38428,235,6128
120,3,332,019,86,39111,235,6102
120,3,332,0769,86,39697,235,608
120,3,332,1311,86,40283,235,6058
120,3,332,1948,86,40918,235,6034
120,3,332,2454,86,41455,235,6014
120,3,332,3147,86,42139,235,5988
120,3,332,3728,86,42773,235,5966
120,3,332,4272,86,43311,235,5945
120,3,332,4807,86,43848,235,5923
120,3,332,5527,86,44629,235,5896
120,3,332,6096,86,45215,235,5874
120,3,332,6692,86,45801,235,5851
120,3,332,7273,86,46436,235,5828
120,3,332,8018,86,47168,235,58
120,3,332,8569,86,47754,235,5778
120,3,332,9109,86,48291,235,5757
120,3,332,9648,86,48877,235,5736
120,3,333,0076,86,49316,235,5699
120,3,333,0793,86,50146,235,5591
120,3,333,1362,86,50781,235,5504
120,3,333,1873,86,51318,235,5427
120,3,333,2629,86,52197,235,5313
120,3,333,3184,86,52832,235,5228
120,3,333,3723,86,53418,235,5146
120,3,333,428,86,54053,235,5062
120,3,333,4824,86,54639,235,4979
120,3,333,5352,86,55225,235,49
120,3,333,6101,86,56055,235,4786
120,3,333,6628,86,56689,235,4707
120,3,333,717,86,57275,235,4624
120,3,333,7703,86,57861,235,4543
120,3,333,8491,86,5874,235,4424
120,3,333,9026,86,59375,235,4343
120,3,333,9531,86,59912,235,4266
120,3,334,0088,86,60547,235,4182
120,3,334,0813,86,61377,235,4072
120,3,334,1416,86,62012,235,3982
120,3,334,1887,86,62549,235,391
120,4,334,2444,86,63184,235,3826
120,4,334,3181,86,64014,235,3715
120,4,334,3528,86,64404,235,3662
120,4,334,4304,86,65283,235,3544
120,4,334,501,86,66064,235,3438
120,4,334,5542,86,6665,235,3357
120,4,334,6099,86,67285,235,3273
120,4,334,6619,86,67871,235,3193
120,4,334,7185,86,68506,235,3108
120,4,334,7908,86,69287,235,2998
120,4,334,8445,86,69922,235,2917
120,4,334,9004,86,70557,235,2832
120,4,334,9534,86,71143,235,2751
120,4,335,0269,86,71973,235,264
120,4,335,085,86,72607,235,2552
120,4,335,1372,86,73193,235,2473
120,4,335,1931,86,73828,235,2389
120,4,335,2646,86,74609,235,228
120,4,335,3181,86,75244,235,22
120,4,335,3755,86,75879,235,2113
120,4,335,426,86,76416,235,2036
120,4,335,5039,86,77295,235,1918
120,4,335,5608,86,7793,235,1832
120,4,335,6096,86,78467,235,1758
120,4,335,6648,86,79102,235,1675
120,4,335,7185,86,79688,235,1593
120,4,335,7905,86,80518,235,1484
120,4,335,8459,86,81152,235,14
120,4,335,9009,86,81738,235,1317
120,4,335,9541,86,82373,235,1237
120,4,336,0093,86,82959,235,1152
120,4,336,0833,86,83789,235,1041
120,4,336,1365,86,84375,235,0961
120,4,336,2119,86,85254,235,0846
120,4,336,2664,86,8584,235,0763
120,4,336,3201,86,86475,235,0682
120,4,336,3743,86,87061,235,0599
120,4,336,4299,86,87695,235,0515
120,4,336,5002,86,88477,235,0409
120,4,336,5549,86,89063,235,0327
120,4,336,6125,86,89746,235,0239
120,4,336,667,86,90332,235,0156
120,4,336,7188,86,90918,235,0078
120,4,336,7935,86,91748,234,9966
120,4,336,8491,86,92383,234,988
120,4,336,906,86,93018,234,9795
120,4,336,9734,86,93799,234,9692
120,4,337,0337,86,94434,234,9601
120,4,337,0925,86,95117,234,9512
120,4,337,1382,86,95605,234,9443
120,4,337,1943,86,9624,234,9358
120,4,337,2673,86,9707,234,9248
120,4,337,3196,86,97656,234,9169
120,4,337,3735,86,98242,234,9087
120,4,337,45,86,99121,234,8971
120,4,337,5012,86,99707,234,8893
120,4,337,5598,87,00342,234,8805
120,4,337,6138,87,00977,234,8723
120,4,337,675,87,0166,234,863
120,4,337,7395,87,02344,234,8533
120,4,337,791,87,0293,234,8455
120,4,337,8479,87,03613,234,8336
120,4,337,9001,87,04248,234,8209
120,4,337,9729,87,05127,234,8033
120,4,338,0239,87,05762,234,791
120,4,338,0791,87,06396,234,7777
120,4,338,134,87,0708,234,7644
120,4,338,2029,87,0791,234,7478
120,4,338,2576,87,08594,234,7346
120,4,338,3091,87,0918,234,7222
120,4,338,3633,87,09863,234,7091
120,4,338,4373,87,10742,234,6913
120,4,338,4702,87,11182,234,6832
120,4,338,5457,87,12061,234,665
120,4,338,5999,87,12744,234,6519
120,4,338,6516,87,13379,234,6394
120,4,338,731,87,14307,234,6202
120,4,338,7776,87,14893,234,609
120,4,338,834,87,15576,234,5953
120,4,338,8835,87,16162,234,5835
120,4,338,9539,87,17041,234,5664
120,4,339,0088,87,17676,234,5531
120,4,339,0601,87,18311,234,5408
120,4,339,1348,87,19238,234,5227
120,4,339,1897,87,19873,234,5095
120,4,339,2402,87,20508,234,4973
120,4,339,3027,87,2124,234,4822
120,4,339,3481,87,21826,234,4712
120,4,339,4182,87,22656,234,4543
120,4,339,4751,87,2334,234,4406
120,4,339,5247,87,23926,234,4286
120,4,339,5774,87,24609,234,4158
120,4,339,6558,87,25537,234,3969
120,4,339,7046,87,26123,234,3851
120,4,339,7585,87,26758,234,3721
120,4,339,8142,87,27441,234,3586
120,4,339,8828,87,28271,234,342
120,4,339,9382,87,28955,234,3287
120,4,339,9919,87,2959,234,3157
120,4,340,0435,87,30225,234,3032
120,4,340,1069,87,31006,234,288
120,4,340,1694,87,31787,234,2728
120,4,340,2217,87,32422,234,2603
120,4,340,28,87,33105,234,2461
120,4,340,3284,87,33691,234,2345
120,4,340,4011,87,3457,234,2169
120,4,340,4553,87,35254,234,2039
120,4,340,5073,87,3584,234,1912
120,4,340,5627,87,36523,234,1779
120,4,340,6343,87,37402,234,1606
120,4,340,6863,87,38037,234,1479
120,4,340,7412,87,38721,234,1348
120,4,340,7932,87,39355,234,1222
120,4,340,8486,87,3999,234,1088
120,4,340,9209,87,40869,234,0913
120,4,340,9739,87,41504,234,0786
120,4,341,0269,87,42139,234,0658
120,4,341,0994,87,43066,234,0482
120,4,341,1531,87,43701,234,0353
120,4,341,2053,87,44336,234,0226
120,4,341,2593,87,44971,234,0096
120,4,341,3298,87,4585,233,9926
120,4,341,3857,87,46533,233,979
120,4,341,4395,87,47168,233,9661
120,4,341,4915,87,47803,233,9535
120,5,341,5464,87,48438,233,9403
120,5,341,6191,87,49365,233,9227
120,5,341,6694,87,49951,233,9105
120,5,341,7336,87,50732,233,895
120,5,341,7808,87,51318,233,8837
120,5,341,8411,87,52051,233,8677
120,5,341,8958,87,52686,233,8519
120,5,341,947,87,53271,233,8372
120,5,342,01,87,54004,233,819
120,5,342,0737,87,54785,233,8007
120,5,342,1262,87,5542,233,7855
120,5,342,1807,87,56055,233,7699
120,5,342,2314,87,56641,233,7552
120,5,342,301,87,57471,233,7352
120,5,342,3567,87,58105,233,7192
120,5,342,4067,87,5874,233,7047
120,5,342,4614,87,59375,233,689
120,5,342,5342,87,60254,233,668
120,5,342,5847,87,6084,233,6534
120,5,342,6379,87,61475,233,6381
120,5,342,6909,87,62109,233,6228
120,5,342,7605,87,62891,233,6028
120,5,342,814,87,63525,233,5874
120,5,342,8682,87,64209,233,5718
120,5,342,9197,87,64795,233,557
120,5,342,9727,87,6543,233,5417
120,5,343,0442,87,6626,233,5211
120,5,343,0964,87,66895,233,5061
120,5,343,1501,87,67529,233,4906
120,5,343,2212,87,68359,233,4701
120,5,343,2842,87,69092,233,4519
120,5,343,3262,87,69629,233,4399
120,5,343,3792,87,70215,233,4246
120,5,343,4341,87,70898,233,4088
120,5,343,5039,87,71729,233,3887
120,5,343,5554,87,72314,233,3739
120,5,343,6094,87,72949,233,3583
120,5,343,6624,87,73584,233,343
120,5,343,7341,87,74414,233,3224
120,5,343,7883,87,75098,233,3068
120,5,343,8401,87,75684,233,2919
120,5,343,894,87,76318,233,2764
120,5,343,9626,87,77148,233,2566
120,5,344,0166,87,77783,233,2411
120,5,344,0789,87,78516,233,223
120,5,344,1216,87,79004,233,2108
120,5,344,1951,87,79883,233,1897
120,5,344,2488,87,80518,233,1741
120,5,344,3037,87,81201,233,1583
120,5,344,353,87,81787,233,144
120,5,344,4058,87,82373,233,1289
120,5,344,4783,87,83252,233,108
120,5,344,5288,87,83838,233,0935
120,5,344,5818,87,84473,233,0782
120,5,344,6343,87,85107,233,0631
120,5,344,7061,87,85938,233,0425
120,5,344,7583,87,86572,233,0273
120,5,344,8108,87,87207,233,0122
120,5,344,887,87,88086,232,9904
120,5,344,936,87,88672,232,9762
120,5,344,9893,87,89307,232,9608
120,5,345,0439,87,89941,232,9451
120,5,345,0947,87,90527,232,9305
120,5,345,165,87,91357,232,9102
120,5,345,2207,87,92041,232,8942
120,5,345,2708,87,92627,232,8743
120,5,345,3137,87,93115,232,8523
120,5,345,3777,87,93896,232,8196
120,5,345,4282,87,94482,232,7937
120,5,345,4761,87,9502,232,7692
120,5,345,5239,87,95605,232,7448
120,5,345,574,87,96191,232,7191
120,5,345,6418,87,96973,232,6843
120,5,345,6875,87,9751,232,661
120,5,345,7366,87,98096,232,6359
120,5,345,802,87,98877,232,6025
120,5,345,8516,87,99463,232,5771
120,5,345,8999,88,232,5524
120,5,345,949,88,00586,232,5273
120,5,346,0164,88,01367,232,4928
120,5,346,0649,88,01953,232,468
120,5,346,1135,88,02539,232,4431
120,5,346,1628,88,03076,232,4178
120,5,346,2134,88,03711,232,3921
120,5,346,2788,88,04443,232,3585
120,5,346,3105,88,04834,232,3424
120,5,346,3757,88,05615,232,309
120,5,346,425,88,06152,232,2838
120,5,346,4844,88,06885,232,2534
120,5,346,5454,88,07568,232,2222
120,5,346,5928,88,08154,232,1979
120,5,346,6428,88,0874,232,1724
120,5,346,6914,88,09326,232,1475
120,5,346,7573,88,10059,232,1138
120,5,346,812,88,10742,232,0858
120,5,346,8552,88,1123,232,0637
120,5,346,905,88,11816,232,0382
120,5,346,9724,88,12598,232,0038
120,5,347,0208,88,13184,231,979
120,5,347,0525,88,13525,231,9628
120,5,347,1184,88,14307,231,9291
120,5,347,1841,88,15088,231,8955
120,5,347,2339,88,15674,231,87
120,5,347,282,88,1626,231,8453
120,5,347,3313,88,16797,231,8202
120,5,347,3804,88,17383,231,7952
120,5,347,4458,88,18164,231,7616
120,5,347,4951,88,1875,231,7363
120,5,347,5466,88,19336,231,7101
120,5,347,5959,88,19922,231,6847
120,5,347,6589,88,20654,231,6525
120,5,347,7097,88,2124,231,6266
120,5,347,7583,88,21826,231,6018
120,5,347,8076,88,22412,231,5764
120,5,347,8716,88,23145,231,5438
120,5,347,9224,88,2373,231,5178
120,5,347,9724,88,24365,231,4922
120,5,348,02,88,24902,231,4679
120,5,348,0879,88,25684,231,4332
120,5,348,1379,88,2627,231,4076
120,5,348,1851,88,26855,231,3835
120,5,348,2341,88,27393,231,3583
120,5,348,2834,88,27979,231,3331
120,5,348,3479,88,2876,231,3002
120,5,348,3967,88,29346,231,2751
120,5,348,4456,88,29883,231,2501
120,5,348,5139,88,30713,231,2152
120,5,348,5676,88,31348,231,1877
120,5,348,6104,88,31836,231,1659
120,6,348,6609,88,32422,231,1401
120,6,348,7246,88,33154,231,1074
120,6,348,7744,88,3374,231,082
120,6,348,8232,88,34326,231,0569
120,6,348,8721,88,34912,231,032
120,6,348,9236,88,35498,231,0057
120,6,348,9563,88,35791,230,9583
120,6,348,9856,88,36035,230,9126
120,6,349,0159,88,36279,230,8655
120,6,349,0464,88,36523,230,8175
120,6,349,0867,88,36865,230,7548
120,6,349,1169,88,37109,230,7074
120,6,349,1516,88,37402,230,6536
120,6,349,1763,88,37598,230,6149
120,6,349,2168,88,37891,230,5516
120,6,349,2468,88,38184,230,505
120,6,349,2769,88,38428,230,4581
120,6,349,3064,88,38623,230,4121
120,6,349,3354,88,38867,230,3667
120,6,349,3767,88,39209,230,3022
120,6,349,407,88,39453,230,2551
120,6,349,4358,88,39697,230,2101
120,6,349,4661,88,39941,230,1628
120,6,349,5076,88,40283,230,098
120,6,349,5359,88,40527,230,0538
120,6,349,5649,88,40771,230,0084
120,6,349,5962,88,41016,229,9597
120,6,349,6362,88,41357,229,8972
120,6,349,6653,88,41602,229,8522
120,6,349,6958,88,41846,229,8042
120,6,349,7258,88,4209,229,7577
120,6,349,7651,88,42383,229,6963
120,6,349,7949,88,42627,229,6497
120,6,349,8245,88,42871,229,6036
120,6,349,8555,88,43115,229,5551
120,6,349,8953,88,43457,229,4932
120,6,349,9246,88,43701,229,4474
120,6,349,9543,88,43945,229,4009
120,6,349,9849,88,44189,229,3534
120,6,350,0149,88,44434,229,3065
120,6,350,0549,88,44775,229,2439
120,6,350,0859,88,4502,229,1954
120,6,350,1162,88,45264,229,1486
120,6,350,1453,88,45508,229,103
120,6,350,1843,88,45801,229,042
120,6,350,2156,88,46094,228,9935
120,6,350,2441,88,46289,228,9487
120,6,350,2852,88,46631,228,8848
120,6,350,3159,88,46875,228,8369
120,6,350,3447,88,47119,228,7919
120,6,350,375,88,47363,228,7446
120,6,350,4048,88,47607,228,6981
120,6,350,45,88,47998,228,6276
120,6,350,4792,88,48242,228,5818
120,6,350,5037,88,48438,228,5438
120,6,350,5337,88,48682,228,4971
120,6,350,574,88,49023,228,434
120,6,350,604,88,49268,228,3873
120,6,350,6333,88,49463,228,3416
120,6,350,6638,88,49756,228,2938
120,6,350,7053,88,50098,228,2291
120,6,350,7339,88,50293,228,1844
120,6,350,7632,88,50537,228,139
120,6,350,7937,88,50781,228,0913
120,6,350,8333,88,51123,228,0297
120,6,350,8645,88,51367,227,9806
120,6,350,8926,88,51611,227,937
120,6,350,927,88,51904,227,8834
120,6,350,9639,88,52197,227,8257
120,6,350,9937,88,52441,227,7794
120,6,351,0239,88,52686,227,7319
120,6,351,0532,88,5293,227,6864
120,6,351,072,88,5293,227,6299
120,6,351,0889,88,5293,227,5762
120,6,351,105,88,5293,227,5251
120,6,351,1223,88,5293,227,4703
120,6,351,1384,88,5293,227,4189
120,6,351,1609,88,5293,227,3481
120,6,351,178,88,5293,227,2941
120,6,351,1956,88,5293,227,2384
120,6,351,2114,88,5293,227,188
120,6,351,23,88,5293,227,129
120,6,351,2515,88,5293,227,0612
120,6,351,2671,88,5293,227,0115
120,6,351,2837,88,5293,226,9586
120,6,351,3062,88,5293,226,8875
120,6,351,3228,88,52881,226,8352
120,6,351,3394,88,52881,226,7827
120,6,351,3557,88,52881,226,7302
120,6,351,3787,88,52881,226,6578
120,6,351,3958,88,52881,226,6035
120,6,351,4121,88,52881,226,5518
120,6,351,4285,88,52881,226,4996
120,6,351,4514,88,52881,226,4275
120,6,351,4709,88,52881,226,3654
120,6,351,4849,88,52881,226,321
120,6,351,5007,88,52881,226,2708
120,6,351,5244,88,52881,226,1958
120,6,351,5403,88,52881,226,1453
120,6,351,5571,88,52881,226,0927
120,6,351,5742,88,52881,226,0382
120,6,351,5903,88,52881,225,9871
120,6,351,6125,88,52881,225,9169
120,6,351,6296,88,52881,225,8624
120,6,351,6458,88,52881,225,8113
120,6,351,6624,88,52881,225,7585
120,6,351,6848,88,52881,225,6876
120,6,351,7017,88,52881,225,6343
120,6,351,7219,88,52881,225,5703
120,6,351,7354,88,52881,225,5276
120,6,351,7578,88,52881,225,4562
120,6,351,7771,88,52881,225,3955
120,6,351,7908,88,52881,225,3523
120,6,351,8071,88,52832,225,2998
120,6,351,8303,88,52832,225,2264
120,6,351,8464,88,52832,225,1752
120,6,351,8635,88,52832,225,1217
120,6,351,8796,88,52832,225,0703
120,7,351,9026,88,52832,224,9974
120,7,351,9192,88,52832,224,9453
120,7,351,9358,88,52832,224,8927
120,7,351,9526,88,52832,224,839
120,7,351,9753,88,52832,224,7675
120,7,351,9915,88,52832,224,7161
120,7,352,0085,88,52832,224,6615
120,7,352,0247,88,52832,224,6106
120,7,352,0417,88,52832,224,5569
120,7,352,0603,88,52832,224,4978
120,7,352,0586,88,52539,224,4423
120,7,352,0566,88,52246,224,3849
120,7,352,0549,88,51953,224,3275
120,7,352,0527,88,51611,224,2563
120,7,352,0508,88,51318,224,2006
120,7,352,0491,88,51074,224,1465
120,7,352,0474,88,50781,224,0886
120,7,352,0457,88,50488,224,0356
120,7,352,0432,88,50098,223,9606
120,7,352,0415,88,49805,223,903
120,7,352,0398,88,49561,223,8513
120,7,352,0374,88,4917,223,7739
120,7,352,0356,88,48877,223,7174
120,7,352,0337,88,48584,223,6594
120,7,352,032,88,4834,223,6071
120,7,352,0305,88,48047,223,5535
120,7,352,0281,88,47656,223,4807
120,7,352,0264,88,47412,223,4238
120,7,352,0247,88,47119,223,3708
120,7,352,0227,88,46826,223,3151
120,7,352,0205,88,46436,223,2394
120,7,352,0183,88,46143,223,1742
120,7,352,0168,88,45898,223,1296
120,7,352,0146,88,45508,223,0555
120,7,352,0127,88,45215,222,9985
120,7,352,011,88,44971,222,9447
120,7,352,0093,88,44678,222,8899
120,7,352,0076,88,44385,222,832
120,7,352,0051,88,44043,222,7601
120,7,352,0034,88,4375,222,7051
120,7,352,0017,88,43457,222,649
120,7,352,88,43164,222,5924
120,7,351,9976,88,42822,222,5177
120,7,351,9958,88,42529,222,4631
120,7,351,9941,88,42236,222,4091
120,7,351,9919,88,41943,222,3445
120,7,351,9905,88,41699,222,2968
120,7,351,9883,88,41309,222,2244
120,7,351,9866,88,41016,222,1681
120,7,351,9846,88,40723,222,1124
120,7,351,9829,88,40479,222,058
120,7,351,9807,88,40088,221,9818
120,7,351,9788,88,39795,221,9258
120,7,351,9768,88,39502,221,8667
120,7,351,9753,88,39258,221,8137
120,7,351,9736,88,38965,221,7611
120,7,351,9709,88,38574,221,6796
120,7,351,9692,88,38281,221,6266
120,7,351,9678,88,38037,221,5769
120,7,351,9656,88,37695,221,5093
120,7,351,9644,88,37207,221,4558
120,7,351,9636,88,36816,221,416
120,7,351,9619,88,36084,221,3401
120,7,351,9607,88,354,221,27
120,7,351,9595,88,34863,221,2147
120,7,351,9583,88,34326,221,1598
120,7,351,957,88,33789,221,1046
120,7,351,9556,88,33105,221,0298
120,7,351,9546,88,32568,220,9772
120,7,351,9534,88,32031,220,9214
120,7,351,9521,88,31494,220,8671
120,7,351,9507,88,30762,220,792
120,7,351,9492,88,30127,220,7271
120,7,351,9482,88,29688,220,6799
120,7,351,9473,88,2915,220,625
120,7,351,9456,88,28467,220,5518
120,7,351,9446,88,2793,220,498
120,7,351,9434,88,27393,220,4434
120,7,351,9421,88,26855,220,3873
120,7,351,9407,88,26123,220,3134
120,7,351,9395,88,25586,220,2572
120,7,351,9385,88,25049,220,2024
120,7,351,9373,88,24512,220,1449
120,7,351,936,88,23877,220,0823
120,7,351,9346,88,23242,220,0175
120,7,351,9333,88,22754,219,9639
120,7,351,9321,88,22119,219,8994
120,7,351,9312,88,2168,219,8521
120,7,351,9297,88,20947,219,7788
120,7,351,9285,88,2041,219,7229
120,7,351,9275,88,19873,219,6694
120,7,351,9263,88,19336,219,6128
120,7,351,9246,88,18604,219,5375
120,7,351,9236,88,18066,219,4822
120,7,351,9224,88,17529,219,4277
120,7,351,9211,88,16992,219,3735
120,7,351,9197,88,16309,219,3002
120,7,351,9187,88,15771,219,2449
120,7,351,9175,88,15234,219,1902
120,7,351,9163,88,14697,219,1339
120,7,351,9148,88,13965,219,0592
120,7,351,9136,88,13428,219,0039
120,7,351,9124,88,12891,218,9501
120,7,351,9114,88,12354,218,8942
120,7,351,9097,88,11621,218,8193
120,7,351,9087,88,11133,218,7657
120,7,351,9075,88,10596,218,7112
120,7,351,9065,88,10059,218,6561
120,7,351,9053,88,09521,218,5997
120,7,351,9036,88,08789,218,5269
120,7,351,9026,88,08252,218,4719
120,7,351,9014,88,07715,218,4159
120,7,351,9001,88,07178,218,3577
120,7,351,8992,88,06641,218,3046
120,7,351,8975,88,05957,218,2316
120,7,351,8965,88,0542,218,1768
120,7,351,8953,88,04834,218,1201
120,7,351,894,88,04346,218,066
120,7,351,8936,88,04053,218,0371
120,7,351,8914,88,03076,217,9348
120,8,351,8904,88,02539,217,8822
120,8,351,8887,88,01807,217,8077
120,8,351,8875,88,01221,217,7474
120,8,351,8865,88,00732,217,6964
120,8,351,8853,88,00195,217,6406
120,8,351,8845,87,99854,217,6031
120,8,351,8826,87,99023,217,5288
120,8,351,8796,87,98193,217,4734
120,8,351,8772,87,9751,217,4268
120,8,351,8733,87,96338,217,3506
120,8,351,8704,87,95508,217,2953
120,8,351,8674,87,94727,217,2427
120,8,351,8647,87,93896,217,189
120,8,351,8608,87,92773,217,1143
120,8,351,8579,87,91943,217,0583
120,8,351,855,87,91064,217,0031
120,8,351,8521,87,90234,216,9474
120,8,351,8484,87,8916,216,8765
120,8,351,8455,87,88379,216,8232
120,8,351,8428,87,87549,216,7678
120,8,351,8398,87,86719,216,7136
120,8,351,8369,87,8584,216,6563
120,8,351,8333,87,84766,216,585
120,8,351,8313,87,84229,216,5481
120,8,351,8274,87,83105,216,4758
120,8,351,8245,87,82275,216,4194
120,8,351,8206,87,81152,216,3457
120,8,351,8179,87,80322,216,2924
120,8,351,8149,87,79492,216,2362
120,8,351,812,87,78662,216,1816
120,8,351,8083,87,77539,216,1089
120,8,351,8054,87,76758,216,0548
120,8,351,8025,87,75879,215,9993
120,8,351,7996,87,75098,215,9453
120,8,351,7957,87,73877,215,8662
120,8,351,7927,87,73096,215,814
120,8,351,79,87,72314,215,7605
120,8,351,7871,87,71436,215,7041
120,8,351,7834,87,70361,215,6339
120,8,351,7805,87,69531,215,578
120,8,351,7776,87,6875,215,5248
120,8,351,7747,87,67871,215,468
120,8,351,772,87,6709,215,4154
120,8,351,7681,87,65967,215,3414
120,8,351,7651,87,65088,215,2843
120,8,351,7622,87,64258,215,2299
120,8,351,7595,87,63477,215,1764
120,8,351,7556,87,62354,215,103
120,8,351,7524,87,61426,215,0432
120,8,351,7498,87,60693,214,9939
120,8,351,7471,87,59863,214,9396
120,8,351,7432,87,58789,214,8662
120,8,351,7405,87,57959,214,8121
120,8,351,7375,87,57129,214,7566
120,8,351,7346,87,56299,214,702
120,8,351,7307,87,55127,214,6267
120,8,351,7278,87,54297,214,571
120,8,351,7249,87,53467,214,5149
120,8,351,7222,87,52637,214,4624
120,8,351,7183,87,51563,214,3912
120,8,351,7153,87,50732,214,3337
120,8,351,7126,87,49902,214,2815
120,8,351,7097,87,49072,214,2256
120,8,351,7058,87,47998,214,1528
120,8,351,7029,87,47119,214,0969
120,8,351,7,87,46289,214,0409
120,8,351,697,87,4541,213,984
120,8,351,6943,87,44629,213,9326
120,8,351,6909,87,43652,213,8663
120,8,351,6873,87,42578,213,7972
120,8,351,6843,87,41748,213,7401
120,8,351,6816,87,40967,213,6895
120,8,351,6787,87,40137,213,6353
120,8,351,6748,87,39014,213,5598
120,8,351,6721,87,38184,213,5057
120,8,351,6685,87,37158,213,439
120,8,351,6663,87,36523,213,3956
120,8,351,6626,87,35449,213,3237
120,8,351,6597,87,3457,213,2678
120,8,351,6567,87,33789,213,2134
120,8,351,6541,87,32959,213,1597
120,8,351,6509,87,3208,213,1017
120,8,351,6472,87,30957,213,0289
120,8,351,6458,87,3042,212,9897
120,8,351,645,87,2959,212,9342
120,8,351,6443,87,28613,212,8663
120,8,351,6433,87,27783,212,8058
120,8,351,6426,87,27002,212,7512
120,8,351,6418,87,26172,212,6953
120,8,351,6411,87,25342,212,6342
120,8,351,6404,87,24365,212,5679
120,8,351,6396,87,23584,212,5137
120,8,351,6389,87,22803,212,4589
120,8,351,6382,87,22021,212,4037
120,8,351,6372,87,20947,212,3271
120,8,351,6365,87,20117,212,2712
120,8,351,6357,87,19385,212,2184
120,8,351,635,87,18604,212,1625
120,8,351,634,87,17578,212,0918
120,8,351,6335,87,16797,212,0375
120,8,351,6328,87,16016,211,983
120,8,351,6321,87,15186,211,9263
120,8,351,6313,87,14453,211,8723
120,8,351,6304,87,13379,211,7986
120,8,351,6296,87,12549,211,7388
120,8,351,6289,87,11768,211,6873
120,8,351,6279,87,10742,211,615
120,8,351,6272,87,09961,211,5591
120,8,351,6267,87,0918,211,5059
120,8,351,6257,87,08398,211,4481
120,8,351,6252,87,07617,211,3956
120,8,351,6243,87,06543,211,3214
120,8,351,6235,87,05762,211,2657
120,8,351,6228,87,0498,211,2117
120,8,351,6221,87,04199,211,1575
120,8,351,6213,87,03418,211,1024
120,8,351,6204,87,02295,211,0227
120,8,351,6196,87,01563,210,9696
120,8,351,6189,87,00781,210,916
120,8,351,6179,86,99756,210,8446
120,8,351,6174,86,98975,210,79
120,8,351,6167,86,98193,210,7354
120,8,351,616,86,97412,210,6809
120,8,351,615,86,96338,210,6058
120,8,351,6143,86,95557,210,5499
120,8,351,6135,86,94775,210,4966
120,8,351,6128,86,93994,210,441
120,8,351,6118,86,92969,210,3683
120,8,351,6111,86,9209,210,307
120,8,351,6106,86,91602,210,2731
120,8,351,6096,86,90576,210,202
120,8,351,6091,86,89795,210,1467
120,8,351,6084,86,89014,210,0935
120,8,351,6074,86,87988,210,0203
120,8,351,6067,86,87158,209,9628
120,8,351,606,86,86377,209,9091
120,8,351,605,86,85303,209,8344
120,8,351,6042,86,84521,209,7795
120,8,351,6035,86,83789,209,7256
120,8,351,6033,86,83398,209,7008
120,8,351,6018,86,81934,209,5959
120,8,351,6013,86,81152,209,542
120,8,351,6003,86,80371,209,4872
120,8,351,5999,86,79785,209,4474
120,8,351,5989,86,78467,209,3557
120,8,351,5981,86,77734,209,3029
120,8,351,5974,86,76953,209,2471
120,8,351,5967,86,76172,209,193
120,8,351,5957,86,75146,209,1218
120,8,351,595,86,74316,209,064
120,8,351,5942,86,73584,209,0127
120,8,351,594,86,73047,208,9688
120,8,351,5942,86,7251,208,8969
120,8,351,5942,86,7207,208,8396
120,8,351,5945,86,71631,208,7847
120,8,351,5945,86,71191,208,7289
120,8,351,5947,86,70703,208,6693
120,8,351,595,86,70166,208,6025
120,8,351,595,86,69727,208,5455
120,8,351,5952,86,69238,208,4834
120,8,351,5952,86,68848,208,4347
120,8,351,5955,86,68311,208,3624
120,8,351,5955,86,67822,208,3043
120,8,351,5957,86,67383,208,2482
120,8,351,5957,86,66992,208,1946
120,8,351,5959,86,66357,208,1168
120,8,351,5962,86,65967,208,0629
120,8,351,5962,86,65479,208,0057
120,8,351,5964,86,65088,207,9548
120,8,351,5964,86,64502,207,8789
120,8,351,5967,86,64014,207,8154
120,8,351,5967,86,63623,207,769
120,8,351,5969,86,63232,207,7158
120,8,351,5972,86,62598,207,635
120,8,351,5972,86,62158,207,5801
120,8,351,5974,86,61768,207,5306
120,8,351,5974,86,61328,207,4736
120,8,351,5977,86,60742,207,4003
120,8,351,5977,86,60449,207,3621
120,8,351,5979,86,59863,207,2856
120,8,351,5979,86,59424,207,2322
120,8,351,5981,86,58936,207,1729
120,8,351,5981,86,58496,207,115
120,8,351,5984,86,58105,207,0657
120,8,351,5984,86,57617,206,9991
120,8,351,5986,86,5708,206,9313
120,8,351,5989,86,56592,206,8746
120,8,351,5989,86,56201,206,8237
120,8,351,5991,86,55664,206,752
120,8,351,5991,86,55176,206,6923
120,8,351,5994,86,54785,206,6396
120,8,351,5994,86,54199,206,564
120,8,351,5996,86,5376,206,5107
120,8,351,5999,86,5332,206,4558
120,8,351,5999,86,52881,206,3981
120,8,351,6001,86,52295,206,3225
120,8,351,6001,86,51855,206,2677
120,8,351,6003,86,51367,206,2043
120,8,351,6003,86,50977,206,1567
120,8,351,6006,86,50439,206,0861
120,8,351,6008,86,49951,206,0264
120,8,351,6008,86,49512,205,9678
120,8,351,6008,86,49121,205,9197
120,8,351,6011,86,48535,205,8436
120,8,351,6013,86,48242,205,808
120,8,351,6013,86,47656,205,7318
120,8,351,6016,86,47217,205,6776
120,8,351,6018,86,46631,205,6035
120,8,351,6018,86,46338,205,5674
120,8,351,6018,86,45801,205,4962
120,8,351,6021,86,45264,205,4291
120,8,351,6023,86,44873,205,3799
120,8,351,6023,86,44336,205,3101
120,8,351,6025,86,43896,205,2562
120,8,351,6025,86,43604,205,2168
120,8,351,6025,86,43359,205,1895
120,8,351,6028,86,42432,205,069
120,8,351,603,86,42041,205,0157
120,8,351,6033,86,41602,204,9619
120,8,351,6033,86,41113,204,9025
120,8,351,6035,86,40576,204,8302
120,8,351,6035,86,40137,204,7776
120,8,351,6038,86,39697,204,7205
120,8,351,6038,86,39453,204,6892
120,8,351,6038,86,39453,204,6892
120,8,351,6038,86,39453,204,6892
120,8,351,6038,86,39453,204,6892
120,8,351,6038,86,39453,204,6892
120,8,351,6038,86,39453,204,6892
120,8,351,6038,86,39453,204,6892
120,8,351,6038,86,39453,204,6892
120,8,351,6038,86,39453,204,6892
120,8,351,6038,86,39453,204,6892
120,8,351,6038,86,39453,204,6892
120,8,351,6038,86,39453,204,6892
120,8,351,6038,86,39453,204,6892
120,8,351,6038,86,39453,204,6892
120,8,351,6038,86,39453,204,6892
120,8,351,6038,86,39453,204,6892
120,8,351,6038,86,39453,204,6892
120,8,351,6038,86,39453,204,6892
120,8,351,6038,86,39453,204,6892
120,8,351,6038,86,39453,204,6892
120,8,351,6038,86,39453,204,6892
120,8,351,6038,86,39453,204,6892
120,8,351,6038,86,39453,204,6892
120,8,351,6038,86,39453,204,6892
120,8,351,6038,86,39453,204,6892
120,8,351,6038,86,39453,204,6892
120,8,351,6038,86,39453,204,6892
120,8,351,6038,86,39453,204,6892
120,8,351,6038,86,39453,204,6892
120,8,351,6038,86,39453,204,6892
120,8,351,6038,86,39453,204,6892
120,8,351,6038,86,39453,204,6892
120,8,351,6038,86,39453,204,6892
120,8,351,6038,86,39453,204,6892
120,8,351,6038,86,39453,204,6892
120,8,351,6038,86,39453,204,6892
120,8,351,6038,86,39453,204,6892
120,8,351,6038,86,39453,204,6892
120,8,351,6038,86,39453,204,6892
120,8,351,6038,86,39453,204,6892
120,8,351,6038,86,39453,204,6892
120,8,351,6038,86,39453,204,6892
120,8,351,6038,86,39453,204,6892
120,8,351,6038,86,39453,204,6892
120,8,351,6038,86,39453,204,6892
120,8,351,6038,86,39453,204,6892
120,8,351,6038,86,39453,204,6892
120,8,351,6038,86,39453,204,6892
120,8,351,6038,86,39453,204,6892
120,8,351,6038,86,39453,204,6892
120,8,351,6038,86,39453,204,6892
120,8,351,6038,86,39453,204,6892
120,8,351,6038,86,39453,204,6892
120,8,351,6038,86,39453,204,6892
120,8,351,6038,86,39453,204,6892
120,8,351,6038,86,39453,204,6892
120,8,351,6038,86,39453,204,6892
120,8,351,6038,86,39453,204,6892
120,8,351,6038,86,39453,204,6892
120,8,351,6038,86,39453,204,6892
120,8,351,6038,86,39453,204,6892
120,8,351,6038,86,39453,204,6892
120,8,351,6038,86,39453,204,6892
120,8,351,6038,86,39453,204,6892
120,8,351,6038,86,39453,204,6892
120,8,351,6038,86,39453,204,6892
120,8,351,6038,86,39453,204,6892
120,8,351,6038,86,39453,204,6892
120,8,351,6038,86,39453,204,6892
120,8,351,6038,86,39453,204,6892
120,8,351,6038,86,39453,204,6892
120,8,351,6038,86,39453,204,6892
120,8,351,6038,86,39453,204,6892
120,8,351,6038,86,39453,204,6892
120,8,351,6038,86,39453,204,6892
120,8,351,6038,86,39453,204,6892
120,8,351,6038,86,39453,204,6892
120,8,351,6038,86,39453,204,6892
120,8,351,6038,86,39453,204,6892
120,8,351,6038,86,39453,204,6892
120,8,351,6038,86,39453,204,6892
120,8,351,6038,86,39453,204,6892
120,8,351,6038,86,39453,204,6892
120,8,351,6038,86,39453,204,6892
120,8,351,6038,86,39453,204,6892
120,8,351,6038,86,39453,204,6892
120,8,351,6038,86,39453,204,6892
120,8,351,6038,86,39453,204,6892
120,8,351,6038,86,39453,204,6892
120,8,351,6038,86,39453,204,6892
120,8,351,6038,86,39453,204,6892
120,8,351,6038,86,39453,204,6892
120,8,351,6038,86,39453,204,6892
120,8,351,6038,86,39453,204,6892
120,8,351,6038,86,39453,204,6892
120,8,351,6038,86,39453,204,6892
120,8,351,6038,86,39453,204,6892
120,8,351,6038,86,39453,204,6892
120,8,351,6038,86,39453,204,6892
120,8,351,6038,86,39453,204,6892
120,9,351,6052,86,39404,204,6659
120,9,351,6086,86,39307,204,6127
120,9,351,6133,86,3916,204,5402
120,9,351,6165,86,39063,204,4871
120,9,351,6201,86,38965,204,4294
120,9,351,6235,86,38867,204,3752
120,9,351,6284,86,38721,204,3005
120,9,351,6318,86,38574,204,2432
120,9,351,6353,86,38477,204,1896
120,9,351,6389,86,38379,204,1326
120,9,351,6436,86,38232,204,0583
120,9,351,6467,86,38135,204,007
120,9,351,6506,86,38037,203,9486
120,9,351,6541,86,37891,203,8943
120,9,351,6587,86,37793,203,8184
120,9,351,6621,86,37646,203,7661
120,9,351,666,86,37549,203,7034
120,9,351,6692,86,37451,203,655
120,9,351,6738,86,37305,203,5785
120,9,351,6775,86,37207,203,5219
120,9,351,6807,86,37109,203,4711
120,9,351,6843,86,37012,203,4153
120,9,351,689,86,36865,203,3408
120,9,351,6929,86,36719,203,2783
120,9,351,696,86,36621,203,2296
120,9,351,6995,86,36523,203,1738
120,9,351,7041,86,36377,203,0997
120,9,351,7078,86,36279,203,0447
120,9,351,7112,86,36182,202,9885
120,9,351,7148,86,36035,202,9309
120,9,351,7192,86,35938,202,8613
120,9,351,7229,86,35791,202,8035
120,9,351,7263,86,35693,202,7489
120,9,351,7297,86,35596,202,6951
120,9,351,7332,86,35498,202,6389
120,9,351,738,86,35352,202,5649
120,9,351,7422,86,35205,202,4995
120,9,351,7451,86,35107,202,4525
120,9,351,7485,86,3501,202,3971
120,9,351,7532,86,34863,202,3232
120,9,351,7566,86,34766,202,2683
120,9,351,76,86,34668,202,2139
120,9,351,7637,86,3457,202,1577
120,9,351,7683,86,34424,202,084
120,9,351,7717,86,34326,202,0283
120,9,351,7751,86,3418,201,9746
120,9,351,7788,86,34082,201,9183
120,9,351,7837,86,33936,201,8406
120,9,351,7876,86,33838,201,7788
120,9,351,7905,86,3374,201,7321
120,9,351,7947,86,33594,201,6681
120,9,351,7976,86,33496,201,6215
120,9,351,8022,86,33398,201,5471
120,9,351,8057,86,33252,201,4929
120,9,351,8093,86,33154,201,4352
120,9,351,8127,86,33057,201,3812
120,9,351,8174,86,3291,201,3082
120,9,351,821,86,32813,201,248
120,9,351,8245,86,32715,201,1946
120,9,351,8281,86,32568,201,1383
120,9,351,8325,86,32422,201,0668
120,9,351,8362,86,32324,201,0107
120,9,351,8396,86,32227,200,954
120,9,351,8438,86,32129,200,8911
120,9,351,8477,86,31982,200,8274
120,9,351,8513,86,31885,200,7703
120,9,351,8547,86,31787,200,7146
120,9,351,8586,86,31641,200,6563
120,9,351,8618,86,31543,200,6049
120,9,351,8665,86,31396,200,5306
120,9,351,8699,86,31299,200,4763
120,9,351,8735,86,31201,200,4194
120,9,351,877,86,31104,200,3655
120,9,351,8816,86,30957,200,2911
120,9,351,885,86,30859,200,2352
120,9,351,8887,86,30713,200,1805
120,9,351,8926,86,30762,200,1381
120,9,351,9011,86,30811,200,0583
120,9,351,9065,86,30859,200,0082
120,10,351,9124,86,30908,199,9508
120,10,351,9202,86,30957,199,8784
120,10,351,9241,86,30957,199,8411
120,10,351,9314,86,31006,199,7699
120,10,351,9375,86,31055,199,7135
120,10,351,9434,86,31104,199,657
120,10,351,9509,86,31152,199,5842
120,10,351,9568,86,31201,199,5286
120,10,351,9629,86,3125,199,4719
120,10,351,9685,86,31299,199,4187
120,10,351,9761,86,31348,199,3467
120,10,351,9832,86,31396,199,2799
120,10,351,9878,86,31445,199,2351
120,10,351,9939,86,31494,199,177
120,10,351,9995,86,31543,199,1248
120,10,352,0073,86,31592,199,0502
120,10,352,0132,86,31641,198,9941
120,10,352,019,86,31689,198,9395
120,10,352,0269,86,31738,198,8646
120,10,352,0327,86,31787,198,8096
120,10,352,0386,86,31836,198,7535
120,10,352,0442,86,31885,198,7007
120,10,352,0498,86,31934,198,6466
120,10,352,0579,86,31982,198,5704
120,10,352,0615,86,31982,198,5365
120,10,352,0701,86,3208,198,4559
120,10,352,0754,86,3208,198,4044
120,10,352,0833,86,32178,198,3308
120,10,352,0833,86,32178,198,3308
120,10,352,0852,86,32178,198,3108
120,10,352,1013,86,32275,198,1592
120,10,352,1072,86,32324,198,1024
120,10,352,115,86,32373,198,0299
120,10,352,1206,86,32422,197,975
120,10,352,1267,86,32471,197,9174
120,10,352,1328,86,3252,197,8601
120,10,352,1384,86,32568,197,8054
120,10,352,146,86,32617,197,7355
120,10,352,1523,86,32666,197,6737
120,10,352,1575,86,32715,197,6266
120,10,352,1633,86,32764,197,5691
120,10,352,1711,86,32813,197,4962
120,10,352,1768,86,32861,197,4419
120,10,352,1829,86,3291,197,386
120,10,352,1885,86,32959,197,3326
120,10,352,1965,86,33008,197,256
120,10,352,2024,86,33057,197,2007
120,10,352,208,86,33105,197,1455
120,10,352,2139,86,33105,197,0916
120,10,352,2197,86,33154,197,0358
120,10,352,2278,86,33252,196,9598
120,10,352,2332,86,33252,196,9072
120,10,352,2393,86,33301,196,8506
120,10,352,2471,86,33398,196,7762
120,10,352,2524,86,33398,196,724
120,10,352,2585,86,33447,196,6676
120,10,352,2644,86,33496,196,6116
120,10,352,2703,86,33545,196,5569
120,10,352,2776,86,33594,196,4854
120,10,352,2834,86,33643,196,4294
120,10,352,2896,86,33691,196,3723
120,10,352,2954,86,3374,196,3174
120,10,352,303,86,33789,196,2458
120,10,352,3096,86,33838,196,1827
120,10,352,3149,86,33887,196,132
120,10,352,3218,86,33936,196,0671
120,10,352,3267,86,33984,196,0198
120,10,352,3345,86,34033,195,9464
120,10,352,3389,86,34082,195,9048
120,10,352,3464,86,34131,195,833
120,10,352,3521,86,3418,195,7802
120,10,352,3582,86,3418,195,7231
120,10,352,3655,86,34326,195,6584
120,10,352,3723,86,34473,195,605
120,10,352,3792,86,34668,195,5511
120,10,352,3889,86,34912,195,4725
120,10,352,396,86,35059,195,4163
120,10,352,4026,86,35254,195,3649
120,10,352,4104,86,35449,195,301
120,10,352,4185,86,35645,195,2374
120,10,352,4258,86,35791,195,1801
120,10,352,4324,86,35986,195,127
120,10,352,4392,86,36133,195,072
120,10,352,4487,86,36377,194,9971
120,10,352,4558,86,36523,194,9418
120,10,352,4624,86,36719,194,8879
120,10,352,4697,86,36865,194,8313
120,10,352,4785,86,37109,194,76
120,10,352,4854,86,37256,194,7059
120,10,352,4924,86,37402,194,6504
120,10,352,5,86,37598,194,5906
120,10,352,5063,86,37793,194,5388
120,10,352,5161,86,37988,194,4626
120,10,352,5227,86,38184,194,4102
120,10,352,5293,86,3833,194,3568
120,10,352,5391,86,38574,194,2802
120,10,352,5459,86,38721,194,2253
120,10,352,5525,86,38916,194,172
120,10,352,5598,86,39063,194,1145
120,10,352,5667,86,39258,194,0604
120,10,352,5757,86,39453,193,9886
120,10,352,583,86,39648,193,9305
120,10,352,5894,86,39795,193,8795
120,10,352,5967,86,3999,193,822
120,10,352,6062,86,40186,193,7457
120,10,352,6118,86,40332,193,7019
120,10,352,6201,86,40527,193,6349
120,10,352,6272,86,40723,193,5784
120,10,352,6345,86,40918,193,5209
120,10,352,6409,86,41064,193,4697
120,10,352,6501,86,4126,193,3977
120,10,352,6572,86,41455,193,3416
120,10,352,6643,86,41602,193,2847
120,10,352,6733,86,41846,193,2122
120,10,352,6804,86,41992,193,1565
120,10,352,6875,86,42188,193,1008
120,10,352,6946,86,42383,193,0431
120,10,352,7012,86,42529,192,9919
120,10,352,7114,86,42773,192,9094
120,10,352,7173,86,4292,192,8634
120,10,352,7249,86,43115,192,803
120,10,352,7317,86,43262,192,7499
120,10,352,74,86,43457,192,6824
120,10,352,7473,86,43652,192,6255
120,10,352,7542,86,43799,192,5715
120,10,352,7634,86,44043,192,4969
120,10,352,7703,86,44189,192,442
120,10,352,7771,86,44385,192,3883
120,10,352,7842,86,44531,192,3315
120,10,352,791,86,44727,192,2778
120,10,352,8003,86,44922,192,2035
120,10,352,8049,86,45068,192,1681
120,10,352,8145,86,45264,192,0909
120,10,352,8218,86,45459,192,033
120,10,352,8286,86,45605,191,979
120,10,352,8379,86,4585,191,905
120,10,352,8459,86,46045,191,8403
120,10,352,8518,86,46191,191,7957
120,10,352,8589,86,46387,191,738
120,10,352,8682,86,46582,191,6652
120,10,352,8748,86,46777,191,6123
120,10,352,8823,86,46924,191,553
120,10,352,8889,86,47119,191,5001
120,10,352,8982,86,47314,191,4269
120,10,352,905,86,4751,191,3717
120,10,352,9133,86,47705,191,3064
120,10,352,9192,86,47852,191,2594
120,10,352,9258,86,47998,191,2073
120,10,352,9358,86,48291,191,1401
120,10,352,9443,86,48584,191,0896
120,10,352,9541,86,48926,191,0325
120,10,352,9636,86,49219,190,9777
120,10,352,9758,86,49658,190,9055
120,10,352,9856,86,5,190,8486
120,10,352,9944,86,50293,190,7971
120,10,353,0068,86,50684,190,7233
120,10,353,0164,86,51025,190,6678
120,10,353,0251,86,51318,190,6157
120,10,353,0344,86,51611,190,5612
120,10,353,0437,86,51953,190,507
120,10,353,0566,86,52393,190,4321
120,10,353,0659,86,52686,190,3778
120,10,353,075,86,52979,190,3236
120,10,353,085,86,5332,190,2655
120,10,353,0967,86,53711,190,1963
120,10,353,1062,86,54053,190,1404
120,10,353,1152,86,54346,190,0878
120,10,353,1248,86,54688,190,0317
120,10,353,134,86,5498,189,9775
120,10,353,1467,86,5542,189,9042
120,10,353,1558,86,55713,189,8506
120,10,353,1653,86,56006,189,7953
120,10,353,1763,86,56396,189,7302
120,10,353,187,86,56738,189,6676
120,10,353,196,86,5708,189,6138
120,10,353,2063,86,57422,189,5543
120,11,353,2153,86,57715,189,5016
120,11,353,2273,86,58105,189,4316
120,11,353,2366,86,58447,189,3761
120,11,353,2458,86,5874,189,3225
120,11,353,2556,86,59082,189,2648
120,11,353,2649,86,59375,189,2109
120,11,353,2778,86,59814,189,1344
120,11,353,2871,86,60156,189,0804
120,11,353,293,86,60352,189,0465
120,11,353,3022,86,60645,188,9915
120,11,353,3162,86,61133,188,9098
120,11,353,3267,86,61475,188,8484
120,11,353,3364,86,61816,188,7908
120,11,353,3457,86,62109,188,7363
120,11,353,3586,86,62549,188,6614
120,11,353,3672,86,62842,188,611
120,11,353,377,86,63184,188,5537
120,11,353,3828,86,63379,188,5189
120,11,353,3984,86,63867,188,4275
120,11,353,4075,86,64209,188,3743
120,11,353,4172,86,64502,188,3175
120,11,353,4294,86,64941,188,2465
120,11,353,4355,86,65137,188,2094
120,11,353,448,86,65576,188,1377
120,11,353,4578,86,65869,188,0798
120,11,353,467,86,66211,188,0248
120,11,353,4795,86,66602,187,9521
120,11,353,4885,86,66943,187,8988
120,11,353,4946,86,67139,187,8636
120,11,353,5088,86,67627,187,78
120,11,353,5164,86,67871,187,7356
120,11,353,5293,86,68311,187,6602
120,11,353,5388,86,68604,187,6052
120,11,353,5481,86,68945,187,5505
120,11,353,5601,86,69336,187,48
120,11,353,5701,86,69678,187,4211
120,11,353,5798,86,7002,187,3633
120,11,353,5884,86,70264,187,3145
120,11,353,6003,86,70703,187,2435
120,11,353,6099,86,70996,187,188
120,11,353,6191,86,71338,187,1331
120,11,353,6282,86,71631,187,0803
120,11,353,6406,86,7207,187,0068
120,11,353,6501,86,72363,186,9508
120,11,353,6597,86,72705,186,8962
120,11,353,6687,86,72998,186,8428
120,11,353,6816,86,73438,186,7676
120,11,353,6907,86,7373,186,7141
120,11,353,6997,86,74023,186,6605
120,11,353,7065,86,74268,186,621
120,11,353,7183,86,74805,186,5668
120,11,353,7339,86,75439,186,4954
120,11,353,7458,86,75977,186,4406
120,11,353,7576,86,76465,186,3873
120,11,353,7737,86,77197,186,3126
120,11,353,7856,86,77686,186,2584
120,11,353,7974,86,78223,186,2046
120,11,353,8088,86,78711,186,1519
120,11,353,8208,86,79248,186,0972
120,11,353,8359,86,79883,186,0273
120,11,353,8477,86,8042,185,9733
120,11,353,8599,86,80908,185,9177
120,11,353,8718,86,81445,185,863
120,11,353,8882,86,82178,185,7875
120,11,353,8992,86,82666,185,7369
120,11,353,9114,86,83154,185,6813
120,11,353,9231,86,83691,185,6274
120,11,353,9382,86,84326,185,5585
120,11,353,95,86,84863,185,505
120,11,353,9622,86,85352,185,4485
120,11,353,9734,86,85889,185,3965
120,11,353,9851,86,86377,185,3427
120,11,354,0017,86,87109,185,2676
120,11,354,0127,86,87598,185,2164
120,11,354,0247,86,88086,185,1613
120,11,354,041,86,88818,185,087
120,11,354,0505,86,89209,185,0428
120,11,354,0613,86,89697,184,9944
120,11,354,0691,86,90039,184,958
120,11,354,085,86,90723,184,8854
120,11,354,1008,86,91406,184,8125
120,11,354,1162,86,9209,184,7419
120,11,354,1277,86,92578,184,689
120,11,354,1394,86,93066,184,6354
120,11,354,1516,86,93604,184,5792
120,11,354,1672,86,94287,184,5071
120,11,354,1792,86,94824,184,4531
120,11,354,1912,86,95313,184,3984
120,11,354,2029,86,9585,184,3445
120,11,354,2148,86,96338,184,2891
120,11,354,23,86,97021,184,2202
120,11,354,2417,86,9751,184,1659
120,11,354,2537,86,98047,184,111
120,11,354,2654,86,98535,184,0581
120,11,354,2815,86,99268,183,9841
120,11,354,2937,86,99756,183,9281
120,11,354,3047,87,00244,183,8774
120,11,354,3201,87,00928,183,8066
120,11,354,3347,87,01563,183,74
120,11,354,3442,87,02002,183,6953
120,11,354,3557,87,0249,183,6432
120,11,354,3672,87,02979,183,5902
120,11,354,3789,87,03467,183,5366
120,11,354,3948,87,04199,183,464
120,11,354,4067,87,04688,183,4088
120,11,354,4182,87,05176,183,3561
120,11,354,4343,87,05908,183,2823
120,11,354,446,87,06396,183,2288
120,11,354,4575,87,06885,183,1759
120,11,354,4695,87,07422,183,1212
120,11,354,4854,87,08105,183,0486
120,11,354,4971,87,08643,182,995
120,11,354,5088,87,09131,182,9409
120,11,354,521,87,09668,182,885
120,11,354,5369,87,10352,182,812
120,11,354,5483,87,1084,182,7595
120,11,354,5613,87,11426,182,6995
120,11,354,5723,87,11865,182,65
120,11,354,5872,87,12549,182,5814
120,11,354,5994,87,13086,182,5254
120,11,354,6111,87,13574,182,4718
120,11,354,6223,87,14063,182,4196
120,11,354,6345,87,146,182,3646
120,11,354,6501,87,15283,182,292
120,11,354,658,87,15625,182,257
120,11,354,6736,87,16309,182,1843
120,11,354,6858,87,16846,182,1292
120,11,354,7043,87,17578,182,0754
120,11,354,7234,87,18311,182,0222
120,12,354,7449,87,19141,181,9611
120,12,354,7595,87,19727,181,9194
120,12,354,7847,87,20703,181,8488
120,12,354,8042,87,21484,181,7935
120,12,354,821,87,22168,181,7461
120,12,354,8398,87,229,181,6929
120,12,354,8582,87,23633,181,6411
120,12,354,8826,87,24561,181,572
120,12,354,9021,87,25342,181,5171
120,12,354,9192,87,26025,181,4689
120,12,354,9438,87,27002,181,399
120,12,354,9617,87,27686,181,3484
120,12,354,98,87,28418,181,2969
120,12,354,9988,87,2915,181,2441
120,12,355,0227,87,30078,181,176
120,12,355,0417,87,30859,181,1222
120,12,355,0603,87,31592,181,0701
120,12,355,0793,87,32324,181,0165
120,12,355,0911,87,32764,180,9834
120,12,355,1218,87,33984,180,896
120,12,355,1399,87,34717,180,845
120,12,355,1594,87,35498,180,79
120,12,355,176,87,36133,180,7428
120,12,355,2007,87,37109,180,6733
120,12,355,2192,87,37842,180,6211
120,12,355,2383,87,38574,180,5669
120,12,355,2556,87,39258,180,5178
120,12,355,2815,87,40283,180,4448
120,12,355,2996,87,41016,180,3939
120,12,355,3176,87,41699,180,3429
120,12,355,3359,87,42432,180,2913
120,12,355,3604,87,43408,180,2223
120,12,355,3782,87,44092,180,1716
120,12,355,3848,87,44336,180,1531
120,12,355,4119,87,4541,180,0767
120,12,355,425,87,45947,180,0391
120,12,355,4487,87,46875,179,9728
120,12,355,4797,87,48096,179,8846
120,12,355,4985,87,48828,179,8317
120,12,355,5164,87,49512,179,7817
120,12,355,5378,87,50391,179,7205
120,12,355,5527,87,50977,179,6785
120,12,355,5776,87,51953,179,6082
120,12,355,5972,87,52734,179,5533
120,12,355,614,87,53369,179,5057
120,12,355,6389,87,54346,179,4353
120,12,355,6575,87,55078,179,3824
120,12,355,6755,87,55811,179,3318
120,12,355,6946,87,56543,179,2777
120,12,355,7185,87,57471,179,2107
120,12,355,7368,87,58203,179,1584
120,12,355,7549,87,58936,179,1074
120,12,355,7749,87,59717,179,0508
120,12,355,7915,87,60352,179,0039
120,12,355,8162,87,61328,178,9341
120,12,355,835,87,62061,178,8813
120,12,355,8533,87,62793,178,8298
120,12,355,8723,87,63574,178,7758
120,12,355,896,87,64502,178,7087
120,12,355,9143,87,65186,178,6575
120,12,355,9329,87,65918,178,6045
120,12,355,9519,87,66699,178,551
120,12,355,9756,87,67627,178,4843
120,12,355,9941,87,68359,178,4318
120,12,356,0125,87,69043,178,3802
120,12,356,0317,87,69824,178,3251
120,12,356,0435,87,70313,178,292
120,12,356,0745,87,71533,178,2046
120,12,356,092,87,72217,178,1627
120,12,356,1128,87,72998,178,1144
120,12,356,1411,87,74072,178,0481
120,12,356,1631,87,74951,177,9968
120,12,356,1838,87,75732,177,9481
120,12,356,2063,87,76611,177,8958
120,12,356,2278,87,77441,177,8455
120,12,356,2493,87,78271,177,7953
120,12,356,2729,87,79199,177,7396
120,12,356,2991,87,80176,177,6785
120,12,356,3289,87,81348,177,6089
120,12,356,3494,87,82129,177,5613
120,12,356,3733,87,83057,177,5052
120,12,356,3926,87,83789,177,4602
120,12,356,4148,87,84668,177,408
120,12,356,4434,87,85742,177,3413
120,12,356,4644,87,86572,177,2926
120,12,356,4863,87,87402,177,2408
120,12,356,5085,87,88281,177,1888
120,12,356,5376,87,89404,177,1208
120,12,356,5588,87,90234,177,0718
120,12,356,5801,87,91016,177,022
120,12,356,6025,87,91895,176,9695
120,12,356,623,87,92725,176,9213
120,12,356,6521,87,93799,176,8536
120,12,356,678,87,94824,176,7928
120,12,356,6951,87,95459,176,7529
120,12,356,7244,87,96631,176,6848
120,12,356,7468,87,97461,176,6317
120,12,356,7603,87,97998,176,6008
120,12,356,7898,87,99121,176,5317
120,12,356,8103,87,99951,176,4833
120,12,356,8391,88,01025,176,4163
120,12,356,8608,88,01855,176,3656
120,12,356,8826,88,02734,176,3146
120,12,356,8904,88,03027,176,2963
120,12,356,9194,88,0415,176,2283
120,12,356,9475,88,05225,176,1631
120,12,356,9617,88,05762,176,1298
120,12,356,9998,88,07227,176,0406
120,12,357,0266,88,08301,175,9781
120,12,357,0481,88,09131,175,928
120,12,357,0696,88,09961,175,8777
120,12,357,0918,88,10791,175,8257
120,12,357,1194,88,11865,175,761
120,12,357,1418,88,12744,175,7087
120,12,357,1631,88,13574,175,6589
120,12,357,1858,88,14404,175,6062
120,12,357,2139,88,15527,175,5403
120,12,357,2366,88,16406,175,4869
120,12,357,2585,88,17236,175,436
120,12,357,2791,88,18018,175,3876
120,12,357,3074,88,19141,175,3217
120,12,357,3296,88,19971,175,2698
120,12,357,3503,88,20801,175,2209
120,12,357,3718,88,21631,175,1711
120,12,357,4014,88,22754,175,1019
120,12,357,4233,88,23584,175,0503
120,12,357,4443,88,24414,175,0013
120,13,357,4666,88,25293,174,9493
120,13,357,489,88,26123,174,8972
120,13,357,5168,88,27197,174,832
120,13,357,5378,88,28027,174,7828
120,13,357,5593,88,28857,174,7323
120,13,357,5811,88,29688,174,6818
120,13,357,6113,88,30859,174,6112
120,13,357,6316,88,31641,174,5635
120,13,357,6533,88,32471,174,5129
120,13,357,6758,88,3335,174,4603
120,13,357,7034,88,34424,174,396
120,13,357,7258,88,35303,174,3434
120,13,357,7471,88,36084,174,2935
120,13,357,7681,88,36914,174,2446
120,13,357,7896,88,37744,174,1946
120,13,357,8186,88,38867,174,1262
120,13,357,8418,88,39697,174,0802
120,13,357,8667,88,40576,174,0328
120,13,357,9004,88,41748,173,9686
120,13,357,9302,88,42773,173,9119
120,13,357,9519,88,43555,173,8705
120,13,357,9812,88,4458,173,8147
120,13,358,0022,88,45313,173,7747
120,13,358,0364,88,46484,173,7096
120,13,358,0615,88,47363,173,6616
120,13,358,0872,88,48242,173,613
120,13,358,1118,88,49121,173,566
120,13,358,1462,88,50342,173,5007
120,13,358,1721,88,51221,173,4514
120,13,358,1975,88,521,173,403
120,13,358,2236,88,53027,173,3534
120,13,358,2563,88,5415,173,291
120,13,358,2742,88,54785,173,2568
120,13,358,3071,88,55957,173,1945
120,13,358,3337,88,56885,173,1439
120,13,358,3586,88,57764,173,0962
120,13,358,3928,88,58936,173,0314
120,13,358,4182,88,59814,172,9827
120,13,358,4446,88,60742,172,9327
120,13,358,4778,88,61914,172,8693
120,13,358,5034,88,62793,172,8206
120,13,358,5291,88,63721,172,7717
120,13,358,5544,88,646,172,7233
120,13,358,5879,88,65771,172,6598
120,13,358,614,88,6665,172,6104
120,13,358,6392,88,67529,172,5624
120,13,358,6687,88,68555,172,5061
120,13,358,6902,88,69336,172,465
120,13,358,7251,88,70557,172,3986
120,13,358,751,88,71436,172,3495
120,13,358,7764,88,72314,172,3013
120,13,358,8015,88,73242,172,2529
120,13,358,8357,88,74414,172,188
120,13,358,8606,88,75293,172,1407
120,13,358,886,88,76172,172,0923
120,13,358,9114,88,77051,172,0438
120,13,358,9453,88,78223,171,9792
120,13,358,9707,88,7915,171,9309
120,13,358,9993,88,80127,171,8767
120,13,359,0278,88,81104,171,8225
120,13,359,0566,88,82129,171,7676
120,13,359,0818,88,83008,171,7198
120,13,359,1079,88,83936,171,6698
120,13,359,1321,88,84766,171,624
120,13,359,1658,88,85938,171,5598
120,13,359,1917,88,86865,171,5105
120,13,359,2168,88,87744,171,4626
120,13,359,2434,88,88672,171,412
120,13,359,2773,88,89844,171,3475
120,13,359,304,88,90771,171,2969
120,13,359,3279,88,91602,171,251
120,13,359,3547,88,92529,171,2001
120,13,359,3801,88,93457,171,1516
120,13,359,4133,88,9458,171,0886
120,13,359,4387,88,95459,171,04
120,13,359,4636,88,96338,170,9927
120,13,359,4895,88,97266,170,9436
120,13,359,5164,88,98193,170,8925
120,13,359,5491,88,99316,170,8303
120,13,359,5759,89,00293,170,7789
120,13,359,6079,89,01367,170,7181
120,13,359,634,89,02295,170,6682
120,13,359,6594,89,03174,170,62
120,13,359,6707,89,03564,170,5985
120,13,359,7014,89,04639,170,54
120,13,359,719,89,05273,170,5066
120,13,359,7576,89,06641,170,4331
120,13,359,7869,89,07617,170,3777
120,13,359,8206,89,08838,170,3131
120,13,359,853,89,09863,170,2635
120,13,359,8826,89,10742,170,2192
120,13,359,9138,89,11719,170,1722
120,13,359,9443,89,12695,170,1261
120,13,359,9834,89,13916,170,0674
120,13,360,0134,89,14844,170,0222
120,13,360,0503,89,16016,169,9668
120,13,360,0762,89,16846,169,9275
120,13,360,1152,89,18066,169,8688
120,13,360,1353,89,18652,169,8386
120,13,360,1748,89,19922,169,7791
120,13,360,2063,89,20898,169,7317
120,13,360,2371,89,21875,169,6855
120,13,360,2759,89,23096,169,6268
120,13,360,3064,89,24023,169,5808
120,13,360,3367,89,25,169,5354
120,13,360,3674,89,25928,169,4893
120,13,360,408,89,27197,169,4281
120,13,360,4382,89,28174,169,3824
120,13,360,468,89,29102,169,3375
120,13,360,4983,89,30029,169,292
120,13,360,5391,89,31299,169,2307
120,13,360,5708,89,32324,169,1829
120,13,360,6021,89,33301,169,1357
120,13,360,6299,89,3418,169,0938
120,13,360,6711,89,35449,169,0317
120,13,360,7002,89,36377,168,988
120,13,360,7307,89,37305,168,942
120,13,360,7617,89,38281,168,8956
120,13,360,8018,89,39551,168,8351
120,13,360,8318,89,40479,168,7898
120,13,360,8616,89,41406,168,7452
120,13,360,8931,89,42383,168,6976
120,13,360,9321,89,43604,168,6388
120,13,360,9629,89,4458,168,5924
120,13,360,9924,89,45508,168,5479
120,13,361,0291,89,46631,168,4929
120,13,361,0537,89,47412,168,4559
120,13,361,0935,89,48682,168,396
120,13,361,1248,89,49658,168,349
120,14,361,1548,89,50586,168,3036
120,14,361,1851,89,51514,168,2581
120,14,361,2249,89,52783,168,1981
120,14,361,2454,89,53418,168,1675
120,14,361,2791,89,54492,168,1165
120,14,361,3162,89,55615,168,0605
120,14,361,3562,89,56885,168,0005
120,14,361,3867,89,57861,167,9543
120,14,361,4172,89,58789,167,9084
120,14,361,4475,89,59766,167,863
120,14,361,4875,89,60986,167,8025
120,14,361,5183,89,61963,167,7566
120,14,361,5493,89,62939,167,7097
120,14,361,5789,89,63867,167,6652
120,14,361,6194,89,65137,167,604
120,14,361,6497,89,66064,167,5586
120,14,361,6797,89,66992,167,5134
120,14,361,71,89,67969,167,4678
120,14,361,7307,89,68604,167,4364
120,14,361,7813,89,70166,167,3605
120,14,361,8105,89,71094,167,3162
120,14,361,8411,89,7207,167,2701
120,14,361,8723,89,73047,167,2231
120,14,361,9109,89,74268,167,165
120,14,361,9412,89,75195,167,1195
120,14,361,9739,89,76221,167,0706
120,14,362,002,89,771,167,0281
120,14,362,0425,89,78369,166,967
120,14,362,0669,89,7915,166,9303
120,14,362,1038,89,80273,166,875
120,14,362,1333,89,81201,166,8303
120,14,362,1748,89,8252,166,7679
120,14,362,2068,89,83496,166,7197
120,14,362,2283,89,8418,166,6874
120,14,362,2588,89,85205,166,6389
120,14,362,2856,89,86133,166,5963
120,14,362,3254,89,87451,166,5333
120,14,362,3552,89,88477,166,4863
120,14,362,3831,89,89404,166,4421
120,14,362,4229,89,90771,166,3789
120,14,362,4526,89,91748,166,3318
120,14,362,4858,89,92871,166,2791
120,14,362,5105,89,93701,166,2401
120,14,362,5483,89,9502,166,1801
120,14,362,5789,89,96045,166,1317
120,14,362,5989,89,96729,166,0999
120,14,362,6294,89,97754,166,0516
120,14,362,6653,89,98975,165,9946
120,14,362,7048,90,00293,165,932
120,14,362,7361,90,01367,165,8822
120,14,362,762,90,02246,165,8413
120,14,362,802,90,03613,165,7777
120,14,362,8311,90,0459,165,7317
120,14,362,8594,90,05518,165,6871
120,14,362,8887,90,06543,165,6406
120,14,362,9202,90,07568,165,5905
120,14,362,9578,90,08838,165,5311
120,14,362,9778,90,09521,165,4995
120,14,363,0154,90,10791,165,4395
120,14,363,0349,90,11475,165,4087
120,14,363,084,90,13135,165,3308
120,14,363,104,90,13818,165,2993
120,14,363,1477,90,15283,165,23
120,14,363,1721,90,16113,165,1912
120,14,363,2104,90,17383,165,1305
120,14,363,2383,90,18359,165,0862
120,14,363,2678,90,19336,165,0393
120,14,363,2976,90,20361,164,9923
120,14,363,3359,90,21631,164,9314
120,14,363,3657,90,22656,164,8843
120,14,363,3955,90,23682,164,837
120,14,363,4246,90,24658,164,7909
120,14,363,4629,90,25928,164,7302
120,14,363,4924,90,26953,164,6833
120,14,363,5217,90,2793,164,6371
120,14,363,5557,90,29102,164,583
120,14,363,5793,90,29883,164,5457
120,14,363,6189,90,31201,164,483
120,15,363,6467,90,32178,164,4387
120,15,363,6772,90,33203,164,3903
120,15,363,7051,90,34131,164,3464
120,15,363,7444,90,35449,164,2838
120,15,363,7756,90,36523,164,2345
120,15,363,8037,90,375,164,1898
120,15,363,823,90,38135,164,1595
120,15,363,8713,90,39746,164,0829
120,15,363,9001,90,40723,164,0369
120,15,363,9294,90,41748,163,9906
120,15,363,959,90,42725,163,9437
120,15,363,988,90,43701,163,8979
120,15,364,022,90,44873,163,8439
120,15,364,0481,90,45752,163,8025
120,15,364,0876,90,4707,163,7399
120,15,364,1143,90,47998,163,6978
120,15,364,1533,90,49316,163,6357
120,15,364,1833,90,50293,163,5883
120,15,364,2107,90,51221,163,5448
120,15,364,2424,90,52344,163,4944
120,15,364,2803,90,53613,163,4346
120,15,364,3103,90,5459,163,387
120,15,364,3403,90,55615,163,3395
120,15,364,3691,90,56592,163,2936
120,15,364,4077,90,5791,163,2323
120,15,364,4341,90,58789,163,1907
120,15,364,4597,90,59668,163,15
120,15,364,4895,90,60596,163,1064
120,15,364,531,90,61914,163,0461
120,15,364,5623,90,62891,163,0006
120,15,364,5933,90,63818,162,9558
120,15,364,6335,90,65088,162,8969
120,15,364,6653,90,66064,162,8506
120,15,364,696,90,67041,162,806
120,15,364,728,90,68018,162,7595
120,15,364,7576,90,68945,162,7163
120,15,364,7776,90,6958,162,6871
120,15,364,835,90,71387,162,6039
120,15,364,8596,90,72119,162,568
120,15,364,8914,90,73145,162,5217
120,15,364,9338,90,74463,162,4598
120,15,364,9644,90,75391,162,4153
120,15,364,9973,90,76416,162,3673
120,15,365,0273,90,77344,162,3237
120,15,365,0667,90,78613,162,2665
120,15,365,0977,90,79541,162,2214
120,15,365,1296,90,80566,162,1748
120,15,365,1619,90,81543,162,1279
120,15,365,1909,90,82471,162,0856
120,15,365,2334,90,83789,162,0239
120,15,365,2583,90,8457,161,9877
120,15,365,2959,90,85742,161,9327
120,15,365,3257,90,8667,161,8895
120,15,365,3679,90,87988,161,8279
120,15,365,3977,90,88916,161,7848
120,15,365,4302,90,89941,161,7374
120,15,365,4612,90,90869,161,6924
120,15,365,5002,90,9209,161,6353
120,15,365,5315,90,93066,161,5898
120,15,365,563,90,94043,161,5441
120,15,365,594,90,9502,161,4989
120,15,365,6355,90,96338,161,4386
120,15,365,6677,90,97314,161,3917
120,15,365,7007,90,9834,161,3438
120,15,365,7283,90,99219,161,3033
120,15,365,7693,91,00488,161,2438
120,15,365,801,91,01465,161,1976
120,15,365,8306,91,02393,161,1547
120,15,365,8613,91,03369,161,1097
120,15,365,9031,91,04688,161,049
120,15,365,9331,91,05615,161,0054
120,15,365,9609,91,06494,160,9648
120,15,365,9951,91,0752,160,915
120,15,366,0369,91,08838,160,8541
120,15,366,0676,91,09814,160,8094
120,15,366,0984,91,10742,160,7646
120,15,366,1357,91,11914,160,7102
120,15,366,1609,91,12695,160,6736
120,15,366,1919,91,13672,160,6284
120,15,366,2336,91,1499,160,5677
120,15,366,2651,91,15967,160,522
120,15,366,2959,91,16895,160,4772
120,15,366,3372,91,18213,160,417
120,15,366,3677,91,19141,160,3727
120,15,366,3989,91,20117,160,3271
120,15,366,4395,91,21387,160,2683
120,15,366,4705,91,22363,160,2229
120,15,366,5015,91,2334,160,178
120,15,366,5327,91,24316,160,1324
120,15,366,5637,91,25244,160,0873
120,15,366,6047,91,26563,160,0278
120,15,366,6367,91,27539,159,9812
120,15,366,6689,91,28564,159,9343
120,15,366,6982,91,29443,159,8914
120,15,366,7388,91,30713,159,8326
120,15,366,7705,91,31689,159,7864
120,15,366,8018,91,32715,159,7407
120,15,366,832,91,33643,159,6969
120,15,366,8728,91,34912,159,6373
120,15,366,9045,91,35889,159,5913
120,15,366,9348,91,36816,159,547
120,15,366,9592,91,37598,159,5116
120,15,366,991,91,38672,159,4677
120,15,367,0354,91,40088,159,4065
120,15,367,0684,91,41211,159,3607
120,15,367,0989,91,42188,159,3188
120,15,367,1394,91,43555,159,2626
120,15,367,1733,91,44678,159,2158
120,15,367,2039,91,45703,159,1735
120,15,367,2363,91,46777,159,1289
120,15,367,2678,91,47803,159,0853
120,15,367,3115,91,49219,159,0249
120,15,367,3435,91,50293,158,9807
120,15,367,3752,91,51367,158,937
120,15,367,407,91,52393,158,8929
120,15,367,4387,91,53467,158,849
120,15,367,4812,91,54834,158,7904
120,15,367,5129,91,55908,158,7467
120,15,367,5486,91,5708,158,6974
120,15,367,5769,91,58008,158,6582
120,15,367,6199,91,59424,158,5989
120,15,367,6519,91,60498,158,5547
120,15,367,6838,91,61572,158,5104
120,15,367,7263,91,62939,158,4517
120,15,367,7581,91,64014,158,408
120,15,367,7898,91,65039,158,364
120,15,367,822,91,66113,158,3196
120,15,367,8652,91,67529,158,2599
120,15,367,8865,91,68262,158,2307
120,15,367,9282,91,69629,158,1729
120,15,367,9619,91,70752,158,1263
120,15,367,9946,91,71826,158,0812
120,15,368,0371,91,73242,158,0225
120,16,368,0684,91,74268,157,9791
120,16,368,1011,91,75342,157,9341
120,16,368,1316,91,76367,157,8917
120,16,368,1743,91,77783,157,8329
120,16,368,2058,91,78809,157,7894
120,16,368,2385,91,79883,157,7444
120,16,368,2703,91,80957,157,7003
120,16,368,3125,91,82324,157,6421
120,16,368,3335,91,83008,157,6129
120,16,368,3723,91,84326,157,5593
120,16,368,4087,91,85498,157,5092
120,16,368,4402,91,86572,157,4656
120,16,368,4832,91,87988,157,4063
120,16,368,5156,91,89063,157,3613
120,16,368,5464,91,90088,157,3187
120,16,368,5906,91,91504,157,2577
120,16,368,6221,91,92578,157,2141
120,16,368,6531,91,93604,157,1714
120,16,368,6877,91,94727,157,1235
120,16,368,7295,91,96094,157,0658
120,16,368,7612,91,97168,157,0222
120,16,368,7927,91,98193,156,9784
120,16,368,8286,91,99365,156,9291
120,16,368,8672,92,00684,156,8757
120,16,368,8889,92,01367,156,8457
120,16,368,9307,92,02783,156,7881
120,16,368,9629,92,03809,156,7434
120,16,368,9951,92,04883,156,699
120,16,369,0378,92,06299,156,64
120,16,369,0696,92,07373,156,5959
120,16,369,1023,92,08447,156,5508
120,16,369,1345,92,09521,156,5065
120,16,369,1758,92,1084,156,4495
120,16,369,2078,92,11914,156,4053
120,16,369,2415,92,13037,156,3585
120,16,369,2783,92,14258,156,3077
120,16,369,3147,92,15479,156,2576
120,16,369,3464,92,16504,156,2136
120,16,369,3796,92,17627,156,1675
120,16,369,4102,92,18604,156,1255
120,16,369,4536,92,20068,156,0657
120,16,369,4863,92,21143,156,0204
120,16,369,5166,92,22119,155,9785
120,16,369,5488,92,23193,155,9338
120,16,369,592,92,24609,155,8744
120,16,369,6233,92,25684,155,8309
120,16,369,6558,92,26709,155,7864
120,16,369,6787,92,2749,155,7545
120,16,369,7292,92,29736,155,698
120,16,369,7632,92,3125,155,66
120,16,369,7969,92,32764,155,6224
120,16,369,834,92,34424,155,5809
120,16,369,8801,92,36523,155,5293
120,16,369,9158,92,38086,155,4895
120,16,369,9504,92,39648,155,4507
120,16,369,9871,92,4126,155,4099
120,16,370,022,92,42871,155,3707
120,16,370,0688,92,44971,155,3184
120,16,370,1042,92,46533,155,2787
120,16,370,1404,92,48145,155,2384
120,16,370,1763,92,49756,155,1982
120,16,370,2251,92,51953,155,1437
120,16,370,2583,92,53418,155,1066
120,16,370,2939,92,55029,155,0669
120,16,370,3303,92,56641,155,0261
120,16,370,3757,92,58691,154,9755
120,16,370,4126,92,60303,154,9343
120,16,370,4475,92,61865,154,8953
120,16,370,4839,92,63525,154,8545
120,16,370,5315,92,65625,154,8013
120,16,370,5667,92,67236,154,7618
120,16,370,6033,92,68848,154,7211
120,16,370,6379,92,7041,154,6821
120,16,370,6838,92,72461,154,6309
120,16,370,7263,92,74365,154,5834
120,16,370,7554,92,75635,154,5511
120,16,370,79,92,77197,154,5122
120,16,370,8398,92,79443,154,4565
120,16,370,8748,92,81006,154,4177
120,16,370,9114,92,82617,154,3767
120,16,370,9456,92,8418,154,3385
120,16,370,981,92,85742,154,2987
120,16,371,0276,92,87842,154,2468
120,16,371,0632,92,89404,154,207
120,16,371,0991,92,91016,154,1669
120,16,371,1335,92,92578,154,1282
120,16,371,1699,92,94189,154,0878
120,16,371,2236,92,96582,154,0277
120,16,371,2532,92,97949,153,9946
120,16,371,2878,92,99463,153,9557
120,16,371,3369,93,0166,153,901
120,16,371,3718,93,03223,153,8618
120,16,371,4067,93,04785,153,823
120,16,371,4436,93,06445,153,7817
120,16,371,4775,93,07959,153,7438
120,16,371,5239,93,10059,153,692
120,16,371,5613,93,11719,153,65
120,16,371,5957,93,13281,153,6116
120,16,371,6438,93,1543,153,5579
120,16,371,6809,93,17041,153,5166
120,16,371,7021,93,18018,153,4927
120,16,371,7534,93,20313,153,4354
120,16,371,7871,93,21826,153,3977
120,16,371,8232,93,23438,153,3573
120,16,371,8689,93,25488,153,3062
120,16,371,9109,93,27344,153,2593
120,16,371,9402,93,28662,153,2267
120,16,371,9885,93,30811,153,1726
120,16,372,0247,93,32471,153,1321
120,16,372,0591,93,33984,153,0938
120,16,372,0945,93,35547,153,0542
120,16,372,1416,93,37695,153,0015
120,16,372,1765,93,39258,152,9625
120,16,372,2019,93,40381,152,934
120,16,372,2463,93,42383,152,8843
120,16,372,2842,93,44043,152,8423
120,16,372,3191,93,45605,152,8032
120,16,372,3655,93,47705,152,7512
120,16,372,386,93,49023,152,7244
120,16,372,4185,93,51123,152,6815
120,16,372,448,93,53027,152,6426
120,16,372,4792,93,55029,152,6016
120,16,372,5012,93,56445,152,5726
120,16,372,543,93,59131,152,5178
120,16,372,5837,93,61768,152,4639
120,16,372,6147,93,63721,152,4232
120,16,372,6472,93,6582,152,3805
120,16,372,6917,93,68701,152,3221
120,16,372,7314,93,7124,152,2698
120,16,372,7627,93,73242,152,2286
120,16,372,7932,93,75244,152,1882
120,16,372,8137,93,76563,152,1614
120,16,372,8662,93,79932,152,0924
120,16,372,8765,93,80566,152,0789
120,16,372,9187,93,83301,152,0233
120,16,372,9502,93,85303,151,9819
120,16,372,9812,93,87305,151,941
120,16,373,0327,93,90625,151,8733
120,16,373,054,93,91992,151,8451
120,16,373,0957,93,94678,151,7904
120,16,373,1216,93,96387,151,7561
120,16,373,1597,93,98828,151,7061
120,16,373,1902,94,00781,151,6661
120,16,373,2317,94,03467,151,6113
120,16,373,2529,94,04834,151,5835
120,16,373,3042,94,08105,151,5157
120,16,373,3411,94,10498,151,4673
120,16,373,3669,94,12158,151,4335
120,16,373,3999,94,14307,151,3899
120,16,373,4407,94,16895,151,3362
120,16,373,4714,94,18896,151,2957
120,16,373,5042,94,20996,151,2528
120,16,373,5347,94,22949,151,2126
120,16,373,5776,94,25732,151,156
120,16,373,6067,94,27588,151,1178
120,16,373,6379,94,2959,151,0767
120,16,373,6692,94,31641,151,0354
120,16,373,7124,94,34375,150,9788
120,16,373,7434,94,36377,150,9379
120,16,373,7754,94,38477,150,8956
120,16,373,8059,94,4043,150,8556
120,16,373,8467,94,43066,150,802
120,16,373,8784,94,45068,150,7603
120,16,373,9104,94,47168,150,718
120,16,373,9414,94,4917,150,6772
120,16,373,9724,94,51123,150,6364
120,16,374,0132,94,5376,150,5829
120,16,374,0447,94,55811,150,5414
120,16,374,0769,94,57861,150,499
120,16,374,1077,94,59863,150,4584
120,16,374,1501,94,62598,150,4026
120,16,374,1831,94,64697,150,3593
120,16,374,2136,94,6665,150,3191
120,16,374,2441,94,68652,150,2788
120,16,374,2864,94,71338,150,2235
120,16,374,3167,94,73291,150,1836
120,16,374,3474,94,75293,150,1431
120,16,374,3787,94,77295,150,1018
120,16,374,4211,94,80029,150,0458
120,16,374,4558,94,82275,150,0001
120,16,374,4839,94,84082,149,9634
120,16,374,5151,94,86084,149,9222
120,16,374,5564,94,88721,149,8679
120,16,374,5879,94,90771,149,8267
120,16,374,6194,94,92773,149,785
120,16,374,6506,94,94775,149,744
120,16,374,6826,94,96875,149,7019
120,16,374,7124,94,98779,149,6626
120,16,374,7544,95,01465,149,6073
120,16,374,7866,95,03564,149,5652
120,16,374,8276,95,06201,149,5111
120,16,374,8591,95,08203,149,4697
120,16,374,8933,95,10449,149,4244
120,16,374,9221,95,12256,149,3868
120,16,374,9526,95,14258,149,3464
120,16,374,9946,95,16943,149,2913
120,16,375,0261,95,18994,149,2496
120,16,375,0569,95,20947,149,2092
120,16,375,0999,95,2373,149,1527
120,16,375,1313,95,25732,149,1113
120,16,375,1621,95,27734,149,0708
120,16,375,1797,95,28711,149,0507
120,16,375,2251,95,31152,149,0007
120,16,375,2717,95,33643,148,949
120,16,375,3054,95,35498,148,9116
120,16,375,3447,95,37598,148,8683
120,16,375,376,95,39258,148,8337
120,16,375,4001,95,40576,148,8071
120,16,375,4397,95,42725,148,7634
120,16,375,4976,95,45801,148,6995
120,16,375,5381,95,47998,148,6547
120,16,375,5723,95,49854,148,6171
120,16,375,6045,95,51563,148,5813
120,16,375,6511,95,54102,148,5298
120,16,375,688,95,56055,148,489
120,16,375,708,95,57178,148,4668
120,16,375,7571,95,59814,148,4128
120,16,375,8052,95,62402,148,3595
120,16,375,8311,95,6377,148,3311
120,16,375,8738,95,66064,148,2837
120,16,375,9146,95,68262,148,2386
120,16,375,9482,95,70068,148,2014
120,16,375,9929,95,7251,148,152
120,16,376,033,95,74658,148,108
120,16,376,0632,95,7627,148,0745
120,16,376,0996,95,78223,148,0343
120,16,376,1365,95,80225,147,9935
120,16,376,1687,95,81982,147,9578
120,16,376,217,95,8457,147,9043
120,16,376,2551,95,86621,147,8625
120,16,376,2893,95,88428,147,8247
120,16,376,3274,95,90527,147,7823
120,16,376,3713,95,92871,147,734
120,16,376,4043,95,94629,147,6976
120,16,376,4456,95,96875,147,652
120,16,376,4766,95,98535,147,6177
120,16,376,5149,96,00586,147,5754
120,16,376,5593,96,02979,147,5262
120,16,376,5955,96,04932,147,4862
120,16,376,6296,96,06787,147,4485
120,16,376,6633,96,08594,147,4114
120,16,376,7092,96,11084,147,3605
120,16,376,7456,96,13037,147,3204
120,16,376,7817,96,1499,147,2805
120,16,376,8213,96,1709,147,2368
120,16,376,8625,96,19336,147,1913
120,16,376,8982,96,2124,147,1516
120,16,376,9338,96,23145,147,1125
120,16,376,9692,96,25098,147,0732
120,16,377,002,96,26807,147,0371
120,16,377,0493,96,29395,146,9847
120,16,377,0735,96,30664,146,9583
120,16,377,1182,96,33105,146,9087
120,16,377,1663,96,35693,146,8556
120,16,377,2024,96,37646,146,8156
120,16,377,2349,96,39355,146,7798
120,16,377,2712,96,41309,146,7396
120,16,377,3206,96,43994,146,6851
120,16,377,355,96,4585,146,647
120,16,377,3865,96,4751,146,6123
120,16,377,4258,96,49658,146,5687
120,16,377,4702,96,52051,146,5197
120,16,377,4929,96,53271,146,4948
120,16,377,4929,96,53271,146,4948
120,16,377,4929,96,53271,146,4948
120,16,377,4929,96,53271,146,4948
120,16,377,4929,96,53271,146,4948
120,16,377,5042,96,53857,146,4823
120,16,377,5042,96,53857,146,4823
120,16,377,5042,96,53857,146,4823
120,16,377,7957,96,6958,146,1602
120,16,377,8394,96,71924,146,1117
120,16,377,8818,96,74219,146,0648
120,16,377,9167,96,76074,146,0265
120,16,377,9636,96,78613,145,9746
120,16,377,998,96,80469,145,9365
120,16,378,0322,96,82324,145,8988
120,16,378,0725,96,84473,145,8541
120,16,378,1047,96,8623,145,8185
120,16,378,1499,96,88672,145,7686
120,16,378,1858,96,90576,145,729
120,16,378,2229,96,91846,145,6936
120,16,378,2629,96,93262,145,6552
120,16,378,3059,96,94727,145,6141
120,16,378,3508,96,96289,145,5712
120,16,378,3916,96,97705,145,532
120,16,378,4299,96,99023,145,4954
120,16,378,4692,97,00391,145,4576
120,16,378,5076,97,01709,145,4211
120,16,378,5557,97,03369,145,375
120,16,378,6052,97,05078,145,3276
120,16,378,6182,97,05518,145,3153
120,16,378,6833,97,07764,145,2528
120,16,378,7253,97,09229,145,2126
120,16,378,7725,97,1084,145,1676
120,16,378,8135,97,12256,145,1282
120,16,378,8577,97,1377,145,0862
120,16,378,8921,97,1499,145,0531
120,16,378,9417,97,16699,145,0056
120,16,378,9807,97,18018,144,9684
120,16,379,0208,97,19434,144,9298
120,16,379,0579,97,20703,144,8943
120,16,379,114,97,22656,144,8408
120,16,379,1526,97,23975,144,8038
120,16,379,1914,97,25342,144,7666
120,16,379,2339,97,26807,144,7261
120,16,379,2666,97,2793,144,6946
120,16,379,3181,97,29688,144,6454
120,16,379,3584,97,31104,144,6068
120,16,379,4028,97,32617,144,5643
120,16,379,4502,97,34277,144,5189
120,16,379,49,97,35645,144,4808
120,16,379,5308,97,37061,144,4419
120,16,379,5654,97,38232,144,4087
120,16,379,616,97,3999,144,3602
120,16,379,6616,97,41553,144,3165
120,16,379,6965,97,42773,144,2832
120,16,379,7451,97,44434,144,2366
120,16,379,7839,97,45801,144,1996
120,16,379,8213,97,4707,144,1638
120,16,379,8616,97,48486,144,1254
120,16,379,8994,97,49805,144,0891
120,16,379,9526,97,51611,144,0381
120,16,379,989,97,52881,144,0032
120,16,380,0281,97,54248,143,9661
120,16,380,0684,97,55615,143,9275
120,16,380,1067,97,56934,143,8907
120,16,380,1387,97,58057,143,8601
120,16,380,1978,97,60107,143,8035
120,16,380,2366,97,61426,143,7665
120,16,380,2883,97,63232,143,7169
120,16,380,3262,97,64551,143,6805
120,16,380,3665,97,65918,143,6421
120,16,380,3792,97,66357,143,6301
120,16,380,4441,97,68604,143,5677
120,16,380,4978,97,70459,143,5164
120,16,380,5342,97,71729,143,4817
120,16,380,5742,97,73096,143,4434
120,16,380,6265,97,74902,143,3933
120,16,380,6653,97,7627,143,3561
120,16,380,7053,97,77637,143,3179
120,16,380,7429,97,78906,143,2819
120,16,380,7834,97,80322,143,2432
120,16,380,8352,97,82129,143,1935
120,16,380,8745,97,83496,143,1559
120,16,380,9138,97,8374,143,1375
120,16,380,9631,97,83936,143,1177
120,16,381,0334,97,84131,143,0895
120,16,381,0925,97,84326,143,0657
120,16,381,1365,97,84473,143,0481
120,16,381,1909,97,84668,143,0262
120,16,381,2556,97,84863,143,0002
120,16,381,2952,97,8501,142,9844
120,16,381,3245,97,85107,142,9727
120,16,381,3953,97,85303,142,9442
120,16,381,4617,97,85547,142,9176
120,16,381,5315,97,85742,142,8896
120,16,381,5825,97,85938,142,8691
120,16,381,6357,97,86084,142,8477
120,16,381,7029,97,86328,142,8208
120,16,381,7383,97,86426,142,8065
120,16,381,8147,97,8667,142,7759
120,16,381,8591,97,86816,142,7581
120,16,381,8938,97,86963,142,7441
120,16,381,9763,97,87207,142,7111
120,16,382,0283,97,87402,142,6902
120,16,382,0793,97,87549,142,6697
120,16,382,1316,97,87695,142,6487
120,16,382,2019,97,87939,142,6204
120,16,382,2532,97,88086,142,5999
120,16,382,3052,97,88281,142,579
120,16,382,3567,97,88428,142,5583
120,16,382,4102,97,88623,142,5369
120,16,382,4768,97,88818,142,5101
120,16,382,5354,97,89014,142,4867
120,16,382,582,97,8916,142,4679
120,16,382,6484,97,89404,142,4413
120,16,382,6992,97,89551,142,4209
120,16,382,7507,97,89746,142,4001
120,16,382,801,97,89893,142,38
120,16,382,8708,97,90137,142,3519
120,16,382,9236,97,90283,142,3308
120,16,382,9741,97,90479,142,3105
120,16,383,0239,97,90625,142,2905
120,16,383,0769,97,90771,142,2693
120,16,383,1472,97,91016,142,2411
120,16,383,1968,97,91162,142,2212
120,16,383,2568,97,91357,142,197
120,16,383,3003,97,91504,142,1797
120,16,383,3694,97,91748,142,1519
120,16,383,4238,97,91895,142,1301
120,16,383,4722,97,9209,142,1107
120,16,383,5229,97,92236,142,0903
120,16,383,593,97,9248,142,0621
120,16,383,6423,97,92627,142,0424
120,16,383,6936,97,92773,142,0217
120,16,383,7451,97,92969,142,0011
120,16,383,7969,97,93115,141,9803
120,16,383,8633,97,93359,141,9536
120,16,383,9177,97,93506,141,9319
120,16,383,9783,97,93701,141,9076
120,16,384,0378,97,93896,141,8835
120,16,384,075,97,94043,141,8687
120,16,384,116,97,94189,141,8523
120,16,384,116,97,94189,141,8523
120,16,384,116,97,94189,141,8523
120,16,384,116,97,94189,141,8523
120,16,384,1328,97,94238,141,8455
120,16,384,1328,97,94238,141,8455
120,16,384,3804,97,9502,141,7462
120,16,384,4939,97,9458,141,7131
120,16,384,5593,97,93555,141,7067
120,16,384,6313,97,92383,141,6996
120,16,384,6936,97,91357,141,6934
120,16,384,7395,97,90625,141,689
120,16,384,7947,97,89697,141,6835
120,16,384,8704,97,88477,141,676
120,16,384,9041,97,87939,141,6726
120,16,384,9797,97,86719,141,6653
120,16,385,032,97,8584,141,66
120,16,385,1052,97,84668,141,6528
120,16,385,158,97,83789,141,6477
120,16,385,2161,97,82861,141,642
120,16,385,2666,97,82031,141,637
120,16,385,3401,97,80859,141,6296
120,16,385,3604,97,80518,141,6277
120,16,385,4531,97,79004,141,6185
120,16,385,5061,97,78174,141,6134
120,16,385,5803,97,76953,141,606
120,16,385,634,97,76074,141,6007
120,16,385,6887,97,75195,141,5953
120,16,385,7429,97,74316,141,59
120,16,385,7981,97,73438,141,5846
120,16,385,8718,97,72217,141,5773
120,16,385,9226,97,71387,141,5723
120,16,385,9792,97,70459,141,5668
120,16,386,032,97,69629,141,5615
120,16,386,1055,97,68408,141,5543
120,16,386,1602,97,67529,141,549
120,16,386,2219,97,66553,141,5428
120,16,386,25,97,66064,141,54
120,16,386,3408,97,646,141,5311
120,16,386,3992,97,63672,141,5254
120,16,386,4507,97,62842,141,5203
120,16,386,5044,97,61963,141,515
120,16,386,5598,97,61035,141,5095
120,16,386,6326,97,59863,141,5023
120,16,386,699,97,58789,141,4958
120,16,386,7239,97,58398,141,4934
120,16,386,8152,97,56934,141,4844
120,16,386,8696,97,56006,141,479
120,16,386,9231,97,55176,141,4738
120,16,386,9861,97,5415,141,4675
120,16,387,0332,97,53369,141,4629
120,16,387,1052,97,52197,141,4558
120,16,387,1611,97,5127,141,4502
120,16,387,2224,97,50293,141,4442
120,16,387,2898,97,49219,141,4375
120,16,387,3435,97,4834,141,4323
120,16,387,3967,97,47461,141,427
120,16,387,4521,97,46582,141,4216
120,16,387,5242,97,4541,141,4146
120,16,387,5413,97,45117,141,4128
120,16,387,5413,97,45117,141,4128
120,16,387,5413,97,45117,141,4128
120,16,387,5413,97,45117,141,4128
120,16,387,5413,97,45117,141,4128
120,16,387,5662,97,44727,141,4104
120,16,387,9265,97,38867,141,3749
120,16,387,9734,97,38086,141,3702
120,16,388,0483,97,36865,141,3628
120,16,388,1038,97,35986,141,3574
120,16,388,1428,97,35205,141,3624
120,16,388,2156,97,33643,141,3734
120,16,388,2676,97,32568,141,3812
120,16,388,3308,97,31201,141,3907
120,16,388,3782,97,30225,141,3978
120,16,388,4307,97,29102,141,4058
120,16,388,5046,97,27539,141,4169
120,16,388,561,97,26367,141,4254
120,16,388,6133,97,25244,141,4332
120,16,388,6641,97,24219,141,4409
120,16,388,7183,97,23047,141,4491
120,16,388,7966,97,21387,141,4608
120,16,388,8442,97,2041,141,468
120,16,388,8992,97,19238,141,4763
120,16,388,9707,97,17725,141,4871
120,16,389,0237,97,16602,141,495
120,16,389,0784,97,15479,141,5033
120,16,389,1316,97,14355,141,5112
120,16,389,1672,97,13574,141,5166
120,16,389,262,97,11572,141,5309
120,16,389,2937,97,10938,141,5356
120,16,389,3635,97,09473,141,5461
120,16,389,4185,97,08301,141,5544
120,16,389,4746,97,07129,141,5629
120,16,389,5437,97,05664,141,5734
120,16,389,5967,97,04541,141,5813
120,16,389,6333,97,0376,141,5868
120,16,389,7068,97,02197,141,5979
120,16,389,7813,97,00635,141,609
120,16,389,8369,96,99463,141,6174
120,16,389,8865,96,98438,141,6249
120,16,389,9419,96,97266,141,6332
120,16,390,0132,96,95752,141,6439
120,16,390,0671,96,94629,141,6521
120,16,390,1301,96,93311,141,6616
120,16,390,1785,96,92285,141,6688
120,16,390,2312,96,91162,141,6768
120,16,390,3035,96,89648,141,6876
120,16,390,3574,96,88525,141,6958
120,16,390,4114,96,87354,141,7039
120,16,390,4651,96,8623,141,7119
120,16,390,5186,96,85107,141,72
120,16,390,593,96,83545,141,7312
120,16,390,6423,96,8252,141,7386
120,16,390,6963,96,81348,141,7468
120,16,390,7673,96,79883,141,7574
120,16,390,824,96,78662,141,766
120,16,390,8772,96,77539,141,774
120,16,390,9312,96,76416,141,7821
120,16,390,9644,96,75732,141,7871
120,16,391,0549,96,73779,141,8008
120,16,391,1118,96,72607,141,8093
120,16,391,1628,96,71533,141,817
120,16,391,2173,96,70361,141,8252
120,16,391,2878,96,68896,141,8358
120,16,391,3413,96,67773,141,8439
120,16,391,396,96,66602,141,8521
120,16,391,4333,96,6582,141,8577
120,16,391,5283,96,63818,141,8721
120,16,391,5635,96,63086,141,8773
120,16,391,5979,96,62354,141,8824
120,16,391,6858,96,60498,141,8958
120,16,391,7583,96,58984,141,9066
120,16,391,8115,96,57861,141,9147
120,16,391,864,96,56738,141,9225
120,16,391,9021,96,55908,141,9323
120,16,391,9512,96,54834,141,9448
120,16,392,0188,96,5332,141,9622
120,16,392,0718,96,52148,141,9757
120,16,392,1248,96,50977,141,9894
120,16,392,1777,96,49805,142,0028
120,16,392,2468,96,48291,142,0205
120,16,392,2832,96,4751,142,0299
120,16,392,3608,96,45752,142,0498
120,16,392,4043,96,44824,142,0609
120,16,392,4761,96,43213,142,0793
120,16,392,5095,96,4248,142,0879
120,16,392,583,96,40869,142,1067
120,16,392,6375,96,39648,142,1207
120,16,392,6685,96,38965,142,1287
120,16,392,7217,96,37793,142,1422
120,16,392,8145,96,35742,142,166
120,16,392,8621,96,34668,142,1782
120,16,392,915,96,33545,142,1918
120,16,392,9873,96,31934,142,2103
120,16,393,0371,96,30811,142,2231
120,16,393,0916,96,29639,142,2371
120,16,393,1418,96,28516,142,2499
120,16,393,2192,96,26807,142,2698
120,16,393,2651,96,25781,142,2815
120,16,393,3169,96,24658,142,2948
120,16,393,3696,96,23486,142,3082
120,16,393,4421,96,21875,142,3269
120,16,393,4971,96,20654,142,3409
120,16,393,5137,96,20313,142,3452
120,16,393,5479,96,19531,142,354
120,16,393,6177,96,17969,142,3718
120,16,393,7136,96,15869,142,3965
120,16,393,7761,96,14502,142,4125
120,16,393,8284,96,1333,142,4259
120,16,393,8821,96,12158,142,4397
120,16,393,9492,96,10645,142,4568
120,16,394,0005,96,09521,142,47
120,16,394,04,96,08643,142,4801
120,16,394,1294,96,06689,142,5029
120,16,394,1782,96,05615,142,5155
120,16,394,2327,96,04395,142,5294
120,16,394,2849,96,03271,142,5428
120,16,394,3394,96,02051,142,5568
120,16,394,3901,96,00928,142,5698
120,16,394,458,95,99414,142,5872
120,16,394,4958,95,98584,142,5969
120,16,394,5649,95,9707,142,6146
120,16,394,625,95,95752,142,63
120,16,394,6875,95,94336,142,646
120,16,394,739,95,93213,142,6592
120,16,394,7932,95,91992,142,6731
120,16,394,8435,95,90918,142,6859
120,16,394,9158,95,89307,142,7046
120,16,394,9766,95,87939,142,7201
120,16,395,0264,95,86865,142,7329
120,16,395,0715,95,8584,142,7444
120,16,395,147,95,8418,142,7638
120,16,395,1953,95,83105,142,7761
120,16,395,2483,95,81982,142,7897
120,16,395,3027,95,80762,142,8037
120,16,395,3557,95,7959,142,8173
120,16,395,4326,95,77881,142,8369
120,16,395,4785,95,76855,142,8488
120,16,395,5339,95,75635,142,8629
120,16,395,5989,95,74219,142,8795
120,16,395,6519,95,73047,142,8932
120,16,395,7048,95,71875,142,9067
120,16,395,7583,95,70703,142,9204
120,16,395,7935,95,69922,142,9294
120,16,395,887,95,67822,142,9534
120,16,395,936,95,66748,142,9659
120,16,395,9866,95,65625,142,9789
120,16,396,0557,95,64111,142,9966
120,16,396,1096,95,62939,143,0105
120,16,396,1609,95,61768,143,0236
120,16,396,2029,95,61475,143,0388
120,16,396,2378,95,61279,143,0525
120,16,396,3232,95,60889,143,0857
120,16,396,3738,95,60645,143,1053
120,16,396,426,95,604,143,1256
120,16,396,478,95,60156,143,1459
120,16,396,5483,95,59814,143,1731
120,16,396,6055,95,5957,143,1954
120,16,396,6519,95,59326,143,2134
120,16,396,7104,95,59033,143,2361
120,16,396,7566,95,58838,143,254
120,16,396,8232,95,58496,143,28
120,16,396,876,95,58252,143,3005
120,16,396,929,95,58008,143,321
120,16,396,9966,95,57666,143,3474
120,16,397,0474,95,57471,143,3672
120,16,397,0813,95,57275,143,3802
120,16,397,1567,95,56934,143,4097
120,16,397,2202,95,56641,143,4343
120,16,397,2549,95,56445,143,4478
120,16,397,3245,95,56152,143,4747
120,16,397,375,95,55908,143,4945
120,16,397,428,95,55664,143,515
120,16,397,4956,95,55322,143,5413
120,16,397,5159,95,55225,143,5492
120,16,397,5999,95,54834,143,5818
120,16,397,6533,95,5459,143,6025
120,16,397,7205,95,54248,143,6287
120,16,397,7734,95,54004,143,6493
120,16,397,8242,95,5376,143,6689
120,16,397,8792,95,53516,143,6903
120,16,397,9275,95,53271,143,7091
120,16,397,9646,95,53076,143,7236
120,16,398,0486,95,52686,143,7562
120,16,398,1018,95,52441,143,777
120,16,398,1543,95,52197,143,7974
120,16,398,2266,95,51855,143,8253
120,16,398,2756,95,51611,143,8445
120,16,398,3301,95,51367,143,8656
120,16,398,3794,95,51123,143,8848
120,16,398,4404,95,5083,143,9086
120,16,398,5012,95,50537,143,9321
120,16,398,5522,95,50293,143,9519
120,16,398,6052,95,50049,143,9727
120,16,398,656,95,49805,143,9923
120,16,398,7083,95,49561,144,0127
120,16,398,7788,95,49219,144,04
120,16,398,8118,95,49072,144,0529
120,16,398,8867,95,4873,144,0819
120,16,398,9502,95,48438,144,1066
120,16,399,0022,95,48193,144,1268
120,16,399,053,95,47949,144,1465
120,16,399,1062,95,47656,144,1672
120,16,399,1743,95,47363,144,1937
120,16,399,2261,95,47119,144,2139
120,16,399,2607,95,46924,144,2273
120,16,399,3296,95,46631,144,2542
120,16,399,3989,95,46289,144,281
120,16,399,4336,95,46143,144,2944
120,16,399,5032,95,45801,144,3215
120,16,399,5535,95,45557,144,3411
120,16,399,605,95,45313,144,3611
120,16,399,675,95,44971,144,3884
120,16,399,7329,95,44678,144,4109
120,16,399,7769,95,44482,144,4279
120,16,399,8499,95,44141,144,4563
120,16,399,8987,95,43896,144,4752
120,16,399,9604,95,43604,144,4993
120,16,400,0042,95,43408,144,5162
120,16,400,0544,95,43164,144,5358
120,16,400,1084,95,4292,144,5568
120,16,400,1667,95,42627,144,5795
120,16,400,228,95,42334,144,6033
120,16,400,2805,95,4209,144,6237
120,16,400,3511,95,41748,144,6511
120,16,400,4041,95,41504,144,6716
120,16,400,4536,95,4126,144,6909
120,16,400,4897,95,4082,144,7156
120,16,400,5176,95,4043,144,7358
120,16,400,595,95,39404,144,7919
120,16,400,6392,95,38818,144,824
120,16,400,6821,95,38232,144,8551
120,16,400,7263,95,37646,144,8871
120,16,400,7893,95,36768,144,9327
120,16,400,8403,95,36084,144,9698
120,16,400,8755,95,35596,144,9952
120,16,400,9055,95,35205,145,0171
120,16,400,9683,95,34375,145,0625
120,16,401,0261,95,33594,145,1045
120,16,401,071,95,32959,145,1371
120,16,401,1162,95,32373,145,1698
120,16,401,1624,95,31738,145,2032
120,16,401,2205,95,30957,145,2455
120,16,401,2666,95,30322,145,2788
120,16,401,3171,95,29639,145,3156
120,16,401,3557,95,29102,145,3435
120,16,401,4172,95,2832,145,3881
120,16,401,468,95,27588,145,4248
120,16,401,5083,95,27051,145,454
120,16,401,5518,95,26465,145,4856
120,16,401,6104,95,25684,145,5281
120,16,401,6399,95,25293,145,5494
120,16,401,7039,95,24414,145,5959
120,16,401,7439,95,23877,145,6249
120,16,401,804,95,23047,145,6683
120,16,401,8484,95,22461,145,7007
120,16,401,8938,95,21875,145,7336
120,16,401,9395,95,2124,145,7667
120,16,401,981,95,20654,145,7969
120,16,402,0139,95,20215,145,8206
120,16,402,0911,95,19189,145,8767
120,16,402,1304,95,18652,145,905
120,16,402,175,95,18066,145,9374
120,16,402,2341,95,17236,145,9803
120,16,402,2805,95,1665,146,0139
120,16,402,324,95,16064,146,0454
120,16,402,3784,95,15283,146,085
120,16,402,4336,95,14551,146,125
120,16,402,4761,95,13965,146,1556
120,16,402,5178,95,13428,146,1859
120,16,402,562,95,12842,146,218
120,16,402,623,95,12012,146,2622
120,16,402,6689,95,11377,146,2955
120,16,402,7173,95,10742,146,3306
120,16,402,7485,95,10303,146,3533
120,16,402,8079,95,09521,146,3964
120,16,402,8665,95,08691,146,4387
120,16,402,9087,95,08154,146,4695
120,16,402,9551,95,0752,146,5031
120,16,402,998,95,06934,146,5342
120,16,403,0562,95,06152,146,5763
120,16,403,1008,95,05566,146,6086
120,16,403,1323,95,05127,146,6315
120,16,403,1958,95,04248,146,6775
120,16,403,2537,95,03467,146,7195
120,16,403,2815,95,03076,146,7397
120,16,403,3462,95,02246,146,7866
120,16,403,387,95,0166,146,8162
120,16,403,4314,95,01074,146,8483
120,16,403,4905,95,00293,146,8912
120,16,403,543,94,99561,146,9292
120,16,403,5808,94,99072,146,9567
120,16,403,6262,94,98438,146,9895
120,16,403,6689,94,97852,147,0206
120,16,403,7305,94,97021,147,0652
120,16,403,7764,94,96436,147,0984
120,16,403,8191,94,9585,147,1294
120,16,403,8645,94,95215,147,1622
120,16,403,916,94,94531,147,1997
120,16,403,9722,94,9375,147,2404
120,16,404,0139,94,93213,147,2708
120,16,404,0586,94,92578,147,303
120,16,404,1052,94,91992,147,3368
120,16,404,1628,94,91211,147,3785
120,16,404,207,94,90576,147,4106
120,16,404,2373,94,90186,147,4326
120,16,404,3008,94,89307,147,4785
120,16,404,3582,94,88574,147,5201
120,16,404,4053,94,87891,147,5543
120,16,404,4478,94,87354,147,5851
120,16,404,4915,94,86768,147,6169
120,16,404,5354,94,86133,147,6487
120,16,404,5984,94,85303,147,6943
120,16,404,626,94,84912,147,7144
120,16,404,7024,94,83887,147,7698
120,16,404,7302,94,83545,147,7899
120,16,404,792,94,82666,147,8347
120,16,404,8259,94,82227,147,8593
120,16,404,8501,94,81885,147,8768
120,16,404,9023,94,81201,147,9148
120,16,404,9819,94,80127,147,9724
120,16,405,0283,94,79492,148,006
120,16,405,0757,94,78857,148,0404
120,16,405,1345,94,78076,148,083
120,16,405,1829,94,77393,148,1182
120,16,405,2263,94,76807,148,1495
120,16,405,2673,94,7627,148,1794
120,16,405,3152,94,75391,148,2097
120,16,405,345,94,74756,148,2274
120,16,405,4148,94,7334,148,2692
120,16,405,4597,94,72412,148,2959
120,16,405,5051,94,71484,148,3229
120,16,405,5635,94,70313,148,3578
120,16,405,6123,94,69336,148,3868
120,16,405,6621,94,68311,148,4165
120,16,405,717,94,67188,148,4492
120,16,405,7493,94,66504,148,4686
120,16,405,823,94,65039,148,5125
120,16,405,8655,94,6416,148,538
120,16,405,9275,94,62891,148,5748
120,16,405,9778,94,61865,148,6047
120,16,406,0203,94,60986,148,6301
120,16,406,0691,94,6001,148,6592
120,16,406,1135,94,59082,148,6858
120,16,406,1819,94,57666,148,7266
120,16,406,2312,94,56689,148,756
120,16,406,2727,94,55811,148,7806
120,16,406,3193,94,54883,148,8085
120,16,406,3691,94,53857,148,8383
120,16,406,4302,94,52637,148,8745
120,16,406,4849,94,51514,148,9072
120,16,406,5093,94,50977,148,9218
120,16,406,5857,94,49414,148,9674
120,16,406,6287,94,48584,148,9929
120,16,406,677,94,47559,149,0217
120,16,406,7061,94,46973,149,0392
120,16,406,7532,94,45996,149,0671
120,16,406,8313,94,44434,149,1138
120,16,406,8752,94,43506,149,1399
120,16,406,9082,94,42871,149,1597
120,16,406,9802,94,41357,149,2026
120,16,407,0369,94,40234,149,2363
120,16,407,0862,94,39209,149,2657
120,16,407,1399,94,38135,149,2977
120,16,407,1814,94,37256,149,3225
120,16,407,2405,94,36084,149,3578
120,16,407,281,94,35254,149,382
120,16,407,3127,94,3457,149,4008
120,16,407,3926,94,32959,149,4485
120,16,407,4238,94,32324,149,4672
120,16,407,4866,94,31055,149,5046
120,16,407,5493,94,29736,149,542
120,16,407,5981,94,2876,149,571
120,16,407,6423,94,27881,149,5974
120,16,407,6892,94,26904,149,6254
120,16,407,7434,94,25781,149,6577
120,16,407,8035,94,24561,149,6935
120,16,407,8474,94,23682,149,7197
120,16,407,8962,94,22656,149,7488
120,16,407,9414,94,21729,149,7759
120,16,408,0061,94,2041,149,8143
120,16,408,0525,94,19482,149,842
120,16,408,0825,94,18848,149,86
120,16,408,1523,94,17432,149,9015
120,16,408,1965,94,16553,149,9279
120,16,408,2576,94,15283,149,9644
120,16,408,3044,94,14355,149,9923
120,16,408,3523,94,13379,150,0208
120,16,408,4001,94,12402,150,0493
120,16,408,4482,94,11426,150,078
120,16,408,4795,94,10742,150,0967
120,16,408,5588,94,09131,150,144
120,16,408,6047,94,08203,150,1713
120,16,408,6543,94,07178,150,2009
120,16,408,7141,94,05957,150,2366
120,16,408,7629,94,0498,150,2657
120,16,408,8113,94,04004,150,2944
120,16,408,8591,94,03027,150,323
120,16,408,8867,94,02441,150,3394
120,16,408,9661,94,0083,150,3867
120,16,409,0168,93,99805,150,4171
120,16,409,0608,93,98877,150,4434
120,16,409,116,93,97754,150,4763
120,16,409,175,93,96582,150,5114
120,16,409,2202,93,95654,150,5383
120,16,409,252,93,94971,150,5573
120,16,409,3198,93,93604,150,5977
120,16,409,365,93,92676,150,6248
120,16,409,4275,93,91406,150,662
120,16,409,4587,93,90771,150,6805
120,16,409,5198,93,89502,150,7169
120,16,409,5667,93,88574,150,7449
120,16,409,6045,93,88525,150,7668
120,16,409,6187,93,88525,150,775
120,16,409,7063,93,88574,150,8257
120,16,409,7544,93,88574,150,8535
120,16,409,8118,93,88574,150,8867
120,16,409,8469,93,88623,150,9071
120,16,409,926,93,88623,150,9528
120,16,409,9714,93,88623,150,979
120,16,410,0227,93,88672,151,0087
120,16,410,0535,93,88672,151,0265
120,16,410,1367,93,88672,151,0747
120,16,410,1367,93,88