Time,RSteps,X,Y,Z
120,0,309,397,84,90967,232,3451
120,1,309,397,84,90967,232,3451
120,1,309,397,84,90967,232,3451
120,1,309,397,84,90967,232,3451
120,1,309,397,84,90967,232,3451
120,1,309,397,84,90967,232,3451
120,1,309,397,84,90967,232,3451
120,1,309,397,84,90967,232,3451
120,1,309,397,84,90967,232,3451
120,1,309,397,84,90967,232,3451
120,1,309,4941,84,85303,232,7289
120,1,309,4941,84,85303,232,7289
120,1,309,4941,84,85303,232,7289
120,1,309,4941,84,85303,232,7289
120,1,309,5913,84,79639,233,1127
120,1,309,5913,84,79639,233,1127
120,1,309,5913,84,79639,233,1127
120,1,309,5913,84,79639,233,1127
120,1,309,6729,84,74854,233,4347
120,1,309,6729,84,74854,233,4347
120,1,309,6729,84,74854,233,4347
120,1,309,6729,84,74854,233,4347
120,1,309,752,84,70215,233,7473
120,1,309,752,84,70215,233,7473
120,1,309,752,84,70215,233,7473
120,1,309,752,84,70215,233,7473
120,1,309,8245,84,65967,234,0336
120,1,309,8245,84,65967,234,0336
120,1,309,8245,84,65967,234,0336
120,1,309,8245,84,65967,234,0336
120,1,309,9006,84,61523,234,3342
120,1,309,9006,84,61523,234,3342
120,1,309,9006,84,61523,234,3342
120,1,309,9006,84,61523,234,3342
120,1,309,9741,84,57227,234,6243
120,1,309,9741,84,57227,234,6243
120,1,309,9741,84,57227,234,6243
120,1,309,9741,84,57227,234,6243
120,1,310,0522,84,52686,234,9326
120,1,310,0522,84,52686,234,9326
120,1,310,0522,84,52686,234,9326
120,1,310,0522,84,52686,234,9326
120,1,310,1348,84,47852,235,2582
120,1,310,1348,84,47852,235,2582
120,1,310,1348,84,47852,235,2582
120,1,310,1348,84,47852,235,2582
120,1,310,1348,84,47852,235,2582
120,1,310,2175,84,43018,235,5847
120,1,310,2175,84,43018,235,5847
120,1,310,2175,84,43018,235,5847
120,1,310,2175,84,43018,235,5847
120,1,310,3035,84,37988,235,9242
120,1,310,3035,84,37988,235,9242
120,1,310,3035,84,37988,235,9242
120,1,310,3035,84,37988,235,9242
120,1,310,3923,84,32813,236,2753
120,1,310,3923,84,32813,236,2753
120,1,310,3923,84,32813,236,2753
120,1,310,3923,84,32813,236,2753
120,1,310,4727,84,28125,236,5924
120,1,310,4727,84,28125,236,5924
120,1,310,4727,84,28125,236,5924
120,1,310,4727,84,28125,236,5924
120,1,310,4727,84,28125,236,5924
120,1,310,5505,84,23584,236,8997
120,1,310,5505,84,23584,236,8997
120,1,310,5505,84,23584,236,8997
120,1,310,5505,84,23584,236,8997
120,1,310,5505,84,23584,236,8997
120,1,310,6406,84,18311,237,2552
120,1,310,6406,84,18311,237,2552
120,1,310,6406,84,18311,237,2552
120,1,310,6406,84,18311,237,2552
120,1,310,6406,84,18311,237,2552
120,1,310,7378,84,12646,237,639
120,1,310,7378,84,12646,237,639
120,1,310,7378,84,12646,237,639
120,1,310,7378,84,12646,237,639
120,1,310,8235,84,07666,237,9771
120,1,310,8235,84,07666,237,9771
120,1,310,8235,84,07666,237,9771
120,1,310,8235,84,07666,237,9771
120,1,310,9072,84,02783,238,3073
120,1,310,9072,84,02783,238,3073
120,1,310,9072,84,02783,238,3073
120,1,310,9072,84,02783,238,3073
120,1,310,9888,83,97998,238,6293
120,1,310,9888,83,97998,238,6293
120,1,310,9888,83,97998,238,6293
120,1,310,9888,83,97998,238,6293
120,1,311,0652,83,93555,238,9308
120,1,311,0652,83,93555,238,9308
120,1,311,0652,83,93555,238,9308
120,1,311,0652,83,93555,238,9308
120,1,311,1416,83,89111,239,2322
120,1,311,1416,83,89111,239,2322
120,1,311,1416,83,89111,239,2322
120,1,311,2148,83,84814,239,5212
120,2,311,2148,83,84814,239,5212
120,2,311,2148,83,84814,239,5212
120,2,311,2148,83,84814,239,5212
120,2,311,2878,83,80566,239,8091
120,2,311,2878,83,80566,239,8091
120,2,311,2878,83,80566,239,8091
120,2,311,2878,83,80566,239,8091
120,2,311,3601,83,76367,240,0939
120,2,311,3601,83,76367,240,0939
120,2,311,3601,83,76367,240,0939
120,2,311,3601,83,76367,240,0939
120,2,311,4387,83,71777,240,4047
120,2,311,4387,83,71777,240,4047
120,2,311,4387,83,71777,240,4047
120,2,311,5083,83,67725,240,6794
120,2,311,5083,83,67725,240,6794
120,2,311,5083,83,67725,240,6794
120,2,311,5083,83,67725,240,6794
120,2,311,5759,83,6377,240,946
120,2,311,5759,83,6377,240,946
120,2,311,5759,83,6377,240,946
120,2,311,5759,83,6377,240,946
120,2,311,6489,83,59521,241,2345
120,2,311,6489,83,59521,241,2345
120,2,311,6489,83,59521,241,2345
120,2,311,6489,83,59521,241,2345
120,2,311,7263,83,55029,241,5397
120,2,311,7263,83,55029,241,5397
120,2,311,7263,83,55029,241,5397
120,2,311,7961,83,50928,241,8158
120,2,311,7961,83,50928,241,8158
120,2,311,7961,83,50928,241,8158
120,2,311,8635,83,46973,242,0822
120,2,311,8635,83,46973,242,0822
120,2,311,8635,83,46973,242,0822
120,2,311,8635,83,46973,242,0822
120,2,311,929,83,43164,242,3401
120,2,311,929,83,43164,242,3401
120,2,311,929,83,43164,242,3401
120,2,311,9946,83,39307,242,5994
120,2,311,9946,83,39307,242,5994
120,2,311,9946,83,39307,242,5994
120,2,311,9946,83,39307,242,5994
120,2,312,064,83,35254,242,8732
120,2,312,064,83,35254,242,8732
120,2,312,064,83,35254,242,8732
120,2,312,1345,83,31152,243,1514
120,2,312,1345,83,31152,243,1514
120,2,312,1345,83,31152,243,1514
120,2,312,1345,83,31152,243,1514
120,2,312,1345,83,31152,243,1514
120,2,312,2019,83,27197,243,4172
120,2,312,2019,83,27197,243,4172
120,2,312,2019,83,27197,243,4172
120,2,312,2019,83,27197,243,4172
120,2,312,2019,83,27197,243,4172
120,2,312,2991,83,21533,243,801
120,2,312,2991,83,21533,243,801
120,2,312,2991,83,21533,243,801
120,2,312,2991,83,21533,243,801
120,2,312,2991,83,21533,243,801
120,2,312,3962,83,15869,244,1848
120,2,312,3962,83,15869,244,1848
120,2,312,3962,83,15869,244,1848
120,2,312,3962,83,15869,244,1848
120,2,312,3962,83,15869,244,1848
120,2,312,3962,83,15869,244,1848
120,2,312,3962,83,15869,244,1848
120,2,312,3962,83,15869,244,1848
120,2,312,4719,83,11426,244,4836
120,2,312,4719,83,11426,244,4836
120,2,312,4719,83,11426,244,4836
120,2,312,4719,83,11426,244,4836
120,2,312,4719,83,11426,244,4836
120,2,312,4719,83,11426,244,4836
120,2,312,4719,83,11426,244,4836
120,2,312,4719,83,11426,244,4836
120,2,312,4719,83,11426,244,4836
120,2,312,4719,83,11426,244,4836
120,2,312,4719,83,11426,244,4836
120,2,312,4719,83,11426,244,4836
120,2,312,4719,83,11426,244,4836
120,2,312,4719,83,11426,244,4836
120,2,312,4719,83,11426,244,4836
120,2,312,4719,83,11426,244,4836
120,2,312,4719,83,11426,244,4836
120,2,312,4719,83,11426,244,4836
120,2,312,4719,83,11426,244,4836
120,2,312,4719,83,11426,244,4836
120,2,312,4719,83,11426,244,4836
120,2,312,4719,83,11426,244,4836
120,2,312,4719,83,11426,244,4836
120,2,312,4719,83,11426,244,4836
120,2,312,4719,83,11426,244,4836
120,2,312,4719,83,11426,244,4836
120,2,312,4719,83,11426,244,4836
120,2,312,4719,83,11426,244,4836
120,2,312,4719,83,11426,244,4836
120,2,312,4719,83,11426,244,4836
120,2,312,4719,83,11426,244,4836
120,2,312,4719,83,11426,244,4836
120,2,312,4719,83,11426,244,4836
120,2,312,4719,83,11426,244,4836
120,2,312,4719,83,11426,244,4836
120,2,312,4719,83,11426,244,4836
120,2,312,4719,83,11426,244,4836
120,2,312,4719,83,11426,244,4836
120,2,312,4719,83,11426,244,4836
120,2,312,4719,83,11426,244,4836
120,2,312,4719,83,11426,244,4836
120,2,312,4719,83,11426,244,4836
120,2,312,4719,83,11426,244,4836
120,2,312,4719,83,11426,244,4836
120,2,312,4719,83,11426,244,4836
120,2,312,4719,83,11426,244,4836
120,2,312,4719,83,11426,244,4836
120,2,312,4719,83,11426,244,4836
120,2,312,4719,83,11426,244,4836
120,2,312,4719,83,11426,244,4836
120,2,312,4719,83,11426,244,4836
120,2,312,4719,83,11426,244,4836
120,2,312,4719,83,11426,244,4836
120,2,312,4719,83,11426,244,4836
120,2,312,4719,83,11426,244,4836
120,2,312,4719,83,11426,244,4836
120,3,312,4719,83,11426,244,4836
120,3,312,4719,83,11426,244,4836
120,3,312,4719,83,11426,244,4836
120,3,312,4719,83,11426,244,4836
120,3,312,4719,83,11426,244,4836
120,3,312,5217,83,08496,244,6804
120,3,312,5217,83,08496,244,6804
120,3,312,5217,83,08496,244,6804
120,3,312,5217,83,08496,244,6804
120,3,312,5217,83,08496,244,6804
120,3,312,5217,83,08496,244,6804
120,3,312,5217,83,08496,244,6804
120,3,312,5217,83,08496,244,6804
120,3,312,5217,83,08496,244,6804
120,3,312,5217,83,08496,244,6804
120,3,312,5217,83,08496,244,6804
120,3,312,5217,83,08496,244,6804
120,3,312,5217,83,08496,244,6804
120,3,312,5217,83,08496,244,6804
120,3,312,5217,83,08496,244,6804
120,3,312,5217,83,08496,244,6804
120,3,312,5217,83,08496,244,6804
120,3,312,5217,83,08496,244,6804
120,3,312,5217,83,08496,244,6804
120,3,312,5217,83,08496,244,6804
120,3,312,5217,83,08496,244,6804
120,3,312,5217,83,08496,244,6804
120,3,312,5217,83,08496,244,6804
120,3,312,5217,83,08496,244,6804
120,3,312,5217,83,08496,244,6804
120,3,312,5217,83,08496,244,6804
120,3,312,5217,83,08496,244,6804
120,3,312,5217,83,08496,244,6804
120,3,312,5217,83,08496,244,6804
120,3,312,5217,83,08496,244,6804
120,3,312,5217,83,08496,244,6804
120,3,312,5217,83,08496,244,6804
120,3,312,5217,83,08496,244,6804
120,3,312,5217,83,08496,244,6804
120,3,312,5217,83,08496,244,6804
120,3,312,5217,83,08496,244,6804
120,3,312,5217,83,08496,244,6804
120,3,312,5217,83,08496,244,6804
120,3,312,5217,83,08496,244,6804
120,3,312,5217,83,08496,244,6804
120,3,312,5217,83,08496,244,6804
120,3,312,5217,83,08496,244,6804
120,3,312,5217,83,08496,244,6804
120,3,312,5217,83,08496,244,6804
120,3,312,5217,83,08496,244,6804
120,3,312,5217,83,08496,244,6804
120,3,312,5217,83,08496,244,6804
120,3,312,5217,83,08496,244,6804
120,3,312,5217,83,08496,244,6804
120,3,312,5217,83,08496,244,6804
120,3,312,5217,83,08496,244,6804
120,3,312,5217,83,08496,244,6804
120,3,312,5217,83,08496,244,6804
120,3,312,5217,83,08496,244,6804
120,3,312,5217,83,08496,244,6804
120,3,312,5217,83,08496,244,6804
120,3,312,5217,83,08496,244,6804
120,3,312,5217,83,08496,244,6804
120,3,312,5217,83,08496,244,6804
120,3,312,5217,83,08496,244,6804
120,3,312,5217,83,08496,244,6804
120,3,312,5217,83,08496,244,6804
120,3,312,5217,83,08496,244,6804
120,3,312,5217,83,08496,244,6804
120,3,312,5217,83,08496,244,6804
120,3,312,5735,83,05469,244,8846
120,3,312,5735,83,05469,244,8846
120,3,312,5735,83,05469,244,8846
120,3,312,5735,83,05469,244,8846
120,3,312,5735,83,05469,244,8846
120,3,312,5735,83,05469,244,8846
120,3,312,5735,83,05469,244,8846
120,3,312,5735,83,05469,244,8846
120,3,312,5735,83,05469,244,8846
120,3,312,5735,83,05469,244,8846
120,3,312,5735,83,05469,244,8846
120,3,312,5735,83,05469,244,8846
120,3,312,5735,83,05469,244,8846
120,3,312,5735,83,05469,244,8846
120,3,312,5735,83,05469,244,8846
120,3,312,5735,83,05469,244,8846
120,3,312,5735,83,05469,244,8846
120,3,312,5735,83,05469,244,8846
120,3,312,5735,83,05469,244,8846
120,3,312,5735,83,05469,244,8846
120,3,312,5735,83,05469,244,8846
120,3,312,5735,83,05469,244,8846
120,3,312,5735,83,05469,244,8846
120,3,312,5735,83,05469,244,8846
120,3,312,5735,83,05469,244,8846
120,3,312,5735,83,05469,244,8846
120,3,312,5735,83,05469,244,8846
120,3,312,5735,83,05469,244,8846
120,3,312,5735,83,05469,244,8846
120,3,312,5735,83,05469,244,8846
120,3,312,5735,83,05469,244,8846
120,3,312,5735,83,05469,244,8846
120,3,312,5735,83,05469,244,8846
120,3,312,5735,83,05469,244,8846
120,3,312,5735,83,05469,244,8846
120,3,312,5735,83,05469,244,8846
120,3,312,5735,83,05469,244,8846
120,3,312,5735,83,05469,244,8846
120,3,312,5735,83,05469,244,8846
120,3,312,5735,83,05469,244,8846
120,3,312,5735,83,05469,244,8846
120,3,312,5735,83,05469,244,8846
120,3,312,5735,83,05469,244,8846
120,3,312,5735,83,05469,244,8846
120,3,312,5735,83,05469,244,8846
120,3,312,5735,83,05469,244,8846
120,3,312,5735,83,05469,244,8846
120,3,312,5735,83,05469,244,8846
120,3,312,5735,83,05469,244,8846
120,3,312,5735,83,05469,244,8846
120,3,312,5735,83,05469,244,8846
120,3,312,5735,83,05469,244,8846
120,3,312,5735,83,05469,244,8846
120,3,312,5735,83,05469,244,8846
120,3,312,5735,83,05469,244,8846
120,3,312,5735,83,05469,244,8846
120,3,312,5735,83,05469,244,8846
120,3,312,5735,83,05469,244,8846
120,3,312,5735,83,05469,244,8846
120,3,312,5735,83,05469,244,8846
120,3,312,5735,83,05469,244,8846
120,3,312,5735,83,05469,244,8846
120,3,312,5735,83,05469,244,8846
120,3,312,5735,83,05469,244,8846
120,3,312,5735,83,05469,244,8846
120,3,312,5735,83,05469,244,8846
120,3,312,5735,83,05469,244,8846
120,3,312,5735,83,05469,244,8846
120,3,312,5735,83,05469,244,8846
120,3,312,5735,83,05469,244,8846
120,3,312,5735,83,05469,244,8846
120,3,312,5735,83,05469,244,8846
120,3,312,5735,83,05469,244,8846
120,3,312,5735,83,05469,244,8846
120,3,312,5735,83,05469,244,8846
120,3,312,5735,83,05469,244,8846
120,3,312,5735,83,05469,244,8846
120,3,312,5735,83,05469,244,8846
120,3,312,5735,83,05469,244,8846
120,3,312,5735,83,05469,244,8846
120,3,312,5735,83,05469,244,8846
120,3,312,5735,83,05469,244,8846
120,3,312,5735,83,05469,244,8846
120,3,312,5735,83,05469,244,8846
120,3,312,5735,83,05469,244,8846
120,3,312,5735,83,05469,244,8846
120,3,312,5735,83,05469,244,8846
120,3,312,5735,83,05469,244,8846
120,3,312,5735,83,05469,244,8846
120,3,312,5735,83,05469,244,8846
120,3,312,5735,83,05469,244,8846
120,3,312,5735,83,05469,244,8846
120,3,312,5735,83,05469,244,8846
120,3,312,5735,83,05469,244,8846
120,3,312,5735,83,05469,244,8846
120,3,312,5735,83,05469,244,8846
120,3,312,5735,83,05469,244,8846
120,3,312,5735,83,05469,244,8846
120,3,312,5735,83,05469,244,8846
120,3,312,5735,83,05469,244,8846
120,3,312,5735,83,05469,244,8846
120,3,312,5735,83,05469,244,8846
120,3,312,5735,83,05469,244,8846
120,3,312,5735,83,05469,244,8846
120,3,312,5735,83,05469,244,8846
120,3,312,5735,83,05469,244,8846
120,3,312,5735,83,05469,244,8846
120,3,312,5735,83,05469,244,8846
120,3,312,5735,83,05469,244,8846
120,3,312,5735,83,05469,244,8846
120,3,312,5735,83,05469,244,8846
120,3,312,5735,83,05469,244,8846
120,3,312,5735,83,05469,244,8846
120,3,312,5735,83,05469,244,8846
120,3,312,5735,83,05469,244,8846
120,3,312,5735,83,05469,244,8846
120,3,312,5735,83,05469,244,8846
120,3,312,5735,83,05469,244,8846
120,3,312,5735,83,05469,244,8846
120,3,312,5735,83,05469,244,8846
120,3,312,5735,83,05469,244,8846
120,3,312,5735,83,05469,244,8846
120,3,312,5735,83,05469,244,8846
120,3,312,5735,83,05469,244,8846
120,3,312,5735,83,05469,244,8846
120,3,312,5735,83,05469,244,8846
120,3,312,5735,83,05469,244,8846
120,3,312,5735,83,05469,244,8846
120,3,312,5735,83,05469,244,8846
120,3,312,5735,83,05469,244,8846
120,3,312,5735,83,05469,244,8846
120,3,312,5735,83,05469,244,8846
120,3,312,5735,83,05469,244,8846
120,3,312,5735,83,05469,244,8846
120,3,312,5735,83,05469,244,8846
120,3,312,5735,83,05469,244,8846
120,3,312,5735,83,05469,244,8846
120,3,312,5735,83,05469,244,8846
120,3,312,5735,83,05469,244,8846
120,3,312,5735,83,05469,244,8846
120,3,312,5735,83,05469,244,8846
120,3,312,5735,83,05469,244,8846
120,3,312,5735,83,05469,244,8846
120,3,312,5735,83,05469,244,8846
120,3,312,5735,83,05469,244,8846
120,3,312,5735,83,05469,244,8846
120,3,312,5735,83,05469,244,8846
120,3,312,5735,83,05469,244,8846
120,3,312,5735,83,05469,244,8846
120,3,312,5735,83,05469,244,8846
120,3,312,5735,83,05469,244,8846
120,3,312,5735,83,05469,244,8846
120,3,312,5735,83,05469,244,8846
120,3,312,5735,83,05469,244,8846
120,3,312,5735,83,05469,244,8846
120,3,312,5735,83,05469,244,8846
120,3,312,5735,83,05469,244,8846
120,3,312,5735,83,05469,244,8846
120,3,312,5735,83,05469,244,8846
120,3,312,5735,83,05469,244,8846
120,3,312,5735,83,05469,244,8846
120,3,312,5735,83,05469,244,8846
120,3,312,5735,83,05469,244,8846
120,3,312,5735,83,05469,244,8846
120,3,312,5735,83,05469,244,8846
120,3,312,5735,83,05469,244,8846
120,3,312,5735,83,05469,244,8846
120,3,312,5735,83,05469,244,8846
120,3,312,5735,83,05469,244,8846
120,3,312,5735,83,05469,244,8846
120,3,312,5735,83,05469,244,8846
120,3,312,5735,83,05469,244,8846
120,3,312,5735,83,05469,244,8846
120,3,312,5735,83,05469,244,8846
120,3,312,5735,83,05469,244,8846
120,3,312,5735,83,05469,244,8846
120,3,312,5735,83,05469,244,8846
120,3,312,5735,83,05469,244,8846
120,3,312,5735,83,05469,244,8846
120,3,312,5735,83,05469,244,8846
120,3,312,5735,83,05469,244,8846
120,3,312,5735,83,05469,244,8846
120,3,312,5735,83,05469,244,8846
120,3,312,5735,83,05469,244,8846
120,3,312,5735,83,05469,244,8846
120,3,312,5735,83,05469,244,8846
120,3,312,5735,83,05469,244,8846
120,3,312,5735,83,05469,244,8846
120,3,312,5735,83,05469,244,8846
120,3,312,5735,83,05469,244,8846
120,3,312,5735,83,05469,244,8846
120,3,312,5735,83,05469,244,8846
120,3,312,5735,83,05469,244,8846
120,3,312,5735,83,05469,244,8846
120,3,312,5735,83,05469,244,8846
120,3,312,5735,83,05469,244,8846
120,3,312,5735,83,05469,244,8846
120,3,312,5735,83,05469,244,8846
120,3,312,5735,83,05469,244,8846
120,3,312,5735,83,05469,244,8846
120,3,312,5735,83,05469,244,8846
120,3,312,5735,83,05469,244,8846
120,3,312,5735,83,05469,244,8846
120,3,312,5735,83,05469,244,8846
120,3,312,5735,83,05469,244,8846
120,3,312,5735,83,05469,244,8846
120,3,312,5735,83,05469,244,8846
120,3,312,5735,83,05469,244,8846
120,3,312,5735,83,05469,244,8846
120,3,312,5735,83,05469,244,8846
120,3,312,5735,83,05469,244,8846
120,3,312,5735,83,05469,244,8846
120,3,312,5735,83,05469,244,8846
120,3,312,5735,83,05469,244,8846
120,3,312,5735,83,05469,244,8846
120,3,312,5735,83,05469,244,8846
120,3,312,5735,83,05469,244,8846
120,3,312,5735,83,05469,244,8846
120,3,312,5735,83,05469,244,8846
120,3,312,5735,83,05469,244,8846
120,3,312,5735,83,05469,244,8846
120,3,312,5735,83,05469,244,8846
120,3,312,5735,83,05469,244,8846
120,3,312,5735,83,05469,244,8846
120,3,312,5735,83,05469,244,8846
120,3,312,5735,83,05469,244,8846
120,3,312,5735,83,05469,244,8846
120,3,312,5735,83,05469,244,8846
120,3,312,5735,83,05469,244,8846
120,3,312,5735,83,05469,244,8846
120,3,312,5735,83,05469,244,8846
120,3,312,5735,83,05469,244,8846
120,3,312,5735,83,05469,244,8846
120,3,312,5735,83,05469,244,8846
120,3,312,5735,83,05469,244,8846
120,3,312,5735,83,05469,244,8846
120,3,312,5735,83,05469,244,8846
120,3,312,5735,83,05469,244,8846
120,3,312,5735,83,05469,244,8846
120,3,312,5735,83,05469,244,8846
120,3,312,5735,83,05469,244,8846
120,3,312,5735,83,05469,244,8846
120,3,312,5735,83,05469,244,8846
120,3,312,5735,83,05469,244,8846
120,3,312,5735,83,05469,244,8846
120,3,312,5735,83,05469,244,8846
120,3,312,5735,83,05469,244,8846
120,3,312,5735,83,05469,244,8846
120,3,312,5735,83,05469,244,8846
120,3,312,5735,83,05469,244,8846
120,3,312,5735,83,05469,244,8846
120,3,312,5735,83,05469,244,8846
120,3,312,5735,83,05469,244,8846
120,3,312,5735,83,05469,244,8846
120,3,312,5735,83,05469,244,8846
120,3,312,5735,83,05469,244,8846
120,3,312,5735,83,05469,244,8846
120,3,312,5735,83,05469,244,8846
120,3,312,5735,83,05469,244,8846
120,3,312,5735,83,05469,244,8846
120,3,312,5735,83,05469,244,8846
120,3,312,5735,83,05469,244,8846
120,3,312,5735,83,05469,244,8846
120,3,312,5735,83,05469,244,8846
120,3,312,5735,83,05469,244,8846
120,3,312,5735,83,05469,244,8846
120,3,312,5735,83,05469,244,8846
120,3,312,5735,83,05469,244,8846
120,3,312,5735,83,05469,244,8846
120,3,312,5735,83,05469,244,8846
120,3,312,5735,83,05469,244,8846
120,3,312,5735,83,05469,244,8846
120,3,312,5735,83,05469,244,8846
120,3,312,5735,83,05469,244,8846
120,3,312,5735,83,05469,244,8846
120,3,312,5735,83,05469,244,8846
120,3,312,5735,83,05469,244,8846
120,3,312,5735,83,05469,244,8846
120,3,312,5735,83,05469,244,8846
120,3,312,5735,83,05469,244,8846
120,3,312,5735,83,05469,244,8846
120,3,312,5735,83,05469,244,8846
120,3,312,5735,83,05469,244,8846
120,3,312,5735,83,05469,244,8846
120,3,312,5735,83,05469,244,8846
120,3,312,5735,83,05469,244,8846
120,3,312,5735,83,05469,244,8846
120,3,312,5735,83,05469,244,8846
120,3,312,5735,83,05469,244,8846
120,3,312,5735,83,05469,244,8846
120,3,312,5735,83,05469,244,8846
120,3,312,5735,83,05469,244,8846
120,3,312,5735,83,05469,244,8846
120,3,312,5735,83,05469,244,8846
120,3,312,5735,83,05469,244,8846
120,3,312,5735,83,05469,244,8846
120,3,312,5735,83,05469,244,8846
120,3,312,5735,83,05469,244,8846
120,3,312,5735,83,05469,244,8846
120,3,312,5735,83,05469,244,8846
120,3,312,5735,83,05469,244,8846
120,3,312,5735,83,05469,244,8846
120,3,312,5735,83,05469,244,8846
120,3,312,5735,83,05469,244,8846
120,3,312,5735,83,05469,244,8846
120,3,312,5735,83,05469,244,8846
120,3,312,5735,83,05469,244,8846
120,3,312,5735,83,05469,244,8846
120,3,312,5735,83,05469,244,8846
120,3,312,5735,83,05469,244,8846
120,3,312,5735,83,05469,244,8846
120,3,312,5735,83,05469,244,8846
120,3,312,5735,83,05469,244,8846
120,3,312,5735,83,05469,244,8846
120,3,312,5735,83,05469,244,8846
120,3,312,5735,83,05469,244,8846
120,3,312,5735,83,05469,244,8846
120,3,312,5735,83,05469,244,8846
120,3,312,5735,83,05469,244,8846
120,3,312,5735,83,05469,244,8846
120,3,312,5735,83,05469,244,8846
120,3,312,5735,83,05469,244,8846
120,3,312,5735,83,05469,244,8846
120,3,312,5735,83,05469,244,8846
120,3,312,5735,83,05469,244,8846
120,3,312,5735,83,05469,244,8846
120,3,312,5735,83,05469,244,8846
120,3,312,5735,83,05469,244,8846
120,3,312,5735,83,05469,244,8846
120,3,312,5735,83,05469,244,8846
120,3,312,5735,83,05469,244,8846
120,3,312,5735,83,05469,244,8846
120,3,312,5735,83,05469,244,8846
120,3,312,5735,83,05469,244,8846
120,3,312,5735,83,05469,244,8846
120,3,312,5735,83,05469,244,8846
120,3,312,5735,83,05469,244,8846
120,3,312,5735,83,05469,244,8846
120,3,312,5735,83,05469,244,8846
120,3,312,5735,83,05469,244,8846
120,3,312,5735,83,05469,244,8846
120,3,312,5735,83,05469,244,8846
120,3,312,5735,83,05469,244,8846
120,3,312,5735,83,05469,244,8846
120,3,312,5735,83,05469,244,8846
120,3,312,5735,83,05469,244,8846
120,3,312,5735,83,05469,244,8846
120,3,312,5735,83,05469,244,8846
120,4,312,5735,83,05469,244,8846
120,4,312,5735,83,05469,244,8846
120,4,312,5735,83,05469,244,8846
120,4,312,6216,83,02637,245,0748
120,4,312,6216,83,02637,245,0748
120,4,312,6216,83,02637,245,0748
120,4,312,6216,83,02637,245,0748
120,4,312,6719,82,99707,245,2734
120,4,312,6719,82,99707,245,2734
120,4,312,6719,82,99707,245,2734
120,4,312,7456,82,9541,245,5642
120,4,312,7456,82,9541,245,5642
120,4,312,7456,82,9541,245,5642
120,4,312,8035,82,92041,245,793
120,4,312,8035,82,92041,245,793
120,4,312,8035,82,92041,245,793
120,4,312,863,82,88574,246,0281
120,4,312,863,82,88574,246,0281
120,4,312,863,82,88574,246,0281
120,4,312,9255,82,84912,246,2748
120,4,312,9255,82,84912,246,2748
120,4,312,9255,82,84912,246,2748
120,4,312,9897,82,81152,246,5286
120,4,312,9897,82,81152,246,5286
120,4,312,9897,82,81152,246,5286
120,4,312,9897,82,81152,246,5286
120,4,313,0496,82,77637,246,7651
120,4,313,0496,82,77637,246,7651
120,4,313,0496,82,77637,246,7651
120,4,313,1135,82,73877,247,0181
120,4,313,1135,82,73877,247,0181
120,4,313,1135,82,73877,247,0181
120,4,313,1738,82,70361,247,256
120,4,313,1738,82,70361,247,256
120,4,313,1738,82,70361,247,256
120,4,313,2349,82,66797,247,4968
120,4,313,2349,82,66797,247,4968
120,4,313,2349,82,66797,247,4968
120,4,313,2979,82,63135,247,7458
120,4,313,2979,82,63135,247,7458
120,4,313,2979,82,63135,247,7458
120,4,313,3582,82,59619,247,9836
120,4,313,3582,82,59619,247,9836
120,4,313,3582,82,59619,247,9836
120,4,313,3582,82,59619,247,9836
120,4,313,4167,82,56201,248,215
120,4,313,4167,82,56201,248,215
120,4,313,4167,82,56201,248,215
120,4,313,4829,82,52344,248,4758
120,4,313,4829,82,52344,248,4758
120,4,313,4829,82,52344,248,4758
120,4,313,5488,82,48486,248,7358
120,4,313,5488,82,48486,248,7358
120,4,313,5488,82,48486,248,7358
120,4,313,5488,82,48486,248,7358
120,4,313,5488,82,48486,248,7358
120,4,313,5488,82,48486,248,7358
120,4,313,6125,82,44775,248,9877
120,4,313,6125,82,44775,248,9877
120,4,313,6125,82,44775,248,9877
120,4,313,6648,82,41748,249,1936
120,4,313,6648,82,41748,249,1936
120,4,313,6648,82,41748,249,1936
120,4,313,6648,82,41748,249,1936
120,4,313,7273,82,38086,249,4409
120,4,313,7273,82,38086,249,4409
120,4,313,7273,82,38086,249,4409
120,4,313,7893,82,34473,249,6853
120,4,313,7893,82,34473,249,6853
120,4,313,7893,82,34473,249,6853
120,4,313,8533,82,30762,249,9373
120,4,313,8533,82,30762,249,9373
120,4,313,8533,82,30762,249,9373
120,4,313,8533,82,30762,249,9373
120,4,313,9187,82,26953,250,1957
120,4,313,9187,82,26953,250,1957
120,4,313,9187,82,26953,250,1957
120,4,313,9834,82,23193,250,4514
120,4,313,9834,82,23193,250,4514
120,4,313,9834,82,23193,250,4514
120,4,313,9834,82,23193,250,4514
120,4,314,053,82,19141,250,726
120,4,314,053,82,19141,250,726
120,4,314,053,82,19141,250,726
120,4,314,1189,82,15283,250,9857
120,4,314,1189,82,15283,250,9857
120,4,314,1189,82,15283,250,9857
120,4,314,1829,82,11572,251,2377
120,4,314,1829,82,11572,251,2377
120,4,314,1829,82,11572,251,2377
120,4,314,2478,82,07764,251,4938
120,4,314,2478,82,07764,251,4938
120,4,314,2478,82,07764,251,4938
120,4,314,2478,82,07764,251,4938
120,4,314,3115,82,04053,251,7456
120,4,314,3115,82,04053,251,7456
120,4,314,3115,82,04053,251,7456
120,4,314,3115,82,04053,251,7456
120,4,314,3777,82,00195,252,0063
120,4,314,3777,82,00195,252,0063
120,4,314,3777,82,00195,252,0063
120,4,314,4492,81,95996,252,2887
120,4,314,4492,81,95996,252,2887
120,4,314,4492,81,95996,252,2887
120,4,314,5142,81,92188,252,545
120,4,314,5142,81,92188,252,545
120,4,314,5142,81,92188,252,545
120,4,314,5142,81,92188,252,545
120,4,314,5811,81,88281,252,8092
120,4,314,5811,81,88281,252,8092
120,4,314,5811,81,88281,252,8092
120,4,314,5811,81,88281,252,8092
120,5,314,5811,81,88281,252,8092
120,5,314,5811,81,88281,252,8092
120,5,314,5811,81,88281,252,8092
120,5,314,5811,81,88281,252,8092
120,5,314,636,81,85059,253,0264
120,5,314,636,81,85059,253,0264
120,5,314,636,81,85059,253,0264
120,5,314,636,81,85059,253,0264
120,5,314,6885,81,81982,253,2339
120,5,314,6885,81,81982,253,2339
120,5,314,6885,81,81982,253,2339
120,5,314,75,81,78418,253,4763
120,5,314,75,81,78418,253,4763
120,5,314,75,81,78418,253,4763
120,5,314,8147,81,74658,253,7316
120,5,314,8147,81,74658,253,7316
120,5,314,8147,81,74658,253,7316
120,5,314,8147,81,74658,253,7316
120,5,314,8772,81,70996,253,9788
120,5,314,8772,81,70996,253,9788
120,5,314,8772,81,70996,253,9788
120,5,314,9434,81,67139,254,2397
120,5,314,9434,81,67139,254,2397
120,5,314,9434,81,67139,254,2397
120,5,314,9434,81,67139,254,2397
120,5,315,0137,81,63037,254,5173
120,5,315,0137,81,63037,254,5173
120,5,315,0137,81,63037,254,5173
120,5,315,0847,81,58887,254,7981
120,5,315,0847,81,58887,254,7981
120,5,315,0847,81,58887,254,7981
120,5,315,0847,81,58887,254,7981
120,5,315,1516,81,5498,255,0625
120,5,315,1516,81,5498,255,0625
120,5,315,1516,81,5498,255,0625
120,5,315,2209,81,50928,255,3363
120,5,315,2209,81,50928,255,3363
120,5,315,2209,81,50928,255,3363
120,5,315,2209,81,50928,255,3363
120,5,315,2864,81,47119,255,595
120,5,315,2864,81,47119,255,595
120,5,315,2864,81,47119,255,595
120,5,315,3506,81,43359,255,8488
120,5,315,3506,81,43359,255,8488
120,5,315,3506,81,43359,255,8488
120,5,315,4128,81,39746,256,0942
120,5,315,4128,81,39746,256,0942
120,5,315,4128,81,39746,256,0942
120,5,315,4753,81,36084,256,3405
120,5,315,4753,81,36084,256,3405
120,5,315,4753,81,36084,256,3405
120,5,315,5403,81,32275,256,5972
120,5,315,5403,81,32275,256,5972
120,5,315,5403,81,32275,256,5972
120,5,315,5403,81,32275,256,5972
120,5,315,6028,81,28613,256,8442
120,5,315,6028,81,28613,256,8442
120,5,315,6028,81,28613,256,8442
120,5,315,6028,81,28613,256,8442
120,5,315,6028,81,28613,256,8442
120,5,315,6028,81,28613,256,8442
120,5,315,6028,81,28613,256,8442
120,5,315,6028,81,28613,256,8442
120,5,315,6028,81,28613,256,8442
120,5,315,6028,81,28613,256,8442
120,5,315,6626,81,25098,257,0807
120,5,315,6626,81,25098,257,0807
120,5,315,6626,81,25098,257,0807
120,5,315,6626,81,25098,257,0807
120,5,315,7273,81,21338,257,3357
120,5,315,7273,81,21338,257,3357
120,5,315,7273,81,21338,257,3357
120,5,315,8052,81,16797,257,6429
120,5,315,8052,81,16797,257,6429
120,5,315,8052,81,16797,257,6429
120,5,315,8052,81,16797,257,6429
120,5,315,8052,81,16797,257,6429
120,5,315,8777,81,12549,257,9292
120,5,315,8777,81,12549,257,9292
120,5,315,8777,81,12549,257,9292
120,5,315,8777,81,12549,257,9292
120,5,315,9724,81,07031,258,3029
120,5,315,9724,81,07031,258,3029
120,5,315,9724,81,07031,258,3029
120,5,315,9724,81,07031,258,3029
120,5,315,9724,81,07031,258,3029
120,5,316,0562,81,02148,258,6331
120,5,316,0562,81,02148,258,6331
120,5,316,0562,81,02148,258,6331
120,5,316,1348,80,97559,258,9436
120,5,316,1348,80,97559,258,9436
120,5,316,1348,80,97559,258,9436
120,5,316,2002,80,9375,259,2021
120,5,316,2002,80,9375,259,2021
120,5,316,2002,80,9375,259,2021
120,5,316,2627,80,90088,259,449
120,5,316,2627,80,90088,259,449
120,5,316,2627,80,90088,259,449
120,5,316,3225,80,86572,259,6852
120,5,316,3225,80,86572,259,6852
120,5,316,3225,80,86572,259,6852
120,5,316,3835,80,83008,259,9261
120,5,316,3835,80,83008,259,9261
120,5,316,3835,80,83008,259,9261
120,5,316,4426,80,79541,260,1589
120,5,316,4426,80,79541,260,1589
120,5,316,4426,80,79541,260,1589
120,5,316,4426,80,79541,260,1589
120,5,316,5007,80,76172,260,3881
120,5,316,5007,80,76172,260,3881
120,5,316,5007,80,76172,260,3881
120,5,316,564,80,72461,260,6378
120,5,316,564,80,72461,260,6378
120,5,316,564,80,72461,260,6378
120,5,316,626,80,68848,260,8826
120,5,316,626,80,68848,260,8826
120,5,316,626,80,68848,260,8826
120,5,316,626,80,68848,260,8826
120,5,316,626,80,68848,260,8826
120,5,316,626,80,68848,260,8826
120,5,316,626,80,68848,260,8826
120,5,316,626,80,68848,260,8826
120,5,316,626,80,68848,260,8826
120,6,316,626,80,68848,260,8826
120,6,316,626,80,68848,260,8826
120,6,316,626,80,68848,260,8826
120,6,316,6702,80,6626,261,0575
120,6,316,6702,80,6626,261,0575
120,6,316,6702,80,6626,261,0575
120,6,316,718,80,63477,261,2468
120,6,316,718,80,63477,261,2468
120,6,316,718,80,63477,261,2468
120,6,316,7778,80,59961,261,483
120,6,316,7778,80,59961,261,483
120,6,316,7778,80,59961,261,483
120,6,316,7778,80,59961,261,483
120,6,316,8352,80,56592,261,7096
120,6,316,8352,80,56592,261,7096
120,6,316,9014,80,52734,261,9712
120,6,316,9014,80,52734,261,9712
120,6,316,9014,80,52734,261,9712
120,6,316,9526,80,49756,262,1738
120,6,316,9526,80,49756,262,1738
120,6,316,9526,80,49756,262,1738
120,6,317,0017,80,46875,262,3679
120,6,317,0017,80,46875,262,3679
120,6,317,0522,80,43945,262,5675
120,6,317,0522,80,43945,262,5675
120,6,317,0522,80,43945,262,5675
120,6,317,1008,80,41113,262,759
120,6,317,1008,80,41113,262,759
120,6,317,1511,80,38184,262,9574
120,6,317,1511,80,38184,262,9574
120,6,317,1511,80,38184,262,9574
120,6,317,2,80,35303,263,1506
120,6,317,2,80,35303,263,1506
120,6,317,2,80,35303,263,1506
120,6,317,2512,80,32324,263,3529
120,6,317,2512,80,32324,263,3529
120,6,317,3035,80,29248,263,5594
120,6,317,3035,80,29248,263,5594
120,6,317,3035,80,29248,263,5594
120,6,317,3562,80,26172,263,7675
120,6,317,3562,80,26172,263,7675
120,6,317,4063,80,23242,263,9653
120,6,317,4063,80,23242,263,9653
120,6,317,4063,80,23242,263,9653
120,6,317,4565,80,20313,264,1641
120,6,317,4565,80,20313,264,1641
120,6,317,5059,80,17432,264,3584
120,6,317,5059,80,17432,264,3584
120,6,317,5059,80,17432,264,3584
120,6,317,5554,80,14551,264,5536
120,6,317,5554,80,14551,264,5536
120,6,317,5554,80,14551,264,5536
120,6,317,6123,80,1123,264,7781
120,6,317,6123,80,1123,264,7781
120,6,317,6123,80,1123,264,7781
120,6,317,6123,80,1123,264,7781
120,6,317,6123,80,1123,264,7781
120,6,317,6123,80,1123,264,7781
120,6,317,6123,80,1123,264,7781
120,6,317,6123,80,1123,264,7781
120,6,317,6123,80,1123,264,7781
120,6,317,6123,80,1123,264,7781
120,6,317,6123,80,1123,264,7781
120,6,317,6123,80,1123,264,7781
120,6,317,6123,80,1123,264,7781
120,6,317,6123,80,1123,264,7781
120,6,317,6123,80,1123,264,7781
120,6,317,6675,80,08008,264,9963
120,6,317,6675,80,08008,264,9963
120,6,317,6675,80,08008,264,9963
120,6,317,7117,80,0542,265,171
120,6,317,7117,80,0542,265,171
120,6,317,7117,80,0542,265,171
120,6,317,7688,80,021,265,3965
120,6,317,7688,80,021,265,3965
120,6,317,824,79,98877,265,6147
120,6,317,824,79,98877,265,6147
120,6,317,824,79,98877,265,6147
120,6,317,877,79,95801,265,8236
120,6,317,877,79,95801,265,8236
120,6,317,877,79,95801,265,8236
120,6,317,9265,79,9292,266,0188
120,6,317,9265,79,9292,266,0188
120,6,317,9265,79,9292,266,0188
120,6,317,9817,79,89697,266,2362
120,6,317,9817,79,89697,266,2362
120,6,317,9817,79,89697,266,2362
120,6,318,0371,79,86475,266,4551
120,6,318,0371,79,86475,266,4551
120,6,318,0371,79,86475,266,4551
120,6,318,093,79,83203,266,676
120,6,318,093,79,83203,266,676
120,6,318,1536,79,79639,266,9155
120,6,318,1536,79,79639,266,9155
120,6,318,1536,79,79639,266,9155
120,6,318,2061,79,76563,267,1228
120,6,318,2061,79,76563,267,1228
120,6,318,2546,79,7373,267,3151
120,6,318,2546,79,7373,267,3151
120,6,318,2546,79,7373,267,3151
120,6,318,3047,79,70801,267,5127
120,6,318,3047,79,70801,267,5127
120,6,318,3047,79,70801,267,5127
120,6,318,3552,79,67871,267,7119
120,6,318,3552,79,67871,267,7119
120,6,318,4058,79,64941,267,9114
120,6,318,4058,79,64941,267,9114
120,6,318,4058,79,64941,267,9114
120,6,318,4536,79,62158,268,1
120,6,318,4536,79,62158,268,1
120,6,318,5044,79,5918,268,3
120,6,318,5044,79,5918,268,3
120,6,318,5044,79,5918,268,3
120,6,318,5579,79,56055,268,5115
120,6,318,5579,79,56055,268,5115
120,6,318,5579,79,56055,268,5115
120,6,318,6118,79,5293,268,7241
120,6,318,6118,79,5293,268,7241
120,6,318,6118,79,5293,268,7241
120,6,318,6118,79,5293,268,7241
120,6,318,6118,79,5293,268,7241
120,6,318,6118,79,5293,268,7241
120,6,318,6118,79,5293,268,7241
120,6,318,6118,79,5293,268,7241
120,6,318,6118,79,5293,268,7241
120,6,318,6118,79,5293,268,7241
120,6,318,6118,79,5293,268,7241
120,6,318,6118,79,5293,268,7241
120,6,318,6118,79,5293,268,7241
120,7,318,6118,79,5293,268,7241
120,7,318,6118,79,5293,268,7241
120,7,318,6516,79,50586,268,8813
120,7,318,6516,79,50586,268,8813
120,7,318,6516,79,50586,268,8813
120,7,318,6917,79,48242,269,0393
120,7,318,6917,79,48242,269,0393
120,7,318,7432,79,45215,269,2428
120,7,318,7432,79,45215,269,2428
120,7,318,7432,79,45215,269,2428
120,7,318,7935,79,42285,269,4414
120,7,318,7935,79,42285,269,4414
120,7,318,7935,79,42285,269,4414
120,7,318,8418,79,39453,269,632
120,7,318,8418,79,39453,269,632
120,7,318,8943,79,36377,269,8386
120,7,318,8943,79,36377,269,8386
120,7,318,8943,79,36377,269,8386
120,7,318,9448,79,33447,270,0377
120,7,318,9448,79,33447,270,0377
120,7,318,9922,79,30664,270,2246
120,7,318,9922,79,30664,270,2246
120,7,318,9922,79,30664,270,2246
120,7,319,04,79,27881,270,4138
120,7,319,04,79,27881,270,4138
120,7,319,0886,79,25049,270,6058
120,7,319,0886,79,25049,270,6058
120,7,319,0886,79,25049,270,6058
120,7,319,0886,79,25049,270,6058
120,7,319,0886,79,25049,270,6058
120,7,319,1416,79,21973,270,8152
120,7,319,1416,79,21973,270,8152
120,7,319,1416,79,21973,270,8152
120,7,319,2388,79,16309,271,199
120,7,319,2388,79,16309,271,199
120,7,319,2388,79,16309,271,199
120,7,319,2913,79,13232,271,4065
120,7,319,2913,79,13232,271,4065
120,7,319,3418,79,10303,271,6061
120,7,319,3418,79,10303,271,6061
120,7,319,3884,79,07568,271,7897
120,7,319,3884,79,07568,271,7897
120,7,319,3884,79,07568,271,7897
120,7,319,4373,79,04736,271,9824
120,7,319,4373,79,04736,271,9824
120,7,319,4851,79,01953,272,171
120,7,319,4851,79,01953,272,171
120,7,319,4851,79,01953,272,171
120,7,319,5327,78,9917,272,3586
120,7,319,5327,78,9917,272,3586
120,7,319,5835,78,96191,272,559
120,7,319,5835,78,96191,272,559
120,7,319,5835,78,96191,272,559
120,7,319,6306,78,93408,272,7455
120,7,319,6306,78,93408,272,7455
120,7,319,6785,78,90625,272,9343
120,7,319,6785,78,90625,272,9343
120,7,319,6785,78,90625,272,9343
120,7,319,7283,78,87695,273,1315
120,7,319,7283,78,87695,273,1315
120,7,319,7742,78,8501,273,313
120,7,319,7742,78,8501,273,313
120,7,319,7742,78,8501,273,313
120,7,319,8218,78,82227,273,5011
120,7,319,8218,78,82227,273,5011
120,7,319,8687,78,79492,273,6862
120,7,319,8687,78,79492,273,6862
120,7,319,8687,78,79492,273,6862
120,7,319,9167,78,76709,273,8755
120,7,319,9167,78,76709,273,8755
120,7,319,9167,78,76709,273,8755
120,7,319,9658,78,73828,274,0691
120,7,319,9658,78,73828,274,0691
120,7,320,0222,78,70508,274,292
120,7,320,0222,78,70508,274,292
120,7,320,0222,78,70508,274,292
120,7,320,074,78,6748,274,4966
120,7,320,074,78,6748,274,4966
120,7,320,074,78,6748,274,4966
120,7,320,1353,78,63916,274,7388
120,7,320,1353,78,63916,274,7388
120,7,320,1353,78,63916,274,7388
120,7,320,1863,78,60938,274,9401
120,7,320,1863,78,60938,274,9401
120,7,320,2371,78,57959,275,141
120,7,320,2371,78,57959,275,141
120,7,320,2371,78,57959,275,141
120,7,320,2891,78,54932,275,3462
120,7,320,2891,78,54932,275,3462
120,7,320,3384,78,52051,275,5411
120,7,320,3384,78,52051,275,5411
120,7,320,3384,78,52051,275,5411
120,7,320,3875,78,4917,275,735
120,7,320,3875,78,4917,275,735
120,7,320,4368,78,46289,275,9299
120,7,320,4368,78,46289,275,9299
120,7,320,4368,78,46289,275,9299
120,7,320,4863,78,43408,276,1255
120,7,320,4863,78,43408,276,1255
120,7,320,4863,78,43408,276,1255
120,7,320,5383,78,40381,276,3307
120,7,320,5383,78,40381,276,3307
120,7,320,5879,78,375,276,5266
120,7,320,5879,78,375,276,5266
120,7,320,5879,78,375,276,5266
120,7,320,6384,78,34521,276,7264
120,7,320,6384,78,34521,276,7264
120,7,320,688,78,31641,276,9219
120,7,320,688,78,31641,276,9219
120,7,320,688,78,31641,276,9219
120,7,320,7371,78,2876,277,116
120,7,320,7371,78,2876,277,116
120,7,320,7847,78,25977,277,304
120,8,320,7847,78,25977,277,304
120,8,320,7847,78,25977,277,304
120,8,320,8335,78,23145,277,4968
120,8,320,8335,78,23145,277,4968
120,8,320,8804,78,2041,277,6818
120,8,320,8804,78,2041,277,6818
120,8,320,8804,78,2041,277,6818
120,8,320,9297,78,17529,277,8768
120,8,320,9297,78,17529,277,8768
120,8,320,9795,78,146,278,0737
120,8,320,9795,78,146,278,0737
120,8,320,9795,78,146,278,0737
120,8,321,0283,78,11768,278,2664
120,8,321,0283,78,11768,278,2664
120,8,321,0754,78,09033,278,4526
120,8,321,0754,78,09033,278,4526
120,8,321,0754,78,09033,278,4526
120,8,321,1228,78,0625,278,6401
120,8,321,1228,78,0625,278,6401
120,8,321,1729,78,0332,278,8374
120,8,321,1729,78,0332,278,8374
120,8,321,1729,78,0332,278,8374
120,8,321,2224,78,00439,279,0326
120,8,321,2224,78,00439,279,0326
120,8,321,2698,77,97656,279,2196
120,8,321,2698,77,97656,279,2196
120,8,321,2698,77,97656,279,2196
120,8,321,3196,77,94727,279,416
120,8,321,3196,77,94727,279,416
120,8,321,3667,77,91992,279,6019
120,8,321,3667,77,91992,279,6019
120,8,321,3667,77,91992,279,6019
120,8,321,4182,77,88965,279,8049
120,8,321,4182,77,88965,279,8049
120,8,321,4658,77,86182,279,9927
120,8,321,4658,77,86182,279,9927
120,8,321,4658,77,86182,279,9927
120,8,321,5151,77,83301,280,1876
120,8,321,5151,77,83301,280,1876
120,8,321,5642,77,8042,280,3809
120,8,321,5642,77,8042,280,3809
120,8,321,5642,77,8042,280,3809
120,8,321,6133,77,77539,280,5747
120,8,321,6133,77,77539,280,5747
120,8,321,6133,77,77539,280,5747
120,8,321,6628,77,74658,280,77
120,8,321,6628,77,74658,280,77
120,8,321,7151,77,71582,280,9768
120,8,321,7151,77,71582,280,9768
120,8,321,7151,77,71582,280,9768
120,8,321,7644,77,68701,281,1711
120,8,321,7644,77,68701,281,1711
120,8,321,8123,77,65918,281,3605
120,8,321,8123,77,65918,281,3605
120,8,321,8123,77,65918,281,3605
120,8,321,864,77,62891,281,5649
120,8,321,864,77,62891,281,5649
120,8,321,9116,77,60107,281,7527
120,8,321,9116,77,60107,281,7527
120,8,321,9116,77,60107,281,7527
120,8,321,9617,77,57178,281,9506
120,8,321,9617,77,57178,281,9506
120,8,322,0098,77,54346,282,1407
120,8,322,0098,77,54346,282,1407
120,8,322,0098,77,54346,282,1407
120,8,322,062,77,51318,282,3467
120,8,322,062,77,51318,282,3467
120,8,322,1111,77,48438,282,5402
120,8,322,1111,77,48438,282,5402
120,8,322,1111,77,48438,282,5402
120,8,322,1587,77,45654,282,728
120,8,322,1587,77,45654,282,728
120,8,322,2061,77,42871,282,9147
120,8,322,2061,77,42871,282,9147
120,8,322,2061,77,42871,282,9147
120,8,322,2563,77,39941,283,1134
120,8,322,2563,77,39941,283,1134
120,8,322,2563,77,39941,283,1134
120,8,322,3059,77,37061,283,3092
120,8,322,3059,77,37061,283,3092
120,8,322,3562,77,34131,283,5072
120,8,322,3562,77,34131,283,5072
120,8,322,3562,77,34131,283,5072
120,8,322,4063,77,31201,283,7045
120,8,322,4063,77,31201,283,7045
120,8,322,4563,77,28271,283,9016
120,8,322,4563,77,28271,283,9016
120,8,322,5029,77,25537,284,0854
120,8,322,5029,77,25537,284,0854
120,8,322,5029,77,25537,284,0854
120,8,322,5488,77,22852,284,2664
120,8,322,5488,77,22852,284,2664
120,8,322,5962,77,20068,284,4534
120,8,322,5962,77,20068,284,4534
120,8,322,5962,77,20068,284,4534
120,8,322,6438,77,17285,284,6418
120,8,322,6438,77,17285,284,6418
120,8,322,6438,77,17285,284,6418
120,8,322,7024,77,13867,284,8735
120,8,322,7024,77,13867,284,8735
120,8,322,7522,77,10938,285,0703
120,8,322,7522,77,10938,285,0703
120,8,322,7522,77,10938,285,0703
120,8,322,7979,77,08252,285,2505
120,8,322,7979,77,08252,285,2505
120,8,322,8489,77,05273,285,4521
120,8,322,8489,77,05273,285,4521
120,8,322,8489,77,05273,285,4521
120,8,322,8955,77,02539,285,636
120,8,322,8955,77,02539,285,636
120,8,322,947,76,99512,285,8394
120,8,322,947,76,99512,285,8394
120,8,322,947,76,99512,285,8394
120,8,322,9946,76,96729,286,0276
120,8,322,9946,76,96729,286,0276
120,8,322,9946,76,96729,286,0276
120,8,323,0435,76,93896,286,2203
120,8,323,0435,76,93896,286,2203
120,8,323,0999,76,90625,286,4425
120,9,323,0999,76,90625,286,4425
120,9,323,0999,76,90625,286,4425
120,9,323,147,76,87891,286,6289
120,9,323,147,76,87891,286,6289
120,9,323,147,76,87891,286,6289
120,9,323,2014,76,84717,286,8438
120,9,323,2014,76,84717,286,8438
120,9,323,2517,76,81787,287,042
120,9,323,2517,76,81787,287,042
120,9,323,2979,76,79102,287,2239
120,9,323,2979,76,79102,287,2239
120,9,323,2979,76,79102,287,2239
120,9,323,3433,76,76465,287,4031
120,9,323,3433,76,76465,287,4031
120,9,323,387,76,73926,287,5759
120,9,323,387,76,73926,287,5759
120,9,323,4341,76,71191,287,7622
120,9,323,4341,76,71191,287,7622
120,9,323,4341,76,71191,287,7622
120,9,323,4788,76,68604,287,9382
120,9,323,4788,76,68604,287,9382
120,9,323,5239,76,65967,288,1167
120,9,323,5239,76,65967,288,1167
120,9,323,5696,76,6333,288,2964
120,9,323,5696,76,6333,288,2964
120,9,323,5696,76,6333,288,2964
120,9,323,6167,76,60596,288,4827
120,9,323,6167,76,60596,288,4827
120,9,323,6606,76,58057,288,6559
120,9,323,6606,76,58057,288,6559
120,9,323,7068,76,55371,288,8386
120,9,323,7068,76,55371,288,8386
120,9,323,7507,76,52832,289,0117
120,9,323,7507,76,52832,289,0117
120,9,323,7507,76,52832,289,0117
120,9,323,793,76,50342,289,1786
120,9,323,793,76,50342,289,1786
120,9,323,8398,76,47607,289,3638
120,9,323,8398,76,47607,289,3638
120,9,323,8398,76,47607,289,3638
120,9,323,8865,76,44873,289,5482
120,9,323,8865,76,44873,289,5482
120,9,323,9307,76,42285,289,7227
120,9,323,9307,76,42285,289,7227
120,9,323,9731,76,39795,289,8904
120,9,323,9731,76,39795,289,8904
120,9,324,0166,76,37256,290,062
120,9,324,0166,76,37256,290,062
120,9,324,0605,76,34668,290,2358
120,9,324,0605,76,34668,290,2358
120,9,324,0605,76,34668,290,2358
120,9,324,1033,76,32178,290,4041
120,9,324,1033,76,32178,290,4041
120,9,324,1482,76,29541,290,5813
120,9,324,1482,76,29541,290,5813
120,9,324,1482,76,29541,290,5813
120,9,324,1948,76,26807,290,7651
120,9,324,1948,76,26807,290,7651
120,9,324,2422,76,24023,290,9524
120,9,324,2422,76,24023,290,9524
120,9,324,2905,76,21191,291,1431
120,9,324,2905,76,21191,291,1431
120,9,324,2905,76,21191,291,1431
120,9,324,3379,76,18408,291,3301
120,9,324,3379,76,18408,291,3301
120,9,324,3843,76,15674,291,5134
120,9,324,3843,76,15674,291,5134
120,9,324,3843,76,15674,291,5134
120,9,324,4324,76,12891,291,7031
120,9,324,4324,76,12891,291,7031
120,9,324,479,76,10156,291,8873
120,9,324,479,76,10156,291,8873
120,9,324,479,76,10156,291,8873
120,9,324,5288,76,07227,292,0842
120,9,324,5288,76,07227,292,0842
120,9,324,5767,76,04443,292,2728
120,9,324,5767,76,04443,292,2728
120,9,324,5767,76,04443,292,2728
120,9,324,6272,76,01514,292,4719
120,9,324,6272,76,01514,292,4719
120,9,324,675,75,9873,292,661
120,9,324,675,75,9873,292,661
120,9,324,675,75,9873,292,661
120,9,324,7258,75,95752,292,8615
120,9,324,7258,75,95752,292,8615
120,9,324,7739,75,9292,293,0515
120,9,324,7739,75,9292,293,0515
120,9,324,7739,75,9292,293,0515
120,9,324,8235,75,90039,293,2468
120,9,324,8235,75,90039,293,2468
120,9,324,8735,75,87109,293,4447
120,9,324,8735,75,87109,293,4447
120,9,324,8735,75,87109,293,4447
120,9,324,918,75,84521,293,6199
120,9,324,918,75,84521,293,6199
120,9,324,9622,75,81934,293,7944
120,9,324,9622,75,81934,293,7944
120,9,325,0059,75,79395,293,9666
120,9,325,0059,75,79395,293,9666
120,9,325,0513,75,76758,294,1461
120,9,325,0513,75,76758,294,1461
120,9,325,0513,75,76758,294,1461
120,9,325,0945,75,74219,294,3167
120,9,325,0945,75,74219,294,3167
120,9,325,1389,75,71631,294,4918
120,9,325,1389,75,71631,294,4918
120,9,325,1836,75,69043,294,6683
120,9,325,1836,75,69043,294,6683
120,9,325,2288,75,66406,294,8466
120,9,325,2288,75,66406,294,8466
120,9,325,2288,75,66406,294,8466
120,9,325,2715,75,63916,295,0149
120,9,325,2715,75,63916,295,0149
120,9,325,3228,75,60938,295,217
120,9,325,3228,75,60938,295,217
120,9,325,3228,75,60938,295,217
120,9,325,3674,75,5835,295,3936
120,9,325,3674,75,5835,295,3936
120,9,325,4104,75,55859,295,5632
120,9,325,4104,75,55859,295,5632
120,9,325,4539,75,5332,295,7351
120,9,325,4539,75,5332,295,7351
120,9,325,4958,75,50879,295,9014
120,9,325,4958,75,50879,295,9014
120,9,325,5413,75,48242,296,0806
120,9,325,5413,75,48242,296,0806
120,9,325,5413,75,48242,296,0806
120,9,325,583,75,45801,296,245
120,9,325,583,75,45801,296,245
120,9,325,6257,75,43311,296,4136
120,9,325,6257,75,43311,296,4136
120,9,325,6677,75,40869,296,5798
120,9,325,6677,75,40869,296,5798
120,9,325,7122,75,38281,296,7549
120,9,325,7122,75,38281,296,7549
120,9,325,7122,75,38281,296,7549
120,9,325,7546,75,35791,296,9227
120,9,325,7546,75,35791,296,9227
120,9,325,7983,75,33252,297,0957
120,9,325,7983,75,33252,297,0957
120,9,325,7983,75,33252,297,0957
120,9,325,8513,75,30176,297,3052
120,9,325,8513,75,30176,297,3052
120,9,325,8962,75,27539,297,4827
120,9,325,8962,75,27539,297,4827
120,9,325,9399,75,25,297,6555
120,9,325,9399,75,25,297,6555
120,9,325,9399,75,25,297,6555
120,9,325,9875,75,22217,297,8431
120,9,325,9875,75,22217,297,8431
120,9,326,031,75,19678,298,0149
120,9,326,031,75,19678,298,0149
120,9,326,0752,75,1709,298,1896
120,9,326,0752,75,1709,298,1896
120,9,326,1191,75,14551,298,3627
120,9,326,1191,75,14551,298,3627
120,9,326,1191,75,14551,298,3627
120,9,326,1628,75,12012,298,535
120,9,326,1628,75,12012,298,535
120,9,326,2065,75,09473,298,7076
120,9,326,2065,75,09473,298,7076
120,9,326,251,75,06885,298,8833
120,9,326,251,75,06885,298,8833
120,9,326,251,75,06885,298,8833
120,9,326,2957,75,04297,299,0592
120,9,326,2957,75,04297,299,0592
120,9,326,3416,75,01611,299,2405
120,9,326,3416,75,01611,299,2405
120,9,326,3865,74,98975,299,4182
120,9,326,3865,74,98975,299,4182
120,9,326,3865,74,98975,299,4182
120,9,326,4324,74,96289,299,5999
120,9,326,4324,74,96289,299,5999
120,9,326,4775,74,93652,299,7783
120,9,326,4775,74,93652,299,7783
120,9,326,5232,74,90967,299,9587
120,9,326,5232,74,90967,299,9587
120,9,326,5659,74,88477,300,1278
120,9,326,5659,74,88477,300,1278
120,9,326,5659,74,88477,300,1278
120,9,326,6084,74,85986,300,2954
120,9,326,6084,74,85986,300,2954
120,9,326,6563,74,83203,300,4843
120,9,326,6563,74,83203,300,4843
120,9,326,7019,74,80566,300,6641
120,9,326,7019,74,80566,300,6641
120,9,326,7019,74,80566,300,6641
120,9,326,7478,74,77881,300,845
120,9,326,7478,74,77881,300,845
120,9,326,7942,74,75195,301,028
120,9,326,7942,74,75195,301,028
120,9,326,7942,74,75195,301,028
120,9,326,8428,74,72363,301,2195
120,9,326,8428,74,72363,301,2195
120,9,326,8896,74,69629,301,4044
120,9,326,8896,74,69629,301,4044
120,9,326,938,74,66797,301,5948
120,9,326,938,74,66797,301,5948
120,9,326,938,74,66797,301,5948
120,9,326,9814,74,64258,301,7667
120,9,326,9814,74,64258,301,7667
120,9,327,0254,74,6167,301,9404
120,9,327,0254,74,6167,301,9404
120,9,327,0684,74,5918,302,1102
120,9,327,0684,74,5918,302,1102
120,9,327,0684,74,5918,302,1102
120,9,327,114,74,56543,302,29
120,9,327,114,74,56543,302,29
120,9,327,1589,74,53906,302,4668
120,9,327,1589,74,53906,302,4668
120,9,327,2039,74,5127,302,644
120,9,327,2039,74,5127,302,644
120,9,327,2039,74,5127,302,644
120,9,327,2485,74,48633,302,8206
120,9,327,2485,74,48633,302,8206
120,9,327,2942,74,45947,303,0012
120,9,327,2942,74,45947,303,0012
120,9,327,3398,74,43262,303,1812
120,9,327,3398,74,43262,303,1812
120,9,327,3853,74,40625,303,3605
120,9,327,3853,74,40625,303,3605
120,9,327,3853,74,40625,303,3605
120,9,327,4285,74,38086,303,5315
120,9,327,4285,74,38086,303,5315
120,9,327,4719,74,35547,303,7029
120,9,327,4719,74,35547,303,7029
120,9,327,521,74,32666,303,8964
120,9,327,521,74,32666,303,8964
120,9,327,521,74,32666,303,8964
120,9,327,5659,74,30029,304,0735
120,9,327,5659,74,30029,304,0735
120,9,327,6101,74,27441,304,2476
120,9,327,6101,74,27441,304,2476
120,9,327,6543,74,24854,304,4224
120,9,327,6543,74,24854,304,4224
120,9,327,6543,74,24854,304,4224
120,9,327,6978,74,22314,304,594
120,9,327,6978,74,22314,304,594
120,9,327,7432,74,19678,304,7737
120,9,327,7432,74,19678,304,7737
120,9,327,7886,74,17041,304,9525
120,9,327,7886,74,17041,304,9525
120,9,327,8325,74,14453,305,1262
120,9,327,8325,74,14453,305,1262
120,9,327,8325,74,14453,305,1262
120,9,327,8757,74,11914,305,2971
120,9,327,8757,74,11914,305,2971
120,9,327,9207,74,09277,305,4744
120,9,327,9207,74,09277,305,4744
120,9,327,9663,74,06592,305,6545
120,9,327,9663,74,06592,305,6545
120,9,328,0095,74,04053,305,8256
120,9,328,0095,74,04053,305,8256
120,9,328,0095,74,04053,305,8256
120,9,328,0518,74,01611,305,9919
120,9,328,0518,74,01611,305,9919
120,9,328,0945,73,99121,306,1602
120,9,328,0945,73,99121,306,1602
120,9,328,1399,73,96484,306,339
120,9,328,1399,73,96484,306,339
120,9,328,1829,73,93994,306,5089
120,9,328,1829,73,93994,306,5089
120,9,328,1829,73,93994,306,5089
120,9,328,2268,73,91406,306,6824
120,9,328,2268,73,91406,306,6824
120,9,328,2708,73,88867,306,8555
120,9,328,2708,73,88867,306,8555
120,9,328,3152,73,86279,307,0309
120,9,328,3152,73,86279,307,0309
120,9,328,3152,73,86279,307,0309
120,9,328,3596,73,83691,307,2061
120,9,328,3596,73,83691,307,2061
120,9,328,4045,73,81055,307,3832
120,9,328,4045,73,81055,307,3832
120,9,328,4514,73,7832,307,5681
120,9,328,4514,73,7832,307,5681
120,9,328,4514,73,7832,307,5681
120,9,328,4988,73,75537,307,7552
120,9,328,4988,73,75537,307,7552
120,9,328,4988,73,75537,307,7552
120,9,328,5535,73,72314,307,9716
120,9,328,5535,73,72314,307,9716
120,9,328,6003,73,6958,308,157
120,9,328,6003,73,6958,308,157
120,9,328,6003,73,6958,308,157
120,9,328,6543,73,66406,308,37
120,9,328,6543,73,66406,308,37
120,9,328,6543,73,66406,308,37
120,9,328,7014,73,63672,308,5562
120,9,328,7014,73,63672,308,5562
120,9,328,7532,73,60645,308,7604
120,9,328,7532,73,60645,308,7604
120,9,328,7532,73,60645,308,7604
120,9,328,8044,73,57666,308,9625
120,9,328,8044,73,57666,308,9625
120,9,328,8521,73,54883,309,1505
120,9,328,8521,73,54883,309,1505
120,9,328,8521,73,54883,309,1505
120,9,328,9028,73,51904,309,3511
120,9,328,9028,73,51904,309,3511
120,9,328,9502,73,49121,309,5381
120,9,328,9502,73,49121,309,5381
120,9,328,9502,73,49121,309,5381
120,9,328,9998,73,4624,309,7335
120,9,328,9998,73,4624,309,7335
120,9,328,9998,73,4624,309,7335
120,9,328,9998,73,4624,309,7335
120,9,329,0588,73,42773,309,9666
120,9,329,0588,73,42773,309,9666
120,9,329,0588,73,42773,309,9666
120,9,329,1252,73,38867,310,2289
120,9,329,1252,73,38867,310,2289
120,9,329,1252,73,38867,310,2289
120,9,329,1252,73,38867,310,2289
120,9,329,1946,73,34814,310,5021
120,9,329,1946,73,34814,310,5021
120,9,329,1946,73,34814,310,5021
120,9,329,2585,73,31104,310,7545
120,9,329,2585,73,31104,310,7545
120,9,329,2585,73,31104,310,7545
120,9,329,3281,73,27051,311,0293
120,9,329,3281,73,27051,311,0293
120,9,329,3281,73,27051,311,0293
120,9,329,384,73,23779,311,2502
120,9,329,384,73,23779,311,2502
120,9,329,384,73,23779,311,2502
120,9,329,384,73,23779,311,2502
120,9,329,4517,73,19824,311,5171
120,9,329,4517,73,19824,311,5171
120,10,329,4517,73,19824,311,5171
120,10,329,4517,73,19824,311,5171
120,10,329,5195,73,15869,311,785
120,10,329,5195,73,15869,311,785
120,10,329,5195,73,15869,311,785
120,10,329,5903,73,11719,312,0646
120,10,329,5903,73,11719,312,0646
120,10,329,5903,73,11719,312,0646
120,10,329,6516,73,08154,312,3069
120,10,329,6516,73,08154,312,3069
120,10,329,7058,73,0498,312,5212
120,10,329,7058,73,0498,312,5212
120,10,329,7573,73,01953,312,7246
120,10,329,7573,73,01953,312,7246
120,10,329,7573,73,01953,312,7246
120,10,329,801,72,99414,312,8973
120,10,329,801,72,99414,312,8973
120,10,329,801,72,99414,312,8973
120,10,329,8464,72,96777,313,076
120,10,329,8464,72,96777,313,076
120,10,329,9026,72,93506,313,2974
120,10,329,9026,72,93506,313,2974
120,10,329,9026,72,93506,313,2974
120,10,329,9543,72,90479,313,5017
120,10,329,9543,72,90479,313,5017
120,10,330,0024,72,87646,313,6917
120,10,330,0024,72,87646,313,6917
120,10,330,0476,72,8501,313,8696
120,10,330,0476,72,8501,313,8696
120,10,330,0476,72,8501,313,8696
120,10,330,0916,72,82422,314,0433
120,10,330,0916,72,82422,314,0433
120,10,330,1379,72,79688,314,2266
120,10,330,1379,72,79688,314,2266
120,10,330,1812,72,77148,314,3969
120,10,330,1812,72,77148,314,3969
120,10,330,2239,72,74658,314,5653
120,10,330,2239,72,74658,314,5653
120,10,330,2659,72,72217,314,7311
120,10,330,2659,72,72217,314,7311
120,10,330,2659,72,72217,314,7311
120,10,330,3083,72,69727,314,8987
120,10,330,3083,72,69727,314,8987
120,10,330,3513,72,67236,315,0682
120,10,330,3513,72,67236,315,0682
120,10,330,3953,72,64648,315,2419
120,10,330,3953,72,64648,315,2419
120,10,330,4363,72,62256,315,4034
120,10,330,4363,72,62256,315,4034
120,10,330,4758,72,59961,315,5597
120,10,330,4758,72,59961,315,5597
120,10,330,5146,72,57715,315,7128
120,10,330,5146,72,57715,315,7128
120,10,330,5525,72,55518,315,8623
120,10,330,5525,72,55518,315,8623
120,10,330,5933,72,53125,316,0237
120,10,330,5933,72,53125,316,0237
120,10,330,6218,72,51465,316,1366
120,10,330,6218,72,51465,316,1366
120,10,330,6599,72,49268,316,2864
120,10,330,6599,72,49268,316,2864
120,10,330,7029,72,46777,316,4556
120,10,330,7029,72,46777,316,4556
120,10,330,7424,72,44482,316,6113
120,10,330,7424,72,44482,316,6113
120,10,330,7805,72,42236,316,7615
120,10,330,8145,72,40234,316,8956
120,10,330,8145,72,40234,316,8956
120,10,330,8506,72,38135,317,0381
120,10,330,8818,72,36328,317,1614
120,10,330,8818,72,36328,317,1614
120,10,330,9109,72,34619,317,2759
120,10,330,9397,72,32959,317,3892
120,10,330,9397,72,32959,317,3892
120,10,330,968,72,31299,317,5005
120,10,330,9961,72,29639,317,6113
120,10,330,9961,72,29639,317,6113
120,10,331,0249,72,27979,317,7251
120,10,331,0525,72,26367,317,8335
120,10,331,0525,72,26367,317,8335
120,10,331,082,72,24658,317,9504
120,10,331,082,72,24658,317,9504
120,10,331,1101,72,23047,318,0608
120,10,331,1101,72,23047,318,0608
120,10,331,1536,72,20508,318,2329
120,10,331,1536,72,20508,318,2329
120,10,331,1536,72,20508,318,2329
120,10,331,198,72,1792,318,4084
120,10,331,198,72,1792,318,4084
120,10,331,2439,72,15234,318,5901
120,10,331,2439,72,15234,318,5901
120,10,331,2439,72,15234,318,5901
120,10,331,2954,72,12207,318,7933
120,10,331,2954,72,12207,318,7933
120,10,331,3413,72,09521,318,9745
120,10,331,3413,72,09521,318,9745
120,10,331,3892,72,06738,319,1632
120,10,331,3892,72,06738,319,1632
120,10,331,3892,72,06738,319,1632
120,10,331,4348,72,04053,319,3435
120,10,331,4348,72,04053,319,3435
120,10,331,4797,72,01416,319,5206
120,10,331,4797,72,01416,319,5206
120,10,331,5244,71,98828,319,6968
120,10,331,5244,71,98828,319,6968
120,10,331,5244,71,98828,319,6968
120,10,331,5706,71,96143,319,8788
120,10,331,5706,71,96143,319,8788
120,10,331,615,71,93555,320,0547
120,10,331,615,71,93555,320,0547
120,10,331,615,71,93555,320,0547
120,10,331,6663,71,90576,320,2568
120,10,331,6663,71,90576,320,2568
120,10,331,7117,71,87939,320,4365
120,10,331,7117,71,87939,320,4365
120,10,331,7595,71,85156,320,625
120,10,331,7595,71,85156,320,625
120,10,331,7595,71,85156,320,625
120,10,331,8047,71,8252,320,8035
120,11,331,8047,71,8252,320,8035
120,11,331,8535,71,79688,320,9965
120,11,331,8535,71,79688,320,9965
120,11,331,8535,71,79688,320,9965
120,11,331,8999,71,76953,321,1799
120,11,331,8999,71,76953,321,1799
120,11,331,9463,71,74219,321,3633
120,11,331,9463,71,74219,321,3633
120,11,331,9463,71,74219,321,3633
120,11,331,9958,71,71338,321,5587
120,11,331,9958,71,71338,321,5587
120,11,332,0457,71,68408,321,7559
120,11,332,0457,71,68408,321,7559
120,11,332,0457,71,68408,321,7559
120,11,332,0955,71,65527,321,9521
120,11,332,0955,71,65527,321,9521
120,11,332,0955,71,65527,321,9521
120,11,332,1455,71,62598,322,1497
120,11,332,1455,71,62598,322,1497
120,11,332,1958,71,59668,322,3481
120,11,332,1958,71,59668,322,3481
120,11,332,1958,71,59668,322,3481
120,11,332,2478,71,56641,322,5532
120,11,332,2478,71,56641,322,5532
120,11,332,2947,71,53906,322,7388
120,11,332,2947,71,53906,322,7388
120,11,332,2947,71,53906,322,7388
120,11,332,3433,71,51074,322,9307
120,11,332,3433,71,51074,322,9307
120,11,332,3901,71,4834,323,1155
120,11,332,3901,71,4834,323,1155
120,11,332,4395,71,45459,323,3101
120,11,332,4395,71,45459,323,3101
120,11,332,4395,71,45459,323,3101
120,11,332,4846,71,42822,323,4885
120,11,332,4846,71,42822,323,4885
120,11,332,4846,71,42822,323,4885
120,11,332,5369,71,39795,323,6946
120,11,332,5369,71,39795,323,6946
120,11,332,5879,71,36816,323,896
120,11,332,5879,71,36816,323,896
120,11,332,5879,71,36816,323,896
120,11,332,6372,71,33936,324,0905
120,11,332,6372,71,33936,324,0905
120,11,332,6885,71,30957,324,2927
120,11,332,6885,71,30957,324,2927
120,11,332,6885,71,30957,324,2927
120,11,332,7393,71,27979,324,4937
120,11,332,7393,71,27979,324,4937
120,11,332,7393,71,27979,324,4937
120,11,332,7891,71,25098,324,6899
120,11,332,7891,71,25098,324,6899
120,11,332,8413,71,2207,324,8959
120,11,332,8413,71,2207,324,8959
120,11,332,8413,71,2207,324,8959
120,11,332,894,71,18994,325,104
120,11,332,894,71,18994,325,104
120,11,332,894,71,18994,325,104
120,11,332,9448,71,16016,325,3044
120,11,332,9448,71,16016,325,3044
120,11,332,999,71,12842,325,5186
120,11,332,999,71,12842,325,5186
120,11,332,999,71,12842,325,5186
120,11,333,0505,71,09863,325,7214
120,11,333,0505,71,09863,325,7214
120,11,333,0505,71,09863,325,7214
120,11,333,1018,71,06885,325,9238
120,11,333,1018,71,06885,325,9238
120,11,333,1018,71,06885,325,9238
120,11,333,156,71,03711,326,1381
120,11,333,156,71,03711,326,1381
120,11,333,2075,71,00684,326,3414
120,11,333,2075,71,00684,326,3414
120,11,333,2075,71,00684,326,3414
120,11,333,26,70,97607,326,549
120,11,333,26,70,97607,326,549
120,11,333,26,70,97607,326,549
120,11,333,3118,70,9458,326,7533
120,11,333,3118,70,9458,326,7533
120,11,333,3118,70,9458,326,7533
120,11,333,3679,70,91309,326,975
120,11,333,3679,70,91309,326,975
120,11,333,4207,70,88232,327,183
120,11,333,4207,70,88232,327,183
120,11,333,4207,70,88232,327,183
120,11,333,478,70,84863,327,4098
120,11,333,478,70,84863,327,4098
120,11,333,478,70,84863,327,4098
120,11,333,5339,70,81592,327,6309
120,11,333,5339,70,81592,327,6309
120,11,333,5339,70,81592,327,6309
120,11,333,5901,70,7832,327,8528
120,11,333,5901,70,7832,327,8528
120,11,333,5901,70,7832,327,8528
120,11,333,6482,70,74902,328,0823
120,11,333,6482,70,74902,328,0823
120,11,333,6482,70,74902,328,0823
120,11,333,7058,70,71533,328,3098
120,11,333,7058,70,71533,328,3098
120,11,333,7058,70,71533,328,3098
120,11,333,7654,70,68066,328,5455
120,11,333,7654,70,68066,328,5455
120,11,333,7654,70,68066,328,5455
120,11,333,7654,70,68066,328,5455
120,11,333,8264,70,64502,328,7864
120,11,333,8264,70,64502,328,7864
120,11,333,8264,70,64502,328,7864
120,11,333,8875,70,60938,329,0276
120,11,333,8875,70,60938,329,0276
120,11,333,8875,70,60938,329,0276
120,11,333,9507,70,57227,329,2775
120,11,333,9507,70,57227,329,2775
120,11,333,9507,70,57227,329,2775
120,11,334,0122,70,53613,329,5206
120,11,334,0122,70,53613,329,5206
120,11,334,0122,70,53613,329,5206
120,11,334,0728,70,50098,329,7599
120,11,334,0728,70,50098,329,7599
120,11,334,0728,70,50098,329,7599
120,11,334,1331,70,46582,329,9977
120,11,334,1331,70,46582,329,9977
120,11,334,1331,70,46582,329,9977
120,11,334,1331,70,46582,329,9977
120,11,334,197,70,42871,330,2499
120,11,334,197,70,42871,330,2499
120,11,334,197,70,42871,330,2499
120,11,334,2598,70,39209,330,4972
120,11,334,2598,70,39209,330,4972
120,11,334,2598,70,39209,330,4972
120,11,334,3242,70,35449,330,7517
120,11,334,3242,70,35449,330,7517
120,11,334,3242,70,35449,330,7517
120,11,334,3242,70,35449,330,7517
120,11,334,3914,70,31543,331,0164
120,12,334,3914,70,31543,331,0164
120,12,334,4568,70,27734,331,2742
120,12,334,4568,70,27734,331,2742
120,12,334,5034,70,25,331,4583
120,12,334,5034,70,25,331,4583
120,12,334,5034,70,25,331,4583
120,12,334,5476,70,22412,331,6332
120,12,334,5476,70,22412,331,6332
120,12,334,594,70,19727,331,8162
120,12,334,594,70,19727,331,8162
120,12,334,594,70,19727,331,8162
120,12,334,6394,70,1709,331,9956
120,12,334,6394,70,1709,331,9956
120,12,334,6858,70,14404,332,1786
120,12,334,6858,70,14404,332,1786
120,12,334,729,70,11865,332,3489
120,12,334,729,70,11865,332,3489
120,12,334,7725,70,09326,332,5208
120,12,334,7725,70,09326,332,5208
120,12,334,7725,70,09326,332,5208
120,12,334,8174,70,06689,332,6978
120,12,334,8174,70,06689,332,6978
120,12,334,8616,70,04102,332,8717
120,12,334,8616,70,04102,332,8717
120,12,334,9058,70,01514,333,0458
120,12,334,9058,70,01514,333,0458
120,12,334,9512,69,98877,333,2249
120,12,334,9512,69,98877,333,2249
120,12,334,9927,69,96436,333,3883
120,12,334,9927,69,96436,333,3883
120,12,334,9927,69,96436,333,3883
120,12,335,0342,69,93994,333,5521
120,12,335,0342,69,93994,333,5521
120,12,335,075,69,91602,333,7129
120,12,335,075,69,91602,333,7129
120,12,335,1172,69,8916,333,8795
120,12,335,1172,69,8916,333,8795
120,12,335,1584,69,86768,334,0425
120,12,335,1584,69,86768,334,0425
120,12,335,1985,69,84424,334,2007
120,12,335,1985,69,84424,334,2007
120,12,335,241,69,81934,334,3685
120,12,335,241,69,81934,334,3685
120,12,335,2808,69,7959,334,5259
120,12,335,2808,69,7959,334,5259
120,12,335,3213,69,77197,334,6862
120,12,335,3213,69,77197,334,6862
120,12,335,3625,69,74805,334,8492
120,12,335,3625,69,74805,334,8492
120,12,335,4021,69,7251,335,0052
120,12,335,4021,69,7251,335,0052
120,12,335,4368,69,70459,335,1425
120,12,335,4368,69,70459,335,1425
120,12,335,4741,69,68262,335,2896
120,12,335,4741,69,68262,335,2896
120,12,335,5073,69,66309,335,4209
120,12,335,5073,69,66309,335,4209
120,12,335,5413,69,64307,335,5549
120,12,335,5803,69,62012,335,7086
120,12,335,5803,69,62012,335,7086
120,12,335,6155,69,59961,335,8477
120,12,335,6155,69,59961,335,8477
120,12,335,6155,69,59961,335,8477
120,12,335,6563,69,57568,336,0088
120,12,335,6563,69,57568,336,0088
120,12,335,6985,69,55078,336,1759
120,12,335,6985,69,55078,336,1759
120,12,335,7419,69,52539,336,347
120,12,335,7764,69,50537,336,4825
120,12,335,7764,69,50537,336,4825
120,12,335,7764,69,50537,336,4825
120,12,335,8105,69,48535,336,6176
120,12,335,8516,69,46143,336,7797
120,12,335,8516,69,46143,336,7797
120,12,335,8875,69,44043,336,9209
120,12,335,8875,69,44043,336,9209
120,12,335,9216,69,42041,337,0562
120,12,335,9216,69,42041,337,0562
120,12,335,9553,69,40088,337,1897
120,12,335,9924,69,37939,337,3358
120,12,335,9924,69,37939,337,3358
120,12,336,0247,69,36035,337,4629
120,12,336,0247,69,36035,337,4629
120,12,336,0605,69,33936,337,6041
120,12,336,0605,69,33936,337,6041
120,12,336,0967,69,31836,337,7465
120,12,336,0967,69,31836,337,7465
120,12,336,1333,69,29688,337,8911
120,12,336,1333,69,29688,337,8911
120,12,336,1711,69,2749,338,0408
120,12,336,1711,69,2749,338,0408
120,12,336,2073,69,25391,338,1836
120,12,336,2073,69,25391,338,1836
120,12,336,2439,69,23242,338,3279
120,12,336,2439,69,23242,338,3279
120,12,336,282,69,20996,338,4781
120,12,336,3181,69,18896,338,6208
120,12,336,3181,69,18896,338,6208
120,12,336,3538,69,16797,338,7621
120,12,336,3538,69,16797,338,7621
120,12,336,3889,69,14746,338,9004
120,12,336,3889,69,14746,338,9004
120,12,336,4253,69,12646,339,0439
120,12,336,4253,69,12646,339,0439
120,12,336,4619,69,10498,339,1885
120,12,336,4951,69,08545,339,3199
120,12,336,4951,69,08545,339,3199
120,12,336,5276,69,06641,339,448
120,12,336,5276,69,06641,339,448
120,12,336,5601,69,04736,339,5762
120,12,336,594,69,02734,339,7102
120,12,336,594,69,02734,339,7102
120,12,336,6257,69,00879,339,8352
120,12,336,6257,69,00879,339,8352
120,12,336,658,68,99023,339,9619
120,12,336,6909,68,97119,340,0917
120,12,336,6909,68,97119,340,0917
120,12,336,7195,68,95459,340,205
120,12,336,7195,68,95459,340,205
120,12,336,7576,68,93213,340,3555
120,12,336,7871,68,91504,340,4719
120,12,336,7871,68,91504,340,4719
120,12,336,8162,68,89795,340,587
120,12,336,8472,68,87988,340,709
120,12,336,8472,68,87988,340,709
120,12,336,8792,68,86133,340,8348
120,12,336,9072,68,84473,340,946
120,13,336,9072,68,84473,340,946
120,13,336,9387,68,82617,341,0698
120,13,336,9663,68,81006,341,1785
120,13,336,9663,68,81006,341,1785
120,13,336,9958,68,79297,341,2949
120,13,337,0251,68,77588,341,4109
120,13,337,0251,68,77588,341,4109
120,13,337,0554,68,7583,341,5302
120,13,337,0845,68,74121,341,6444
120,13,337,0845,68,74121,341,6444
120,13,337,1133,68,72461,341,7578
120,13,337,1418,68,70801,341,8708
120,13,337,1418,68,70801,341,8708
120,13,337,1707,68,69141,341,9844
120,13,337,1992,68,6748,342,097
120,13,337,1992,68,6748,342,097
120,13,337,2283,68,65771,342,2122
120,13,337,2566,68,64111,342,3243
120,13,337,2566,68,64111,342,3243
120,13,337,2849,68,62451,342,436
120,13,337,312,68,60889,342,5432
120,13,337,312,68,60889,342,5432
120,13,337,342,68,59131,342,6616
120,13,337,342,68,59131,342,6616
120,13,337,3784,68,56982,342,8053
120,13,337,4084,68,55225,342,9242
120,13,337,4084,68,55225,342,9242
120,13,337,4368,68,53564,343,0358
120,13,337,4656,68,51855,343,1499
120,13,337,4939,68,50195,343,2617
120,13,337,4939,68,50195,343,2617
120,13,337,522,68,48584,343,3722
120,13,337,5496,68,46973,343,4812
120,13,337,5496,68,46973,343,4812
120,13,337,5496,68,46973,343,4812
120,13,337,5496,68,46973,343,4812
120,13,337,5496,68,46973,343,4812
120,13,337,5784,68,45313,343,5946
120,13,337,5784,68,45313,343,5946
120,13,337,6755,68,39648,343,9784
120,13,337,6755,68,39648,343,9784
120,13,337,7122,68,375,344,1233
120,13,337,7463,68,35498,344,2584
120,13,337,7463,68,35498,344,2584
120,13,337,7749,68,33838,344,3713
120,13,337,803,68,32178,344,4824
120,13,337,803,68,32178,344,4824
120,13,337,8311,68,30518,344,593
120,13,337,8591,68,28857,344,7043
120,13,337,8591,68,28857,344,7043
120,13,337,8872,68,27197,344,815
120,13,337,9155,68,25537,344,9268
120,13,337,9155,68,25537,344,9268
120,13,337,9441,68,23877,345,0395
120,13,337,9441,68,23877,345,0395
120,13,337,9441,68,23877,345,0395
120,13,337,9441,68,23877,345,0395
120,13,337,9441,68,23877,345,0395
120,13,337,9709,68,22314,345,1455
120,13,337,9709,68,22314,345,1455
120,13,337,9709,68,22314,345,1455
120,13,337,9709,68,22314,345,1455
120,13,337,9709,68,22314,345,1455
120,13,338,0681,68,1665,345,5293
120,13,338,0681,68,1665,345,5293
120,13,338,0681,68,1665,345,5293
120,13,338,0681,68,1665,345,5293
120,13,338,0681,68,1665,345,5293
120,13,338,1653,68,10986,345,9131
120,13,338,1653,68,10986,345,9131
120,13,338,1653,68,10986,345,9131
120,13,338,1653,68,10986,345,9131
120,13,338,1653,68,10986,345,9131
120,13,338,2625,68,05322,346,2969
120,13,338,2625,68,05322,346,2969
120,13,338,2625,68,05322,346,2969
120,13,338,2625,68,05322,346,2969
120,13,338,2625,68,05322,346,2969
120,13,338,3596,67,99658,346,6807
120,13,338,3596,67,99658,346,6807
120,13,338,3596,67,99658,346,6807
120,13,338,3596,67,99658,346,6807
120,13,338,3596,67,99658,346,6807
120,13,338,4568,67,93994,347,0645
120,13,338,4568,67,93994,347,0645
120,13,338,4568,67,93994,347,0645
120,13,338,4568,67,93994,347,0645
120,13,338,4568,67,93994,347,0645
120,13,338,554,67,8833,347,4482
120,13,338,554,67,8833,347,4482
120,13,338,554,67,8833,347,4482
120,13,338,554,67,8833,347,4482
120,13,338,554,67,8833,347,4482
120,13,338,6511,67,82666,347,832
120,13,338,6511,67,82666,347,832
120,13,338,6511,67,82666,347,832
120,13,338,6511,67,82666,347,832
120,13,338,6511,67,82666,347,832
120,13,338,7483,67,77002,348,2158
120,13,338,7483,67,77002,348,2158
120,13,338,7483,67,77002,348,2158
120,13,338,7483,67,77002,348,2158
120,13,338,7483,67,77002,348,2158
120,13,338,8455,67,71338,348,5996
120,13,338,8455,67,71338,348,5996
120,13,338,8455,67,71338,348,5996
120,13,338,8455,67,71338,348,5996
120,13,338,8455,67,71338,348,5996
120,13,338,9426,67,65674,348,9834
120,13,338,9426,67,65674,348,9834
120,13,338,9426,67,65674,348,9834
120,13,338,9426,67,65674,348,9834
120,13,338,9426,67,65674,348,9834
120,13,339,0398,67,6001,349,3672
120,13,339,0398,67,6001,349,3672
120,13,339,0398,67,6001,349,3672
120,13,339,0398,67,6001,349,3672
120,13,339,0398,67,6001,349,3672
120,13,339,137,67,54346,349,751
120,14,339,137,67,54346,349,751
120,14,339,137,67,54346,349,751
120,14,339,137,67,54346,349,751
120,14,339,137,67,54346,349,751
120,14,339,2341,67,48682,350,1348
120,14,339,2341,67,48682,350,1348
120,14,339,2341,67,48682,350,1348
120,14,339,2341,67,48682,350,1348
120,14,339,2341,67,48682,350,1348
120,14,339,3313,67,43018,350,5186
120,14,339,3313,67,43018,350,5186
120,14,339,3313,67,43018,350,5186
120,14,339,3313,67,43018,350,5186
120,14,339,3313,67,43018,350,5186
120,14,339,4285,67,37354,350,9023
120,14,339,4285,67,37354,350,9023
120,14,339,4285,67,37354,350,9023
120,14,339,4285,67,37354,350,9023
120,14,339,4285,67,37354,350,9023
120,14,339,5256,67,31689,351,2861
120,14,339,5256,67,31689,351,2861
120,14,339,5256,67,31689,351,2861
120,14,339,5256,67,31689,351,2861
120,14,339,5256,67,31689,351,2861
120,14,339,6228,67,26025,351,6699
120,14,339,6228,67,26025,351,6699
120,14,339,6228,67,26025,351,6699
120,14,339,6228,67,26025,351,6699
120,14,339,6228,67,26025,351,6699
120,14,339,72,67,20361,352,0537
120,14,339,72,67,20361,352,0537
120,14,339,72,67,20361,352,0537
120,14,339,72,67,20361,352,0537
120,14,339,72,67,20361,352,0537
120,14,339,8171,67,14697,352,4375
120,14,339,8171,67,14697,352,4375
120,14,339,8171,67,14697,352,4375
120,14,339,8171,67,14697,352,4375
120,14,339,8171,67,14697,352,4375
120,14,339,9143,67,09033,352,8213
120,14,339,9143,67,09033,352,8213
120,14,339,9143,67,09033,352,8213
120,14,339,9143,67,09033,352,8213
120,14,339,9143,67,09033,352,8213
120,14,340,0115,67,03369,353,2051
120,14,340,0115,67,03369,353,2051
120,14,340,0115,67,03369,353,2051
120,14,340,0115,67,03369,353,2051
120,14,340,0115,67,03369,353,2051
120,14,340,1086,66,97705,353,5889
120,14,340,1086,66,97705,353,5889
120,14,340,1086,66,97705,353,5889
120,14,340,1086,66,97705,353,5889
120,14,340,1086,66,97705,353,5889
120,14,340,2058,66,92041,353,9727
120,14,340,2058,66,92041,353,9727
120,14,340,2058,66,92041,353,9727
120,14,340,2058,66,92041,353,9727
120,14,340,2058,66,92041,353,9727
120,14,340,303,66,86377,354,3564
120,14,340,303,66,86377,354,3564
120,14,340,303,66,86377,354,3564
120,14,340,303,66,86377,354,3564
120,14,340,303,66,86377,354,3564
120,14,340,4001,66,80713,354,7402
120,14,340,4001,66,80713,354,7402
120,14,340,4001,66,80713,354,7402
120,14,340,4001,66,80713,354,7402
120,14,340,4001,66,80713,354,7402
120,14,340,4973,66,75049,355,124
120,14,340,4973,66,75049,355,124
120,14,340,4973,66,75049,355,124
120,14,340,4973,66,75049,355,124
120,14,340,4973,66,75049,355,124
120,14,340,5945,66,69385,355,5078
120,14,340,5945,66,69385,355,5078
120,14,340,5945,66,69385,355,5078
120,14,340,5945,66,69385,355,5078
120,14,340,5945,66,69385,355,5078
120,14,340,6917,66,63721,355,8916
120,14,340,6917,66,63721,355,8916
120,14,340,6917,66,63721,355,8916
120,14,340,6917,66,63721,355,8916
120,14,340,6917,66,63721,355,8916
120,14,340,7888,66,58057,356,2754
120,14,340,7888,66,58057,356,2754
120,14,340,7888,66,58057,356,2754
120,14,340,7888,66,58057,356,2754
120,14,340,7888,66,58057,356,2754
120,14,340,886,66,52393,356,6592
120,14,340,886,66,52393,356,6592
120,14,340,886,66,52393,356,6592
120,14,340,886,66,52393,356,6592
120,14,340,886,66,52393,356,6592
120,14,340,9832,66,46729,357,043
120,14,340,9832,66,46729,357,043
120,14,340,9832,66,46729,357,043
120,14,340,9832,66,46729,357,043
120,14,340,9832,66,46729,357,043
120,14,341,0803,66,41064,357,4268
120,14,341,0803,66,41064,357,4268
120,14,341,0803,66,41064,357,4268
120,14,341,0803,66,41064,357,4268
120,14,341,0803,66,41064,357,4268
120,14,341,1775,66,354,357,8105
120,14,341,1775,66,354,357,8105
120,14,341,1775,66,354,357,8105
120,14,341,1775,66,354,357,8105
120,14,341,1775,66,354,357,8105
120,14,341,2747,66,29736,358,1943
120,14,341,2747,66,29736,358,1943
120,14,341,2747,66,29736,358,1943
120,14,341,2747,66,29736,358,1943
120,14,341,3718,66,24072,358,5781
120,14,341,3718,66,24072,358,5781
120,14,341,3718,66,24072,358,5781
120,14,341,3718,66,24072,358,5781
120,14,341,3718,66,24072,358,5781
120,14,341,467,66,18506,358,9543
120,14,341,467,66,18506,358,9543
120,14,341,467,66,18506,358,9543
120,14,341,467,66,18506,358,9543
120,14,341,467,66,18506,358,9543
120,14,341,5623,66,12939,359,3304
120,15,341,5623,66,12939,359,3304
120,15,341,5623,66,12939,359,3304
120,15,341,5623,66,12939,359,3304
120,15,341,5623,66,12939,359,3304
120,15,341,6594,66,07275,359,7142
120,15,341,6594,66,07275,359,7142
120,15,341,6594,66,07275,359,7142
120,15,341,6594,66,07275,359,7142
120,15,341,6594,66,07275,359,7142
120,15,341,7542,66,01709,360,0887
120,15,341,7542,66,01709,360,0887
120,15,341,7542,66,01709,360,0887
120,15,341,7542,66,01709,360,0887
120,15,341,7542,66,01709,360,0887
120,15,341,8464,65,96338,360,4529
120,15,341,8464,65,96338,360,4529
120,15,341,8464,65,96338,360,4529
120,15,341,8464,65,96338,360,4529
120,15,341,8464,65,96338,360,4529
120,15,341,9387,65,90918,360,8175
120,15,341,9387,65,90918,360,8175
120,15,341,9387,65,90918,360,8175
120,15,341,9387,65,90918,360,8175
120,15,342,0342,65,85352,361,1943
120,15,342,0342,65,85352,361,1943
120,15,342,0342,65,85352,361,1943
120,15,342,0342,65,85352,361,1943
120,15,342,0342,65,85352,361,1943
120,15,342,1267,65,79932,361,5596
120,15,342,1267,65,79932,361,5596
120,15,342,1267,65,79932,361,5596
120,15,342,1267,65,79932,361,5596
120,15,342,1267,65,79932,361,5596
120,15,342,2168,65,74658,361,915
120,15,342,2168,65,74658,361,915
120,15,342,2168,65,74658,361,915
120,15,342,2168,65,74658,361,915
120,15,342,2168,65,74658,361,915
120,15,342,314,65,68994,362,2988
120,15,342,314,65,68994,362,2988
120,15,342,314,65,68994,362,2988
120,15,342,314,65,68994,362,2988
120,15,342,4082,65,63477,362,671
120,15,342,4082,65,63477,362,671
120,15,342,4082,65,63477,362,671
120,15,342,4082,65,63477,362,671
120,15,342,4082,65,63477,362,671
120,15,342,4973,65,58252,363,0225
120,15,342,4973,65,58252,363,0225
120,15,342,4973,65,58252,363,0225
120,15,342,4973,65,58252,363,0225
120,15,342,4973,65,58252,363,0225
120,15,342,5896,65,52832,363,3871
120,15,342,5896,65,52832,363,3871
120,15,342,5896,65,52832,363,3871
120,15,342,5896,65,52832,363,3871
120,15,342,5896,65,52832,363,3871
120,15,342,6799,65,47559,363,744
120,15,342,6799,65,47559,363,744
120,15,342,6799,65,47559,363,744
120,15,342,6799,65,47559,363,744
120,15,342,7771,65,41895,364,1278
120,15,342,7771,65,41895,364,1278
120,15,342,7771,65,41895,364,1278
120,15,342,7771,65,41895,364,1278
120,15,342,7771,65,41895,364,1278
120,15,342,8667,65,3667,364,4814
120,15,342,8667,65,3667,364,4814
120,15,342,8667,65,3667,364,4814
120,15,342,8667,65,3667,364,4814
120,15,342,8667,65,3667,364,4814
120,15,342,9553,65,31494,364,8314
120,15,342,9553,65,31494,364,8314
120,15,342,9553,65,31494,364,8314
120,15,342,9553,65,31494,364,8314
120,15,343,0444,65,2627,365,183
120,15,343,0444,65,2627,365,183
120,15,343,0444,65,2627,365,183
120,15,343,0444,65,2627,365,183
120,15,343,0444,65,2627,365,183
120,15,343,136,65,20947,365,5442
120,15,343,136,65,20947,365,5442
120,15,343,136,65,20947,365,5442
120,15,343,136,65,20947,365,5442
120,15,343,136,65,20947,365,5442
120,15,343,2273,65,15625,365,9044
120,15,343,2273,65,15625,365,9044
120,15,343,2273,65,15625,365,9044
120,15,343,2273,65,15625,365,9044
120,15,343,3169,65,104,366,2585
120,15,343,3169,65,104,366,2585
120,15,343,3169,65,104,366,2585
120,15,343,3169,65,104,366,2585
120,15,343,3169,65,104,366,2585
120,15,343,4045,65,05273,366,6042
120,15,343,4045,65,05273,366,6042
120,15,343,4045,65,05273,366,6042
120,15,343,4045,65,05273,366,6042
120,15,343,4924,65,00146,366,9513
120,15,343,4924,65,00146,366,9513
120,15,343,4924,65,00146,366,9513
120,15,343,4924,65,00146,366,9513
120,15,343,4924,65,00146,366,9513
120,15,343,5823,64,94873,367,3063
120,15,343,5823,64,94873,367,3063
120,15,343,5823,64,94873,367,3063
120,15,343,5823,64,94873,367,3063
120,15,343,6697,64,89795,367,6509
120,15,343,6697,64,89795,367,6509
120,15,343,6697,64,89795,367,6509
120,15,343,6697,64,89795,367,6509
120,15,343,6697,64,89795,367,6509
120,15,343,7559,64,84766,367,9911
120,15,343,7559,64,84766,367,9911
120,15,343,7559,64,84766,367,9911
120,15,343,7559,64,84766,367,9911
120,15,343,8494,64,79297,368,3602
120,15,343,8494,64,79297,368,3602
120,15,343,8494,64,79297,368,3602
120,15,343,8494,64,79297,368,3602
120,15,343,8494,64,79297,368,3602
120,15,343,936,64,74219,368,7023
120,15,343,936,64,74219,368,7023
120,15,343,936,64,74219,368,7023
120,15,343,936,64,74219,368,7023
120,15,344,0215,64,69238,369,0394
120,16,344,0215,64,69238,369,0394
120,16,344,0215,64,69238,369,0394
120,16,344,0215,64,69238,369,0394
120,16,344,1052,64,64355,369,3699
120,16,344,1052,64,64355,369,3699
120,16,344,1052,64,64355,369,3699
120,16,344,1052,64,64355,369,3699
120,16,344,1052,64,64355,369,3699
120,16,344,1868,64,59619,369,6914
120,16,344,1868,64,59619,369,6914
120,16,344,1868,64,59619,369,6914
120,16,344,1868,64,59619,369,6914
120,16,344,2693,64,54785,370,0172
120,16,344,2693,64,54785,370,0172
120,16,344,2693,64,54785,370,0172
120,16,344,2693,64,54785,370,0172
120,16,344,355,64,49756,370,3555
120,16,344,355,64,49756,370,3555
120,16,344,355,64,49756,370,3555
120,16,344,355,64,49756,370,3555
120,16,344,4333,64,45166,370,6652
120,16,344,4333,64,45166,370,6652
120,16,344,4333,64,45166,370,6652
120,16,344,4333,64,45166,370,6652
120,16,344,5117,64,40576,370,9747
120,16,344,5117,64,40576,370,9747
120,16,344,5117,64,40576,370,9747
120,16,344,5117,64,40576,370,9747
120,16,344,5933,64,3584,371,2963
120,16,344,5933,64,3584,371,2963
120,16,344,5933,64,3584,371,2963
120,16,344,5933,64,3584,371,2963
120,16,344,6714,64,3125,371,6049
120,16,344,6714,64,3125,371,6049
120,16,344,6714,64,3125,371,6049
120,16,344,6714,64,3125,371,6049
120,16,344,7507,64,26611,371,9183
120,16,344,7507,64,26611,371,9183
120,16,344,7507,64,26611,371,9183
120,16,344,7507,64,26611,371,9183
120,16,344,8267,64,22168,372,218
120,16,344,8267,64,22168,372,218
120,16,344,8267,64,22168,372,218
120,16,344,8267,64,22168,372,218
120,16,344,9041,64,17627,372,524
120,16,344,9041,64,17627,372,524
120,16,344,9041,64,17627,372,524
120,16,344,9041,64,17627,372,524
120,16,344,9858,64,12842,372,847
120,16,344,9858,64,12842,372,847
120,16,344,9858,64,12842,372,847
120,16,344,9858,64,12842,372,847
120,16,345,0596,64,08545,373,1381
120,16,345,0596,64,08545,373,1381
120,16,345,0596,64,08545,373,1381
120,16,345,0596,64,08545,373,1381
120,16,345,1367,64,04053,373,4422
120,16,345,1367,64,04053,373,4422
120,16,345,1367,64,04053,373,4422
120,16,345,1367,64,04053,373,4422
120,16,345,207,63,99951,373,72
120,16,345,207,63,99951,373,72
120,16,345,207,63,99951,373,72
120,16,345,207,63,99951,373,72
120,16,345,28,63,95703,374,0079
120,16,345,28,63,95703,374,0079
120,16,345,28,63,95703,374,0079
120,16,345,3601,63,91016,374,3237
120,16,345,3601,63,91016,374,3237
120,16,345,3601,63,91016,374,3237
120,16,345,3601,63,91016,374,3237
120,16,345,4312,63,86865,374,6043
120,16,345,4312,63,86865,374,6043
120,16,345,4312,63,86865,374,6043
120,16,345,4995,63,82861,374,8742
120,16,345,4995,63,82861,374,8742
120,16,345,4995,63,82861,374,8742
120,16,345,4995,63,82861,374,8742
120,16,345,5703,63,78711,375,1541
120,16,345,5703,63,78711,375,1541
120,16,345,5703,63,78711,375,1541
120,16,345,5703,63,78711,375,1541
120,16,345,6416,63,74561,375,4351
120,16,345,6416,63,74561,375,4351
120,16,345,6416,63,74561,375,4351
120,16,345,7102,63,70557,375,7054
120,16,345,7102,63,70557,375,7054
120,16,345,7102,63,70557,375,7054
120,16,345,7102,63,70557,375,7054
120,16,345,782,63,66357,375,9885
120,16,345,782,63,66357,375,9885
120,16,345,782,63,66357,375,9885
120,16,345,8511,63,62305,376,2614
120,16,345,8511,63,62305,376,2614
120,16,345,8511,63,62305,376,2614
120,16,345,8511,63,62305,376,2614
120,16,345,9189,63,5835,376,5297
120,16,345,9189,63,5835,376,5297
120,16,345,9189,63,5835,376,5297
120,16,345,9861,63,54443,376,7946
120,16,345,9861,63,54443,376,7946
120,16,345,9861,63,54443,376,7946
120,16,345,9861,63,54443,376,7946
120,16,346,0549,63,50439,377,0662
120,16,346,0549,63,50439,377,0662
120,16,346,0549,63,50439,377,0662
120,16,346,1204,63,46631,377,3246
120,16,346,1204,63,46631,377,3246
120,16,346,1204,63,46631,377,3246
120,16,346,1863,63,42773,377,5852
120,16,346,1863,63,42773,377,5852
120,16,346,1863,63,42773,377,5852
120,16,346,1863,63,42773,377,5852
120,16,346,2515,63,38965,377,8425
120,16,346,2515,63,38965,377,8425
120,16,346,2515,63,38965,377,8425
120,16,346,3164,63,35156,378,0992
120,16,346,3164,63,35156,378,0992
120,16,346,3164,63,35156,378,0992
120,16,346,3164,63,35156,378,0992
120,16,346,3823,63,31299,378,3593
120,16,346,3823,63,31299,378,3593
120,16,346,3823,63,31299,378,3593
120,16,346,448,63,27441,378,619
120,16,346,448,63,27441,378,619
120,16,346,448,63,27441,378,619
120,16,346,5115,63,2373,378,8693
120,16,346,5115,63,2373,378,8693
120,17,346,5115,63,2373,378,8693
120,17,346,5723,63,20166,379,1094
120,17,346,5723,63,20166,379,1094
120,17,346,5723,63,20166,379,1094
120,17,346,5723,63,20166,379,1094
120,17,346,6365,63,16406,379,3629
120,17,346,6365,63,16406,379,3629
120,17,346,6365,63,16406,379,3629
120,17,346,7,63,12695,379,6135
120,17,346,7,63,12695,379,6135
120,17,346,7,63,12695,379,6135
120,17,346,7632,63,08984,379,8633
120,17,346,7632,63,08984,379,8633
120,17,346,7632,63,08984,379,8633
120,17,346,8276,63,05225,380,1176
120,17,346,8276,63,05225,380,1176
120,17,346,8276,63,05225,380,1176
120,17,346,8276,63,05225,380,1176
120,17,346,8901,63,01563,380,3641
120,17,346,8901,63,01563,380,3641
120,17,346,8901,63,01563,380,3641
120,17,346,9539,62,97852,380,6158
120,17,346,9539,62,97852,380,6158
120,17,346,9539,62,97852,380,6158
120,17,347,0144,62,94287,380,8552
120,17,347,0144,62,94287,380,8552
120,17,347,0144,62,94287,380,8552
120,17,347,0769,62,90625,381,1022
120,17,347,0769,62,90625,381,1022
120,17,347,0769,62,90625,381,1022
120,17,347,1355,62,87207,381,3331
120,17,347,1355,62,87207,381,3331
120,17,347,1355,62,87207,381,3331
120,17,347,1946,62,8374,381,5662
120,17,347,1946,62,8374,381,5662
120,17,347,1946,62,8374,381,5662
120,17,347,2554,62,80176,381,8063
120,17,347,2554,62,80176,381,8063
120,17,347,2554,62,80176,381,8063
120,17,347,3147,62,76709,382,0409
120,17,347,3147,62,76709,382,0409
120,17,347,3147,62,76709,382,0409
120,17,347,3723,62,7334,382,2682
120,17,347,3723,62,7334,382,2682
120,17,347,3723,62,7334,382,2682
120,17,347,4314,62,69873,382,5009
120,17,347,4314,62,69873,382,5009
120,17,347,4314,62,69873,382,5009
120,17,347,4929,62,6626,382,7441
120,17,347,4929,62,6626,382,7441
120,17,347,4929,62,6626,382,7441
120,17,347,5505,62,62891,382,9716
120,17,347,5505,62,62891,382,9716
120,17,347,5505,62,62891,382,9716
120,17,347,6089,62,59473,383,202
120,17,347,6089,62,59473,383,202
120,17,347,6089,62,59473,383,202
120,17,347,668,62,56006,383,435
120,17,347,668,62,56006,383,435
120,17,347,668,62,56006,383,435
120,17,347,7273,62,52539,383,6688
120,17,347,7273,62,52539,383,6688
120,17,347,7273,62,52539,383,6688
120,17,347,7273,62,52539,383,6688
120,17,347,7874,62,49023,383,9063
120,17,347,7874,62,49023,383,9063
120,17,347,7874,62,49023,383,9063
120,17,347,8511,62,45313,384,1576
120,17,347,8511,62,45313,384,1576
120,17,347,8511,62,45313,384,1576
120,17,347,9116,62,41797,384,3967
120,17,347,9116,62,41797,384,3967
120,17,347,9116,62,41797,384,3967
120,17,347,9692,62,38428,384,6241
120,17,347,9692,62,38428,384,6241
120,17,347,9692,62,38428,384,6241
120,17,348,0273,62,35059,384,8531
120,17,348,0273,62,35059,384,8531
120,17,348,0273,62,35059,384,8531
120,17,348,0835,62,31787,385,0752
120,17,348,0835,62,31787,385,0752
120,17,348,1394,62,28516,385,2958
120,17,348,1394,62,28516,385,2958
120,17,348,1394,62,28516,385,2958
120,17,348,1938,62,25342,385,5106
120,17,348,1938,62,25342,385,5106
120,17,348,1938,62,25342,385,5106
120,17,348,2478,62,22217,385,7233
120,17,348,2478,62,22217,385,7233
120,17,348,2478,62,22217,385,7233
120,17,348,3022,62,19043,385,9384
120,17,348,3022,62,19043,385,9384
120,17,348,3022,62,19043,385,9384
120,17,348,3579,62,15771,386,1583
120,17,348,3579,62,15771,386,1583
120,17,348,3579,62,15771,386,1583
120,17,348,4158,62,12402,386,3863
120,17,348,4158,62,12402,386,3863
120,17,348,4158,62,12402,386,3863
120,17,348,4724,62,09082,386,6104
120,17,348,4724,62,09082,386,6104
120,17,348,4724,62,09082,386,6104
120,17,348,5334,62,05518,386,8511
120,17,348,5334,62,05518,386,8511
120,17,348,5334,62,05518,386,8511
120,17,348,5886,62,02295,387,0692
120,17,348,5886,62,02295,387,0692
120,17,348,5886,62,02295,387,0692
120,17,348,6455,61,98975,387,2941
120,17,348,6455,61,98975,387,2941
120,17,348,6455,61,98975,387,2941
120,17,348,7058,61,95459,387,5326
120,17,348,7058,61,95459,387,5326
120,17,348,7058,61,95459,387,5326
120,17,348,7629,61,92139,387,7578
120,17,348,7629,61,92139,387,7578
120,17,348,7629,61,92139,387,7578
120,17,348,8215,61,88721,387,9896
120,17,348,8215,61,88721,387,9896
120,17,348,8787,61,854,388,2147
120,17,348,8787,61,854,388,2147
120,17,348,8787,61,854,388,2147
120,17,348,9348,61,82129,388,4369
120,17,348,9348,61,82129,388,4369
120,17,348,9348,61,82129,388,4369
120,17,348,9897,61,78906,388,6538
120,18,348,9897,61,78906,388,6538
120,18,348,9897,61,78906,388,6538
120,18,349,0503,61,75342,388,893
120,18,349,0503,61,75342,388,893
120,18,349,0503,61,75342,388,893
120,18,349,1057,61,72119,389,1116
120,18,349,1057,61,72119,389,1116
120,18,349,1057,61,72119,389,1116
120,18,349,1604,61,68896,389,3279
120,18,349,1604,61,68896,389,3279
120,18,349,1604,61,68896,389,3279
120,18,349,2134,61,6582,389,537
120,18,349,2134,61,6582,389,537
120,18,349,2134,61,6582,389,537
120,18,349,269,61,62549,389,757
120,18,349,269,61,62549,389,757
120,18,349,324,61,59326,389,9739
120,18,349,324,61,59326,389,9739
120,18,349,324,61,59326,389,9739
120,18,349,3772,61,56201,390,1838
120,18,349,3772,61,56201,390,1838
120,18,349,3772,61,56201,390,1838
120,18,349,4277,61,53223,390,3835
120,18,349,4277,61,53223,390,3835
120,18,349,4277,61,53223,390,3835
120,18,349,4844,61,49902,390,6068
120,18,349,4844,61,49902,390,6068
120,18,349,5381,61,46777,390,8191
120,18,349,5381,61,46777,390,8191
120,18,349,5381,61,46777,390,8191
120,18,349,5906,61,43701,391,0269
120,18,349,5906,61,43701,391,0269
120,18,349,5906,61,43701,391,0269
120,18,349,6414,61,40723,391,2272
120,18,349,6414,61,40723,391,2272
120,18,349,6948,61,37598,391,4382
120,18,349,6948,61,37598,391,4382
120,18,349,6948,61,37598,391,4382
120,18,349,7483,61,34473,391,649
120,18,349,7483,61,34473,391,649
120,18,349,7483,61,34473,391,649
120,18,349,803,61,31299,391,8645
120,18,349,803,61,31299,391,8645
120,18,349,803,61,31299,391,8645
120,18,349,8562,61,28174,392,0748
120,18,349,8562,61,28174,392,0748
120,18,349,9089,61,25098,392,2831
120,18,349,9089,61,25098,392,2831
120,18,349,9089,61,25098,392,2831
120,18,349,9636,61,21924,392,4986
120,18,349,9636,61,21924,392,4986
120,18,349,9636,61,21924,392,4986
120,18,350,0173,61,18799,392,7104
120,18,350,0173,61,18799,392,7104
120,18,350,0173,61,18799,392,7104
120,18,350,071,61,15674,392,9224
120,18,350,071,61,15674,392,9224
120,18,350,1238,61,12598,393,1301
120,18,350,1238,61,12598,393,1301
120,18,350,1238,61,12598,393,1301
120,18,350,1758,61,0957,393,3356
120,18,350,1758,61,0957,393,3356
120,18,350,1758,61,0957,393,3356
120,18,350,2317,61,06299,393,5562
120,18,350,2317,61,06299,393,5562
120,18,350,2317,61,06299,393,5562
120,18,350,2876,61,03027,393,7768
120,18,350,2876,61,03027,393,7768
120,18,350,2876,61,03027,393,7768
120,18,350,3398,60,99951,393,9833
120,18,350,3398,60,99951,393,9833
120,18,350,3943,60,96777,394,1979
120,18,350,3943,60,96777,394,1979
120,18,350,3943,60,96777,394,1979
120,18,350,4495,60,93555,394,4152
120,18,350,4495,60,93555,394,4152
120,18,350,4495,60,93555,394,4152
120,18,350,5032,60,9043,394,6273
120,18,350,5032,60,9043,394,6273
120,18,350,5032,60,9043,394,6273
120,18,350,5557,60,87354,394,8346
120,18,350,5557,60,87354,394,8346
120,18,350,6101,60,8418,395,0499
120,18,350,6101,60,8418,395,0499
120,18,350,6101,60,8418,395,0499
120,18,350,6619,60,81152,395,2542
120,18,350,6619,60,81152,395,2542
120,18,350,6619,60,81152,395,2542
120,18,350,7153,60,78027,395,4653
120,18,350,7153,60,78027,395,4653
120,18,350,7153,60,78027,395,4653
120,18,350,7703,60,74805,395,682
120,18,350,7703,60,74805,395,682
120,18,350,8237,60,7168,395,8927
120,18,350,8237,60,7168,395,8927
120,18,350,8237,60,7168,395,8927
120,18,350,8796,60,68408,396,1136
120,18,350,8796,60,68408,396,1136
120,18,350,8796,60,68408,396,1136
120,18,350,9336,60,65234,396,3269
120,18,350,9336,60,65234,396,3269
120,18,350,9336,60,65234,396,3269
120,18,350,988,60,62061,396,5413
120,18,350,988,60,62061,396,5413
120,18,350,988,60,62061,396,5413
120,18,351,0427,60,58838,396,7576
120,18,351,0427,60,58838,396,7576
120,18,351,0955,60,55762,396,9658
120,18,351,0955,60,55762,396,9658
120,18,351,0955,60,55762,396,9658
120,18,351,1519,60,5249,397,1884
120,18,351,1519,60,5249,397,1884
120,18,351,1519,60,5249,397,1884
120,18,351,2065,60,49316,397,4043
120,18,351,2065,60,49316,397,4043
120,18,351,2065,60,49316,397,4043
120,18,351,2632,60,45996,397,6281
120,18,351,2632,60,45996,397,6281
120,18,351,2632,60,45996,397,6281
120,18,351,3171,60,42822,397,8414
120,18,351,3171,60,42822,397,8414
120,18,351,3171,60,42822,397,8414
120,18,351,3704,60,39697,398,0512
120,18,351,3704,60,39697,398,0512
120,19,351,3704,60,39697,398,0512
120,19,351,427,60,36377,398,2753
120,19,351,427,60,36377,398,2753
120,19,351,4832,60,33105,398,4969
120,19,351,4832,60,33105,398,4969
120,19,351,4832,60,33105,398,4969
120,19,351,5378,60,29932,398,7129
120,19,351,5378,60,29932,398,7129
120,19,351,5378,60,29932,398,7129
120,19,351,5891,60,26953,398,9158
120,19,351,5891,60,26953,398,9158
120,19,351,5891,60,26953,398,9158
120,19,351,6431,60,23779,399,1289
120,19,351,6431,60,23779,399,1289
120,19,351,6431,60,23779,399,1289
120,19,351,698,60,20557,399,3461
120,19,351,698,60,20557,399,3461
120,19,351,7549,60,17236,399,5705
120,19,351,7549,60,17236,399,5705
120,19,351,7549,60,17236,399,5705
120,19,351,811,60,13965,399,7922
120,19,351,811,60,13965,399,7922
120,19,351,811,60,13965,399,7922
120,19,351,8655,60,10791,400,0076
120,19,351,8655,60,10791,400,0076
120,19,351,8655,60,10791,400,0076
120,19,351,9216,60,0752,400,2297
120,19,351,9216,60,0752,400,2297
120,19,351,9216,60,0752,400,2297
120,19,351,9802,60,04102,400,4611
120,19,351,9802,60,04102,400,4611
120,19,351,9802,60,04102,400,4611
120,19,352,0386,60,00684,400,6919
120,19,352,0386,60,00684,400,6919
120,19,352,0386,60,00684,400,6919
120,19,352,0945,59,97412,400,9122
120,19,352,0945,59,97412,400,9122
120,19,352,0945,59,97412,400,9122
120,19,352,1514,59,94092,401,137
120,19,352,1514,59,94092,401,137
120,19,352,1514,59,94092,401,137
120,19,352,2085,59,90771,401,3629
120,19,352,2085,59,90771,401,3629
120,19,352,2085,59,90771,401,3629
120,19,352,2673,59,87354,401,5949
120,19,352,2673,59,87354,401,5949
120,19,352,2673,59,87354,401,5949
120,19,352,3318,59,83594,401,8492
120,19,352,3318,59,83594,401,8492
120,19,352,3318,59,83594,401,8492
120,19,352,3857,59,80469,402,0618
120,19,352,3857,59,80469,402,0618
120,19,352,3857,59,80469,402,0618
120,19,352,4448,59,77002,402,295
120,19,352,4448,59,77002,402,295
120,19,352,4983,59,73877,402,5062
120,19,352,4983,59,73877,402,5062
120,19,352,4983,59,73877,402,5062
120,19,352,5513,59,70801,402,7157
120,19,352,5513,59,70801,402,7157
120,19,352,5513,59,70801,402,7157
120,19,352,605,59,67676,402,9275
120,19,352,605,59,67676,402,9275
120,19,352,605,59,67676,402,9275
120,19,352,6631,59,64307,403,1564
120,19,352,6631,59,64307,403,1564
120,19,352,6631,59,64307,403,1564
120,19,352,718,59,61084,403,3733
120,19,352,718,59,61084,403,3733
120,19,352,718,59,61084,403,3733
120,19,352,772,59,5791,403,5862
120,19,352,772,59,5791,403,5862
120,19,352,8254,59,54785,403,7972
120,19,352,8254,59,54785,403,7972
120,19,352,8254,59,54785,403,7972
120,19,352,8792,59,5166,404,0098
120,19,352,8792,59,5166,404,0098
120,19,352,8792,59,5166,404,0098
120,19,352,9358,59,4834,404,2332
120,19,352,9358,59,4834,404,2332
120,19,352,9358,59,4834,404,2332
120,19,352,9915,59,45117,404,4525
120,19,352,9915,59,45117,404,4525
120,19,352,9915,59,45117,404,4525
120,19,353,0447,59,41992,404,6627
120,19,353,0447,59,41992,404,6627
120,19,353,1001,59,3877,404,8818
120,19,353,1001,59,3877,404,8818
120,19,353,1001,59,3877,404,8818
120,19,353,1531,59,35693,405,0909
120,19,353,1531,59,35693,405,0909
120,19,353,1531,59,35693,405,0909
120,19,353,2078,59,3252,405,3066
120,19,353,2078,59,3252,405,3066
120,19,353,2078,59,3252,405,3066
120,19,353,2595,59,29492,405,5106
120,19,353,2595,59,29492,405,5106
120,19,353,2595,59,29492,405,5106
120,19,353,3149,59,2627,405,7296
120,19,353,3149,59,2627,405,7296
120,19,353,3689,59,23096,405,9427
120,19,353,3689,59,23096,405,9427
120,19,353,3689,59,23096,405,9427
120,19,353,4226,59,19971,406,1547
120,19,353,4226,59,19971,406,1547
120,19,353,4226,59,19971,406,1547
120,19,353,4775,59,16748,406,3719
120,19,353,4775,59,16748,406,3719
120,19,353,4775,59,16748,406,3719
120,19,353,5369,59,13281,406,6064
120,19,353,5369,59,13281,406,6064
120,19,353,5369,59,13281,406,6064
120,19,353,592,59,10059,406,8245
120,19,353,592,59,10059,406,8245
120,19,353,592,59,10059,406,8245
120,19,353,6472,59,06836,407,042
120,19,353,6472,59,06836,407,042
120,19,353,6472,59,06836,407,042
120,19,353,7058,59,03418,407,2737
120,19,353,7058,59,03418,407,2737
120,19,353,7605,59,00244,407,4896
120,19,353,7605,59,00244,407,4896
120,19,353,7605,59,00244,407,4896
120,19,353,8103,58,97314,407,6867
120,19,353,8103,58,97314,407,6867
120,20,353,8103,58,97314,407,6867
120,20,353,8616,58,94336,407,8889
120,20,353,8616,58,94336,407,8889
120,20,353,9155,58,91162,408,1019
120,20,353,9155,58,91162,408,1019
120,20,353,9155,58,91162,408,1019
120,20,353,9668,58,88184,408,3047
120,20,353,9668,58,88184,408,3047
120,20,354,0171,58,85254,408,5029
120,20,354,0171,58,85254,408,5029
120,20,354,0171,58,85254,408,5029
120,20,354,0679,58,82275,408,703
120,20,354,0679,58,82275,408,703
120,20,354,0679,58,82275,408,703
120,20,354,1191,58,79297,408,905
120,20,354,1191,58,79297,408,905
120,20,354,1675,58,76465,409,0956
120,20,354,1675,58,76465,409,0956
120,20,354,1675,58,76465,409,0956
120,20,354,2227,58,73242,409,3132
120,20,354,2227,58,73242,409,3132
120,20,354,2227,58,73242,409,3132
120,20,354,2737,58,70264,409,5146
120,20,354,2737,58,70264,409,5146
120,20,354,3235,58,67383,409,7108
120,20,354,3235,58,67383,409,7108
120,20,354,3235,58,67383,409,7108
120,20,354,3738,58,64453,409,9092
120,20,354,3738,58,64453,409,9092
120,20,354,4221,58,61621,410,1
120,20,354,4221,58,61621,410,1
120,20,354,4221,58,61621,410,1
120,20,354,4719,58,58691,410,2965
120,20,354,4719,58,58691,410,2965
120,20,354,5215,58,55811,410,4923
120,20,354,5215,58,55811,410,4923
120,20,354,5215,58,55811,410,4923
120,20,354,571,58,5293,410,6876
120,20,354,571,58,5293,410,6876
120,20,354,6201,58,50049,410,8815
120,20,354,6201,58,50049,410,8815
120,20,354,6201,58,50049,410,8815
120,20,354,6687,58,47217,411,0737
120,20,354,6687,58,47217,411,0737
120,20,354,7158,58,44434,411,26
120,20,354,7158,58,44434,411,26
120,20,354,7158,58,44434,411,26
120,20,354,7661,58,41504,411,4585
120,20,354,7661,58,41504,411,4585
120,20,354,814,58,38721,411,647
120,20,354,814,58,38721,411,647
120,20,354,814,58,38721,411,647
120,20,354,8657,58,35693,411,8511
120,20,354,8657,58,35693,411,8511
120,20,354,8657,58,35693,411,8511
120,20,354,9143,58,32861,412,0427
120,20,354,9143,58,32861,412,0427
120,20,354,9683,58,29688,412,256
120,20,354,9683,58,29688,412,256
120,20,354,9683,58,29688,412,256
120,20,355,0156,58,26904,412,4432
120,20,355,0156,58,26904,412,4432
120,20,355,0632,58,24121,412,6309
120,20,355,0632,58,24121,412,6309
120,20,355,0632,58,24121,412,6309
120,20,355,1162,58,21045,412,8397
120,20,355,1162,58,21045,412,8397
120,20,355,1641,58,18262,413,0289
120,20,355,1641,58,18262,413,0289
120,20,355,1641,58,18262,413,0289
120,20,355,2129,58,1543,413,2213
120,20,355,2129,58,1543,413,2213
120,20,355,2617,58,12598,413,4137
120,20,355,2617,58,12598,413,4137
120,20,355,2617,58,12598,413,4137
120,20,355,3127,58,09619,413,6157
120,20,355,3127,58,09619,413,6157
120,20,355,3127,58,09619,413,6157
120,20,355,363,58,06689,413,8145
120,20,355,363,58,06689,413,8145
120,20,355,363,58,06689,413,8145
120,20,355,4109,58,03906,414,0031
120,20,355,4109,58,03906,414,0031
120,20,355,4719,58,00342,414,2441
120,20,355,4719,58,00342,414,2441
120,20,355,4719,58,00342,414,2441
120,20,355,5198,57,97559,414,4332
120,20,355,5198,57,97559,414,4332
120,20,355,5198,57,97559,414,4332
120,20,355,5706,57,9458,414,6332
120,20,355,5706,57,9458,414,6332
120,20,355,6245,57,91406,414,8462
120,20,355,6245,57,91406,414,8462
120,20,355,6245,57,91406,414,8462
120,20,355,6792,57,88232,415,0618
120,20,355,6792,57,88232,415,0618
120,20,355,7273,57,85449,415,2512
120,20,355,7273,57,85449,415,2512
120,20,355,7273,57,85449,415,2512
120,20,355,7771,57,8252,415,4479
120,20,355,7771,57,8252,415,4479
120,20,355,8257,57,79688,415,64
120,20,355,8257,57,79688,415,64
120,20,355,8257,57,79688,415,64
120,20,355,8738,57,76904,415,8295
120,20,355,8738,57,76904,415,8295
120,20,355,9216,57,74121,416,0183
120,20,355,9216,57,74121,416,0183
120,20,355,9216,57,74121,416,0183
120,20,355,9709,57,7124,416,2129
120,20,355,9709,57,7124,416,2129
120,20,356,0166,57,68555,416,3932
120,20,356,0166,57,68555,416,3932
120,20,356,0166,57,68555,416,3932
120,20,356,0664,57,65625,416,5898
120,20,356,0664,57,65625,416,5898
120,20,356,1169,57,62646,416,7898
120,20,356,1169,57,62646,416,7898
120,20,356,1169,57,62646,416,7898
120,20,356,1667,57,59766,416,986
120,20,356,1667,57,59766,416,986
120,20,356,2151,57,56934,417,1765
120,20,356,2151,57,56934,417,1765
120,20,356,2151,57,56934,417,1765
120,20,356,2634,57,54102,417,3677
120,20,356,2634,57,54102,417,3677
120,21,356,2634,57,54102,417,3677
120,21,356,3142,57,51123,417,5681
120,21,356,3142,57,51123,417,5681
120,21,356,3665,57,48047,417,7743
120,21,356,3665,57,48047,417,7743
120,21,356,3665,57,48047,417,7743
120,21,356,4216,57,44824,417,9917
120,21,356,4216,57,44824,417,9917
120,21,356,4216,57,44824,417,9917
120,21,356,4771,57,41602,418,2108
120,21,356,4771,57,41602,418,2108
120,21,356,4771,57,41602,418,2108
120,21,356,5317,57,38428,418,4263
120,21,356,5317,57,38428,418,4263
120,21,356,5317,57,38428,418,4263
120,21,356,5869,57,35205,418,6442
120,21,356,5869,57,35205,418,6442
120,21,356,5869,57,35205,418,6442
120,21,356,6443,57,31836,418,8704
120,21,356,6443,57,31836,418,8704
120,21,356,6975,57,28711,419,0806
120,21,356,6975,57,28711,419,0806
120,21,356,6975,57,28711,419,0806
120,21,356,7524,57,25488,419,2972
120,21,356,7524,57,25488,419,2972
120,21,356,7524,57,25488,419,2972
120,21,356,8069,57,22314,419,5121
120,21,356,8069,57,22314,419,5121
120,21,356,8069,57,22314,419,5121
120,21,356,863,57,19043,419,7336
120,21,356,863,57,19043,419,7336
120,21,356,863,57,19043,419,7336
120,21,356,9167,57,15918,419,9456
120,21,356,9167,57,15918,419,9456
120,21,356,9668,57,12988,420,1435
120,21,356,9668,57,12988,420,1435
120,21,356,9668,57,12988,420,1435
120,21,357,0154,57,10156,420,3357
120,21,357,0154,57,10156,420,3357
120,21,357,0154,57,10156,420,3357
120,21,357,0725,57,06836,420,5615
120,21,357,0725,57,06836,420,5615
120,21,357,1265,57,03662,420,7745
120,21,357,1265,57,03662,420,7745
120,21,357,1736,57,00928,420,9601
120,21,357,1736,57,00928,420,9601
120,21,357,2188,56,98291,421,138
120,21,357,2188,56,98291,421,138
120,21,357,2495,56,96484,421,259
120,21,357,2793,56,94727,421,3766
120,21,357,3079,56,93066,421,4896
120,21,357,3079,56,93066,421,4896
120,21,357,3354,56,91455,421,5988
120,21,357,363,56,89844,421,7074
120,21,357,363,56,89844,421,7074
120,21,357,3928,56,88086,421,8246
120,21,357,3928,56,88086,421,8246
120,21,357,3928,56,88086,421,8246
120,21,357,3928,56,88086,421,8246
120,21,357,3928,56,88086,421,8246
120,21,357,4204,56,86475,421,9335
120,21,357,4204,56,86475,421,9335
120,21,357,5176,56,80811,422,3173
120,21,357,5564,56,78564,422,4705
120,21,357,5564,56,78564,422,4705
120,21,357,585,56,76904,422,5836
120,21,357,6135,56,75244,422,6965
120,21,357,6135,56,75244,422,6965
120,21,357,645,56,73389,422,8206
120,21,357,6746,56,7168,422,9374
120,21,357,6746,56,7168,422,9374
120,21,357,7051,56,69922,423,0577
120,21,357,7051,56,69922,423,0577
120,21,357,7334,56,68262,423,1694
120,21,357,7334,56,68262,423,1694
120,21,357,7747,56,65869,423,3325
120,21,357,7747,56,65869,423,3325
120,21,357,8164,56,63428,423,4971
120,21,357,8164,56,63428,423,4971
120,21,357,8164,56,63428,423,4971
120,21,357,8599,56,60889,423,6689
120,21,357,8599,56,60889,423,6689
120,21,357,9021,56,58398,423,8357
120,21,357,9021,56,58398,423,8357
120,21,357,9451,56,55908,424,0048
120,21,357,9451,56,55908,424,0048
120,21,357,9451,56,55908,424,0048
120,21,357,9873,56,53418,424,1714
120,21,357,9873,56,53418,424,1714
120,21,357,9873,56,53418,424,1714
120,21,358,0391,56,50391,424,3757
120,21,358,0391,56,50391,424,3757
120,21,358,0391,56,50391,424,3757
120,21,358,0977,56,46973,424,6071
120,21,358,0977,56,46973,424,6071
120,21,358,0977,56,46973,424,6071
120,21,358,1589,56,43408,424,8485
120,21,358,1589,56,43408,424,8485
120,21,358,1589,56,43408,424,8485
120,21,358,22,56,39844,425,0897
120,21,358,22,56,39844,425,0897
120,21,358,22,56,39844,425,0897
120,21,358,2842,56,36084,425,3433
120,21,358,3296,56,33447,425,5225
120,21,358,3296,56,33447,425,5225
120,21,358,3579,56,31787,425,6343
120,21,358,387,56,30078,425,749
120,21,358,387,56,30078,425,749
120,21,358,4165,56,28369,425,8656
120,21,358,4448,56,26709,425,9772
120,21,358,4731,56,25049,426,0891
120,21,358,4731,56,25049,426,0891
120,21,358,5015,56,23389,426,2004
120,21,358,5015,56,23389,426,2004
120,21,358,5291,56,21777,426,3092
120,21,358,5291,56,21777,426,3092
120,21,358,5291,56,21777,426,3092
120,21,358,5767,56,18994,426,4974
120,22,358,5767,56,18994,426,4974
120,22,358,6221,56,16357,426,6767
120,22,358,6221,56,16357,426,6767
120,22,358,6677,56,13672,426,8574
120,22,358,6677,56,13672,426,8574
120,22,358,6677,56,13672,426,8574
120,22,358,7126,56,11035,427,0343
120,22,358,7126,56,11035,427,0343
120,22,358,7595,56,08301,427,2191
120,22,358,7595,56,08301,427,2191
120,22,358,8052,56,05615,427,3992
120,22,358,8052,56,05615,427,3992
120,22,358,8052,56,05615,427,3992
120,22,358,8496,56,03027,427,5743
120,22,358,8496,56,03027,427,5743
120,22,358,895,56,00391,427,7534
120,22,358,895,56,00391,427,7534
120,22,358,9397,55,97803,427,9293
120,22,358,9397,55,97803,427,9293
120,22,358,9397,55,97803,427,9293
120,22,358,9841,55,95215,428,1042
120,22,358,9841,55,95215,428,1042
120,22,359,0305,55,92529,428,287
120,22,359,0305,55,92529,428,287
120,22,359,0767,55,89844,428,4688
120,22,359,0767,55,89844,428,4688
120,22,359,0767,55,89844,428,4688
120,22,359,1245,55,87061,428,6576
120,22,359,1245,55,87061,428,6576
120,22,359,168,55,84521,428,8292
120,22,359,168,55,84521,428,8292
120,22,359,2153,55,81738,429,0166
120,22,359,2153,55,81738,429,0166
120,22,359,2153,55,81738,429,0166
120,22,359,2605,55,79102,429,1953
120,22,359,2605,55,79102,429,1953
120,22,359,3108,55,76172,429,3936
120,22,359,3108,55,76172,429,3936
120,22,359,3108,55,76172,429,3936
120,22,359,3591,55,7334,429,5841
120,22,359,3591,55,7334,429,5841
120,22,359,4043,55,70703,429,7625
120,22,359,4043,55,70703,429,7625
120,22,359,4043,55,70703,429,7625
120,22,359,4514,55,67969,429,9485
120,22,359,4514,55,67969,429,9485
120,22,359,4963,55,65332,430,126
120,22,359,4963,55,65332,430,126
120,22,359,5413,55,62695,430,3032
120,22,359,5413,55,62695,430,3032
120,22,359,5413,55,62695,430,3032
120,22,359,5862,55,60059,430,4807
120,22,359,5862,55,60059,430,4807
120,22,359,6316,55,57422,430,6602
120,22,359,6316,55,57422,430,6602
120,22,359,6765,55,54785,430,8378
120,22,359,6765,55,54785,430,8378
120,22,359,7195,55,52246,431,0078
120,22,359,7195,55,52246,431,0078
120,22,359,7195,55,52246,431,0078
120,22,359,7649,55,49609,431,1872
120,22,359,7649,55,49609,431,1872
120,22,359,7649,55,49609,431,1872
120,22,359,8196,55,46387,431,4033
120,22,359,8196,55,46387,431,4033
120,22,359,8196,55,46387,431,4033
120,22,359,8738,55,43213,431,6174
120,22,359,8738,55,43213,431,6174
120,22,359,8738,55,43213,431,6174
120,22,359,9309,55,39893,431,843
120,22,359,9309,55,39893,431,843
120,22,359,9309,55,39893,431,843
120,22,359,991,55,36377,432,0803
120,22,359,991,55,36377,432,0803
120,22,359,991,55,36377,432,0803
120,22,360,0469,55,33105,432,3013
120,22,360,0469,55,33105,432,3013
120,22,360,0469,55,33105,432,3013
120,22,360,1028,55,29834,432,5225
120,22,360,1028,55,29834,432,5225
120,22,360,1028,55,29834,432,5225
120,22,360,1592,55,26563,432,7449
120,22,360,1592,55,26563,432,7449
120,22,360,2146,55,2334,432,9633
120,22,360,2146,55,2334,432,9633
120,22,360,2146,55,2334,432,9633
120,22,360,27,55,20117,433,1819
120,22,360,27,55,20117,433,1819
120,22,360,27,55,20117,433,1819
120,22,360,3264,55,16797,433,4048
120,22,360,3264,55,16797,433,4048
120,22,360,3264,55,16797,433,4048
120,22,360,3806,55,13623,433,6184
120,22,360,3806,55,13623,433,6184
120,22,360,3806,55,13623,433,6184
120,22,360,4351,55,10449,433,8332
120,22,360,4351,55,10449,433,8332
120,22,360,4351,55,10449,433,8332
120,22,360,4915,55,07178,434,0557
120,22,360,4915,55,07178,434,0557
120,22,360,4915,55,07178,434,0557
120,22,360,5474,55,03906,434,2762
120,22,360,5474,55,03906,434,2762
120,22,360,5474,55,03906,434,2762
120,22,360,6042,55,00586,434,5008
120,22,360,6042,55,00586,434,5008
120,22,360,6631,54,97168,434,733
120,22,360,6631,54,97168,434,733
120,22,360,6631,54,97168,434,733
120,22,360,7188,54,93896,434,9527
120,22,360,7188,54,93896,434,9527
120,22,360,7188,54,93896,434,9527
120,22,360,77,54,90918,435,1548
120,22,360,77,54,90918,435,1548
120,22,360,77,54,90918,435,1548
120,22,360,8259,54,87646,435,3751
120,22,360,8259,54,87646,435,3751
120,22,360,8792,54,84521,435,5857
120,22,360,8792,54,84521,435,5857
120,22,360,8792,54,84521,435,5857
120,22,360,9316,54,81445,435,7927
120,22,360,9316,54,81445,435,7927
120,22,360,9316,54,81445,435,7927
120,22,360,9822,54,78467,435,9924
120,23,360,9822,54,78467,435,9924
120,23,360,9822,54,78467,435,9924
120,23,361,0376,54,75244,436,2115
120,23,361,0376,54,75244,436,2115
120,23,361,0376,54,75244,436,2115
120,23,361,0911,54,72119,436,4226
120,23,361,0911,54,72119,436,4226
120,23,361,0911,54,72119,436,4226
120,23,361,1523,54,68555,436,6644
120,23,361,1523,54,68555,436,6644
120,23,361,2095,54,65234,436,8896
120,23,361,2095,54,65234,436,8896
120,23,361,2095,54,65234,436,8896
120,23,361,2595,54,62305,437,087
120,23,361,2595,54,62305,437,087
120,23,361,2595,54,62305,437,087
120,23,361,311,54,59277,437,2908
120,23,361,311,54,59277,437,2908
120,23,361,3645,54,56152,437,5016
120,23,361,3645,54,56152,437,5016
120,23,361,3645,54,56152,437,5016
120,23,361,4158,54,53125,437,7046
120,23,361,4158,54,53125,437,7046
120,23,361,4158,54,53125,437,7046
120,23,361,468,54,50049,437,9109
120,23,361,468,54,50049,437,9109
120,23,361,5195,54,47021,438,1146
120,23,361,5195,54,47021,438,1146
120,23,361,5195,54,47021,438,1146
120,23,361,572,54,43945,438,3221
120,23,361,572,54,43945,438,3221
120,23,361,572,54,43945,438,3221
120,23,361,6238,54,40918,438,527
120,23,361,6238,54,40918,438,527
120,23,361,6772,54,37793,438,7379
120,23,361,6772,54,37793,438,7379
120,23,361,6772,54,37793,438,7379
120,23,361,7263,54,34912,438,9316
120,23,361,7263,54,34912,438,9316
120,23,361,7786,54,31836,439,1379
120,23,361,7786,54,31836,439,1379
120,23,361,7786,54,31836,439,1379
120,23,361,8276,54,28955,439,3315
120,23,361,8276,54,28955,439,3315
120,23,361,8276,54,28955,439,3315
120,23,361,8762,54,26123,439,5229
120,23,361,8762,54,26123,439,5229
120,23,361,927,54,23145,439,7236
120,23,361,927,54,23145,439,7236
120,23,361,927,54,23145,439,7236
120,23,361,9785,54,20117,439,927
120,23,361,9785,54,20117,439,927
120,23,361,9785,54,20117,439,927
120,23,362,031,54,17041,440,1342
120,23,362,031,54,17041,440,1342
120,23,362,0813,54,14111,440,3322
120,23,362,0813,54,14111,440,3322
120,23,362,0813,54,14111,440,3322
120,23,362,1331,54,11084,440,5366
120,23,362,1331,54,11084,440,5366
120,23,362,1829,54,08154,440,7338
120,23,362,1829,54,08154,440,7338
120,23,362,1829,54,08154,440,7338
120,23,362,2317,54,05273,440,9269
120,23,362,2317,54,05273,440,9269
120,23,362,2317,54,05273,440,9269
120,23,362,2808,54,02393,441,1208
120,23,362,2808,54,02393,441,1208
120,23,362,3391,53,98975,441,3513
120,23,362,3391,53,98975,441,3513
120,23,362,3391,53,98975,441,3513
120,23,362,3887,53,96094,441,5466
120,23,362,3887,53,96094,441,5466
120,23,362,4385,53,93164,441,743
120,23,362,4385,53,93164,441,743
120,23,362,4385,53,93164,441,743
120,23,362,4875,53,90283,441,9369
120,23,362,4875,53,90283,441,9369
120,23,362,5366,53,87402,442,1302
120,23,362,5366,53,87402,442,1302
120,23,362,5366,53,87402,442,1302
120,23,362,585,53,8457,442,3207
120,23,362,585,53,8457,442,3207
120,23,362,635,53,81641,442,5181
120,23,362,635,53,81641,442,5181
120,23,362,635,53,81641,442,5181
120,23,362,6807,53,78955,442,6986
120,23,362,6807,53,78955,442,6986
120,23,362,7275,53,76221,442,8841
120,23,362,7275,53,76221,442,8841
120,23,362,7275,53,76221,442,8841
120,23,362,7747,53,73438,443,0706
120,23,362,7747,53,73438,443,0706
120,23,362,8225,53,70654,443,2592
120,23,362,8225,53,70654,443,2592
120,23,362,8691,53,6792,443,4429
120,23,362,8691,53,6792,443,4429
120,23,362,8691,53,6792,443,4429
120,23,362,9133,53,65332,443,6169
120,23,362,9133,53,65332,443,6169
120,23,362,9609,53,62549,443,8047
120,23,362,9609,53,62549,443,8047
120,23,362,9609,53,62549,443,8047
120,23,363,009,53,59717,443,995
120,23,363,009,53,59717,443,995
120,23,363,0544,53,5708,444,1743
120,23,363,0544,53,5708,444,1743
120,23,363,0544,53,5708,444,1743
120,23,363,1052,53,54102,444,3746
120,23,363,1052,53,54102,444,3746
120,23,363,1511,53,51416,444,5557
120,23,363,1511,53,51416,444,5557
120,23,363,1992,53,48584,444,7458
120,23,363,1992,53,48584,444,7458
120,23,363,1992,53,48584,444,7458
120,23,363,2458,53,4585,444,9304
120,23,363,2458,53,4585,444,9304
120,23,363,2913,53,43213,445,1097
120,23,363,2913,53,43213,445,1097
120,23,363,3367,53,40576,445,2896
120,23,363,3367,53,40576,445,2896
120,23,363,3367,53,40576,445,2896
120,23,363,3806,53,37988,445,4631
120,23,363,3806,53,37988,445,4631
120,23,363,429,53,35156,445,6543
120,24,363,429,53,35156,445,6543
120,24,363,429,53,35156,445,6543
120,24,363,4763,53,32373,445,8409
120,24,363,4763,53,32373,445,8409
120,24,363,5229,53,29639,446,0255
120,24,363,5229,53,29639,446,0255
120,24,363,5229,53,29639,446,0255
120,24,363,5715,53,26807,446,2173
120,24,363,5715,53,26807,446,2173
120,24,363,6179,53,24121,446,4004
120,24,363,6179,53,24121,446,4004
120,24,363,6638,53,21436,446,5814
120,24,363,6638,53,21436,446,5814
120,24,363,6638,53,21436,446,5814
120,24,363,709,53,18799,446,7598
120,24,363,709,53,18799,446,7598
120,24,363,709,53,18799,446,7598
120,24,363,7644,53,15576,446,9783
120,24,363,7644,53,15576,446,9783
120,24,363,8174,53,125,447,1876
120,24,363,8174,53,125,447,1876
120,24,363,8174,53,125,447,1876
120,24,363,8662,53,09668,447,3804
120,24,363,8662,53,09668,447,3804
120,24,363,9138,53,06885,447,5684
120,24,363,9138,53,06885,447,5684
120,24,363,9138,53,06885,447,5684
120,24,363,9624,53,04053,447,7602
120,24,363,9624,53,04053,447,7602
120,24,364,0083,53,01367,447,9414
120,24,364,0083,53,01367,447,9414
120,24,364,0083,53,01367,447,9414
120,24,364,0586,52,98438,448,1401
120,24,364,0586,52,98438,448,1401
120,24,364,113,52,95264,448,3547
120,24,364,113,52,95264,448,3547
120,24,364,113,52,95264,448,3547
120,24,364,1582,52,92627,448,5333
120,24,364,1582,52,92627,448,5333
120,24,364,2021,52,90039,448,7067
120,24,364,2021,52,90039,448,7067
120,24,364,2478,52,87354,448,8865
120,24,364,2478,52,87354,448,8865
120,24,364,2478,52,87354,448,8865
120,24,364,2974,52,84473,449,0818
120,24,364,2974,52,84473,449,0818
120,24,364,3418,52,81885,449,2569
120,24,364,3418,52,81885,449,2569
120,24,364,3848,52,79395,449,4266
120,24,364,3848,52,79395,449,4266
120,24,364,4285,52,76855,449,5992
120,24,364,4285,52,76855,449,5992
120,24,364,4285,52,76855,449,5992
120,24,364,4724,52,74268,449,7726
120,24,364,4724,52,74268,449,7726
120,24,364,5161,52,71729,449,9452
120,24,364,5161,52,71729,449,9452
120,24,364,5161,52,71729,449,9452
120,24,364,5647,52,68896,450,1371
120,24,364,5647,52,68896,450,1371
120,24,364,6111,52,66162,450,3207
120,24,364,6111,52,66162,450,3207
120,24,364,6575,52,63477,450,5034
120,24,364,6575,52,63477,450,5034
120,24,364,6575,52,63477,450,5034
120,24,364,7021,52,60889,450,6795
120,24,364,7021,52,60889,450,6795
120,24,364,7478,52,58203,450,8597
120,24,364,7478,52,58203,450,8597
120,24,364,7932,52,55566,451,0389
120,24,364,7932,52,55566,451,0389
120,24,364,7932,52,55566,451,0389
120,24,364,8381,52,5293,451,2163
120,24,364,8381,52,5293,451,2163
120,24,364,8831,52,50293,451,3936
120,24,364,8831,52,50293,451,3936
120,24,364,9277,52,47705,451,57
120,24,364,9277,52,47705,451,57
120,24,364,9277,52,47705,451,57
120,24,364,9727,52,45068,451,7475
120,24,364,9727,52,45068,451,7475
120,24,365,0173,52,42432,451,9243
120,24,365,0173,52,42432,451,9243
120,24,365,0627,52,39795,452,104
120,24,365,0627,52,39795,452,104
120,24,365,0627,52,39795,452,104
120,24,365,1096,52,37061,452,2891
120,24,365,1096,52,37061,452,2891
120,24,365,1558,52,34375,452,4711
120,24,365,1558,52,34375,452,4711
120,24,365,2036,52,31592,452,6602
120,24,365,2036,52,31592,452,6602
120,24,365,2036,52,31592,452,6602
120,24,365,2473,52,29053,452,8325
120,24,365,2473,52,29053,452,8325
120,24,365,293,52,26367,453,0123
120,24,365,293,52,26367,453,0123
120,24,365,3403,52,23584,453,1993
120,24,365,3403,52,23584,453,1993
120,24,365,3403,52,23584,453,1993
120,24,365,3826,52,21143,453,3656
120,24,365,3826,52,21143,453,3656
120,24,365,4285,52,18457,453,5472
120,24,365,4285,52,18457,453,5472
120,24,365,4749,52,15723,453,7305
120,24,365,4749,52,15723,453,7305
120,24,365,4749,52,15723,453,7305
120,24,365,5215,52,12988,453,9149
120,24,365,5215,52,12988,453,9149
120,24,365,5676,52,10303,454,097
120,24,365,5676,52,10303,454,097
120,24,365,6145,52,07568,454,2826
120,24,365,6145,52,07568,454,2826
120,24,365,6145,52,07568,454,2826
120,24,365,6582,52,05029,454,4553
120,24,365,6582,52,05029,454,4553
120,24,365,7036,52,02393,454,6343
120,24,365,7036,52,02393,454,6343
120,24,365,7483,51,99805,454,8105
120,25,365,7483,51,99805,454,8105
120,25,365,7483,51,99805,454,8105
120,25,365,793,51,97217,454,9868
120,25,365,793,51,97217,454,9868
120,25,365,8389,51,94531,455,168
120,25,365,8389,51,94531,455,168
120,25,365,8831,51,91943,455,3428
120,25,365,8831,51,91943,455,3428
120,25,365,8831,51,91943,455,3428
120,25,365,927,51,89355,455,516
120,25,365,927,51,89355,455,516
120,25,365,9697,51,86865,455,6844
120,25,365,9697,51,86865,455,6844
120,25,366,0129,51,84326,455,8551
120,25,366,0129,51,84326,455,8551
120,25,366,0569,51,81738,456,0283
120,25,366,0569,51,81738,456,0283
120,25,366,0569,51,81738,456,0283
120,25,366,1013,51,7915,456,2036
120,25,366,1013,51,7915,456,2036
120,25,366,1467,51,76514,456,3826
120,25,366,1467,51,76514,456,3826
120,25,366,1909,51,73926,456,5571
120,25,366,1909,51,73926,456,5571
120,25,366,2358,51,71289,456,7343
120,25,366,2358,51,71289,456,7343
120,25,366,2769,51,68896,456,8964
120,25,366,2769,51,68896,456,8964
120,25,366,2769,51,68896,456,8964
120,25,366,3198,51,66406,457,0659
120,25,366,3198,51,66406,457,0659
120,25,366,3618,51,63965,457,2315
120,25,366,3618,51,63965,457,2315
120,25,366,4087,51,6123,457,4167
120,25,366,4087,51,6123,457,4167
120,25,366,4087,51,6123,457,4167
120,25,366,4531,51,58643,457,5922
120,25,366,4531,51,58643,457,5922
120,25,366,4973,51,56055,457,767
120,25,366,4973,51,56055,457,767
120,25,366,5413,51,53467,457,9402
120,25,366,5413,51,53467,457,9402
120,25,366,5862,51,5083,458,1178
120,25,366,5862,51,5083,458,1178
120,25,366,5862,51,5083,458,1178
120,25,366,6309,51,48242,458,2938
120,25,366,6309,51,48242,458,2938
120,25,366,6753,51,45654,458,4691
120,25,366,6753,51,45654,458,4691
120,25,366,718,51,43164,458,6383
120,25,366,718,51,43164,458,6383
120,25,366,718,51,43164,458,6383
120,25,366,7644,51,40479,458,8212
120,25,366,7644,51,40479,458,8212
120,25,366,8145,51,37549,459,0189
120,25,366,8145,51,37549,459,0189
120,25,366,8145,51,37549,459,0189
120,25,366,8584,51,34961,459,1922
120,25,366,8584,51,34961,459,1922
120,25,366,9041,51,32275,459,3723
120,25,366,9041,51,32275,459,3723
120,25,366,9478,51,29736,459,5446
120,25,366,9478,51,29736,459,5446
120,25,366,9905,51,27246,459,7136
120,25,366,9905,51,27246,459,7136
120,25,366,9905,51,27246,459,7136
120,25,367,0352,51,24658,459,8896
120,25,367,0352,51,24658,459,8896
120,25,367,0791,51,2207,460,0632
120,25,367,0791,51,2207,460,0632
120,25,367,1248,51,19385,460,244
120,25,367,1248,51,19385,460,244
120,25,367,1704,51,16699,460,4241
120,25,367,1704,51,16699,460,4241
120,25,367,1704,51,16699,460,4241
120,25,367,2134,51,14209,460,5933
120,25,367,2134,51,14209,460,5933
120,25,367,2568,51,1167,460,7646
120,25,367,2568,51,1167,460,7646
120,25,367,301,51,09082,460,939
120,25,367,301,51,09082,460,939
120,25,367,345,51,06543,461,1121
120,25,367,345,51,06543,461,1121
120,25,367,345,51,06543,461,1121
120,25,367,3889,51,03955,461,2855
120,25,367,3889,51,03955,461,2855
120,25,367,4307,51,01514,461,4506
120,25,367,4307,51,01514,461,4506
120,25,367,4771,50,98779,461,6338
120,25,367,4771,50,98779,461,6338
120,25,367,4771,50,98779,461,6338
120,25,367,5195,50,96289,461,8016
120,25,367,5195,50,96289,461,8016
120,25,367,5676,50,93457,461,9916
120,25,367,5676,50,93457,461,9916
120,25,367,6143,50,90723,462,1759
120,25,367,6143,50,90723,462,1759
120,25,367,657,50,88232,462,3445
120,25,367,657,50,88232,462,3445
120,25,367,657,50,88232,462,3445
120,25,367,699,50,85791,462,5108
120,25,367,699,50,85791,462,5108
120,25,367,7415,50,83301,462,6782
120,25,367,7415,50,83301,462,6782
120,25,367,7854,50,80713,462,8519
120,25,367,7854,50,80713,462,8519
120,25,367,8303,50,78076,463,0293
120,25,367,8303,50,78076,463,0293
120,25,367,8303,50,78076,463,0293
120,25,367,873,50,75586,463,1976
120,25,367,873,50,75586,463,1976
120,25,367,916,50,73096,463,3669
120,25,367,916,50,73096,463,3669
120,25,367,9607,50,70508,463,5431
120,25,367,9607,50,70508,463,5431
120,25,368,0046,50,6792,463,7164
120,25,368,0046,50,6792,463,7164
120,25,368,0046,50,6792,463,7164
120,25,368,0481,50,65381,463,8879
120,25,368,0481,50,65381,463,8879
120,25,368,094,50,62695,464,0695
120,25,368,094,50,62695,464,0695
120,25,368,1379,50,60107,464,2429
120,25,368,1379,50,60107,464,2429
120,25,368,1804,50,57617,464,4106
120,25,368,1804,50,57617,464,4106
120,25,368,1804,50,57617,464,4106
120,25,368,2241,50,55078,464,5834
120,25,368,2241,50,55078,464,5834
120,25,368,2666,50,52588,464,7515
120,25,368,2666,50,52588,464,7515
120,25,368,3105,50,5,464,9252
120,25,368,3105,50,5,464,9252
120,25,368,3533,50,4751,465,0938
120,25,368,3533,50,4751,465,0938
120,25,368,3962,50,4502,465,2638
120,25,368,3962,50,4502,465,2638
120,25,368,3962,50,4502,465,2638
120,25,368,4373,50,42627,465,4257
120,25,368,4373,50,42627,465,4257
120,25,368,4934,50,40137,465,5885
120,25,368,4934,50,40137,465,5885
120,25,368,6802,50,38818,465,6055
120,25,368,6802,50,38818,465,6055
120,25,368,6802,50,38818,465,6055
120,25,368,8635,50,375,465,6221
120,25,368,8635,50,375,465,6221
120,25,369,0435,50,3623,465,6384
120,25,369,0435,50,3623,465,6384
120,25,369,2273,50,34912,465,6552
120,25,369,2273,50,34912,465,6552
120,25,369,4102,50,33594,465,6718
120,25,369,4102,50,33594,465,6718
120,25,369,4102,50,33594,465,6718
120,25,369,5886,50,32324,465,688
120,25,369,5886,50,32324,465,688
120,25,369,76,50,31104,465,7036
120,25,369,76,50,31104,465,7036
120,25,369,9434,50,29785,465,7202
120,25,369,9434,50,29785,465,7202
120,25,370,1196,50,28516,465,7362
120,25,370,1196,50,28516,465,7362
120,25,370,1196,50,28516,465,7362
120,25,370,2881,50,27344,465,7515
120,25,370,2881,50,27344,465,7515
120,25,370,4702,50,26074,465,7679
120,25,370,4702,50,26074,465,7679
120,25,370,6494,50,24805,465,7842
120,25,370,6494,50,24805,465,7842
120,25,370,8235,50,23584,465,8
120,25,370,8235,50,23584,465,8
120,25,371,0002,50,22314,465,816
120,25,371,0002,50,22314,465,816
120,25,371,1711,50,21094,465,8315
120,25,371,1711,50,21094,465,8315
120,25,371,1711,50,21094,465,8315
120,25,371,3313,50,19971,465,8461
120,25,371,3313,50,19971,465,8461
120,25,371,4978,50,18799,465,8612
120,25,371,4978,50,18799,465,8612
120,25,371,6755,50,17529,465,8773
120,25,371,6755,50,17529,465,8773
120,25,371,8486,50,16309,465,8931
120,25,371,8486,50,16309,465,8931
120,25,372,0181,50,15088,465,9084
120,25,372,0181,50,15088,465,9084
120,25,372,0181,50,15088,465,9084
120,25,372,1931,50,13867,465,9243
120,25,372,1931,50,13867,465,9243
120,25,372,384,50,125,465,9417
120,25,372,384,50,125,465,9417
120,25,372,5488,50,11377,465,9579
120,25,372,5488,50,11377,465,9579
120,25,372,7124,50,10596,465,9941
120,25,372,7124,50,10596,465,9941
120,25,372,8745,50,09863,466,03
120,25,372,8745,50,09863,466,03
120,25,373,0354,50,09131,466,0656
120,25,373,0354,50,09131,466,0656
120,25,373,2061,50,0835,466,1033
120,25,373,2061,50,0835,466,1033
120,25,373,3665,50,07617,466,1387
120,25,373,3665,50,07617,466,1387
120,25,373,5244,50,06885,466,1736
120,25,373,5244,50,06885,466,1736
120,25,373,6829,50,06152,466,2087
120,25,373,6829,50,06152,466,2087
120,25,373,8379,50,0542,466,2429
120,25,373,8379,50,0542,466,2429
120,25,373,8379,50,0542,466,2429
120,25,374,0066,50,04639,466,2803
120,25,374,0066,50,04639,466,2803
120,25,374,1711,50,03857,466,3167
120,25,374,1711,50,03857,466,3167
120,25,374,3364,50,03076,466,3532
120,25,374,3364,50,03076,466,3532
120,25,374,5012,50,02295,466,3896
120,25,374,5012,50,02295,466,3896
120,25,374,6555,50,01563,466,4238
120,25,374,6555,50,01563,466,4238
120,25,374,8125,50,0083,466,4585
120,25,374,8125,50,0083,466,4585
120,25,374,9731,50,00098,466,494
120,25,374,9731,50,00098,466,494
120,25,375,1389,49,99316,466,5306
120,25,375,1389,49,99316,466,5306
120,25,375,2993,49,98584,466,5661
120,25,375,2993,49,98584,466,5661
120,25,375,4553,49,97852,466,6006
120,25,375,4553,49,97852,466,6006
120,25,375,6184,49,9707,466,6366
120,25,375,6184,49,9707,466,6366
120,25,375,7761,49,96338,466,6714
120,25,375,7761,49,96338,466,6714
120,25,375,9338,49,95605,466,7063
120,25,375,9338,49,95605,466,7063
120,25,376,0911,49,94873,466,7411
120,25,376,0911,49,94873,466,7411
120,25,376,2468,49,94141,466,7755
120,25,376,2468,49,94141,466,7755
120,25,376,3918,49,93457,466,8076
120,25,376,3918,49,93457,466,8076
120,25,376,3918,49,93457,466,8076
120,25,376,3918,49,93457,466,8076
120,25,376,3918,49,93457,466,8076
120,25,309,397,84,36719,232,3451
120,25,309,397,84,36719,232,3451
120,25,309,397,84,36719,232,3451
120,25,309,397,84,36719,232,3451
120,25,309,7869,84,33936,232,4304
120,25,309,7869,84,33936,232,4304
120,25,309,7869,84,33936,232,4304
120,25,309,7869,84,33936,232,4304
120,25,309,7869,84,33936,232,4304
120,25,310,1152,84,31592,232,5023
120,25,310,1152,84,31592,232,5023
120,25,310,1152,84,31592,232,5023
120,25,310,4404,84,29248,232,5736
120,25,310,4404,84,29248,232,5736
120,25,310,4404,84,29248,232,5736
120,25,310,4404,84,29248,232,5736
120,25,310,7117,84,27295,232,6331
120,25,310,7117,84,27295,232,6331
120,25,310,7117,84,27295,232,6331
120,25,310,9871,84,25342,232,6934
120,25,310,9871,84,25342,232,6934
120,25,310,9871,84,25342,232,6934
120,25,310,9871,84,25342,232,6934
120,25,311,2683,84,2334,232,755
120,25,311,2683,84,2334,232,755
120,25,311,2683,84,2334,232,755
120,25,311,2683,84,2334,232,755
120,25,311,5513,84,21338,232,817
120,25,311,5513,84,21338,232,817
120,25,311,5513,84,21338,232,817
120,25,311,5513,84,21338,232,817
120,25,311,8425,84,19238,232,8807
120,25,311,8425,84,19238,232,8807
120,25,311,8425,84,19238,232,8807
120,25,312,1487,84,17041,232,9478
120,25,312,1487,84,17041,232,9478
120,25,312,1487,84,17041,232,9478
120,25,312,4231,84,15088,233,0078
120,25,312,4231,84,15088,233,0078
120,25,312,4231,84,15088,233,0078
120,25,312,4231,84,15088,233,0078
120,25,312,6838,84,13232,233,0649
120,25,312,6838,84,13232,233,0649
120,25,312,6838,84,13232,233,0649
120,25,312,9453,84,11377,233,1223
120,25,312,9453,84,11377,233,1223
120,25,312,9453,84,11377,233,1223
120,25,313,2083,84,09521,233,1799
120,25,313,2083,84,09521,233,1799
120,25,313,2083,84,09521,233,1799
120,25,313,2083,84,09521,233,1799
120,25,313,47,84,07666,233,2372
120,25,313,47,84,07666,233,2372
120,25,313,47,84,07666,233,2372
120,25,313,7371,84,0625,233,2914
120,25,313,7371,84,0625,233,2914
120,25,313,7371,84,0625,233,2914
120,25,313,7371,84,0625,233,2914
120,25,314,0037,84,0498,233,3442
120,25,314,0037,84,0498,233,3442
120,25,314,0037,84,0498,233,3442
120,25,314,2764,84,03711,233,3982
120,25,314,2764,84,03711,233,3982
120,25,314,2764,84,03711,233,3982
120,25,314,2764,84,03711,233,3982
120,25,314,5544,84,02393,233,4532
120,25,314,5544,84,02393,233,4532
120,25,314,5544,84,02393,233,4532
120,25,314,8335,84,01074,233,5085
120,25,314,8335,84,01074,233,5085
120,25,314,8335,84,01074,233,5085
120,25,314,8335,84,01074,233,5085
120,25,315,1001,83,99854,233,5613
120,25,315,1001,83,99854,233,5613
120,25,315,1001,83,99854,233,5613
120,25,315,3857,83,98535,233,6178
120,25,315,3857,83,98535,233,6178
120,25,315,3857,83,98535,233,6178
120,25,315,3857,83,98535,233,6178
120,25,315,658,83,97266,233,6718
120,25,315,658,83,97266,233,6718
120,25,315,658,83,97266,233,6718
120,25,315,9246,83,96045,233,7245
120,25,315,9246,83,96045,233,7245
120,25,315,9246,83,96045,233,7245
120,25,315,9246,83,96045,233,7245
120,25,316,1926,83,94775,233,7776
120,25,316,1926,83,94775,233,7776
120,25,316,1926,83,94775,233,7776
120,25,316,4646,83,93506,233,8314
120,25,316,4646,83,93506,233,8314
120,25,316,4646,83,93506,233,8314
120,25,316,4646,83,93506,233,8314
120,25,316,7305,83,92285,233,884
120,25,316,7305,83,92285,233,884
120,25,316,7305,83,92285,233,884
120,25,317,0002,83,91016,233,9375
120,25,317,0002,83,91016,233,9375
120,25,317,0002,83,91016,233,9375
120,25,317,2668,83,89746,233,9904
120,25,317,2668,83,89746,233,9904
120,25,317,2668,83,89746,233,9904
120,25,317,2668,83,89746,233,9904
120,25,317,5281,83,88525,234,042
120,25,317,5281,83,88525,234,042
120,25,317,5281,83,88525,234,042
120,25,317,7974,83,88916,234,098
120,25,317,7974,83,88916,234,098
120,25,317,7974,83,88916,234,098
120,25,317,7974,83,88916,234,098
120,25,318,0745,83,89648,234,1563
120,25,318,0745,83,89648,234,1563
120,25,318,0745,83,89648,234,1563
120,25,318,344,83,90381,234,2129
120,25,318,344,83,90381,234,2129
120,25,318,344,83,90381,234,2129
120,25,318,344,83,90381,234,2129
120,25,318,6248,83,91113,234,2719
120,25,318,6248,83,91113,234,2719
120,25,318,6248,83,91113,234,2719
120,25,318,6248,83,91113,234,2719
120,25,318,9312,83,91943,234,3363
120,25,318,9312,83,91943,234,3363
120,25,318,9312,83,91943,234,3363
120,25,318,9312,83,91943,234,3363
120,25,319,2412,83,92773,234,4015
120,25,319,2412,83,92773,234,4015
120,25,319,2412,83,92773,234,4015
120,25,319,509,83,93457,234,4578
120,25,319,509,83,93457,234,4578
120,25,319,509,83,93457,234,4578
120,25,319,7827,83,94189,234,5153
120,25,319,7827,83,94189,234,5153
120,25,319,7827,83,94189,234,5153
120,25,320,0403,83,94873,234,5693
120,25,320,0403,83,94873,234,5693
120,25,320,0403,83,94873,234,5693
120,25,320,0403,83,94873,234,5693
120,25,320,2859,83,95508,234,621
120,25,320,2859,83,95508,234,621
120,25,320,2859,83,95508,234,621
120,25,320,5342,83,96143,234,6732
120,25,320,5342,83,96143,234,6732
120,25,320,5342,83,96143,234,6732
120,25,320,79,83,96826,234,7269
120,25,320,79,83,96826,234,7269
120,25,320,79,83,96826,234,7269
120,25,320,79,83,96826,234,7269
120,25,321,0532,83,9751,234,7822
120,25,321,0532,83,9751,234,7822
120,25,321,0532,83,9751,234,7822
120,25,321,3083,83,98193,234,8358
120,25,321,3083,83,98193,234,8358
120,25,321,3083,83,98193,234,8358
120,25,321,5688,83,98877,234,8906
120,25,321,5688,83,98877,234,8906
120,25,321,5688,83,98877,234,8906
120,25,321,8196,83,99561,234,9434
120,25,321,8196,83,99561,234,9434
120,25,321,8196,83,99561,234,9434
120,25,322,0688,84,00244,234,9957
120,25,322,0688,84,00244,234,9957
120,25,322,0688,84,00244,234,9957
120,25,322,0688,84,00244,234,9957
120,25,322,3162,84,00879,235,0477
120,25,322,3162,84,00879,235,0477
120,25,322,3162,84,00879,235,0477
120,25,322,5701,84,01563,235,1011
120,25,322,5701,84,01563,235,1011
120,25,322,5701,84,01563,235,1011
120,25,322,8372,84,03271,235,1433
120,25,322,8372,84,03271,235,1433
120,25,322,8372,84,03271,235,1433
120,25,322,8372,84,03271,235,1433
120,25,323,0886,84,0542,235,1761
120,25,323,0886,84,0542,235,1761
120,25,323,0886,84,0542,235,1761
120,25,323,3472,84,07617,235,2098
120,25,323,3472,84,07617,235,2098
120,25,323,3472,84,07617,235,2098
120,25,323,6006,84,09766,235,2429
120,25,323,6006,84,09766,235,2429
120,25,323,6006,84,09766,235,2429
120,25,323,8523,84,11914,235,2758
120,25,323,8523,84,11914,235,2758
120,25,323,8523,84,11914,235,2758
120,25,324,1113,84,14111,235,3096
120,25,324,1113,84,14111,235,3096
120,25,324,1113,84,14111,235,3096
120,25,324,1113,84,14111,235,3096
120,25,324,3647,84,1626,235,3427
120,25,324,3647,84,1626,235,3427
120,25,324,3647,84,1626,235,3427
120,25,324,6189,84,18408,235,3759
120,25,324,6189,84,18408,235,3759
120,25,324,6189,84,18408,235,3759
120,25,324,8723,84,20557,235,4089
120,25,324,8723,84,20557,235,4089
120,25,324,8723,84,20557,235,4089
120,25,325,1221,84,22656,235,4415
120,25,325,1221,84,22656,235,4415
120,25,325,1221,84,22656,235,4415
120,25,325,3787,84,24854,235,475
120,25,325,3787,84,24854,235,475
120,25,325,3787,84,24854,235,475
120,25,325,3787,84,24854,235,475
120,25,325,6333,84,27002,235,5082
120,25,325,6333,84,27002,235,5082
120,25,325,6333,84,27002,235,5082
120,25,325,8884,84,2915,235,5415
120,25,325,8884,84,2915,235,5415
120,25,325,8884,84,2915,235,5415
120,25,326,1448,84,31348,235,575
120,25,326,1448,84,31348,235,575
120,25,326,1448,84,31348,235,575
120,25,326,3999,84,33496,235,6082
120,25,326,3999,84,33496,235,6082
120,25,326,3999,84,33496,235,6082
120,25,326,3999,84,33496,235,6082
120,25,326,6655,84,35742,235,6428
120,25,326,6655,84,35742,235,6428
120,25,326,6655,84,35742,235,6428
120,25,326,9229,84,37939,235,6763
120,25,326,9229,84,37939,235,6763
120,25,326,9229,84,37939,235,6763
120,25,327,188,84,40186,235,7108
120,25,327,188,84,40186,235,7108
120,25,327,188,84,40186,235,7108
120,25,327,188,84,40186,235,7108
120,25,327,446,84,42383,235,7445
120,25,327,446,84,42383,235,7445
120,25,327,446,84,42383,235,7445
120,25,327,7068,84,4458,235,7773
120,25,327,7068,84,4458,235,7773
120,25,327,7068,84,4458,235,7773
120,25,327,9724,84,47314,235,7671
120,25,327,9724,84,47314,235,7671
120,25,327,9724,84,47314,235,7671
120,25,327,9724,84,47314,235,7671
120,25,328,2349,84,5,235,757
120,25,328,2349,84,5,235,757
120,25,328,2349,84,5,235,757
120,25,328,4973,84,52734,235,7468
120,25,328,4973,84,52734,235,7468
120,25,328,4973,84,52734,235,7468
120,25,328,769,84,55518,235,7363
120,25,328,769,84,55518,235,7363
120,25,328,769,84,55518,235,7363
120,25,328,769,84,55518,235,7363
120,25,329,0295,84,58203,235,7262
120,25,329,0295,84,58203,235,7262
120,25,329,0295,84,58203,235,7262
120,25,329,2922,84,60938,235,7161
120,25,329,2922,84,60938,235,7161
120,25,329,2922,84,60938,235,7161
120,25,329,5549,84,63672,235,7058
120,25,329,5549,84,63672,235,7058
120,25,329,5549,84,63672,235,7058
120,25,329,813,84,66357,235,6958
120,25,329,813,84,66357,235,6958
120,25,329,813,84,66357,235,6958
120,25,329,813,84,66357,235,6958
120,25,330,0798,84,69092,235,6854
120,25,330,0798,84,69092,235,6854
120,25,330,0798,84,69092,235,6854
120,25,330,345,84,71826,235,6752
120,25,330,345,84,71826,235,6752
120,25,330,345,84,71826,235,6752
120,25,330,6121,84,74561,235,6648
120,25,330,6121,84,74561,235,6648
120,25,330,6121,84,74561,235,6648
120,25,330,6121,84,74561,235,6648
120,25,330,8713,84,77246,235,6548
120,25,330,8713,84,77246,235,6548
120,25,330,8713,84,77246,235,6548
120,25,331,136,84,7998,235,6445
120,25,331,136,84,7998,235,6445
120,25,331,136,84,7998,235,6445
120,25,331,3997,84,82715,235,6343
120,25,331,3997,84,82715,235,6343
120,25,331,3997,84,82715,235,6343
120,25,331,3997,84,82715,235,6343
120,25,331,6704,84,85498,235,6238
120,25,331,6704,84,85498,235,6238
120,25,331,6704,84,85498,235,6238
