Time,RSteps,X,Y,Z
120,0,309,397,84,90967,232,3451
120,0,309,397,84,90967,232,3451
120,0,309,397,84,90967,232,3451
120,0,309,397,84,90967,232,3451
120,0,309,397,84,90967,232,3451
120,0,309,397,84,90967,232,3451
120,0,309,397,84,90967,232,3451
120,0,309,397,84,90967,232,3451
120,0,309,397,84,90967,232,3451
120,0,309,397,84,90967,232,3451
120,0,309,397,84,90967,232,3451
120,0,309,397,84,90967,232,3451
120,0,309,397,84,90967,232,3451
120,0,309,397,84,90967,232,3451
120,0,309,397,84,90967,232,3451
120,0,309,397,84,90967,232,3451
120,0,309,397,84,90967,232,3451
120,0,309,397,84,90967,232,3451
120,0,309,397,84,90967,232,3451
120,0,309,397,84,90967,232,3451
120,0,309,397,84,90967,232,3451
120,0,309,397,84,90967,232,3451
120,0,309,397,84,90967,232,3451
120,0,309,397,84,90967,232,3451
120,0,309,397,84,90967,232,3451
120,0,309,397,84,90967,232,3451
120,0,309,397,84,90967,232,3451
120,0,309,5391,84,89697,232,3665
120,0,309,6511,84,88721,232,3833
120,0,309,6511,84,88721,232,3833
120,0,309,7646,84,87695,232,4004
120,0,309,8811,84,8667,232,418
120,0,309,8811,84,8667,232,418
120,0,309,9927,84,85693,232,4347
120,0,310,0964,84,84766,232,4504
120,0,310,2153,84,8374,232,4683
120,0,310,2153,84,8374,232,4683
120,0,310,3225,84,82764,232,4844
120,0,310,4304,84,81836,232,5006
120,0,310,4304,84,81836,232,5006
120,0,310,5444,84,80811,232,5178
120,0,310,6521,84,79834,232,5339
120,0,310,6521,84,79834,232,5339
120,0,310,7695,84,78809,232,5516
120,0,310,8772,84,77832,232,5679
120,0,310,9956,84,76807,232,5857
120,0,310,9956,84,76807,232,5857
120,0,311,1033,84,7583,232,6019
120,0,311,1033,84,7583,232,6019
120,0,311,2253,84,74756,232,6202
120,0,311,3489,84,73682,232,6388
120,0,311,3489,84,73682,232,6388
120,0,311,4709,84,72607,232,6572
120,0,311,4709,84,72607,232,6572
120,0,311,5974,84,71484,232,6763
120,0,311,5974,84,71484,232,6763
120,0,311,7876,84,69775,232,7048
120,0,311,9131,84,68701,232,7238
120,0,311,9131,84,68701,232,7238
120,0,312,0371,84,67578,232,7424
120,0,312,157,84,66504,232,7605
120,0,312,157,84,66504,232,7605
120,0,312,2693,84,65527,232,7773
120,0,312,3794,84,64551,232,7939
120,0,312,4934,84,63525,232,8112
120,0,312,4934,84,63525,232,8112
120,0,312,6057,84,62549,232,828
120,0,312,7139,84,61572,232,8442
120,0,312,7139,84,61572,232,8442
120,0,312,8298,84,60547,232,8617
120,0,312,9456,84,59521,232,8792
120,0,312,9456,84,59521,232,8792
120,0,313,0549,84,58545,232,8956
120,0,313,1672,84,57568,232,9125
120,0,313,2849,84,56543,232,9302
120,0,313,2849,84,56543,232,9302
120,0,313,3892,84,55615,232,9459
120,0,313,4978,84,54639,232,9623
120,1,313,4978,84,54639,232,9623
120,1,313,5701,84,54004,232,9731
120,1,313,6829,84,54004,233,0035
120,1,313,6829,84,54004,233,0035
120,1,313,7986,84,54004,233,0347
120,1,313,9167,84,54004,233,0664
120,1,313,9167,84,54004,233,0664
120,1,314,0332,84,54004,233,0978
120,1,314,1487,84,54004,233,1289
120,1,314,1487,84,54004,233,1289
120,1,314,2712,84,54004,233,1619
120,1,314,3835,84,54004,233,1921
120,1,314,4871,84,54004,233,22
120,1,314,4871,84,54004,233,22
120,1,314,5962,84,54004,233,2494
120,1,314,7166,84,54004,233,2817
120,1,314,7166,84,54004,233,2817
120,1,314,8242,84,54004,233,3108
120,1,314,8242,84,54004,233,3108
120,1,314,9338,84,54004,233,3403
120,1,315,0613,84,54004,233,3746
120,1,315,1726,84,54004,233,4047
120,1,315,1726,84,54004,233,4047
120,1,315,27,84,54004,233,4308
120,1,315,3882,84,54004,233,4626
120,1,315,3882,84,54004,233,4626
120,1,315,5071,84,54004,233,4946
120,1,315,6167,84,54004,233,5242
120,1,315,6167,84,54004,233,5242
120,1,315,7285,84,54004,233,5542
120,1,315,8364,84,54004,233,5833
120,1,315,9529,84,54004,233,6146
120,1,315,9529,84,54004,233,6146
120,1,316,0579,84,54004,233,6429
120,1,316,1665,84,54004,233,6721
120,1,316,1665,84,54004,233,6721
120,1,316,2727,84,54004,233,7008
120,1,316,3777,84,54004,233,729
120,1,316,4856,84,54004,233,7581
120,1,316,4856,84,54004,233,7581
120,1,316,5911,84,54004,233,7865
120,1,316,7014,84,54004,233,8162
120,2,316,8059,84,54004,233,8442
120,2,316,8059,84,54004,233,8442
120,2,316,9114,84,54004,233,8727
120,2,317,0244,84,54004,233,9032
120,2,317,0244,84,54004,233,9032
120,2,317,1465,84,54004,233,936
120,2,317,2622,84,54004,233,9672
120,2,317,2622,84,54004,233,9672
120,2,317,366,84,54004,233,9951
120,2,317,4729,84,54004,234,0238
120,2,317,4729,84,54004,234,0238
120,2,317,5742,84,54004,234,0511
120,2,317,6943,84,54004,234,0764
120,2,317,8008,84,54004,234,0988
120,2,317,8008,84,54004,234,0988
120,2,317,9114,84,54004,234,1219
120,2,317,9114,84,54004,234,1219
120,2,318,0315,84,54004,234,1472
120,2,318,1516,84,54004,234,1725
120,2,318,262,84,54004,234,1957
120,2,318,262,84,54004,234,1957
120,2,318,3621,84,54004,234,2167
120,2,318,4722,84,54004,234,2399
120,2,318,5786,84,54004,234,2622
120,2,318,5786,84,54004,234,2622
120,2,318,6863,84,54004,234,2849
120,2,318,8025,84,54004,234,3093
120,2,318,8025,84,54004,234,3093
120,2,318,9219,84,54004,234,3344
120,2,319,0281,84,54004,234,3567
120,2,319,0281,84,54004,234,3567
120,2,319,1367,84,54004,234,3795
120,2,319,2456,84,54004,234,4025
120,2,319,3567,84,54004,234,4258
120,2,319,3567,84,54004,234,4258
120,2,319,4685,84,54004,234,4492
120,2,319,5854,84,54004,234,4739
120,2,319,5854,84,54004,234,4739
120,2,319,6951,84,54004,234,4968
120,2,319,8037,84,54004,234,5197
120,2,319,9109,84,54004,234,5422
120,2,319,9109,84,54004,234,5422
120,2,320,0183,84,54004,234,5648
120,2,320,1208,84,54004,234,5864
120,2,320,1208,84,54004,234,5864
120,2,320,24,84,54004,234,6115
120,2,320,3491,84,54004,234,6344
120,2,320,4578,84,54004,234,6572
120,2,320,4578,84,54004,234,6572
120,2,320,5686,84,54004,234,6804
120,2,320,676,84,54004,234,703
120,2,320,676,84,54004,234,703
120,2,320,7837,84,54004,234,7257
120,2,320,895,84,54004,234,749
120,2,320,9946,84,54004,234,77
120,2,320,9946,84,54004,234,77
120,2,321,1021,84,54004,234,7926
120,2,321,2046,84,54004,234,8142
120,2,321,3086,84,54004,234,8359
120,2,321,3086,84,54004,234,8359
120,2,321,4177,84,54004,234,8589
120,2,321,5239,84,54004,234,8812
120,2,321,6396,84,54004,234,9055
120,2,321,6396,84,54004,234,9055
120,2,321,7415,84,54004,234,927
120,2,321,8459,84,54004,234,949
120,2,321,8459,84,54004,234,949
120,2,321,9509,84,54004,234,9709
120,2,322,0669,84,54004,234,9954
120,2,322,1755,84,54004,235,0182
120,2,322,1755,84,54004,235,0182
120,2,322,2744,84,54004,235,0389
120,2,322,3796,84,54004,235,061
120,2,322,4827,84,54004,235,0828
120,2,322,4827,84,54004,235,0828
120,2,322,5928,84,54004,235,106
120,2,322,6616,84,54004,235,1204
120,2,322,7715,84,54785,235,1346
120,2,322,7715,84,54785,235,1346
120,2,322,874,84,55566,235,1481
120,2,322,99,84,56396,235,1632
120,2,322,99,84,56396,235,1632
120,2,323,1021,84,57227,235,1779
120,2,323,2156,84,58057,235,1926
120,2,323,3232,84,58838,235,2067
120,2,323,3232,84,58838,235,2067
120,2,323,4192,84,5957,235,2192
120,2,323,5295,84,60352,235,2336
120,2,323,634,84,61133,235,2472
120,3,323,7395,84,61914,235,261
120,3,323,7395,84,61914,235,261
120,3,323,8396,84,62646,235,274
120,3,323,9387,84,63379,235,287
120,3,324,0459,84,6416,235,3009
120,3,324,0459,84,6416,235,3009
120,3,324,1494,84,64941,235,3145
120,3,324,2546,84,65674,235,3281
120,3,324,353,84,66406,235,3409
120,3,324,353,84,66406,235,3409
120,3,324,4563,84,67188,235,3545
120,3,324,5688,84,68018,235,3691
120,3,324,6792,84,68799,235,3835
120,3,324,7771,84,69531,235,3964
120,3,324,7771,84,69531,235,3964
120,3,324,8723,84,70215,235,4087
120,3,324,9683,84,70947,235,4213
120,3,325,0684,84,7168,235,4343
120,3,325,0684,84,7168,235,4343
120,3,325,177,84,72461,235,4485
120,3,325,2732,84,73145,235,4611
120,3,325,3799,84,73926,235,475
120,3,325,4807,84,74707,235,488
120,3,325,4807,84,74707,235,488
120,3,325,5764,84,75391,235,5006
120,3,325,6807,84,76172,235,5142
120,3,325,783,84,76904,235,5275
120,3,325,783,84,76904,235,5275
120,3,325,9009,84,77783,235,543
120,3,326,0044,84,78516,235,5564
120,3,326,1108,84,79297,235,5703
120,3,326,1108,84,79297,235,5703
120,3,326,2151,84,80078,235,5839
120,3,326,312,84,80762,235,5966
120,3,326,4199,84,81592,235,6106
120,3,326,4199,84,81592,235,6106
120,3,326,5327,84,82422,235,6254
120,3,326,6299,84,83105,235,6379
120,3,326,7383,84,83887,235,6521
120,3,326,7383,84,83887,235,6521
120,3,326,8347,84,84619,235,6647
120,3,326,9385,84,854,235,6782
120,3,327,053,84,8623,235,6932
120,3,327,1528,84,86963,235,7062
120,3,327,1528,84,86963,235,7062
120,3,327,2463,84,87646,235,7184
120,3,327,3572,84,88477,235,7329
120,3,327,3572,84,88477,235,7329
120,3,327,4675,84,89258,235,7473
120,3,327,5681,84,8999,235,7604
120,3,327,6772,84,9082,235,7747
120,3,327,7,84,90967,235,7776
120,3,327,7,84,90967,235,7776
120,3,327,7998,84,92139,235,7737
120,3,327,9055,84,93408,235,7697
120,3,328,011,84,94678,235,7655
120,3,328,011,84,94678,235,7655
120,3,328,1062,84,95801,235,7618
120,3,328,2061,84,96973,235,7579
120,3,328,3086,84,98242,235,754
120,3,328,3086,84,98242,235,754
120,3,328,4131,84,99463,235,75
120,3,328,5242,85,00781,235,7456
120,3,328,6411,85,02197,235,7411
120,3,328,6411,85,02197,235,7411
120,3,328,7451,85,03418,235,7371
120,3,328,8518,85,04688,235,7329
120,3,328,9604,85,06006,235,7288
120,3,328,9604,85,06006,235,7288
120,3,329,0686,85,07275,235,7246
120,3,329,1663,85,08447,235,7208
120,3,329,2678,85,09668,235,7168
120,3,329,2678,85,09668,235,7168
120,3,329,3721,85,10889,235,7128
120,3,329,4773,85,12158,235,7087
120,3,329,5813,85,13379,235,7047
120,3,329,6794,85,14551,235,7009
120,3,329,6794,85,14551,235,7009
120,3,329,7781,85,15723,235,697
120,3,329,886,85,17041,235,6929
120,3,329,886,85,17041,235,6929
120,3,330,0015,85,18408,235,6885
120,3,330,1113,85,19727,235,6842
120,3,330,2102,85,20898,235,6803
120,3,330,3071,85,22021,235,6765
120,3,330,3071,85,22021,235,6765
120,3,330,4172,85,2334,235,6724
120,3,330,5225,85,24609,235,6682
120,3,330,6265,85,2583,235,6642
120,3,330,6265,85,2583,235,6642
120,3,330,7246,85,27002,235,6604
120,3,330,8354,85,2832,235,6561
120,3,330,8354,85,2832,235,6561
120,3,330,9417,85,2959,235,652
120,3,331,0698,85,31104,235,647
120,3,331,0698,85,31104,235,647
120,3,331,2075,85,32764,235,6417
120,3,331,3396,85,34326,235,6366
120,3,331,3396,85,34326,235,6366
120,3,331,4546,85,35693,235,6321
120,3,331,5515,85,36865,235,6283
120,3,331,6511,85,38037,235,6245
120,3,331,6511,85,38037,235,6245
120,3,331,7476,85,39209,235,6207
120,3,331,8623,85,40576,235,6163
120,3,331,97,85,41846,235,6122
120,3,331,97,85,41846,235,6122
120,3,332,0737,85,43115,235,6082
120,3,332,1821,85,44385,235,6039
120,3,332,291,85,45703,235,5997
120,3,332,291,85,45703,235,5997
120,3,332,4077,85,4707,235,5952
120,3,332,5117,85,48291,235,5912
120,3,332,5117,85,48291,235,5912
120,3,332,6235,85,49658,235,5868
120,3,332,739,85,51025,235,5823
120,3,332,8474,85,52295,235,5781
120,3,332,8474,85,52295,235,5781
120,3,332,9585,85,53613,235,5739
120,3,332,9895,85,54004,235,5726
120,3,333,0947,85,55127,235,5566
120,3,333,0947,85,55127,235,5566
120,3,333,1958,85,56152,235,5414
120,3,333,3054,85,57324,235,5248
120,3,333,3054,85,57324,235,5248
120,3,333,4138,85,58447,235,5084
120,3,333,5332,85,59717,235,4902
120,3,333,5332,85,59717,235,4902
120,3,333,6467,85,60889,235,4731
120,3,333,7576,85,62061,235,4563
120,3,333,8689,85,63232,235,4395
120,3,333,8689,85,63232,235,4395
120,3,333,9636,85,64209,235,425
120,3,334,0769,85,65381,235,408
120,3,334,188,85,66553,235,3911
120,3,334,188,85,66553,235,3911
120,3,334,2959,85,67676,235,3748
120,3,334,405,85,68848,235,3583
120,3,334,405,85,68848,235,3583
120,3,334,5171,85,7002,235,3413
120,3,334,6311,85,71191,235,324
120,3,334,7332,85,72266,235,3086
120,3,334,7332,85,72266,235,3086
120,3,334,8442,85,73438,235,2917
120,3,334,9661,85,74707,235,2733
120,3,334,9661,85,74707,235,2733
120,3,335,0864,85,75977,235,255
120,3,335,0864,85,75977,235,255
120,3,335,21,85,77246,235,2363
120,3,335,333,85,78516,235,2177
120,3,335,4473,85,79736,235,2004
120,3,335,4473,85,79736,235,2004
120,3,335,5542,85,80859,235,1842
120,3,335,6604,85,81982,235,1681
120,3,335,6604,85,81982,235,1681
120,3,335,7976,85,83398,235,1473
120,3,335,907,85,8457,235,1307
120,3,335,907,85,8457,235,1307
120,3,336,0215,85,85742,235,1134
120,3,336,136,85,86963,235,0961
120,3,336,136,85,86963,235,0961
120,3,336,2498,85,88135,235,0789
120,3,336,3547,85,89258,235,063
120,3,336,4619,85,90381,235,0468
120,3,336,4619,85,90381,235,0468
120,3,336,4619,85,90381,235,0468
120,3,336,583,85,9165,235,0283
120,3,336,583,85,9165,235,0283
120,3,336,7922,85,93799,234,9967
120,3,336,9033,85,94971,234,9799
120,3,337,0151,85,96143,234,9629
120,3,337,0151,85,96143,234,9629
120,3,337,1316,85,97363,234,9453
120,3,337,2493,85,98584,234,9275
120,3,337,2493,85,98584,234,9275
120,3,337,3672,85,99854,234,9097
120,3,337,4778,86,00977,234,8928
120,3,337,4778,86,00977,234,8928
120,3,337,5999,86,02295,234,8744
120,3,337,7161,86,03516,234,8568
120,3,337,7161,86,03516,234,8568
120,3,337,8118,86,04492,234,8423
120,3,337,8118,86,04492,234,8423
120,3,337,8118,86,04492,234,8423
120,3,337,8118,86,04492,234,8423
120,3,337,8118,86,04492,234,8423
120,3,337,8118,86,04492,234,8423
120,3,337,8118,86,04492,234,8423
120,3,337,8118,86,04492,234,8423
120,3,337,8118,86,04492,234,8423
120,3,337,8118,86,04492,234,8423
120,3,337,8118,86,04492,234,8423
120,3,337,8118,86,04492,234,8423
120,3,337,8118,86,04492,234,8423
120,3,337,8118,86,04492,234,8423
120,3,337,8118,86,04492,234,8423
120,3,337,8118,86,04492,234,8423
120,3,337,8118,86,04492,234,8423
120,3,337,8118,86,04492,234,8423
120,3,337,8118,86,04492,234,8423
120,3,337,8118,86,04492,234,8423
120,3,337,8118,86,04492,234,8423
120,3,337,8118,86,04492,234,8423
120,3,337,8118,86,04492,234,8423
120,3,337,8118,86,04492,234,8423
120,3,337,8118,86,04492,234,8423
120,3,337,8118,86,04492,234,8423
120,3,337,8118,86,04492,234,8423
120,3,337,8118,86,04492,234,8423
120,3,337,8118,86,04492,234,8423
120,3,337,8118,86,04492,234,8423
120,3,337,8118,86,04492,234,8423
120,3,337,8118,86,04492,234,8423
120,3,337,8118,86,04492,234,8423
120,3,337,8118,86,04492,234,8423
120,3,337,8118,86,04492,234,8423
120,3,337,8118,86,04492,234,8423
120,3,337,8118,86,04492,234,8423
120,3,337,8118,86,04492,234,8423
120,3,337,8118,86,04492,234,8423
120,3,337,8118,86,04492,234,8423
120,3,337,8118,86,04492,234,8423
120,3,337,8118,86,04492,234,8423
120,3,337,8118,86,04492,234,8423
120,3,337,8118,86,04492,234,8423
120,3,337,8118,86,04492,234,8423
120,3,337,8118,86,04492,234,8423
120,3,337,8118,86,04492,234,8423
120,3,337,8118,86,04492,234,8423
120,3,337,8118,86,04492,234,8423
120,3,337,8118,86,04492,234,8423
120,3,337,8118,86,04492,234,8423
120,3,337,8118,86,04492,234,8423
120,3,337,8118,86,04492,234,8423
120,3,337,8118,86,04492,234,8423
120,3,337,8118,86,04492,234,8423
120,3,337,8118,86,04492,234,8423
120,3,337,8118,86,04492,234,8423
120,3,337,8118,86,04492,234,8423
120,3,337,8118,86,04492,234,8423
120,3,337,8118,86,04492,234,8423
120,3,337,8118,86,04492,234,8423
120,3,337,8118,86,04492,234,8423
120,3,337,8118,86,04492,234,8423
120,3,337,8118,86,04492,234,8423
120,3,337,8118,86,04492,234,8423
120,3,337,8118,86,04492,234,8423
120,3,337,8118,86,04492,234,8423
120,3,337,8118,86,04492,234,8423
120,3,337,8118,86,04492,234,8423
120,3,337,8118,86,04492,234,8423
120,3,337,8118,86,04492,234,8423
120,3,337,8118,86,04492,234,8423
120,3,337,8118,86,04492,234,8423
120,3,337,8118,86,04492,234,8423
120,3,337,8118,86,04492,234,8423
120,3,337,8118,86,04492,234,8423
120,3,337,8118,86,04492,234,8423
120,3,337,8118,86,04492,234,8423
120,3,337,8118,86,04492,234,8423
120,3,337,8118,86,04492,234,8423
120,3,337,8118,86,04492,234,8423
120,3,337,8118,86,04492,234,8423
120,3,337,8118,86,04492,234,8423
120,3,337,8118,86,04492,234,8423
120,3,337,8118,86,04492,234,8423
120,3,337,8118,86,04492,234,8423
120,3,337,8118,86,04492,234,8423
120,3,337,8118,86,04492,234,8423
120,3,337,8118,86,04492,234,8423
120,3,337,8118,86,04492,234,8423
120,3,337,8118,86,04492,234,8423
120,3,337,8118,86,04492,234,8423
120,3,337,8118,86,04492,234,8423
120,3,337,8118,86,04492,234,8423
120,3,337,8118,86,04492,234,8423
120,3,337,8118,86,04492,234,8423
120,3,337,8118,86,04492,234,8423
120,3,337,8118,86,04492,234,8423
120,3,337,8118,86,04492,234,8423
120,3,337,8118,86,04492,234,8423
120,3,337,8118,86,04492,234,8423
120,3,337,8118,86,04492,234,8423
120,3,337,8118,86,04492,234,8423
120,3,337,8118,86,04492,234,8423
120,3,337,8118,86,04492,234,8423
120,3,337,8118,86,04492,234,8423
120,3,337,8118,86,04492,234,8423
120,3,337,8118,86,04492,234,8423
120,3,337,8118,86,04492,234,8423
120,3,337,8118,86,04492,234,8423
120,3,337,8118,86,04492,234,8423
120,3,337,8118,86,04492,234,8423
120,3,337,8118,86,04492,234,8423
120,3,337,8118,86,04492,234,8423
120,3,337,8118,86,04492,234,8423
120,3,337,8118,86,04492,234,8423
120,3,337,8118,86,04492,234,8423
120,3,337,8118,86,04492,234,8423
120,3,337,8118,86,04492,234,8423
120,3,337,8118,86,04492,234,8423
120,3,337,8118,86,04492,234,8423
120,3,337,8118,86,04492,234,8423
120,3,337,8118,86,04492,234,8423
120,3,337,8118,86,04492,234,8423
120,3,337,8118,86,04492,234,8423
120,3,337,8118,86,04492,234,8423
120,3,337,8118,86,04492,234,8423
120,3,337,8118,86,04492,234,8423
120,3,337,8118,86,04492,234,8423
120,3,337,8118,86,04492,234,8423
120,3,337,8118,86,04492,234,8423
120,3,337,8118,86,04492,234,8423
120,3,337,8118,86,04492,234,8423
120,3,337,8118,86,04492,234,8423
120,3,337,8118,86,04492,234,8423
120,3,337,8118,86,04492,234,8423
120,3,337,8118,86,04492,234,8423
120,3,337,8118,86,04492,234,8423
120,3,337,8118,86,04492,234,8423
120,3,337,8118,86,04492,234,8423
120,3,337,8118,86,04492,234,8423
120,3,337,8118,86,04492,234,8423
120,3,337,8118,86,04492,234,8423
120,3,337,8118,86,04492,234,8423
120,3,337,8118,86,04492,234,8423
120,3,337,8118,86,04492,234,8423
120,3,337,8118,86,04492,234,8423
120,3,337,8118,86,04492,234,8423
120,3,337,8118,86,04492,234,8423
120,3,337,8118,86,04492,234,8423
120,3,337,8118,86,04492,234,8423
120,3,337,8118,86,04492,234,8423
120,3,337,8118,86,04492,234,8423
120,3,337,8118,86,04492,234,8423
120,3,337,8118,86,04492,234,8423
120,3,337,8118,86,04492,234,8423
120,3,337,8118,86,04492,234,8423
120,3,337,8118,86,04492,234,8423
120,3,337,8118,86,04492,234,8423
120,3,337,8118,86,04492,234,8423
120,3,337,8118,86,04492,234,8423
120,3,337,8118,86,04492,234,8423
120,3,337,8118,86,04492,234,8423
120,3,337,8118,86,04492,234,8423
120,3,337,8118,86,04492,234,8423
120,3,337,8118,86,04492,234,8423
120,3,337,8118,86,04492,234,8423
120,3,337,8118,86,04492,234,8423
120,3,337,8118,86,04492,234,8423
120,3,337,8118,86,04492,234,8423
120,3,337,8118,86,04492,234,8423
120,3,337,8118,86,04492,234,8423
120,3,337,8118,86,04492,234,8423
120,3,337,8118,86,04492,234,8423
120,3,337,8118,86,04492,234,8423
120,3,337,8118,86,04492,234,8423
120,3,337,8118,86,04492,234,8423
120,3,337,8118,86,04492,234,8423
120,3,337,8118,86,04492,234,8423
120,3,337,8118,86,04492,234,8423
120,3,337,8118,86,04492,234,8423
120,3,337,8118,86,04492,234,8423
120,3,337,8118,86,04492,234,8423
120,3,337,8118,86,04492,234,8423
120,3,337,8118,86,04492,234,8423
120,3,337,8118,86,04492,234,8423
120,3,337,8118,86,04492,234,8423
120,3,337,8118,86,04492,234,8423
120,3,337,8118,86,04492,234,8423
120,3,337,8118,86,04492,234,8423
120,3,337,8118,86,04492,234,8423
120,3,337,8118,86,04492,234,8423
120,3,337,8118,86,04492,234,8423
120,3,337,8118,86,04492,234,8423
120,3,337,8118,86,04492,234,8423
120,3,337,8118,86,04492,234,8423
120,3,337,8118,86,04492,234,8423
120,3,337,8118,86,04492,234,8423
120,3,337,8118,86,04492,234,8423
120,3,337,8118,86,04492,234,8423
120,3,337,8118,86,04492,234,8423
120,3,337,8118,86,04492,234,8423
120,3,337,8118,86,04492,234,8423
120,3,337,8118,86,04492,234,8423
120,3,337,8118,86,04492,234,8423
120,3,337,8118,86,04492,234,8423
120,3,337,8118,86,04492,234,8423
120,3,337,8118,86,04492,234,8423
120,3,337,8118,86,04492,234,8423
120,3,337,8118,86,04492,234,8423
120,3,337,8118,86,04492,234,8423
120,3,337,8118,86,04492,234,8423
120,3,337,8118,86,04492,234,8423
120,3,337,8118,86,04492,234,8423
120,3,337,8118,86,04492,234,8423
120,3,337,8118,86,04492,234,8423
120,3,337,8118,86,04492,234,8423
120,3,337,8118,86,04492,234,8423
120,3,337,8118,86,04492,234,8423
120,3,337,8118,86,04492,234,8423
120,3,337,8118,86,04492,234,8423
120,3,337,8118,86,04492,234,8423
120,3,337,8118,86,04492,234,8423
120,3,337,8118,86,04492,234,8423
120,3,337,8118,86,04492,234,8423
120,3,337,8118,86,04492,234,8423
120,3,337,8118,86,04492,234,8423
120,3,337,8118,86,04492,234,8423
120,3,337,8118,86,04492,234,8423
120,3,337,8118,86,04492,234,8423
120,3,337,8118,86,04492,234,8423
120,3,337,8118,86,04492,234,8423
120,3,337,8118,86,04492,234,8423
120,3,337,8118,86,04492,234,8423
120,3,337,8118,86,04492,234,8423
120,3,337,8118,86,04492,234,8423
120,3,337,8118,86,04492,234,8423
120,3,337,8118,86,04492,234,8423
120,3,337,8118,86,04492,234,8423
120,3,337,8118,86,04492,234,8423
120,3,337,8118,86,04492,234,8423
120,3,337,8118,86,04492,234,8423
120,3,337,8118,86,04492,234,8423
120,3,337,8118,86,04492,234,8423
120,3,337,8118,86,04492,234,8423
120,4,337,8118,86,04492,234,8423
120,4,337,8118,86,04492,234,8423
120,4,337,8118,86,04492,234,8423
120,4,337,9297,86,05908,234,8138
120,4,338,0479,86,07275,234,7853
120,4,338,0479,86,07275,234,7853
120,4,338,1709,86,0874,234,7555
120,4,338,2813,86,10059,234,7289
120,4,338,2813,86,10059,234,7289
120,4,338,4045,86,11523,234,6991
120,4,338,5237,86,12939,234,6704
120,4,338,5237,86,12939,234,6704
120,4,338,6316,86,14258,234,6443
120,4,338,6316,86,14258,234,6443
120,4,338,7695,86,15869,234,611
120,4,338,8809,86,17188,234,5841
120,4,338,8809,86,17188,234,5841
120,4,338,9954,86,18555,234,5564
120,4,339,1121,86,19922,234,5282
120,4,339,1121,86,19922,234,5282
120,4,339,2346,86,21387,234,4987
120,4,339,3386,86,22656,234,4735
120,4,339,3386,86,22656,234,4735
120,4,339,4651,86,24121,234,443
120,4,339,574,86,25439,234,4166
120,4,339,574,86,25439,234,4166
120,4,339,6921,86,26855,234,3882
120,4,339,8135,86,28271,234,3588
120,4,339,8135,86,28271,234,3588
120,4,339,9221,86,2959,234,3325
120,4,340,0347,86,30908,234,3054
120,4,340,1497,86,32275,234,2776
120,4,340,1497,86,32275,234,2776
120,4,340,2639,86,33643,234,25
120,4,340,374,86,34961,234,2234
120,4,340,374,86,34961,234,2234
120,4,340,4956,86,36377,234,1941
120,4,340,6099,86,37744,234,1665
120,4,340,6099,86,37744,234,1665
120,4,340,7261,86,39111,234,1384
120,4,340,8359,86,4043,234,1118
120,4,340,8359,86,4043,234,1118
120,4,340,9504,86,41797,234,0842
120,4,341,0728,86,43262,234,0547
120,4,341,0728,86,43262,234,0547
120,4,341,1868,86,4458,234,0271
120,4,341,301,86,45947,233,9995
120,4,341,301,86,45947,233,9995
120,4,341,4155,86,47314,233,9719
120,4,341,5232,86,48584,233,9458
120,4,341,5232,86,48584,233,9458
120,4,341,6436,86,5,233,9169
120,4,341,749,86,5127,233,8914
120,4,341,749,86,5127,233,8914
120,4,341,8101,86,52002,233,8766
120,4,341,8101,86,52002,233,8766
120,4,341,8101,86,52002,233,8766
120,4,341,8101,86,52002,233,8766
120,4,341,8101,86,52002,233,8766
120,4,341,8101,86,52002,233,8766
120,4,341,9243,86,53467,233,8436
120,4,342,04,86,54932,233,8103
120,4,342,04,86,54932,233,8103
120,4,342,1582,86,56445,233,7764
120,4,342,2668,86,57861,233,745
120,4,342,2668,86,57861,233,745
120,4,342,3774,86,59277,233,7131
120,4,342,4915,86,60742,233,6803
120,4,342,6001,86,62109,233,649
120,4,342,6001,86,62109,233,649
120,4,342,7021,86,63428,233,6196
120,4,342,8096,86,64795,233,5887
120,4,342,8096,86,64795,233,5887
120,4,342,9194,86,66211,233,557
120,4,343,0261,86,67578,233,5264
120,4,343,0261,86,67578,233,5264
120,4,343,1409,86,69043,233,4933
120,4,343,2505,86,70459,233,4617
120,4,343,2505,86,70459,233,4617
120,4,343,3643,86,71924,233,429
120,4,343,4744,86,73291,233,3972
120,4,343,584,86,74707,233,3656
120,4,343,584,86,74707,233,3656
120,4,343,6836,86,75977,233,3369
120,4,343,7874,86,77344,233,3071
120,4,343,7874,86,77344,233,3071
120,4,343,9006,86,7876,233,2744
120,4,344,0105,86,80176,233,2428
120,4,344,0105,86,80176,233,2428
120,4,344,1387,86,81836,233,2058
120,4,344,2432,86,83154,233,1758
120,4,344,2432,86,83154,233,1758
120,4,344,3518,86,8457,233,1445
120,4,344,4639,86,85986,233,1122
120,4,344,5742,86,87402,233,0804
120,4,344,5742,86,87402,233,0804
120,4,344,686,86,88818,233,0482
120,4,344,7886,86,90137,233,0187
120,4,344,7886,86,90137,233,0187
120,4,344,9001,86,91553,232,9866
120,4,345,009,86,92969,232,9552
120,4,345,009,86,92969,232,9552
120,4,345,1262,86,94482,232,9214
120,4,345,23,86,95801,232,8915
120,4,345,23,86,95801,232,8915
120,4,345,2458,86,95996,232,887
120,4,345,2458,86,95996,232,887
120,4,345,2458,86,95996,232,887
120,4,345,2458,86,95996,232,887
120,4,345,2458,86,95996,232,887
120,4,345,2458,86,95996,232,887
120,4,345,2458,86,95996,232,887
120,5,345,2458,86,95996,232,887
120,5,345,2458,86,95996,232,887
120,5,345,3467,86,9707,232,8353
120,5,345,3467,86,9707,232,8353
120,5,345,4456,86,98145,232,7848
120,5,345,5408,86,99219,232,7362
120,5,345,6362,87,00244,232,6873
120,5,345,6362,87,00244,232,6873
120,5,345,73,87,0127,232,6393
120,5,345,8376,87,02441,232,5842
120,5,345,8376,87,02441,232,5842
120,5,345,9426,87,03564,232,5305
120,5,346,0491,87,04736,232,4761
120,5,346,0491,87,04736,232,4761
120,5,346,1555,87,05859,232,4216
120,5,346,2615,87,07031,232,3674
120,5,346,2615,87,07031,232,3674
120,5,346,3521,87,08008,232,3212
120,5,346,4573,87,0918,232,2673
120,5,346,5522,87,10205,232,2188
120,5,346,5522,87,10205,232,2188
120,5,346,6526,87,11279,232,1674
120,5,346,7502,87,12354,232,1174
120,5,346,7502,87,12354,232,1174
120,5,346,853,87,13477,232,0648
120,5,346,9485,87,14502,232,0159
120,5,347,053,87,15625,231,9626
120,5,347,053,87,15625,231,9626
120,5,347,1543,87,16748,231,9106
120,5,347,2485,87,17773,231,8624
120,5,347,2485,87,17773,231,8624
120,5,347,3596,87,18945,231,8057
120,5,347,4592,87,2002,231,7548
120,5,347,5554,87,21094,231,7056
120,5,347,5554,87,21094,231,7056
120,5,347,6509,87,22119,231,6566
120,5,347,7449,87,23145,231,6086
120,5,347,7449,87,23145,231,6086
120,5,347,844,87,24219,231,558
120,5,347,9443,87,25293,231,5066
120,5,347,9443,87,25293,231,5066
120,5,348,0474,87,26416,231,4539
120,5,348,157,87,27637,231,3978
120,5,348,2529,87,28662,231,3488
120,5,348,2529,87,28662,231,3488
120,5,348,3557,87,29785,231,2961
120,5,348,4531,87,30859,231,2463
120,5,348,4531,87,30859,231,2463
120,5,348,554,87,31934,231,1948
120,5,348,6514,87,33008,231,1449
120,5,348,6514,87,33008,231,1449
120,5,348,761,87,3418,231,0889
120,5,348,864,87,35303,231,0361
120,5,348,927,87,35986,231,0039
120,5,348,927,87,35986,231,0039
120,5,348,9954,87,3623,230,8975
120,5,349,0549,87,36475,230,8043
120,5,349,0549,87,36475,230,8043
120,5,349,1179,87,36719,230,7058
120,5,349,1836,87,36963,230,6036
120,5,349,2407,87,37158,230,5144
120,5,349,2407,87,37158,230,5144
120,5,349,2979,87,37402,230,4253
120,5,349,3577,87,37598,230,332
120,5,349,3577,87,37598,230,332
120,5,349,4197,87,37842,230,2351
120,5,349,4778,87,38037,230,1444
120,5,349,5352,87,38281,230,0551
120,5,349,5906,87,38477,229,9685
120,5,349,5906,87,38477,229,9685
120,5,349,6426,87,38672,229,8875
120,5,349,7012,87,38916,229,796
120,5,349,7568,87,39111,229,709
120,5,349,8071,87,39307,229,6306
120,5,349,8071,87,39307,229,6306
120,5,349,8604,87,39502,229,5476
120,5,349,918,87,39697,229,4579
120,5,349,9741,87,39941,229,3701
120,5,349,9741,87,39941,229,3701
120,5,350,0295,87,40137,229,2834
120,5,350,0898,87,40381,229,1896
120,5,350,1436,87,40576,229,1058
120,5,350,1436,87,40576,229,1058
120,5,350,1975,87,40771,229,0214
120,5,350,2544,87,40967,228,9326
120,5,350,3137,87,41211,228,8401
120,5,350,3638,87,41406,228,7622
120,5,350,3638,87,41406,228,7622
120,5,350,4172,87,41602,228,6787
120,5,350,4729,87,41797,228,5918
120,5,350,5359,87,42041,228,4934
120,5,350,5359,87,42041,228,4934
120,5,350,5867,87,42236,228,4144
120,5,350,6433,87,42432,228,326
120,5,350,7012,87,42676,228,2356
120,5,350,7581,87,42871,228,1471
120,5,350,7581,87,42871,228,1471
120,5,350,8071,87,43066,228,0706
120,5,350,8606,87,43262,227,9868
120,5,350,9165,87,43457,227,8998
120,5,350,9165,87,43457,227,8998
120,5,350,9746,87,43701,227,8091
120,5,351,0278,87,43896,227,7258
120,5,351,0549,87,43994,227,6837
120,5,351,0847,87,43994,227,5896
120,5,351,1169,87,43994,227,4873
120,5,351,1169,87,43994,227,4873
120,5,351,144,87,43994,227,4015
120,5,351,1768,87,43994,227,2974
120,5,351,2107,87,43994,227,1904
120,5,351,2107,87,43994,227,1904
120,5,351,2405,87,43994,227,0956
120,5,351,2703,87,43994,227,0015
120,5,351,2996,87,43994,226,9084
120,5,351,3311,87,43994,226,8088
120,5,351,3311,87,43994,226,8088
120,5,351,3601,87,43994,226,717
120,5,351,3899,87,43994,226,6226
120,5,351,4192,87,43994,226,5292
120,5,351,449,87,43994,226,4352
120,5,351,449,87,43994,226,4352
120,5,351,48,87,43994,226,3364
120,5,351,5144,87,43994,226,2279
120,5,351,5466,87,43994,226,1254
120,6,351,5466,87,43994,226,1254
120,6,351,5759,87,43994,226,0331
120,6,351,6108,87,43994,225,922
120,6,351,6423,87,43994,225,8221
120,6,351,6423,87,43994,225,8221
120,6,351,6733,87,43994,225,7241
120,6,351,7048,87,43994,225,624
120,6,351,7361,87,43994,225,5254
120,6,351,7361,87,43994,225,5254
120,6,351,7681,87,43994,225,4237
120,6,351,8018,87,43994,225,3171
120,6,351,8325,87,43994,225,2198
120,6,351,8325,87,43994,225,2198
120,6,351,8679,87,43994,225,1078
120,6,351,9028,87,43994,224,9969
120,6,351,9028,87,43994,224,9969
120,6,351,9348,87,43994,224,8955
120,6,351,9663,87,43994,224,7957
120,6,351,999,87,43994,224,6921
120,6,352,0295,87,43994,224,5956
120,6,352,0295,87,43994,224,5956
120,6,352,0579,87,43994,224,5052
120,6,352,0603,87,43994,224,4978
120,6,352,0603,87,43994,224,4978
120,6,352,0569,87,43994,224,3915
120,6,352,053,87,43994,224,2677
120,6,352,0496,87,43994,224,1566
120,6,352,0496,87,43994,224,1566
120,6,352,0461,87,43994,224,0514
120,6,352,0427,87,43994,223,9465
120,6,352,0396,87,43994,223,8401
120,6,352,0396,87,43994,223,8401
120,6,352,0359,87,43994,223,7262
120,6,352,0325,87,43994,223,6233
120,6,352,0291,87,43994,223,5098
120,6,352,0291,87,43994,223,5098
120,6,352,0256,87,43994,223,4078
120,6,352,0227,87,43994,223,3073
120,6,352,019,87,43994,223,197
120,6,352,019,87,43994,223,197
120,6,352,0159,87,43994,223,092
120,6,352,012,87,43994,222,9679
120,6,352,0085,87,43994,222,8633
120,6,352,0085,87,43994,222,8633
120,6,352,0051,87,43994,222,7582
120,6,352,0017,87,43994,222,6476
120,6,352,0017,87,43994,222,6476
120,6,351,9983,87,43994,222,5377
120,6,351,9946,87,43994,222,4274
120,6,351,9912,87,43994,222,3158
120,6,351,9912,87,43994,222,3158
120,6,351,988,87,43994,222,2157
120,6,351,9846,87,43994,222,113
120,6,351,9814,87,43994,222,009
120,6,351,9783,87,43994,221,9075
120,6,351,9783,87,43994,221,9075
120,6,351,9749,87,43994,221,8044
120,6,351,9717,87,43994,221,7007
120,6,351,9683,87,43994,221,5961
120,6,351,9683,87,43994,221,5961
120,6,351,9653,87,43994,221,5004
120,6,351,9631,87,43457,221,3923
120,6,351,9612,87,43018,221,2943
120,6,351,9612,87,43018,221,2943
120,6,351,9587,87,4248,221,1873
120,6,351,9568,87,41992,221,0841
120,6,351,9546,87,41504,220,9812
120,6,351,9526,87,41064,220,8857
120,6,351,9526,87,41064,220,8857
120,6,351,9502,87,40527,220,7751
120,6,351,948,87,39941,220,6609
120,6,351,948,87,39941,220,6609
120,6,351,9458,87,39453,220,5581
120,6,351,9436,87,38916,220,446
120,6,351,9414,87,38428,220,3459
120,6,351,9392,87,37939,220,2389
120,6,351,9392,87,37939,220,2389
120,6,351,937,87,37451,220,136
120,6,351,9351,87,36963,220,0396
120,6,351,9331,87,36523,219,9435
120,6,351,9309,87,35986,219,8348
120,7,351,9309,87,35986,219,8348
120,7,351,9287,87,35498,219,7314
120,7,351,9265,87,34961,219,6228
120,7,351,9243,87,34473,219,5187
120,7,351,9243,87,34473,219,5187
120,7,351,9224,87,34033,219,4249
120,7,351,9202,87,33545,219,3191
120,7,351,9177,87,33008,219,2069
120,7,351,9177,87,33008,219,2069
120,7,351,9158,87,3252,219,1056
120,7,351,9136,87,32031,219,0073
120,7,351,9116,87,31543,218,9052
120,7,351,9094,87,31055,218,8055
120,7,351,9072,87,30566,218,7028
120,7,351,9072,87,30566,218,7028
120,7,351,9055,87,30127,218,6116
120,7,351,9033,87,29639,218,5117
120,7,351,9014,87,2915,218,4133
120,7,351,9014,87,2915,218,4133
120,7,351,8992,87,28662,218,304
120,7,351,897,87,28174,218,2009
120,7,351,8945,87,27588,218,0869
120,7,351,8945,87,27588,218,0869
120,7,351,8926,87,27148,217,9884
120,7,351,8901,87,26563,217,8687
120,7,351,8879,87,26074,217,7629
120,7,351,886,87,25586,217,6681
120,7,351,886,87,25586,217,6681
120,7,351,884,87,25146,217,574
120,7,351,8833,87,25,217,5441
120,7,351,8777,87,23584,217,4359
120,7,351,8777,87,23584,217,4359
120,7,351,8721,87,22217,217,3301
120,7,351,8669,87,20947,217,2336
120,7,351,8618,87,19678,217,1354
120,7,351,8618,87,19678,217,1354
120,7,351,8564,87,18311,217,0315
120,7,351,8508,87,16895,216,9227
120,7,351,8455,87,15576,216,8185
120,7,351,8401,87,14209,216,7156
120,7,351,8401,87,14209,216,7156
120,7,351,8347,87,12939,216,6166
120,7,351,8298,87,1167,216,5206
120,7,351,8247,87,10449,216,4249
120,7,351,8196,87,09131,216,3243
120,7,351,8196,87,09131,216,3243
120,7,351,814,87,07764,216,219
120,7,351,8086,87,06396,216,1163
120,7,351,803,87,0498,216,0077
120,7,351,803,87,0498,216,0077
120,7,351,7979,87,03711,215,9102
120,7,351,7927,87,0249,215,8135
120,7,351,7874,87,01172,215,7124
120,7,351,782,86,99805,215,6089
120,7,351,782,86,99805,215,6089
120,7,351,7769,86,98535,215,5088
120,7,351,7717,86,97266,215,412
120,7,351,7661,86,9585,215,3053
120,7,351,7661,86,9585,215,3053
120,7,351,761,86,94531,215,2045
120,7,351,7556,86,93262,215,105
120,7,351,75,86,91846,214,9976
120,7,351,7449,86,90576,214,9001
120,7,351,7405,86,89453,214,8123
120,7,351,7405,86,89453,214,8123
120,7,351,7351,86,88135,214,7107
120,7,351,7302,86,86914,214,6162
120,7,351,7253,86,85693,214,5248
120,7,351,7197,86,84326,214,4181
120,7,351,7197,86,84326,214,4181
120,7,351,7146,86,83008,214,3191
120,7,351,709,86,81641,214,2134
120,7,351,7039,86,80371,214,1138
120,7,351,7039,86,80371,214,1138
120,7,351,6987,86,79053,214,015
120,7,351,6931,86,77734,213,9114
120,7,351,688,86,76416,213,8118
120,7,351,6833,86,75244,213,7205
120,7,351,6833,86,75244,213,7205
120,7,351,6775,86,73828,213,6124
120,7,351,6729,86,72607,213,5203
120,7,351,6729,86,72607,213,5203
120,7,351,6677,86,71338,213,422
120,7,351,6589,86,69189,213,256
120,7,351,6536,86,67822,213,1512
120,7,351,6536,86,67822,213,1512
120,7,351,6484,86,66553,213,0535
120,7,351,646,86,65967,213,0082
120,7,351,6448,86,64258,212,9227
120,7,351,6436,86,62109,212,8137
120,7,351,6436,86,62109,212,8137
120,7,351,6423,86,60205,212,7163
120,7,351,6409,86,58203,212,6155
120,7,351,6396,86,56152,212,5126
120,7,351,6384,86,54346,212,4221
120,7,351,6372,86,5249,212,3278
120,7,351,6372,86,5249,212,3278
120,7,351,636,86,50684,212,2372
120,7,351,6348,86,48828,212,144
120,7,351,6335,86,46777,212,0406
120,7,351,6335,86,46777,212,0406
120,7,351,6321,86,44727,211,937
120,7,351,6309,86,42725,211,8352
120,7,351,6296,86,40723,211,7343
120,7,351,6282,86,38721,211,6335
120,7,351,6282,86,38721,211,6335
120,7,351,627,86,36865,211,5385
120,7,351,6257,86,34912,211,4415
120,7,351,6245,86,32959,211,3419
120,7,351,6233,86,31201,211,2528
120,7,351,6221,86,29346,211,1587
120,7,351,6221,86,29346,211,1587
120,7,351,6208,86,27441,211,0627
120,7,351,6196,86,25684,210,975
120,7,351,6184,86,23828,210,8801
120,7,351,6172,86,21924,210,7853
120,7,351,616,86,20068,210,6908
120,7,351,616,86,20068,210,6908
120,7,351,6147,86,18164,210,5944
120,7,351,6135,86,16211,210,4956
120,8,351,6123,86,14355,210,4032
120,8,351,6111,86,12549,210,3123
120,8,351,6099,86,10645,210,2166
120,8,351,6099,86,10645,210,2166
120,8,351,6086,86,08838,210,1237
120,8,351,6077,86,07031,210,0326
120,8,351,606,86,04736,209,9182
120,8,351,605,86,02979,209,8284
120,8,351,6038,86,01123,209,736
120,8,351,6038,86,01123,209,736
120,8,351,6025,85,99414,209,6488
120,8,351,6013,85,97461,209,5503
120,8,351,6001,85,95459,209,4496
120,8,351,5989,85,93701,209,3599
120,8,351,5977,85,92041,209,2762
120,8,351,5967,85,90283,209,188
120,8,351,5967,85,90283,209,188
120,8,351,5955,85,88477,209,0964
120,8,351,5942,85,86768,209,0092
120,8,351,594,85,86279,208,9856
120,8,351,5942,85,85596,208,8882
120,8,351,5945,85,84961,208,7974
120,8,351,5947,85,84326,208,7081
120,8,351,5947,85,84326,208,7081
120,8,351,595,85,83643,208,6132
120,8,351,595,85,83008,208,5237
120,8,351,5952,85,82373,208,429
120,8,351,5955,85,81738,208,3436
120,8,351,5957,85,81104,208,2496
120,8,351,5959,85,8042,208,152
120,8,351,5959,85,8042,208,152
120,8,351,5962,85,79688,208,0493
120,8,351,5964,85,78955,207,9447
120,8,351,5967,85,78223,207,8446
120,8,351,5967,85,78223,207,8446
120,8,351,5969,85,7749,207,7412
120,8,351,5972,85,76709,207,6316
120,8,351,5974,85,76074,207,5377
120,8,351,5974,85,75391,207,4406
120,8,351,5977,85,74707,207,3451
120,8,351,5977,85,74707,207,3451
120,8,351,5979,85,74072,207,2578
120,8,351,5981,85,73438,207,1639
120,8,351,5984,85,72803,207,078
120,8,351,5986,85,72217,206,9912
120,8,351,5989,85,71533,206,894
120,8,351,5989,85,70898,206,8048
120,8,351,5991,85,70215,206,7107
120,8,351,5991,85,70215,206,7107
120,8,351,5994,85,6958,206,6212
120,8,351,5996,85,68896,206,5243
120,8,351,5999,85,68311,206,4368
120,8,351,6001,85,67627,206,3439
120,8,351,6003,85,66992,206,2522
120,8,351,6003,85,66309,206,1555
120,8,351,6003,85,66309,206,1555
120,8,351,6006,85,65625,206,0604
120,8,351,6008,85,64893,205,9583
120,8,351,6011,85,64258,205,8627
120,8,351,6013,85,63574,205,7664
120,8,351,6016,85,62891,205,6699
120,8,351,6016,85,62891,205,6699
120,8,351,6018,85,62305,205,5852
120,8,351,6018,85,61621,205,493
120,8,351,6021,85,60986,205,3987
120,8,351,6023,85,60303,205,3075
120,8,351,6025,85,59668,205,2175
120,8,351,6028,85,59033,205,1273
120,8,351,603,85,5835,205,028
120,8,351,603,85,5835,205,028
120,8,351,6033,85,57715,204,938
120,8,351,6033,85,5708,204,8485
120,8,351,6035,85,56396,204,7534
120,8,351,6038,85,55957,204,6892
120,8,351,6096,85,55957,204,5967
120,8,351,6096,85,55957,204,5967
120,8,351,6157,85,55957,204,5009
120,8,351,6218,85,55957,204,402
120,8,351,6277,85,55957,204,311
120,8,351,6335,85,55957,204,2181
120,8,351,6392,85,55957,204,1272
120,8,351,6453,85,55957,204,0308
120,8,351,6511,85,55957,203,9374
120,8,351,6565,85,55957,203,8525
120,8,351,6565,85,55957,203,8525
120,8,351,6621,85,55957,203,7668
120,8,351,668,85,55957,203,6729
120,8,351,6736,85,55957,203,5847
120,8,351,6792,85,55957,203,4958
120,8,351,6853,85,55957,203,3997
120,8,351,6853,85,55957,203,3997
120,8,351,6914,85,55957,203,302
120,8,351,6978,85,55957,203,2026
120,8,351,7034,85,55957,203,1134
120,8,351,7087,85,55957,203,0286
120,8,351,7153,85,55957,202,9235
120,8,351,7214,85,55957,202,8282
120,8,351,7266,85,55957,202,7441
120,8,351,7266,85,55957,202,7441
120,8,351,7324,85,55957,202,6516
120,8,351,738,85,55957,202,5637
120,8,351,7441,85,55957,202,4662
120,8,351,75,85,55957,202,3735
120,8,351,7551,85,55957,202,2922
120,8,351,761,85,55957,202,2021
120,8,351,7673,85,55957,202,0996
120,8,351,7727,85,55957,202,0128
120,8,351,7727,85,55957,202,0128
120,8,351,7781,85,55957,201,9296
120,8,351,7839,85,55957,201,8386
120,8,351,79,85,55957,201,7408
120,8,351,7961,85,55957,201,6439
120,8,351,802,85,55957,201,5511
120,8,351,8081,85,55957,201,4542
120,8,351,8081,85,55957,201,4542
120,8,351,8132,85,55957,201,3719
120,8,351,8193,85,55957,201,2761
120,8,351,8252,85,55957,201,1825
120,8,351,8313,85,55957,201,0856
120,8,351,8372,85,55957,200,9933
120,8,351,8428,85,55957,200,9043
120,8,351,8428,85,55957,200,9043
120,8,351,8486,85,55957,200,8143
120,8,351,8542,85,55957,200,725
120,8,351,8601,85,55957,200,6324
120,8,351,8657,85,55957,200,5427
120,8,351,8711,85,55957,200,459
120,8,351,877,85,55957,200,3658
120,8,351,8828,85,55957,200,2717
120,8,351,8884,85,55957,200,1851
120,8,351,8884,85,55957,200,1851
120,8,351,8892,85,55957,200,1714
120,8,351,8994,85,55957,200,0747
120,8,351,9084,85,55957,199,9893
120,8,351,9194,85,55957,199,8845
120,8,351,9285,85,55957,199,7975
120,8,351,938,85,55957,199,709
120,8,351,938,85,55957,199,709
120,8,351,9478,85,55957,199,6161
120,8,351,957,85,55957,199,5273
120,8,351,9683,85,55957,199,4204
120,8,351,9785,85,55957,199,3235
120,8,351,9875,85,55957,199,2375
120,8,351,9963,85,55957,199,1545
120,8,352,0054,85,55957,199,0696
120,8,352,0054,85,55957,199,0696
120,8,352,0144,85,55957,198,9828
120,8,352,0242,85,55957,198,8901
120,8,352,0339,85,55957,198,7977
120,8,352,0435,85,55957,198,7075
120,8,352,053,85,55957,198,6169
120,8,352,0632,85,55957,198,5205
120,8,352,0732,85,55957,198,4244
120,8,352,0732,85,55957,198,4244
120,8,352,0823,85,55957,198,3389
120,8,352,0923,85,55957,198,245
120,8,352,103,85,55957,198,1418
120,8,352,1133,85,55957,198,0457
120,8,352,1133,85,55957,198,0457
120,8,352,1233,85,55957,197,9504
120,8,352,1338,85,55957,197,8507
120,8,352,145,85,55957,197,7434
120,8,352,1545,85,55957,197,6531
120,8,352,1641,85,55957,197,5638
120,8,352,1731,85,55957,197,4781
120,8,352,1731,85,55957,197,4781
120,8,352,1824,85,55957,197,3895
120,8,352,1924,85,55957,197,2942
120,9,352,2021,85,55957,197,2017
120,9,352,2122,85,55957,197,1082
120,9,352,2217,85,55957,197,0159
120,9,352,2312,85,55957,196,9255
120,9,352,2405,85,55957,196,837
120,9,352,2405,85,55957,196,837
120,9,352,2502,85,55957,196,746
120,9,352,2607,85,55957,196,6455
120,9,352,2712,85,55957,196,5475
120,9,352,2805,85,55957,196,4576
120,9,352,291,85,55957,196,3594
120,9,352,291,85,55957,196,3594
120,9,352,3005,85,55957,196,2679
120,9,352,3103,85,55957,196,1763
120,9,352,3208,85,55957,196,0758
120,9,352,3301,85,55957,195,9879
120,9,352,3406,85,55957,195,8875
120,9,352,3406,85,55957,195,8875
120,9,352,3503,85,55957,195,7965
120,9,352,3599,85,55957,195,7064
120,9,352,3613,85,55957,195,6918
120,9,352,373,85,55859,195,5985
120,9,352,3845,85,55762,195,5085
120,9,352,3845,85,55762,195,5085
120,9,352,3953,85,55664,195,4222
120,9,352,4082,85,55566,195,3201
120,9,352,4199,85,5542,195,226
120,9,352,4319,85,55322,195,132
120,9,352,4456,85,55225,195,0223
120,9,352,4456,85,55225,195,0223
120,9,352,4565,85,55127,194,9347
120,9,352,4685,85,55029,194,8406
120,9,352,481,85,54932,194,741
120,9,352,4929,85,54785,194,6473
120,9,352,5039,85,54688,194,5596
120,9,352,5039,85,54688,194,5596
120,9,352,5166,85,5459,194,4574
120,9,352,5293,85,54492,194,3571
120,9,352,5422,85,54395,194,2549
120,9,352,5542,85,54248,194,1595
120,9,352,5542,85,54248,194,1595
120,9,352,5652,85,5415,194,0731
120,9,352,5769,85,54053,193,9792
120,9,352,5884,85,53955,193,887
120,9,352,6011,85,53857,193,7864
120,9,352,6123,85,5376,193,6984
120,9,352,6228,85,53662,193,6139
120,9,352,6343,85,53564,193,5227
120,9,352,6343,85,53564,193,5227
120,9,352,6448,85,53467,193,4397
120,9,352,6572,85,53369,193,3405
120,9,352,6682,85,53271,193,2538
120,9,352,6799,85,53174,193,1604
120,9,352,6907,85,53076,193,0754
120,9,352,7034,85,52979,192,9733
120,9,352,7146,85,52881,192,8856
120,9,352,7146,85,52881,192,8856
120,9,352,7261,85,52783,192,7941
120,9,352,7378,85,52637,192,7013
120,9,352,748,85,52588,192,6191
120,9,352,7603,85,52441,192,5227
120,9,352,7722,85,52344,192,4261
120,9,352,7834,85,52246,192,3379
120,9,352,7834,85,52246,192,3379
120,9,352,7952,85,52148,192,2449
120,9,352,8069,85,52051,192,1527
120,9,352,8191,85,51953,192,0553
120,9,352,8308,85,51855,191,9607
120,9,352,8416,85,51758,191,8756
120,9,352,8528,85,5166,191,7865
120,9,352,865,85,51563,191,6906
120,9,352,865,85,51563,191,6906
120,9,352,8748,85,51465,191,6115
120,9,352,8865,85,51367,191,5194
120,9,352,8989,85,5127,191,4213
120,9,352,9104,85,51123,191,3285
120,9,352,9219,85,51025,191,2384
120,9,352,9297,85,50977,191,176
120,9,352,9441,85,51709,191,092
120,9,352,9592,85,52539,191,0021
120,9,352,9592,85,52539,191,0021
120,9,352,9741,85,5332,190,915
120,9,352,9893,85,54102,190,8263
120,10,353,0049,85,54932,190,7357
120,10,353,0205,85,55762,190,644
120,10,353,0359,85,56592,190,5526
120,10,353,0513,85,57373,190,4631
120,10,353,0513,85,57373,190,4631
120,10,353,0664,85,58203,190,3749
120,10,353,0818,85,59033,190,2839
120,10,353,0967,85,59814,190,197
120,10,353,1108,85,60547,190,1136
120,10,353,127,85,61377,190,0192
120,10,353,1423,85,62207,189,9297
120,10,353,1577,85,63037,189,839
120,10,353,1726,85,63818,189,7522
120,10,353,1726,85,63818,189,7522
120,10,353,187,85,64551,189,667
120,10,353,2029,85,65381,189,5741
120,10,353,2185,85,66211,189,4828
120,10,353,2336,85,67041,189,3931
120,10,353,2495,85,67871,189,3002
120,10,353,2649,85,68652,189,2102
120,10,353,2649,85,68652,189,2102
120,10,353,281,85,69531,189,1166
120,10,353,2979,85,7041,189,0172
120,10,353,3142,85,71289,188,9218
120,10,353,3293,85,7207,188,8319
120,10,353,345,85,729,188,7404
120,10,353,345,85,729,188,7404
120,10,353,3606,85,7373,188,6489
120,10,353,3767,85,74561,188,5555
120,10,353,3928,85,75439,188,4601
120,10,353,3928,85,75439,188,4601
120,10,353,4075,85,76221,188,3744
120,10,353,4353,85,77686,188,2118
120,10,353,4519,85,78564,188,1146
120,10,353,4678,85,79395,188,0211
120,10,353,4678,85,79395,188,0211
120,10,353,4832,85,80176,187,9307
120,10,353,4985,85,81006,187,8407
120,10,353,5142,85,81836,187,7491
120,10,353,53,85,82666,187,6555
120,10,353,5449,85,83447,187,5687
120,10,353,5603,85,84277,187,4783
120,10,353,5752,85,85059,187,3907
120,10,353,5752,85,85059,187,3907
120,10,353,5896,85,85791,187,3073
120,10,353,6052,85,86621,187,2158
120,10,353,6216,85,875,187,1187
120,10,353,6362,85,88281,187,0327
120,10,353,6506,85,89014,186,9493
120,10,353,6667,85,89893,186,8535
120,10,353,6819,85,90674,186,7656
120,10,353,6819,85,90674,186,7656
120,10,353,6965,85,91455,186,6792
120,10,353,7065,85,91992,186,621
120,10,353,7273,85,93213,186,5261
120,10,353,7456,85,94287,186,4413
120,10,353,7644,85,95361,186,3553
120,10,353,7844,85,96533,186,2639
120,10,353,8027,85,97607,186,1796
120,10,353,8027,85,97607,186,1796
120,10,353,8232,85,98779,186,0856
120,10,353,843,85,99902,185,9954
120,10,353,864,86,01172,185,8986
120,10,353,884,86,02295,185,8073
120,10,353,9026,86,03369,185,722
120,10,353,9207,86,04443,185,6384
120,10,353,9207,86,04443,185,6384
120,10,353,9412,86,05615,185,5447
120,10,353,9626,86,06885,185,4464
120,10,353,9834,86,08105,185,3513
120,10,354,0039,86,09277,185,2572
120,10,354,0039,86,09277,185,2572
120,10,354,0239,86,10449,185,1647
120,10,354,0437,86,11621,185,0745
120,10,354,0637,86,12744,184,9824
120,10,354,0837,86,13916,184,8911
120,10,354,103,86,15039,184,8021
120,10,354,1221,86,16162,184,715
120,10,354,1411,86,17285,184,6277
120,10,354,1411,86,17285,184,6277
120,10,354,1602,86,18359,184,5399
120,10,354,1807,86,1958,184,446
120,10,354,2043,86,20947,184,3379
120,10,354,2234,86,2207,184,2498
120,10,354,2434,86,23242,184,1581
120,10,354,2434,86,23242,184,1581
120,10,354,2629,86,24365,184,069
120,10,354,2825,86,25488,183,9792
120,10,354,303,86,2666,183,8851
120,10,354,3223,86,27783,183,7968
120,10,354,3413,86,28906,183,7091
120,10,354,3601,86,2998,183,623
120,10,354,3601,86,2998,183,623
120,10,354,3806,86,31201,183,5289
120,10,354,4021,86,32422,183,4308
120,10,354,4216,86,33594,183,3411
120,10,354,4412,86,34717,183,2509
120,10,354,4602,86,3584,183,1643
120,10,354,48,86,36963,183,0735
120,10,354,48,86,36963,183,0735
120,10,354,499,86,38086,182,9861
120,10,354,5181,86,39209,182,8984
120,10,354,5381,86,40332,182,8064
120,10,354,5574,86,41455,182,7183
120,10,354,5574,86,41455,182,7183
120,10,354,5574,86,41455,182,7183
120,10,354,5574,86,41455,182,7183
120,10,354,5574,86,41455,182,7183
120,10,354,5798,86,42773,182,6144
120,10,354,5798,86,42773,182,6144
120,10,354,6646,86,47705,182,2266
120,10,354,6863,86,48975,182,127
120,10,354,6863,86,48975,182,1267
120,10,354,6863,86,48975,182,1267
120,10,354,6863,86,48975,182,1267
120,10,354,6863,86,48975,182,1267
120,10,354,6863,86,48975,182,1267
120,10,354,6863,86,48975,182,1267
120,10,354,6863,86,48975,182,1267
120,10,354,6863,86,48975,182,1267
120,10,354,6863,86,48975,182,1267
120,10,354,6863,86,48975,182,1267
120,10,354,6863,86,48975,182,1267
120,10,354,6863,86,48975,182,1267
120,10,354,6863,86,48975,182,1267
120,10,354,6863,86,48975,182,1267
120,10,354,6863,86,48975,182,1267
120,10,354,6863,86,48975,182,1267
120,10,354,6863,86,48975,182,1267
120,10,354,6863,86,48975,182,1267
120,10,354,6863,86,48975,182,1267
120,10,354,6863,86,48975,182,1267
120,10,354,6863,86,48975,182,1267
120,10,354,6863,86,48975,182,1267
120,10,354,6863,86,48975,182,1267
120,10,354,6863,86,48975,182,1267
120,10,354,6863,86,48975,182,1267
120,10,354,6863,86,48975,182,1267
120,10,354,6863,86,48975,182,1267
120,10,354,6863,86,48975,182,1267
120,10,354,6863,86,48975,182,1267
120,10,354,6863,86,48975,182,1267
120,10,354,6863,86,48975,182,1267
120,10,354,6863,86,48975,182,1267
120,10,354,6863,86,48975,182,1267
120,10,354,6863,86,48975,182,1267
120,10,354,6863,86,48975,182,1267
120,10,354,6863,86,48975,182,1267
120,10,354,6863,86,48975,182,1267
120,10,354,6863,86,48975,182,1267
120,10,354,6863,86,48975,182,1267
120,10,354,6863,86,48975,182,1267
120,10,354,6863,86,48975,182,1267
120,10,354,6863,86,48975,182,1267
120,10,354,6863,86,48975,182,1267
120,10,354,6863,86,48975,182,1267
120,10,354,6863,86,48975,182,1267
120,10,354,6863,86,48975,182,1267
120,10,354,6863,86,48975,182,1267
120,10,354,6863,86,48975,182,1267
120,10,354,6863,86,48975,182,1267
120,10,354,6863,86,48975,182,1267
120,10,354,6863,86,48975,182,1267
120,10,354,6863,86,48975,182,1267
120,10,354,6863,86,48975,182,1267
120,10,354,6863,86,48975,182,1267
120,10,354,6863,86,48975,182,1267
120,10,354,6863,86,48975,182,1267
120,10,354,6863,86,48975,182,1267
120,10,354,6863,86,48975,182,1267
120,10,354,6863,86,48975,182,1267
120,10,354,6863,86,48975,182,1267
120,10,354,6863,86,48975,182,1267
120,10,354,6863,86,48975,182,1267
120,10,354,6863,86,48975,182,1267
120,10,354,6863,86,48975,182,1267
120,10,354,6863,86,48975,182,1267
120,10,354,6863,86,48975,182,1267
120,10,354,6863,86,48975,182,1267
120,10,354,6863,86,48975,182,1267
120,10,354,6863,86,48975,182,1267
120,10,354,6863,86,48975,182,1267
120,10,354,6863,86,48975,182,1267
120,10,354,6863,86,48975,182,1267
120,10,354,6863,86,48975,182,1267
120,10,354,6863,86,48975,182,1267
120,10,354,6863,86,48975,182,1267
120,10,354,6863,86,48975,182,1267
120,10,354,6863,86,48975,182,1267
120,10,354,6863,86,48975,182,1267
120,10,354,6863,86,48975,182,1267
120,10,354,6863,86,48975,182,1267
120,10,354,6863,86,48975,182,1267
120,10,354,6863,86,48975,182,1267
120,10,354,6863,86,48975,182,1267
120,10,354,6863,86,48975,182,1267
120,10,354,6863,86,48975,182,1267
120,10,354,6863,86,48975,182,1267
120,10,354,6863,86,48975,182,1267
120,10,354,6863,86,48975,182,1267
120,10,354,6863,86,48975,182,1267
120,10,354,6863,86,48975,182,1267
120,10,354,6863,86,48975,182,1267
120,10,354,6863,86,48975,182,1267
120,10,354,6863,86,48975,182,1267
120,10,354,6863,86,48975,182,1267
120,10,354,6863,86,48975,182,1267
120,10,354,6863,86,48975,182,1267
120,10,354,6863,86,48975,182,1267
120,10,354,6863,86,48975,182,1267
120,10,354,6863,86,48975,182,1267
120,10,354,6863,86,48975,182,1267
120,10,354,6863,86,48975,182,1267
120,10,354,6863,86,48975,182,1267
120,10,354,6863,86,48975,182,1267
120,10,354,6863,86,48975,182,1267
120,10,354,6863,86,48975,182,1267
120,10,354,6863,86,48975,182,1267
120,10,354,6863,86,48975,182,1267
120,10,354,6863,86,48975,182,1267
120,10,354,6863,86,48975,182,1267
120,10,354,6863,86,48975,182,1267
120,10,354,6863,86,48975,182,1267
120,10,354,6863,86,48975,182,1267
120,10,354,6863,86,48975,182,1267
120,10,354,6863,86,48975,182,1267
120,10,354,6863,86,48975,182,1267
120,10,354,6863,86,48975,182,1267
120,10,354,6863,86,48975,182,1267
120,10,354,6863,86,48975,182,1267
120,10,354,6863,86,48975,182,1267
120,10,354,6863,86,48975,182,1267
120,10,354,6863,86,48975,182,1267
120,10,354,6863,86,48975,182,1267
120,10,354,6863,86,48975,182,1267
120,10,354,6863,86,48975,182,1267
120,10,354,6863,86,48975,182,1267
120,10,354,6863,86,48975,182,1267
120,10,354,6863,86,48975,182,1267
120,10,354,6863,86,48975,182,1267
120,10,354,6863,86,48975,182,1267
120,10,354,6863,86,48975,182,1267
120,10,354,6863,86,48975,182,1267
120,10,354,6863,86,48975,182,1267
120,10,354,6863,86,48975,182,1267
120,10,354,6863,86,48975,182,1267
120,10,354,6863,86,48975,182,1267
120,10,354,6863,86,48975,182,1267
120,10,354,6863,86,48975,182,1267
120,10,354,6863,86,48975,182,1267
120,10,354,6863,86,48975,182,1267
120,10,354,6863,86,48975,182,1267
120,10,354,6863,86,48975,182,1267
120,10,354,6863,86,48975,182,1267
120,10,354,6863,86,48975,182,1267
120,10,354,6863,86,48975,182,1267
120,10,354,6863,86,48975,182,1267
120,10,354,6863,86,48975,182,1267
120,10,354,6863,86,48975,182,1267
120,10,354,6863,86,48975,182,1267
120,10,354,6863,86,48975,182,1267
120,10,354,6863,86,48975,182,1267
120,10,354,7156,86,49561,182,0439
120,10,354,7488,86,50244,181,9503
120,10,354,781,86,50879,181,8594
120,10,354,8135,86,51514,181,7671
120,10,354,8135,86,51514,181,7671
120,10,354,8438,86,52148,181,682
120,10,354,8757,86,52783,181,5916
120,10,354,9065,86,53418,181,5044
120,10,354,9358,86,54004,181,4218
120,10,354,97,86,54688,181,3252
120,10,354,97,86,54688,181,3252
120,10,355,0017,86,55322,181,2351
120,10,355,0359,86,56006,181,1392
120,10,355,0664,86,56592,181,053
120,10,355,0989,86,57275,180,9613
120,10,355,1292,86,57861,180,8751
120,10,355,1616,86,58545,180,7836
120,10,355,1616,86,58545,180,7836
120,10,355,1904,86,59082,180,7024
120,10,355,2219,86,59766,180,6129
120,10,355,2512,86,60303,180,5309
120,10,355,2861,86,61035,180,4321
120,10,355,3162,86,61621,180,3468
120,10,355,3162,86,61621,180,3468
120,10,355,3499,86,62305,180,2522
120,10,355,3823,86,62939,180,1603
120,10,355,4143,86,63623,180,0702
120,10,355,4451,86,64209,179,9827
120,10,355,479,86,64893,179,8872
120,10,355,479,86,64893,179,8872
120,10,355,511,86,65527,179,7966
120,10,355,5432,86,66211,179,7058
120,10,355,5754,86,66846,179,6143
120,10,355,6067,86,6748,179,5266
120,10,355,6387,86,68115,179,436
120,10,355,6387,86,68115,179,436
120,10,355,6716,86,68799,179,3428
120,10,355,709,86,69531,179,2373
120,10,355,7393,86,70117,179,1519
120,10,355,7693,86,70752,179,0667
120,10,355,8003,86,71338,178,9792
120,10,355,8003,86,71338,178,9792
120,10,355,8335,86,72021,178,8853
120,10,355,8652,86,72656,178,7958
120,10,355,8992,86,7334,178,6997
120,10,355,9309,86,73975,178,6106
120,10,355,9309,86,73975,178,6106
120,10,355,9622,86,74609,178,5217
120,10,355,9951,86,75293,178,4287
120,10,356,0288,86,75928,178,3339
120,11,356,0591,86,76563,178,248
120,11,356,0762,86,76904,178,1998
120,11,356,0762,86,76904,178,1998
120,11,356,1133,86,78516,178,113
120,11,356,1514,86,80127,178,0242
120,11,356,1902,86,81787,177,933
120,11,356,2249,86,83301,177,8519
120,11,356,2639,86,84961,177,7609
120,11,356,2639,86,84961,177,7609
120,11,356,3,86,86523,177,6766
120,11,356,3396,86,88232,177,5842
120,11,356,3767,86,89795,177,4973
120,11,356,3767,86,89795,177,4973
120,11,356,4199,86,9165,177,3965
120,11,356,458,86,93311,177,307
120,11,356,4985,86,95068,177,2123
120,11,356,5356,86,96631,177,1257
120,11,356,5708,86,98145,177,0436
120,11,356,6057,86,99658,176,9619
120,11,356,6057,86,99658,176,9619
120,11,356,6426,87,0127,176,8756
120,11,356,6772,87,02734,176,7948
120,11,356,7146,87,04346,176,7074
120,11,356,7517,87,05957,176,6205
120,11,356,7517,87,05957,176,6205
120,11,356,7917,87,07666,176,5267
120,11,356,8293,87,09277,176,4388
120,11,356,8662,87,1084,176,3529
120,11,356,9021,87,12402,176,2692
120,11,356,9399,87,14014,176,1807
120,11,356,9756,87,15576,176,0974
120,11,357,0134,87,17188,176,0085
120,11,357,0134,87,17188,176,0085
120,11,357,0449,87,18555,175,9349
120,11,357,0791,87,2002,175,8552
120,11,357,1194,87,21729,175,7611
120,11,357,1528,87,23193,175,683
120,11,357,1885,87,24707,175,5996
120,11,357,2253,87,2627,175,5137
120,11,357,2253,87,2627,175,5137
120,11,357,2595,87,27734,175,4333
120,11,357,2993,87,29492,175,3403
120,11,357,3342,87,30957,175,2589
120,11,357,3704,87,3252,175,1743
120,11,357,4043,87,33984,175,0948
120,11,357,4385,87,35449,175,0151
120,11,357,4753,87,37012,174,9291
120,11,357,4753,87,37012,174,9291
120,11,357,511,87,38574,174,8456
120,11,357,5486,87,40186,174,7578
120,11,357,5867,87,41797,174,6686
120,11,357,624,87,43408,174,5814
120,11,357,6597,87,44971,174,4983
120,11,357,6597,87,44971,174,4983
120,11,357,6973,87,46582,174,4102
120,11,357,7351,87,48193,174,3217
120,11,357,7708,87,49707,174,238
120,11,357,8066,87,5127,174,1542
120,11,357,8237,87,52002,174,1145
120,11,357,8237,87,52002,174,1145
120,11,357,8237,87,52002,174,1145
120,11,357,8237,87,52002,174,1145
120,11,357,8237,87,52002,174,1145
120,11,357,8237,87,52002,174,1145
120,11,357,8237,87,52002,174,1145
120,11,357,8237,87,52002,174,1145
120,11,357,8237,87,52002,174,1145
120,11,357,8237,87,52002,174,1145
120,11,357,8237,87,52002,174,1145
120,11,357,8237,87,52002,174,1145
120,11,357,8237,87,52002,174,1145
120,11,357,8237,87,52002,174,1145
120,11,357,8237,87,52002,174,1145
120,11,357,8237,87,52002,174,1145
120,11,357,8237,87,52002,174,1145
120,11,357,8237,87,52002,174,1145
120,11,357,8237,87,52002,174,1145
120,11,357,8237,87,52002,174,1145
120,11,357,8237,87,52002,174,1145
120,11,357,8665,87,53662,174,0331
120,11,357,9133,87,55469,173,944
120,11,357,96,87,57227,173,8551
120,11,357,96,87,57227,173,8551
120,11,358,0027,87,58887,173,774
120,11,358,0493,87,60693,173,6853
120,11,358,0977,87,62549,173,593
120,11,358,0977,87,62549,173,593
120,11,358,1511,87,646,173,4915
120,11,358,1946,87,66309,173,4084
120,11,358,2407,87,68066,173,3208
120,11,358,2407,87,68066,173,3208
120,11,358,2898,87,69971,173,2273
120,11,358,3369,87,71777,173,1375
120,11,358,3796,87,73438,173,0563
120,11,358,4258,87,75195,172,9685
120,11,358,4709,87,76953,172,8824
120,11,358,4709,87,76953,172,8824
120,11,358,5139,87,78564,172,8008
120,11,358,5579,87,80273,172,717
120,11,358,6013,87,81982,172,6342
120,11,358,6465,87,83691,172,5485
120,11,358,6892,87,85352,172,4668
120,11,358,7332,87,87012,172,3834
120,11,358,7332,87,87012,172,3834
120,11,358,7742,87,88623,172,3052
120,11,358,821,87,9043,172,2161
120,11,358,863,87,92041,172,1357
120,11,358,9104,87,93848,172,046
120,11,358,9104,87,93848,172,046
120,11,358,9529,87,95508,171,9648
120,11,358,9954,87,97119,171,8842
120,11,359,0393,87,98828,171,8003
120,11,359,0815,88,00439,171,7201
120,11,359,1238,88,021,171,6396
120,11,359,1653,88,03662,171,5608
120,11,359,1653,88,03662,171,5608
120,11,359,2078,88,05322,171,48
120,11,359,2537,88,0708,171,3923
120,11,359,2983,88,08789,171,3074
120,11,359,343,88,10547,171,2225
120,11,359,3896,88,12305,171,1338
120,11,359,3896,88,12305,171,1338
120,11,359,4309,88,13916,171,0549
120,11,359,4717,88,15479,170,9777
120,11,359,5212,88,17383,170,8833
120,11,359,5664,88,19141,170,7971
120,11,359,6106,88,2085,170,7129
120,11,359,6106,88,2085,170,7129
120,11,359,6523,88,22461,170,6334
120,11,359,7009,88,24316,170,5413
120,11,359,7449,88,26025,170,4575
120,11,359,792,88,27832,170,3678
120,11,359,792,88,27832,170,3678
120,11,359,8225,88,29004,170,3096
120,12,359,8782,88,30518,170,2258
120,12,359,9324,88,32031,170,1443
120,12,359,981,88,3335,170,071
120,12,360,0317,88,34717,169,9946
120,12,360,0317,88,34717,169,9946
120,12,360,0811,88,36084,169,9203
120,12,360,1367,88,37598,169,8365
120,12,360,1902,88,39063,169,7561
120,12,360,2405,88,40479,169,6804
120,12,360,2405,88,40479,169,6804
120,12,360,2952,88,41943,169,5978
120,12,360,3499,88,43457,169,5157
120,12,360,4028,88,44922,169,4358
120,12,360,4539,88,46289,169,3591
120,12,360,5063,88,47754,169,2798
120,12,360,5574,88,4917,169,203
120,12,360,5574,88,4917,169,203
120,12,360,6062,88,50488,169,1295
120,12,360,6548,88,51807,169,0564
120,12,360,7114,88,53369,168,9712
120,12,360,762,88,54785,168,895
120,12,360,8152,88,56201,168,8151
120,12,360,8638,88,57568,168,7418
120,12,360,8638,88,57568,168,7418
120,12,360,9143,88,58936,168,6656
120,12,360,9644,88,60303,168,5903
120,12,361,0154,88,61719,168,5134
120,12,361,0647,88,63086,168,4395
120,12,361,1179,88,64502,168,3591
120,12,361,1704,88,65967,168,2803
120,12,361,1704,88,65967,168,2803
120,12,361,2222,88,67383,168,202
120,12,361,2722,88,6875,168,127
120,12,361,3276,88,70264,168,0432
120,12,361,3804,88,71729,167,964
120,12,361,3804,88,71729,167,964
120,12,361,4314,88,73145,167,8871
120,12,361,4866,88,74609,167,8041
120,12,361,5405,88,76123,167,7229
120,12,361,5898,88,77441,167,6488
120,12,361,6392,88,78809,167,5743
120,12,361,6921,88,80273,167,4948
120,12,361,6921,88,80273,167,4948
120,12,361,7437,88,81689,167,417
120,12,361,7927,88,83008,167,3434
120,12,361,8474,88,84521,167,2609
120,12,361,8992,88,85938,167,1831
120,12,361,8992,88,85938,167,1831
120,12,361,9495,88,87305,167,1071
120,12,361,9495,88,87305,167,1071
120,12,362,0527,88,90137,166,9517
120,12,362,1062,88,91602,166,8711
120,12,362,1563,88,93018,166,7958
120,12,362,2051,88,94336,166,7223
120,12,362,2283,88,94971,166,6874
120,12,362,2283,88,94971,166,6874
120,12,362,2737,88,96582,166,6154
120,12,362,324,88,98389,166,5356
120,12,362,3738,89,00195,166,4567
120,12,362,4238,89,02002,166,3772
120,12,362,4751,89,03809,166,2961
120,12,362,4751,89,03809,166,2961
120,12,362,5259,89,05664,166,2156
120,12,362,5767,89,07471,166,135
120,12,362,6238,89,09131,166,0605
120,12,362,6707,89,1084,165,9862
120,12,362,7209,89,12646,165,9063
120,12,362,7688,89,14355,165,8304
120,12,362,8147,89,16016,165,7578
120,12,362,8147,89,16016,165,7578
120,12,362,8604,89,17627,165,6852
120,12,362,9102,89,19434,165,6063
120,12,362,9629,89,21338,165,5227
120,12,363,0093,89,22998,165,4492
120,12,363,0576,89,24707,165,3727
120,12,363,1042,89,26367,165,2987
120,12,363,1504,89,28027,165,2257
120,12,363,1504,89,28027,165,2257
120,12,363,1997,89,29785,165,1476
120,12,363,2517,89,31689,165,0649
120,12,363,301,89,33447,164,9869
120,12,363,3496,89,35205,164,9099
120,12,363,4011,89,37012,164,8282
120,12,363,4011,89,37012,164,8282
120,12,363,4495,89,3877,164,7517
120,12,363,502,89,40625,164,6685
120,12,363,5498,89,42383,164,5924
120,12,363,5928,89,43896,164,5244
120,12,363,6416,89,45654,164,4469
120,12,363,688,89,47314,164,3734
120,12,363,7327,89,48926,164,3024
120,12,363,78,89,50635,164,2274
120,12,363,78,89,50635,164,2274
120,12,363,8291,89,52393,164,1498
120,12,363,8752,89,54053,164,0764
120,12,363,9226,89,55713,164,0016
120,12,363,9678,89,57373,163,9299
120,12,364,0139,89,59033,163,8567
120,12,364,0615,89,60742,163,7811
120,12,364,113,89,62549,163,6995
120,12,364,1584,89,64209,163,6274
120,12,364,1584,89,64209,163,6274
120,12,364,2026,89,65771,163,5574
120,12,364,2549,89,67627,163,4749
120,12,364,303,89,69385,163,3984
120,12,364,3513,89,71094,163,3217
120,12,364,3513,89,71094,163,3217
120,12,364,3967,89,72754,163,2498
120,12,364,4597,89,75,163,15
120,12,364,5164,89,7666,163,0676
120,12,364,5623,89,77979,163,0007
120,12,364,5623,89,77979,163,0007
120,12,364,6157,89,79541,162,923
120,12,364,6704,89,81152,162,8434
120,12,364,7214,89,82666,162,7689
120,12,364,772,89,84131,162,6956
120,12,364,8242,89,85645,162,6194
120,12,364,8784,89,87207,162,5404
120,12,364,8784,89,87207,162,5404
120,12,364,9265,89,88623,162,4706
120,12,364,9807,89,90234,162,3917
120,12,365,0386,89,91895,162,3074
120,12,365,0894,89,93408,162,2334
120,12,365,146,89,9502,162,1511
120,12,365,146,89,9502,162,1511
120,12,365,198,89,96582,162,0756
120,12,365,2502,89,98096,161,9991
120,12,365,3008,89,99561,161,9257
120,13,365,3506,90,01025,161,8533
120,13,365,4023,90,02539,161,7778
120,13,365,4553,90,04053,161,7009
120,13,365,4553,90,04053,161,7009
120,13,365,5051,90,05518,161,6283
120,13,365,5605,90,07129,161,5476
120,13,365,6143,90,08691,161,4695
120,13,365,6641,90,10156,161,3971
120,13,365,719,90,11768,161,3169
120,13,365,7727,90,1333,161,2388
120,13,365,7727,90,1333,161,2388
120,13,365,8208,90,14746,161,1686
120,13,365,874,90,16309,161,0913
120,13,365,925,90,17773,161,0172
120,13,365,9753,90,19238,160,9438
120,13,366,0276,90,20801,160,8676
120,13,366,0779,90,22266,160,7944
120,13,366,1294,90,23779,160,7195
120,13,366,1294,90,23779,160,7195
120,13,366,1809,90,25244,160,6448
120,13,366,2363,90,26904,160,564
120,13,366,2893,90,28418,160,4868
120,13,366,3379,90,29834,160,4161
120,13,366,3879,90,31299,160,3431
120,13,366,4438,90,32959,160,2618
120,13,366,4438,90,32959,160,2618
120,13,366,4951,90,34424,160,1871
120,13,366,5493,90,36035,160,1084
120,13,366,6072,90,37695,160,024
120,13,366,6555,90,39111,159,9539
120,13,366,7068,90,40625,159,879
120,13,366,7576,90,4209,159,8051
120,13,366,8066,90,43555,159,7338
120,13,366,8066,90,43555,159,7338
120,13,366,8533,90,44922,159,6659
120,13,366,9053,90,46436,159,59
120,13,366,9558,90,479,159,5166
120,13,366,9592,90,47998,159,5116
120,13,367,0103,90,5,159,441
120,13,367,064,90,521,159,3669
120,13,367,1191,90,54248,159,2908
120,13,367,1191,90,54248,159,2908
120,13,367,1685,90,56152,159,2224
120,13,367,2219,90,58252,159,1487
120,13,367,2739,90,60254,159,0769
120,13,367,3264,90,62305,159,0044
120,13,367,3777,90,64307,158,9333
120,13,367,4268,90,66211,158,8657
120,13,367,4849,90,68506,158,7855
120,13,367,4849,90,68506,158,7855
120,13,367,5386,90,70557,158,7113
120,13,367,592,90,72656,158,6375
120,13,367,6472,90,74805,158,5613
120,13,367,6985,90,76807,158,4905
120,13,367,7502,90,78857,158,4186
120,13,367,7502,90,78857,158,4186
120,13,367,8013,90,80811,158,3483
120,13,367,8601,90,83105,158,2668
120,13,367,9126,90,85156,158,1943
120,13,367,9607,90,87012,158,1282
120,13,368,0122,90,89063,158,0569
120,13,368,0618,90,90967,157,9883
120,13,368,1077,90,92773,157,9248
120,13,368,157,90,94678,157,8571
120,13,368,2046,90,96533,157,7911
120,13,368,2598,90,98682,157,715
120,13,368,2598,90,98682,157,715
120,13,368,3127,91,00781,157,6416
120,13,368,364,91,02734,157,5708
120,13,368,4141,91,04688,157,5016
120,13,368,4626,91,06592,157,4347
120,13,368,5186,91,08789,157,3573
120,13,368,5686,91,10742,157,2882
120,13,368,6172,91,12598,157,2212
120,13,368,668,91,146,157,1509
120,13,368,7205,91,1665,157,0784
120,13,368,7205,91,1665,157,0784
120,13,368,7722,91,18652,157,0071
120,13,368,8237,91,20654,156,9357
120,13,368,873,91,22607,156,8676
120,13,368,9209,91,24463,156,8014
120,13,368,9734,91,26514,156,729
120,13,369,0273,91,28613,156,6545
120,13,369,0764,91,30518,156,5867
120,13,369,1262,91,32471,156,5179
120,13,369,1746,91,34375,156,451
120,13,369,1746,91,34375,156,451
120,13,369,2256,91,36328,156,3804
120,13,369,2766,91,3833,156,3099
120,13,369,3354,91,40625,156,2289
120,13,369,3879,91,42676,156,1561
120,13,369,438,91,44629,156,087
120,13,369,4934,91,46777,156,0106
120,13,369,5442,91,48779,155,9403
120,13,369,5442,91,48779,155,9403
120,13,369,5952,91,50732,155,87
120,13,369,6477,91,52783,155,7974
120,13,369,6787,91,54004,155,7545
120,13,369,7354,91,55908,155,6912
120,13,369,7957,91,5791,155,6237
120,13,369,8604,91,60107,155,5515
120,13,369,8604,91,60107,155,5515
120,13,369,9192,91,62061,155,4857
120,13,369,9778,91,64014,155,4202
120,13,370,033,91,65869,155,3585
120,13,370,094,91,6792,155,2903
120,13,370,1526,91,69873,155,2249
120,13,370,209,91,71777,155,1619
120,13,370,2664,91,73682,155,0977
120,13,370,3259,91,75684,155,031
120,13,370,3826,91,77588,154,9678
120,13,370,3826,91,77588,154,9678
120,13,370,4417,91,79541,154,9016
120,13,370,5015,91,81543,154,835
120,13,370,5571,91,83398,154,7727
120,13,370,6177,91,85449,154,705
120,13,370,6816,91,87598,154,6334
120,13,370,7485,91,89844,154,5587
120,13,370,7485,91,89844,154,5587
120,13,370,8064,91,91748,154,4941
120,13,370,8699,91,93896,154,423
120,13,370,9304,91,95947,154,3553
120,13,370,9888,91,979,154,2902
120,13,371,0488,91,99902,154,2229
120,13,371,1062,92,01807,154,1587
120,13,371,1062,92,01807,154,1587
120,13,371,1648,92,0376,154,0934
120,13,371,2234,92,05713,154,0278
120,13,371,2832,92,07715,153,9611
120,13,371,3376,92,0957,153,9001
120,13,371,3931,92,11426,153,8383
120,14,371,4553,92,13477,153,7688
120,14,371,5125,92,1543,153,7047
120,14,371,5757,92,17529,153,634
120,14,371,5757,92,17529,153,634
120,14,371,6372,92,1958,153,5652
120,14,371,697,92,21582,153,4984
120,14,371,7578,92,23633,153,4304
120,14,371,8188,92,25684,153,3622
120,14,371,8813,92,27783,153,2925
120,14,371,9409,92,29785,153,2257
120,14,371,9409,92,29785,153,2257
120,14,372,0005,92,31738,153,1593
120,14,372,0564,92,33643,153,0967
120,14,372,1174,92,35693,153,0284
120,14,372,1804,92,37793,152,958
120,14,372,2461,92,3999,152,8846
120,14,372,2461,92,3999,152,8846
120,14,372,3049,92,41943,152,8191
120,14,372,3657,92,43994,152,751
120,14,372,4255,92,4834,152,6725
120,14,372,4805,92,52295,152,6
120,14,372,5315,92,56006,152,5328
120,14,372,5315,92,56006,152,5328
120,14,372,5845,92,59863,152,4631
120,14,372,634,92,63428,152,3979
120,14,372,6899,92,67529,152,3242
120,14,372,7439,92,71436,152,2533
120,14,372,7966,92,75244,152,184
120,14,372,7966,92,75244,152,184
120,14,372,8506,92,7915,152,1129
120,14,372,9019,92,82861,152,0454
120,14,372,958,92,86963,151,9714
120,14,373,012,92,90869,151,9004
120,14,373,012,92,90869,151,9004
120,14,373,0681,92,94922,151,8267
120,14,373,1223,92,98828,151,7552
120,14,373,1797,93,03027,151,6798
120,14,373,2302,93,06641,151,6134
120,14,373,2805,93,10303,151,5471
120,14,373,3315,93,14014,151,48
120,14,373,3315,93,14014,151,48
120,14,373,3843,93,17822,151,4105
120,14,373,4331,93,21387,151,3462
120,14,373,4839,93,25049,151,2793
120,14,373,5393,93,29102,151,2064
120,14,373,592,93,3291,151,1371
120,14,373,6389,93,36328,151,0752
120,14,373,6389,93,36328,151,0752
120,14,373,6882,93,39893,151,0106
120,14,373,7415,93,4375,150,9404
120,14,373,7983,93,47852,150,8655
120,14,373,8506,93,5166,150,7968
120,14,373,9011,93,55322,150,7303
120,14,373,9492,93,58789,150,6669
120,14,373,9951,93,62109,150,6067
120,14,374,0452,93,65771,150,5408
120,14,374,0452,93,65771,150,5408
120,14,374,092,93,69141,150,4791
120,14,374,1387,93,72559,150,4177
120,14,374,199,93,76904,150,3381
120,14,374,2542,93,80908,150,2656
120,14,374,3035,93,84473,150,2009
120,14,374,3538,93,88135,150,1346
120,14,374,3538,93,88135,150,1346
120,14,374,4016,93,91602,150,0718
120,14,374,4495,93,95068,150,0088
120,14,374,5027,93,98926,149,9387
120,14,374,5513,94,02441,149,8746
120,14,374,5991,94,05908,149,8118
120,14,374,6516,94,09717,149,7426
120,14,374,6516,94,09717,149,7426
120,14,374,7095,94,13916,149,6666
120,14,374,7615,94,17725,149,5979
120,14,374,8123,94,21387,149,5311
120,14,374,8594,94,24805,149,4692
120,14,374,9114,94,28564,149,4009
120,14,374,9597,94,3208,149,3372
120,14,375,011,94,35791,149,2695
120,14,375,011,94,35791,149,2695
120,14,375,0676,94,39893,149,1953
120,14,375,126,94,44092,149,1185
120,14,375,1653,94,46973,149,0667
120,14,375,2322,94,50488,148,9928
120,14,375,2869,94,53369,148,9323
120,14,375,2869,94,53369,148,9323
120,14,375,3406,94,56201,148,873
120,14,375,3972,94,5918,148,8103
120,14,375,4597,94,62451,148,7413
120,14,375,5127,94,65234,148,6827
120,14,375,5671,94,68115,148,6227
120,14,375,6267,94,71289,148,5566
120,14,375,6841,94,74268,148,4933
120,14,375,6841,94,74268,148,4933
120,14,375,7412,94,77295,148,4302
120,14,375,8008,94,8042,148,3645
120,14,375,8564,94,8335,148,3029
120,14,375,9121,94,86279,148,2413
120,14,375,9731,94,89502,148,1741
120,14,376,0276,94,92383,148,1138
120,14,376,0896,94,95605,148,0454
120,14,376,0896,94,95605,148,0454
120,14,376,1482,94,9873,147,9806
120,14,376,2078,95,01855,147,9148
120,14,376,2693,95,05078,147,8468
120,14,376,3298,95,08252,147,7798
120,14,376,3823,95,11035,147,7217
120,14,376,4387,95,14014,147,6595
120,14,376,4939,95,16895,147,5985
120,14,376,5486,95,19775,147,5382
120,14,376,5486,95,19775,147,5382
120,14,376,6096,95,22998,147,4706
120,14,376,6658,95,25977,147,4086
120,14,376,7295,95,29297,147,3384
120,14,376,7837,95,32129,147,2784
120,14,376,8369,95,34961,147,2195
120,14,376,8914,95,37842,147,1594
120,14,376,9453,95,40674,147,0997
120,14,377,0012,95,43604,147,0381
120,14,377,0537,95,46387,146,98
120,14,377,0537,95,46387,146,98
120,14,377,1101,95,49316,146,9176
120,14,377,1755,95,52783,146,8452
120,14,377,2422,95,56299,146,7717
120,14,377,3008,95,59375,146,707
120,14,377,3589,95,62451,146,6427
120,14,377,4153,95,65381,146,5803
120,14,377,4153,95,65381,146,5803
120,14,377,4702,95,68311,146,5198
120,14,377,5251,95,71191,146,459
120,15,377,5767,95,73877,146,402
120,15,377,6265,95,76514,146,347
120,15,377,6802,95,79346,146,2876
120,15,377,7322,95,8208,146,2302
120,15,377,7864,95,84912,146,1704
120,15,377,842,95,87842,146,1089
120,15,377,8931,95,90527,146,0525
120,15,377,9539,95,9375,145,9852
120,15,378,0068,95,96533,145,9268
120,15,378,0588,95,99268,145,8694
120,15,378,1104,96,02002,145,8124
120,15,378,1682,96,05029,145,7485
120,15,378,1858,96,05957,145,729
120,15,378,2405,96,07471,145,6768
120,15,378,2947,96,08936,145,6249
120,15,378,3479,96,104,145,574
120,15,378,4146,96,12256,145,51
120,15,378,4146,96,12256,145,51
120,15,378,4731,96,13867,145,454
120,15,378,5352,96,15576,145,3947
120,15,378,5991,96,17334,145,3335
120,15,378,6736,96,19385,145,2621
120,15,378,7341,96,21045,145,2043
120,15,378,7957,96,22705,145,1455
120,15,378,8528,96,24268,145,0908
120,15,378,9131,96,25928,145,033
120,15,378,9773,96,27734,144,9714
120,15,379,0405,96,29443,144,9111
120,15,379,0405,96,29443,144,9111
120,15,379,0984,96,31055,144,8557
120,15,379,156,96,32617,144,8005
120,15,379,2131,96,3418,144,7458
120,15,379,2844,96,36133,144,6776
120,15,379,3457,96,37842,144,619
120,15,379,4009,96,39355,144,5663
120,15,379,4607,96,41016,144,509
120,15,379,53,96,42871,144,4426
120,15,379,585,96,44385,144,39
120,15,379,6506,96,46191,144,3271
120,15,379,7078,96,47803,144,2723
120,15,379,7644,96,49316,144,2183
120,15,379,8259,96,51025,144,1593
120,15,379,8843,96,52637,144,1036
120,15,379,8843,96,52637,144,1036
120,15,379,9465,96,54346,144,0441
120,15,380,0083,96,56055,143,9849
120,15,380,0732,96,57813,143,9226
120,15,380,135,96,59521,143,8635
120,15,380,2021,96,61377,143,7993
120,15,380,2583,96,62891,143,7456
120,15,380,3188,96,64551,143,6877
120,15,380,3835,96,66357,143,6257
120,15,380,4397,96,67871,143,5721
120,15,380,5002,96,6958,143,514
120,15,380,5608,96,7124,143,4561
120,15,380,6143,96,72705,143,405
120,15,380,6746,96,74365,143,3472
120,15,380,7297,96,75879,143,2946
120,15,380,7876,96,77441,143,2391
120,15,380,7876,96,77441,143,2391
120,15,380,8489,96,7915,143,1805
120,15,380,8794,96,7998,143,1512
120,15,380,9602,96,80371,143,1188
120,15,381,0391,96,80762,143,0872
120,15,381,1147,96,81104,143,0568
120,15,381,1936,96,81494,143,0251
120,15,381,2686,96,81836,142,9951
120,15,381,3408,96,82178,142,9661
120,15,381,4233,96,82568,142,933
120,15,381,4978,96,8291,142,9031
120,15,381,5771,96,83301,142,8712
120,15,381,6577,96,83691,142,8389
120,15,381,7361,96,84033,142,8075
120,15,381,8191,96,84473,142,774
120,15,381,9001,96,84814,142,7416
120,15,381,9702,96,85156,142,7135
120,15,382,0518,96,85547,142,6807
120,15,382,1294,96,85938,142,6497
120,15,382,1294,96,85938,142,6497
120,15,382,2083,96,86279,142,6179
120,15,382,2876,96,8667,142,5861
120,15,382,3774,96,87109,142,55
120,15,382,4583,96,875,142,5176
120,15,382,5413,96,87891,142,4843
120,15,382,6196,96,88232,142,4529
120,15,382,7229,96,8877,142,4114
120,15,382,7229,96,8877,142,4114
120,15,382,8003,96,89111,142,3802
120,15,382,8887,96,89551,142,3448
120,15,382,9739,96,89941,142,3107
120,15,383,0554,96,90332,142,2778
120,15,383,1404,96,90723,142,2438
120,15,383,2231,96,91113,142,2106
120,15,383,2231,96,91113,142,2106
120,15,383,3127,96,91553,142,1747
120,15,383,3127,96,91553,142,1747
120,15,383,3127,96,91553,142,1747
120,15,383,3127,96,91553,142,1747
120,15,383,3127,96,91553,142,1747
120,15,383,4023,96,91992,142,1387
120,15,383,7732,96,9375,141,9899
120,15,383,8699,96,94189,141,951
120,15,383,9558,96,94629,141,9166
120,15,384,0432,96,9502,141,8815
120,15,384,1245,96,9541,141,8489
120,15,384,1245,96,9541,141,8489
120,15,384,2134,96,9585,141,8131
120,15,384,2947,96,9624,141,7805
120,15,384,3879,96,9668,141,743
120,15,384,4526,96,96973,141,7172
120,15,384,5466,96,95996,141,7079
120,15,384,6423,96,95068,141,6985
120,15,384,6423,96,95068,141,6985
120,15,384,7288,96,94189,141,6899
120,15,384,824,96,93213,141,6805
120,15,384,9285,96,92139,141,6703
120,16,385,032,96,91113,141,66
120,16,385,032,96,91113,141,66
120,16,385,1265,96,90137,141,6508
120,16,385,2161,96,89258,141,642
120,16,385,3127,96,88281,141,6324
120,16,385,4045,96,87354,141,6234
120,16,385,5027,96,86328,141,6136
120,16,385,5027,96,86328,141,6136
120,16,385,5903,96,85449,141,6051
120,16,385,6819,96,84521,141,5961
120,16,385,7832,96,83496,141,5861
120,16,385,8767,96,82568,141,5768
120,16,385,9683,96,81641,141,5679
120,16,386,0654,96,80615,141,5582
120,16,386,0654,96,80615,141,5582
120,16,386,1536,96,79736,141,5496
120,16,386,2532,96,7876,141,5398
120,16,386,3455,96,77783,141,5306
120,16,386,4419,96,76807,141,5211
120,16,386,5361,96,75879,141,5118
120,16,386,5361,96,75879,141,5118
120,16,386,5361,96,75879,141,5118
120,16,386,6267,96,74951,141,5029
120,16,386,791,96,73291,141,4867
120,16,386,8875,96,72314,141,4773
120,16,386,9939,96,7124,141,4668
120,16,386,9939,96,7124,141,4668
120,16,387,0852,96,70313,141,4578
120,16,387,1931,96,69238,141,4471
120,16,387,2949,96,68164,141,437
120,16,387,2949,96,68164,141,437
120,16,387,4063,96,67041,141,4261
120,16,387,509,96,66016,141,416
120,16,387,6067,96,65039,141,4064
120,16,387,707,96,64014,141,3965
120,16,387,8013,96,63037,141,3872
120,16,387,8013,96,63037,141,3872
120,16,387,8979,96,62061,141,3777
120,16,387,9954,96,61084,141,368
120,16,388,0903,96,60107,141,3586
120,16,388,0903,96,60107,141,3586
120,16,388,1069,96,59961,141,3571
120,16,388,2126,96,56885,141,3729
120,16,388,3018,96,54297,141,3864
120,16,388,3965,96,51563,141,4006
120,16,388,3965,96,51563,141,4006
120,16,388,4976,96,48633,141,4159
120,16,388,6045,96,45508,141,4319
120,16,388,6919,96,43018,141,4451
120,16,388,6919,96,43018,141,4451
120,16,388,792,96,40088,141,4602
120,16,388,8923,96,37158,141,4752
120,16,388,9915,96,34326,141,4902
120,16,389,0852,96,31592,141,5043
120,16,389,0852,96,31592,141,5043
120,16,389,1885,96,28613,141,5198
120,16,389,2849,96,25781,141,5344
120,16,389,3784,96,23096,141,5485
120,16,389,3784,96,23096,141,5485
120,16,389,4751,96,20264,141,563
120,16,389,5737,96,17432,141,5779
120,16,389,6716,96,146,141,5925
120,16,389,7693,96,11768,141,6072
120,16,389,7693,96,11768,141,6072
120,16,389,8701,96,08838,141,6224
120,16,389,969,96,05957,141,6373
120,16,390,0715,96,02979,141,6527
120,16,390,0715,96,02979,141,6527
120,16,390,1702,96,00098,141,6676
120,16,390,2727,95,97168,141,683
120,16,390,2727,95,97168,141,683
120,16,390,3818,95,93994,141,6995
120,16,390,4893,95,90869,141,7156
120,16,390,5854,95,88086,141,7301
120,16,390,5854,95,88086,141,7301
120,16,390,6904,95,8501,141,7458
120,16,390,7961,95,81982,141,7618
120,16,390,9041,95,78857,141,7781
120,16,390,9041,95,78857,141,7781
120,16,391,0095,95,75781,141,7939
120,16,391,1099,95,72852,141,8091
120,16,391,1099,95,72852,141,8091
120,16,391,2158,95,69775,141,825
120,16,391,325,95,6665,141,8414
120,16,391,4275,95,63672,141,8568
120,16,391,4275,95,63672,141,8568
120,16,391,5249,95,6084,141,8715
120,16,391,6313,95,57764,141,8875
120,16,391,74,95,5459,141,9038
120,16,391,74,95,5459,141,9038
120,16,391,8396,95,51709,141,9188
120,16,391,8645,95,50977,141,9226
120,16,391,8645,95,50977,141,9226
120,16,391,9829,95,48584,141,953
120,16,392,0872,95,46484,141,9797
120,16,392,1877,95,44434,142,0055
120,16,392,1877,95,44434,142,0055
120,16,392,2922,95,42334,142,0322
120,16,392,4036,95,40088,142,0608
120,16,392,4036,95,40088,142,0608
120,16,392,5081,95,37988,142,0875
120,16,392,615,95,35791,142,1149
120,16,392,7288,95,33496,142,144
120,16,392,7288,95,33496,142,144
120,16,392,8362,95,31348,142,1716
120,16,392,9409,95,29199,142,1985
120,16,392,9409,95,29199,142,1985
120,16,393,0583,95,26855,142,2285
120,16,393,157,95,24854,142,2539
120,16,393,259,95,22803,142,28
120,16,393,259,95,22803,142,28
120,16,393,3604,95,20752,142,3059
120,16,393,4797,95,18311,142,3365
120,16,393,4797,95,18311,142,3365
120,16,393,5972,95,15967,142,3666
120,16,393,7117,95,13623,142,396
120,16,393,7117,95,13623,142,396
120,16,393,8167,95,11523,142,4229
120,16,393,9192,95,09424,142,4491
120,16,394,0254,95,07275,142,4763
120,16,394,0254,95,07275,142,4763
120,16,394,1316,95,05127,142,5035
120,16,394,2397,95,02979,142,5313
120,16,394,2397,95,02979,142,5313
120,16,394,3594,95,00537,142,5619
120,16,394,4663,94,98389,142,5894
120,16,394,4663,94,98389,142,5894
120,16,394,5779,94,96143,142,6179
120,16,394,6836,94,93994,142,645
120,16,394,6836,94,93994,142,645
120,16,394,7917,94,91797,142,6727
120,16,394,905,94,89502,142,7018
120,17,394,905,94,89502,142,7018
120,17,395,0142,94,87305,142,7297
120,17,395,1252,94,85059,142,7582
120,17,395,2324,94,8291,142,7856
120,17,395,2324,94,8291,142,7856
120,17,395,3462,94,80566,142,8148
120,17,395,4431,94,78613,142,8396
120,17,395,5466,94,76563,142,8662
120,17,395,5466,94,76563,142,8662
120,17,395,6514,94,74414,142,8931
120,17,395,7498,94,72412,142,9182
120,17,395,7498,94,72412,142,9182
120,17,395,8699,94,7002,142,949
120,17,395,9788,94,67773,142,9769
120,17,395,9788,94,67773,142,9769
120,17,396,0828,94,65674,143,0035
120,17,396,1685,94,63965,143,0255
120,17,396,2749,94,63477,143,0669
120,17,396,2749,94,63477,143,0669
120,17,396,3862,94,62988,143,1101
120,17,396,4893,94,62549,143,1501
120,17,396,4893,94,62549,143,1501
120,17,396,6023,94,62061,143,1941
120,17,396,7041,94,61572,143,2336
120,17,396,8101,94,61133,143,2749
120,17,396,8101,94,61133,143,2749
120,17,396,9106,94,60693,143,314
120,17,396,9106,94,60693,143,314
120,17,397,0281,94,60156,143,3596
120,17,397,147,94,59619,143,4058
120,17,397,147,94,59619,143,4058
120,17,397,2544,94,5918,143,4476
120,17,397,366,94,58643,143,491
120,17,397,4719,94,58203,143,5321
120,17,397,4719,94,58203,143,5321
120,17,397,5715,94,57764,143,5708
120,17,397,6821,94,57275,143,6138
120,17,397,6821,94,57275,143,6138
120,17,397,7961,94,56738,143,6581
120,17,397,9036,94,56299,143,6998
120,17,397,9036,94,56299,143,6998
120,17,398,0276,94,55713,143,748
120,17,398,1338,94,55273,143,7893
120,17,398,1338,94,55273,143,7893
120,17,398,2444,94,54785,143,8323
120,17,398,3616,94,54248,143,8778
120,17,398,3616,94,54248,143,8778
120,17,398,4714,94,5376,143,9205
120,17,398,4714,94,5376,143,9205
120,17,398,5925,94,53223,143,9677
120,17,398,7085,94,52734,144,0127
120,17,398,7085,94,52734,144,0127
120,17,398,8135,94,52246,144,0535
120,17,398,9451,94,5166,144,1046
120,17,398,9451,94,5166,144,1046
120,17,399,0625,94,51172,144,1503
120,17,399,1685,94,50684,144,1914
120,17,399,1685,94,50684,144,1914
120,17,399,2805,94,50195,144,235
120,17,399,3875,94,49707,144,2766
120,17,399,3875,94,49707,144,2766
120,17,399,5093,94,4917,144,3239
120,17,399,623,94,48682,144,368
120,17,399,623,94,48682,144,368
120,17,399,7429,94,48145,144,4147
120,17,399,7429,94,48145,144,4147
120,17,399,8643,94,47607,144,4619
120,17,399,9868,94,4707,144,5095
120,17,399,9868,94,4707,144,5095
120,17,400,0996,94,46582,144,5533
120,17,400,0996,94,46582,144,5533
120,17,400,2212,94,45996,144,6006
120,17,400,3469,94,45459,144,6494
120,17,400,3469,94,45459,144,6494
120,17,400,458,94,44971,144,6926
120,17,400,5608,94,43848,144,7672
120,17,400,5608,94,43848,144,7672
120,17,400,666,94,42627,144,8434
120,17,400,666,94,42627,144,8434
120,17,400,7622,94,41602,144,9131
120,17,400,8691,94,40381,144,9907
120,17,400,8691,94,40381,144,9907
120,17,400,9731,94,39209,145,0662
120,17,401,062,94,38232,145,1306
120,17,401,062,94,38232,145,1306
120,17,401,1655,94,37061,145,2056
120,17,401,1655,94,37061,145,2056
120,17,401,2891,94,35693,145,2952
120,17,401,3867,94,34619,145,366
120,17,401,3867,94,34619,145,366
120,17,401,4866,94,33496,145,4384
120,17,401,5955,94,32275,145,5173
120,17,401,5955,94,32275,145,5173
120,17,401,7021,94,31104,145,5946
120,17,401,7021,94,31104,145,5946
120,17,401,7981,94,30029,145,6641
120,17,401,9009,94,28857,145,7388
120,17,401,9009,94,28857,145,7388
120,17,402,0056,94,27686,145,8146
120,17,402,1013,94,2666,145,884
120,17,402,1013,94,2666,145,884
120,17,402,1948,94,25586,145,9518
120,17,402,2939,94,24512,146,0237
120,17,402,2939,94,24512,146,0237
120,17,402,3894,94,23438,146,0929
120,17,402,4824,94,22363,146,1603
120,17,402,4824,94,22363,146,1603
120,17,402,5923,94,21143,146,2399
120,17,402,6946,94,2002,146,3142
120,17,402,6946,94,2002,146,3142
120,17,402,7996,94,18848,146,3903
120,17,402,8914,94,17822,146,4569
120,17,402,8914,94,17822,146,4569
120,17,402,9854,94,16797,146,5249
120,17,403,083,94,15674,146,5957
120,17,403,083,94,15674,146,5957
120,17,403,186,94,14551,146,6704
120,17,403,282,94,13477,146,7401
120,17,403,282,94,13477,146,7401
120,17,403,3774,94,12402,146,8091
120,17,403,3774,94,12402,146,8091
120,17,403,4734,94,11328,146,8787
120,17,403,5754,94,10205,146,9528
120,17,403,5754,94,10205,146,9528
120,17,403,6763,94,09082,147,0258
120,17,403,7742,94,07959,147,0968
120,17,403,7742,94,07959,147,0968
120,17,403,8704,94,06885,147,1665
120,17,403,9651,94,05859,147,2352
120,17,403,9651,94,05859,147,2352
120,17,404,0652,94,04736,147,3077
120,17,404,1602,94,03662,147,3766
120,17,404,1602,94,03662,147,3766
120,17,404,26,94,02539,147,449
120,17,404,3518,94,01514,147,5156
120,17,404,3518,94,01514,147,5156
120,17,404,4575,94,00342,147,5923
120,17,404,5649,93,9917,147,6702
120,17,404,5649,93,9917,147,6702
120,17,404,6621,93,98047,147,7406
120,17,404,7556,93,97021,147,8085
120,17,404,7556,93,97021,147,8085
120,17,404,853,93,95947,147,879
120,17,404,9443,93,94922,147,9452
120,17,404,9443,93,94922,147,9452
120,17,405,0408,93,93848,148,0151
120,17,405,1526,93,92578,148,0961
120,17,405,1526,93,92578,148,0961
120,17,405,2458,93,91553,148,1638
120,17,405,2813,93,91162,148,1895
120,17,405,2813,93,91162,148,1895
120,17,405,3896,93,89697,148,2542
120,17,405,4866,93,88428,148,3119
120,17,405,4866,93,88428,148,3119
120,17,405,5962,93,86963,148,3772
120,17,405,6975,93,85596,148,4377
120,17,405,6975,93,85596,148,4377
120,17,405,7957,93,84326,148,4962
120,17,405,7957,93,84326,148,4962
120,17,405,9153,93,82715,148,5675
120,17,406,0315,93,81152,148,6368
120,17,406,0315,93,81152,148,6368
120,17,406,1384,93,79736,148,7006
120,17,406,2373,93,78418,148,7595
120,17,406,2373,93,78418,148,7595
120,17,406,3403,93,77051,148,821
120,17,406,4402,93,75684,148,8806
120,17,406,4402,93,75684,148,8806
120,17,406,543,93,74316,148,9419
120,17,406,6514,93,729,149,0065
120,17,406,6514,93,729,149,0065
120,17,406,7566,93,71484,149,0692
120,17,406,8577,93,70117,149,1295
120,17,406,8577,93,70117,149,1295
120,17,406,9587,93,68799,149,1897
120,17,406,9587,93,68799,149,1897
120,17,407,0637,93,67383,149,2524
120,17,407,1768,93,65869,149,3198
120,17,407,1768,93,65869,149,3198
120,17,407,28,93,64502,149,3813
120,17,407,3875,93,63086,149,4454
120,17,407,3875,93,63086,149,4454
120,17,407,4897,93,61719,149,5065
120,17,407,5847,93,60449,149,5631
120,17,407,5847,93,60449,149,5631
120,17,407,7012,93,58887,149,6324
120,17,407,7012,93,58887,149,6324
120,17,407,824,93,57275,149,7057
120,17,407,9277,93,55859,149,7676
120,17,407,9277,93,55859,149,7676
120,17,408,0288,93,54541,149,8279
120,17,408,1384,93,53076,149,8933
120,17,408,1384,93,53076,149,8933
120,17,408,2512,93,51563,149,9606
120,17,408,2512,93,51563,149,9606
120,17,408,3582,93,50146,150,0243
120,17,408,4697,93,48633,150,0908
120,17,408,4697,93,48633,150,0908
120,17,408,5796,93,47168,150,1564
120,17,408,6904,93,45703,150,2224
120,17,408,6904,93,45703,150,2224
120,17,408,8018,93,44189,150,2888
120,17,408,9038,93,42871,150,3496
120,17,408,9038,93,42871,150,3496
120,17,409,0056,93,41504,150,4104
120,17,409,106,93,40137,150,4702
120,17,409,106,93,40137,150,4702
120,17,409,2158,93,38672,150,5358
120,17,409,2158,93,38672,150,5358
120,17,409,3245,93,37256,150,6006
120,17,409,449,93,35596,150,6747
120,17,409,449,93,35596,150,6747
120,17,409,5503,93,34229,150,7352
120,17,409,5686,93,33984,150,7461
120,17,409,5686,93,33984,150,7461
120,17,409,6748,93,3291,150,8075
120,17,409,78,93,31836,150,8684
120,17,409,78,93,31836,150,8684
120,17,409,8804,93,30811,150,9264
120,17,409,8804,93,30811,150,9264
120,17,409,9917,93,29688,150,9907
120,17,410,1052,93,28564,151,0564
120,17,410,1052,93,28564,151,0564
120,17,410,2153,93,27441,151,1201
120,17,410,3184,93,26416,151,1797
120,17,410,3184,93,26416,151,1797
120,17,410,4231,93,25342,151,2402
120,17,410,53,93,24268,151,3021
120,17,410,53,93,24268,151,3021
120,17,410,6335,93,23193,151,3619
120,17,410,738,93,22168,151,4224
120,17,410,738,93,22168,151,4224
120,17,410,842,93,21094,151,4824
120,17,410,842,93,21094,151,4824
120,17,410,9456,93,20068,151,5424
120,17,411,0601,93,18896,151,6086
120,17,411,1636,93,17822,151,6685
120,17,411,1636,93,17822,151,6685
120,17,411,259,93,16895,151,7236
120,17,411,259,93,16895,151,7236
120,17,411,3574,93,15869,151,7805
120,17,411,4863,93,14551,151,8551
120,17,411,4863,93,14551,151,8551
120,17,411,5896,93,13525,151,9148
120,17,411,6865,93,12549,151,9708
120,17,411,6865,93,12549,151,9708
120,17,411,6865,93,12549,151,9708
120,17,411,7966,93,11426,152,0345
120,17,411,9709,93,09668,152,1353
120,17,411,9709,93,09668,152,1353
120,17,412,0747,93,08594,152,1954
120,17,412,1831,93,0752,152,2581
120,17,412,1831,93,0752,152,2581
120,17,412,292,93,06396,152,3209
120,17,412,3923,93,0542,152,379
120,17,412,3923,93,0542,152,379
120,17,412,5012,93,04297,152,4419
120,17,412,6069,93,03223,152,5031
120,17,412,6069,93,03223,152,5031
120,17,412,7097,93,02197,152,5626
120,17,412,7097,93,02197,152,5626
120,17,412,8123,93,01172,152,6219
120,17,412,9194,93,00049,152,6838
120,17,412,9194,93,00049,152,6838
120,17,413,0261,92,98975,152,7456
120,17,413,0261,92,98975,152,7456
120,17,413,1616,92,97607,152,824
120,17,413,2708,92,96484,152,887
120,17,413,2708,92,96484,152,887
120,17,413,373,92,95459,152,9462
120,17,413,4753,92,94434,153,0052
120,17,413,4753,92,94434,153,0052
120,17,413,5886,92,93311,153,0708
120,17,413,6907,92,92236,153,1299
120,17,413,6907,92,92236,153,1299
120,17,413,7959,92,91211,153,1907
120,17,413,9075,92,90039,153,2551
120,17,413,9075,92,90039,153,2551
120,17,413,9966,92,8916,153,3068
120,17,414,083,92,89893,153,3933
120,17,414,083,92,89893,153,3933
120,17,414,1643,92,90576,153,4746
120,17,414,2537,92,91309,153,5638
120,17,414,2537,92,91309,153,5638
120,17,414,3369,92,91992,153,6471
120,17,414,4231,92,92725,153,7334
120,17,414,4231,92,92725,153,7334
120,17,414,5107,92,93457,153,821
120,17,414,5107,92,93457,153,821
120,17,414,6028,92,94238,153,913
120,17,414,6963,92,9502,154,0066
120,17,414,6963,92,9502,154,0066
120,17,414,7798,92,95752,154,0902
120,17,414,8733,92,96533,154,1837
120,17,414,8733,92,96533,154,1837
120,17,414,9578,92,97217,154,2681
120,17,414,9578,92,97217,154,2681
120,17,415,0483,92,97998,154,3588
120,17,415,1445,92,98779,154,4548
120,17,415,1445,92,98779,154,4548
120,17,415,2356,92,99561,154,5459
120,17,415,3215,93,00293,154,6318
120,17,415,3215,93,00293,154,6318
120,17,415,4138,93,01025,154,7244
120,17,415,4138,93,01025,154,7244
120,17,415,5051,93,01807,154,8156
120,17,415,6038,93,02637,154,9142
120,17,415,6038,93,02637,154,9142
120,17,415,696,93,03418,155,0066
120,17,415,7773,93,04102,155,0878
120,17,415,7773,93,04102,155,0878
120,17,415,8667,93,04834,155,1772
120,17,415,9514,93,05566,155,2621
120,17,415,9514,93,05566,155,2621
120,17,416,0327,93,0625,155,3433
120,17,416,0327,93,0625,155,3433
120,17,416,1216,93,06982,155,4323
120,17,416,2166,93,07764,155,5271
120,17,416,2166,93,07764,155,5271
120,17,416,3108,93,08545,155,6215
120,17,416,395,93,09277,155,7058
120,17,416,395,93,09277,155,7058
120,17,416,4875,93,10059,155,7981
120,17,416,5718,93,10742,155,8824
120,17,416,5718,93,10742,155,8824
120,17,416,6528,93,11426,155,9636
120,17,416,7378,93,12158,156,0485
120,17,416,7378,93,12158,156,0485
120,17,416,8237,93,12891,156,1345
120,17,416,8237,93,12891,156,1345
120,17,416,9148,93,13623,156,2256
120,17,417,0039,93,14355,156,3147
120,17,417,0039,93,14355,156,3147
120,17,417,0933,93,15137,156,4041
120,17,417,1768,93,1582,156,4877
120,17,417,1768,93,1582,156,4877
120,17,417,262,93,16553,156,5728
120,17,417,3479,93,17285,156,6588
120,17,417,3479,93,17285,156,6588
120,17,417,4333,93,17969,156,7441
120,17,417,5254,93,1875,156,8363
120,17,417,5254,93,1875,156,8363
120,17,417,6091,93,19434,156,92
120,17,417,6707,93,19971,156,9816
120,17,417,6707,93,19971,156,9816
120,17,417,7488,93,19434,157,0726
120,17,417,8293,93,18945,157,1665
120,17,417,8293,93,18945,157,1665
120,17,417,9033,93,18457,157,2528
120,17,417,9822,93,1792,157,3448
120,17,417,9822,93,1792,157,3448
120,17,418,0549,93,17432,157,4294
120,17,418,1345,93,16895,157,5221
120,17,418,1345,93,16895,157,5221
120,17,418,218,93,16357,157,6195
120,17,418,218,93,16357,157,6195
120,17,418,3162,93,15723,157,7341
120,17,418,3948,93,15186,157,8257
120,17,418,3948,93,15186,157,8257
120,17,418,4717,93,14697,157,9153
120,17,418,5479,93,14209,158,0042
120,17,418,5479,93,14209,158,0042
120,17,418,6248,93,13672,158,0938
120,17,418,6982,93,13184,158,1794
120,17,418,6982,93,13184,158,1794
120,17,418,7815,93,12646,158,2764
120,17,418,8594,93,12109,158,3672
120,17,418,8594,93,12109,158,3672
120,17,418,946,93,11572,158,4683
120,17,418,946,93,11572,158,4683
120,17,419,0271,93,11035,158,5629
120,17,419,1104,93,10498,158,6597
120,17,419,1104,93,10498,158,6597
120,17,419,1863,93,09961,158,7482
120,17,419,2649,93,09473,158,8401
120,17,419,2649,93,09473,158,8401
120,17,419,3518,93,08887,158,9412
120,17,419,429,93,08398,159,0313
120,17,419,429,93,08398,159,0313
120,17,419,5129,93,07813,159,1292
120,17,419,5129,93,07813,159,1292
120,17,419,594,93,07275,159,2235
120,17,419,679,93,06738,159,3226
120,18,419,679,93,06738,159,3226
120,18,419,7615,93,06201,159,4188
120,18,419,8381,93,05664,159,5079
120,18,419,8381,93,05664,159,5079
120,18,419,9148,93,05176,159,5977
120,18,419,9883,93,04688,159,6832
120,18,420,0645,93,04199,159,7721
120,18,420,0645,93,04199,159,7721
120,18,420,137,93,03711,159,8566
120,18,420,2092,93,03223,159,9406
120,18,420,2092,93,03223,159,9406
120,18,420,2896,93,02686,160,0344
120,18,420,3643,93,02197,160,1215
120,18,420,3643,93,02197,160,1215
120,18,420,4465,93,0166,160,2173
120,18,420,5242,93,01172,160,308
120,18,420,5242,93,01172,160,308
120,18,420,6023,93,00635,160,3989
120,18,420,6765,93,00146,160,4855
120,18,420,6765,93,00146,160,4855
120,18,420,699,93,160,5116
120,18,420,7688,92,99805,160,6069
120,18,420,7688,92,99805,160,6069
120,18,420,8337,92,99658,160,6956
120,18,420,9077,92,99463,160,7968
120,18,420,9077,92,99463,160,7968
120,18,420,9785,92,99268,160,8933
120,18,421,0461,92,99072,160,9858
120,18,421,0461,92,99072,160,9858
120,18,421,1174,92,98926,161,0833
120,18,421,1858,92,9873,161,1766
120,18,421,1858,92,9873,161,1766
120,18,421,2546,92,98535,161,2708
120,18,421,3213,92,98389,161,3618
120,18,421,3926,92,98193,161,4591
120,18,421,3926,92,98193,161,4591
120,18,421,4607,92,97998,161,552
120,18,421,5273,92,97852,161,6431
120,18,421,5273,92,97852,161,6431
120,18,421,5273,92,97852,161,6431
120,18,421,5974,92,97656,161,7388
120,18,421,7087,92,97363,161,8911
120,18,421,7087,92,97363,161,8911
120,18,421,7773,92,97168,161,9847
120,18,421,8459,92,97021,162,0784
120,18,421,8459,92,97021,162,0784
120,18,421,9221,92,96777,162,1824
120,18,421,9985,92,96582,162,2869
120,18,421,9985,92,96582,162,2869
120,18,422,0728,92,96387,162,3882
120,18,422,1431,92,9624,162,4844
120,18,422,1431,92,9624,162,4844
120,18,422,2136,92,96045,162,5808
120,18,422,2778,92,9585,162,6685
120,18,422,2778,92,9585,162,6685
120,18,422,3467,92,95703,162,7626
120,18,422,4194,92,95508,162,8619
120,18,422,4194,92,95508,162,8619
120,18,422,4893,92,95313,162,9573
120,18,422,5535,92,95166,163,045
120,18,422,5535,92,95166,163,045
120,18,422,623,92,94971,163,1399
120,18,422,6924,92,94775,163,2347
120,18,422,7615,92,94629,163,329
120,18,422,7615,92,94629,163,329
120,18,422,8264,92,94434,163,4178
120,18,422,8997,92,94238,163,5178
120,18,422,8997,92,94238,163,5178
120,18,422,968,92,94043,163,6115
120,18,423,0347,92,93896,163,7021
120,18,423,0347,92,93896,163,7021
120,18,423,1079,92,93701,163,8024
120,18,423,1755,92,93506,163,8947
120,18,423,1755,92,93506,163,8947
120,18,423,2439,92,93359,163,9882
120,18,423,3081,92,93164,164,0758
120,18,423,374,92,93018,164,1659
120,18,423,374,92,93018,164,1659
120,18,423,4414,92,92822,164,2581
120,18,423,5098,92,92627,164,3512
120,18,423,5098,92,92627,164,3512
120,18,423,5798,92,9248,164,4471
120,18,423,6487,92,92285,164,5409
120,18,423,6487,92,92285,164,5409
120,18,423,717,92,9209,164,6346
120,18,423,7605,92,91992,164,6938
120,18,423,8267,92,94092,164,78
120,18,423,8267,92,94092,164,78
120,18,423,8916,92,96143,164,8649
120,18,423,9568,92,98242,164,9501
120,18,423,9568,92,98242,164,9501
120,18,424,022,93,00293,165,035
120,18,424,0942,93,02588,165,1293
120,18,424,1602,93,04688,165,2153
120,18,424,1602,93,04688,165,2153
120,18,424,2217,93,06689,165,2958
120,18,424,2852,93,08691,165,3787
120,18,424,2852,93,08691,165,3787
120,18,424,3528,93,1084,165,4668
120,18,424,4229,93,13086,165,5581
120,18,424,4863,93,15088,165,6412
120,18,424,4863,93,15088,165,6412
120,18,424,5522,93,17188,165,7272
120,18,424,6128,93,19092,165,806
120,18,424,6804,93,21289,165,8943
120,18,424,6804,93,21289,165,8943
120,18,424,7476,93,23389,165,9819
120,18,424,8181,93,25635,166,074
120,18,424,8181,93,25635,166,074
120,18,424,884,93,27734,166,1602
120,18,424,95,93,29834,166,2461
120,18,425,0164,93,31934,166,3328
120,18,425,0164,93,31934,166,3328
120,18,425,0798,93,33984,166,4156
120,18,425,1392,93,35889,166,4929
120,18,425,2048,93,37939,166,5789
120,18,425,2048,93,37939,166,5789
120,18,425,2678,93,39941,166,6609
120,18,425,3284,93,41895,166,7399
120,18,425,3987,93,44141,166,8317
120,18,425,3987,93,44141,166,8317
120,18,425,4678,93,46338,166,9219
120,18,425,5356,93,48486,167,0105
120,18,425,5356,93,48486,167,0105
120,18,425,6025,93,50635,167,0978
120,18,425,6655,93,52637,167,1799
120,18,425,7339,93,54785,167,2693
120,18,425,7339,93,54785,167,2693
120,18,425,8005,93,56934,167,3561
120,18,425,8616,93,58838,167,4359
120,18,425,928,93,60986,167,5226
120,18,425,928,93,60986,167,5226
120,18,425,9949,93,63086,167,6099
120,18,426,0591,93,65137,167,6937
120,18,426,0591,93,65137,167,6937
120,18,426,1284,93,67334,167,7842
120,18,426,2058,93,69824,167,885
120,18,426,2058,93,69824,167,885
120,18,426,2734,93,71973,167,9733
120,18,426,3442,93,74219,168,0657
120,18,426,3442,93,74219,168,0657
120,18,426,4138,93,76416,168,1567
120,18,426,4763,93,78418,168,2379
120,18,426,541,93,80469,168,3226
120,18,426,541,93,80469,168,3226
120,18,426,6101,93,82666,168,4127
120,18,426,6511,93,83984,168,4662
120,18,426,7124,93,87305,168,5493
120,18,426,7124,93,87305,168,5493
120,18,426,7751,93,90771,168,6349
120,18,426,8293,93,93701,168,7083
120,18,426,8918,93,97119,168,7932
120,18,426,8918,93,97119,168,7932
120,18,426,9502,94,00293,168,8726
120,18,427,0098,94,03564,168,9536
120,18,427,0664,94,06689,169,0306
120,18,427,0664,94,06689,169,0306
120,18,427,1252,94,09863,169,1105
120,18,427,1907,94,13428,169,1992
120,18,427,2546,94,16943,169,2864
120,18,427,2546,94,16943,169,2864
120,18,427,313,94,20117,169,3655
120,18,427,3757,94,23535,169,4507
120,18,427,4404,94,271,169,5388
120,18,427,4404,94,271,169,5388
120,18,427,4976,94,30225,169,6163
120,18,427,5574,94,33496,169,6976
120,18,427,5574,94,33496,169,6976
120,18,427,624,94,37109,169,7881
120,18,427,6853,94,40479,169,8713
120,18,427,6853,94,40479,169,8713
120,18,427,752,94,44092,169,9622
120,18,427,8203,94,47852,170,0549
120,18,427,8833,94,5127,170,1405
120,18,427,8833,94,5127,170,1405
120,18,427,9436,94,5459,170,2225
120,18,428,0083,94,58105,170,3105
120,18,428,0083,94,58105,170,3105
120,18,428,0786,94,61963,170,4059
120,18,428,1453,94,65576,170,4965
120,18,428,1453,94,65576,170,4965
120,18,428,2068,94,68945,170,5802
120,18,428,2068,94,68945,170,5802
120,18,428,2749,94,72656,170,6727
120,18,428,3596,94,77295,170,788
120,18,428,3596,94,77295,170,788
120,18,428,4294,94,81104,170,8826
120,18,428,4983,94,84863,170,9761
120,18,428,4983,94,84863,170,9761
120,18,428,5642,94,88477,171,0657
120,18,428,6433,94,92822,171,1733
120,18,428,6433,94,92822,171,1733
120,18,428,7163,94,96777,171,2723
120,18,428,78,95,00293,171,3591
120,18,428,78,95,00293,171,3591
120,18,428,8457,95,03857,171,4484
120,18,428,9016,95,06885,171,5242
120,18,428,9644,95,10352,171,6095
120,18,428,9644,95,10352,171,6095
120,18,429,0232,95,13525,171,6895
120,18,429,0808,95,16699,171,7676
120,18,429,1423,95,20068,171,8513
120,18,429,1423,95,20068,171,8513
120,18,429,2019,95,23291,171,9321
120,18,429,2642,95,26709,172,017
120,18,429,2874,95,27979,172,0485
120,18,429,2874,95,27979,172,0485
120,18,429,354,95,28516,172,1382
120,18,429,416,95,28955,172,2216
120,18,429,416,95,28955,172,2216
120,18,429,4851,95,29492,172,3146
120,18,429,5544,95,30029,172,4076
120,18,429,6196,95,30566,172,4955
120,18,429,6196,95,30566,172,4955
120,18,429,687,95,31055,172,5861
120,18,429,7542,95,31592,172,6763
120,18,429,7542,95,31592,172,6763
120,18,429,8215,95,32129,172,7671
120,18,429,8916,95,32666,172,8611
120,18,429,8916,95,32666,172,8611
120,18,429,9609,95,33203,172,9546
120,18,430,0356,95,3374,173,0551
120,18,430,1018,95,34277,173,1442
120,18,430,1018,95,34277,173,1442
120,18,430,1709,95,34814,173,2369
120,18,430,2334,95,35303,173,321
120,18,430,2971,95,35791,173,407
120,18,430,2971,95,35791,173,407
120,18,430,3572,95,3623,173,4875
120,18,430,4199,95,36719,173,5718
120,18,430,4827,95,37207,173,6564
120,18,430,4827,95,37207,173,6564
120,18,430,5464,95,37695,173,7419
120,18,430,6123,95,38232,173,8306
120,18,430,6123,95,38232,173,8306
120,18,430,6802,95,38721,173,9221
120,18,430,7441,95,39258,174,0079
120,18,430,8191,95,39795,174,109
120,18,430,8191,95,39795,174,109
120,18,430,8799,95,40283,174,1907
120,18,430,9434,95,40771,174,2761
120,18,430,9434,95,40771,174,2761
120,18,431,011,95,41309,174,3672
120,18,431,0779,95,41797,174,457
120,18,431,1399,95,42285,174,5405
120,18,431,1399,95,42285,174,5405
120,18,431,2124,95,42871,174,6378
120,18,431,2756,95,43359,174,723
120,18,431,3403,95,43848,174,8101
120,18,431,3403,95,43848,174,8101
120,18,431,4031,95,44336,174,8943
120,18,431,4695,95,44824,174,9839
120,18,431,4695,95,44824,174,9839
120,18,431,5349,95,45361,175,0718
120,18,431,6035,95,45898,175,1641
120,18,431,6707,95,46387,175,2543
120,18,431,6707,95,46387,175,2543
120,18,431,7319,95,46875,175,3369
120,18,431,7957,95,47363,175,4226
120,18,431,8577,95,47852,175,5061
120,18,431,8577,95,47852,175,5061
120,18,431,8777,95,47998,175,5328
120,18,431,939,95,48486,175,6194
120,18,432,0037,95,48975,175,7106
120,18,432,0037,95,48975,175,7106
120,18,432,0671,95,49463,175,8
120,18,432,1323,95,5,175,892
120,18,432,1323,95,5,175,892
120,18,432,1987,95,50537,175,9857
120,18,432,2659,95,51025,176,0804
120,18,432,2659,95,51025,176,0804
120,18,432,3325,95,51563,176,1744
120,18,432,3953,95,52051,176,2628
120,18,432,4609,95,52588,176,3555
120,18,432,4609,95,52588,176,3555
120,18,432,5242,95,53076,176,4448
120,18,432,5947,95,53613,176,5443
120,18,432,5947,95,53613,176,5443
120,18,432,6582,95,54102,176,6337
120,18,432,7197,95,5459,176,7205
120,18,432,7825,95,55078,176,8091
120,18,432,7825,95,55078,176,8091
120,18,432,8462,95,55615,176,899
120,18,432,9106,95,56104,176,9897
120,18,432,9739,95,56592,177,079
120,18,432,9739,95,56592,177,079
120,18,433,0344,95,5708,177,1644
120,18,433,0918,95,5752,177,2455
120,18,433,1553,95,58008,177,335
120,18,433,1553,95,58008,177,335
120,18,433,2114,95,58447,177,4142
120,18,433,2114,95,58447,177,4142
120,18,433,2114,95,58447,177,4142
120,18,433,2114,95,58447,177,4142
120,18,433,2114,95,58447,177,4142
120,18,433,2783,95,58984,177,5084
120,18,433,5095,95,60791,177,8345
120,18,433,5769,95,61328,177,9297
120,18,433,5769,95,61328,177,9297
120,18,433,636,95,61816,178,0128
120,18,433,7014,95,62305,178,1051
120,18,433,7644,95,62793,178,1941
120,18,433,7644,95,62793,178,1941
120,18,433,8235,95,63281,178,2773
120,18,433,8818,95,63721,178,3599
120,18,433,9465,95,64258,178,4512
120,18,433,9465,95,64258,178,4512
120,18,434,01,95,64746,178,5405
120,18,434,0776,95,65283,178,636
120,18,434,0776,95,65283,178,636
120,18,434,1443,95,65771,178,7299
120,18,434,2034,95,6626,178,8131
120,18,434,2034,95,6626,178,8131
120,18,434,2734,95,66797,178,912
120,18,434,3357,95,67285,179
120,18,434,3999,95,67773,179,0903
120,18,434,3999,95,67773,179,0903
120,18,434,4219,95,67969,179,1215
120,18,434,4858,95,69727,179,2153
120,18,434,4858,95,69727,179,2153
120,18,434,5486,95,71484,179,3074
120,18,434,6082,95,73145,179,3951
120,18,434,6672,95,74805,179,4818
120,18,434,7278,95,76465,179,5704
120,18,434,7278,95,76465,179,5704
120,18,434,7839,95,78027,179,653
120,18,434,8433,95,79688,179,74
120,18,434,9023,95,81299,179,8268
120,18,434,9023,95,81299,179,8268
120,18,434,9614,95,82959,179,9135
120,18,435,0234,95,84668,180,0046
120,18,435,0234,95,84668,180,0046
120,18,435,0879,95,86475,180,0991
120,18,435,1521,95,88281,180,1934
120,18,435,2102,95,89893,180,2786
120,18,435,2102,95,89893,180,2786
120,18,435,271,95,91553,180,3679
120,18,435,3289,95,93164,180,4529
120,18,435,3896,95,94873,180,5421
120,18,435,3896,95,94873,180,5421
120,18,435,3896,95,94873,180,5421
120,18,435,45,95,96533,180,6307
120,18,435,5557,95,99463,180,7859
120,18,435,5557,95,99463,180,7859
120,18,435,6179,96,01221,180,8772
120,18,435,6763,96,02832,180,963
120,18,435,7332,96,04395,181,0466
120,18,435,7332,96,04395,181,0466
120,18,435,7927,96,06055,181,1338
120,18,435,8538,96,07764,181,2235
120,18,435,9138,96,09424,181,3115
120,18,435,9138,96,09424,181,3115
120,18,435,9768,96,11182,181,4043
120,18,436,0339,96,12793,181,4882
120,18,436,0925,96,14404,181,574
120,18,436,0925,96,14404,181,574
120,18,436,1497,96,16016,181,6578
120,18,436,2095,96,17676,181,7456
120,18,436,2698,96,19336,181,8342
120,18,436,3269,96,20898,181,918
120,18,436,3269,96,20898,181,918
120,18,436,3826,96,22461,181,9998
120,18,436,4392,96,24023,182,0829
120,18,436,4976,96,25684,182,1685
120,18,436,4976,96,25684,182,1685
120,18,436,55,96,271,182,2455
120,18,436,6133,96,28906,182,3386
120,18,436,6736,96,30566,182,4269
120,18,436,6736,96,30566,182,4269
120,18,436,7317,96,32178,182,5125
120,18,436,792,96,33838,182,6008
120,18,436,832,96,34961,182,6597
120,18,436,832,96,34961,182,6597
120,18,436,8938,96,36133,182,7467
120,18,436,9583,96,37305,182,8376
120,18,436,9583,96,37305,182,8376
120,18,437,0266,96,38574,182,9337
120,18,437,0266,96,38574,182,9337
120,18,437,1277,96,40479,183,0763
120,18,437,186,96,41553,183,1583
120,18,437,2534,96,42822,183,2534
120,18,437,2534,96,42822,183,2534
120,18,437,3206,96,44092,183,348
120,18,437,3809,96,45215,183,4326
120,18,437,4412,96,46338,183,5178
120,18,437,4412,96,46338,183,5178
120,18,437,5,96,47412,183,6006
120,18,437,5586,96,48535,183,6831
120,18,437,626,96,49805,183,778
120,18,437,626,96,49805,183,778
120,18,437,6829,96,5083,183,8582
120,18,437,738,96,51855,183,9358
120,18,437,8037,96,53125,184,0284
120,18,437,8037,96,53125,184,0284
120,18,437,863,96,54199,184,1121
120,18,437,9236,96,55322,184,1974
120,18,437,9834,96,56445,184,2815
120,18,438,0425,96,57568,184,3649
120,18,438,0425,96,57568,184,3649
120,18,438,0996,96,58643,184,4453
120,18,438,1558,96,59668,184,5243
120,18,438,2256,96,60986,184,6227
120,18,438,2256,96,60986,184,6227
120,18,438,2837,96,62061,184,7046
120,18,438,3442,96,63184,184,7898
120,18,438,4084,96,64404,184,8804
120,18,438,4084,96,64404,184,8804
120,18,438,4683,96,65527,184,9646
120,18,438,5217,96,66504,185,0398
120,18,438,5852,96,67676,185,1293
120,18,438,6448,96,68799,185,2134
120,18,438,6448,96,68799,185,2134
120,18,438,7009,96,69873,185,2924
120,18,438,7639,96,71045,185,3809
120,18,438,8242,96,72168,185,4658
120,18,438,8242,96,72168,185,4658
120,18,438,8838,96,73291,185,5499
120,18,438,9438,96,74414,185,6345
120,18,439,0107,96,75635,185,7286
120,18,439,0107,96,75635,185,7286
120,18,439,0703,96,76758,185,8124
120,18,439,1311,96,77881,185,8983
120,18,439,1311,96,77881,185,8983
120,18,439,1968,96,79102,185,9906
120,18,439,2434,96,7998,186,0564
120,18,439,2434,96,7998,186,0564
120,18,439,2434,96,7998,186,0564
120,18,439,2434,96,7998,186,0564
120,18,439,2434,96,7998,186,0564
120,18,439,2861,96,81055,186,1381
120,18,439,3386,96,82422,186,238
120,18,439,3386,96,82422,186,238
120,18,439,3889,96,83691,186,3342
120,18,439,4331,96,84814,186,4182
120,18,439,4836,96,86084,186,5149
120,18,439,4836,96,86084,186,5149
120,18,439,5322,96,87305,186,6078
120,18,439,5322,96,87305,186,6078
120,18,439,5771,96,88477,186,6932
120,18,439,6633,96,90674,186,8578
120,18,439,7104,96,91846,186,9478
120,18,439,7104,96,91846,186,9478
120,18,439,7595,96,93115,187,0413
120,18,439,8059,96,94287,187,1299
120,18,439,8525,96,95459,187,219
120,18,439,8525,96,95459,187,219
120,18,439,9014,96,9668,187,312
120,18,439,9475,96,97852,187,4004
120,18,439,9978,96,9917,187,496
120,18,439,9978,96,9917,187,496
120,18,440,0471,97,00391,187,5901
120,18,440,094,97,01611,187,6796
120,18,440,1438,97,02881,187,7749
120,18,440,1934,97,04102,187,8694
120,18,440,1934,97,04102,187,8694
120,18,440,239,97,05273,187,9563
120,18,440,2825,97,06396,188,0394
120,18,440,3298,97,07568,188,1299
120,18,440,3298,97,07568,188,1299
120,18,440,3772,97,08789,188,2201
120,18,440,4272,97,10059,188,3156
120,18,440,4797,97,11377,188,4159
120,18,440,4797,97,11377,188,4159
120,18,440,5291,97,12646,188,51
120,18,440,5737,97,1377,188,5952
120,18,440,6245,97,15088,188,6921
120,18,440,6245,97,15088,188,6921
120,18,440,6746,97,16357,188,7876
120,18,440,7214,97,17529,188,8772
120,18,440,7712,97,18799,188,9722
120,18,440,7712,97,18799,188,9722
120,18,440,822,97,20117,189,0692
120,18,440,8701,97,21338,189,1609
120,18,440,9236,97,22656,189,2629
120,18,440,9236,97,22656,189,2629
120,18,440,9705,97,23877,189,3525
120,18,441,0183,97,25098,189,4438
120,18,441,0669,97,26318,189,5364
120,18,441,0669,97,26318,189,5364
120,18,441,1128,97,2749,189,624
120,18,441,113,97,2749,189,6244
120,18,441,1582,97,28516,189,7194
120,18,441,1582,97,28516,189,7194
120,18,441,2131,97,29834,189,8348
120,18,441,2593,97,30908,189,9321
120,18,441,3054,97,31982,190,0291
120,18,441,3054,97,31982,190,0291
120,18,441,3499,97,33008,190,1226
120,18,441,3989,97,34131,190,2256
120,18,441,4412,97,35107,190,3146
120,18,441,4412,97,35107,190,3146
120,18,441,4849,97,36133,190,4064
120,18,441,5293,97,37158,190,5001
120,18,441,5762,97,38232,190,5983
120,18,441,5762,97,38232,190,5983
120,18,441,6233,97,39355,190,6976
120,18,441,6663,97,40332,190,7878
120,18,441,7097,97,41357,190,8792
120,18,441,7097,97,41357,190,8792
120,18,441,7539,97,42383,190,9723
120,18,441,8035,97,43555,191,0764
120,18,441,8455,97,44531,191,1647
120,18,441,8455,97,44531,191,1647
120,18,441,8916,97,45605,191,262
120,18,441,9351,97,46582,191,3533
120,18,441,9807,97,47656,191,4496
120,18,441,9807,97,47656,191,4496
120,18,442,0288,97,48779,191,5503
120,18,442,0732,97,49805,191,644
120,18,442,1174,97,5083,191,7371
120,18,442,1174,97,5083,191,7371
120,18,442,1616,97,51855,191,8297
120,18,442,2083,97,5293,191,9277
120,18,442,2588,97,54102,192,0343
120,18,442,2588,97,54102,192,0343
120,18,442,3032,97,55127,192,1274
120,18,442,3457,97,56152,192,2172
120,18,442,3926,97,57227,192,3157
120,18,442,3926,97,57227,192,3157
120,18,442,4385,97,58301,192,4119
120,18,442,4895,97,59473,192,5193
120,18,442,5359,97,60547,192,6168
120,18,442,5359,97,60547,192,6168
120,18,442,5818,97,61621,192,7135
120,18,442,627,97,62695,192,8086
120,18,442,6743,97,6377,192,9081
120,18,442,6743,97,6377,192,9081
120,18,442,7175,97,64795,192,9988
120,18,442,759,97,65723,193,0864
120,18,442,803,97,66748,193,1786
120,18,442,803,97,66748,193,1786
120,18,442,8479,97,67822,193,2733
120,18,442,8933,97,68848,193,369
120,18,442,8933,97,68848,193,369
120,18,442,9412,97,69971,193,4694
120,18,442,9412,97,69971,193,4694
120,18,442,9412,97,69971,193,4694
120,18,442,9412,97,69971,193,4694
120,18,442,9412,97,69971,193,4694
120,18,442,9412,97,69971,193,4694
120,18,442,9412,97,69971,193,4694
120,18,442,9412,97,69971,193,4694
120,18,442,9412,97,69971,193,4694
120,18,442,9412,97,69971,193,4694
120,18,442,9412,97,69971,193,4694
120,18,442,9412,97,69971,193,4694
120,18,442,9412,97,69971,193,4694
120,18,442,9412,97,69971,193,4694
120,18,442,9412,97,69971,193,4694
120,18,442,9412,97,69971,193,4694
120,18,442,9412,97,69971,193,4694
120,18,442,9412,97,69971,193,4694
120,18,442,9412,97,69971,193,4694
120,18,442,9412,97,69971,193,4694
120,18,442,9854,97,71582,193,576
120,18,443,0239,97,73047,193,6693
120,18,443,0637,97,74512,193,7654
120,18,443,0637,97,74512,193,7654
120,18,443,1033,97,75977,193,8611
120,18,443,1453,97,7749,193,9624
120,18,443,1873,97,79053,194,0642
120,18,443,1873,97,79053,194,0642
120,18,443,2288,97,80566,194,1641
120,18,443,2683,97,82031,194,26
120,18,443,3081,97,83545,194,3563
120,18,443,3081,97,83545,194,3563
120,18,443,3457,97,84912,194,447
120,18,443,384,97,86328,194,5396
120,18,443,4275,97,87939,194,6445
120,18,443,4275,97,87939,194,6445
120,18,443,4656,97,89355,194,7368
120,18,443,5022,97,90674,194,8253
120,18,443,5476,97,92383,194,9351
120,18,443,5476,97,92383,194,9351
120,18,443,5903,97,93945,195,0383
120,18,443,6284,97,95361,195,13
120,18,443,6733,97,97021,195,2389
120,18,443,6733,97,97021,195,2389
120,18,443,7119,97,98438,195,3319
120,18,443,7505,97,99854,195,4253
120,18,443,7917,98,01367,195,5249
120,18,443,7917,98,01367,195,5249
120,18,443,8328,98,02881,195,6238
120,18,443,8738,98,04395,195,7233
120,18,443,9155,98,05957,195,824
120,18,443,9155,98,05957,195,824
120,18,443,9548,98,07373,195,9191
120,18,443,9944,98,08838,196,0148
120,18,443,9944,98,08838,196,0148
120,18,444,0371,98,10449,196,1177
120,18,444,0786,98,11963,196,2181
120,18,444,1201,98,13477,196,3184
120,18,444,1201,98,13477,196,3184
120,18,444,1592,98,14941,196,4126
120,18,444,2004,98,16455,196,5127
120,18,444,2397,98,1792,196,6078
120,18,444,2397,98,1792,196,6078
120,18,444,2803,98,19385,196,7052
120,18,444,322,98,20947,196,8064
120,18,444,322,98,20947,196,8064
120,18,444,363,98,22461,196,9053
120,18,444,4119,98,24268,197,0234
120,18,444,4316,98,25,197,0713
120,18,444,4316,98,25,197,0713
120,18,444,4316,98,25,197,0713
120,18,444,4316,98,25,197,0713
120,18,444,4634,98,26465,197,1747
120,18,444,4634,98,26465,197,1747
120,18,444,4954,98,2793,197,2786
120,18,444,5254,98,29346,197,3761
120,18,444,5574,98,30811,197,4805
120,18,444,5574,98,30811,197,4805
120,18,444,5894,98,32275,197,5841
120,18,444,6199,98,33691,197,6832
120,18,444,6199,98,33691,197,6832
120,18,444,6523,98,35205,197,7893
120,18,444,6829,98,36621,197,8885
120,18,444,6829,98,36621,197,8885
120,18,444,7139,98,38037,197,9893
120,18,444,7139,98,38037,197,9893
120,18,444,7539,98,39893,198,1201
120,18,444,8005,98,42041,198,2717
120,18,444,8005,98,42041,198,2717
120,18,444,8364,98,43701,198,3879
120,18,444,8364,98,43701,198,3879
120,18,444,8743,98,45459,198,5116
120,18,444,9177,98,47461,198,6528
120,18,444,9177,98,47461,198,6528
120,18,444,9531,98,49072,198,7678
120,18,444,989,98,50732,198,8845
120,18,444,989,98,50732,198,8845
120,18,445,0264,98,52441,199,006
120,18,445,0623,98,54102,199,1226
120,18,445,0623,98,54102,199,1226
120,18,445,0989,98,55811,199,2418
120,18,445,0989,98,55811,199,2418
120,18,445,1365,98,57568,199,3644
120,18,445,1365,98,57568,199,3644
120,18,445,1804,98,5957,199,5078
120,18,445,2209,98,61426,199,639
120,18,445,2209,98,61426,199,639
120,18,445,2583,98,63184,199,761
120,18,445,2583,98,63184,199,761
120,18,445,2952,98,64893,199,8804
120,18,445,3411,98,66992,200,0298
120,18,445,3411,98,66992,200,0298
120,18,445,3789,98,6875,200,1528
120,18,445,4109,98,70215,200,2572
120,18,445,4109,98,70215,200,2572
120,18,445,4446,98,71777,200,3665
120,18,445,4788,98,7334,200,4784
120,18,445,4788,98,7334,200,4784
120,18,445,5154,98,75049,200,5974
120,18,445,5481,98,76563,200,704
120,18,445,5481,98,76563,200,704
120,18,445,5789,98,77979,200,8037
120,18,445,5789,98,77979,200,8037
120,18,445,5789,98,77979,200,8037
120,18,445,5789,98,77979,200,8037
120,18,445,5789,98,77979,200,8037
120,18,445,5789,98,77979,200,8037
120,18,445,5789,98,77979,200,8037
120,18,445,5789,98,77979,200,8037
120,18,445,5789,98,77979,200,8037
120,18,445,5789,98,77979,200,8037
120,18,445,5789,98,77979,200,8037
120,18,445,5789,98,77979,200,8037
120,18,445,5789,98,77979,200,8037
120,18,445,5789,98,77979,200,8037
120,18,445,5789,98,77979,200,8037
120,18,445,5789,98,77979,200,8037
120,18,445,5789,98,77979,200,8037
120,18,445,5789,98,77979,200,8037
120,18,445,5789,98,77979,200,8037
120,18,445,5789,98,77979,200,8037
120,18,445,5789,98,77979,200,8037
120,18,445,5789,98,77979,200,8037
120,18,445,5789,98,77979,200,8037
120,18,445,5789,98,77979,200,8037
120,18,445,5789,98,77979,200,8037
120,18,445,5789,98,77979,200,8037
120,18,445,6035,98,7998,200,9208
120,18,445,6035,98,7998,200,9208
120,18,445,6282,98,82031,201,0392
120,18,445,6516,98,83936,201,1509
120,18,445,6516,98,83936,201,1509
120,18,445,6768,98,85986,201,27
120,18,445,7026,98,88135,201,3931
120,18,445,7026,98,88135,201,3931
120,18,445,73,98,90381,201,524
120,18,445,73,98,90381,201,524
120,18,445,7554,98,92432,201,6448
120,18,445,781,98,9458,201,767
120,18,445,781,98,9458,201,767
120,18,445,8062,98,96631,201,8867
120,18,445,8291,98,98486,201,9961
120,18,445,8291,98,98486,201,9961
120,18,445,8542,99,00586,202,116
120,18,445,8806,99,02734,202,2417
120,18,445,8806,99,02734,202,2417
120,18,445,905,99,04736,202,3578
120,18,445,9292,99,06738,202,4734
120,18,445,9292,99,06738,202,4734
120,18,445,9548,99,08838,202,5956
120,18,445,9548,99,08838,202,5956
120,18,445,9836,99,11182,202,7319
120,18,446,0081,99,13184,202,8489
120,18,446,0081,99,13184,202,8489
120,18,446,0313,99,15088,202,9591
120,18,446,0569,99,17188,203,0813
120,18,446,0569,99,17188,203,0813
120,18,446,0828,99,19287,203,2042
120,18,446,1084,99,21387,203,3264
120,18,446,1084,99,21387,203,3264
120,18,446,1318,99,2334,203,4382
120,18,446,1587,99,25537,203,5668
120,18,446,1587,99,25537,203,5668
120,18,446,1838,99,27588,203,6865
120,18,446,1838,99,27588,203,6865
120,18,446,2095,99,29688,203,8086
120,18,446,2368,99,31934,203,9387
120,18,446,2368,99,31934,203,9387
120,18,446,2607,99,33887,204,0525
120,18,446,2847,99,35889,204,167
120,18,446,2847,99,35889,204,167
120,18,446,311,99,38037,204,2921
120,18,446,311,99,38037,204,2921
120,18,446,3386,99,40283,204,4232
120,18,446,365,99,42432,204,5492
120,18,446,365,99,42432,204,5492
120,18,446,3906,99,44531,204,671
120,18,446,3906,99,44531,204,671
120,18,446,4136,99,46436,204,781
120,18,446,4136,99,46436,204,781
120,18,446,4446,99,48975,204,9285
120,18,446,4446,99,48975,204,9285
120,18,446,4329,99,50342,205,0837
120,18,446,4221,99,51611,205,2227
120,18,446,4221,99,51611,205,2227
120,18,446,4124,99,52734,205,3523
120,18,446,4124,99,52734,205,3523
120,18,446,4006,99,5415,205,5062
120,18,446,4006,99,5415,205,5062
120,18,446,3896,99,5542,205,6487
120,18,446,3896,99,5542,205,6487
120,18,446,3787,99,56689,205,7924
120,18,446,3687,99,57861,205,9246
120,18,446,3687,99,57861,205,9246
120,18,446,3589,99,59033,206,0535
120,18,446,3589,99,59033,206,0535
120,18,446,3477,99,60303,206,1995
120,18,446,3477,99,60303,206,1995
120,18,446,3357,99,61719,206,3585
120,18,446,3357,99,61719,206,3585
120,18,446,325,99,62988,206,4966
120,18,446,325,99,62988,206,4966
120,18,446,3142,99,64209,206,6375
120,18,446,3142,99,64209,206,6375
120,18,446,3015,99,65723,206,8049
120,18,446,29,99,6709,206,9565
120,18,446,29,99,6709,206,9565
120,18,446,2791,99,68359,207,1016
120,18,446,2791,99,68359,207,1016
120,18,446,2686,99,6958,207,2388
120,18,446,2686,99,6958,207,2388
120,18,446,2583,99,70801,207,3726
120,18,446,2583,99,70801,207,3726
120,18,446,2471,99,72119,207,521
120,18,446,2471,99,72119,207,521
120,18,446,2349,99,73535,207,6797
120,18,446,2236,99,74854,207,827
120,18,446,2236,99,74854,207,827
120,18,446,2126,99,76123,207,9725
120,18,446,2126,99,76123,207,9725
120,18,446,2014,99,77441,208,1182
120,18,446,2014,99,77441,208,1182
120,18,446,1909,99,78662,208,256
120,18,446,1909,99,78662,208,256
120,18,446,1792,99,80078,208,4121
120,18,446,1792,99,80078,208,4121
120,18,446,1672,99,81445,208,5662
120,18,446,1672,99,81445,208,5662
120,18,446,1563,99,82715,208,7122
120,18,446,1563,99,82715,208,7122
120,18,446,1543,99,82959,208,7377
120,18,446,1543,99,82959,208,7377
120,18,446,1543,99,82959,208,7377
120,18,446,1543,99,82959,208,7377
120,18,446,1543,99,82959,208,7377
120,18,446,1543,99,82959,208,7377
120,18,446,1543,99,82959,208,7377
120,18,446,1543,99,82959,208,7377
120,18,446,1543,99,82959,208,7377
120,18,446,1543,99,82959,208,7377
120,18,446,1543,99,82959,208,7377
120,18,446,1543,99,82959,208,7377
120,18,446,1543,99,82959,208,7377
120,18,446,1543,99,82959,208,7377
120,18,446,1543,99,82959,208,7377
120,18,446,1543,99,82959,208,7377
120,18,446,1543,99,82959,208,7377
120,18,446,1543,99,82959,208,7377
120,18,446,1543,99,82959,208,7377
120,18,446,1543,99,82959,208,7377
120,18,446,1543,99,82959,208,7377
120,18,446,1543,99,82959,208,7377
120,18,446,1543,99,82959,208,7377
120,18,446,1543,99,82959,208,7377
120,18,446,1543,99,82959,208,7377
120,18,446,1543,99,82959,208,7377
120,18,446,1543,99,82959,208,7377
120,18,446,1543,99,82959,208,7377
120,18,446,1543,99,82959,208,7377
120,18,446,1543,99,82959,208,7377
120,18,446,1543,99,82959,208,7377
120,18,446,1543,99,82959,208,7377
120,18,446,1543,99,82959,208,7377
120,18,446,1543,99,82959,208,7377
120,18,446,1543,99,82959,208,7377
120,18,446,1543,99,82959,208,7377
120,18,446,1543,99,82959,208,7377
120,18,446,1543,99,82959,208,7377
120,18,446,1543,99,82959,208,7377
120,18,446,1543,99,82959,208,7377
120,18,446,1543,99,82959,208,7377
120,18,446,1543,99,82959,208,7377
120,18,446,1543,99,82959,208,7377
120,18,446,1543,99,82959,208,7377
120,18,446,1543,99,82959,208,7377
120,18,446,1543,99,82959,208,7377
120,18,446,1543,99,82959,208,7377
120,18,446,1543,99,82959,208,7377
120,18,446,1543,99,82959,208,7377
120,18,446,1543,99,82959,208,7377
120,18,446,1543,99,82959,208,7377
120,18,446,1543,99,82959,208,7377
120,18,446,1543,99,82959,208,7377
120,18,446,1543,99,82959,208,7377
120,18,446,1543,99,82959,208,7377
120,18,446,1543,99,82959,208,7377
120,18,446,1543,99,82959,208,7377
120,18,446,1543,99,82959,208,7377
120,18,446,1543,99,82959,208,7377
120,18,446,1543,99,82959,208,7377
120,18,446,1543,99,82959,208,7377
120,18,446,1543,99,82959,208,7377
120,18,446,1543,99,82959,208,7377
120,18,446,1543,99,82959,208,7377
120,18,446,1543,99,82959,208,7377
120,18,446,1543,99,82959,208,7377
120,18,446,1543,99,82959,208,7377
120,18,446,1543,99,82959,208,7377
120,18,446,1543,99,82959,208,7377
120,18,446,1543,99,82959,208,7377
120,18,446,1543,99,82959,208,7377
120,18,446,1543,99,82959,208,7377
120,18,446,1543,99,82959,208,7377
120,18,446,1543,99,82959,208,7377
120,18,446,1543,99,82959,208,7377
120,18,446,1543,99,82959,208,7377
120,18,446,1543,99,82959,208,7377
120,18,446,1543,99,82959,208,7377
120,18,446,1543,99,82959,208,7377
120,18,446,1543,99,82959,208,7377
120,18,446,1543,99,82959,208,7377
120,18,446,1543,99,82959,208,7377
120,18,446,1543,99,82959,208,7377
120,18,446,1543,99,82959,208,7377
120,18,446,1543,99,82959,208,7377
120,18,446,1543,99,82959,208,7377
120,18,446,1543,99,82959,208,7377
120,18,446,1543,99,82959,208,7377
120,18,446,1543,99,82959,208,7377
120,18,446,1543,99,82959,208,7377
120,18,446,1543,99,82959,208,7377
120,18,446,1543,99,82959,208,7377
120,18,446,1543,99,82959,208,7377
120,18,446,1543,99,82959,208,7377
120,18,446,1543,99,82959,208,7377
120,18,446,1543,99,82959,208,7377
120,18,446,1543,99,82959,208,7377
120,18,446,1543,99,82959,208,7377
120,18,446,1543,99,82959,208,7377
120,18,446,1543,99,82959,208,7377
120,18,446,1543,99,82959,208,7377
120,18,446,1543,99,82959,208,7377
120,18,446,1543,99,82959,208,7377
120,18,446,1543,99,82959,208,7377
120,18,446,1543,99,82959,208,7377
120,18,446,1543,99,82959,208,7377
120,18,446,1543,99,82959,208,7377
120,18,446,1543,99,82959,208,7377
120,18,446,1543,99,82959,208,7377
120,18,446,1543,99,82959,208,7377
120,18,446,1543,99,82959,208,7377
120,18,446,1543,99,82959,208,7377
120,18,446,1543,99,82959,208,7377
120,18,446,1543,99,82959,208,7377
120,18,446,1543,99,82959,208,7377
120,18,446,1543,99,82959,208,7377
120,18,446,1543,99,82959,208,7377
120,18,446,1543,99,82959,208,7377
120,18,446,1543,99,82959,208,7377
120,18,446,1543,99,82959,208,7377
120,18,446,1543,99,82959,208,7377
120,18,446,1543,99,82959,208,7377
120,18,446,1543,99,82959,208,7377
120,18,446,1543,99,82959,208,7377
120,18,446,1543,99,82959,208,7377
120,18,446,1543,99,82959,208,7377
120,18,446,1543,99,82959,208,7377
120,18,446,1543,99,82959,208,7377
120,18,446,1543,99,82959,208,7377
120,18,446,1543,99,82959,208,7377
120,18,446,1543,99,82959,208,7377
120,18,446,1543,99,82959,208,7377
120,18,446,1543,99,82959,208,7377
120,18,446,1543,99,82959,208,7377
120,18,446,1543,99,82959,208,7377
120,18,446,1543,99,82959,208,7377
120,18,446,1543,99,82959,208,7377
120,18,446,1543,99,82959,208,7377
120,18,446,1543,99,82959,208,7377
120,18,446,1543,99,82959,208,7377
120,18,446,1543,99,82959,208,7377
120,18,446,1543,99,82959,208,7377
120,18,446,1543,99,82959,208,7377
120,18,446,1543,99,82959,208,7377
120,18,446,1543,99,82959,208,7377
120,18,446,1543,99,82959,208,7377
120,18,446,1543,99,82959,208,7377
120,18,446,1543,99,82959,208,7377
120,18,446,1543,99,82959,208,7377
120,18,446,1543,99,82959,208,7377
120,18,446,1543,99,82959,208,7377
120,18,446,1543,99,82959,208,7377
120,18,446,1543,99,82959,208,7377
120,18,446,1543,99,82959,208,7377
120,18,446,1543,99,82959,208,7377
120,18,446,1543,99,82959,208,7377
120,18,446,1543,99,82959,208,7377
120,18,446,1543,99,82959,208,7377
120,18,446,1543,99,82959,208,7377
120,18,446,1543,99,82959,208,7377
120,18,446,1543,99,82959,208,7377
120,18,446,1543,99,82959,208,7377
120,18,446,1543,99,82959,208,7377
120,18,446,1543,99,82959,208,7377
120,18,446,1543,99,82959,208,7377
120,18,446,1543,99,82959,208,7377
120,18,446,1543,99,82959,208,7377
120,18,446,1543,99,82959,208,7377
120,18,446,1543,99,82959,208,7377
120,18,446,1543,99,82959,208,7377
120,18,446,1543,99,82959,208,7377
120,18,446,1543,99,82959,208,7377
120,18,446,1543,99,82959,208,7377
120,18,446,1543,99,82959,208,7377
120,18,446,1543,99,82959,208,7377
120,18,446,1543,99,82959,208,7377
120,18,446,1543,99,82959,208,7377
120,18,446,1543,99,82959,208,7377
120,18,446,1543,99,82959,208,7377
120,18,446,1543,99,82959,208,7377
120,18,446,1543,99,82959,208,7377
120,18,446,1543,99,82959,208,7377
120,18,446,1543,99,82959,208,7377
120,18,446,1543,99,82959,208,7377
120,18,446,1543,99,82959,208,7377
120,18,446,1543,99,82959,208,7377
120,18,446,1543,99,82959,208,7377
120,18,446,1543,99,82959,208,7377
120,18,446,1543,99,82959,208,7377
120,18,446,1543,99,82959,208,7377
120,18,446,1543,99,82959,208,7377
120,18,446,1543,99,82959,208,7377
120,18,446,1543,99,82959,208,7377
120,18,446,1543,99,82959,208,7377
120,18,446,1543,99,82959,208,7377
120,18,446,1543,99,82959,208,7377
120,18,446,1543,99,82959,208,7377
120,18,446,1543,99,82959,208,7377
120,18,446,1543,99,82959,208,7377
120,18,446,1543,99,82959,208,7377
120,18,446,1543,99,82959,208,7377
120,18,446,1543,99,82959,208,7377
120,18,446,1543,99,82959,208,7377
120,18,446,1543,99,82959,208,7377
120,18,446,1543,99,82959,208,7377
120,18,446,1543,99,82959,208,7377
120,18,446,1543,99,82959,208,7377
120,18,446,1543,99,82959,208,7377
120,18,446,1543,99,82959,208,7377
120,18,446,1543,99,82959,208,7377
120,18,446,1543,99,82959,208,7377
120,18,446,1543,99,82959,208,7377
120,18,446,1543,99,82959,208,7377
120,18,446,1543,99,82959,208,7377
120,18,446,1543,99,82959,208,7377
120,18,446,1543,99,82959,208,7377
120,18,446,1543,99,82959,208,7377
120,18,446,1543,99,82959,208,7377
120,18,446,1543,99,82959,208,7377
120,18,446,1543,99,82959,208,7377
120,18,446,1543,99,82959,208,7377
120,18,446,1543,99,82959,208,7377
120,18,446,1543,99,82959,208,7377
120,18,446,1543,99,82959,208,7377
120,18,446,1543,99,82959,208,7377
120,18,446,1543,99,82959,208,7377
120,18,446,1543,99,82959,208,7377
120,18,446,1543,99,82959,208,7377
120,18,446,1543,99,82959,208,7377
120,18,446,1543,99,82959,208,7377
120,18,446,1543,99,82959,208,7377
120,18,446,1543,99,82959,208,7377
120,18,446,1543,99,82959,208,7377
120,18,446,1543,99,82959,208,7377
120,18,446,1543,99,82959,208,7377
120,18,446,1543,99,82959,208,7377
120,18,446,1543,99,82959,208,7377
120,18,446,1543,99,82959,208,7377
120,18,446,1543,99,82959,208,7377
120,18,446,1543,99,82959,208,7377
120,18,446,1543,99,82959,208,7377
120,18,446,1543,99,82959,208,7377
120,18,446,1543,99,82959,208,7377
120,18,446,1543,99,82959,208,7377
120,18,446,1543,99,82959,208,7377
120,18,446,1543,99,82959,208,7377
120,18,446,1543,99,82959,208,7377
120,18,446,1543,99,82959,208,7377
120,18,446,1543,99,82959,208,7377
120,18,446,1543,99,82959,208,7377
120,18,446,1543,99,82959,208,7377
120,18,446,1543,99,82959,208,7377
120,18,446,1543,99,82959,208,7377
120,18,446,1543,99,82959,208,7377
120,18,446,1543,99,82959,208,7377
120,18,446,1543,99,82959,208,7377
120,18,446,1543,99,82959,208,7377
120,18,446,1543,99,82959,208,7377
120,18,446,1543,99,82959,208,7377
120,18,446,1543,99,82959,208,7377
120,18,446,1543,99,82959,208,7377
120,18,446,1543,99,82959,208,7377
120,18,446,1543,99,82959,208,7377
120,18,446,1543,99,82959,208,7377
120,18,446,1543,99,82959,208,7377
120,18,446,1543,99,82959,208,7377
120,18,446,1543,99,82959,208,7377
120,18,446,1543,99,82959,208,7377
120,18,446,1543,99,82959,208,7377
120,18,446,1543,99,82959,208,7377
120,18,446,1543,99,82959,208,7377
120,18,446,1543,99,82959,208,7377
120,18,446,1543,99,82959,208,7377
120,18,446,1543,99,82959,208,7377
120,18,446,1543,99,82959,208,7377
120,18,446,1543,99,82959,208,7377
120,18,446,1543,99,82959,208,7377
120,18,446,1543,99,82959,208,7377
120,18,446,1543,99,82959,208,7377
120,18,446,1543,99,82959,208,7377
120,18,446,1543,99,82959,208,7377
120,18,446,1543,99,82959,208,7377
120,18,446,1543,99,82959,208,7377
120,18,446,1543,99,82959,208,7377
120,18,446,1543,99,82959,208,7377
120,18,446,1543,99,82959,208,7377
120,18,446,1543,99,82959,208,7377
120,18,446,1543,99,82959,208,7377
120,18,446,1543,99,82959,208,7377
120,18,446,1543,99,82959,208,7377
120,18,446,1543,99,82959,208,7377
120,18,446,1543,99,82959,208,7377
120,18,446,1543,99,82959,208,7377
120,18,446,1543,99,82959,208,7377
120,18,446,1543,99,82959,208,7377
120,18,446,1543,99,82959,208,7377
120,18,446,1543,99,82959,208,7377
120,18,446,1543,99,82959,208,7377
120,18,446,1543,99,82959,208,7377
120,18,446,1543,99,82959,208,7377
120,18,446,1543,99,82959,208,7377
120,18,446,1543,99,82959,208,7377
120,18,446,1543,99,82959,208,7377
120,18,446,1543,99,82959,208,7377
120,18,446,1543,99,82959,208,7377
120,18,446,1543,99,82959,208,7377
120,18,446,1543,99,82959,208,7377
120,18,446,1543,99,82959,208,7377
120,18,446,1543,99,82959,208,7377
120,18,446,1543,99,82959,208,7377
120,18,446,1543,99,82959,208,7377
120,18,446,1543,99,82959,208,7377
120,18,446,1543,99,82959,208,7377
120,18,446,1543,99,82959,208,7377
120,18,446,1543,99,82959,208,7377
120,18,446,1543,99,82959,208,7377
120,18,446,1543,99,82959,208,7377
120,18,446,1543,99,82959,208,7377
120,18,446,1543,99,82959,208,7377
120,18,446,1543,99,82959,208,7377
120,18,446,1543,99,82959,208,7377
120,18,446,1543,99,82959,208,7377
120,18,446,1543,99,82959,208,7377
120,18,446,1543,99,82959,208,7377
120,18,446,1543,99,82959,208,7377
120,18,446,1543,99,82959,208,7377
120,18,446,1543,99,82959,208,7377
120,18,446,1543,99,82959,208,7377
120,18,446,1543,99,82959,208,7377
120,18,446,1543,99,82959,208,7377
120,18,446,1543,99,82959,208,7377
120,18,446,1543,99,82959,208,7377
120,18,446,1543,99,82959,208,7377
120,18,446,1543,99,82959,208,7377
120,18,446,1543,99,82959,208,7377
120,18,446,1543,99,82959,208,7377
120,18,446,1543,99,82959,208,7377
120,18,446,1543,99,82959,208,7377
120,18,446,1543,99,82959,208,7377
120,18,446,1543,99,82959,208,7377
120,18,446,1543,99,82959,208,7377
120,18,446,1543,99,82959,208,7377
120,18,446,1543,99,82959,208,7377
120,18,446,1543,99,82959,208,7377
120,18,446,1543,99,82959,208,7377
120,18,446,1543,99,82959,208,7377
120,18,446,1543,99,82959,208,7377
120,18,446,1543,99,82959,208,7377
120,18,446,1543,99,82959,208,7377
120,18,446,1543,99,82959,208,7377
120,18,446,1543,99,82959,208,7377
120,18,446,1543,99,82959,208,7377
120,18,446,1543,99,82959,208,7377
120,18,446,1543,99,82959,208,7377
120,18,446,1543,99,82959,208,7377
120,18,446,1543,99,82959,208,7377
120,18,446,1543,99,82959,208,7377
120,18,446,1543,99,82959,208,7377
120,18,446,1543,99,82959,208,7377
120,18,446,1543,99,82959,208,7377
120,18,446,1543,99,82959,208,7377
120,18,446,1543,99,82959,208,7377
120,18,446,1543,99,82959,208,7377
120,18,446,1543,99,82959,208,7377
120,18,446,1543,99,82959,208,7377
120,18,446,1543,99,82959,208,7377
120,18,446,1543,99,82959,208,7377
120,18,446,1543,99,82959,208,7377
120,18,446,1543,99,82959,208,7377
120,18,446,1543,99,82959,208,7377
120,18,446,1543,99,82959,208,7377
120,18,446,1543,99,82959,208,7377
120,18,446,1543,99,82959,208,7377
120,18,446,1543,99,82959,208,7377
120,18,446,1543,99,82959,208,7377
120,18,446,1543,99,82959,208,7377
120,18,446,1543,99,82959,208,7377
120,18,446,1543,99,82959,208,7377
120,18,446,1543,99,82959,208,7377
120,18,446,1543,99,82959,208,7377
120,18,446,1543,99,82959,208,7377
120,18,446,1543,99,82959,208,7377
120,18,446,1543,99,82959,208,7377
120,18,446,1543,99,82959,208,7377
120,18,446,1543,99,82959,208,7377
120,18,446,1543,99,82959,208,7377
120,18,446,1543,99,82959,208,7377
120,18,446,1543,99,82959,208,7377
120,18,446,1543,99,82959,208,7377
120,18,446,1543,99,82959,208,7377
120,18,446,1543,99,82959,208,7377
120,18,446,1543,99,82959,208,7377
120,18,446,1543,99,82959,208,7377
120,18,446,1543,99,82959,208,7377
120,18,446,1543,99,82959,208,7377
120,18,446,1543,99,82959,208,7377
120,18,446,1543,99,82959,208,7377
120,18,446,1543,99,82959,208,7377
120,18,446,1543,99,82959,208,7377
120,18,446,1543,99,82959,208,7377
120,18,446,1543,99,82959,208,7377
120,18,446,1543,99,82959,208,7377
120,18,446,1543,99,82959,208,7377
120,18,446,1543,99,82959,208,7377
120,18,446,1543,99,82959,208,7377
120,18,446,1543,99,82959,208,7377
120,18,446,1543,99,82959,208,7377
120,18,446,1543,99,82959,208,7377
120,18,446,1543,99,82959,208,7377
120,18,446,1543,99,82959,208,7377
120,18,446,1543,99,82959,208,7377
120,18,446,1543,99,82959,208,7377
120,18,446,1543,99,82959,208,7377
