Time,RSteps,X,Y,Z
120,0,309,397,84,90967,232,3451
120,1,309,397,84,90967,232,3451
120,1,309,397,84,90967,232,3451
120,1,309,397,84,90967,232,3451
120,1,309,397,84,90967,232,3451
120,1,309,397,84,36719,232,3451
120,1,309,397,84,36719,232,3451
120,1,309,397,84,36719,232,3451
120,1,309,397,84,36719,232,3451
120,1,309,397,84,36719,232,3451
120,1,309,7869,84,33936,232,4304
120,1,309,7869,84,33936,232,4304
120,1,309,7869,84,33936,232,4304
120,1,309,7869,84,33936,232,4304
120,1,309,7869,84,33936,232,4304
120,1,310,1648,84,3125,232,5132
120,1,310,1648,84,3125,232,5132
120,1,310,1648,84,3125,232,5132
120,1,310,5547,84,28467,232,5986
120,1,310,5547,84,28467,232,5986
120,1,310,5547,84,28467,232,5986
120,1,310,5547,84,28467,232,5986
120,1,310,8389,84,26416,232,6609
120,1,310,8389,84,26416,232,6609
120,1,310,8389,84,26416,232,6609
120,1,310,8389,84,26416,232,6609
120,1,310,8389,84,26416,232,6609
120,1,311,1709,84,24023,232,7336
120,1,311,1709,84,24023,232,7336
120,1,311,1709,84,24023,232,7336
120,1,311,1709,84,24023,232,7336
120,1,311,4973,84,2168,232,8052
120,1,311,4973,84,2168,232,8052
120,1,311,4973,84,2168,232,8052
120,1,311,4973,84,2168,232,8052
120,1,311,4973,84,2168,232,8052
120,1,311,8308,84,19287,232,8783
120,1,311,8308,84,19287,232,8783
120,1,311,8308,84,19287,232,8783
120,1,311,8308,84,19287,232,8783
120,1,311,8308,84,19287,232,8783
120,1,312,2207,84,16504,232,9636
120,1,312,2207,84,16504,232,9636
120,1,312,2207,84,16504,232,9636
120,1,312,2207,84,16504,232,9636
120,1,312,2207,84,16504,232,9636
120,1,312,6106,84,13721,233,049
120,1,312,6106,84,13721,233,049
120,1,312,6106,84,13721,233,049
120,1,312,6106,84,13721,233,049
120,1,312,6106,84,13721,233,049
120,1,313,0005,84,10986,233,1344
120,1,313,0005,84,10986,233,1344
120,1,313,0005,84,10986,233,1344
120,1,313,0005,84,10986,233,1344
120,1,313,3716,84,0835,233,2157
120,1,313,3716,84,0835,233,2157
120,1,313,3716,84,0835,233,2157
120,1,313,3716,84,0835,233,2157
120,1,313,7151,84,06348,233,287
120,1,313,7151,84,06348,233,287
120,1,313,7151,84,06348,233,287
120,1,313,7151,84,06348,233,287
120,1,313,7151,84,06348,233,287
120,1,314,0583,84,04736,233,355
120,1,314,0583,84,04736,233,355
120,1,314,0583,84,04736,233,355
120,1,314,0583,84,04736,233,355
120,1,314,4189,84,03076,233,4264
120,1,314,4189,84,03076,233,4264
120,1,314,4189,84,03076,233,4264
120,1,314,4189,84,03076,233,4264
120,1,314,4189,84,03076,233,4264
120,1,314,7605,84,01465,233,494
120,1,314,7605,84,01465,233,494
120,1,314,7605,84,01465,233,494
120,1,314,7605,84,01465,233,494
120,1,315,0918,83,99902,233,5596
120,1,315,0918,83,99902,233,5596
120,1,315,0918,83,99902,233,5596
120,1,315,3948,83,98486,233,6195
120,1,315,3948,83,98486,233,6195
120,1,315,3948,83,98486,233,6195
120,1,315,3948,83,98486,233,6195
120,1,315,6921,83,97119,233,6783
120,1,315,6921,83,97119,233,6783
120,1,315,6921,83,97119,233,6783
120,1,315,6921,83,97119,233,6783
120,1,315,9905,83,95703,233,7374
120,1,315,9905,83,95703,233,7374
120,1,315,9905,83,95703,233,7374
120,1,315,9905,83,95703,233,7374
120,1,316,2751,83,94385,233,7938
120,1,316,2751,83,94385,233,7938
120,1,316,2751,83,94385,233,7938
120,1,316,2751,83,94385,233,7938
120,1,316,6179,83,92773,233,8617
120,2,316,6179,83,92773,233,8617
120,2,316,6179,83,92773,233,8617
120,2,316,6179,83,92773,233,8617
120,2,316,9326,83,91309,233,9241
120,2,316,9326,83,91309,233,9241
120,2,316,9326,83,91309,233,9241
120,2,316,9326,83,91309,233,9241
120,2,317,2312,83,89941,233,9832
120,2,317,2312,83,89941,233,9832
120,2,317,2312,83,89941,233,9832
120,2,317,5176,83,88574,234,0399
120,2,317,5176,83,88574,234,0399
120,2,317,5176,83,88574,234,0399
120,2,317,5176,83,88574,234,0399
120,2,317,5176,83,88574,234,0399
120,2,317,697,83,89453,233,7893
120,2,317,697,83,89453,233,7893
120,2,317,697,83,89453,233,7893
120,2,317,8938,83,90381,233,5144
120,2,317,8938,83,90381,233,5144
120,2,317,8938,83,90381,233,5144
120,2,317,8938,83,90381,233,5144
120,2,318,0569,83,91162,233,2865
120,2,318,0569,83,91162,233,2865
120,2,318,0569,83,91162,233,2865
120,2,318,0569,83,91162,233,2865
120,2,318,2217,83,91943,233,0563
120,2,318,2217,83,91943,233,0563
120,2,318,2217,83,91943,233,0563
120,2,318,4106,83,92871,232,7924
120,2,318,4106,83,92871,232,7924
120,2,318,4106,83,92871,232,7924
120,2,318,5679,83,93604,232,5726
120,2,318,5679,83,93604,232,5726
120,2,318,5679,83,93604,232,5726
120,2,318,5679,83,93604,232,5726
120,2,318,7144,83,94287,232,3679
120,2,318,7144,83,94287,232,3679
120,2,318,7144,83,94287,232,3679
120,2,318,8689,83,9502,232,1521
120,2,318,8689,83,9502,232,1521
120,2,318,8689,83,9502,232,1521
120,2,319,0217,83,95752,231,9387
120,2,319,0217,83,95752,231,9387
120,2,319,0217,83,95752,231,9387
120,2,319,0217,83,95752,231,9387
120,2,319,0752,83,92139,232,1918
120,2,319,0752,83,92139,232,1918
120,2,319,0752,83,92139,232,1918
120,2,319,0752,83,92139,232,1918
120,2,319,136,83,87988,232,4792
120,2,319,136,83,87988,232,4792
120,2,319,136,83,87988,232,4792
120,2,319,1958,83,83936,232,7615
120,2,319,1958,83,83936,232,7615
120,2,319,1958,83,83936,232,7615
120,2,319,1958,83,83936,232,7615
120,2,319,2549,83,79932,233,0404
120,2,319,2549,83,79932,233,0404
120,2,319,2549,83,79932,233,0404
120,2,319,3145,83,75879,233,3221
120,2,319,3145,83,75879,233,3221
120,2,319,3145,83,75879,233,3221
120,2,319,3145,83,75879,233,3221
120,2,319,3145,83,75879,233,3221
120,2,319,3145,83,75879,233,3221
120,2,319,3145,83,75879,233,3221
120,2,319,3728,83,71924,233,5979
120,2,319,3728,83,71924,233,5979
120,2,319,3728,83,71924,233,5979
120,2,319,3728,83,71924,233,5979
120,2,319,4272,83,68213,233,8549
120,2,319,4272,83,68213,233,8549
120,2,319,4272,83,68213,233,8549
120,2,319,4863,83,64209,234,1342
120,2,319,4863,83,64209,234,1342
120,2,319,4863,83,64209,234,1342
120,2,319,5425,83,604,234,3997
120,2,319,5425,83,604,234,3997
120,2,319,5425,83,604,234,3997
120,2,319,5933,83,56982,234,6392
120,2,319,5933,83,56982,234,6392
120,2,319,5933,83,56982,234,6392
120,2,319,5933,83,56982,234,6392
120,2,319,6443,83,53516,234,8796
120,2,319,6443,83,53516,234,8796
120,2,319,6443,83,53516,234,8796
120,2,319,6985,83,49854,235,1357
120,2,319,6985,83,49854,235,1357
120,2,319,7468,83,46582,235,3644
120,2,319,7468,83,46582,235,3644
120,2,319,7468,83,46582,235,3644
120,2,319,7927,83,43457,235,5813
120,2,319,7927,83,43457,235,5813
120,2,319,7927,83,43457,235,5813
120,2,319,8369,83,40479,235,79
120,2,319,8369,83,40479,235,79
120,2,319,8809,83,375,235,9979
120,2,319,8809,83,375,235,9979
120,2,319,8809,83,375,235,9979
120,2,319,9236,83,34619,236,2002
120,2,319,9236,83,34619,236,2002
120,2,319,9236,83,34619,236,2002
120,2,319,9673,83,31641,236,4066
120,2,319,9673,83,31641,236,4066
120,2,320,0085,83,28809,236,6022
120,2,320,0085,83,28809,236,6022
120,2,320,0413,83,26611,236,7566
120,2,320,0413,83,26611,236,7566
120,2,320,0806,83,23926,236,9427
120,2,320,0806,83,23926,236,9427
120,2,320,1104,83,21875,237,0839
120,2,320,1401,83,19873,237,2247
120,2,320,1401,83,19873,237,2247
120,2,320,1658,83,18115,237,3459
120,2,320,1921,83,16309,237,4701
120,2,320,1921,83,16309,237,4701
120,2,320,1921,83,16309,237,4701
120,2,320,1921,83,16309,237,4701
120,2,320,1921,83,16309,237,4701
120,2,320,1921,83,16309,237,4701
120,2,320,1921,83,16309,237,4701
120,2,320,1921,83,16309,237,4701
120,2,320,1921,83,16309,237,4701
120,2,320,1921,83,16309,237,4701
120,2,320,1921,83,16309,237,4701
120,3,320,1921,83,16309,237,4701
120,3,320,1921,83,16309,237,4701
120,3,320,2158,83,14697,237,5815
120,3,320,2329,83,13525,237,6625
120,3,320,2329,83,13525,237,6625
120,3,320,259,83,11768,237,7855
120,3,320,2839,83,10059,237,9032
120,3,320,2839,83,10059,237,9032
120,3,320,3083,83,08398,238,0179
120,3,320,3083,83,08398,238,0179
120,3,320,3337,83,06689,238,1377
120,3,320,3591,83,0498,238,2581
120,3,320,3591,83,0498,238,2581
120,3,320,3828,83,03369,238,3704
120,3,320,4077,83,0166,238,4877
120,3,320,4077,83,0166,238,4877
120,3,320,4326,82,99951,238,6051
120,3,320,4568,82,98291,238,7194
120,3,320,4805,82,9668,238,8308
120,3,320,4805,82,9668,238,8308
120,3,320,5042,82,95068,238,9423
120,3,320,5276,82,93457,239,0531
120,3,320,5276,82,93457,239,0531
120,3,320,5276,82,93457,239,0531
120,3,320,5276,82,93457,239,0531
120,3,320,5527,82,91748,239,172
120,3,320,5527,82,91748,239,172
120,3,320,5527,82,91748,239,172
120,3,320,5527,82,91748,239,172
120,3,320,6143,82,87549,239,4629
120,3,320,6143,82,87549,239,4629
120,3,320,6143,82,87549,239,4629
120,3,320,6738,82,83496,239,744
120,3,320,6738,82,83496,239,744
120,3,320,6738,82,83496,239,744
120,3,320,6738,82,83496,239,744
120,3,320,7324,82,79541,240,0205
120,3,320,7324,82,79541,240,0205
120,3,320,7324,82,79541,240,0205
120,3,320,7903,82,75635,240,2939
120,3,320,7903,82,75635,240,2939
120,3,320,7903,82,75635,240,2939
120,3,320,7903,82,75635,240,2939
120,3,320,8462,82,71826,240,5582
120,3,320,8462,82,71826,240,5582
120,3,320,8462,82,71826,240,5582
120,3,320,8462,82,71826,240,5582
120,3,320,9075,82,67676,240,8478
120,3,320,9075,82,67676,240,8478
120,3,320,9075,82,67676,240,8478
120,3,320,9678,82,63574,241,1324
120,3,320,9678,82,63574,241,1324
120,3,320,9678,82,63574,241,1324
120,3,321,0244,82,59717,241,3997
120,3,321,0244,82,59717,241,3997
120,3,321,0244,82,59717,241,3997
120,3,321,0244,82,59717,241,3997
120,3,321,0244,82,59717,241,3997
120,3,321,0244,82,59717,241,3997
120,3,321,0244,82,59717,241,3997
120,3,321,0244,82,59717,241,3997
120,3,321,0244,82,59717,241,3997
120,3,321,0244,82,59717,241,3997
120,3,321,0244,82,59717,241,3997
120,3,321,0244,82,59717,241,3997
120,3,321,0244,82,59717,241,3997
120,3,321,0244,82,59717,241,3997
120,3,321,0244,82,59717,241,3997
120,3,321,0244,82,59717,241,3997
120,3,321,0244,82,59717,241,3997
120,3,321,0745,82,56348,241,6356
120,3,321,0745,82,56348,241,6356
120,3,321,0745,82,56348,241,6356
120,3,321,1299,82,52588,241,8972
120,3,321,1299,82,52588,241,8972
120,3,321,1299,82,52588,241,8972
120,3,321,1299,82,52588,241,8972
120,3,321,1858,82,48779,242,161
120,3,321,1858,82,48779,242,161
120,3,321,1858,82,48779,242,161
120,3,321,2366,82,45361,242,4006
120,3,321,2366,82,45361,242,4006
120,3,321,2366,82,45361,242,4006
120,3,321,2888,82,41797,242,6481
120,3,321,2888,82,41797,242,6481
120,3,321,2888,82,41797,242,6481
120,3,321,3442,82,38037,242,9102
120,3,321,3442,82,38037,242,9102
120,3,321,3442,82,38037,242,9102
120,3,321,3442,82,38037,242,9102
120,3,321,3984,82,34375,243,166
120,3,321,3984,82,34375,243,166
120,3,321,3984,82,34375,243,166
120,3,321,4492,82,30957,243,4056
120,3,321,4492,82,30957,243,4056
120,3,321,4492,82,30957,243,4056
120,3,321,5027,82,27344,243,6582
120,3,321,5027,82,27344,243,6582
120,3,321,5027,82,27344,243,6582
120,3,321,5537,82,23877,243,8992
120,3,321,5537,82,23877,243,8992
120,3,321,5537,82,23877,243,8992
120,3,321,6038,82,20508,244,1353
120,3,321,6038,82,20508,244,1353
120,3,321,6038,82,20508,244,1353
120,3,321,656,82,16943,244,3823
120,3,321,656,82,16943,244,3823
120,3,321,656,82,16943,244,3823
120,3,321,7053,82,13574,244,616
120,3,321,7053,82,13574,244,616
120,3,321,7053,82,13574,244,616
120,3,321,7573,82,10059,244,8618
120,3,321,7573,82,10059,244,8618
120,3,321,7573,82,10059,244,8618
120,3,321,8083,82,06592,245,1031
120,3,321,8083,82,06592,245,1031
120,3,321,8083,82,06592,245,1031
120,3,321,8083,82,06592,245,1031
120,3,321,8574,82,03271,245,3348
120,3,321,8574,82,03271,245,3348
120,3,321,8574,82,03271,245,3348
120,3,321,8574,82,03271,245,3348
120,3,321,8574,82,03271,245,3348
120,3,321,8574,82,03271,245,3348
120,3,321,8574,82,03271,245,3348
120,3,321,8574,82,03271,245,3348
120,3,321,8574,82,03271,245,3348
120,3,321,8574,82,03271,245,3348
120,3,321,8574,82,03271,245,3348
120,3,321,8574,82,03271,245,3348
120,3,321,8574,82,03271,245,3348
120,3,321,8574,82,03271,245,3348
120,3,321,8574,82,03271,245,3348
120,3,321,8574,82,03271,245,3348
120,3,321,8574,82,03271,245,3348
120,3,321,8574,82,03271,245,3348
120,3,321,8574,82,03271,245,3348
120,3,321,8574,82,03271,245,3348
120,3,321,8574,82,03271,245,3348
120,3,321,8574,82,03271,245,3348
120,3,321,8574,82,03271,245,3348
120,3,321,8574,82,03271,245,3348
120,3,321,8574,82,03271,245,3348
120,3,321,8574,82,03271,245,3348
120,3,321,8574,82,03271,245,3348
120,3,321,8574,82,03271,245,3348
120,3,321,8574,82,03271,245,3348
120,3,321,8574,82,03271,245,3348
120,3,321,8574,82,03271,245,3348
120,3,321,8574,82,03271,245,3348
120,3,321,8574,82,03271,245,3348
120,3,321,8574,82,03271,245,3348
120,3,321,8574,82,03271,245,3348
120,3,321,8574,82,03271,245,3348
120,3,321,8574,82,03271,245,3348
120,3,321,8574,82,03271,245,3348
120,3,321,8574,82,03271,245,3348
120,3,321,8574,82,03271,245,3348
120,3,321,8574,82,03271,245,3348
120,3,321,8574,82,03271,245,3348
120,3,321,8574,82,03271,245,3348
120,3,321,8574,82,03271,245,3348
120,3,321,8574,82,03271,245,3348
120,3,321,8574,82,03271,245,3348
120,3,321,8574,82,03271,245,3348
120,3,321,8574,82,03271,245,3348
120,3,321,8574,82,03271,245,3348
120,3,321,8574,82,03271,245,3348
120,3,321,8574,82,03271,245,3348
120,3,321,8574,82,03271,245,3348
120,3,321,8574,82,03271,245,3348
120,3,321,8574,82,03271,245,3348
120,3,321,8574,82,03271,245,3348
120,3,321,8574,82,03271,245,3348
120,3,321,8574,82,03271,245,3348
120,3,321,8574,82,03271,245,3348
120,3,321,8574,82,03271,245,3348
120,3,321,8574,82,03271,245,3348
120,3,321,8574,82,03271,245,3348
120,3,321,8574,82,03271,245,3348
120,3,321,8574,82,03271,245,3348
120,3,321,8574,82,03271,245,3348
120,3,321,8574,82,03271,245,3348
120,3,321,8574,82,03271,245,3348
120,3,321,8574,82,03271,245,3348
120,3,321,8574,82,03271,245,3348
120,3,321,8574,82,03271,245,3348
120,3,321,8574,82,03271,245,3348
120,3,321,8574,82,03271,245,3348
120,3,321,8574,82,03271,245,3348
120,3,321,8574,82,03271,245,3348
120,3,321,8574,82,03271,245,3348
120,3,321,8574,82,03271,245,3348
120,3,321,8574,82,03271,245,3348
120,3,321,8574,82,03271,245,3348
120,3,321,8574,82,03271,245,3348
120,3,321,8574,82,03271,245,3348
120,3,321,8574,82,03271,245,3348
120,3,321,8574,82,03271,245,3348
120,3,321,8574,82,03271,245,3348
120,3,321,8574,82,03271,245,3348
120,3,321,8574,82,03271,245,3348
120,3,321,8574,82,03271,245,3348
120,3,321,8574,82,03271,245,3348
120,3,321,8574,82,03271,245,3348
120,3,321,8574,82,03271,245,3348
120,3,321,8574,82,03271,245,3348
120,3,321,8574,82,03271,245,3348
120,3,321,8574,82,03271,245,3348
120,3,321,8574,82,03271,245,3348
120,3,321,8574,82,03271,245,3348
120,3,321,8574,82,03271,245,3348
120,3,321,8574,82,03271,245,3348
120,3,321,8574,82,03271,245,3348
120,3,321,8574,82,03271,245,3348
120,3,321,8574,82,03271,245,3348
120,3,321,8574,82,03271,245,3348
120,3,321,8574,82,03271,245,3348
120,3,321,8574,82,03271,245,3348
120,3,321,8574,82,03271,245,3348
120,3,321,8574,82,03271,245,3348
120,3,321,8574,82,03271,245,3348
120,3,321,8574,82,03271,245,3348
120,3,321,8574,82,03271,245,3348
120,3,321,8574,82,03271,245,3348
120,3,321,8574,82,03271,245,3348
120,3,321,8574,82,03271,245,3348
120,3,321,8574,82,03271,245,3348
120,3,321,8574,82,03271,245,3348
120,3,321,8574,82,03271,245,3348
120,3,321,8574,82,03271,245,3348
120,3,321,8574,82,03271,245,3348
120,3,321,8574,82,03271,245,3348
120,3,321,8574,82,03271,245,3348
120,3,321,8574,82,03271,245,3348
120,3,321,8574,82,03271,245,3348
120,3,321,8574,82,03271,245,3348
120,3,321,8574,82,03271,245,3348
120,3,321,8574,82,03271,245,3348
120,3,321,8574,82,03271,245,3348
120,3,321,8574,82,03271,245,3348
120,3,321,8574,82,03271,245,3348
120,3,321,8574,82,03271,245,3348
120,3,321,8574,82,03271,245,3348
120,3,321,8574,82,03271,245,3348
120,3,321,8574,82,03271,245,3348
120,3,321,8574,82,03271,245,3348
120,3,321,8574,82,03271,245,3348
120,3,321,8574,82,03271,245,3348
120,3,321,8574,82,03271,245,3348
120,3,321,8574,82,03271,245,3348
120,3,321,8574,82,03271,245,3348
120,3,321,8574,82,03271,245,3348
120,3,321,8574,82,03271,245,3348
120,3,321,8574,82,03271,245,3348
120,3,321,8574,82,03271,245,3348
120,3,321,8574,82,03271,245,3348
120,3,321,8574,82,03271,245,3348
120,3,321,8574,82,03271,245,3348
120,3,321,8574,82,03271,245,3348
120,3,321,8574,82,03271,245,3348
120,3,321,8574,82,03271,245,3348
120,3,321,8574,82,03271,245,3348
120,3,321,8574,82,03271,245,3348
120,3,321,8574,82,03271,245,3348
120,3,321,8574,82,03271,245,3348
120,3,321,8574,82,03271,245,3348
120,3,321,8574,82,03271,245,3348
120,3,321,8574,82,03271,245,3348
120,3,321,8574,82,03271,245,3348
120,3,321,8574,82,03271,245,3348
120,3,321,8574,82,03271,245,3348
120,3,321,8574,82,03271,245,3348
120,3,321,8574,82,03271,245,3348
120,3,321,8574,82,03271,245,3348
120,3,321,8574,82,03271,245,3348
120,3,321,8574,82,03271,245,3348
120,3,321,8574,82,03271,245,3348
120,3,321,8574,82,03271,245,3348
120,3,321,8574,82,03271,245,3348
120,3,321,8574,82,03271,245,3348
120,3,321,8574,82,03271,245,3348
120,3,321,8574,82,03271,245,3348
120,3,321,8574,82,03271,245,3348
120,3,321,8574,82,03271,245,3348
120,3,321,8574,82,03271,245,3348
120,3,321,8574,82,03271,245,3348
120,3,321,8574,82,03271,245,3348
120,3,321,8574,82,03271,245,3348
120,3,321,8574,82,03271,245,3348
120,3,321,8574,82,03271,245,3348
120,3,321,8574,82,03271,245,3348
120,3,321,8574,82,03271,245,3348
120,3,321,8574,82,03271,245,3348
120,3,321,8574,82,03271,245,3348
120,3,321,8574,82,03271,245,3348
120,3,321,8574,82,03271,245,3348
120,3,321,8574,82,03271,245,3348
120,3,321,8574,82,03271,245,3348
120,3,321,8574,82,03271,245,3348
120,3,321,8574,82,03271,245,3348
120,3,321,8574,82,03271,245,3348
120,3,321,8574,82,03271,245,3348
120,3,321,8574,82,03271,245,3348
120,3,321,8574,82,03271,245,3348
120,3,321,8574,82,03271,245,3348
120,3,321,8574,82,03271,245,3348
120,3,321,8574,82,03271,245,3348
120,3,321,8574,82,03271,245,3348
120,3,321,8574,82,03271,245,3348
120,3,321,8574,82,03271,245,3348
120,3,321,8574,82,03271,245,3348
120,3,321,8574,82,03271,245,3348
120,3,321,8574,82,03271,245,3348
120,3,321,8574,82,03271,245,3348
120,3,321,8574,82,03271,245,3348
120,3,321,8574,82,03271,245,3348
120,3,321,8574,82,03271,245,3348
120,3,321,8574,82,03271,245,3348
120,3,321,8574,82,03271,245,3348
120,3,321,8574,82,03271,245,3348
120,3,321,8574,82,03271,245,3348
120,3,321,8574,82,03271,245,3348
120,3,321,8574,82,03271,245,3348
120,3,321,8574,82,03271,245,3348
120,3,321,8574,82,03271,245,3348
120,3,321,8574,82,03271,245,3348
120,3,321,8574,82,03271,245,3348
120,3,321,8574,82,03271,245,3348
120,3,321,8574,82,03271,245,3348
120,3,321,8574,82,03271,245,3348
120,3,321,8574,82,03271,245,3348
120,3,321,8574,82,03271,245,3348
120,3,321,8574,82,03271,245,3348
120,3,321,8574,82,03271,245,3348
120,3,321,8574,82,03271,245,3348
120,3,321,8574,82,03271,245,3348
120,3,321,8574,82,03271,245,3348
120,3,321,8574,82,03271,245,3348
120,3,321,8574,82,03271,245,3348
120,3,321,8574,82,03271,245,3348
120,3,321,8574,82,03271,245,3348
120,3,321,8574,82,03271,245,3348
120,3,321,8574,82,03271,245,3348
120,3,321,8574,82,03271,245,3348
120,3,321,8574,82,03271,245,3348
120,3,321,8574,82,03271,245,3348
120,3,321,8574,82,03271,245,3348
120,3,321,8574,82,03271,245,3348
120,3,321,8574,82,03271,245,3348
120,3,321,8574,82,03271,245,3348
120,3,321,8574,82,03271,245,3348
120,3,321,8574,82,03271,245,3348
120,3,321,8574,82,03271,245,3348
120,3,321,8574,82,03271,245,3348
120,3,321,8574,82,03271,245,3348
120,3,321,8574,82,03271,245,3348
120,3,321,8574,82,03271,245,3348
120,3,321,8574,82,03271,245,3348
120,3,321,8574,82,03271,245,3348
120,3,321,8574,82,03271,245,3348
120,3,321,8574,82,03271,245,3348
120,3,321,8574,82,03271,245,3348
120,3,321,8574,82,03271,245,3348
120,3,321,8574,82,03271,245,3348
120,3,321,8574,82,03271,245,3348
120,3,321,8574,82,03271,245,3348
120,3,321,8574,82,03271,245,3348
120,3,321,8574,82,03271,245,3348
120,3,321,8574,82,03271,245,3348
120,3,321,8574,82,03271,245,3348
120,3,321,8574,82,03271,245,3348
120,3,321,8574,82,03271,245,3348
120,3,321,8574,82,03271,245,3348
120,3,321,8574,82,03271,245,3348
120,3,321,8574,82,03271,245,3348
120,3,321,8574,82,03271,245,3348
120,3,321,8574,82,03271,245,3348
120,3,321,8574,82,03271,245,3348
120,3,321,8574,82,03271,245,3348
120,3,321,8574,82,03271,245,3348
120,3,321,8574,82,03271,245,3348
120,3,321,8574,82,03271,245,3348
120,3,321,8574,82,03271,245,3348
120,3,321,8574,82,03271,245,3348
120,3,321,8574,82,03271,245,3348
120,3,321,8574,82,03271,245,3348
120,3,321,8574,82,03271,245,3348
120,3,321,8574,82,03271,245,3348
120,3,321,8574,82,03271,245,3348
120,3,321,8574,82,03271,245,3348
120,3,321,8574,82,03271,245,3348
120,3,321,8574,82,03271,245,3348
120,3,321,8574,82,03271,245,3348
120,3,321,8574,82,03271,245,3348
120,3,321,8574,82,03271,245,3348
120,3,321,8574,82,03271,245,3348
120,3,321,8574,82,03271,245,3348
120,3,321,8574,82,03271,245,3348
120,3,321,8574,82,03271,245,3348
120,3,321,8574,82,03271,245,3348
120,3,321,8574,82,03271,245,3348
120,3,321,8574,82,03271,245,3348
120,3,321,8574,82,03271,245,3348
120,3,321,8574,82,03271,245,3348
120,3,321,8574,82,03271,245,3348
120,3,321,8574,82,03271,245,3348
120,3,321,8574,82,03271,245,3348
120,3,321,8574,82,03271,245,3348
120,3,321,8574,82,03271,245,3348
120,3,321,8574,82,03271,245,3348
120,3,321,8574,82,03271,245,3348
120,3,321,8574,82,03271,245,3348
120,3,321,8574,82,03271,245,3348
120,3,321,8574,82,03271,245,3348
120,3,321,8574,82,03271,245,3348
120,3,321,8574,82,03271,245,3348
120,3,321,8574,82,03271,245,3348
120,3,321,8574,82,03271,245,3348
120,3,321,8574,82,03271,245,3348
120,3,321,8574,82,03271,245,3348
120,3,321,8574,82,03271,245,3348
120,3,321,8574,82,03271,245,3348
120,3,321,8574,82,03271,245,3348
120,3,321,8574,82,03271,245,3348
120,3,321,8574,82,03271,245,3348
120,3,321,8574,82,03271,245,3348
120,3,321,8574,82,03271,245,3348
120,3,321,8574,82,03271,245,3348
120,3,321,8574,82,03271,245,3348
120,3,321,8574,82,03271,245,3348
120,3,321,8574,82,03271,245,3348
120,4,321,8574,82,03271,245,3348
120,4,321,8574,82,03271,245,3348
120,4,321,8574,82,03271,245,3348
120,4,321,8975,82,00537,245,5238
120,4,321,8975,82,00537,245,5238
120,4,321,8975,82,00537,245,5238
120,4,321,9373,81,97852,245,7118
120,4,321,9373,81,97852,245,7118
120,4,321,9373,81,97852,245,7118
120,4,321,9871,81,94482,245,9476
120,4,321,9871,81,94482,245,9476
120,4,321,9871,81,94482,245,9476
120,4,322,0398,81,90918,246,1968
120,4,322,0398,81,90918,246,1968
120,4,322,0398,81,90918,246,1968
120,4,322,0398,81,90918,246,1968
120,4,322,0935,81,87256,246,4508
120,4,322,0935,81,87256,246,4508
120,4,322,0935,81,87256,246,4508
120,4,322,1438,81,83838,246,6881
120,4,322,1438,81,83838,246,6881
120,4,322,1438,81,83838,246,6881
120,4,322,1975,81,80176,246,9423
120,4,322,1975,81,80176,246,9423
120,4,322,1975,81,80176,246,9423
120,4,322,2473,81,76807,247,1779
120,4,322,2473,81,76807,247,1779
120,4,322,2473,81,76807,247,1779
120,4,322,2971,81,73438,247,413
120,4,322,2971,81,73438,247,413
120,4,322,2971,81,73438,247,413
120,4,322,3489,81,69922,247,6581
120,4,322,3489,81,69922,247,6581
120,4,322,3489,81,69922,247,6581
120,4,322,3489,81,69922,247,6581
120,4,322,4041,81,66162,247,9187
120,4,322,4041,81,66162,247,9187
120,4,322,4041,81,66162,247,9187
120,4,322,4041,81,66162,247,9187
120,4,322,4607,81,62305,248,186
120,4,322,4607,81,62305,248,186
120,4,322,4607,81,62305,248,186
120,4,322,5208,81,58252,248,4694
120,4,322,5208,81,58252,248,4694
120,4,322,5208,81,58252,248,4694
120,4,322,5208,81,58252,248,4694
120,4,322,5781,81,54346,248,7405
120,4,322,5781,81,54346,248,7405
120,4,322,5781,81,54346,248,7405
120,4,322,637,81,50342,249,019
120,4,322,637,81,50342,249,019
120,4,322,637,81,50342,249,019
120,4,322,637,81,50342,249,019
120,4,322,6987,81,46143,249,3107
120,4,322,6987,81,46143,249,3107
120,4,322,6987,81,46143,249,3107
120,4,322,6987,81,46143,249,3107
120,4,322,7573,81,42188,249,5878
120,4,322,7573,81,42188,249,5878
120,4,322,7573,81,42188,249,5878
120,4,322,8174,81,38135,249,8715
120,4,322,8174,81,38135,249,8715
120,4,322,8174,81,38135,249,8715
120,4,322,8723,81,34424,250,1311
120,4,322,8723,81,34424,250,1311
120,4,322,8723,81,34424,250,1311
120,4,322,8723,81,34424,250,1311
120,4,322,9265,81,30762,250,3877
120,4,322,9265,81,30762,250,3877
120,4,322,9265,81,30762,250,3877
120,4,322,9265,81,30762,250,3877
120,4,322,9841,81,26855,250,6604
120,4,322,9841,81,26855,250,6604
120,4,322,9841,81,26855,250,6604
120,4,323,0466,81,22607,250,9553
120,4,323,0466,81,22607,250,9553
120,4,323,0466,81,22607,250,9553
120,4,323,1023,81,18848,251,218
120,4,323,1023,81,18848,251,218
120,4,323,1023,81,18848,251,218
120,4,323,1023,81,18848,251,218
120,4,323,1582,81,15039,251,4819
120,4,323,1582,81,15039,251,4819
120,4,323,1582,81,15039,251,4819
120,4,323,2102,81,11523,251,7275
120,4,323,2102,81,11523,251,7275
120,4,323,2102,81,11523,251,7275
120,4,323,2642,81,07861,251,9822
120,4,323,2642,81,07861,251,9822
120,4,323,2642,81,07861,251,9822
120,4,323,2642,81,07861,251,9822
120,4,323,3184,81,04199,252,2379
120,4,323,3184,81,04199,252,2379
120,4,323,3184,81,04199,252,2379
120,4,323,3755,81,00342,252,5077
120,4,323,3755,81,00342,252,5077
120,4,323,3755,81,00342,252,5077
120,4,323,4285,80,96729,252,7583
120,4,323,4285,80,96729,252,7583
120,4,323,4285,80,96729,252,7583
120,4,323,4285,80,96729,252,7583
120,4,323,4839,80,92969,253,0198
120,4,323,4839,80,92969,253,0198
120,4,323,4839,80,92969,253,0198
120,4,323,5403,80,8916,253,2858
120,4,323,5403,80,8916,253,2858
120,4,323,5403,80,8916,253,2858
120,4,323,5945,80,85498,253,5416
120,4,323,5945,80,85498,253,5416
120,4,323,5945,80,85498,253,5416
120,4,323,6477,80,81885,253,7925
120,5,323,6477,80,81885,253,7925
120,5,323,6477,80,81885,253,7925
120,5,323,6477,80,81885,253,7925
120,5,323,7,80,78369,254,0387
120,5,323,7,80,78369,254,0387
120,5,323,7,80,78369,254,0387
120,5,323,7539,80,74707,254,2937
120,5,323,7539,80,74707,254,2937
120,5,323,7539,80,74707,254,2937
120,5,323,8091,80,70947,254,5548
120,5,323,8091,80,70947,254,5548
120,5,323,8091,80,70947,254,5548
120,5,323,8091,80,70947,254,5548
120,5,323,8655,80,67139,254,8209
120,5,323,8655,80,67139,254,8209
120,5,323,8655,80,67139,254,8209
120,5,323,9202,80,63428,255,0796
120,5,323,9202,80,63428,255,0796
120,5,323,9202,80,63428,255,0796
120,5,323,9202,80,63428,255,0796
120,5,323,9753,80,59668,255,3409
120,5,323,9753,80,59668,255,3409
120,5,323,9753,80,59668,255,3409
120,5,324,0325,80,55762,255,6115
120,5,324,0325,80,55762,255,6115
120,5,324,0325,80,55762,255,6115
120,5,324,0325,80,55762,255,6115
120,5,324,0925,80,51709,255,8948
120,5,324,0925,80,51709,255,8948
120,5,324,0925,80,51709,255,8948
120,5,324,1472,80,47998,256,1536
120,5,324,1472,80,47998,256,1536
120,5,324,1472,80,47998,256,1536
120,5,324,2039,80,44141,256,4211
120,5,324,2039,80,44141,256,4211
120,5,324,2039,80,44141,256,4211
120,5,324,2039,80,44141,256,4211
120,5,324,2583,80,4043,256,6783
120,5,324,2583,80,4043,256,6783
120,5,324,2583,80,4043,256,6783
120,5,324,3154,80,36572,256,9485
120,5,324,3154,80,36572,256,9485
120,5,324,3154,80,36572,256,9485
120,5,324,3154,80,36572,256,9485
120,5,324,3726,80,32715,257,218
120,5,324,3726,80,32715,257,218
120,5,324,3726,80,32715,257,218
120,5,324,3726,80,32715,257,218
120,5,324,4304,80,28809,257,4911
120,5,324,4304,80,28809,257,4911
120,5,324,4304,80,28809,257,4911
120,5,324,4905,80,24756,257,7744
120,5,324,4905,80,24756,257,7744
120,5,324,4905,80,24756,257,7744
120,5,324,4905,80,24756,257,7744
120,5,324,5496,80,20752,258,0531
120,5,324,5496,80,20752,258,0531
120,5,324,5496,80,20752,258,0531
120,5,324,6067,80,16895,258,3225
120,5,324,6067,80,16895,258,3225
120,5,324,6067,80,16895,258,3225
120,5,324,6633,80,13037,258,5903
120,5,324,6633,80,13037,258,5903
120,5,324,6633,80,13037,258,5903
120,5,324,6633,80,13037,258,5903
120,5,324,718,80,09326,258,8492
120,5,324,718,80,09326,258,8492
120,5,324,718,80,09326,258,8492
120,5,324,7751,80,0542,259,1196
120,5,324,7751,80,0542,259,1196
120,5,324,7751,80,0542,259,1196
120,5,324,7751,80,0542,259,1196
120,5,324,8293,80,01758,259,3757
120,5,324,8293,80,01758,259,3757
120,5,324,8293,80,01758,259,3757
120,5,324,8848,79,97998,259,6375
120,5,324,8848,79,97998,259,6375
120,5,324,8848,79,97998,259,6375
120,5,324,9409,79,94189,259,9031
120,5,324,9409,79,94189,259,9031
120,5,324,9409,79,94189,259,9031
120,5,324,9409,79,94189,259,9031
120,5,324,9956,79,90479,260,1614
120,5,324,9956,79,90479,260,1614
120,5,324,9956,79,90479,260,1614
120,5,325,05,79,86768,260,4182
120,5,325,05,79,86768,260,4182
120,5,325,05,79,86768,260,4182
120,5,325,1025,79,83203,260,6666
120,5,325,1025,79,83203,260,6666
120,5,325,1025,79,83203,260,6666
120,5,325,1545,79,79688,260,9124
120,5,325,1545,79,79688,260,9124
120,5,325,1545,79,79688,260,9124
120,5,325,2051,79,7627,261,1514
120,5,325,2051,79,7627,261,1514
120,5,325,2051,79,7627,261,1514
120,5,325,2527,79,73047,261,377
120,5,325,2527,79,73047,261,377
120,5,325,2527,79,73047,261,377
120,5,325,2527,79,73047,261,377
120,5,325,3,79,69824,261,6012
120,5,325,3,79,69824,261,6012
120,5,325,3,79,69824,261,6012
120,5,325,3655,79,65381,261,9102
120,5,325,3655,79,65381,261,9102
120,5,325,3655,79,65381,261,9102
120,5,325,4131,79,62158,262,1354
120,5,325,4131,79,62158,262,1354
120,5,325,458,79,59131,262,3472
120,5,325,458,79,59131,262,3472
120,5,325,458,79,59131,262,3472
120,5,325,5042,79,56006,262,5657
120,5,325,5042,79,56006,262,5657
120,5,325,5042,79,56006,262,5657
120,5,325,5471,79,53076,262,7682
120,5,325,5471,79,53076,262,7682
120,5,325,5891,79,50244,262,9668
120,5,325,5891,79,50244,262,9668
120,5,325,5891,79,50244,262,9668
120,5,325,635,79,47119,263,1838
120,5,325,635,79,47119,263,1838
120,5,325,635,79,47119,263,1838
120,5,325,6763,79,44336,263,379
120,6,325,6763,79,44336,263,379
120,6,325,7205,79,41357,263,5873
120,6,325,7205,79,41357,263,5873
120,6,325,7205,79,41357,263,5873
120,6,325,7625,79,38525,263,786
120,6,325,7625,79,38525,263,786
120,6,325,7625,79,38525,263,786
120,6,325,8081,79,354,264,002
120,6,325,8081,79,354,264,002
120,6,325,8518,79,32422,264,2087
120,6,325,8518,79,32422,264,2087
120,6,325,8518,79,32422,264,2087
120,6,325,8945,79,29541,264,4102
120,6,325,8945,79,29541,264,4102
120,6,325,9341,79,26855,264,5968
120,6,325,9341,79,26855,264,5968
120,6,325,9341,79,26855,264,5968
120,6,325,9746,79,24121,264,7881
120,6,325,9746,79,24121,264,7881
120,6,326,0151,79,21387,264,98
120,6,326,0151,79,21387,264,98
120,6,326,0151,79,21387,264,98
120,6,326,0569,79,18555,265,1777
120,6,326,0569,79,18555,265,1777
120,6,326,0974,79,1582,265,3689
120,6,326,0974,79,1582,265,3689
120,6,326,0974,79,1582,265,3689
120,6,326,1387,79,13037,265,5634
120,6,326,1387,79,13037,265,5634
120,6,326,179,79,10303,265,7531
120,6,326,179,79,10303,265,7531
120,6,326,179,79,10303,265,7531
120,6,326,2205,79,07471,265,9492
120,6,326,2205,79,07471,265,9492
120,6,326,261,79,04736,266,141
120,6,326,261,79,04736,266,141
120,6,326,261,79,04736,266,141
120,6,326,3044,79,01807,266,3457
120,6,326,3044,79,01807,266,3457
120,6,326,3499,78,9873,266,5597
120,6,326,3499,78,9873,266,5597
120,6,326,3499,78,9873,266,5597
120,6,326,3914,78,95898,266,7559
120,6,326,3914,78,95898,266,7559
120,6,326,3914,78,95898,266,7559
120,6,326,4331,78,93066,266,9536
120,6,326,4331,78,93066,266,9536
120,6,326,4758,78,90186,267,1553
120,6,326,4758,78,90186,267,1553
120,6,326,4758,78,90186,267,1553
120,6,326,5188,78,87256,267,3586
120,6,326,5188,78,87256,267,3586
120,6,326,5601,78,84473,267,5532
120,6,326,5601,78,84473,267,5532
120,6,326,5601,78,84473,267,5532
120,6,326,6047,78,81445,267,7643
120,6,326,6047,78,81445,267,7643
120,6,326,6047,78,81445,267,7643
120,6,326,6445,78,7876,267,9528
120,6,326,6445,78,7876,267,9528
120,6,326,6868,78,75879,268,1526
120,6,326,6868,78,75879,268,1526
120,6,326,7285,78,73047,268,3501
120,6,326,7285,78,73047,268,3501
120,6,326,7285,78,73047,268,3501
120,6,326,7686,78,70313,268,5389
120,6,326,7686,78,70313,268,5389
120,6,326,7686,78,70313,268,5389
120,6,326,8088,78,67578,268,7291
120,6,326,8088,78,67578,268,7291
120,6,326,8513,78,64697,268,9299
120,6,326,8513,78,64697,268,9299
120,6,326,8513,78,64697,268,9299
120,6,326,8926,78,61914,269,1244
120,6,326,8926,78,61914,269,1244
120,6,326,9343,78,59082,269,322
120,6,326,9343,78,59082,269,322
120,6,326,9746,78,56348,269,5122
120,6,326,9746,78,56348,269,5122
120,6,326,9746,78,56348,269,5122
120,6,327,0142,78,53662,269,6992
120,6,327,0142,78,53662,269,6992
120,6,327,0537,78,50977,269,8865
120,6,327,0537,78,50977,269,8865
120,6,327,0537,78,50977,269,8865
120,6,327,095,78,48193,270,0814
120,6,327,095,78,48193,270,0814
120,6,327,1362,78,4541,270,2764
120,6,327,1362,78,4541,270,2764
120,6,327,1362,78,4541,270,2764
120,6,327,1772,78,42627,270,4701
120,6,327,1772,78,42627,270,4701
120,6,327,1772,78,42627,270,4701
120,6,327,2185,78,39844,270,6652
120,6,327,2185,78,39844,270,6652
120,6,327,2632,78,36816,270,8761
120,6,327,2632,78,36816,270,8761
120,6,327,2632,78,36816,270,8761
120,6,327,3064,78,33887,271,0803
120,6,327,3064,78,33887,271,0803
120,6,327,3447,78,31299,271,2617
120,6,327,3447,78,31299,271,2617
120,6,327,3447,78,31299,271,2617
120,6,327,3879,78,28369,271,4658
120,6,327,3879,78,28369,271,4658
120,6,327,4304,78,25488,271,6661
120,6,327,4304,78,25488,271,6661
120,6,327,4304,78,25488,271,6661
120,6,327,4724,78,22656,271,8646
120,6,327,4724,78,22656,271,8646
120,6,327,4724,78,22656,271,8646
120,6,327,4724,78,22656,271,8646
120,6,327,4724,78,22656,271,8646
120,6,327,5139,78,19824,272,0609
120,6,327,5139,78,19824,272,0609
120,6,327,5139,78,19824,272,0609
120,6,327,5959,78,14258,272,4485
120,6,327,5959,78,14258,272,4485
120,6,327,5959,78,14258,272,4485
120,6,327,6428,78,11084,272,6702
120,6,327,6428,78,11084,272,6702
120,7,327,6428,78,11084,272,6702
120,7,327,6897,78,0791,272,8917
120,7,327,6897,78,0791,272,8917
120,7,327,6897,78,0791,272,8917
120,7,327,7378,78,04639,273,1193
120,7,327,7378,78,04639,273,1193
120,7,327,7864,78,01367,273,3488
120,7,327,7864,78,01367,273,3488
120,7,327,7864,78,01367,273,3488
120,7,327,8293,77,98438,273,552
120,7,327,8293,77,98438,273,552
120,7,327,8691,77,95752,273,7404
120,7,327,8691,77,95752,273,7404
120,7,327,8691,77,95752,273,7404
120,7,327,9104,77,92969,273,9353
120,7,327,9104,77,92969,273,9353
120,7,327,9539,77,8999,274,1411
120,7,327,9539,77,8999,274,1411
120,7,327,9539,77,8999,274,1411
120,7,327,9958,77,87158,274,339
120,7,327,9958,77,87158,274,339
120,7,328,0361,77,84424,274,5291
120,7,328,0361,77,84424,274,5291
120,7,328,0361,77,84424,274,5291
120,7,328,0781,77,81592,274,7271
120,7,328,0781,77,81592,274,7271
120,7,328,1184,77,78857,274,9172
120,7,328,1184,77,78857,274,9172
120,7,328,1184,77,78857,274,9172
120,7,328,1628,77,7583,275,1266
120,7,328,1628,77,7583,275,1266
120,7,328,1628,77,7583,275,1266
120,7,328,2034,77,73096,275,3177
120,7,328,2034,77,73096,275,3177
120,7,328,2454,77,70264,275,5156
120,7,328,2454,77,70264,275,5156
120,7,328,2454,77,70264,275,5156
120,7,328,2898,77,67236,275,7251
120,7,328,2898,77,67236,275,7251
120,7,328,2898,77,67236,275,7251
120,7,328,332,77,64355,275,9246
120,7,328,332,77,64355,275,9246
120,7,328,3801,77,61084,276,1519
120,7,328,3801,77,61084,276,1519
120,7,328,3801,77,61084,276,1519
120,7,328,4219,77,58252,276,3491
120,7,328,4219,77,58252,276,3491
120,7,328,4629,77,55469,276,543
120,7,328,4629,77,55469,276,543
120,7,328,4629,77,55469,276,543
120,7,328,5046,77,52637,276,7407
120,7,328,5046,77,52637,276,7407
120,7,328,5452,77,49902,276,9321
120,7,328,5452,77,49902,276,9321
120,7,328,5452,77,49902,276,9321
120,7,328,5862,77,47119,277,1259
120,7,328,5862,77,47119,277,1259
120,7,328,5862,77,47119,277,1259
120,7,328,6294,77,44189,277,3296
120,7,328,6294,77,44189,277,3296
120,7,328,6738,77,41162,277,5399
120,7,328,6738,77,41162,277,5399
120,7,328,7141,77,38428,277,7305
120,7,328,7141,77,38428,277,7305
120,7,328,7141,77,38428,277,7305
120,7,328,7532,77,35791,277,9155
120,7,328,7532,77,35791,277,9155
120,7,328,7927,77,33105,278,1018
120,7,328,7927,77,33105,278,1018
120,7,328,7927,77,33105,278,1018
120,7,328,8315,77,30469,278,2848
120,7,328,8315,77,30469,278,2848
120,7,328,8721,77,27734,278,4761
120,7,328,8721,77,27734,278,4761
120,7,328,9106,77,25098,278,6587
120,7,328,9106,77,25098,278,6587
120,7,328,9106,77,25098,278,6587
120,7,328,95,77,22412,278,8447
120,7,328,95,77,22412,278,8447
120,7,328,991,77,19629,279,0386
120,7,328,991,77,19629,279,0386
120,7,328,991,77,19629,279,0386
120,7,329,031,77,16895,279,2283
120,7,329,031,77,16895,279,2283
120,7,329,0725,77,14063,279,4241
120,7,329,0725,77,14063,279,4241
120,7,329,0725,77,14063,279,4241
120,7,329,1125,77,11328,279,6134
120,7,329,1125,77,11328,279,6134
120,7,329,1526,77,08594,279,8025
120,7,329,1526,77,08594,279,8025
120,7,329,1526,77,08594,279,8025
120,7,329,1938,77,05811,279,9977
120,7,329,1938,77,05811,279,9977
120,7,329,2332,77,03125,280,1833
120,7,329,2332,77,03125,280,1833
120,7,329,2708,77,00586,280,3613
120,7,329,2708,77,00586,280,3613
120,7,329,3064,76,98145,280,5298
120,7,329,3064,76,98145,280,5298
120,7,329,3064,76,98145,280,5298
120,7,329,342,76,95703,280,6982
120,7,329,342,76,95703,280,6982
120,7,329,3796,76,93164,280,8761
120,7,329,3796,76,93164,280,8761
120,7,329,4165,76,90674,281,0507
120,7,329,4165,76,90674,281,0507
120,7,329,4509,76,8833,281,2134
120,7,329,4509,76,8833,281,2134
120,7,329,4509,76,8833,281,2134
120,7,329,4856,76,85986,281,3777
120,7,329,4856,76,85986,281,3777
120,7,329,5251,76,83301,281,5645
120,7,329,5251,76,83301,281,5645
120,7,329,5251,76,83301,281,5645
120,7,329,5649,76,80615,281,7521
120,7,329,5649,76,80615,281,7521
120,7,329,6074,76,77734,281,9526
120,7,329,6074,76,77734,281,9526
120,7,329,6074,76,77734,281,9526
120,7,329,6487,76,74951,282,1477
120,8,329,6487,76,74951,282,1477
120,8,329,6487,76,74951,282,1477
120,8,329,6958,76,71777,282,3699
120,8,329,6958,76,71777,282,3699
120,8,329,7415,76,68701,282,5857
120,8,329,7415,76,68701,282,5857
120,8,329,7415,76,68701,282,5857
120,8,329,7837,76,6582,282,7856
120,8,329,7837,76,6582,282,7856
120,8,329,7837,76,6582,282,7856
120,8,329,8286,76,62793,282,9973
120,8,329,8286,76,62793,282,9973
120,8,329,8286,76,62793,282,9973
120,8,329,8696,76,6001,283,1908
120,8,329,8696,76,6001,283,1908
120,8,329,9189,76,56641,283,4237
120,8,329,9189,76,56641,283,4237
120,8,329,9189,76,56641,283,4237
120,8,329,9609,76,53809,283,6226
120,8,329,9609,76,53809,283,6226
120,8,330,0007,76,51123,283,8102
120,8,330,0007,76,51123,283,8102
120,8,330,0007,76,51123,283,8102
120,8,330,0444,76,48145,284,0171
120,8,330,0444,76,48145,284,0171
120,8,330,0879,76,45215,284,2219
120,8,330,0879,76,45215,284,2219
120,8,330,0879,76,45215,284,2219
120,8,330,1296,76,42383,284,4192
120,8,330,1296,76,42383,284,4192
120,8,330,1296,76,42383,284,4192
120,8,330,1716,76,39551,284,6179
120,8,330,1716,76,39551,284,6179
120,8,330,2136,76,3667,284,8169
120,8,330,2136,76,3667,284,8169
120,8,330,2136,76,3667,284,8169
120,8,330,2603,76,33496,285,0369
120,8,330,2603,76,33496,285,0369
120,8,330,2603,76,33496,285,0369
120,8,330,304,76,30518,285,2434
120,8,330,304,76,30518,285,2434
120,8,330,304,76,30518,285,2434
120,8,330,3486,76,2749,285,4547
120,8,330,3486,76,2749,285,4547
120,8,330,394,76,24414,285,6692
120,8,330,394,76,24414,285,6692
120,8,330,394,76,24414,285,6692
120,8,330,4429,76,21094,285,8998
120,8,330,4429,76,21094,285,8998
120,8,330,4429,76,21094,285,8998
120,8,330,4868,76,18115,286,1074
120,8,330,4868,76,18115,286,1074
120,8,330,5291,76,15234,286,3068
120,8,330,5291,76,15234,286,3068
120,8,330,5291,76,15234,286,3068
120,8,330,572,76,12305,286,5103
120,8,330,572,76,12305,286,5103
120,8,330,572,76,12305,286,5103
120,8,330,6157,76,09326,286,7166
120,8,330,6157,76,09326,286,7166
120,8,330,6157,76,09326,286,7166
120,8,330,6653,76,05957,286,951
120,8,330,6653,76,05957,286,951
120,8,330,6653,76,05957,286,951
120,8,330,6653,76,05957,286,951
120,8,330,7095,76,0293,287,1602
120,8,330,7095,76,0293,287,1602
120,8,330,7095,76,0293,287,1602
120,8,330,7717,75,9873,287,4541
120,8,330,7717,75,9873,287,4541
120,8,330,8259,75,95068,287,7103
120,8,330,8259,75,95068,287,7103
120,8,330,8259,75,95068,287,7103
120,8,330,8669,75,92285,287,9037
120,8,330,8669,75,92285,287,9037
120,8,330,8669,75,92285,287,9037
120,8,330,9128,75,8916,288,1211
120,8,330,9128,75,8916,288,1211
120,8,330,9534,75,86426,288,3125
120,8,330,9534,75,86426,288,3125
120,8,330,9915,75,83838,288,4929
120,8,330,9915,75,83838,288,4929
120,8,330,9915,75,83838,288,4929
120,8,331,03,75,81201,288,6758
120,8,331,03,75,81201,288,6758
120,8,331,0676,75,78662,288,8535
120,8,331,0676,75,78662,288,8535
120,8,331,1074,75,75977,289,0415
120,8,331,1074,75,75977,289,0415
120,8,331,1074,75,75977,289,0415
120,8,331,1467,75,73291,289,2274
120,8,331,1467,75,73291,289,2274
120,8,331,1853,75,70654,289,4097
120,8,331,1853,75,70654,289,4097
120,8,331,2239,75,68018,289,5918
120,8,331,2239,75,68018,289,5918
120,8,331,2239,75,68018,289,5918
120,8,331,2627,75,65381,289,7754
120,8,331,2627,75,65381,289,7754
120,8,331,301,75,62793,289,9567
120,8,331,301,75,62793,289,9567
120,8,331,301,75,62793,289,9567
120,8,331,3411,75,60059,290,1455
120,8,331,3411,75,60059,290,1455
120,8,331,3804,75,57373,290,3311
120,8,331,3804,75,57373,290,3311
120,8,331,3804,75,57373,290,3311
120,8,331,4211,75,5459,290,5242
120,8,331,4211,75,5459,290,5242
120,8,331,4624,75,51807,290,7189
120,8,331,4624,75,51807,290,7189
120,8,331,4624,75,51807,290,7189
120,8,331,5042,75,48975,290,9165
120,8,331,5042,75,48975,290,9165
120,8,331,5479,75,45996,291,1233
120,8,331,5479,75,45996,291,1233
120,8,331,5479,75,45996,291,1233
120,8,331,5898,75,43164,291,3221
120,8,331,5898,75,43164,291,3221
120,9,331,6311,75,40381,291,5173
120,9,331,6311,75,40381,291,5173
120,9,331,6311,75,40381,291,5173
120,9,331,6719,75,37598,291,71
120,9,331,6719,75,37598,291,71
120,9,331,6719,75,37598,291,71
120,9,331,7146,75,34717,291,9117
120,9,331,7146,75,34717,291,9117
120,9,331,7581,75,31787,292,1168
120,9,331,7581,75,31787,292,1168
120,9,331,7581,75,31787,292,1168
120,9,331,8,75,28955,292,3153
120,9,331,8,75,28955,292,3153
120,9,331,8413,75,26172,292,5105
120,9,331,8413,75,26172,292,5105
120,9,331,8413,75,26172,292,5105
120,9,331,884,75,23291,292,7119
120,9,331,884,75,23291,292,7119
120,9,331,884,75,23291,292,7119
120,9,331,9255,75,20459,292,9082
120,9,331,9255,75,20459,292,9082
120,9,331,9697,75,1748,293,1167
120,9,331,9697,75,1748,293,1167
120,9,331,9697,75,1748,293,1167
120,9,332,0154,75,14355,293,3328
120,9,332,0154,75,14355,293,3328
120,9,332,0154,75,14355,293,3328
120,9,332,0601,75,11328,293,5437
120,9,332,0601,75,11328,293,5437
120,9,332,1035,75,08398,293,7493
120,9,332,1035,75,08398,293,7493
120,9,332,1035,75,08398,293,7493
120,9,332,1479,75,05371,293,9589
120,9,332,1479,75,05371,293,9589
120,9,332,1479,75,05371,293,9589
120,9,332,1887,75,02588,294,1511
120,9,332,1887,75,02588,294,1511
120,9,332,2322,74,99658,294,3561
120,9,332,2322,74,99658,294,3561
120,9,332,2322,74,99658,294,3561
120,9,332,2725,74,96924,294,5466
120,9,332,2725,74,96924,294,5466
120,9,332,313,74,94189,294,738
120,9,332,313,74,94189,294,738
120,9,332,313,74,94189,294,738
120,9,332,3562,74,9126,294,9417
120,9,332,3562,74,9126,294,9417
120,9,332,3979,74,88428,295,1392
120,9,332,3979,74,88428,295,1392
120,9,332,3979,74,88428,295,1392
120,9,332,4421,74,85449,295,3473
120,9,332,4421,74,85449,295,3473
120,9,332,4421,74,85449,295,3473
120,9,332,4854,74,8252,295,5513
120,9,332,4854,74,8252,295,5513
120,9,332,5271,74,79688,295,7483
120,9,332,5271,74,79688,295,7483
120,9,332,5271,74,79688,295,7483
120,9,332,5701,74,76758,295,951
120,9,332,5701,74,76758,295,951
120,9,332,6101,74,74023,296,1406
120,9,332,6101,74,74023,296,1406
120,9,332,6101,74,74023,296,1406
120,9,332,6521,74,71191,296,3394
120,9,332,6521,74,71191,296,3394
120,9,332,6926,74,68457,296,5313
120,9,332,6926,74,68457,296,5313
120,9,332,6926,74,68457,296,5313
120,9,332,7314,74,6582,296,715
120,9,332,7314,74,6582,296,715
120,9,332,7729,74,62988,296,9114
120,9,332,7729,74,62988,296,9114
120,9,332,813,74,60254,297,1006
120,9,332,813,74,60254,297,1006
120,9,332,813,74,60254,297,1006
120,9,332,8528,74,57568,297,2887
120,9,332,8528,74,57568,297,2887
120,9,332,8914,74,54932,297,4714
120,9,332,8914,74,54932,297,4714
120,9,332,8914,74,54932,297,4714
120,9,332,9307,74,52246,297,6567
120,9,332,9307,74,52246,297,6567
120,9,332,9695,74,49609,297,8408
120,9,332,9695,74,49609,297,8408
120,9,332,9695,74,49609,297,8408
120,9,333,0103,74,46826,298,0334
120,9,333,0103,74,46826,298,0334
120,9,333,0518,74,43994,298,2297
120,9,333,0518,74,43994,298,2297
120,9,333,0925,74,41211,298,4226
120,9,333,0925,74,41211,298,4226
120,9,333,0925,74,41211,298,4226
120,9,333,1323,74,38525,298,6111
120,9,333,1323,74,38525,298,6111
120,9,333,1719,74,3584,298,7976
120,9,333,1719,74,3584,298,7976
120,9,333,1719,74,3584,298,7976
120,9,333,2139,74,33008,298,9963
120,9,333,2139,74,33008,298,9963
120,9,333,2546,74,30225,299,1893
120,9,333,2546,74,30225,299,1893
120,9,333,2546,74,30225,299,1893
120,9,333,2954,74,27441,299,3817
120,9,333,2954,74,27441,299,3817
120,9,333,2954,74,27441,299,3817
120,9,333,3362,74,24658,299,5742
120,9,333,3362,74,24658,299,5742
120,9,333,3843,74,21387,299,8018
120,9,333,3843,74,21387,299,8018
120,9,333,3843,74,21387,299,8018
120,9,333,4265,74,18506,300,001
120,9,333,4265,74,18506,300,001
120,9,333,4265,74,18506,300,001
120,9,333,4688,74,15625,300,2003
120,9,333,4688,74,15625,300,2003
120,9,333,5122,74,12695,300,4053
120,9,333,5122,74,12695,300,4053
120,9,333,5515,74,1001,300,5916
120,9,333,5515,74,1001,300,5916
120,9,333,5515,74,1001,300,5916
120,9,333,5911,74,07324,300,7789
120,9,333,5911,74,07324,300,7789
120,9,333,6313,74,0459,300,9688
120,9,333,6313,74,0459,300,9688
120,9,333,6313,74,0459,300,9688
120,9,333,6726,74,01807,301,1638
120,9,333,6726,74,01807,301,1638
120,9,333,6726,74,01807,301,1638
120,9,333,7146,73,98926,301,3628
120,9,333,7146,73,98926,301,3628
120,9,333,7563,73,96094,301,5597
120,9,333,7563,73,96094,301,5597
120,9,333,7563,73,96094,301,5597
120,9,333,7979,73,93262,301,7562
120,9,333,7979,73,93262,301,7562
120,9,333,8384,73,90527,301,9473
120,9,333,8384,73,90527,301,9473
120,9,333,8384,73,90527,301,9473
120,9,333,8789,73,87793,302,1387
120,9,333,8789,73,87793,302,1387
120,9,333,9214,73,84912,302,3395
120,9,333,9214,73,84912,302,3395
120,9,333,9214,73,84912,302,3395
120,9,333,9626,73,82129,302,5343
120,9,333,9626,73,82129,302,5343
120,9,334,0061,73,79199,302,7397
120,9,334,0061,73,79199,302,7397
120,9,334,0061,73,79199,302,7397
120,9,334,0476,73,76367,302,9353
120,9,334,0476,73,76367,302,9353
120,9,334,0476,73,76367,302,9353
120,9,334,0916,73,73389,303,1433
120,9,334,0916,73,73389,303,1433
120,9,334,134,73,70508,303,3438
120,9,334,134,73,70508,303,3438
120,9,334,134,73,70508,303,3438
120,9,334,1765,73,67627,303,5444
120,9,334,1765,73,67627,303,5444
120,9,334,2163,73,64941,303,7321
120,9,334,2163,73,64941,303,7321
120,9,334,2163,73,64941,303,7321
120,9,334,2585,73,62061,303,931
120,9,334,2585,73,62061,303,931
120,9,334,2983,73,59375,304,1191
120,9,334,2983,73,59375,304,1191
120,9,334,2983,73,59375,304,1191
120,9,334,3406,73,56494,304,3185
120,9,334,3406,73,56494,304,3185
120,9,334,3796,73,53857,304,5034
120,9,334,3796,73,53857,304,5034
120,9,334,3796,73,53857,304,5034
120,9,334,4243,73,5083,304,715
120,9,334,4243,73,5083,304,715
120,9,334,4661,73,47998,304,9124
120,9,334,4661,73,47998,304,9124
120,9,334,4661,73,47998,304,9124
120,9,334,5083,73,45117,305,1121
120,9,334,5083,73,45117,305,1121
120,9,334,5481,73,42432,305,2998
120,9,334,5481,73,42432,305,2998
120,9,334,5481,73,42432,305,2998
120,9,334,5884,73,39697,305,4905
120,9,334,5884,73,39697,305,4905
120,9,334,6289,73,36963,305,6824
120,9,334,6289,73,36963,305,6824
120,9,334,6289,73,36963,305,6824
120,9,334,6702,73,3418,305,8772
120,9,334,6702,73,3418,305,8772
120,9,334,7122,73,31348,306,0756
120,9,334,7122,73,31348,306,0756
120,9,334,7122,73,31348,306,0756
120,9,334,7544,73,28467,306,2754
120,9,334,7544,73,28467,306,2754
120,9,334,7957,73,25684,306,4707
120,9,334,7957,73,25684,306,4707
120,9,334,7957,73,25684,306,4707
120,9,334,8352,73,22998,306,657
120,9,334,8352,73,22998,306,657
120,9,334,8728,73,20459,306,8347
120,9,334,8728,73,20459,306,8347
120,9,334,9138,73,17676,307,0282
120,9,334,9138,73,17676,307,0282
120,9,334,9138,73,17676,307,0282
120,9,334,9531,73,1499,307,2144
120,9,334,9531,73,1499,307,2144
120,9,334,9531,73,1499,307,2144
120,9,334,9954,73,12109,307,4141
120,9,334,9954,73,12109,307,4141
120,9,335,0364,73,09326,307,6073
120,9,335,0364,73,09326,307,6073
120,9,335,0364,73,09326,307,6073
120,9,335,0789,73,06445,307,8079
120,9,335,0789,73,06445,307,8079
120,9,335,1189,73,03711,307,9971
120,9,335,1189,73,03711,307,9971
120,9,335,1189,73,03711,307,9971
120,9,335,1599,73,00928,308,1908
120,9,335,1599,73,00928,308,1908
120,9,335,1997,72,98242,308,3793
120,9,335,1997,72,98242,308,3793
120,9,335,1997,72,98242,308,3793
120,9,335,2429,72,95313,308,5829
120,9,335,2429,72,95313,308,5829
120,9,335,2837,72,92529,308,7751
120,9,335,2837,72,92529,308,7751
120,9,335,2837,72,92529,308,7751
120,9,335,3274,72,89551,308,9819
120,9,335,3274,72,89551,308,9819
120,9,335,3274,72,89551,308,9819
120,9,335,3711,72,86572,309,1881
120,9,335,3711,72,86572,309,1881
120,9,335,4153,72,83594,309,3971
120,9,335,4153,72,83594,309,3971
120,9,335,4153,72,83594,309,3971
120,9,335,459,72,80615,309,6035
120,9,335,459,72,80615,309,6035
120,9,335,459,72,80615,309,6035
120,9,335,5012,72,77734,309,8035
120,9,335,5012,72,77734,309,8035
120,9,335,5439,72,74805,310,0057
120,9,335,5439,72,74805,310,0057
120,9,335,5439,72,74805,310,0057
120,9,335,5876,72,71826,310,2124
120,9,335,5876,72,71826,310,2124
120,9,335,6309,72,68896,310,4165
120,9,335,6309,72,68896,310,4165
120,9,335,6309,72,68896,310,4165
120,9,335,6704,72,66211,310,6029
120,9,335,6704,72,66211,310,6029
120,9,335,7107,72,63477,310,7937
120,9,335,7107,72,63477,310,7937
120,9,335,7107,72,63477,310,7937
120,9,335,749,72,60889,310,9744
120,9,335,749,72,60889,310,9744
120,9,335,7898,72,58105,311,1676
120,9,335,7898,72,58105,311,1676
120,9,335,7898,72,58105,311,1676
120,9,335,8306,72,55322,311,3599
120,9,335,8306,72,55322,311,3599
120,9,335,8306,72,55322,311,3599
120,9,335,8774,72,52148,311,5811
120,9,335,8774,72,52148,311,5811
120,9,335,925,72,48926,311,8063
120,9,335,925,72,48926,311,8063
120,9,335,925,72,48926,311,8063
120,9,335,9656,72,46191,311,9982
120,9,335,9656,72,46191,311,9982
120,9,336,0068,72,43408,312,1936
120,9,336,0068,72,43408,312,1936
120,9,336,0068,72,43408,312,1936
120,9,336,0481,72,40625,312,3889
120,9,336,0481,72,40625,312,3889
120,9,336,0869,72,37988,312,572
120,9,336,0869,72,37988,312,572
120,9,336,0869,72,37988,312,572
120,9,336,1296,72,35107,312,7734
120,9,336,1296,72,35107,312,7734
120,9,336,1682,72,32471,312,9556
120,9,336,1682,72,32471,312,9556
120,9,336,2083,72,29736,313,1451
120,9,336,2083,72,29736,313,1451
120,9,336,2083,72,29736,313,1451
120,9,336,2483,72,27051,313,3337
120,9,336,2483,72,27051,313,3337
120,9,336,2896,72,24268,313,5283
120,9,336,2896,72,24268,313,5283
120,9,336,2896,72,24268,313,5283
120,9,336,3298,72,21533,313,7188
120,9,336,3298,72,21533,313,7188
120,9,336,3298,72,21533,313,7188
120,9,336,3298,72,21533,313,7188
120,9,336,3718,72,18652,313,9177
120,9,336,3718,72,18652,313,9177
120,9,336,3718,72,18652,313,9177
120,9,336,3718,72,18652,313,9177
120,9,336,4338,72,14453,314,2109
120,9,336,4338,72,14453,314,2109
120,9,336,4338,72,14453,314,2109
120,9,336,4993,72,1001,314,5206
120,9,336,4993,72,1001,314,5206
120,9,336,4993,72,1001,314,5206
120,9,336,5544,72,0625,314,7813
120,9,336,5544,72,0625,314,7813
120,9,336,5544,72,0625,314,7813
120,9,336,6094,72,02539,315,0404
120,9,336,6094,72,02539,315,0404
120,9,336,6094,72,02539,315,0404
120,9,336,6589,71,9917,315,2743
120,9,336,6589,71,9917,315,2743
120,9,336,6975,71,96533,315,4563
120,9,336,6975,71,96533,315,4563
120,9,336,6975,71,96533,315,4563
120,9,336,7375,71,93799,315,645
120,9,336,7375,71,93799,315,645
120,9,336,7778,71,91064,315,8352
120,9,336,7778,71,91064,315,8352
120,9,336,7778,71,91064,315,8352
120,9,336,8179,71,8833,316,0245
120,9,336,8179,71,8833,316,0245
120,9,336,8569,71,85693,316,2089
120,9,336,8569,71,85693,316,2089
120,9,336,8958,71,83057,316,3926
120,9,336,8958,71,83057,316,3926
120,9,336,8958,71,83057,316,3926
120,9,336,9348,71,8042,316,5776
120,9,336,9348,71,8042,316,5776
120,9,336,9727,71,77832,316,7565
120,9,336,9727,71,77832,316,7565
120,10,337,0117,71,75195,316,9406
120,10,337,0117,71,75195,316,9406
120,10,337,0117,71,75195,316,9406
120,10,337,0496,71,72607,317,1195
120,10,337,0496,71,72607,317,1195
120,10,337,0874,71,70068,317,2979
120,10,337,0874,71,70068,317,2979
120,10,337,1262,71,67432,317,481
120,10,337,1262,71,67432,317,481
120,10,337,1262,71,67432,317,481
120,10,337,1643,71,64844,317,6606
120,10,337,1643,71,64844,317,6606
120,10,337,2026,71,62256,317,8422
120,10,337,2026,71,62256,317,8422
120,10,337,2419,71,5957,318,0276
120,10,337,2419,71,5957,318,0276
120,10,337,2419,71,5957,318,0276
120,10,337,2795,71,57031,318,2052
120,10,337,2795,71,57031,318,2052
120,10,337,3167,71,54492,318,3806
120,10,337,3167,71,54492,318,3806
120,10,337,3547,71,51904,318,5609
120,10,337,3547,71,51904,318,5609
120,10,337,3547,71,51904,318,5609
120,10,337,3928,71,49316,318,7407
120,10,337,3928,71,49316,318,7407
120,10,337,3928,71,49316,318,7407
120,10,337,4382,71,4624,318,9556
120,10,337,4382,71,4624,318,9556
120,10,337,4805,71,43359,319,1549
120,10,337,4805,71,43359,319,1549
120,10,337,519,71,40723,319,337
120,10,337,519,71,40723,319,337
120,10,337,5559,71,38232,319,5116
120,10,337,5559,71,38232,319,5116
120,10,337,5559,71,38232,319,5116
120,10,337,5925,71,35742,319,6852
120,10,337,5925,71,35742,319,6852
120,10,337,6296,71,33252,319,8599
120,10,337,6296,71,33252,319,8599
120,10,337,6672,71,30713,320,0376
120,10,337,6672,71,30713,320,0376
120,10,337,7039,71,28223,320,2102
120,10,337,7039,71,28223,320,2102
120,10,337,7039,71,28223,320,2102
120,10,337,7395,71,25781,320,3787
120,10,337,7395,71,25781,320,3787
120,10,337,7761,71,23291,320,5511
120,10,337,7761,71,23291,320,5511
120,10,337,814,71,20703,320,7297
120,10,337,814,71,20703,320,7297
120,10,337,814,71,20703,320,7297
120,10,337,8511,71,18164,320,9052
120,10,337,8511,71,18164,320,9052
120,10,337,8911,71,1543,321,0945
120,10,337,8911,71,1543,321,0945
120,10,337,9297,71,12793,321,2766
120,10,337,9297,71,12793,321,2766
120,10,337,9661,71,10352,321,4482
120,10,337,9661,71,10352,321,4482
120,10,337,9661,71,10352,321,4482
120,10,338,0037,71,07813,321,6261
120,10,338,0037,71,07813,321,6261
120,10,338,0398,71,05371,321,7969
120,10,338,0398,71,05371,321,7969
120,10,338,0786,71,02734,321,9799
120,10,338,0786,71,02734,321,9799
120,10,338,1147,71,00293,322,1509
120,10,338,1147,71,00293,322,1509
120,10,338,1147,71,00293,322,1509
120,10,338,1516,70,97803,322,3253
120,10,338,1516,70,97803,322,3253
120,10,338,1877,70,95361,322,4954
120,10,338,1877,70,95361,322,4954
120,10,338,2249,70,92822,322,6708
120,10,338,2249,70,92822,322,6708
120,10,338,2249,70,92822,322,6708
120,10,338,2625,70,90283,322,8486
120,10,338,2625,70,90283,322,8486
120,10,338,3091,70,87109,323,0693
120,10,338,3091,70,87109,323,0693
120,10,338,3445,70,84717,323,2362
120,10,338,3445,70,84717,323,2362
120,10,338,3794,70,82373,323,401
120,10,338,3794,70,82373,323,401
120,10,338,3794,70,82373,323,401
120,10,338,4141,70,80029,323,5647
120,10,338,4141,70,80029,323,5647
120,10,338,4502,70,77588,323,7356
120,10,338,4502,70,77588,323,7356
120,10,338,4878,70,75049,323,9137
120,10,338,4878,70,75049,323,9137
120,10,338,5232,70,72656,324,0806
120,10,338,5232,70,72656,324,0806
120,10,338,5232,70,72656,324,0806
120,10,338,5591,70,70215,324,2498
120,10,338,5591,70,70215,324,2498
120,10,338,5962,70,67725,324,4247
120,10,338,5962,70,67725,324,4247
120,10,338,636,70,65039,324,6123
120,10,338,636,70,65039,324,6123
120,10,338,636,70,65039,324,6123
120,10,338,677,70,62256,324,8059
120,10,338,677,70,62256,324,8059
120,10,338,677,70,62256,324,8059
120,10,338,7178,70,59473,324,9987
120,10,338,7178,70,59473,324,9987
120,10,338,7178,70,59473,324,9987
120,10,338,7632,70,56396,325,2133
120,10,338,7632,70,56396,325,2133
120,10,338,7632,70,56396,325,2133
120,10,338,7632,70,56396,325,2133
120,10,338,8147,70,5293,325,4563
120,10,338,8147,70,5293,325,4563
120,10,338,8147,70,5293,325,4563
120,10,338,8748,70,48828,325,7406
120,10,338,8748,70,48828,325,7406
120,10,338,8748,70,48828,325,7406
120,10,338,8748,70,48828,325,7406
120,10,338,9326,70,44873,326,0143
120,11,338,9326,70,44873,326,0143
120,11,338,9326,70,44873,326,0143
120,11,338,989,70,41016,326,2813
120,11,338,989,70,41016,326,2813
120,11,338,989,70,41016,326,2813
120,11,338,989,70,41016,326,2813
120,11,339,0486,70,36963,326,5626
120,11,339,0486,70,36963,326,5626
120,11,339,0486,70,36963,326,5626
120,11,339,1062,70,33057,326,8346
120,11,339,1062,70,33057,326,8346
120,11,339,1062,70,33057,326,8346
120,11,339,1062,70,33057,326,8346
120,11,339,1677,70,28906,327,125
120,11,339,1677,70,28906,327,125
120,11,339,1677,70,28906,327,125
120,11,339,1677,70,28906,327,125
120,11,339,229,70,24756,327,4146
120,11,339,229,70,24756,327,4146
120,11,339,229,70,24756,327,4146
120,11,339,229,70,24756,327,4146
120,11,339,2915,70,20508,327,71
120,11,339,2915,70,20508,327,71
120,11,339,2915,70,20508,327,71
120,11,339,2915,70,20508,327,71
120,11,339,3545,70,16211,328,0078
120,11,339,3545,70,16211,328,0078
120,11,339,3545,70,16211,328,0078
120,11,339,3545,70,16211,328,0078
120,11,339,4204,70,11719,328,3196
120,11,339,4204,70,11719,328,3196
120,11,339,4204,70,11719,328,3196
120,11,339,4204,70,11719,328,3196
120,11,339,4846,70,07373,328,6233
120,11,339,4846,70,07373,328,6233
120,11,339,4846,70,07373,328,6233
120,11,339,4846,70,07373,328,6233
120,11,339,551,70,02881,328,9365
120,11,339,551,70,02881,328,9365
120,11,339,551,70,02881,328,9365
120,11,339,551,70,02881,328,9365
120,11,339,6172,69,98389,329,2494
120,11,339,6172,69,98389,329,2494
120,11,339,6172,69,98389,329,2494
120,11,339,6172,69,98389,329,2494
120,11,339,6846,69,93799,329,5677
120,11,339,6846,69,93799,329,5677
120,11,339,6846,69,93799,329,5677
120,11,339,6846,69,93799,329,5677
120,11,339,6846,69,93799,329,5677
120,11,339,7534,69,89111,329,8932
120,11,339,7534,69,89111,329,8932
120,11,339,7534,69,89111,329,8932
120,11,339,7534,69,89111,329,8932
120,11,339,8271,69,84082,330,2417
120,11,339,8271,69,84082,330,2417
120,11,339,8271,69,84082,330,2417
120,11,339,8271,69,84082,330,2417
120,11,339,8271,69,84082,330,2417
120,11,339,9014,69,79053,330,5923
120,11,339,9014,69,79053,330,5923
120,11,339,9014,69,79053,330,5923
120,11,339,9014,69,79053,330,5923
120,11,339,9763,69,73975,330,946
120,11,339,9763,69,73975,330,946
120,11,339,9763,69,73975,330,946
120,11,339,9763,69,73975,330,946
120,11,340,0491,69,69043,331,2891
120,11,340,0491,69,69043,331,2891
120,11,340,0491,69,69043,331,2891
120,11,340,0491,69,69043,331,2891
120,11,340,0491,69,69043,331,2891
120,11,340,1167,69,64453,331,6083
120,11,340,1167,69,64453,331,6083
120,11,340,1167,69,64453,331,6083
120,11,340,1167,69,64453,331,6083
120,11,340,1912,69,59424,331,9601
120,11,340,1912,69,59424,331,9601
120,11,340,1912,69,59424,331,9601
120,11,340,1912,69,59424,331,9601
120,11,340,1912,69,59424,331,9601
120,11,340,2615,69,54639,332,2926
120,11,340,2615,69,54639,332,2926
120,11,340,2615,69,54639,332,2926
120,11,340,2615,69,54639,332,2926
120,11,340,3345,69,49707,332,6375
120,11,340,3345,69,49707,332,6375
120,11,340,3345,69,49707,332,6375
120,11,340,3345,69,49707,332,6375
120,11,340,3345,69,49707,332,6375
120,11,340,4111,69,44482,332,9998
120,11,340,4111,69,44482,332,9998
120,11,340,4111,69,44482,332,9998
120,11,340,4111,69,44482,332,9998
120,11,340,4851,69,39453,333,3495
120,11,340,4851,69,39453,333,3495
120,11,340,4851,69,39453,333,3495
120,11,340,4851,69,39453,333,3495
120,11,340,4851,69,39453,333,3495
120,11,340,5581,69,34521,333,6941
120,11,340,5581,69,34521,333,6941
120,11,340,5581,69,34521,333,6941
120,11,340,5581,69,34521,333,6941
120,11,340,5581,69,34521,333,6941
120,11,340,6362,69,29199,334,063
120,11,340,6362,69,29199,334,063
120,11,340,6362,69,29199,334,063
120,11,340,6362,69,29199,334,063
120,11,340,6362,69,29199,334,063
120,11,340,7131,69,23975,334,4268
120,11,340,7131,69,23975,334,4268
120,11,340,7131,69,23975,334,4268
120,11,340,7131,69,23975,334,4268
120,11,340,7131,69,23975,334,4268
120,11,340,7952,69,18408,334,8142
120,11,340,7952,69,18408,334,8142
120,11,340,7952,69,18408,334,8142
120,11,340,7952,69,18408,334,8142
120,11,340,7952,69,18408,334,8142
120,11,340,8772,69,12842,335,2017
120,11,340,8772,69,12842,335,2017
120,11,340,8772,69,12842,335,2017
120,11,340,8772,69,12842,335,2017
120,11,340,9587,69,07324,335,5867
120,11,340,9587,69,07324,335,5867
120,11,340,9587,69,07324,335,5867
120,11,340,9587,69,07324,335,5867
120,11,340,9587,69,07324,335,5867
120,11,341,0383,69,01904,335,9631
120,12,341,0383,69,01904,335,9631
120,12,341,0383,69,01904,335,9631
120,12,341,0383,69,01904,335,9631
120,12,341,0383,69,01904,335,9631
120,12,341,1204,68,96338,336,3506
120,12,341,1204,68,96338,336,3506
120,12,341,1204,68,96338,336,3506
120,12,341,1204,68,96338,336,3506
120,12,341,1204,68,96338,336,3506
120,12,341,2024,68,90771,336,738
120,12,341,2024,68,90771,336,738
120,12,341,2024,68,90771,336,738
120,12,341,2024,68,90771,336,738
120,12,341,2024,68,90771,336,738
120,12,341,2844,68,85205,337,1255
120,12,341,2844,68,85205,337,1255
120,12,341,2844,68,85205,337,1255
120,12,341,2844,68,85205,337,1255
120,12,341,2844,68,85205,337,1255
120,12,341,3665,68,79639,337,5129
120,12,341,3665,68,79639,337,5129
120,12,341,3665,68,79639,337,5129
120,12,341,3665,68,79639,337,5129
120,12,341,3665,68,79639,337,5129
120,12,341,4485,68,74072,337,9004
120,12,341,4485,68,74072,337,9004
120,12,341,4485,68,74072,337,9004
120,12,341,4485,68,74072,337,9004
120,12,341,4485,68,74072,337,9004
120,12,341,5303,68,68506,338,2866
120,12,341,5303,68,68506,338,2866
120,12,341,5303,68,68506,338,2866
120,12,341,5303,68,68506,338,2866
120,12,341,5303,68,68506,338,2866
120,12,341,6123,68,62939,338,6741
120,12,341,6123,68,62939,338,6741
120,12,341,6123,68,62939,338,6741
120,12,341,6123,68,62939,338,6741
120,12,341,6123,68,62939,338,6741
120,12,341,6943,68,57373,339,0615
120,12,341,6943,68,57373,339,0615
120,12,341,6943,68,57373,339,0615
120,12,341,6943,68,57373,339,0615
120,12,341,6943,68,57373,339,0615
120,12,341,7764,68,51807,339,449
120,12,341,7764,68,51807,339,449
120,12,341,7764,68,51807,339,449
120,12,341,7764,68,51807,339,449
120,12,341,7764,68,51807,339,449
120,12,341,8584,68,4624,339,8364
120,12,341,8584,68,4624,339,8364
120,12,341,8584,68,4624,339,8364
120,12,341,8584,68,4624,339,8364
120,12,341,8584,68,4624,339,8364
120,12,341,9404,68,40674,340,2239
120,12,341,9404,68,40674,340,2239
120,12,341,9404,68,40674,340,2239
120,12,341,9404,68,40674,340,2239
120,12,341,9404,68,40674,340,2239
120,12,342,0215,68,35156,340,6071
120,12,342,0215,68,35156,340,6071
120,12,342,0215,68,35156,340,6071
120,12,342,0215,68,35156,340,6071
120,12,342,0215,68,35156,340,6071
120,12,342,1033,68,2959,340,9933
120,12,342,1033,68,2959,340,9933
120,12,342,1033,68,2959,340,9933
120,12,342,1033,68,2959,340,9933
120,12,342,1033,68,2959,340,9933
120,12,342,1829,68,2417,341,3691
120,12,342,1829,68,2417,341,3691
120,12,342,1829,68,2417,341,3691
120,12,342,1829,68,2417,341,3691
120,12,342,1829,68,2417,341,3691
120,12,342,2649,68,18604,341,7566
120,12,342,2649,68,18604,341,7566
120,12,342,2649,68,18604,341,7566
120,12,342,2649,68,18604,341,7566
120,12,342,2649,68,18604,341,7566
120,12,342,3469,68,13037,342,144
120,12,342,3469,68,13037,342,144
120,12,342,3469,68,13037,342,144
120,12,342,3469,68,13037,342,144
120,12,342,3469,68,13037,342,144
120,12,342,429,68,07471,342,5315
120,12,342,429,68,07471,342,5315
120,12,342,429,68,07471,342,5315
120,12,342,429,68,07471,342,5315
120,12,342,429,68,07471,342,5315
120,12,342,511,68,01904,342,9189
120,12,342,511,68,01904,342,9189
120,12,342,511,68,01904,342,9189
120,12,342,511,68,01904,342,9189
120,12,342,511,68,01904,342,9189
120,12,342,593,67,96338,343,3064
120,12,342,593,67,96338,343,3064
120,12,342,593,67,96338,343,3064
120,12,342,593,67,96338,343,3064
120,12,342,593,67,96338,343,3064
120,12,342,675,67,90771,343,6938
120,12,342,675,67,90771,343,6938
120,12,342,675,67,90771,343,6938
120,12,342,675,67,90771,343,6938
120,12,342,675,67,90771,343,6938
120,12,342,7571,67,85205,344,0813
120,12,342,7571,67,85205,344,0813
120,12,342,7571,67,85205,344,0813
120,12,342,7571,67,85205,344,0813
120,12,342,7571,67,85205,344,0813
120,12,342,8391,67,79639,344,4688
120,12,342,8391,67,79639,344,4688
120,12,342,8391,67,79639,344,4688
120,12,342,8391,67,79639,344,4688
120,12,342,8391,67,79639,344,4688
120,12,342,9211,67,74072,344,8563
120,12,342,9211,67,74072,344,8563
120,12,342,9211,67,74072,344,8563
120,12,342,9211,67,74072,344,8563
120,12,342,9211,67,74072,344,8563
120,12,343,0032,67,68506,345,2438
120,12,343,0032,67,68506,345,2438
120,12,343,0032,67,68506,345,2438
120,12,343,0032,67,68506,345,2438
120,12,343,0032,67,68506,345,2438
120,12,343,0852,67,62939,345,6313
120,13,343,0852,67,62939,345,6313
120,13,343,0852,67,62939,345,6313
120,13,343,0852,67,62939,345,6313
120,13,343,0852,67,62939,345,6313
120,13,343,1672,67,57373,346,0189
120,13,343,1672,67,57373,346,0189
120,13,343,1672,67,57373,346,0189
120,13,343,1672,67,57373,346,0189
120,13,343,1672,67,57373,346,0189
120,13,343,2493,67,51807,346,4064
120,13,343,2493,67,51807,346,4064
120,13,343,2493,67,51807,346,4064
120,13,343,2493,67,51807,346,4064
120,13,343,2493,67,51807,346,4064
120,13,343,3313,67,4624,346,7939
120,13,343,3313,67,4624,346,7939
120,13,343,3313,67,4624,346,7939
120,13,343,3313,67,4624,346,7939
120,13,343,3313,67,4624,346,7939
120,13,343,4133,67,40674,347,1814
120,13,343,4133,67,40674,347,1814
120,13,343,4133,67,40674,347,1814
120,13,343,4133,67,40674,347,1814
120,13,343,4133,67,40674,347,1814
120,13,343,4954,67,35107,347,5689
120,13,343,4954,67,35107,347,5689
120,13,343,4954,67,35107,347,5689
120,13,343,4954,67,35107,347,5689
120,13,343,4954,67,35107,347,5689
120,13,343,5774,67,29541,347,9564
120,13,343,5774,67,29541,347,9564
120,13,343,5774,67,29541,347,9564
120,13,343,5774,67,29541,347,9564
120,13,343,5774,67,29541,347,9564
120,13,343,6594,67,23975,348,3439
120,13,343,6594,67,23975,348,3439
120,13,343,6594,67,23975,348,3439
120,13,343,6594,67,23975,348,3439
120,13,343,6594,67,23975,348,3439
120,13,343,7415,67,18408,348,7314
120,13,343,7415,67,18408,348,7314
120,13,343,7415,67,18408,348,7314
120,13,343,7415,67,18408,348,7314
120,13,343,7415,67,18408,348,7314
120,13,343,8235,67,12842,349,119
120,13,343,8235,67,12842,349,119
120,13,343,8235,67,12842,349,119
120,13,343,8235,67,12842,349,119
120,13,343,8235,67,12842,349,119
120,13,343,9055,67,07275,349,5065
120,13,343,9055,67,07275,349,5065
120,13,343,9055,67,07275,349,5065
120,13,343,9055,67,07275,349,5065
120,13,343,9055,67,07275,349,5065
120,13,343,9875,67,01709,349,894
120,13,343,9875,67,01709,349,894
120,13,343,9875,67,01709,349,894
120,13,343,9875,67,01709,349,894
120,13,343,9875,67,01709,349,894
120,13,344,0696,66,96143,350,2815
120,13,344,0696,66,96143,350,2815
120,13,344,0696,66,96143,350,2815
120,13,344,0696,66,96143,350,2815
120,13,344,0696,66,96143,350,2815
120,13,344,1516,66,90576,350,669
120,13,344,1516,66,90576,350,669
120,13,344,1516,66,90576,350,669
120,13,344,1516,66,90576,350,669
120,13,344,1516,66,90576,350,669
120,13,344,2336,66,8501,351,0565
120,13,344,2336,66,8501,351,0565
120,13,344,2336,66,8501,351,0565
120,13,344,2336,66,8501,351,0565
120,13,344,2336,66,8501,351,0565
120,13,344,3157,66,79443,351,444
120,13,344,3157,66,79443,351,444
120,13,344,3157,66,79443,351,444
120,13,344,3157,66,79443,351,444
120,13,344,3157,66,79443,351,444
120,13,344,3977,66,73877,351,8315
120,13,344,3977,66,73877,351,8315
120,13,344,3977,66,73877,351,8315
120,13,344,3977,66,73877,351,8315
120,13,344,3977,66,73877,351,8315
120,13,344,4797,66,68311,352,2191
120,13,344,4797,66,68311,352,2191
120,13,344,4797,66,68311,352,2191
120,13,344,4797,66,68311,352,2191
120,13,344,4797,66,68311,352,2191
120,13,344,5618,66,62744,352,6066
120,13,344,5618,66,62744,352,6066
120,13,344,5618,66,62744,352,6066
120,13,344,5618,66,62744,352,6066
120,13,344,5618,66,62744,352,6066
120,13,344,6438,66,57178,352,9941
120,13,344,6438,66,57178,352,9941
120,13,344,6438,66,57178,352,9941
120,13,344,6438,66,57178,352,9941
120,13,344,6438,66,57178,352,9941
120,13,344,7258,66,51611,353,3816
120,13,344,7258,66,51611,353,3816
120,13,344,7258,66,51611,353,3816
120,13,344,7258,66,51611,353,3816
120,13,344,7258,66,51611,353,3816
120,13,344,8079,66,46045,353,7691
120,14,344,8079,66,46045,353,7691
120,14,344,8079,66,46045,353,7691
120,14,344,8079,66,46045,353,7691
120,14,344,8079,66,46045,353,7691
120,14,344,8899,66,40479,354,1566
120,14,344,8899,66,40479,354,1566
120,14,344,8899,66,40479,354,1566
120,14,344,8899,66,40479,354,1566
120,14,344,8899,66,40479,354,1566
120,14,344,9719,66,34912,354,5441
120,14,344,9719,66,34912,354,5441
120,14,344,9719,66,34912,354,5441
120,14,344,9719,66,34912,354,5441
120,14,344,9719,66,34912,354,5441
120,14,345,054,66,29346,354,9316
120,14,345,054,66,29346,354,9316
120,14,345,054,66,29346,354,9316
120,14,345,054,66,29346,354,9316
120,14,345,054,66,29346,354,9316
120,14,345,136,66,23779,355,3192
120,14,345,136,66,23779,355,3192
120,14,345,136,66,23779,355,3192
120,14,345,136,66,23779,355,3192
120,14,345,136,66,23779,355,3192
120,14,345,218,66,18213,355,7067
120,14,345,218,66,18213,355,7067
120,14,345,218,66,18213,355,7067
120,14,345,218,66,18213,355,7067
120,14,345,218,66,18213,355,7067
120,14,345,3,66,12646,356,0942
120,14,345,3,66,12646,356,0942
120,14,345,3,66,12646,356,0942
120,14,345,3,66,12646,356,0942
120,14,345,3,66,12646,356,0942
120,14,345,3821,66,0708,356,4817
120,14,345,3821,66,0708,356,4817
120,14,345,3821,66,0708,356,4817
120,14,345,3821,66,0708,356,4817
120,14,345,3821,66,0708,356,4817
120,14,345,4641,66,01514,356,8692
120,14,345,4641,66,01514,356,8692
120,14,345,4641,66,01514,356,8692
120,14,345,4641,66,01514,356,8692
120,14,345,4641,66,01514,356,8692
120,14,345,5454,65,95996,357,2531
120,14,345,5454,65,95996,357,2531
120,14,345,5454,65,95996,357,2531
120,14,345,5454,65,95996,357,2531
120,14,345,5454,65,95996,357,2531
120,14,345,6235,65,90674,357,6224
120,14,345,6235,65,90674,357,6224
120,14,345,6235,65,90674,357,6224
120,14,345,6235,65,90674,357,6224
120,14,345,6235,65,90674,357,6224
120,14,345,7056,65,85107,358,0099
120,14,345,7056,65,85107,358,0099
120,14,345,7056,65,85107,358,0099
120,14,345,7056,65,85107,358,0099
120,14,345,7056,65,85107,358,0099
120,14,345,7854,65,79688,358,3875
120,14,345,7854,65,79688,358,3875
120,14,345,7854,65,79688,358,3875
120,14,345,7854,65,79688,358,3875
120,14,345,7854,65,79688,358,3875
120,14,345,8665,65,7417,358,7703
120,14,345,8665,65,7417,358,7703
120,14,345,8665,65,7417,358,7703
120,14,345,8665,65,7417,358,7703
120,14,345,8665,65,7417,358,7703
120,14,345,9485,65,68604,359,1578
120,14,345,9485,65,68604,359,1578
120,14,345,9485,65,68604,359,1578
120,14,345,9485,65,68604,359,1578
120,14,345,9485,65,68604,359,1578
120,14,346,0283,65,63184,359,5344
120,14,346,0283,65,63184,359,5344
120,14,346,0283,65,63184,359,5344
120,14,346,0283,65,63184,359,5344
120,14,346,1101,65,57666,359,9202
120,14,346,1101,65,57666,359,9202
120,14,346,1101,65,57666,359,9202
120,14,346,1101,65,57666,359,9202
120,14,346,1101,65,57666,359,9202
120,14,346,1897,65,52295,360,2959
120,14,346,1897,65,52295,360,2959
120,14,346,1897,65,52295,360,2959
120,14,346,1897,65,52295,360,2959
120,14,346,1897,65,52295,360,2959
120,14,346,2659,65,47119,360,6555
120,14,346,2659,65,47119,360,6555
120,14,346,2659,65,47119,360,6555
120,14,346,2659,65,47119,360,6555
120,14,346,2659,65,47119,360,6555
120,14,346,345,65,41748,361,0294
120,14,346,345,65,41748,361,0294
120,14,346,345,65,41748,361,0294
120,14,346,345,65,41748,361,0294
120,14,346,345,65,41748,361,0294
120,14,346,4246,65,36328,361,4052
120,14,346,4246,65,36328,361,4052
120,14,346,4246,65,36328,361,4052
120,14,346,4246,65,36328,361,4052
120,14,346,4246,65,36328,361,4052
120,14,346,5066,65,30762,361,7927
120,14,346,5066,65,30762,361,7927
120,14,346,5066,65,30762,361,7927
120,14,346,5066,65,30762,361,7927
120,14,346,5886,65,25195,362,1802
120,14,346,5886,65,25195,362,1802
120,14,346,5886,65,25195,362,1802
120,14,346,5886,65,25195,362,1802
120,14,346,5886,65,25195,362,1802
120,14,346,6663,65,19922,362,5465
120,14,346,6663,65,19922,362,5465
120,14,346,6663,65,19922,362,5465
120,14,346,6663,65,19922,362,5465
120,14,346,6663,65,19922,362,5465
120,14,346,7432,65,14697,362,9102
120,14,346,7432,65,14697,362,9102
120,14,346,7432,65,14697,362,9102
120,14,346,7432,65,14697,362,9102
120,14,346,7432,65,14697,362,9102
120,14,346,825,65,09131,363,2964
120,14,346,825,65,09131,363,2964
120,14,346,825,65,09131,363,2964
120,14,346,825,65,09131,363,2964
120,14,346,9026,65,03857,363,663
120,15,346,9026,65,03857,363,663
120,15,346,9026,65,03857,363,663
120,15,346,9026,65,03857,363,663
120,15,346,9026,65,03857,363,663
120,15,346,9785,64,98682,364,0222
120,15,346,9785,64,98682,364,0222
120,15,346,9785,64,98682,364,0222
120,15,346,9785,64,98682,364,0222
120,15,346,9785,64,98682,364,0222
120,15,347,0532,64,93604,364,3749
120,15,347,0532,64,93604,364,3749
120,15,347,0532,64,93604,364,3749
120,15,347,0532,64,93604,364,3749
120,15,347,134,64,88135,364,7564
120,15,347,134,64,88135,364,7564
120,15,347,134,64,88135,364,7564
120,15,347,134,64,88135,364,7564
120,15,347,134,64,88135,364,7564
120,15,347,2078,64,83105,365,105
120,15,347,2078,64,83105,365,105
120,15,347,2078,64,83105,365,105
120,15,347,2078,64,83105,365,105
120,15,347,2078,64,83105,365,105
120,15,347,2805,64,78174,365,4491
120,15,347,2805,64,78174,365,4491
120,15,347,2805,64,78174,365,4491
120,15,347,2805,64,78174,365,4491
120,15,347,2805,64,78174,365,4491
120,15,347,3616,64,72656,365,832
120,15,347,3616,64,72656,365,832
120,15,347,3616,64,72656,365,832
120,15,347,3616,64,72656,365,832
120,15,347,4392,64,67383,366,1991
120,15,347,4392,64,67383,366,1991
120,15,347,4392,64,67383,366,1991
120,15,347,4392,64,67383,366,1991
120,15,347,4392,64,67383,366,1991
120,15,347,5129,64,62402,366,5471
120,15,347,5129,64,62402,366,5471
120,15,347,5129,64,62402,366,5471
120,15,347,5129,64,62402,366,5471
120,15,347,5859,64,57471,366,8915
120,15,347,5859,64,57471,366,8915
120,15,347,5859,64,57471,366,8915
120,15,347,5859,64,57471,366,8915
120,15,347,6604,64,52441,367,2434
120,15,347,6604,64,52441,367,2434
120,15,347,6604,64,52441,367,2434
120,15,347,6604,64,52441,367,2434
120,15,347,6604,64,52441,367,2434
120,15,347,7307,64,47656,367,5756
120,15,347,7307,64,47656,367,5756
120,15,347,7307,64,47656,367,5756
120,15,347,7307,64,47656,367,5756
120,15,347,801,64,42871,367,9081
120,15,347,801,64,42871,367,9081
120,15,347,801,64,42871,367,9081
120,15,347,801,64,42871,367,9081
120,15,347,8689,64,38281,368,2281
120,15,347,8689,64,38281,368,2281
120,15,347,8689,64,38281,368,2281
120,15,347,8689,64,38281,368,2281
120,15,347,9382,64,33594,368,5552
120,15,347,9382,64,33594,368,5552
120,15,347,9382,64,33594,368,5552
120,15,347,9382,64,33594,368,5552
120,15,347,9382,64,33594,368,5552
120,15,348,01,64,28711,368,8943
120,15,348,01,64,28711,368,8943
120,15,348,01,64,28711,368,8943
120,15,348,01,64,28711,368,8943
120,15,348,0784,64,24072,369,2173
120,15,348,0784,64,24072,369,2173
120,15,348,0784,64,24072,369,2173
120,15,348,0784,64,24072,369,2173
120,15,348,1489,64,19287,369,551
120,15,348,1489,64,19287,369,551
120,15,348,1489,64,19287,369,551
120,15,348,1489,64,19287,369,551
120,15,348,2136,64,14893,369,8568
120,15,348,2136,64,14893,369,8568
120,15,348,2136,64,14893,369,8568
120,15,348,2136,64,14893,369,8568
120,15,348,2795,64,104,370,1682
120,15,348,2795,64,104,370,1682
120,15,348,2795,64,104,370,1682
120,15,348,2795,64,104,370,1682
120,15,348,3459,64,05908,370,4825
120,15,348,3459,64,05908,370,4825
120,15,348,3459,64,05908,370,4825
120,15,348,3459,64,05908,370,4825
120,15,348,4119,64,01465,370,7933
120,15,348,4119,64,01465,370,7933
120,15,348,4119,64,01465,370,7933
120,15,348,4119,64,01465,370,7933
120,15,348,4871,63,96387,371,1486
120,15,348,4871,63,96387,371,1486
120,15,348,4871,63,96387,371,1486
120,15,348,4871,63,96387,371,1486
120,15,348,5513,63,92041,371,4523
120,15,348,5513,63,92041,371,4523
120,15,348,5513,63,92041,371,4523
120,15,348,5513,63,92041,371,4523
120,15,348,6157,63,87646,371,7568
120,15,348,6157,63,87646,371,7568
120,15,348,6157,63,87646,371,7568
120,15,348,6157,63,87646,371,7568
120,15,348,6787,63,8335,372,0544
120,15,348,6787,63,8335,372,0544
120,15,348,6787,63,8335,372,0544
120,15,348,6787,63,8335,372,0544
120,15,348,7402,63,7915,372,3453
120,15,348,7402,63,7915,372,3453
120,15,348,7402,63,7915,372,3453
120,15,348,7402,63,7915,372,3453
120,15,348,8027,63,74902,372,6407
120,15,348,8027,63,74902,372,6407
120,15,348,8027,63,74902,372,6407
120,15,348,8662,63,70605,372,9406
120,15,348,8662,63,70605,372,9406
120,15,348,8662,63,70605,372,9406
120,15,348,8662,63,70605,372,9406
120,15,348,9299,63,6626,373,2418
120,15,348,9299,63,6626,373,2418
120,15,348,9299,63,6626,373,2418
120,15,348,9299,63,6626,373,2418
120,15,348,99,63,62207,373,5251
120,15,348,99,63,62207,373,5251
120,15,348,99,63,62207,373,5251
120,15,349,0476,63,58301,373,7978
120,16,349,0476,63,58301,373,7978
120,16,349,0476,63,58301,373,7978
120,16,349,0476,63,58301,373,7978
120,16,349,1077,63,54199,374,0818
120,16,349,1077,63,54199,374,0818
120,16,349,1077,63,54199,374,0818
120,16,349,1646,63,50342,374,3506
120,16,349,1646,63,50342,374,3506
120,16,349,1646,63,50342,374,3506
120,16,349,1646,63,50342,374,3506
120,16,349,2229,63,46387,374,6262
120,16,349,2229,63,46387,374,6262
120,16,349,2229,63,46387,374,6262
120,16,349,2229,63,46387,374,6262
120,16,349,2827,63,42334,374,9089
120,16,349,2827,63,42334,374,9089
120,16,349,2827,63,42334,374,9089
120,16,349,344,63,38184,375,1978
120,16,349,344,63,38184,375,1978
120,16,349,344,63,38184,375,1978
120,16,349,344,63,38184,375,1978
120,16,349,4023,63,34229,375,4735
120,16,349,4023,63,34229,375,4735
120,16,349,4023,63,34229,375,4735
120,16,349,459,63,30371,375,7408
120,16,349,459,63,30371,375,7408
120,16,349,459,63,30371,375,7408
120,16,349,5156,63,26514,376,0082
120,16,349,5156,63,26514,376,0082
120,16,349,5156,63,26514,376,0082
120,16,349,5156,63,26514,376,0082
120,16,349,5698,63,22852,376,2637
120,16,349,5698,63,22852,376,2637
120,16,349,5698,63,22852,376,2637
120,16,349,627,63,18994,376,5332
120,16,349,627,63,18994,376,5332
120,16,349,627,63,18994,376,5332
120,16,349,627,63,18994,376,5332
120,16,349,6833,63,15186,376,7993
120,16,349,6833,63,15186,376,7993
120,16,349,6833,63,15186,376,7993
120,16,349,7385,63,11426,377,0604
120,16,349,7385,63,11426,377,0604
120,16,349,7385,63,11426,377,0604
120,16,349,7927,63,07764,377,317
120,16,349,7927,63,07764,377,317
120,16,349,7927,63,07764,377,317
120,16,349,7927,63,07764,377,317
120,16,349,8469,63,04102,377,573
120,16,349,8469,63,04102,377,573
120,16,349,8469,63,04102,377,573
120,16,349,9011,63,00439,377,8285
120,16,349,9011,63,00439,377,8285
120,16,349,9011,63,00439,377,8285
120,16,349,9568,62,9668,378,0918
120,16,349,9568,62,9668,378,0918
120,16,349,9568,62,9668,378,0918
120,16,349,9568,62,9668,378,0918
120,16,350,0107,62,93018,378,3464
120,16,350,0107,62,93018,378,3464
120,16,350,0107,62,93018,378,3464
120,16,350,0657,62,89307,378,6061
120,16,350,0657,62,89307,378,6061
120,16,350,0657,62,89307,378,6061
120,16,350,1194,62,85645,378,8604
120,16,350,1194,62,85645,378,8604
120,16,350,1194,62,85645,378,8604
120,16,350,1711,62,82129,379,1043
120,16,350,1711,62,82129,379,1043
120,16,350,1711,62,82129,379,1043
120,16,350,1711,62,82129,379,1043
120,16,350,2271,62,7832,379,3688
120,16,350,2271,62,7832,379,3688
120,16,350,2271,62,7832,379,3688
120,16,350,28,62,74707,379,6189
120,16,350,28,62,74707,379,6189
120,16,350,28,62,74707,379,6189
120,16,350,334,62,71045,379,8742
120,16,350,334,62,71045,379,8742
120,16,350,334,62,71045,379,8742
120,16,350,334,62,71045,379,8742
120,16,350,3882,62,67383,380,1299
120,16,350,3882,62,67383,380,1299
120,16,350,3882,62,67383,380,1299
120,16,350,4414,62,6377,380,3811
120,16,350,4414,62,6377,380,3811
120,16,350,4414,62,6377,380,3811
120,16,350,4937,62,60254,380,6274
120,16,350,4937,62,60254,380,6274
120,16,350,4937,62,60254,380,6274
120,16,350,5459,62,56689,380,874
120,16,350,5459,62,56689,380,874
120,16,350,5459,62,56689,380,874
120,16,350,5984,62,53125,381,1218
120,16,350,5984,62,53125,381,1218
120,16,350,5984,62,53125,381,1218
120,16,350,6492,62,49658,381,3621
120,16,350,6492,62,49658,381,3621
120,16,350,6492,62,49658,381,3621
120,16,350,6995,62,4624,381,5999
120,16,350,6995,62,4624,381,5999
120,16,350,6995,62,4624,381,5999
120,16,350,6995,62,4624,381,5999
120,16,350,7502,62,42773,381,8397
120,16,350,7502,62,42773,381,8397
120,16,350,7502,62,42773,381,8397
120,16,350,8074,62,38916,382,1096
120,16,350,8074,62,38916,382,1096
120,16,350,8074,62,38916,382,1096
120,16,350,8586,62,35449,382,3517
120,16,350,8586,62,35449,382,3517
120,16,350,8586,62,35449,382,3517
120,16,350,9099,62,31982,382,5945
120,16,350,9099,62,31982,382,5945
120,16,350,9099,62,31982,382,5945
120,16,350,9592,62,28662,382,8274
120,16,350,9592,62,28662,382,8274
120,16,350,9592,62,28662,382,8274
120,16,351,009,62,25293,383,0624
120,16,351,009,62,25293,383,0624
120,16,351,009,62,25293,383,0624
120,16,351,0598,62,21826,383,3023
120,16,351,0598,62,21826,383,3023
120,16,351,0598,62,21826,383,3023
120,16,351,1077,62,18604,383,5281
120,16,351,1077,62,18604,383,5281
120,17,351,1077,62,18604,383,5281
120,17,351,1565,62,15283,383,7583
120,17,351,1565,62,15283,383,7583
120,17,351,1565,62,15283,383,7583
120,17,351,2043,62,12012,383,9847
120,17,351,2043,62,12012,383,9847
120,17,351,2043,62,12012,383,9847
120,17,351,2542,62,08643,384,2205
120,17,351,2542,62,08643,384,2205
120,17,351,2542,62,08643,384,2205
120,17,351,3018,62,0542,384,4456
120,17,351,3018,62,0542,384,4456
120,17,351,3018,62,0542,384,4456
120,17,351,3494,62,02197,384,6709
120,17,351,3494,62,02197,384,6709
120,17,351,3494,62,02197,384,6709
120,17,351,3958,61,99072,384,8899
120,17,351,3958,61,99072,384,8899
120,17,351,3958,61,99072,384,8899
120,17,351,4429,61,9585,385,1127
120,17,351,4429,61,9585,385,1127
120,17,351,4429,61,9585,385,1127
120,17,351,4915,61,92578,385,3418
120,17,351,4915,61,92578,385,3418
120,17,351,4915,61,92578,385,3418
120,17,351,5417,61,8916,385,579
120,17,351,5417,61,8916,385,579
120,17,351,5901,61,85889,385,8077
120,17,351,5901,61,85889,385,8077
120,17,351,5901,61,85889,385,8077
120,17,351,6377,61,82666,386,0325
120,17,351,6377,61,82666,386,0325
120,17,351,6377,61,82666,386,0325
120,17,351,6838,61,79541,386,25
120,17,351,6838,61,79541,386,25
120,17,351,6838,61,79541,386,25
120,17,351,7322,61,7627,386,4785
120,17,351,7322,61,7627,386,4785
120,17,351,7322,61,7627,386,4785
120,17,351,7786,61,73145,386,6978
120,17,351,7786,61,73145,386,6978
120,17,351,7786,61,73145,386,6978
120,17,351,8291,61,69727,386,9363
120,17,351,8291,61,69727,386,9363
120,17,351,8291,61,69727,386,9363
120,17,351,8757,61,66553,387,1559
120,17,351,8757,61,66553,387,1559
120,17,351,8757,61,66553,387,1559
120,17,351,9263,61,63135,387,3947
120,17,351,9263,61,63135,387,3947
120,17,351,9263,61,63135,387,3947
120,17,351,9746,61,59863,387,6226
120,17,351,9746,61,59863,387,6226
120,17,351,9746,61,59863,387,6226
120,17,352,0225,61,56592,387,8491
120,17,352,0225,61,56592,387,8491
120,17,352,0225,61,56592,387,8491
120,17,352,0703,61,5332,388,0754
120,17,352,0703,61,5332,388,0754
120,17,352,0703,61,5332,388,0754
120,17,352,1187,61,50049,388,3035
120,17,352,1187,61,50049,388,3035
120,17,352,1187,61,50049,388,3035
120,17,352,1677,61,46729,388,5358
120,17,352,1677,61,46729,388,5358
120,17,352,1677,61,46729,388,5358
120,17,352,2151,61,43506,388,7598
120,17,352,2151,61,43506,388,7598
120,17,352,262,61,40332,388,9817
120,17,352,262,61,40332,388,9817
120,17,352,262,61,40332,388,9817
120,17,352,3066,61,37305,389,1932
120,17,352,3066,61,37305,389,1932
120,17,352,3066,61,37305,389,1932
120,17,352,3555,61,33984,389,4241
120,17,352,3555,61,33984,389,4241
120,17,352,3555,61,33984,389,4241
120,17,352,4011,61,30859,389,6401
120,17,352,4011,61,30859,389,6401
120,17,352,4011,61,30859,389,6401
120,17,352,4475,61,27734,389,859
120,17,352,4475,61,27734,389,859
120,17,352,4475,61,27734,389,859
120,17,352,4966,61,24414,390,0906
120,17,352,4966,61,24414,390,0906
120,17,352,5405,61,21436,390,2982
120,17,352,5405,61,21436,390,2982
120,17,352,5405,61,21436,390,2982
120,17,352,5889,61,18164,390,5266
120,17,352,5889,61,18164,390,5266
120,17,352,5889,61,18164,390,5266
120,17,352,6367,61,14941,390,7527
120,17,352,6367,61,14941,390,7527
120,17,352,6367,61,14941,390,7527
120,17,352,6809,61,11963,390,9613
120,17,352,6809,61,11963,390,9613
120,17,352,6809,61,11963,390,9613
120,17,352,7261,61,08887,391,175
120,17,352,7261,61,08887,391,175
120,17,352,7261,61,08887,391,175
120,17,352,7744,61,05615,391,4036
120,17,352,7744,61,05615,391,4036
120,17,352,7744,61,05615,391,4036
120,17,352,8245,61,02246,391,6393
120,17,352,8245,61,02246,391,6393
120,17,352,8245,61,02246,391,6393
120,17,352,8718,60,99023,391,863
120,17,352,8718,60,99023,391,863
120,17,352,9185,60,9585,392,083
120,17,352,9185,60,9585,392,083
120,17,352,9185,60,9585,392,083
120,17,352,9653,60,92676,392,3043
120,17,352,9653,60,92676,392,3043
120,17,352,9653,60,92676,392,3043
120,17,353,0137,60,89404,392,5325
120,17,353,0137,60,89404,392,5325
120,17,353,0137,60,89404,392,5325
120,17,353,0605,60,8623,392,7538
120,17,353,0605,60,8623,392,7538
120,17,353,0605,60,8623,392,7538
120,17,353,1072,60,83057,392,9736
120,17,353,1072,60,83057,392,9736
120,17,353,1072,60,83057,392,9736
120,17,353,1553,60,79785,393,2009
120,17,353,1553,60,79785,393,2009
120,17,353,1553,60,79785,393,2009
120,17,353,2012,60,7666,393,4172
120,17,353,2012,60,7666,393,4172
120,17,353,2012,60,7666,393,4172
120,17,353,2505,60,7334,393,65
120,18,353,2505,60,7334,393,65
120,18,353,2505,60,7334,393,65
120,18,353,2976,60,70117,393,8729
120,18,353,2976,60,70117,393,8729
120,18,353,2976,60,70117,393,8729
120,18,353,3452,60,66895,394,0977
120,18,353,3452,60,66895,394,0977
120,18,353,3452,60,66895,394,0977
120,18,353,3452,60,66895,394,0977
120,18,353,408,60,62646,394,3943
120,18,353,408,60,62646,394,3943
120,18,353,408,60,62646,394,3943
120,18,353,408,60,62646,394,3943
120,18,353,408,60,62646,394,3943
120,18,353,4749,60,58105,394,7097
120,18,353,4749,60,58105,394,7097
120,18,353,4749,60,58105,394,7097
120,18,353,5479,60,53125,395,0551
120,18,353,5479,60,53125,395,0551
120,18,353,5479,60,53125,395,0551
120,18,353,6016,60,49463,395,3089
120,18,353,6016,60,49463,395,3089
120,18,353,6016,60,49463,395,3089
120,18,353,6497,60,46191,395,5367
120,18,353,6497,60,46191,395,5367
120,18,353,6497,60,46191,395,5367
120,18,353,6965,60,43018,395,7581
120,18,353,6965,60,43018,395,7581
120,18,353,6965,60,43018,395,7581
120,18,353,7502,60,39355,396,0117
120,18,353,7502,60,39355,396,0117
120,18,353,7502,60,39355,396,0117
120,18,353,801,60,35938,396,2513
120,18,353,801,60,35938,396,2513
120,18,353,801,60,35938,396,2513
120,18,353,8481,60,32715,396,4744
120,18,353,8481,60,32715,396,4744
120,18,353,8481,60,32715,396,4744
120,18,353,8997,60,29199,396,718
120,18,353,8997,60,29199,396,718
120,18,353,8997,60,29199,396,718
120,18,353,948,60,25928,396,9464
120,18,353,948,60,25928,396,9464
120,18,353,948,60,25928,396,9464
120,18,353,998,60,2251,397,1831
120,18,353,998,60,2251,397,1831
120,18,353,998,60,2251,397,1831
120,18,354,0461,60,19238,397,41
120,18,354,0461,60,19238,397,41
120,18,354,0461,60,19238,397,41
120,18,354,0947,60,15967,397,6395
120,18,354,0947,60,15967,397,6395
120,18,354,0947,60,15967,397,6395
120,18,354,1428,60,12695,397,8668
120,18,354,1428,60,12695,397,8668
120,18,354,1428,60,12695,397,8668
120,18,354,1428,60,12695,397,8668
120,18,354,1907,60,09424,398,0933
120,18,354,1907,60,09424,398,0933
120,18,354,1907,60,09424,398,0933
120,18,354,2473,60,05566,398,3603
120,18,354,2473,60,05566,398,3603
120,18,354,2473,60,05566,398,3603
120,18,354,3005,60,01953,398,6117
120,18,354,3005,60,01953,398,6117
120,18,354,3005,60,01953,398,6117
120,18,354,3601,59,979,398,893
120,18,354,3601,59,979,398,893
120,18,354,3601,59,979,398,893
120,18,354,4084,59,94629,399,1216
120,18,354,4084,59,94629,399,1216
120,18,354,4084,59,94629,399,1216
120,18,354,4583,59,9126,399,3564
120,18,354,4583,59,9126,399,3564
120,18,354,4583,59,9126,399,3564
120,18,354,5073,59,87939,399,5887
120,18,354,5073,59,87939,399,5887
120,18,354,5073,59,87939,399,5887
120,18,354,5579,59,84521,399,8275
120,18,354,5579,59,84521,399,8275
120,18,354,5579,59,84521,399,8275
120,18,354,5579,59,84521,399,8275
120,18,354,6067,59,81201,400,0588
120,18,354,6067,59,81201,400,0588
120,18,354,6067,59,81201,400,0588
120,18,354,6614,59,7749,400,3171
120,18,354,6614,59,7749,400,3171
120,18,354,6614,59,7749,400,3171
120,18,354,7087,59,74268,400,5409
120,18,354,7087,59,74268,400,5409
120,18,354,7559,59,71045,400,7639
120,18,354,7559,59,71045,400,7639
120,18,354,7559,59,71045,400,7639
120,18,354,8027,59,67871,400,9856
120,18,354,8027,59,67871,400,9856
120,18,354,8027,59,67871,400,9856
120,18,354,8511,59,646,401,214
120,18,354,8511,59,646,401,214
120,18,354,8511,59,646,401,214
120,18,354,8992,59,61328,401,4408
120,18,354,8992,59,61328,401,4408
120,18,354,8992,59,61328,401,4408
120,18,354,9478,59,58008,401,6704
120,18,354,9478,59,58008,401,6704
120,18,354,9478,59,58008,401,6704
120,18,354,9966,59,54688,401,901
120,18,354,9966,59,54688,401,901
120,18,354,9966,59,54688,401,901
120,18,355,0439,59,51465,402,1247
120,18,355,0439,59,51465,402,1247
120,18,355,0439,59,51465,402,1247
120,18,355,0918,59,48242,402,3508
120,18,355,0918,59,48242,402,3508
120,18,355,0918,59,48242,402,3508
120,18,355,1433,59,44775,402,5935
120,18,355,1433,59,44775,402,5935
120,18,355,1433,59,44775,402,5935
120,18,355,189,59,4165,402,8095
120,18,355,189,59,4165,402,8095
120,18,355,189,59,4165,402,8095
120,18,355,2363,59,38428,403,033
120,18,355,2363,59,38428,403,033
120,19,355,2363,59,38428,403,033
120,19,355,2844,59,35156,403,2607
120,19,355,2844,59,35156,403,2607
120,19,355,2844,59,35156,403,2607
120,19,355,3308,59,32031,403,4794
120,19,355,3308,59,32031,403,4794
120,19,355,3796,59,28711,403,7103
120,19,355,3796,59,28711,403,7103
120,19,355,3796,59,28711,403,7103
120,19,355,4272,59,25488,403,9357
120,19,355,4272,59,25488,403,9357
120,19,355,4272,59,25488,403,9357
120,19,355,4741,59,22314,404,1569
120,19,355,4741,59,22314,404,1569
120,19,355,4741,59,22314,404,1569
120,19,355,521,59,19141,404,3784
120,19,355,521,59,19141,404,3784
120,19,355,521,59,19141,404,3784
120,19,355,5706,59,15771,404,6131
120,19,355,5706,59,15771,404,6131
120,19,355,5706,59,15771,404,6131
120,19,355,6184,59,12549,404,8392
120,19,355,6184,59,12549,404,8392
120,19,355,6624,59,0957,405,0461
120,19,355,6624,59,0957,405,0461
120,19,355,6624,59,0957,405,0461
120,19,355,7058,59,06592,405,252
120,19,355,7058,59,06592,405,252
120,19,355,7058,59,06592,405,252
120,19,355,7512,59,03516,405,4666
120,19,355,7512,59,03516,405,4666
120,19,355,7512,59,03516,405,4666
120,19,355,7944,59,00586,405,6702
120,19,355,7944,59,00586,405,6702
120,19,355,8394,58,97559,405,8824
120,19,355,8394,58,97559,405,8824
120,19,355,8394,58,97559,405,8824
120,19,355,885,58,94434,406,0984
120,19,355,885,58,94434,406,0984
120,19,355,885,58,94434,406,0984
120,19,355,927,58,91553,406,2974
120,19,355,927,58,91553,406,2974
120,19,355,9722,58,88477,406,5109
120,19,355,9722,58,88477,406,5109
120,19,355,9722,58,88477,406,5109
120,19,356,0159,58,85498,406,7179
120,19,356,0159,58,85498,406,7179
120,19,356,0159,58,85498,406,7179
120,19,356,0593,58,82568,406,9229
120,19,356,0593,58,82568,406,9229
120,19,356,0593,58,82568,406,9229
120,19,356,1028,58,79639,407,1284
120,19,356,1028,58,79639,407,1284
120,19,356,1509,58,76367,407,3553
120,19,356,1509,58,76367,407,3553
120,19,356,1509,58,76367,407,3553
120,19,356,1956,58,7334,407,5662
120,19,356,1956,58,7334,407,5662
120,19,356,1956,58,7334,407,5662
120,19,356,24,58,70313,407,7756
120,19,356,24,58,70313,407,7756
120,19,356,24,58,70313,407,7756
120,19,356,2861,58,67188,407,9934
120,19,356,2861,58,67188,407,9934
120,19,356,3315,58,64111,408,2079
120,19,356,3315,58,64111,408,2079
120,19,356,3315,58,64111,408,2079
120,19,356,377,58,61035,408,4225
120,19,356,377,58,61035,408,4225
120,19,356,377,58,61035,408,4225
120,19,356,4202,58,58105,408,627
120,19,356,4202,58,58105,408,627
120,19,356,4619,58,55273,408,8237
120,19,356,4619,58,55273,408,8237
120,19,356,4619,58,55273,408,8237
120,19,356,5046,58,52393,409,0254
120,19,356,5046,58,52393,409,0254
120,19,356,5046,58,52393,409,0254
120,19,356,5481,58,49463,409,2311
120,19,356,5481,58,49463,409,2311
120,19,356,5481,58,49463,409,2311
120,19,356,5989,58,45996,409,4716
120,19,356,5989,58,45996,409,4716
120,19,356,6428,58,43018,409,6791
120,19,356,6428,58,43018,409,6791
120,19,356,6428,58,43018,409,6791
120,19,356,6875,58,3999,409,8899
120,19,356,6875,58,3999,409,8899
120,19,356,6875,58,3999,409,8899
120,19,356,7312,58,37012,410,0964
120,19,356,7312,58,37012,410,0964
120,19,356,7737,58,34131,410,2969
120,19,356,7737,58,34131,410,2969
120,19,356,7737,58,34131,410,2969
120,19,356,8179,58,31152,410,5056
120,19,356,8179,58,31152,410,5056
120,19,356,8594,58,2832,410,702
120,19,356,8594,58,2832,410,702
120,19,356,8594,58,2832,410,702
120,19,356,9038,58,25293,410,9121
120,19,356,9038,58,25293,410,9121
120,19,356,9038,58,25293,410,9121
120,19,356,9468,58,22363,411,1155
120,19,356,9468,58,22363,411,1155
120,19,356,9468,58,22363,411,1155
120,19,356,9907,58,19385,411,3234
120,19,356,9907,58,19385,411,3234
120,19,357,0359,58,16309,411,5371
120,19,357,0359,58,16309,411,5371
120,19,357,0359,58,16309,411,5371
120,19,357,0781,58,13428,411,7361
120,19,357,0781,58,13428,411,7361
120,19,357,0781,58,13428,411,7361
120,19,357,1243,58,10303,411,9543
120,19,357,1243,58,10303,411,9543
120,19,357,1672,58,07373,412,1572
120,19,357,1672,58,07373,412,1572
120,19,357,1672,58,07373,412,1572
120,19,357,21,58,04492,412,3585
120,19,357,21,58,04492,412,3585
120,19,357,2542,58,01514,412,5672
120,19,357,2542,58,01514,412,5672
120,19,357,2542,58,01514,412,5672
120,19,357,2966,57,98633,412,7681
120,19,357,2966,57,98633,412,7681
120,20,357,2966,57,98633,412,7681
120,20,357,3411,57,95605,412,9783
120,20,357,3411,57,95605,412,9783
120,20,357,384,57,92676,413,1812
120,20,357,384,57,92676,413,1812
120,20,357,384,57,92676,413,1812
120,20,357,4282,57,89697,413,39
120,20,357,4282,57,89697,413,39
120,20,357,4282,57,89697,413,39
120,20,357,4741,57,86572,413,6069
120,20,357,4741,57,86572,413,6069
120,20,357,4741,57,86572,413,6069
120,20,357,5186,57,83545,413,8168
120,20,357,5186,57,83545,413,8168
120,20,357,5186,57,83545,413,8168
120,20,357,5652,57,80371,414,0365
120,20,357,5652,57,80371,414,0365
120,20,357,5652,57,80371,414,0365
120,20,357,6135,57,771,414,2653
120,20,357,6135,57,771,414,2653
120,20,357,6604,57,73926,414,4872
120,20,357,6604,57,73926,414,4872
120,20,357,6604,57,73926,414,4872
120,20,357,707,57,70752,414,7075
120,20,357,707,57,70752,414,7075
120,20,357,707,57,70752,414,7075
120,20,357,707,57,70752,414,7075
120,20,357,7549,57,6748,414,9337
120,20,357,7549,57,6748,414,9337
120,20,357,7549,57,6748,414,9337
120,20,357,8069,57,63965,415,179
120,20,357,8069,57,63965,415,179
120,20,357,8069,57,63965,415,179
120,20,357,8591,57,604,415,4263
120,20,357,8591,57,604,415,4263
120,20,357,8591,57,604,415,4263
120,20,357,9116,57,56836,415,6743
120,20,357,9116,57,56836,415,6743
120,20,357,9116,57,56836,415,6743
120,20,357,9602,57,53516,415,9044
120,20,357,9602,57,53516,415,9044
120,20,358,0046,57,50488,416,1141
120,20,358,0046,57,50488,416,1141
120,20,358,0046,57,50488,416,1141
120,20,358,0515,57,47314,416,3357
120,20,358,0515,57,47314,416,3357
120,20,358,0515,57,47314,416,3357
120,20,358,0933,57,44482,416,5332
120,20,358,0933,57,44482,416,5332
120,20,358,0933,57,44482,416,5332
120,20,358,1438,57,41064,416,7723
120,20,358,1438,57,41064,416,7723
120,20,358,1438,57,41064,416,7723
120,20,358,1929,57,37744,417,004
120,20,358,1929,57,37744,417,004
120,20,358,1929,57,37744,417,004
120,20,358,2454,57,3418,417,2517
120,20,358,2454,57,3418,417,2517
120,20,358,2454,57,3418,417,2517
120,20,358,2886,57,3125,417,4557
120,20,358,2886,57,3125,417,4557
120,20,358,3337,57,28174,417,6694
120,20,358,3337,57,28174,417,6694
120,20,358,3337,57,28174,417,6694
120,20,358,3748,57,25391,417,8635
120,20,358,3748,57,25391,417,8635
120,20,358,415,57,22656,418,0536
120,20,358,415,57,22656,418,0536
120,20,358,415,57,22656,418,0536
120,20,358,4585,57,19727,418,2584
120,20,358,4585,57,19727,418,2584
120,20,358,4983,57,17041,418,4462
120,20,358,4983,57,17041,418,4462
120,20,358,4983,57,17041,418,4462
120,20,358,5386,57,14307,418,6364
120,20,358,5386,57,14307,418,6364
120,20,358,5793,57,11572,418,8284
120,20,358,5793,57,11572,418,8284
120,20,358,6191,57,08887,419,0163
120,20,358,6191,57,08887,419,0163
120,20,358,6191,57,08887,419,0163
120,20,358,6548,57,06494,419,1842
120,20,358,6548,57,06494,419,1842
120,20,358,6936,57,03857,419,3677
120,20,358,6936,57,03857,419,3677
120,20,358,6936,57,03857,419,3677
120,20,358,7341,57,01123,419,5587
120,20,358,7341,57,01123,419,5587
120,20,358,7756,56,98291,419,7553
120,20,358,7756,56,98291,419,7553
120,20,358,7756,56,98291,419,7553
120,20,358,8164,56,95508,419,9478
120,20,358,8164,56,95508,419,9478
120,20,358,8574,56,92725,420,1415
120,20,358,8574,56,92725,420,1415
120,20,358,8994,56,89893,420,3403
120,20,358,8994,56,89893,420,3403
120,20,358,8994,56,89893,420,3403
120,20,358,938,56,87256,420,5229
120,20,358,938,56,87256,420,5229
120,20,358,9761,56,84668,420,7031
120,20,358,9761,56,84668,420,7031
120,20,358,9761,56,84668,420,7031
120,20,359,0164,56,81934,420,8939
120,20,359,0557,56,79248,421,0793
120,20,359,0557,56,79248,421,0793
120,20,359,0789,56,77686,421,1892
120,20,359,1035,56,76025,421,3052
120,20,359,1035,56,76025,421,3052
120,20,359,1292,56,74316,421,4257
120,20,359,1582,56,72363,421,5627
120,20,359,1582,56,72363,421,5627
120,20,359,1833,56,70654,421,6819
120,20,359,2073,56,69043,421,7953
120,20,359,2073,56,69043,421,7953
120,20,359,2314,56,67383,421,9096
120,20,359,2551,56,65771,422,0218
120,20,359,2551,56,65771,422,0218
120,20,359,2791,56,6416,422,1349
120,20,359,302,56,62598,422,2435
120,20,359,302,56,62598,422,2435
120,20,359,3264,56,60938,422,3588
120,20,359,3496,56,59375,422,4683
120,20,359,3735,56,57764,422,5809
120,20,359,3735,56,57764,422,5809
120,20,359,3975,56,56152,422,6935
120,20,359,4207,56,5459,422,803
120,21,359,4207,56,5459,422,803
120,21,359,4443,56,52979,422,9153
120,21,359,4675,56,51416,423,0244
120,21,359,4675,56,51416,423,0244
120,21,359,4919,56,49756,423,1396
120,21,359,4919,56,49756,423,1396
120,21,359,5256,56,47461,423,2984
120,21,359,5256,56,47461,423,2984
120,21,359,5256,56,47461,423,2984
120,21,359,5596,56,45166,423,4585
120,21,359,5596,56,45166,423,4585
120,21,359,5947,56,42773,423,6245
120,21,359,5947,56,42773,423,6245
120,21,359,6321,56,40234,423,8005
120,21,359,6321,56,40234,423,8005
120,21,359,6675,56,37842,423,9677
120,21,359,6675,56,37842,423,9677
120,21,359,7019,56,35498,424,13
120,21,359,7019,56,35498,424,13
120,21,359,7329,56,33398,424,276
120,21,359,7329,56,33398,424,276
120,21,359,7666,56,31104,424,4349
120,21,359,7666,56,31104,424,4349
120,21,359,8015,56,28711,424,6004
120,21,359,8015,56,28711,424,6004
120,21,359,8359,56,26367,424,7634
120,21,359,8604,56,24707,424,8785
120,21,359,8604,56,24707,424,8785
120,21,359,8604,56,24707,424,8785
120,21,359,8853,56,23047,424,9957
120,21,359,8853,56,23047,424,9957
120,21,359,9236,56,20459,425,1763
120,21,359,9236,56,20459,425,1763
120,21,359,9636,56,17725,425,3658
120,21,359,9636,56,17725,425,3658
120,21,359,9636,56,17725,425,3658
120,21,360,0027,56,15088,425,55
120,21,360,0027,56,15088,425,55
120,21,360,0425,56,12402,425,738
120,21,360,0425,56,12402,425,738
120,21,360,0425,56,12402,425,738
120,21,360,0833,56,09619,425,9305
120,21,360,0833,56,09619,425,9305
120,21,360,0833,56,09619,425,9305
120,21,360,0833,56,09619,425,9305
120,21,360,0833,56,09619,425,9305
120,21,360,1218,56,07031,426,1122
120,21,360,1218,56,07031,426,1122
120,21,360,2039,56,01465,426,4997
120,21,360,2039,56,01465,426,4997
120,21,360,2039,56,01465,426,4997
120,21,360,2476,55,98486,426,7065
120,21,360,2476,55,98486,426,7065
120,21,360,2878,55,95752,426,8972
120,21,360,2878,55,95752,426,8972
120,21,360,2878,55,95752,426,8972
120,21,360,3289,55,92969,427,0903
120,21,360,3289,55,92969,427,0903
120,21,360,3674,55,90332,427,2725
120,21,360,3674,55,90332,427,2725
120,21,360,4041,55,87842,427,4451
120,21,360,4041,55,87842,427,4451
120,21,360,4399,55,854,427,6147
120,21,360,4399,55,854,427,6147
120,21,360,4399,55,854,427,6147
120,21,360,4797,55,82715,427,8022
120,21,360,4797,55,82715,427,8022
120,21,360,5188,55,80078,427,9862
120,21,360,5188,55,80078,427,9862
120,21,360,5188,55,80078,427,9862
120,21,360,5586,55,77393,428,1742
120,21,360,5586,55,77393,428,1742
120,21,360,5586,55,77393,428,1742
120,21,360,6038,55,74316,428,3877
120,21,360,6038,55,74316,428,3877
120,21,360,6038,55,74316,428,3877
120,21,360,6514,55,71094,428,6127
120,21,360,6514,55,71094,428,6127
120,21,360,6514,55,71094,428,6127
120,21,360,6514,55,71094,428,6127
120,21,360,7092,55,67188,428,8859
120,21,360,7092,55,67188,428,8859
120,21,360,7092,55,67188,428,8859
120,21,360,7712,55,62988,429,1788
120,21,360,7712,55,62988,429,1788
120,21,360,7712,55,62988,429,1788
120,21,360,8237,55,59424,429,4269
120,21,360,8237,55,59424,429,4269
120,21,360,8237,55,59424,429,4269
120,21,360,8726,55,56104,429,6571
120,21,360,8726,55,56104,429,6571
120,21,360,9143,55,53271,429,8548
120,21,360,9143,55,53271,429,8548
120,21,360,9143,55,53271,429,8548
120,21,360,9531,55,50635,430,0385
120,21,360,9531,55,50635,430,0385
120,21,360,9924,55,47949,430,2247
120,21,360,9924,55,47949,430,2247
120,21,361,0322,55,45264,430,4124
120,21,361,0322,55,45264,430,4124
120,21,361,0322,55,45264,430,4124
120,21,361,0713,55,42627,430,5967
120,21,361,0713,55,42627,430,5967
120,21,361,1108,55,39941,430,7837
120,21,361,1108,55,39941,430,7837
120,21,361,1108,55,39941,430,7837
120,21,361,1519,55,37158,430,9775
120,21,361,1519,55,37158,430,9775
120,21,361,1519,55,37158,430,9775
120,21,361,1917,55,34473,431,1655
120,21,361,1917,55,34473,431,1655
120,21,361,1917,55,34473,431,1655
120,21,361,2407,55,31152,431,3974
120,21,361,2407,55,31152,431,3974
120,21,361,2407,55,31152,431,3974
120,21,361,2878,55,27979,431,6201
120,22,361,2878,55,27979,431,6201
120,22,361,2878,55,27979,431,6201
120,22,361,3352,55,24756,431,8442
120,22,361,3352,55,24756,431,8442
120,22,361,3352,55,24756,431,8442
120,22,361,3884,55,21143,432,0956
120,22,361,3884,55,21143,432,0956
120,22,361,3884,55,21143,432,0956
120,22,361,4382,55,17773,432,3312
120,22,361,4382,55,17773,432,3312
120,22,361,4382,55,17773,432,3312
120,22,361,4866,55,14502,432,5593
120,22,361,4866,55,14502,432,5593
120,22,361,5313,55,11475,432,7705
120,22,361,5313,55,11475,432,7705
120,22,361,5313,55,11475,432,7705
120,22,361,5313,55,11475,432,7705
120,22,361,5779,55,08301,432,9909
120,22,361,5779,55,08301,432,9909
120,22,361,6299,55,04785,433,2367
120,22,361,6299,55,04785,433,2367
120,22,361,6299,55,04785,433,2367
120,22,361,6768,55,01611,433,4584
120,22,361,6768,55,01611,433,4584
120,22,361,6768,55,01611,433,4584
120,22,361,7234,54,98438,433,6788
120,22,361,7234,54,98438,433,6788
120,22,361,7234,54,98438,433,6788
120,22,361,7678,54,9541,433,8892
120,22,361,7678,54,9541,433,8892
120,22,361,7678,54,9541,433,8892
120,22,361,8159,54,92139,434,1161
120,22,361,8159,54,92139,434,1161
120,22,361,8604,54,89111,434,326
120,22,361,8604,54,89111,434,326
120,22,361,8604,54,89111,434,326
120,22,361,907,54,85938,434,5459
120,22,361,907,54,85938,434,5459
120,22,361,907,54,85938,434,5459
120,22,361,9521,54,82861,434,7588
120,22,361,9521,54,82861,434,7588
120,22,361,9521,54,82861,434,7588
120,22,361,9963,54,79883,434,967
120,22,361,9963,54,79883,434,967
120,22,362,0413,54,76855,435,179
120,22,362,0413,54,76855,435,179
120,22,362,0413,54,76855,435,179
120,22,362,0854,54,73877,435,3881
120,22,362,0854,54,73877,435,3881
120,22,362,0854,54,73877,435,3881
120,22,362,1262,54,71094,435,5807
120,22,362,1262,54,71094,435,5807
120,22,362,1731,54,6792,435,8025
120,22,362,1731,54,6792,435,8025
120,22,362,1731,54,6792,435,8025
120,22,362,2183,54,64844,436,0159
120,22,362,2183,54,64844,436,0159
120,22,362,2183,54,64844,436,0159
120,22,362,262,54,61865,436,2227
120,22,362,262,54,61865,436,2227
120,22,362,262,54,61865,436,2227
120,22,362,3074,54,58789,436,4371
120,22,362,3074,54,58789,436,4371
120,22,362,3074,54,58789,436,4371
120,22,362,3584,54,55322,436,6785
120,22,362,3584,54,55322,436,6785
120,22,362,3584,54,55322,436,6785
120,22,362,4082,54,51953,436,9133
120,22,362,4082,54,51953,436,9133
120,22,362,4082,54,51953,436,9133
120,22,362,4556,54,4873,437,1372
120,22,362,4556,54,4873,437,1372
120,22,362,4993,54,45752,437,3431
120,22,362,4993,54,45752,437,3431
120,22,362,4993,54,45752,437,3431
120,22,362,542,54,42871,437,545
120,22,362,542,54,42871,437,545
120,22,362,584,54,40039,437,7435
120,22,362,584,54,40039,437,7435
120,22,362,584,54,40039,437,7435
120,22,362,6248,54,37256,437,9362
120,22,362,6248,54,37256,437,9362
120,22,362,6694,54,34229,438,1469
120,22,362,6694,54,34229,438,1469
120,22,362,6694,54,34229,438,1469
120,22,362,7117,54,31348,438,3466
120,22,362,7117,54,31348,438,3466
120,22,362,7522,54,28613,438,5383
120,22,362,7522,54,28613,438,5383
120,22,362,7522,54,28613,438,5383
120,22,362,7935,54,2583,438,733
120,22,362,7935,54,2583,438,733
120,22,362,7935,54,2583,438,733
120,22,362,8347,54,23047,438,9276
120,22,362,8347,54,23047,438,9276
120,22,362,8767,54,20215,439,1259
120,22,362,8767,54,20215,439,1259
120,22,362,9177,54,17432,439,319
120,22,362,9177,54,17432,439,319
120,22,362,9177,54,17432,439,319
120,22,362,9583,54,14697,439,5101
120,22,362,9583,54,14697,439,5101
120,22,362,9998,54,11865,439,7058
120,22,362,9998,54,11865,439,7058
120,22,362,9998,54,11865,439,7058
120,22,363,0408,54,09082,439,9
120,22,363,0408,54,09082,439,9
120,22,363,0408,54,09082,439,9
120,22,363,0813,54,06348,440,0911
120,22,363,0813,54,06348,440,0911
120,22,363,1243,54,03418,440,2943
120,22,363,1243,54,03418,440,2943
120,22,363,1243,54,03418,440,2943
120,22,363,1665,54,00537,440,4941
120,22,363,1665,54,00537,440,4941
120,22,363,2065,53,97803,440,6835
120,22,363,2065,53,97803,440,6835
120,22,363,2065,53,97803,440,6835
120,22,363,2495,53,94873,440,8868
120,22,363,2495,53,94873,440,8868
120,22,363,2898,53,92139,441,0768
120,22,363,2898,53,92139,441,0768
120,22,363,2898,53,92139,441,0768
120,22,363,3301,53,89404,441,2672
120,23,363,3301,53,89404,441,2672
120,23,363,3721,53,86572,441,4655
120,23,363,3721,53,86572,441,4655
120,23,363,3721,53,86572,441,4655
120,23,363,4126,53,83838,441,6567
120,23,363,4126,53,83838,441,6567
120,23,363,4514,53,81201,441,84
120,23,363,4514,53,81201,441,84
120,23,363,4917,53,78467,442,0302
120,23,363,4917,53,78467,442,0302
120,23,363,4917,53,78467,442,0302
120,23,363,5315,53,75781,442,2185
120,23,363,5315,53,75781,442,2185
120,23,363,5703,53,73145,442,4017
120,23,363,5703,53,73145,442,4017
120,23,363,5703,53,73145,442,4017
120,23,363,6143,53,70166,442,6091
120,23,363,6143,53,70166,442,6091
120,23,363,6541,53,6748,442,797
120,23,363,6541,53,6748,442,797
120,23,363,6541,53,6748,442,797
120,23,363,6936,53,64795,442,9843
120,23,363,6936,53,64795,442,9843
120,23,363,7324,53,62158,443,1678
120,23,363,7324,53,62158,443,1678
120,23,363,7727,53,59424,443,3586
120,23,363,7727,53,59424,443,3586
120,23,363,7727,53,59424,443,3586
120,23,363,8115,53,56787,443,5418
120,23,363,8115,53,56787,443,5418
120,23,363,8494,53,54199,443,7207
120,23,363,8494,53,54199,443,7207
120,23,363,8494,53,54199,443,7207
120,23,363,8887,53,51514,443,9065
120,23,363,8887,53,51514,443,9065
120,23,363,9285,53,48828,444,0942
120,23,363,9285,53,48828,444,0942
120,23,363,9285,53,48828,444,0942
120,23,363,9751,53,45654,444,3147
120,23,363,9751,53,45654,444,3147
120,23,364,0122,53,43164,444,4897
120,23,364,0122,53,43164,444,4897
120,23,364,0503,53,40576,444,6696
120,23,364,0503,53,40576,444,6696
120,23,364,0503,53,40576,444,6696
120,23,364,0884,53,37988,444,8496
120,23,364,0884,53,37988,444,8496
120,23,364,125,53,35498,445,0225
120,23,364,125,53,35498,445,0225
120,23,364,1636,53,32861,445,2048
120,23,364,1636,53,32861,445,2048
120,23,364,1636,53,32861,445,2048
120,23,364,2019,53,30273,445,3857
120,23,364,2019,53,30273,445,3857
120,23,364,2395,53,27734,445,5639
120,23,364,2395,53,27734,445,5639
120,23,364,2786,53,25098,445,7482
120,23,364,2786,53,25098,445,7482
120,23,364,2786,53,25098,445,7482
120,23,364,3171,53,22461,445,9303
120,23,364,3171,53,22461,445,9303
120,23,364,355,53,19873,446,1095
120,23,364,355,53,19873,446,1095
120,23,364,395,53,17139,446,2987
120,23,364,395,53,17139,446,2987
120,23,364,395,53,17139,446,2987
120,23,364,4331,53,14551,446,4783
120,23,364,4331,53,14551,446,4783
120,23,364,4739,53,11768,446,6707
120,23,364,4739,53,11768,446,6707
120,23,364,4739,53,11768,446,6707
120,23,364,512,53,0918,446,8505
120,23,364,512,53,0918,446,8505
120,23,364,5508,53,06543,447,0343
120,23,364,5508,53,06543,447,0343
120,23,364,5906,53,03857,447,2219
120,23,364,5906,53,03857,447,2219
120,23,364,6289,53,0127,447,4025
120,23,364,6289,53,0127,447,4025
120,23,364,6289,53,0127,447,4025
120,23,364,6646,52,98828,447,5709
120,23,364,6646,52,98828,447,5709
120,23,364,7039,52,96143,447,7568
120,23,364,7039,52,96143,447,7568
120,23,364,741,52,93604,447,9323
120,23,364,741,52,93604,447,9323
120,23,364,741,52,93604,447,9323
120,23,364,7795,52,90967,448,1146
120,23,364,7795,52,90967,448,1146
120,23,364,8174,52,88379,448,2936
120,23,364,8174,52,88379,448,2936
120,23,364,856,52,85742,448,476
120,23,364,856,52,85742,448,476
120,23,364,856,52,85742,448,476
120,23,364,8928,52,83252,448,6497
120,23,364,8928,52,83252,448,6497
120,23,364,9282,52,80859,448,8171
120,23,364,9282,52,80859,448,8171
120,23,364,9646,52,78418,448,9885
120,23,364,9646,52,78418,448,9885
120,23,365,0022,52,75879,449,1656
120,23,365,0022,52,75879,449,1656
120,23,365,0022,52,75879,449,1656
120,23,365,0383,52,73438,449,3368
120,23,365,0383,52,73438,449,3368
120,23,365,0754,52,70898,449,5126
120,23,365,0754,52,70898,449,5126
120,23,365,1133,52,68359,449,6909
120,23,365,1133,52,68359,449,6909
120,23,365,1506,52,6582,449,8676
120,23,365,1506,52,6582,449,8676
120,23,365,1865,52,63379,450,0371
120,23,365,1865,52,63379,450,0371
120,23,365,1865,52,63379,450,0371
120,23,365,2227,52,60938,450,2074
120,23,365,2227,52,60938,450,2074
120,23,365,2605,52,58398,450,3856
120,23,365,2605,52,58398,450,3856
120,23,365,2991,52,55762,450,5679
120,23,365,2991,52,55762,450,5679
120,23,365,2991,52,55762,450,5679
120,23,365,3354,52,5332,450,7394
120,23,365,3354,52,5332,450,7394
120,23,365,3728,52,50781,450,9163
120,24,365,3728,52,50781,450,9163
120,24,365,4099,52,48242,451,0919
120,24,365,4099,52,48242,451,0919
120,24,365,447,52,45752,451,267
120,24,365,447,52,45752,451,267
120,24,365,447,52,45752,451,267
120,24,365,4836,52,43262,451,4402
120,24,365,4836,52,43262,451,4402
120,24,365,5215,52,40674,451,6193
120,24,365,5215,52,40674,451,6193
120,24,365,5591,52,38135,451,7973
120,24,365,5591,52,38135,451,7973
120,24,365,5591,52,38135,451,7973
120,24,365,5964,52,35596,451,9735
120,24,365,5964,52,35596,451,9735
120,24,365,6348,52,33008,452,155
120,24,365,6348,52,33008,452,155
120,24,365,6741,52,30371,452,3401
120,24,365,6741,52,30371,452,3401
120,24,365,6741,52,30371,452,3401
120,24,365,7107,52,27881,452,5133
120,24,365,7107,52,27881,452,5133
120,24,365,749,52,25293,452,6941
120,24,365,749,52,25293,452,6941
120,24,365,7881,52,22656,452,8782
120,24,365,7881,52,22656,452,8782
120,24,365,7881,52,22656,452,8782
120,24,365,8276,52,19971,453,0646
120,24,365,8276,52,19971,453,0646
120,24,365,8677,52,17236,453,254
120,24,365,8677,52,17236,453,254
120,24,365,8677,52,17236,453,254
120,24,365,9058,52,14648,453,4342
120,24,365,9058,52,14648,453,4342
120,24,365,9458,52,11914,453,6238
120,24,365,9458,52,11914,453,6238
120,24,365,9832,52,09375,453,7999
120,24,365,9832,52,09375,453,7999
120,24,366,0205,52,06836,453,976
120,24,366,0205,52,06836,453,976
120,24,366,0205,52,06836,453,976
120,24,366,0583,52,04248,454,1549
120,24,366,0583,52,04248,454,1549
120,24,366,094,52,01807,454,3237
120,24,366,094,52,01807,454,3237
120,24,366,1316,51,99268,454,5015
120,24,366,1316,51,99268,454,5015
120,24,366,1697,51,9668,454,6812
120,24,366,1697,51,9668,454,6812
120,24,366,1697,51,9668,454,6812
120,24,366,2056,51,94238,454,851
120,24,366,2056,51,94238,454,851
120,24,366,2463,51,91455,455,0438
120,24,366,2463,51,91455,455,0438
120,24,366,2837,51,88916,455,2206
120,24,366,2837,51,88916,455,2206
120,24,366,2837,51,88916,455,2206
120,24,366,3198,51,86475,455,3915
120,24,366,3198,51,86475,455,3915
120,24,366,3582,51,83887,455,573
120,24,366,3582,51,83887,455,573
120,24,366,3948,51,81396,455,7455
120,24,366,3948,51,81396,455,7455
120,24,366,4304,51,78955,455,9141
120,24,366,4304,51,78955,455,9141
120,24,366,4661,51,76514,456,0828
120,24,366,4661,51,76514,456,0828
120,24,366,4661,51,76514,456,0828
120,24,366,502,51,74072,456,2526
120,24,366,502,51,74072,456,2526
120,24,366,5374,51,7168,456,4194
120,24,366,5374,51,7168,456,4194
120,24,366,574,51,69189,456,5927
120,24,366,574,51,69189,456,5927
120,24,366,6074,51,66943,456,751
120,24,366,6074,51,66943,456,751
120,24,366,6428,51,64551,456,9181
120,24,366,6428,51,64551,456,9181
120,24,366,678,51,62158,457,084
120,24,366,678,51,62158,457,084
120,24,366,7122,51,59863,457,2455
120,24,366,7122,51,59863,457,2455
120,24,366,7122,51,59863,457,2455
120,24,366,7483,51,57422,457,4161
120,24,366,7483,51,57422,457,4161
120,24,366,7839,51,55029,457,5839
120,24,366,7839,51,55029,457,5839
120,24,366,821,51,5249,457,7592
120,24,366,821,51,5249,457,7592
120,24,366,821,51,5249,457,7592
120,24,366,8611,51,49805,457,9478
120,24,366,8611,51,49805,457,9478
120,24,366,8975,51,47314,458,1201
120,24,366,8975,51,47314,458,1201
120,24,366,9373,51,44629,458,3081
120,24,366,9373,51,44629,458,3081
120,24,366,9729,51,42236,458,4761
120,24,366,9729,51,42236,458,4761
120,24,366,9729,51,42236,458,4761
120,24,367,0107,51,39648,458,6552
120,24,367,0107,51,39648,458,6552
120,24,367,0466,51,37207,458,8247
120,24,367,0466,51,37207,458,8247
120,24,367,0833,51,34717,458,9979
120,24,367,0833,51,34717,458,9979
120,24,367,1152,51,32568,459,1493
120,24,367,1152,51,32568,459,1493
120,24,367,1152,51,32568,459,1493
120,24,367,1543,51,29932,459,334
120,24,367,1543,51,29932,459,334
120,24,367,1948,51,27197,459,5253
120,24,367,1948,51,27197,459,5253
120,24,367,1948,51,27197,459,5253
120,24,367,2363,51,24365,459,7218
120,24,367,2363,51,24365,459,7218
120,24,367,2759,51,2168,459,9088
120,24,367,2759,51,2168,459,9088
120,24,367,3154,51,18994,460,0953
120,24,367,3154,51,18994,460,0953
120,24,367,3154,51,18994,460,0953
120,24,367,3523,51,16504,460,27
120,25,367,3523,51,16504,460,27
120,25,367,3884,51,14063,460,441
120,25,367,3884,51,14063,460,441
120,25,367,4258,51,11523,460,6172
120,25,367,4258,51,11523,460,6172
120,25,367,4636,51,08936,460,7963
120,25,367,4636,51,08936,460,7963
120,25,367,4636,51,08936,460,7963
120,25,367,4993,51,06494,460,965
120,25,367,4993,51,06494,460,965
120,25,367,5364,51,04004,461,1395
120,25,367,5364,51,04004,461,1395
120,25,367,5728,51,01563,461,3112
120,25,367,5728,51,01563,461,3112
120,25,367,6094,50,99072,461,4839
120,25,367,6094,50,99072,461,4839
120,25,367,645,50,9668,461,6517
120,25,367,645,50,9668,461,6517
120,25,367,645,50,9668,461,6517
120,25,367,6824,50,94141,461,8287
120,25,367,6824,50,94141,461,8287
120,25,367,7244,50,91309,462,0271
120,25,367,7244,50,91309,462,0271
120,25,367,7615,50,8877,462,2026
120,25,367,7615,50,8877,462,2026
120,25,367,7615,50,8877,462,2026
120,25,367,7976,50,86328,462,3735
120,25,367,7976,50,86328,462,3735
120,25,367,8357,50,8374,462,5535
120,25,367,8357,50,8374,462,5535
120,25,367,8721,50,81299,462,7252
120,25,367,8721,50,81299,462,7252
120,25,367,9077,50,78906,462,8931
120,25,367,9077,50,78906,462,8931
120,25,367,9077,50,78906,462,8931
120,25,367,9451,50,76367,463,0701
120,25,367,9451,50,76367,463,0701
120,25,367,9822,50,73828,463,2458
120,25,367,9822,50,73828,463,2458
120,25,368,0212,50,71191,463,4296
120,25,368,0212,50,71191,463,4296
120,25,368,0569,50,68799,463,5975
120,25,368,0569,50,68799,463,5975
120,25,368,0569,50,68799,463,5975
120,25,368,093,50,66357,463,7687
120,25,368,093,50,66357,463,7687
120,25,368,1292,50,63916,463,9393
120,25,368,1292,50,63916,463,9393
120,25,368,1653,50,61475,464,1097
120,25,368,1653,50,61475,464,1097
120,25,368,2014,50,59033,464,2803
120,25,368,2014,50,59033,464,2803
120,25,368,2371,50,56592,464,4485
120,25,368,2371,50,56592,464,4485
120,25,368,2371,50,56592,464,4485
120,25,368,2734,50,54102,464,6206
120,25,368,2734,50,54102,464,6206
120,25,368,3091,50,5166,464,7891
120,25,368,3091,50,5166,464,7891
120,25,368,345,50,49219,464,9585
120,25,368,345,50,49219,464,9585
120,25,368,3826,50,4668,465,1353
120,25,368,3826,50,4668,465,1353
120,25,368,3826,50,4668,465,1353
120,25,368,4192,50,44238,465,3077
120,25,368,4192,50,44238,465,3077
120,25,368,4612,50,41406,465,5061
120,25,368,4612,50,41406,465,5061
120,25,368,4612,50,41406,465,5061
120,25,368,5762,50,39551,465,5961
120,25,368,5762,50,39551,465,5961
120,25,368,7656,50,38184,465,6133
120,25,368,7656,50,38184,465,6133
120,25,368,9561,50,36816,465,6306
120,25,368,9561,50,36816,465,6306
120,25,369,1331,50,35547,465,6466
120,25,369,1331,50,35547,465,6466
120,25,369,1331,50,35547,465,6466
120,25,369,3052,50,34326,465,6622
120,25,369,3052,50,34326,465,6622
120,25,369,4858,50,33057,465,6786
120,25,369,4858,50,33057,465,6786
120,25,369,6606,50,31836,465,6945
120,25,369,6606,50,31836,465,6945
120,25,369,8416,50,30566,465,7109
120,25,369,8416,50,30566,465,7109
120,25,369,8416,50,30566,465,7109
120,25,370,0205,50,29297,465,7271
120,25,370,0205,50,29297,465,7271
120,25,370,199,50,28027,465,7433
120,25,370,199,50,28027,465,7433
120,25,370,3708,50,26807,465,7589
120,25,370,3708,50,26807,465,7589
120,25,370,5413,50,25586,465,7744
120,25,370,5413,50,25586,465,7744
120,25,370,718,50,24316,465,7905
120,25,370,718,50,24316,465,7905
120,25,370,718,50,24316,465,7905
120,25,370,8953,50,23047,465,8065
120,25,370,8953,50,23047,465,8065
120,25,371,0732,50,21777,465,8226
120,25,371,0732,50,21777,465,8226
120,25,371,2493,50,20557,465,8386
120,25,371,2493,50,20557,465,8386
120,25,371,4265,50,19287,465,8547
120,25,371,4265,50,19287,465,8547
120,25,371,6047,50,18018,465,8709
120,25,371,6047,50,18018,465,8709
120,25,371,6047,50,18018,465,8709
120,25,371,7759,50,16797,465,8865
120,25,371,7759,50,16797,465,8865
120,25,371,9502,50,15576,465,9023
120,25,371,9502,50,15576,465,9023
120,25,372,1282,50,14307,465,9185
120,25,372,1282,50,14307,465,9185
120,25,372,3081,50,13037,465,9348
120,25,372,3081,50,13037,465,9348
120,25,372,3081,50,13037,465,9348
120,25,372,488,50,11768,465,9511
120,25,372,488,50,11768,465,9511
120,25,372,6658,50,1084,465,9838
120,25,372,6658,50,1084,465,9838
120,25,372,8362,50,10059,466,0215
120,25,372,8362,50,10059,466,0215
120,25,373,0071,50,09277,466,0593
120,25,373,0071,50,09277,466,0593
120,25,373,1843,50,08447,466,0985
120,25,373,1843,50,08447,466,0985
120,25,373,1843,50,08447,466,0985
120,25,373,3518,50,07666,466,1355
120,25,373,3518,50,07666,466,1355
120,25,373,5259,50,06836,466,174
120,25,373,5259,50,06836,466,174
120,25,373,6926,50,06055,466,2108
120,25,373,6926,50,06055,466,2108
120,25,373,8643,50,05273,466,2488
120,25,373,8643,50,05273,466,2488
120,25,374,0281,50,04492,466,285
120,25,374,0281,50,04492,466,285
120,25,374,1997,50,03711,466,3229
120,25,374,1997,50,03711,466,3229
120,25,374,3645,50,0293,466,3593
120,25,374,3645,50,0293,466,3593
120,25,374,3645,50,0293,466,3593
120,25,374,5266,50,02148,466,3951
120,25,374,5266,50,02148,466,3951
120,25,374,6987,50,01367,466,4332
120,25,374,6987,50,01367,466,4332
120,25,374,8674,50,00586,466,4705
120,25,374,8674,50,00586,466,4705
120,25,375,033,49,99805,466,5071
120,25,375,033,49,99805,466,5071
120,25,375,1951,49,99023,466,543
120,25,375,1951,49,99023,466,543
120,25,375,363,49,98242,466,5801
120,25,375,363,49,98242,466,5801
120,25,375,5266,49,97461,466,6162
120,25,375,5266,49,97461,466,6162
120,25,375,6897,49,96729,466,6523
120,25,375,6897,49,96729,466,6523
120,25,375,6897,49,96729,466,6523
120,25,375,8511,49,95996,466,688
120,25,375,8511,49,95996,466,688
120,25,376,0159,49,95215,466,7245
120,25,376,0159,49,95215,466,7245
120,25,376,1826,49,94434,466,7614
120,25,376,1826,49,94434,466,7614
120,25,376,3477,49,93652,466,7979
120,25,376,3477,49,93652,466,7979
120,25,376,3918,49,93457,466,8076
120,25,376,3918,49,93457,466,8076
120,25,376,3918,49,93457,466,8076
120,25,376,3918,49,93457,466,8076
120,25,376,3918,49,93457,466,8076
120,25,309,397,84,36719,232,3451
120,25,309,397,84,36719,232,3451
120,25,309,397,84,36719,232,3451
120,25,309,397,84,36719,232,3451
120,25,309,397,84,36719,232,3451
120,25,309,397,84,36719,232,3451
120,25,309,397,84,36719,232,3451
120,25,309,397,84,36719,232,3451
120,25,309,397,84,36719,232,3451
120,25,309,397,84,36719,232,3451
120,25,309,397,84,36719,232,3451
120,25,309,397,84,36719,232,3451
120,25,309,397,84,36719,232,3451
120,25,309,397,84,36719,232,3451
120,25,309,397,84,36719,232,3451
120,25,309,397,84,36719,232,3451
120,25,309,397,84,36719,232,3451
120,25,309,397,84,36719,232,3451
120,25,309,397,84,36719,232,3451
120,25,309,397,84,36719,232,3451
120,25,309,397,84,36719,232,3451
120,25,309,397,84,36719,232,3451
120,25,309,397,84,36719,232,3451
120,25,309,397,84,36719,232,3451
120,25,309,397,84,36719,232,3451
120,25,309,397,84,36719,232,3451
120,25,309,397,84,36719,232,3451
120,25,309,397,84,36719,232,3451
120,25,309,397,84,36719,232,3451
120,25,309,397,84,36719,232,3451
120,25,309,397,84,36719,232,3451
120,25,309,397,84,36719,232,3451
120,25,309,397,84,36719,232,3451
120,25,309,397,84,36719,232,3451
120,25,309,397,84,36719,232,3451
120,25,309,397,84,36719,232,3451
120,25,309,397,84,36719,232,3451
120,25,309,397,84,36719,232,3451
120,25,309,397,84,36719,232,3451
120,25,309,397,84,36719,232,3451
120,25,309,397,84,36719,232,3451
120,25,309,397,84,36719,232,3451
120,25,309,397,84,36719,232,3451
120,25,309,397,84,36719,232,3451
120,25,309,397,84,36719,232,3451
120,25,309,397,84,36719,232,3451
120,25,309,397,84,36719,232,3451
120,25,309,397,84,36719,232,3451
120,25,309,397,84,36719,232,3451
120,25,309,397,84,36719,232,3451
120,25,309,397,84,36719,232,3451
120,25,309,397,84,36719,232,3451
120,25,309,397,84,36719,232,3451
120,25,309,397,84,36719,232,3451
120,25,309,397,84,36719,232,3451
120,25,309,397,84,36719,232,3451
120,25,309,397,84,36719,232,3451
120,25,309,397,84,36719,232,3451
120,25,309,397,84,36719,232,3451
120,25,309,397,84,36719,232,3451
120,25,309,397,84,36719,232,3451
120,25,309,397,84,36719,232,3451
120,25,309,397,84,36719,232,3451
120,25,309,397,84,36719,232,3451
120,25,309,397,84,36719,232,3451
120,25,309,397,84,36719,232,3451
120,25,309,397,84,36719,232,3451
120,25,309,397,84,36719,232,3451
120,25,309,397,84,36719,232,3451
120,25,309,397,84,36719,232,3451
120,25,309,397,84,36719,232,3451
120,25,309,397,84,36719,232,3451
120,25,309,397,84,36719,232,3451
120,25,309,397,84,36719,232,3451
120,25,309,397,84,36719,232,3451
120,25,309,397,84,36719,232,3451
120,25,309,397,84,36719,232,3451
120,25,309,397,84,36719,232,3451
120,25,309,397,84,36719,232,3451
120,25,309,397,84,36719,232,3451
120,25,309,397,84,36719,232,3451
120,25,309,397,84,36719,232,3451
120,25,309,397,84,36719,232,3451
120,25,309,397,84,36719,232,3451
120,25,309,397,84,36719,232,3451
120,25,309,397,84,36719,232,3451
120,25,309,397,84,36719,232,3451
120,25,309,397,84,36719,232,3451
120,25,309,397,84,36719,232,3451
120,25,309,397,84,36719,232,3451
120,25,309,397,84,36719,232,3451
120,25,309,397,84,36719,232,3451
120,25,309,397,84,36719,232,3451
120,25,309,397,84,36719,232,3451
120,25,309,397,84,36719,232,3451
120,25,309,397,84,36719,232,3451
120,25,309,397,84,36719,232,3451
120,25,309,397,84,36719,232,3451
120,25,309,397,84,36719,232,3451
120,25,309,397,84,36719,232,3451
120,25,309,397,84,36719,232,3451
120,25,309,397,84,36719,232,3451
120,25,309,397,84,36719,232,3451
120,25,309,397,84,36719,232,3451
120,25,309,397,84,36719,232,3451
120,25,309,397,84,36719,232,3451
120,25,309,397,84,36719,232,3451
120,25,309,397,84,36719,232,3451
120,25,309,397,84,36719,232,3451
120,25,309,397,84,36719,232,3451
120,25,309,397,84,36719,232,3451
120,25,309,397,84,36719,232,3451
120,25,309,397,84,36719,232,3451
120,25,309,397,84,36719,232,3451
120,25,309,397,84,36719,232,3451
120,25,309,397,84,36719,232,3451
120,25,309,397,84,36719,232,3451
120,25,309,397,84,36719,232,3451
120,25,309,397,84,36719,232,3451
120,25,309,397,84,36719,232,3451
120,25,309,397,84,36719,232,3451
120,25,309,397,84,36719,232,3451
120,25,309,397,84,36719,232,3451
120,25,309,397,84,36719,232,3451
120,25,309,397,84,36719,232,3451
120,25,309,397,84,36719,232,3451
120,25,309,397,84,36719,232,3451
120,25,309,397,84,36719,232,3451
120,25,309,397,84,36719,232,3451
120,25,309,397,84,36719,232,3451
120,25,309,397,84,36719,232,3451
120,25,309,397,84,36719,232,3451
120,25,309,397,84,36719,232,3451
120,25,309,397,84,36719,232,3451
120,25,309,397,84,36719,232,3451
120,25,309,397,84,36719,232,3451
120,25,309,397,84,36719,232,3451
120,25,309,397,84,36719,232,3451
120,25,309,397,84,36719,232,3451
120,25,309,397,84,36719,232,3451
120,25,309,397,84,36719,232,3451
120,25,309,397,84,36719,232,3451
120,25,309,397,84,36719,232,3451
120,25,309,397,84,36719,232,3451
120,25,309,397,84,36719,232,3451
120,25,309,397,84,36719,232,3451
120,25,309,397,84,36719,232,3451
120,25,309,397,84,36719,232,3451
120,25,309,397,84,36719,232,3451
120,25,309,397,84,36719,232,3451
120,25,309,397,84,36719,232,3451
120,25,309,397,84,36719,232,3451
120,25,309,397,84,36719,232,3451
120,25,309,397,84,36719,232,3451
120,25,309,397,84,36719,232,3451
120,25,309,397,84,36719,232,3451
120,25,309,397,84,36719,232,3451
120,25,309,397,84,36719,232,3451
120,25,309,397,84,36719,232,3451
120,25,309,397,84,36719,232,3451
120,25,309,397,84,36719,232,3451
120,25,309,397,84,36719,232,3451
120,25,309,397,84,36719,232,3451
120,25,309,397,84,36719,232,3451
120,25,309,397,84,36719,232,3451
120,25,309,397,84,36719,232,3451
120,25,309,397,84,36719,232,3451
120,25,309,397,84,36719,232,3451
120,25,309,397,84,36719,232,3451
120,25,309,397,84,36719,232,3451
120,25,309,397,84,36719,232,3451
120,25,309,397,84,36719,232,3451
120,25,309,397,84,36719,232,3451
120,25,309,397,84,36719,232,3451
120,25,309,397,84,36719,232,3451
120,25,309,397,84,36719,232,3451
120,25,309,397,84,36719,232,3451
120,25,309,397,84,36719,232,3451
120,25,309,397,84,36719,232,3451
120,25,309,397,84,36719,232,3451
120,25,309,397,84,36719,232,3451
120,25,309,397,84,36719,232,3451
120,25,309,397,84,36719,232,3451
120,25,309,397,84,36719,232,3451
120,25,309,397,84,36719,232,3451
120,25,309,397,84,36719,232,3451
120,25,309,397,84,36719,232,3451
120,25,309,397,84,36719,232,3451
120,25,309,397,84,36719,232,3451
120,25,309,397,84,36719,232,3451
120,25,309,397,84,36719,232,3451
120,25,309,397,84,36719,232,3451
120,25,309,397,84,36719,232,3451
120,25,309,397,84,36719,232,3451
120,25,309,397,84,36719,232,3451
120,25,309,397,84,36719,232,3451
120,25,309,397,84,36719,232,3451
120,25,309,397,84,36719,232,3451
120,25,309,397,84,36719,232,3451
120,25,309,397,84,36719,232,3451
120,25,309,397,84,36719,232,3451
120,25,309,397,84,36719,232,3451
120,25,309,397,84,36719,232,3451
120,25,309,397,84,36719,232,3451
120,25,309,397,84,36719,232,3451
120,25,309,397,84,36719,232,3451
120,25,309,397,84,36719,232,3451
120,25,309,397,84,36719,232,3451
120,25,309,397,84,36719,232,3451
120,25,309,397,84,36719,232,3451
120,25,309,397,84,36719,232,3451
120,25,309,397,84,36719,232,3451
120,25,309,397,84,36719,232,3451
120,25,309,397,84,36719,232,3451
120,25,309,397,84,36719,232,3451
120,25,309,397,84,36719,232,3451
120,25,309,397,84,36719,232,3451
120,25,309,397,84,36719,232,3451
120,25,309,397,84,36719,232,3451
120,25,309,397,84,36719,232,3451
120,25,309,397,84,36719,232,3451
120,25,309,397,84,36719,232,3451
120,25,309,397,84,36719,232,3451
120,25,309,397,84,36719,232,3451
120,25,309,397,84,36719,232,3451
120,25,309,397,84,36719,232,3451
120,25,309,397,84,36719,232,3451
120,25,309,397,84,36719,232,3451
120,25,309,397,84,36719,232,3451
120,25,309,397,84,36719,232,3451
120,25,309,397,84,36719,232,3451
120,25,309,397,84,36719,232,3451
120,25,309,397,84,36719,232,3451
120,25,309,397,84,36719,232,3451
120,25,309,397,84,36719,232,3451
120,25,309,397,84,36719,232,3451
120,25,309,397,84,36719,232,3451
120,25,309,397,84,36719,232,3451
120,25,309,397,84,36719,232,3451
120,25,309,397,84,36719,232,3451
120,25,309,397,84,36719,232,3451
120,25,309,397,84,36719,232,3451
120,25,309,397,84,36719,232,3451
120,25,309,397,84,36719,232,3451
120,25,309,397,84,36719,232,3451
120,25,309,397,84,36719,232,3451
120,25,309,397,84,36719,232,3451
120,25,309,397,84,36719,232,3451
120,25,309,397,84,36719,232,3451
120,25,309,397,84,36719,232,3451
120,25,309,397,84,36719,232,3451
120,25,309,397,84,36719,232,3451
120,25,309,397,84,36719,232,3451
120,25,309,397,84,36719,232,3451
120,25,309,397,84,36719,232,3451
120,25,309,397,84,36719,232,3451
120,25,309,397,84,36719,232,3451
120,25,309,397,84,36719,232,3451
120,25,309,397,84,36719,232,3451
120,25,309,397,84,36719,232,3451
120,25,309,397,84,36719,232,3451
120,25,309,397,84,36719,232,3451
120,25,309,397,84,36719,232,3451
120,25,309,397,84,36719,232,3451
120,25,309,397,84,36719,232,3451
120,25,309,397,84,36719,232,3451
120,25,309,397,84,36719,232,3451
120,25,309,397,84,36719,232,3451
120,25,309,397,84,36719,232,3451
120,25,309,397,84,36719,232,3451
120,25,309,397,84,36719,232,3451
120,25,309,397,84,36719,232,3451
120,25,309,397,84,36719,232,3451
120,25,309,397,84,36719,232,3451
120,25,309,397,84,36719,232,3451
120,25,309,397,84,36719,232,3451
120,25,309,397,84,36719,232,3451
120,25,309,397,84,36719,232,3451
120,25,309,397,84,36719,232,3451
120,25,309,397,84,36719,232,3451
120,25,309,397,84,36719,232,3451
120,25,309,397,84,36719,232,3451
120,25,309,397,84,36719,232,3451
120,25,309,397,84,36719,232,3451
120,25,309,397,84,36719,232,3451
120,25,309,397,84,36719,232,3451
120,25,309,397,84,36719,232,3451
120,25,309,397,84,36719,232,3451
120,25,309,397,84,36719,232,3451
120,25,309,397,84,36719,232,3451
120,25,309,397,84,36719,232,3451
120,25,309,397,84,36719,232,3451
120,25,309,397,84,36719,232,3451
120,25,309,397,84,36719,232,3451
120,25,309,397,84,36719,232,3451
120,25,309,397,84,36719,232,3451
120,25,309,397,84,36719,232,3451
120,25,309,397,84,36719,232,3451
120,25,309,397,84,36719,232,3451
120,25,309,397,84,36719,232,3451
120,25,309,397,84,36719,232,3451
120,25,309,397,84,36719,232,3451
120,25,309,397,84,36719,232,3451
120,25,309,397,84,36719,232,3451
120,25,309,397,84,36719,232,3451
120,25,309,397,84,36719,232,3451
120,25,309,397,84,36719,232,3451
120,25,309,397,84,36719,232,3451
120,25,309,397,84,36719,232,3451
120,25,309,397,84,36719,232,3451
120,25,309,397,84,36719,232,3451
120,25,309,397,84,36719,232,3451
120,25,309,397,84,36719,232,3451
120,25,309,397,84,36719,232,3451
120,25,309,397,84,36719,232,3451
120,25,309,397,84,36719,232,3451
120,25,309,397,84,36719,232,3451
120,25,309,397,84,36719,232,3451
120,25,309,397,84,36719,232,3451
120,25,309,397,84,36719,232,3451
120,25,309,397,84,36719,232,3451
120,25,309,397,84,36719,232,3451
120,25,309,397,84,36719,232,3451
120,25,309,397,84,36719,232,3451
120,25,309,397,84,36719,232,3451
120,25,309,397,84,36719,232,3451
120,25,309,397,84,36719,232,3451
120,25,309,397,84,36719,232,3451
120,25,309,397,84,36719,232,3451
120,25,309,397,84,36719,232,3451
120,25,309,397,84,36719,232,3451
120,25,309,397,84,36719,232,3451
120,25,309,397,84,36719,232,3451
120,25,309,397,84,36719,232,3451
120,25,309,397,84,36719,232,3451
120,25,309,397,84,36719,232,3451
120,25,309,397,84,36719,232,3451
120,25,309,397,84,36719,232,3451
120,25,309,397,84,36719,232,3451
120,25,309,397,84,36719,232,3451
120,25,309,397,84,36719,232,3451
120,25,309,397,84,36719,232,3451
120,25,309,397,84,36719,232,3451
120,25,309,397,84,36719,232,3451
120,25,309,397,84,36719,232,3451
120,25,309,397,84,36719,232,3451
120,25,309,397,84,36719,232,3451
120,25,309,397,84,36719,232,3451
120,25,309,397,84,36719,232,3451
120,25,309,397,84,36719,232,3451
120,25,309,397,84,36719,232,3451
120,25,309,397,84,36719,232,3451
120,25,309,397,84,36719,232,3451
120,25,309,397,84,36719,232,3451
