Time,RSteps,X,Y,Z
300,0,617,4614,85,06006,295,2211
300,1,617,4614,85,06006,295,2211
300,1,617,4614,85,06006,295,2211
300,1,617,4614,85,06006,295,2211
300,1,617,4614,85,06006,295,2211
300,1,617,4614,84,34424,295,2211
300,1,617,4614,84,34424,295,2211
300,1,617,4614,84,34424,295,2211
300,1,617,0793,84,41602,295,1265
300,1,617,0793,84,41602,295,1265
300,1,616,8489,84,45947,295,0693
300,1,616,8489,84,45947,295,0693
300,1,616,6543,84,49609,295,0211
300,1,616,6543,84,49609,295,0211
300,1,616,5037,84,52441,294,9839
300,1,616,5037,84,52441,294,9839
300,1,616,3457,84,5542,294,9447
300,1,616,3457,84,5542,294,9447
300,1,616,1912,84,58301,294,9065
300,1,616,1912,84,58301,294,9065
300,1,616,0398,84,61133,294,869
300,1,616,0398,84,61133,294,869
300,1,615,9011,84,63721,294,8347
300,1,615,9011,84,63721,294,8347
300,1,615,7664,84,6626,294,8013
300,1,615,6262,84,68896,294,7666
300,1,615,6262,84,68896,294,7666
300,1,615,4868,84,71533,294,7321
300,1,615,4868,84,71533,294,7321
300,1,615,3525,84,74023,294,6987
300,1,615,3525,84,74023,294,6987
300,1,615,2056,84,76807,294,6624
300,1,615,2056,84,76807,294,6624
300,1,615,2056,84,76807,294,6624
300,1,615,0332,84,79834,294,6185
300,1,615,0332,84,79834,294,6185
300,1,614,8562,84,8291,294,5732
300,1,614,8562,84,8291,294,5732
300,1,614,6877,84,8584,294,53
300,1,614,6877,84,8584,294,53
300,1,614,5261,84,88623,294,4885
300,1,614,5261,84,88623,294,4885
300,1,614,366,84,91406,294,4475
300,1,614,366,84,91406,294,4475
300,1,614,2068,84,94189,294,4067
300,1,614,2068,84,94189,294,4067
300,1,614,0461,84,96973,294,3656
300,1,614,0461,84,96973,294,3656
300,1,614,0461,84,96973,294,3656
300,1,613,8804,84,99854,294,3231
300,1,613,8804,84,99854,294,3231
300,1,613,7126,85,02734,294,2803
300,1,613,7126,85,02734,294,2803
300,1,613,5464,85,05615,294,2377
300,1,613,5464,85,05615,294,2377
300,1,613,3799,85,08496,294,1951
300,1,613,3799,85,08496,294,1951
300,1,613,3799,85,08496,294,1951
300,1,613,1963,85,1167,294,1479
300,1,613,1963,85,1167,294,1479
300,1,613,1963,85,1167,294,1479
300,1,612,9712,85,15576,294,0903
300,1,612,9712,85,15576,294,0903
300,1,612,7698,85,19092,294,0387
300,1,612,7698,85,19092,294,0387
300,1,612,7698,85,19092,294,0387
300,1,612,6008,85,22021,293,9954
300,1,612,6008,85,22021,293,9954
300,1,612,4216,85,25146,293,9495
300,1,612,4216,85,25146,293,9495
300,1,612,4216,85,25146,293,9495
300,1,612,2097,85,27783,293,856
300,1,612,2097,85,27783,293,856
300,1,612,0615,85,29541,293,7866
300,1,612,0615,85,29541,293,7866
300,1,611,9189,85,31201,293,72
300,1,611,9189,85,31201,293,72
300,1,611,7542,85,33154,293,6428
300,1,611,7542,85,33154,293,6428
300,1,611,6055,85,34912,293,5732
300,1,611,6055,85,34912,293,5732
300,1,611,4485,85,36768,293,4998
300,1,611,4485,85,36768,293,4998
300,1,611,2917,85,38623,293,4265
300,1,611,2917,85,38623,293,4265
300,1,611,1353,85,40479,293,3533
300,1,611,1353,85,40479,293,3533
300,1,611,1353,85,40479,293,3533
300,1,610,9827,85,42285,293,2819
300,1,610,9827,85,42285,293,2819
300,1,610,8367,85,43994,293,2135
300,1,610,8367,85,43994,293,2135
300,1,610,6873,85,45752,293,1436
300,1,610,6873,85,45752,293,1436
300,1,610,5408,85,47461,293,075
300,1,610,5408,85,47461,293,075
300,1,610,3975,85,4917,293,0079
300,1,610,3975,85,4917,293,0079
300,1,610,2546,85,5083,292,9387
300,1,610,2546,85,5083,292,9387
300,1,610,1377,85,51758,292,837
300,2,610,1377,85,51758,292,837
300,2,610,0149,85,52734,292,7302
300,2,610,0149,85,52734,292,7302
300,2,609,8772,85,53857,292,6104
300,2,609,8772,85,53857,292,6104
300,2,609,7598,85,54834,292,5082
300,2,609,7598,85,54834,292,5082
300,2,609,637,85,55859,292,4014
300,2,609,637,85,55859,292,4014
300,2,609,5142,85,56836,292,2946
300,2,609,5142,85,56836,292,2946
300,2,609,3943,85,57813,292,1902
300,2,609,3943,85,57813,292,1902
300,2,609,2744,85,58789,292,0859
300,2,609,2744,85,58789,292,0859
300,2,609,1584,85,59717,291,9851
300,2,609,1584,85,59717,291,9851
300,2,609,0393,85,60693,291,8815
300,2,609,0393,85,60693,291,8815
300,2,608,9231,85,61621,291,7804
300,2,608,9231,85,61621,291,7804
300,2,608,8044,85,62598,291,677
300,2,608,8044,85,62598,291,677
300,2,608,6865,85,63574,291,5743
300,2,608,5701,85,64551,291,4729
300,2,608,5701,85,64551,291,4729
300,2,608,4658,85,65527,291,3708
300,2,608,4658,85,65527,291,3708
300,2,608,3782,85,66699,291,2532
300,2,608,3782,85,66699,291,2532
300,2,608,2849,85,67969,291,1281
300,2,608,2849,85,67969,291,1281
300,2,608,1885,85,69287,290,9987
300,2,608,1885,85,69287,290,9987
300,2,608,0994,85,70508,290,8789
300,2,608,0994,85,70508,290,8789
300,2,608,0078,85,71777,290,7561
300,2,608,0078,85,71777,290,7561
300,2,607,9192,85,72998,290,6371
300,2,607,9192,85,72998,290,6371
300,2,607,8303,85,74219,290,5179
300,2,607,7424,85,75391,290,4
300,2,607,7424,85,75391,290,4
300,2,607,6548,85,76563,290,2825
300,2,607,6548,85,76563,290,2825
300,2,607,5637,85,77783,290,1603
300,2,607,5637,85,77783,290,1603
300,2,607,4758,85,79004,290,0425
300,2,607,4758,85,79004,290,0425
300,2,607,3911,85,80176,289,929
300,2,607,3911,85,80176,289,929
300,2,607,2937,85,81494,289,7981
300,2,607,2937,85,81494,289,7981
300,2,607,2078,85,82666,289,6829
300,2,607,1223,85,83838,289,5684
300,2,607,1223,85,83838,289,5684
300,2,607,1223,85,83838,289,5684
300,2,607,1223,85,83838,289,5684
300,2,607,1223,85,83838,289,5684
300,2,607,1223,85,83838,289,5684
300,2,607,1223,85,83838,289,5684
300,2,607,1223,85,83838,289,5684
300,2,607,1223,85,83838,289,5684
300,2,607,0408,85,84961,289,459
300,2,607,0408,85,84961,289,459
300,2,606,9519,85,86182,289,3398
300,2,606,9519,85,86182,289,3398
300,2,606,8652,85,87354,289,2236
300,2,606,8652,85,87354,289,2236
300,2,606,7834,85,88477,289,114
300,2,606,7834,85,88477,289,114
300,2,606,6921,85,89697,288,9917
300,2,606,6096,85,91113,288,868
300,2,606,6096,85,91113,288,868
300,2,606,5388,85,92627,288,749
300,2,606,5388,85,92627,288,749
300,2,606,4678,85,94141,288,6296
300,2,606,4678,85,94141,288,6296
300,2,606,3938,85,95752,288,5054
300,2,606,3938,85,95752,288,5054
300,2,606,3232,85,97266,288,3866
300,2,606,2478,85,98877,288,2596
300,2,606,2478,85,98877,288,2596
300,2,606,1755,86,00439,288,1379
300,2,606,1755,86,00439,288,1379
300,2,606,1062,86,01953,288,0212
300,2,606,0352,86,03467,287,9019
300,2,606,0352,86,03467,287,9019
300,2,605,9685,86,04883,287,7898
300,2,605,9685,86,04883,287,7898
300,2,605,9031,86,06299,287,6797
300,2,605,8345,86,07764,287,5642
300,2,605,8345,86,07764,287,5642
300,2,605,7676,86,0918,287,4518
300,2,605,7676,86,0918,287,4518
300,2,605,7021,86,10596,287,3417
300,2,605,6333,86,12061,287,2261
300,2,605,6333,86,12061,287,2261
300,2,605,6333,86,12061,287,2261
300,2,605,5667,86,13477,287,1141
300,2,605,4785,86,15381,286,9661
300,2,605,4785,86,15381,286,9661
300,2,605,4146,86,16748,286,8586
300,2,605,3491,86,18164,286,7485
300,2,605,3491,86,18164,286,7485
300,2,605,2859,86,19531,286,6423
300,2,605,2234,86,20898,286,5375
300,2,605,2234,86,20898,286,5375
300,2,605,1584,86,22314,286,4281
300,2,605,1584,86,22314,286,4281
300,2,605,0964,86,23633,286,324
300,2,605,0164,86,25342,286,1891
300,2,605,0164,86,25342,286,1891
300,2,604,9543,86,26709,286,0846
300,2,604,9543,86,26709,286,0846
300,2,604,9543,86,26709,286,0846
300,2,604,9543,86,26709,286,0846
300,2,604,9543,86,26709,286,0846
300,2,604,9543,86,26709,286,0846
300,2,604,9543,86,26709,286,0846
300,2,604,9543,86,26709,286,0846
300,2,604,9543,86,26709,286,0846
300,2,604,9543,86,26709,286,0846
300,2,604,9543,86,26709,286,0846
300,2,604,9543,86,26709,286,0846
300,2,604,9543,86,26709,286,0846
300,2,604,9543,86,26709,286,0846
300,3,604,9543,86,26709,286,0846
300,3,604,9543,86,26709,286,0846
300,3,604,8853,86,28174,285,9684
300,3,604,8853,86,28174,285,9684
300,3,604,8164,86,29688,285,8528
300,3,604,7454,86,31201,285,7334
300,3,604,7454,86,31201,285,7334
300,3,604,6843,86,32617,285,6216
300,3,604,6306,86,33936,285,5166
300,3,604,6306,86,33936,285,5166
300,3,604,575,86,35303,285,4082
300,3,604,5225,86,36572,285,3059
300,3,604,5225,86,36572,285,3059
300,3,604,4695,86,37891,285,2028
300,3,604,4148,86,39209,285,0957
300,3,604,4148,86,39209,285,0957
300,3,604,3591,86,40576,284,9869
300,3,604,3591,86,40576,284,9869
300,3,604,2981,86,4209,284,8677
300,3,604,2351,86,43652,284,7446
300,3,604,2351,86,43652,284,7446
300,3,604,177,86,45068,284,6311
300,3,604,177,86,45068,284,6311
300,3,604,1167,86,46533,284,5135
300,3,604,0591,86,47949,284,4014
300,3,604,0591,86,47949,284,4014
300,3,604,0044,86,49268,284,2948
300,3,603,9509,86,50586,284,1907
300,3,603,9509,86,50586,284,1907
300,3,603,8936,86,52002,284,0787
300,3,603,8333,86,53467,283,9614
300,3,603,8333,86,53467,283,9614
300,3,603,78,86,54785,283,8577
300,3,603,7261,86,56104,283,7524
300,3,603,7261,86,56104,283,7524
300,3,603,6689,86,5752,283,6411
300,3,603,6162,86,58789,283,5383
300,3,603,6162,86,58789,283,5383
300,3,603,5625,86,60107,283,4333
300,3,603,5076,86,61426,283,3259
300,3,603,5076,86,61426,283,3259
300,3,603,4526,86,62793,283,2185
300,3,603,4006,86,64063,283,1173
300,3,603,4006,86,64063,283,1173
300,3,603,342,86,65479,283,0027
300,3,603,2881,86,66797,282,8975
300,3,603,2881,86,66797,282,8975
300,3,603,2334,86,68115,282,7908
300,3,603,1787,86,69434,282,6891
300,3,603,1787,86,69434,282,6891
300,3,603,1216,86,70801,282,5901
300,3,603,0657,86,72168,282,4934
300,3,603,0657,86,72168,282,4934
300,3,603,0657,86,72168,282,4934
300,3,603,0657,86,72168,282,4934
300,3,603,0657,86,72168,282,4934
300,3,603,0657,86,72168,282,4934
300,3,603,0657,86,72168,282,4934
300,3,603,0657,86,72168,282,4934
300,3,603,0657,86,72168,282,4934
300,3,603,0657,86,72168,282,4934
300,3,603,0657,86,72168,282,4934
300,3,603,0657,86,72168,282,4934
300,3,603,0657,86,72168,282,4934
300,3,603,0657,86,72168,282,4934
300,3,603,0657,86,72168,282,4934
300,3,603,0657,86,72168,282,4934
300,3,603,0657,86,72168,282,4934
300,3,603,0073,86,73584,282,3923
300,3,602,9465,86,75049,282,287
300,3,602,9465,86,75049,282,287
300,3,602,885,86,76514,282,1804
300,3,602,8281,86,77881,282,0819
300,3,602,7717,86,79248,281,9841
300,3,602,7717,86,79248,281,9841
300,3,602,7141,86,80615,281,8844
300,3,602,7141,86,80615,281,8844
300,3,602,6418,86,82373,281,7593
300,3,602,5847,86,8374,281,6605
300,3,602,5847,86,8374,281,6605
300,3,602,5247,86,85156,281,5569
300,3,602,4709,86,86426,281,4642
300,3,602,4709,86,86426,281,4642
300,3,602,4126,86,87842,281,3632
300,3,602,353,86,89258,281,2603
300,3,602,2947,86,90674,281,1592
300,3,602,2947,86,90674,281,1592
300,3,602,2385,86,92041,281,0621
300,3,602,1824,86,93408,280,9651
300,3,602,1824,86,93408,280,9651
300,3,602,1265,86,94727,280,8683
300,3,602,0715,86,96045,280,7732
300,3,602,0139,86,97412,280,6738
300,3,602,0139,86,97412,280,6738
300,3,601,9607,86,98682,280,5818
300,3,601,906,87,280,4871
300,3,601,906,87,280,4871
300,3,601,8511,87,01318,280,3918
300,3,601,7957,87,02637,280,2959
300,3,601,7402,87,03955,280,2001
300,3,601,7402,87,03955,280,2001
300,3,601,6853,87,05273,280,105
300,3,601,6321,87,06543,280,0132
300,3,601,6321,87,06543,280,0132
300,3,601,5708,87,08008,279,9072
300,3,601,5117,87,09424,279,8052
300,3,601,4558,87,10791,279,7083
300,3,601,4558,87,10791,279,7083
300,3,601,4055,87,12012,279,6213
300,3,601,3528,87,13281,279,5304
300,3,601,3528,87,13281,279,5304
300,3,601,2991,87,14551,279,4282
300,3,601,2512,87,15625,279,3328
300,3,601,2012,87,16748,279,2329
300,3,601,2012,87,16748,279,2329
300,3,601,1523,87,17871,279,1357
300,3,601,1077,87,18896,279,0465
300,3,601,0613,87,19971,278,9541
300,3,601,0613,87,19971,278,9541
300,3,601,0613,87,19971,278,9541
300,3,601,0613,87,19971,278,9541
300,3,601,0613,87,19971,278,9541
300,3,601,0613,87,19971,278,9541
300,3,601,0613,87,19971,278,9541
300,3,601,0613,87,19971,278,9541
300,3,601,0613,87,19971,278,9541
300,3,601,0613,87,19971,278,9541
300,3,601,0613,87,19971,278,9541
300,3,601,0613,87,19971,278,9541
300,3,601,0613,87,19971,278,9541
300,3,601,0613,87,19971,278,9541
300,3,601,0613,87,19971,278,9541
300,3,601,0613,87,19971,278,9541
300,3,601,0613,87,19971,278,9541
300,3,601,0613,87,19971,278,9541
300,3,601,0613,87,19971,278,9541
300,3,601,0613,87,19971,278,9541
300,3,601,0613,87,19971,278,9541
300,3,601,0613,87,19971,278,9541
300,3,601,0613,87,19971,278,9541
300,3,601,0613,87,19971,278,9541
300,3,601,0613,87,19971,278,9541
300,3,601,0613,87,19971,278,9541
300,3,601,0613,87,19971,278,9541
300,3,601,0613,87,19971,278,9541
300,3,601,0613,87,19971,278,9541
300,3,601,0613,87,19971,278,9541
300,3,601,0613,87,19971,278,9541
300,3,601,0613,87,19971,278,9541
300,3,601,0613,87,19971,278,9541
300,3,601,0613,87,19971,278,9541
300,3,601,0613,87,19971,278,9541
300,3,601,0613,87,19971,278,9541
300,3,601,0613,87,19971,278,9541
300,3,601,0613,87,19971,278,9541
300,3,601,0613,87,19971,278,9541
300,3,601,0613,87,19971,278,9541
300,3,601,0613,87,19971,278,9541
300,3,601,0613,87,19971,278,9541
300,3,601,0613,87,19971,278,9541
300,3,601,0613,87,19971,278,9541
300,3,601,0613,87,19971,278,9541
300,3,601,0613,87,19971,278,9541
300,3,601,0613,87,19971,278,9541
300,3,601,0613,87,19971,278,9541
300,3,601,0613,87,19971,278,9541
300,3,601,0613,87,19971,278,9541
300,3,601,0613,87,19971,278,9541
300,3,601,0613,87,19971,278,9541
300,3,601,0613,87,19971,278,9541
300,3,601,0613,87,19971,278,9541
300,3,601,0613,87,19971,278,9541
300,3,601,0613,87,19971,278,9541
300,3,601,0613,87,19971,278,9541
300,3,601,0613,87,19971,278,9541
300,3,601,0613,87,19971,278,9541
300,3,601,0613,87,19971,278,9541
300,3,601,0613,87,19971,278,9541
300,3,601,0613,87,19971,278,9541
300,3,601,0613,87,19971,278,9541
300,3,601,0613,87,19971,278,9541
300,3,601,0613,87,19971,278,9541
300,3,601,0613,87,19971,278,9541
300,3,601,0613,87,19971,278,9541
300,3,601,0613,87,19971,278,9541
300,3,601,0613,87,19971,278,9541
300,3,601,0613,87,19971,278,9541
300,3,601,0613,87,19971,278,9541
300,3,601,0613,87,19971,278,9541
300,3,601,0613,87,19971,278,9541
300,3,601,0613,87,19971,278,9541
300,3,601,0613,87,19971,278,9541
300,3,601,0613,87,19971,278,9541
300,3,601,0613,87,19971,278,9541
300,3,601,0613,87,19971,278,9541
300,3,601,0613,87,19971,278,9541
300,3,601,0613,87,19971,278,9541
300,3,601,0613,87,19971,278,9541
300,3,601,0613,87,19971,278,9541
300,3,601,0613,87,19971,278,9541
300,3,601,0613,87,19971,278,9541
300,3,601,0613,87,19971,278,9541
300,3,601,0613,87,19971,278,9541
300,3,601,0613,87,19971,278,9541
300,3,601,0613,87,19971,278,9541
300,3,601,0613,87,19971,278,9541
300,3,601,0613,87,19971,278,9541
300,3,601,0613,87,19971,278,9541
300,3,601,0613,87,19971,278,9541
300,3,601,0613,87,19971,278,9541
300,3,601,0613,87,19971,278,9541
300,3,601,0613,87,19971,278,9541
300,3,601,0613,87,19971,278,9541
300,3,601,0613,87,19971,278,9541
300,3,601,0613,87,19971,278,9541
300,3,601,0613,87,19971,278,9541
300,3,601,0613,87,19971,278,9541
300,3,601,0613,87,19971,278,9541
300,3,601,0613,87,19971,278,9541
300,3,601,0613,87,19971,278,9541
300,3,601,0613,87,19971,278,9541
300,3,601,0613,87,19971,278,9541
300,3,601,0613,87,19971,278,9541
300,3,601,0613,87,19971,278,9541
300,3,601,0613,87,19971,278,9541
300,3,601,0613,87,19971,278,9541
300,3,601,0613,87,19971,278,9541
300,3,601,0613,87,19971,278,9541
300,3,601,0613,87,19971,278,9541
300,3,601,0613,87,19971,278,9541
300,3,601,0613,87,19971,278,9541
300,3,601,0613,87,19971,278,9541
300,3,601,0613,87,19971,278,9541
300,3,601,0613,87,19971,278,9541
300,3,601,0613,87,19971,278,9541
300,3,601,0613,87,19971,278,9541
300,3,601,0613,87,19971,278,9541
300,3,601,0613,87,19971,278,9541
300,3,601,0613,87,19971,278,9541
300,3,601,0613,87,19971,278,9541
300,3,601,0613,87,19971,278,9541
300,3,601,0613,87,19971,278,9541
300,3,601,0613,87,19971,278,9541
300,3,601,0613,87,19971,278,9541
300,3,601,0613,87,19971,278,9541
300,3,601,0613,87,19971,278,9541
300,3,601,0613,87,19971,278,9541
300,3,601,0613,87,19971,278,9541
300,3,601,0613,87,19971,278,9541
300,3,601,0613,87,19971,278,9541
300,3,601,0613,87,19971,278,9541
300,3,601,0613,87,19971,278,9541
300,3,601,0613,87,19971,278,9541
300,3,601,0613,87,19971,278,9541
300,3,601,0613,87,19971,278,9541
300,3,601,0613,87,19971,278,9541
300,3,601,0613,87,19971,278,9541
300,3,601,0613,87,19971,278,9541
300,3,601,0613,87,19971,278,9541
300,3,601,0613,87,19971,278,9541
300,3,601,0613,87,19971,278,9541
300,3,601,0613,87,19971,278,9541
300,3,601,0613,87,19971,278,9541
300,3,601,0613,87,19971,278,9541
300,3,601,0613,87,19971,278,9541
300,3,601,0613,87,19971,278,9541
300,3,601,0613,87,19971,278,9541
300,3,601,0613,87,19971,278,9541
300,3,601,0613,87,19971,278,9541
300,3,601,0613,87,19971,278,9541
300,3,601,0613,87,19971,278,9541
300,3,601,0613,87,19971,278,9541
300,3,601,0613,87,19971,278,9541
300,3,601,0613,87,19971,278,9541
300,3,601,0613,87,19971,278,9541
300,3,601,0613,87,19971,278,9541
300,3,601,0613,87,19971,278,9541
300,3,601,0613,87,19971,278,9541
300,3,601,0613,87,19971,278,9541
300,3,601,0613,87,19971,278,9541
300,3,601,0613,87,19971,278,9541
300,3,601,0613,87,19971,278,9541
300,3,601,0613,87,19971,278,9541
300,3,601,0613,87,19971,278,9541
300,3,601,0613,87,19971,278,9541
300,3,601,0613,87,19971,278,9541
300,3,601,0613,87,19971,278,9541
300,3,601,0613,87,19971,278,9541
300,3,601,0613,87,19971,278,9541
300,3,601,0613,87,19971,278,9541
300,3,601,0613,87,19971,278,9541
300,3,601,0613,87,19971,278,9541
300,3,601,0613,87,19971,278,9541
300,3,601,0613,87,19971,278,9541
300,3,601,0613,87,19971,278,9541
300,3,601,0613,87,19971,278,9541
300,3,601,0613,87,19971,278,9541
300,3,601,0613,87,19971,278,9541
300,3,601,0613,87,19971,278,9541
300,3,601,0613,87,19971,278,9541
300,3,601,0613,87,19971,278,9541
300,3,601,0613,87,19971,278,9541
300,3,601,0613,87,19971,278,9541
300,3,601,0613,87,19971,278,9541
300,3,601,0613,87,19971,278,9541
300,3,601,0613,87,19971,278,9541
300,3,601,0613,87,19971,278,9541
300,3,601,0613,87,19971,278,9541
300,3,601,0613,87,19971,278,9541
300,3,601,0613,87,19971,278,9541
300,3,601,0613,87,19971,278,9541
300,3,601,0613,87,19971,278,9541
300,3,601,0613,87,19971,278,9541
300,3,601,0613,87,19971,278,9541
300,3,601,0613,87,19971,278,9541
300,3,601,0613,87,19971,278,9541
300,3,601,0613,87,19971,278,9541
300,3,601,0613,87,19971,278,9541
300,3,601,0613,87,19971,278,9541
300,3,601,0613,87,19971,278,9541
300,3,601,0613,87,19971,278,9541
300,3,601,0613,87,19971,278,9541
300,3,601,0613,87,19971,278,9541
300,3,601,0613,87,19971,278,9541
300,3,601,0613,87,19971,278,9541
300,3,601,0613,87,19971,278,9541
300,3,601,0613,87,19971,278,9541
300,3,601,0613,87,19971,278,9541
300,3,601,0613,87,19971,278,9541
300,3,601,0613,87,19971,278,9541
300,3,601,0613,87,19971,278,9541
300,3,601,0613,87,19971,278,9541
300,3,601,0613,87,19971,278,9541
300,3,601,0613,87,19971,278,9541
300,3,601,0613,87,19971,278,9541
300,3,601,0613,87,19971,278,9541
300,3,601,0613,87,19971,278,9541
300,3,601,0613,87,19971,278,9541
300,3,601,0613,87,19971,278,9541
300,3,601,0613,87,19971,278,9541
300,3,601,0613,87,19971,278,9541
300,3,601,0613,87,19971,278,9541
300,3,601,0613,87,19971,278,9541
300,3,601,0613,87,19971,278,9541
300,3,601,0613,87,19971,278,9541
300,3,601,0613,87,19971,278,9541
300,3,601,0613,87,19971,278,9541
300,3,601,0613,87,19971,278,9541
300,3,601,0613,87,19971,278,9541
300,3,601,0613,87,19971,278,9541
300,3,601,0613,87,19971,278,9541
300,3,601,0613,87,19971,278,9541
300,3,601,0613,87,19971,278,9541
300,3,601,0613,87,19971,278,9541
300,3,601,0613,87,19971,278,9541
300,3,601,0613,87,19971,278,9541
300,3,601,0613,87,19971,278,9541
300,3,601,0613,87,19971,278,9541
300,3,601,0613,87,19971,278,9541
300,3,601,0613,87,19971,278,9541
300,3,601,0613,87,19971,278,9541
300,3,601,0613,87,19971,278,9541
300,3,601,0613,87,19971,278,9541
300,3,601,0613,87,19971,278,9541
300,3,601,0613,87,19971,278,9541
300,3,601,0613,87,19971,278,9541
300,3,601,0613,87,19971,278,9541
300,3,601,0613,87,19971,278,9541
300,3,601,0613,87,19971,278,9541
300,3,601,0613,87,19971,278,9541
300,3,601,0613,87,19971,278,9541
300,3,601,0613,87,19971,278,9541
300,3,601,0613,87,19971,278,9541
300,3,601,0613,87,19971,278,9541
300,3,601,0613,87,19971,278,9541
300,3,601,0613,87,19971,278,9541
300,3,601,0613,87,19971,278,9541
300,3,601,0613,87,19971,278,9541
300,3,601,0613,87,19971,278,9541
300,3,601,0613,87,19971,278,9541
300,3,601,0613,87,19971,278,9541
300,3,601,0613,87,19971,278,9541
300,3,601,0613,87,19971,278,9541
300,3,601,0613,87,19971,278,9541
300,3,601,0613,87,19971,278,9541
300,3,601,0613,87,19971,278,9541
300,3,601,0613,87,19971,278,9541
300,3,601,0613,87,19971,278,9541
300,3,601,0613,87,19971,278,9541
300,3,601,0613,87,19971,278,9541
300,3,601,0613,87,19971,278,9541
300,3,601,0613,87,19971,278,9541
300,3,601,0613,87,19971,278,9541
300,3,601,0613,87,19971,278,9541
300,3,601,0613,87,19971,278,9541
300,3,601,0613,87,19971,278,9541
300,3,601,0613,87,19971,278,9541
300,3,601,0613,87,19971,278,9541
300,3,601,0613,87,19971,278,9541
300,3,601,0613,87,19971,278,9541
300,3,601,0613,87,19971,278,9541
300,3,601,0613,87,19971,278,9541
300,3,601,0613,87,19971,278,9541
300,3,601,0613,87,19971,278,9541
300,3,601,0613,87,19971,278,9541
300,3,601,0613,87,19971,278,9541
300,3,601,0613,87,19971,278,9541
300,3,601,0613,87,19971,278,9541
300,3,601,0613,87,19971,278,9541
300,3,601,0613,87,19971,278,9541
300,3,601,0613,87,19971,278,9541
300,3,601,0613,87,19971,278,9541
300,3,601,0613,87,19971,278,9541
300,3,601,0613,87,19971,278,9541
300,3,601,0613,87,19971,278,9541
300,3,601,0613,87,19971,278,9541
300,3,601,0613,87,19971,278,9541
300,3,601,0613,87,19971,278,9541
300,3,601,0613,87,19971,278,9541
300,3,601,0613,87,19971,278,9541
300,3,601,0613,87,19971,278,9541
300,3,601,0613,87,19971,278,9541
300,3,601,0613,87,19971,278,9541
300,3,601,0613,87,19971,278,9541
300,3,601,0613,87,19971,278,9541
300,3,601,0613,87,19971,278,9541
300,3,601,0613,87,19971,278,9541
300,3,601,0613,87,19971,278,9541
300,3,601,0613,87,19971,278,9541
300,3,601,0613,87,19971,278,9541
300,3,601,0613,87,19971,278,9541
300,4,601,0613,87,19971,278,9541
300,4,601,0151,87,21045,278,8622
300,4,600,9678,87,22119,278,7677
300,4,600,9678,87,22119,278,7677
300,4,600,9189,87,23242,278,6704
300,4,600,8716,87,24316,278,5762
300,4,600,8186,87,25537,278,4705
300,4,600,8186,87,25537,278,4705
300,4,600,769,87,2666,278,3717
300,4,600,7219,87,27734,278,2776
300,4,600,6741,87,28809,278,1824
300,4,600,6741,87,28809,278,1824
300,4,600,6313,87,29785,278,0974
300,4,600,5842,87,30859,278,0038
300,4,600,5369,87,31934,277,9092
300,4,600,5369,87,31934,277,9092
300,4,600,49,87,33008,277,8158
300,4,600,4448,87,34033,277,7257
300,4,600,3992,87,35059,277,6348
300,4,600,3992,87,35059,277,6348
300,4,600,3499,87,36182,277,5369
300,4,600,3044,87,37207,277,446
300,4,600,2559,87,3833,277,3494
300,4,600,2112,87,39355,277,2603
300,4,600,2112,87,39355,277,2603
300,4,600,1658,87,40381,277,17
300,4,600,1165,87,41504,277,072
300,4,600,0657,87,42676,276,9705
300,4,600,0657,87,42676,276,9705
300,4,600,0161,87,43506,276,8795
300,4,599,9663,87,44336,276,7882
300,4,599,9158,87,45166,276,6958
300,4,599,9158,87,45166,276,6958
300,4,599,8684,87,45947,276,609
300,4,599,8176,87,46777,276,5157
300,4,599,7688,87,47607,276,426
300,4,599,7231,87,48389,276,3423
300,4,599,7231,87,48389,276,3423
300,4,599,6724,87,49219,276,2491
300,4,599,6252,87,5,276,1626
300,4,599,6252,87,5,276,1626
300,4,599,5618,87,51074,276,0464
300,4,599,5159,87,51855,275,9622
300,4,599,4683,87,52637,275,8748
300,4,599,4189,87,53467,275,7844
300,4,599,4189,87,53467,275,7844
300,4,599,3726,87,54248,275,6992
300,4,599,3281,87,5498,275,6179
300,4,599,2791,87,55811,275,528
300,4,599,2319,87,56592,275,4414
300,4,599,1858,87,57373,275,3569
300,4,599,1858,87,57373,275,3569
300,4,599,1858,87,57373,275,3569
300,4,599,1858,87,57373,275,3569
300,4,599,1333,87,58252,275,2605
300,4,599,1333,87,58252,275,2605
300,4,599,0872,87,59033,275,1757
300,4,599,0349,87,59863,275,0803
300,4,598,989,87,60645,274,9963
300,4,598,9446,87,61377,274,9136
300,4,598,9033,87,62061,274,8228
300,4,598,9033,87,62061,274,8228
300,4,598,8645,87,62695,274,7377
300,4,598,8245,87,63379,274,6495
300,4,598,7827,87,64111,274,5576
300,4,598,7439,87,64746,274,4724
300,4,598,7439,87,64746,274,4724
300,4,598,7061,87,65381,274,3892
300,4,598,6653,87,66064,274,2993
300,4,598,6257,87,66748,274,2124
300,4,598,5872,87,67383,274,1279
300,4,598,5486,87,68018,274,0428
300,4,598,509,87,68701,273,9558
300,4,598,509,87,68701,273,9558
300,4,598,47,87,69385,273,8701
300,4,598,4333,87,7002,273,7896
300,4,598,3909,87,70752,273,6959
300,4,598,3511,87,71436,273,6086
300,4,598,3123,87,7207,273,5234
300,4,598,2747,87,72705,273,4409
300,4,598,2747,87,72705,273,4409
300,4,598,2366,87,7334,273,3568
300,4,598,1978,87,74023,273,2715
300,4,598,1587,87,74707,273,1855
300,4,598,1221,87,75342,273,1047
300,4,598,083,87,76025,273,0186
300,4,598,083,87,76025,273,0186
300,4,598,0461,87,7666,272,9371
300,4,597,9988,87,77441,272,8328
300,4,597,9573,87,78125,272,7418
300,4,597,9163,87,78809,272,6514
300,4,597,9163,87,78809,272,6514
300,4,597,8767,87,79492,272,5645
300,4,597,8293,87,80273,272,4604
300,4,597,7905,87,80957,272,3735
300,4,597,7629,87,81543,272,2886
300,4,597,7358,87,8208,272,2051
300,4,597,7358,87,8208,272,2051
300,4,597,7073,87,82666,272,1173
300,4,597,6772,87,83301,272,0248
300,4,597,6475,87,83936,271,9331
300,4,597,6194,87,84521,271,8463
300,4,597,5913,87,85107,271,7598
300,4,597,5623,87,85693,271,6699
300,4,597,5623,87,85693,271,6699
300,4,597,5623,87,85693,271,6699
300,4,597,5623,87,85693,271,6699
300,4,597,5623,87,85693,271,6699
300,4,597,5623,87,85693,271,6699
300,4,597,5623,87,85693,271,6699
300,5,597,5623,87,85693,271,6699
300,5,597,5623,87,85693,271,6699
300,5,597,5354,87,8623,271,5872
300,5,597,5007,87,86963,271,4807
300,5,597,4695,87,87598,271,3848
300,5,597,4412,87,88184,271,298
300,5,597,4412,87,88184,271,298
300,5,597,4138,87,8877,271,2137
300,5,597,3855,87,89355,271,127
300,5,597,3542,87,8999,271,0313
300,5,597,3264,87,90576,270,9456
300,5,597,2983,87,91162,270,8589
300,5,597,2983,87,91162,270,8589
300,5,597,2686,87,91797,270,7671
300,5,597,2363,87,9248,270,6682
300,5,597,209,87,93018,270,5839
300,5,597,1804,87,93604,270,4961
300,5,597,1509,87,94189,270,4053
300,5,597,1226,87,94775,270,3181
300,5,597,0955,87,95313,270,2349
300,5,597,0671,87,95898,270,1482
300,5,597,0671,87,95898,270,1482
300,5,597,0415,87,96436,270,0695
300,5,597,0144,87,97021,269,9862
300,5,596,9846,87,97607,269,895
300,5,596,9573,87,98145,269,8145
300,5,596,9285,87,98682,269,73
300,5,596,8994,87,99219,269,6447
300,5,596,8706,87,99756,269,5598
300,5,596,843,88,00293,269,4785
300,5,596,843,88,00293,269,4785
300,5,596,8123,88,00879,269,3879
300,5,596,7849,88,01416,269,3076
300,5,596,7556,88,01953,269,2217
300,5,596,7261,88,02539,269,1348
300,5,596,698,88,03076,269,0516
300,5,596,6707,88,03613,268,9707
300,5,596,6379,88,04248,268,874
300,5,596,6091,88,04785,268,7893
300,5,596,6091,88,04785,268,7893
300,5,596,5815,88,05322,268,7083
300,5,596,552,88,05908,268,6212
300,5,596,5232,88,06445,268,5367
300,5,596,4951,88,06982,268,4539
300,5,596,4661,88,0752,268,3682
300,5,596,4382,88,08057,268,2859
300,5,596,4106,88,08594,268,2043
300,5,596,3821,88,09131,268,1198
300,5,596,3821,88,09131,268,1198
300,5,596,3518,88,09717,268,0304
300,5,596,324,88,10254,267,948
300,5,596,2954,88,10791,267,864
300,5,596,2954,88,10791,267,864
300,5,596,2954,88,10791,267,864
300,5,596,2954,88,10791,267,864
300,5,596,2954,88,10791,267,864
300,5,596,2954,88,10791,267,864
300,5,596,2954,88,10791,267,864
300,5,596,2954,88,10791,267,864
300,5,596,2954,88,10791,267,864
300,5,596,2954,88,10791,267,864
300,5,596,2954,88,10791,267,864
300,5,596,2954,88,10791,267,864
300,5,596,2954,88,10791,267,864
300,5,596,2649,88,11377,267,7742
300,5,596,2371,88,11914,267,6923
300,5,596,2075,88,125,267,6052
300,5,596,1785,88,13037,267,52
300,5,596,1785,88,13037,267,52
300,5,596,1499,88,13574,267,4363
300,5,596,1228,88,14111,267,3568
300,5,596,0857,88,14795,267,2476
300,5,596,0583,88,15283,267,1666
300,5,596,0305,88,1582,267,0842
300,5,596,0012,88,16357,266,9976
300,5,596,0012,88,16357,266,9976
300,5,595,9722,88,16895,266,9121
300,5,595,9441,88,17432,266,8296
300,5,595,9138,88,18018,266,7402
300,5,595,8796,88,18652,266,6396
300,5,595,8494,88,19189,266,5508
300,5,595,8223,88,19678,266,4708
300,5,595,7944,88,20215,266,3889
300,5,595,7944,88,20215,266,3889
300,5,595,7654,88,20752,266,303
300,5,595,739,88,2124,266,2253
300,5,595,7107,88,21777,266,142
300,5,595,6836,88,22266,266,0623
300,5,595,6565,88,22754,265,9821
300,5,595,6279,88,23291,265,8979
300,5,595,5989,88,23828,265,8123
300,5,595,572,88,24316,265,7329
300,5,595,5417,88,24902,265,6437
300,5,595,5134,88,25439,265,5603
300,5,595,5134,88,25439,265,5603
300,5,595,4834,88,25977,265,472
300,5,595,4543,88,26514,265,3867
300,5,595,4226,88,271,265,2932
300,5,595,3936,88,27637,265,2079
300,5,595,3657,88,28174,265,126
300,5,595,3364,88,28711,265,0396
300,5,595,3103,88,29199,264,9628
300,5,595,282,88,29736,264,8796
300,5,595,2554,88,30225,264,8013
300,5,595,2283,88,30762,264,7219
300,5,595,2012,88,3125,264,6403
300,5,595,2012,88,3125,264,6403
300,5,595,1753,88,31738,264,5625
300,5,595,1482,88,32227,264,4807
300,5,595,1179,88,32813,264,3893
300,5,595,0901,88,3335,264,3049
300,5,595,0608,88,33887,264,217
300,5,595,0322,88,34424,264,1309
300,5,595,0049,88,34912,264,0483
300,5,595,0049,88,34912,264,0483
300,5,595,0049,88,34912,264,0483
300,5,595,0049,88,34912,264,0483
300,5,595,0049,88,34912,264,0483
300,5,595,0049,88,34912,264,0483
300,5,595,0049,88,34912,264,0483
300,5,595,0049,88,34912,264,0483
300,5,595,0049,88,34912,264,0483
300,5,595,0049,88,34912,264,0483
300,5,595,0049,88,34912,264,0483
300,5,595,0049,88,34912,264,0483
300,6,595,0049,88,34912,264,0483
300,6,594,9783,88,354,263,9686
300,6,594,949,88,35938,263,8806
300,6,594,9211,88,36475,263,7966
300,6,594,9211,88,36475,263,7966
300,6,594,8948,88,36963,263,717
300,6,594,8672,88,375,263,6338
300,6,594,8401,88,37988,263,5525
300,6,594,8123,88,38525,263,4686
300,6,594,7856,88,39014,263,3884
300,6,594,7578,88,39551,263,3048
300,6,594,731,88,40039,263,2236
300,6,594,6965,88,40674,263,1195
300,6,594,6682,88,41211,263,0342
300,6,594,6682,88,41211,263,0342
300,6,594,6428,88,41699,262,9578
300,6,594,614,88,42236,262,8712
300,6,594,5869,88,42725,262,7894
300,6,594,5598,88,43213,262,7083
300,6,594,53,88,4375,262,6187
300,6,594,499,88,44336,262,5254
300,6,594,4736,88,44824,262,4486
300,6,594,4458,88,45361,262,3647
300,6,594,4458,88,45361,262,3647
300,6,594,4182,88,45898,262,2815
300,6,594,3816,88,46582,262,1709
300,6,594,3552,88,4707,262,0914
300,6,594,3274,88,47607,262,0076
300,6,594,3,88,48096,261,9253
300,6,594,2732,88,48584,261,8447
300,6,594,2451,88,49121,261,76
300,6,594,2192,88,49609,261,682
300,6,594,1926,88,50098,261,6016
300,6,594,1658,88,50586,261,521
300,6,594,1658,88,50586,261,521
300,6,594,1401,88,51074,261,4438
300,6,594,1128,88,51563,261,3611
300,6,594,0767,88,521,261,2748
300,6,594,042,88,52588,261,198
300,6,594,0076,88,53076,261,1216
300,6,593,9719,88,53613,261,0428
300,6,593,9377,88,54102,260,967
300,6,593,8975,88,54688,260,8778
300,6,593,8611,88,55225,260,7974
300,6,593,8269,88,55713,260,7216
300,6,593,7915,88,56201,260,6433
300,6,593,7915,88,56201,260,6433
300,6,593,759,88,56689,260,5714
300,6,593,7219,88,57227,260,4895
300,6,593,6858,88,57764,260,4097
300,6,593,6521,88,58252,260,3351
300,6,593,6162,88,58789,260,2556
300,6,593,6162,88,58789,260,2556
300,6,593,6162,88,58789,260,2556
300,6,593,6162,88,58789,260,2556
300,6,593,6162,88,58789,260,2556
300,6,593,6162,88,58789,260,2556
300,6,593,6162,88,58789,260,2556
300,6,593,6162,88,58789,260,2556
300,6,593,6162,88,58789,260,2556
300,6,593,6162,88,58789,260,2556
300,6,593,6162,88,58789,260,2556
300,6,593,6162,88,58789,260,2556
300,6,593,5818,88,59277,260,1796
300,6,593,5818,88,59277,260,1796
300,6,593,5491,88,59766,260,1071
300,6,593,509,88,60352,260,0186
300,6,593,4734,88,6084,259,9397
300,6,593,4387,88,61328,259,863
300,6,593,4026,88,61865,259,783
300,6,593,3708,88,62305,259,713
300,6,593,3354,88,62793,259,6349
300,6,593,3003,88,63281,259,557
300,6,593,2673,88,6377,259,4844
300,6,593,2322,88,64258,259,407
300,6,593,1978,88,64746,259,3308
300,6,593,1648,88,65234,259,2581
300,6,593,1184,88,65918,259,1554
300,6,593,0833,88,66406,259,0775
300,6,593,0833,88,66406,259,0775
300,6,593,0505,88,66895,259,0051
300,6,593,0139,88,67432,258,9241
300,6,592,9788,88,6792,258,8462
300,6,592,9451,88,68408,258,7717
300,6,592,9102,88,68896,258,6946
300,6,592,8787,88,69336,258,6251
300,6,592,8418,88,69873,258,5437
300,6,592,8076,88,70361,258,4683
300,6,592,7751,88,70801,258,3967
300,6,592,741,88,71289,258,321
300,6,592,7048,88,71826,258,2413
300,6,592,6711,88,72314,258,1669
300,6,592,6355,88,72803,258,0876
300,6,592,5955,88,73291,258,0099
300,6,592,5559,88,73779,257,9338
300,6,592,5159,88,74268,257,8569
300,6,592,4783,88,74707,257,7849
300,6,592,4392,88,75195,257,7097
300,6,592,4014,88,75684,257,637
300,6,592,4014,88,75684,257,637
300,6,592,3645,88,76123,257,5662
300,6,592,325,88,76611,257,49
300,6,592,2844,88,771,257,4121
300,6,592,2437,88,77588,257,334
300,6,592,2041,88,78076,257,2581
300,6,592,1677,88,78516,257,188
300,6,592,1304,88,78955,257,1163
300,6,592,0928,88,79395,257,0442
300,6,592,0535,88,79883,256,9688
300,6,592,0164,88,80322,256,8972
300,6,591,9775,88,80811,256,8226
300,6,591,9414,88,8125,256,7534
300,6,591,9094,88,81641,256,6919
300,6,591,8738,88,8208,256,6238
300,6,591,8738,88,8208,256,6238
300,6,591,8738,88,8208,256,6238
300,6,591,8738,88,8208,256,6238
300,6,591,8738,88,8208,256,6238
300,6,591,8738,88,8208,256,6238
300,6,591,8738,88,8208,256,6238
300,6,591,8738,88,8208,256,6238
300,6,591,8738,88,8208,256,6238
300,6,591,8738,88,8208,256,6238
300,6,591,8738,88,8208,256,6238
300,6,591,8738,88,8208,256,6238
300,6,591,8738,88,8208,256,6238
300,6,591,8738,88,8208,256,6238
300,6,591,8738,88,8208,256,6238
300,6,591,8738,88,8208,256,6238
300,6,591,8738,88,8208,256,6238
300,6,591,8738,88,8208,256,6238
300,7,591,8738,88,8208,256,6238
300,7,591,8738,88,8208,256,6238
300,7,591,8367,88,8252,256,5522
300,7,591,7966,88,83008,256,4755
300,7,591,7571,88,83496,256,3998
300,7,591,7183,88,83984,256,3254
300,7,591,6782,88,84473,256,2485
300,7,591,6301,88,85059,256,1564
300,7,591,5935,88,85498,256,0858
300,7,591,5566,88,85938,256,0149
300,7,591,5193,88,86377,255,943
300,7,591,4805,88,86865,255,8687
300,7,591,446,88,87305,255,8025
300,7,591,407,88,87793,255,7275
300,7,591,3679,88,88281,255,6523
300,7,591,3313,88,88721,255,582
300,7,591,2927,88,89209,255,5082
300,7,591,2559,88,89648,255,4373
300,7,591,2185,88,90088,255,3652
300,7,591,1802,88,90576,255,2917
300,7,591,1448,88,91016,255,2239
300,7,591,1062,88,91504,255,1497
300,7,591,0701,88,91943,255,0802
300,7,591,0339,88,92383,255,0107
300,7,590,9958,88,92871,254,9375
300,7,590,9607,88,93311,254,87
300,7,590,9221,88,93799,254,7963
300,7,590,8862,88,94238,254,7275
300,7,590,8491,88,94678,254,6564
300,7,590,8083,88,95166,254,5781
300,7,590,7705,88,95557,254,5116
300,7,590,7214,88,9585,254,4451
300,7,590,6758,88,96143,254,3833
300,7,590,6284,88,96436,254,3192
300,7,590,5813,88,96729,254,2552
300,7,590,532,88,97021,254,1884
300,7,590,4812,88,97314,254,1195
300,7,590,4314,88,97607,254,0521
300,7,590,3845,88,979,253,9886
300,7,590,3381,88,98193,253,9258
300,7,590,2952,88,98438,253,8676
300,7,590,2454,88,9873,253,8
300,7,590,198,88,99023,253,7357
300,7,590,1541,88,99316,253,6763
300,7,590,1067,88,99609,253,6121
300,7,590,0583,88,99902,253,5466
300,7,590,0095,89,00195,253,4806
300,7,589,9626,89,00488,253,4171
300,7,589,9148,89,00781,253,3522
300,7,589,865,89,01074,253,2847
300,7,589,8225,89,01318,253,2269
300,7,589,7734,89,01611,253,1605
300,7,589,7734,89,01611,253,1605
300,7,589,7734,89,01611,253,1605
300,7,589,7734,89,01611,253,1605
300,7,589,7734,89,01611,253,1605
300,7,589,7734,89,01611,253,1605
300,7,589,7734,89,01611,253,1605
300,7,589,7292,89,01904,253,1006
300,7,589,6809,89,02197,253,0353
300,7,589,6326,89,0249,252,9698
300,7,589,584,89,02783,252,9041
300,7,589,5371,89,03076,252,8405
300,7,589,4912,89,03369,252,7782
300,7,589,4431,89,03662,252,7133
300,7,589,4011,89,03906,252,6565
300,7,589,4011,89,03906,252,6565
300,7,589,3521,89,04199,252,59
300,7,589,291,89,0459,252,5073
300,7,589,2449,89,04883,252,4448
300,7,589,1973,89,05176,252,3804
300,7,589,1499,89,05469,252,3164
300,7,589,0999,89,05762,252,2488
300,7,589,0532,89,06055,252,1855
300,7,588,9604,89,06641,252,0599
300,7,588,9167,89,06934,252,001
300,7,588,8687,89,07227,251,9358
300,7,588,824,89,0752,251,8751
300,7,588,7756,89,07813,251,8094
300,7,588,729,89,08105,251,7463
300,7,588,6826,89,08398,251,6835
300,7,588,6309,89,08691,251,6134
300,7,588,585,89,08984,251,5513
300,7,588,5315,89,09229,251,4943
300,7,588,4741,89,09521,251,4377
300,7,588,4211,89,09814,251,3856
300,7,588,3647,89,10107,251,3301
300,7,588,3093,89,104,251,2756
300,7,588,2512,89,10693,251,2185
300,7,588,1926,89,10986,251,1609
300,7,588,1387,89,11279,251,1078
300,7,588,0798,89,11621,251,0497
300,7,588,0261,89,11914,250,9968
300,7,587,9709,89,12207,250,9424
300,7,587,9148,89,125,250,887
300,7,587,8596,89,12793,250,8326
300,7,587,8596,89,12793,250,8326
300,7,587,8027,89,13086,250,7766
300,7,587,7217,89,13525,250,6967
300,7,587,6648,89,13818,250,6406
300,7,587,6096,89,14111,250,5862
300,7,587,5547,89,14404,250,532
300,7,587,4958,89,14746,250,474
300,7,587,4392,89,15039,250,4183
300,7,587,3855,89,15332,250,3654
300,7,587,2722,89,15918,250,2538
300,7,587,217,89,16211,250,1996
300,7,587,1604,89,16504,250,1438
300,7,587,1604,89,16504,250,1438
300,7,587,1604,89,16504,250,1438
300,7,587,1604,89,16504,250,1438
300,7,587,1604,89,16504,250,1438
300,7,587,1604,89,16504,250,1438
300,7,587,1604,89,16504,250,1438
300,7,587,1604,89,16504,250,1438
300,7,587,1604,89,16504,250,1438
300,7,587,1604,89,16504,250,1438
300,7,587,1604,89,16504,250,1438
300,7,587,1604,89,16504,250,1438
300,7,587,1604,89,16504,250,1438
300,7,587,1604,89,16504,250,1438
300,8,587,1604,89,16504,250,1438
300,8,587,1018,89,16797,250,0861
300,8,587,0476,89,1709,250,0326
300,8,586,9868,89,17432,249,9727
300,8,586,9346,89,17725,249,9211
300,8,586,9346,89,17725,249,9211
300,8,586,8787,89,18018,249,8662
300,8,586,801,89,18457,249,7898
300,8,586,7473,89,1875,249,7368
300,8,586,636,89,19336,249,6272
300,8,586,5835,89,19629,249,5754
300,8,586,5298,89,19922,249,5225
300,8,586,4744,89,20215,249,4678
300,8,586,4155,89,20557,249,4097
300,8,586,3625,89,2085,249,3573
300,8,586,3076,89,21143,249,3032
300,8,586,2512,89,21436,249,2476
300,8,586,1943,89,21729,249,1917
300,8,586,1384,89,22021,249,1365
300,8,586,0876,89,22314,249,0869
300,8,586,0208,89,23193,249,0488
300,8,585,9551,89,24072,249,0115
300,8,585,8855,89,25,248,9719
300,8,585,8159,89,25928,248,9324
300,8,585,7507,89,26758,248,8953
300,8,585,6829,89,27637,248,8567
300,8,585,614,89,28516,248,8175
300,8,585,5447,89,29443,248,7781
300,8,585,4773,89,30322,248,7399
300,8,585,4102,89,31201,248,7018
300,8,585,3394,89,32129,248,6615
300,8,585,2688,89,33057,248,6215
300,8,585,1975,89,33984,248,5809
300,8,585,124,89,34961,248,5392
300,8,585,0596,89,35791,248,5027
300,8,584,9883,89,36719,248,4622
300,8,584,9233,89,37549,248,4253
300,8,584,8518,89,38477,248,3846
300,8,584,7827,89,39404,248,3453
300,8,584,7178,89,40234,248,3085
300,8,584,6389,89,4126,248,2638
300,8,584,5654,89,42236,248,222
300,8,584,4897,89,43213,248,1791
300,8,584,4116,89,44238,248,1348
300,8,584,4116,89,44238,248,1348
300,8,584,3416,89,45166,248,095
300,8,584,2605,89,4624,248,049
300,8,584,177,89,47314,248,0016
300,8,584,0945,89,48389,247,9548
300,8,584,0166,89,49414,247,9105
300,8,584,0166,89,49414,247,9105
300,8,583,9316,89,50537,247,8623
300,8,583,9316,89,50537,247,8623
300,8,583,9316,89,50537,247,8623
300,8,583,9316,89,50537,247,8623
300,8,583,9316,89,50537,247,8623
300,8,583,9316,89,50537,247,8623
300,8,583,9316,89,50537,247,8623
300,8,583,9316,89,50537,247,8623
300,8,583,9316,89,50537,247,8623
300,8,583,9316,89,50537,247,8623
300,8,583,9316,89,50537,247,8623
300,8,583,9316,89,50537,247,8623
300,8,583,9316,89,50537,247,8623
300,8,583,8474,89,5166,247,8145
300,8,583,8474,89,5166,247,8145
300,8,583,7576,89,52832,247,7634
300,8,583,6663,89,54053,247,7114
300,8,583,5815,89,55176,247,6633
300,8,583,4976,89,5625,247,6156
300,8,583,4976,89,5625,247,6156
300,8,583,4031,89,57471,247,562
300,8,583,2886,89,58984,247,4969
300,8,583,2886,89,58984,247,4969
300,8,583,1909,89,60254,247,4414
300,8,583,0994,89,61475,247,3894
300,8,583,0994,89,61475,247,3894
300,8,582,9924,89,63525,247,3684
300,8,582,8879,89,65869,247,3695
300,8,582,7788,89,68311,247,3706
300,8,582,7788,89,68311,247,3706
300,8,582,6755,89,70654,247,3717
300,8,582,5698,89,73047,247,3728
300,8,582,4597,89,75537,247,3739
300,8,582,4597,89,75537,247,3739
300,8,582,3542,89,7793,247,375
300,8,582,2463,89,80371,247,3761
300,8,582,2463,89,80371,247,3761
300,8,582,1362,89,82861,247,3772
300,8,582,0266,89,85303,247,3783
300,8,581,9172,89,87744,247,3794
300,8,581,9172,89,87744,247,3794
300,8,581,8049,89,90283,247,3805
300,8,581,6946,89,92773,247,3816
300,8,581,6946,89,92773,247,3816
300,8,581,5803,89,95313,247,3828
300,8,581,4648,89,979,247,384
300,8,581,4648,89,979,247,384
300,8,581,3469,90,00537,247,3853
300,8,581,3469,90,00537,247,3853
300,8,581,2322,90,03125,247,3864
300,8,581,0867,90,06396,247,3878
300,8,581,0867,90,06396,247,3878
300,8,580,9553,90,09326,247,3892
300,8,580,9553,90,09326,247,3892
300,8,580,8206,90,12354,247,3905
300,8,580,6877,90,15332,247,3918
300,8,580,6877,90,15332,247,3918
300,8,580,5544,90,18311,247,3932
300,8,580,5544,90,18311,247,3932
300,8,580,4292,90,21143,247,3944
300,8,580,3018,90,24023,247,3958
300,8,580,3018,90,24023,247,3958
300,8,580,1687,90,27002,247,3971
300,8,580,1687,90,27002,247,3971
300,8,580,1687,90,27002,247,3971
300,8,580,1687,90,27002,247,3971
300,8,580,1687,90,27002,247,3971
300,8,580,1687,90,27002,247,3971
300,9,580,1687,90,27002,247,3971
300,9,580,1687,90,27002,247,3971
300,9,580,1687,90,27002,247,3971
300,9,580,0374,90,30176,247,4155
300,9,580,0374,90,30176,247,4155
300,9,579,8997,90,33691,247,4526
300,9,579,7632,90,37158,247,4894
300,9,579,7632,90,37158,247,4894
300,9,579,6328,90,40479,247,5245
300,9,579,6328,90,40479,247,5245
300,9,579,5056,90,4375,247,5588
300,9,579,3762,90,4707,247,5938
300,9,579,3762,90,4707,247,5938
300,9,579,2463,90,50391,247,6287
300,9,579,2463,90,50391,247,6287
300,9,579,1191,90,53613,247,663
300,9,579,1191,90,53613,247,663
300,9,578,9839,90,5708,247,6993
300,9,578,8503,90,60498,247,7352
300,9,578,8503,90,60498,247,7352
300,9,578,719,90,63867,247,7705
300,9,578,719,90,63867,247,7705
300,9,578,5969,90,66992,247,8033
300,9,578,5969,90,66992,247,8033
300,9,578,4705,90,70215,247,8374
300,9,578,3369,90,73633,247,8734
300,9,578,3369,90,73633,247,8734
300,9,578,2068,90,76953,247,9084
300,9,578,2068,90,76953,247,9084
300,9,578,0745,90,80322,247,9441
300,9,578,0745,90,80322,247,9441
300,9,577,947,90,83594,247,9784
300,9,577,8123,90,87012,248,0146
300,9,577,8123,90,87012,248,0146
300,9,577,6736,90,90527,248,052
300,9,577,6736,90,90527,248,052
300,9,577,5391,90,93896,248,0883
300,9,577,5391,90,93896,248,0883
300,9,577,4023,90,97119,248,1251
300,9,577,4023,90,97119,248,1251
300,9,577,2678,91,00293,248,1614
300,9,577,2678,91,00293,248,1614
300,9,577,1289,91,03564,248,1987
300,9,576,9861,91,06934,248,2372
300,9,576,9861,91,06934,248,2372
300,9,576,8513,91,10107,248,2734
300,9,576,8513,91,10107,248,2734
300,9,576,7214,91,13135,248,3083
300,9,576,7214,91,13135,248,3083
300,9,576,5857,91,16309,248,3448
300,9,576,5857,91,16309,248,3448
300,9,576,4504,91,19482,248,3812
300,9,576,4504,91,19482,248,3812
300,9,576,2864,91,2334,248,4254
300,9,576,2864,91,2334,248,4254
300,9,576,2864,91,2334,248,4254
300,9,576,2864,91,2334,248,4254
300,9,576,2864,91,2334,248,4254
300,9,576,2864,91,2334,248,4254
300,9,576,2864,91,2334,248,4254
300,9,576,2864,91,2334,248,4254
300,9,576,2864,91,2334,248,4254
300,9,576,2864,91,2334,248,4254
300,9,576,2864,91,2334,248,4254
300,9,576,2864,91,2334,248,4254
300,9,576,2864,91,2334,248,4254
300,9,576,2864,91,2334,248,4254
300,9,576,2864,91,2334,248,4254
300,9,576,2864,91,2334,248,4254
300,9,576,1438,91,26709,248,4639
300,9,576,1438,91,26709,248,4639
300,9,576,0112,91,29834,248,4995
300,9,576,0112,91,29834,248,4995
300,9,575,8696,91,33154,248,5376
300,9,575,7288,91,36475,248,5756
300,9,575,7288,91,36475,248,5756
300,9,575,5847,91,39844,248,6143
300,9,575,5847,91,39844,248,6143
300,9,575,4441,91,43164,248,6521
300,9,575,4441,91,43164,248,6521
300,9,575,3132,91,4624,248,6873
300,9,575,3132,91,4624,248,6873
300,9,575,1692,91,49609,248,7261
300,9,575,1692,91,49609,248,7261
300,9,575,0288,91,52881,248,7639
300,9,575,0288,91,52881,248,7639
300,9,574,8887,91,56152,248,8016
300,9,574,7507,91,59375,248,8389
300,9,574,7507,91,59375,248,8389
300,9,574,6169,91,62549,248,875
300,9,574,6169,91,62549,248,875
300,9,574,4851,91,65625,248,9105
300,9,574,4851,91,65625,248,9105
300,9,574,3499,91,68848,248,9473
300,9,574,2175,91,72021,248,9854
300,9,574,2175,91,72021,248,9854
300,9,574,0845,91,75244,249,0237
300,9,574,0845,91,75244,249,0237
300,9,573,938,91,7876,249,0658
300,9,573,938,91,7876,249,0658
300,9,573,8035,91,81982,249,1045
300,9,573,8035,91,81982,249,1045
300,9,573,6709,91,85156,249,1426
300,9,573,6709,91,85156,249,1426
300,9,573,532,91,88525,249,1825
300,9,573,3987,91,91748,249,2208
300,9,573,3987,91,91748,249,2208
300,9,573,2629,91,9502,249,2599
300,9,573,2629,91,9502,249,2599
300,9,573,1289,91,98242,249,2985
300,9,573,1289,91,98242,249,2985
300,9,572,991,92,01563,249,3381
300,9,572,991,92,01563,249,3381
300,9,572,8596,92,04736,249,3759
300,9,572,8596,92,04736,249,3759
300,9,572,7205,92,08105,249,4159
300,9,572,7205,92,08105,249,4159
300,9,572,5715,92,1167,249,4587
300,9,572,4285,92,15088,249,4999
300,9,572,4285,92,15088,249,4999
300,9,572,4285,92,15088,249,4999
300,9,572,4285,92,15088,249,4999
300,9,572,4285,92,15088,249,4999
300,9,572,4285,92,15088,249,4999
300,9,572,4285,92,15088,249,4999
300,9,572,4285,92,15088,249,4999
300,9,572,4285,92,15088,249,4999
300,9,572,4285,92,15088,249,4999
300,9,572,4285,92,15088,249,4999
300,9,572,4285,92,15088,249,4999
300,9,572,4285,92,15088,249,4999
300,9,572,4285,92,15088,249,4999
300,9,572,4285,92,15088,249,4999
300,9,572,4285,92,15088,249,4999
300,9,572,4285,92,15088,249,4999
300,9,572,4285,92,15088,249,4999
300,9,572,4285,92,15088,249,4999
300,9,572,4285,92,15088,249,4999
300,9,572,4285,92,15088,249,4999
300,9,572,4285,92,15088,249,4999
300,9,572,4285,92,15088,249,4999
300,9,572,4285,92,15088,249,4999
300,9,572,4285,92,15088,249,4999
300,9,572,4285,92,15088,249,4999
300,9,572,4285,92,15088,249,4999
300,9,572,4285,92,15088,249,4999
300,9,572,4285,92,15088,249,4999
300,9,572,4285,92,15088,249,4999
300,9,572,4285,92,15088,249,4999
300,9,572,4285,92,15088,249,4999
300,9,572,4285,92,15088,249,4999
300,9,572,4285,92,15088,249,4999
300,9,572,4285,92,15088,249,4999
300,9,572,4285,92,15088,249,4999
300,9,572,4285,92,15088,249,4999
300,9,572,4285,92,15088,249,4999
300,9,572,4285,92,15088,249,4999
300,9,572,4285,92,15088,249,4999
300,9,572,4285,92,15088,249,4999
300,9,572,4285,92,15088,249,4999
300,9,572,4285,92,15088,249,4999
300,9,572,4285,92,15088,249,4999
300,9,572,4285,92,15088,249,4999
300,9,572,4285,92,15088,249,4999
300,9,572,4285,92,15088,249,4999
300,9,572,4285,92,15088,249,4999
300,9,572,4285,92,15088,249,4999
300,9,572,4285,92,15088,249,4999
300,9,572,4285,92,15088,249,4999
300,9,572,4285,92,15088,249,4999
300,9,572,4285,92,15088,249,4999
300,9,572,4285,92,15088,249,4999
300,9,572,4285,92,15088,249,4999
300,9,572,4285,92,15088,249,4999
300,9,572,4285,92,15088,249,4999
300,9,572,4285,92,15088,249,4999
300,9,572,4285,92,15088,249,4999
300,9,572,4285,92,15088,249,4999
300,9,572,4285,92,15088,249,4999
300,9,572,4285,92,15088,249,4999
300,9,572,4285,92,15088,249,4999
300,9,572,4285,92,15088,249,4999
300,9,572,4285,92,15088,249,4999
300,9,572,4285,92,15088,249,4999
300,9,572,4285,92,15088,249,4999
300,9,572,4285,92,15088,249,4999
300,9,572,4285,92,15088,249,4999
300,9,572,4285,92,15088,249,4999
300,9,572,4285,92,15088,249,4999
300,9,572,4285,92,15088,249,4999
300,9,572,4285,92,15088,249,4999
300,9,572,4285,92,15088,249,4999
300,9,572,4285,92,15088,249,4999
300,9,572,4285,92,15088,249,4999
300,9,572,4285,92,15088,249,4999
300,9,572,4285,92,15088,249,4999
300,9,572,4285,92,15088,249,4999
300,9,572,4285,92,15088,249,4999
300,9,572,4285,92,15088,249,4999
300,9,572,4285,92,15088,249,4999
300,9,572,4285,92,15088,249,4999
300,9,572,4285,92,15088,249,4999
300,9,572,4285,92,15088,249,4999
300,9,572,4285,92,15088,249,4999
300,9,572,4285,92,15088,249,4999
300,9,572,4285,92,15088,249,4999
300,9,572,4285,92,15088,249,4999
300,9,572,4285,92,15088,249,4999
300,9,572,4285,92,15088,249,4999
300,9,572,4285,92,15088,249,4999
300,9,572,4285,92,15088,249,4999
300,9,572,4285,92,15088,249,4999
300,9,572,4285,92,15088,249,4999
300,9,572,4285,92,15088,249,4999
300,9,572,4285,92,15088,249,4999
300,9,572,4285,92,15088,249,4999
300,9,572,4285,92,15088,249,4999
300,9,572,4285,92,15088,249,4999
300,9,572,4285,92,15088,249,4999
300,9,572,4285,92,15088,249,4999
300,9,572,4285,92,15088,249,4999
300,9,572,4285,92,15088,249,4999
300,9,572,4285,92,15088,249,4999
300,9,572,4285,92,15088,249,4999
300,9,572,4285,92,15088,249,4999
300,9,572,4285,92,15088,249,4999
300,9,572,4285,92,15088,249,4999
300,9,572,4285,92,15088,249,4999
300,9,572,4285,92,15088,249,4999
300,9,572,4285,92,15088,249,4999
300,9,572,4285,92,15088,249,4999
300,9,572,4285,92,15088,249,4999
300,9,572,4285,92,15088,249,4999
300,9,572,4285,92,15088,249,4999
300,9,572,4285,92,15088,249,4999
300,9,572,4285,92,15088,249,4999
300,9,572,4285,92,15088,249,4999
300,9,572,4285,92,15088,249,4999
300,9,572,4285,92,15088,249,4999
300,9,572,4285,92,15088,249,4999
300,9,572,4285,92,15088,249,4999
300,9,572,4285,92,15088,249,4999
300,9,572,4285,92,15088,249,4999
300,9,572,4285,92,15088,249,4999
300,9,572,4285,92,15088,249,4999
300,9,572,4285,92,15088,249,4999
300,9,572,4285,92,15088,249,4999
300,9,572,4285,92,15088,249,4999
300,9,572,4285,92,15088,249,4999
300,9,572,4285,92,15088,249,4999
300,9,572,4285,92,15088,249,4999
300,9,572,4285,92,15088,249,4999
300,9,572,4285,92,15088,249,4999
300,9,572,4285,92,15088,249,4999
300,9,572,4285,92,15088,249,4999
300,9,572,4285,92,15088,249,4999
300,9,572,4285,92,15088,249,4999
300,9,572,4285,92,15088,249,4999
300,9,572,4285,92,15088,249,4999
300,9,572,4285,92,15088,249,4999
300,9,572,4285,92,15088,249,4999
300,9,572,4285,92,15088,249,4999
300,9,572,4285,92,15088,249,4999
300,9,572,4285,92,15088,249,4999
300,9,572,4285,92,15088,249,4999
300,9,572,4285,92,15088,249,4999
300,9,572,4285,92,15088,249,4999
300,9,572,4285,92,15088,249,4999
300,9,572,4285,92,15088,249,4999
300,9,572,4285,92,15088,249,4999
300,9,572,4285,92,15088,249,4999
300,9,572,4285,92,15088,249,4999
300,9,572,4285,92,15088,249,4999
300,9,572,4285,92,15088,249,4999
300,9,572,4285,92,15088,249,4999
300,9,572,4285,92,15088,249,4999
300,9,572,4285,92,15088,249,4999
300,9,572,4285,92,15088,249,4999
300,9,572,4285,92,15088,249,4999
300,9,572,4285,92,15088,249,4999
300,9,572,4285,92,15088,249,4999
300,9,572,4285,92,15088,249,4999
300,9,572,4285,92,15088,249,4999
300,9,572,4285,92,15088,249,4999
300,9,572,4285,92,15088,249,4999
300,9,572,4285,92,15088,249,4999
300,9,572,4285,92,15088,249,4999
300,9,572,4285,92,15088,249,4999
300,9,572,4285,92,15088,249,4999
300,9,572,4285,92,15088,249,4999
300,9,572,4285,92,15088,249,4999
300,9,572,4285,92,15088,249,4999
300,9,572,4285,92,15088,249,4999
300,9,572,4285,92,15088,249,4999
300,9,572,4285,92,15088,249,4999
300,9,572,4285,92,15088,249,4999
300,9,572,4285,92,15088,249,4999
300,9,572,4285,92,15088,249,4999
300,9,572,4285,92,15088,249,4999
300,9,572,4285,92,15088,249,4999
300,9,572,4285,92,15088,249,4999
300,9,572,4285,92,15088,249,4999
300,9,572,4285,92,15088,249,4999
300,9,572,4285,92,15088,249,4999
300,9,572,4285,92,15088,249,4999
300,9,572,4285,92,15088,249,4999
300,9,572,4285,92,15088,249,4999
300,9,572,4285,92,15088,249,4999
300,9,572,4285,92,15088,249,4999
300,9,572,4285,92,15088,249,4999
300,9,572,4285,92,15088,249,4999
300,9,572,4285,92,15088,249,4999
300,9,572,4285,92,15088,249,4999
300,9,572,4285,92,15088,249,4999
300,9,572,4285,92,15088,249,4999
300,9,572,4285,92,15088,249,4999
300,9,572,4285,92,15088,249,4999
300,9,572,4285,92,15088,249,4999
300,10,572,4285,92,15088,249,4999
300,10,572,4285,92,15088,249,4999
300,10,572,3118,92,17871,249,5333
300,10,572,3118,92,17871,249,5333
300,10,572,1902,92,20801,249,5682
300,10,572,1902,92,20801,249,5682
300,10,572,0483,92,24219,249,609
300,10,572,0483,92,24219,249,609
300,10,571,9209,92,27295,249,6456
300,10,571,9209,92,27295,249,6456
300,10,571,7903,92,3042,249,6831
300,10,571,6492,92,33838,249,7238
300,10,571,6492,92,33838,249,7238
300,10,571,5117,92,37158,249,7632
300,10,571,5117,92,37158,249,7632
300,10,571,3884,92,40137,249,7986
300,10,571,3884,92,40137,249,7986
300,10,571,2502,92,43457,249,8384
300,10,571,1282,92,46338,249,8735
300,10,571,1282,92,46338,249,8735
300,10,571,0037,92,49316,249,9054
300,10,570,884,92,52148,249,9357
300,10,570,884,92,52148,249,9357
300,10,570,7622,92,55078,249,9666
300,10,570,7622,92,55078,249,9666
300,10,570,6326,92,58154,249,9994
300,10,570,6326,92,58154,249,9994
300,10,570,4978,92,61377,250,0334
300,10,570,4978,92,61377,250,0334
300,10,570,3557,92,64746,250,0695
300,10,570,3557,92,64746,250,0695
300,10,570,2029,92,68408,250,1082
300,10,570,0652,92,7168,250,1431
300,10,570,0652,92,7168,250,1431
300,10,569,9409,92,74658,250,1746
300,10,569,9409,92,74658,250,1746
300,10,569,8098,92,77783,250,2078
300,10,569,6858,92,80762,250,2391
300,10,569,6858,92,80762,250,2391
300,10,569,5642,92,83643,250,2699
300,10,569,4465,92,86475,250,2997
300,10,569,4465,92,86475,250,2997
300,10,569,3281,92,89307,250,3296
300,10,569,3281,92,89307,250,3296
300,10,569,2102,92,92139,250,3595
300,10,569,0913,92,94971,250,3895
300,10,569,0913,92,94971,250,3895
300,10,568,9695,92,97852,250,4203
300,10,568,8508,93,00684,250,4504
300,10,568,8508,93,00684,250,4504
300,10,568,7268,93,03662,250,4818
300,10,568,7268,93,03662,250,4818
300,10,568,6079,93,06494,250,512
300,10,568,6079,93,06494,250,512
300,10,568,6079,93,06494,250,512
300,10,568,6079,93,06494,250,512
300,10,568,6079,93,06494,250,512
300,10,568,6079,93,06494,250,512
300,10,568,6079,93,06494,250,512
300,10,568,6079,93,06494,250,512
300,10,568,6079,93,06494,250,512
300,10,568,6079,93,06494,250,512
300,10,568,6079,93,06494,250,512
300,10,568,6079,93,06494,250,512
300,10,568,6079,93,06494,250,512
300,10,568,6079,93,06494,250,512
300,10,568,6079,93,06494,250,512
300,10,568,6079,93,06494,250,512
300,10,568,6079,93,06494,250,512
300,10,568,6079,93,06494,250,512
300,10,568,6079,93,06494,250,512
300,10,568,6079,93,06494,250,512
300,10,568,6079,93,06494,250,512
300,10,568,6079,93,06494,250,512
300,10,568,6079,93,06494,250,512
300,10,568,6079,93,06494,250,512
300,10,568,6079,93,06494,250,512
300,10,568,6079,93,06494,250,512
300,10,568,6079,93,06494,250,512
300,10,568,6079,93,06494,250,512
300,10,568,6079,93,06494,250,512
300,10,568,6079,93,06494,250,512
300,10,568,6079,93,06494,250,512
300,10,568,6079,93,06494,250,512
300,10,568,6079,93,06494,250,512
300,10,568,6079,93,06494,250,512
300,10,568,6079,93,06494,250,512
300,10,568,6079,93,06494,250,512
300,10,568,6079,93,06494,250,512
300,10,568,6079,93,06494,250,512
300,10,568,6079,93,06494,250,512
300,10,568,6079,93,06494,250,512
300,10,568,6079,93,06494,250,512
300,10,568,6079,93,06494,250,512
300,10,568,6079,93,06494,250,512
300,10,568,6079,93,06494,250,512
300,10,568,6079,93,06494,250,512
300,10,568,6079,93,06494,250,512
300,10,568,6079,93,06494,250,512
300,10,568,6079,93,06494,250,512
300,10,568,6079,93,06494,250,512
300,10,568,6079,93,06494,250,512
300,10,568,6079,93,06494,250,512
300,10,568,6079,93,06494,250,512
300,10,568,6079,93,06494,250,512
300,10,568,6079,93,06494,250,512
300,10,568,6079,93,06494,250,512
300,10,568,6079,93,06494,250,512
300,10,568,6079,93,06494,250,512
300,10,568,46,93,1001,250,5494
300,10,568,46,93,1001,250,5494
300,10,568,3096,93,13623,250,5875
300,10,568,3096,93,13623,250,5875
300,10,568,1409,93,17334,250,6381
300,10,568,1409,93,17334,250,6381
300,10,567,9875,93,20508,250,6901
300,10,567,9875,93,20508,250,6901
300,10,567,8367,93,23633,250,7412
300,10,567,8367,93,23633,250,7412
300,10,567,6995,93,26465,250,7878
300,10,567,5693,93,2915,250,832
300,10,567,5693,93,2915,250,832
300,10,567,4487,93,31641,250,8729
300,10,567,4487,93,31641,250,8729
300,10,567,3276,93,34131,250,9141
300,10,567,2007,93,36768,250,9572
300,10,567,2007,93,36768,250,9572
300,10,567,0725,93,39404,251,0006
300,10,567,0725,93,39404,251,0006
300,10,566,9443,93,42041,251,0441
300,10,566,9443,93,42041,251,0441
300,10,566,8101,93,44824,251,0896
300,10,566,6799,93,4751,251,1338
300,10,566,6799,93,4751,251,1338
300,10,566,554,93,50146,251,1765
300,10,566,554,93,50146,251,1765
300,10,566,4238,93,52832,251,2207
300,10,566,302,93,55371,251,2621
300,10,566,302,93,55371,251,2621
300,10,566,1775,93,57959,251,3043
300,10,566,1775,93,57959,251,3043
300,10,566,0554,93,60498,251,3457
300,10,565,9351,93,62988,251,3865
300,10,565,9351,93,62988,251,3865
300,10,565,8093,93,65039,251,4182
300,10,565,8093,93,65039,251,4182
300,10,565,6838,93,66992,251,4485
300,10,565,5544,93,69043,251,4797
300,10,565,5544,93,69043,251,4797
300,10,565,4268,93,71045,251,5105
300,10,565,4268,93,71045,251,5105
300,10,565,2932,93,73145,251,5427
300,10,565,2932,93,73145,251,5427
300,10,565,1516,93,75342,251,5769
300,10,565,1516,93,75342,251,5769
300,10,565,0122,93,77539,251,6105
300,10,564,8689,93,79785,251,645
300,10,564,8689,93,79785,251,645
300,10,564,7319,93,81934,251,6781
300,10,564,7319,93,81934,251,6781
300,10,564,7319,93,81934,251,6781
300,10,564,7319,93,81934,251,6781
300,10,564,7319,93,81934,251,6781
300,10,564,7319,93,81934,251,6781
300,10,564,7319,93,81934,251,6781
300,10,564,7319,93,81934,251,6781
300,10,564,7319,93,81934,251,6781
300,10,564,7319,93,81934,251,6781
300,10,564,7319,93,81934,251,6781
300,10,564,7319,93,81934,251,6781
300,10,564,7319,93,81934,251,6781
300,10,564,7319,93,81934,251,6781
300,10,564,7319,93,81934,251,6781
300,10,564,7319,93,81934,251,6781
300,10,564,7319,93,81934,251,6781
300,10,564,7319,93,81934,251,6781
300,10,564,7319,93,81934,251,6781
300,10,564,7319,93,81934,251,6781
300,10,564,7319,93,81934,251,6781
300,10,564,7319,93,81934,251,6781
300,10,564,7319,93,81934,251,6781
300,10,564,7319,93,81934,251,6781
300,10,564,7319,93,81934,251,6781
300,10,564,7319,93,81934,251,6781
300,10,564,7319,93,81934,251,6781
300,10,564,7319,93,81934,251,6781
300,10,564,7319,93,81934,251,6781
300,10,564,7319,93,81934,251,6781
300,10,564,7319,93,81934,251,6781
300,10,564,7319,93,81934,251,6781
300,10,564,7319,93,81934,251,6781
300,10,564,7319,93,81934,251,6781
300,10,564,7319,93,81934,251,6781
300,10,564,7319,93,81934,251,6781
300,10,564,7319,93,81934,251,6781
300,10,564,7319,93,81934,251,6781
300,10,564,7319,93,81934,251,6781
300,10,564,7319,93,81934,251,6781
300,10,564,7319,93,81934,251,6781
300,10,564,7319,93,81934,251,6781
300,10,564,7319,93,81934,251,6781
300,10,564,7319,93,81934,251,6781
300,10,564,7319,93,81934,251,6781
300,10,564,7319,93,81934,251,6781
300,10,564,7319,93,81934,251,6781
300,10,564,7319,93,81934,251,6781
300,10,564,7319,93,81934,251,6781
300,10,564,7319,93,81934,251,6781
300,10,564,7319,93,81934,251,6781
300,10,564,7319,93,81934,251,6781
300,10,564,7319,93,81934,251,6781
300,10,564,7319,93,81934,251,6781
300,10,564,7319,93,81934,251,6781
300,10,564,7319,93,81934,251,6781
300,10,564,7319,93,81934,251,6781
300,10,564,7319,93,81934,251,6781
300,10,564,7319,93,81934,251,6781
300,10,564,7319,93,81934,251,6781
300,10,564,7319,93,81934,251,6781
300,10,564,7319,93,81934,251,6781
300,10,564,7319,93,81934,251,6781
300,10,564,7319,93,81934,251,6781
300,10,564,7319,93,81934,251,6781
300,10,564,7319,93,81934,251,6781
300,10,564,7319,93,81934,251,6781
300,10,564,7319,93,81934,251,6781
300,10,564,7319,93,81934,251,6781
300,10,564,7319,93,81934,251,6781
300,10,564,7319,93,81934,251,6781
300,10,564,7319,93,81934,251,6781
300,10,564,7319,93,81934,251,6781
300,10,564,7319,93,81934,251,6781
300,10,564,7319,93,81934,251,6781
300,10,564,7319,93,81934,251,6781
300,10,564,7319,93,81934,251,6781
300,10,564,7319,93,81934,251,6781
300,10,564,7319,93,81934,251,6781
300,10,564,7319,93,81934,251,6781
300,10,564,7319,93,81934,251,6781
300,10,564,7319,93,81934,251,6781
300,10,564,7319,93,81934,251,6781
300,10,564,7319,93,81934,251,6781
300,10,564,7319,93,81934,251,6781
300,10,564,7319,93,81934,251,6781
300,10,564,7319,93,81934,251,6781
300,10,564,7319,93,81934,251,6781
300,10,564,7319,93,81934,251,6781
300,10,564,7319,93,81934,251,6781
300,10,564,7319,93,81934,251,6781
300,10,564,7319,93,81934,251,6781
300,10,564,7319,93,81934,251,6781
300,10,564,7319,93,81934,251,6781
300,10,564,7319,93,81934,251,6781
300,10,564,7319,93,81934,251,6781
300,10,564,7319,93,81934,251,6781
300,10,564,7319,93,81934,251,6781
300,10,564,7319,93,81934,251,6781
300,10,564,7319,93,81934,251,6781
300,10,564,7319,93,81934,251,6781
300,10,564,7319,93,81934,251,6781
300,10,564,7319,93,81934,251,6781
300,10,564,7319,93,81934,251,6781
300,10,564,7319,93,81934,251,6781
300,10,564,7319,93,81934,251,6781
300,10,564,7319,93,81934,251,6781
300,10,564,7319,93,81934,251,6781
300,10,564,7319,93,81934,251,6781
300,10,564,7319,93,81934,251,6781
300,10,564,7319,93,81934,251,6781
300,10,564,7319,93,81934,251,6781
300,10,564,7319,93,81934,251,6781
300,10,564,7319,93,81934,251,6781
300,10,564,7319,93,81934,251,6781
300,10,564,7319,93,81934,251,6781
300,10,564,7319,93,81934,251,6781
300,10,564,7319,93,81934,251,6781
300,10,564,7319,93,81934,251,6781
300,10,564,7319,93,81934,251,6781
300,10,564,7319,93,81934,251,6781
300,10,564,7319,93,81934,251,6781
300,10,564,7319,93,81934,251,6781
300,10,564,7319,93,81934,251,6781
300,10,564,7319,93,81934,251,6781
300,10,564,7319,93,81934,251,6781
300,10,564,7319,93,81934,251,6781
300,10,564,7319,93,81934,251,6781
300,10,564,7319,93,81934,251,6781
300,10,564,7319,93,81934,251,6781
300,10,564,7319,93,81934,251,6781
300,10,564,7319,93,81934,251,6781
300,10,564,7319,93,81934,251,6781
300,10,564,7319,93,81934,251,6781
300,10,564,7319,93,81934,251,6781
300,10,564,7319,93,81934,251,6781
300,10,564,7319,93,81934,251,6781
300,10,564,7319,93,81934,251,6781
300,10,564,7319,93,81934,251,6781
300,10,564,7319,93,81934,251,6781
300,10,564,7319,93,81934,251,6781
300,10,564,7319,93,81934,251,6781
300,10,564,7319,93,81934,251,6781
300,10,564,7319,93,81934,251,6781
300,10,564,7319,93,81934,251,6781
300,10,564,7319,93,81934,251,6781
300,10,564,7319,93,81934,251,6781
300,10,564,7319,93,81934,251,6781
300,10,564,7319,93,81934,251,6781
300,10,564,7319,93,81934,251,6781
300,10,564,7319,93,81934,251,6781
300,10,564,7319,93,81934,251,6781
300,10,564,7319,93,81934,251,6781
300,10,564,7319,93,81934,251,6781
300,10,564,7319,93,81934,251,6781
300,10,564,7319,93,81934,251,6781
300,10,564,7319,93,81934,251,6781
300,10,564,7319,93,81934,251,6781
300,10,564,7319,93,81934,251,6781
300,10,564,7319,93,81934,251,6781
300,10,564,7319,93,81934,251,6781
300,10,564,7319,93,81934,251,6781
300,10,564,7319,93,81934,251,6781
300,10,564,7319,93,81934,251,6781
300,10,564,7319,93,81934,251,6781
300,10,564,7319,93,81934,251,6781
300,10,564,7319,93,81934,251,6781
300,11,564,7319,93,81934,251,6781
300,11,564,7319,93,81934,251,6781
300,11,564,7319,93,81934,251,6781
300,11,564,5671,93,84521,251,7179
300,11,564,5671,93,84521,251,7179
300,11,564,4045,93,87061,251,7571
300,11,564,4045,93,87061,251,7571
300,11,564,4045,93,87061,251,7571
300,11,564,2268,93,89844,251,7999
300,11,564,2268,93,89844,251,7999
300,11,564,0552,93,92529,251,8413
300,11,564,0552,93,92529,251,8413
300,11,564,0552,93,92529,251,8413
300,11,563,8757,93,95361,251,8845
300,11,563,8757,93,95361,251,8845
300,11,563,8757,93,95361,251,8845
300,11,563,6631,93,98682,251,9358
300,11,563,6631,93,98682,251,9358
300,11,563,6631,93,98682,251,9358
300,11,563,4182,94,02539,251,9949
300,11,563,4182,94,02539,251,9949
300,11,563,4182,94,02539,251,9949
300,11,563,1736,94,06348,252,0538
300,11,562,9939,94,09131,252,0972
300,11,562,9939,94,09131,252,0972
300,11,562,8491,94,10693,252,1307
300,11,562,8491,94,10693,252,1307
300,11,562,7029,94,12256,252,1647
300,11,562,7029,94,12256,252,1647
300,11,562,5596,94,13818,252,1979
300,11,562,5596,94,13818,252,1979
300,11,562,4285,94,15234,252,2283
300,11,562,2981,94,1665,252,2585
300,11,562,2981,94,1665,252,2585
300,11,562,1655,94,18066,252,2893
300,11,562,1655,94,18066,252,2893
300,11,562,0076,94,19775,252,3259
300,11,562,0076,94,19775,252,3259
300,11,561,8721,94,2124,252,3573
300,11,561,7373,94,22705,252,3885
300,11,561,7373,94,22705,252,3885
300,11,561,606,94,24121,252,4189
300,11,561,606,94,24121,252,4189
300,11,561,4778,94,25488,252,4486
300,11,561,3457,94,26904,252,4792
300,11,561,3457,94,26904,252,4792
300,11,561,2151,94,2832,252,5095
300,11,561,2151,94,2832,252,5095
300,11,561,0852,94,29736,252,5397
300,11,561,0852,94,29736,252,5397
300,11,560,9517,94,31201,252,5706
300,11,560,8145,94,32666,252,6023
300,11,560,8145,94,32666,252,6023
300,11,560,8145,94,32666,252,6023
300,11,560,8145,94,32666,252,6023
300,11,560,8145,94,32666,252,6023
300,11,560,8145,94,32666,252,6023
300,11,560,8145,94,32666,252,6023
300,11,560,8145,94,32666,252,6023
300,11,560,8145,94,32666,252,6023
300,11,560,8145,94,32666,252,6023
300,11,560,8145,94,32666,252,6023
300,11,560,8145,94,32666,252,6023
300,11,560,8145,94,32666,252,6023
300,11,560,8145,94,32666,252,6023
300,11,560,8145,94,32666,252,6023
300,11,560,8145,94,32666,252,6023
300,11,560,8145,94,32666,252,6023
300,11,560,8145,94,32666,252,6023
300,11,560,8145,94,32666,252,6023
300,11,560,8145,94,32666,252,6023
300,11,560,8145,94,32666,252,6023
300,11,560,8145,94,32666,252,6023
300,11,560,8145,94,32666,252,6023
300,11,560,8145,94,32666,252,6023
300,11,560,8145,94,32666,252,6023
300,11,560,8145,94,32666,252,6023
300,11,560,8145,94,32666,252,6023
300,11,560,8145,94,32666,252,6023
300,11,560,8145,94,32666,252,6023
300,11,560,8145,94,32666,252,6023
300,11,560,8145,94,32666,252,6023
300,11,560,8145,94,32666,252,6023
300,11,560,8145,94,32666,252,6023
300,11,560,8145,94,32666,252,6023
300,11,560,8145,94,32666,252,6023
300,11,560,8145,94,32666,252,6023
300,11,560,8145,94,32666,252,6023
300,11,560,8145,94,32666,252,6023
300,11,560,8145,94,32666,252,6023
300,11,560,8145,94,32666,252,6023
300,11,560,8145,94,32666,252,6023
300,11,560,8145,94,32666,252,6023
300,11,560,8145,94,32666,252,6023
300,11,560,8145,94,32666,252,6023
300,11,560,8145,94,32666,252,6023
300,11,560,8145,94,32666,252,6023
300,11,560,8145,94,32666,252,6023
300,11,560,8145,94,32666,252,6023
300,11,560,8145,94,32666,252,6023
300,11,560,8145,94,32666,252,6023
300,11,560,8145,94,32666,252,6023
300,11,560,8145,94,32666,252,6023
300,11,560,8145,94,32666,252,6023
300,11,560,8145,94,32666,252,6023
300,11,560,8145,94,32666,252,6023
300,11,560,8145,94,32666,252,6023
300,11,560,8145,94,32666,252,6023
300,11,560,8145,94,32666,252,6023
300,11,560,8145,94,32666,252,6023
300,11,560,8145,94,32666,252,6023
300,11,560,8145,94,32666,252,6023
300,11,560,8145,94,32666,252,6023
300,11,560,8145,94,32666,252,6023
300,11,560,8145,94,32666,252,6023
300,11,560,8145,94,32666,252,6023
300,11,560,8145,94,32666,252,6023
300,11,560,8145,94,32666,252,6023
300,11,560,8145,94,32666,252,6023
300,11,560,8145,94,32666,252,6023
300,11,560,8145,94,32666,252,6023
300,11,560,8145,94,32666,252,6023
300,11,560,8145,94,32666,252,6023
300,11,560,8145,94,32666,252,6023
300,11,560,8145,94,32666,252,6023
300,11,560,8145,94,32666,252,6023
300,11,560,8145,94,32666,252,6023
300,11,560,8145,94,32666,252,6023
300,11,560,8145,94,32666,252,6023
300,11,560,6558,94,34375,252,639
300,11,560,6558,94,34375,252,639
300,11,560,4905,94,36182,252,6774
300,11,560,4905,94,36182,252,6774
300,11,560,3125,94,38086,252,7186
300,11,560,3125,94,38086,252,7186
300,11,560,1477,94,39844,252,7568
300,11,560,1477,94,39844,252,7568
300,11,559,9915,94,41553,252,793
300,11,559,9915,94,41553,252,793
300,11,559,8333,94,43262,252,8297
300,11,559,8333,94,43262,252,8297
300,11,559,6711,94,44678,252,8708
300,11,559,6711,94,44678,252,8708
300,11,559,5132,94,45654,252,9153
300,11,559,5132,94,45654,252,9153
300,11,559,3557,94,46631,252,9596
300,11,559,3557,94,46631,252,9596
300,11,559,2083,94,47559,253,0011
300,11,559,2083,94,47559,253,0011
300,11,559,072,94,48438,253,0394
300,11,559,072,94,48438,253,0394
300,11,558,9297,94,49316,253,0795
300,11,558,9297,94,49316,253,0795
300,11,558,7869,94,50195,253,1196
300,11,558,6479,94,51074,253,1587
300,11,558,6479,94,51074,253,1587
300,11,558,509,94,51953,253,1979
300,11,558,509,94,51953,253,1979
300,11,558,3711,94,52832,253,2367
300,11,558,3711,94,52832,253,2367
300,11,558,2412,94,53662,253,2732
300,11,558,0994,94,54541,253,3131
300,11,558,0994,94,54541,253,3131
300,11,557,9678,94,55371,253,3501
300,11,557,9678,94,55371,253,3501
300,11,557,8384,94,56201,253,3865
300,11,557,7117,94,56982,253,4221
300,11,557,7117,94,56982,253,4221
300,11,557,584,94,57764,253,458
300,11,557,584,94,57764,253,458
300,11,557,4597,94,58545,253,493
300,11,557,3284,94,59375,253,53
300,11,557,3284,94,59375,253,53
300,11,557,2,94,60205,253,5662
300,11,557,2,94,60205,253,5662
300,11,557,073,94,60986,253,6018
300,11,557,073,94,60986,253,6018
300,11,556,9417,94,61816,253,6388
300,11,556,8093,94,62646,253,676
300,11,556,8093,94,62646,253,676
300,11,556,8093,94,62646,253,676
300,11,556,8093,94,62646,253,676
300,11,556,8093,94,62646,253,676
300,11,556,8093,94,62646,253,676
300,11,556,8093,94,62646,253,676
300,11,556,8093,94,62646,253,676
300,11,556,8093,94,62646,253,676
300,11,556,8093,94,62646,253,676
300,11,556,8093,94,62646,253,676
300,11,556,8093,94,62646,253,676
300,11,556,8093,94,62646,253,676
300,11,556,8093,94,62646,253,676
300,11,556,8093,94,62646,253,676
300,11,556,8093,94,62646,253,676
300,11,556,8093,94,62646,253,676
300,11,556,8093,94,62646,253,676
300,11,556,8093,94,62646,253,676
300,11,556,8093,94,62646,253,676
300,11,556,8093,94,62646,253,676
300,11,556,8093,94,62646,253,676
300,11,556,8093,94,62646,253,676
300,11,556,8093,94,62646,253,676
300,11,556,8093,94,62646,253,676
300,11,556,8093,94,62646,253,676
300,11,556,8093,94,62646,253,676
300,11,556,8093,94,62646,253,676
300,11,556,8093,94,62646,253,676
300,11,556,8093,94,62646,253,676
300,11,556,8093,94,62646,253,676
300,11,556,8093,94,62646,253,676
300,11,556,8093,94,62646,253,676
300,11,556,8093,94,62646,253,676
300,11,556,8093,94,62646,253,676
300,11,556,8093,94,62646,253,676
300,11,556,8093,94,62646,253,676
300,11,556,8093,94,62646,253,676
300,11,556,8093,94,62646,253,676
300,11,556,8093,94,62646,253,676
300,11,556,8093,94,62646,253,676
300,11,556,8093,94,62646,253,676
300,11,556,8093,94,62646,253,676
300,11,556,8093,94,62646,253,676
300,11,556,8093,94,62646,253,676
300,11,556,8093,94,62646,253,676
300,11,556,8093,94,62646,253,676
300,11,556,8093,94,62646,253,676
300,11,556,8093,94,62646,253,676
300,11,556,8093,94,62646,253,676
300,11,556,8093,94,62646,253,676
300,11,556,8093,94,62646,253,676
300,11,556,8093,94,62646,253,676
300,11,556,8093,94,62646,253,676
300,11,556,8093,94,62646,253,676
300,11,556,8093,94,62646,253,676
300,11,556,8093,94,62646,253,676
300,11,556,8093,94,62646,253,676
300,11,556,8093,94,62646,253,676
300,11,556,8093,94,62646,253,676
300,11,556,8093,94,62646,253,676
300,11,556,8093,94,62646,253,676
300,11,556,8093,94,62646,253,676
300,11,556,8093,94,62646,253,676
300,11,556,8093,94,62646,253,676
300,11,556,8093,94,62646,253,676
300,11,556,8093,94,62646,253,676
300,11,556,8093,94,62646,253,676
300,11,556,8093,94,62646,253,676
300,11,556,8093,94,62646,253,676
300,11,556,8093,94,62646,253,676
300,11,556,8093,94,62646,253,676
300,11,556,8093,94,62646,253,676
300,11,556,8093,94,62646,253,676
300,12,556,8093,94,62646,253,676
300,12,556,8093,94,62646,253,676
300,12,556,8093,94,62646,253,676
300,12,556,677,94,63477,253,7134
300,12,556,677,94,63477,253,7134
300,12,556,5393,94,64355,253,7521
300,12,556,5393,94,64355,253,7521
300,12,556,3933,94,65283,253,7932
300,12,556,2529,94,66162,253,8328
300,12,556,2529,94,66162,253,8328
300,12,556,1135,94,67041,253,8719
300,12,556,1135,94,67041,253,8719
300,12,555,9807,94,67871,253,9094
300,12,555,9807,94,67871,253,9094
300,12,555,8188,94,68896,253,955
300,12,555,8188,94,68896,253,955
300,12,555,6797,94,69775,253,9941
300,12,555,6797,94,69775,253,9941
300,12,555,5464,94,70605,254,0316
300,12,555,5464,94,70605,254,0316
300,12,555,4148,94,71387,254,0687
300,12,555,4148,94,71387,254,0687
300,12,555,2527,94,7207,254,113
300,12,555,2527,94,7207,254,113
300,12,555,0933,94,72656,254,1566
300,12,555,0933,94,72656,254,1566
300,12,554,9219,94,73291,254,2035
300,12,554,9219,94,73291,254,2035
300,12,554,7568,94,73926,254,2485
300,12,554,7568,94,73926,254,2485
300,12,554,5872,94,74561,254,2949
300,12,554,5872,94,74561,254,2949
300,12,554,5872,94,74561,254,2949
300,12,554,4221,94,75195,254,3401
300,12,554,4221,94,75195,254,3401
300,12,554,2581,94,7583,254,3849
300,12,554,2581,94,7583,254,3849
300,12,554,0847,94,76514,254,4323
300,12,554,0847,94,76514,254,4323
300,12,553,9189,94,77148,254,4775
300,12,553,9189,94,77148,254,4775
300,12,553,9189,94,77148,254,4775
300,12,553,7488,94,77783,254,524
300,12,553,7488,94,77783,254,524
300,12,553,5447,94,78564,254,5798
300,12,553,5447,94,78564,254,5798
300,12,553,3716,94,79199,254,6272
300,12,553,3716,94,79199,254,6272
300,12,553,2136,94,79785,254,6704
300,12,553,2136,94,79785,254,6704
300,12,553,054,94,80371,254,7141
300,12,553,054,94,80371,254,7141
300,12,552,8882,94,81006,254,7594
300,12,552,8882,94,81006,254,7594
300,12,552,8882,94,81006,254,7594
300,12,552,8882,94,81006,254,7594
300,12,552,8882,94,81006,254,7594
300,12,552,8882,94,81006,254,7594
300,12,552,8882,94,81006,254,7594
300,12,552,8882,94,81006,254,7594
300,12,552,8882,94,81006,254,7594
300,12,552,8882,94,81006,254,7594
300,12,552,8882,94,81006,254,7594
300,12,552,8882,94,81006,254,7594
300,12,552,8882,94,81006,254,7594
300,12,552,8882,94,81006,254,7594
300,12,552,8882,94,81006,254,7594
300,12,552,8882,94,81006,254,7594
300,12,552,7534,94,81543,254,7961
300,12,552,7534,94,81543,254,7961
300,12,552,6167,94,8208,254,8335
300,12,552,6167,94,8208,254,8335
300,12,552,4519,94,82715,254,8785
300,12,552,3108,94,83252,254,9171
300,12,552,3108,94,83252,254,9171
300,12,552,1653,94,83789,254,9569
300,12,552,1653,94,83789,254,9569
300,12,552,0061,94,84375,255,0004
300,12,552,0061,94,84375,255,0004
300,12,551,8567,94,84961,255,0413
300,12,551,8567,94,84961,255,0413
300,12,551,6985,94,85547,255,0845
300,12,551,6985,94,85547,255,0845
300,12,551,5623,94,86084,255,1212
300,12,551,5623,94,86084,255,1212
300,12,551,4265,94,86426,255,1544
300,12,551,4265,94,86426,255,1544
300,12,551,2639,94,86865,255,1941
300,12,551,2639,94,86865,255,1941
300,12,551,106,94,87305,255,2327
300,12,551,106,94,87305,255,2327
300,12,550,9443,94,87744,255,2721
300,12,550,9443,94,87744,255,2721
300,12,550,7791,94,88184,255,3125
300,12,550,7791,94,88184,255,3125
300,12,550,7791,94,88184,255,3125
300,12,550,6133,94,88623,255,353
300,12,550,6133,94,88623,255,353
300,12,550,4556,94,89063,255,3916
300,12,550,4556,94,89063,255,3916
300,12,550,2859,94,89502,255,433
300,12,550,2859,94,89502,255,433
300,12,550,1282,94,89941,255,4716
300,12,550,1282,94,89941,255,4716
300,12,549,9592,94,90381,255,5128
300,12,549,9592,94,90381,255,5128
300,12,549,8047,94,90771,255,5505
300,12,549,8047,94,90771,255,5505
300,12,549,637,94,91211,255,5916
300,12,549,637,94,91211,255,5916
300,12,549,4626,94,9165,255,6342
300,12,549,4626,94,9165,255,6342
300,12,549,3213,94,92041,255,6687
300,12,549,3213,94,92041,255,6687
300,12,549,1877,94,92383,255,7013
300,12,549,1877,94,92383,255,7013
300,12,549,0518,94,92725,255,7345
300,12,548,8804,94,93164,255,7764
300,12,548,8804,94,93164,255,7764
300,12,548,8804,94,93164,255,7764
300,12,548,8804,94,93164,255,7764
300,12,548,8804,94,93164,255,7764
300,12,548,8804,94,93164,255,7764
300,12,548,8804,94,93164,255,7764
300,12,548,8804,94,93164,255,7764
300,12,548,8804,94,93164,255,7764
300,12,548,8804,94,93164,255,7764
300,12,548,8804,94,93164,255,7764
300,12,548,8804,94,93164,255,7764
300,12,548,8804,94,93164,255,7764
300,12,548,8804,94,93164,255,7764
300,12,548,8804,94,93164,255,7764
300,12,548,8804,94,93164,255,7764
300,12,548,8804,94,93164,255,7764
300,12,548,8804,94,93164,255,7764
300,12,548,8804,94,93164,255,7764
300,12,548,8804,94,93164,255,7764
300,12,548,8804,94,93164,255,7764
300,12,548,8804,94,93164,255,7764
300,12,548,8804,94,93164,255,7764
300,12,548,8804,94,93164,255,7764
300,12,548,8804,94,93164,255,7764
300,12,548,8804,94,93164,255,7764
300,12,548,8804,94,93164,255,7764
300,12,548,8804,94,93164,255,7764
300,12,548,8804,94,93164,255,7764
300,12,548,8804,94,93164,255,7764
300,12,548,8804,94,93164,255,7764
300,12,548,8804,94,93164,255,7764
300,12,548,8804,94,93164,255,7764
300,12,548,8804,94,93164,255,7764
300,12,548,8804,94,93164,255,7764
300,12,548,8804,94,93164,255,7764
300,12,548,8804,94,93164,255,7764
300,12,548,8804,94,93164,255,7764
300,12,548,8804,94,93164,255,7764
300,12,548,8804,94,93164,255,7764
300,12,548,8804,94,93164,255,7764
300,12,548,8804,94,93164,255,7764
300,12,548,8804,94,93164,255,7764
300,12,548,8804,94,93164,255,7764
300,12,548,8804,94,93164,255,7764
300,12,548,8804,94,93164,255,7764
300,12,548,8804,94,93164,255,7764
300,12,548,8804,94,93164,255,7764
300,12,548,8804,94,93164,255,7764
300,12,548,8804,94,93164,255,7764
300,12,548,8804,94,93164,255,7764
300,12,548,8804,94,93164,255,7764
300,12,548,8804,94,93164,255,7764
300,12,548,8804,94,93164,255,7764
300,12,548,8804,94,93164,255,7764
300,12,548,8804,94,93164,255,7764
300,12,548,8804,94,93164,255,7764
300,12,548,8804,94,93164,255,7764
300,12,548,8804,94,93164,255,7764
300,12,548,8804,94,93164,255,7764
300,12,548,8804,94,93164,255,7764
300,12,548,8804,94,93164,255,7764
300,12,548,8804,94,93164,255,7764
300,12,548,8804,94,93164,255,7764
300,12,548,8804,94,93164,255,7764
300,12,548,8804,94,93164,255,7764
300,12,548,8804,94,93164,255,7764
300,12,548,8804,94,93164,255,7764
300,12,548,8804,94,93164,255,7764
300,12,548,8804,94,93164,255,7764
300,12,548,8804,94,93164,255,7764
300,12,548,8804,94,93164,255,7764
300,12,548,8804,94,93164,255,7764
300,12,548,8804,94,93164,255,7764
300,12,548,8804,94,93164,255,7764
300,12,548,8804,94,93164,255,7764
300,12,548,8804,94,93164,255,7764
300,12,548,8804,94,93164,255,7764
300,12,548,8804,94,93164,255,7764
300,12,548,8804,94,93164,255,7764
300,12,548,8804,94,93164,255,7764
300,12,548,8804,94,93164,255,7764
300,12,548,8804,94,93164,255,7764
300,12,548,8804,94,93164,255,7764
300,12,548,8804,94,93164,255,7764
300,12,548,8804,94,93164,255,7764
300,12,548,8804,94,93164,255,7764
300,12,548,8804,94,93164,255,7764
300,12,548,8804,94,93164,255,7764
300,12,548,8804,94,93164,255,7764
300,12,548,8804,94,93164,255,7764
300,12,548,8804,94,93164,255,7764
300,12,548,8804,94,93164,255,7764
300,12,548,8804,94,93164,255,7764
300,12,548,8804,94,93164,255,7764
300,12,548,8804,94,93164,255,7764
300,12,548,8804,94,93164,255,7764
300,12,548,8804,94,93164,255,7764
300,12,548,8804,94,93164,255,7764
300,12,548,8804,94,93164,255,7764
300,12,548,8804,94,93164,255,7764
300,12,548,8804,94,93164,255,7764
300,12,548,8804,94,93164,255,7764
300,12,548,8804,94,93164,255,7764
300,12,548,8804,94,93164,255,7764
300,12,548,8804,94,93164,255,7764
300,12,548,8804,94,93164,255,7764
300,12,548,8804,94,93164,255,7764
300,12,548,8804,94,93164,255,7764
300,12,548,8804,94,93164,255,7764
300,12,548,8804,94,93164,255,7764
300,12,548,8804,94,93164,255,7764
300,12,548,8804,94,93164,255,7764
300,12,548,8804,94,93164,255,7764
300,12,548,8804,94,93164,255,7764
300,12,548,8804,94,93164,255,7764
300,12,548,8804,94,93164,255,7764
300,12,548,8804,94,93164,255,7764
300,12,548,8804,94,93164,255,7764
300,12,548,8804,94,93164,255,7764
300,12,548,8804,94,93164,255,7764
300,12,548,8804,94,93164,255,7764
300,12,548,8804,94,93164,255,7764
300,12,548,8804,94,93164,255,7764
300,12,548,8804,94,93164,255,7764
300,12,548,8804,94,93164,255,7764
300,12,548,8804,94,93164,255,7764
300,12,548,8804,94,93164,255,7764
300,12,548,8804,94,93164,255,7764
300,12,548,8804,94,93164,255,7764
300,12,548,8804,94,93164,255,7764
300,12,548,8804,94,93164,255,7764
300,12,548,8804,94,93164,255,7764
300,12,548,8804,94,93164,255,7764
300,12,548,8804,94,93164,255,7764
300,12,548,8804,94,93164,255,7764
300,12,548,8804,94,93164,255,7764
300,12,548,8804,94,93164,255,7764
300,12,548,8804,94,93164,255,7764
300,12,548,8804,94,93164,255,7764
300,12,548,8804,94,93164,255,7764
300,12,548,8804,94,93164,255,7764
300,12,548,8804,94,93164,255,7764
300,12,548,8804,94,93164,255,7764
300,12,548,8804,94,93164,255,7764
300,12,548,8804,94,93164,255,7764
300,12,548,8804,94,93164,255,7764
300,12,548,8804,94,93164,255,7764
300,12,548,8804,94,93164,255,7764
300,12,548,8804,94,93164,255,7764
300,12,548,8804,94,93164,255,7764
300,12,548,8804,94,93164,255,7764
300,12,548,8804,94,93164,255,7764
300,12,548,8804,94,93164,255,7764
300,12,548,8804,94,93164,255,7764
300,12,548,8804,94,93164,255,7764
300,12,548,8804,94,93164,255,7764
300,12,548,8804,94,93164,255,7764
300,12,548,8804,94,93164,255,7764
300,12,548,8804,94,93164,255,7764
300,12,548,8804,94,93164,255,7764
300,12,548,8804,94,93164,255,7764
300,12,548,8804,94,93164,255,7764
300,12,548,8804,94,93164,255,7764
300,12,548,8804,94,93164,255,7764
300,12,548,8804,94,93164,255,7764
300,12,548,8804,94,93164,255,7764
300,12,548,8804,94,93164,255,7764
300,12,548,8804,94,93164,255,7764
300,12,548,8804,94,93164,255,7764
300,12,548,8804,94,93164,255,7764
300,12,548,8804,94,93164,255,7764
300,12,548,8804,94,93164,255,7764
300,12,548,8804,94,93164,255,7764
300,12,548,8804,94,93164,255,7764
300,12,548,8804,94,93164,255,7764
300,12,548,8804,94,93164,255,7764
300,12,548,8804,94,93164,255,7764
300,12,548,8804,94,93164,255,7764
300,12,548,8804,94,93164,255,7764
300,12,548,8804,94,93164,255,7764
300,12,548,8804,94,93164,255,7764
300,12,548,8804,94,93164,255,7764
300,12,548,8804,94,93164,255,7764
300,12,548,8804,94,93164,255,7764
300,12,548,8804,94,93164,255,7764
300,12,548,8804,94,93164,255,7764
300,12,548,8804,94,93164,255,7764
300,12,548,8804,94,93164,255,7764
300,12,548,8804,94,93164,255,7764
300,12,548,8804,94,93164,255,7764
300,12,548,8804,94,93164,255,7764
300,12,548,8804,94,93164,255,7764
300,12,548,8804,94,93164,255,7764
300,12,548,8804,94,93164,255,7764
300,12,548,8804,94,93164,255,7764
300,12,548,8804,94,93164,255,7764
300,12,548,8804,94,93164,255,7764
300,12,548,8804,94,93164,255,7764
300,12,548,8804,94,93164,255,7764
300,12,548,8804,94,93164,255,7764
300,12,548,8804,94,93164,255,7764
300,12,548,8804,94,93164,255,7764
300,12,548,8804,94,93164,255,7764
300,12,548,8804,94,93164,255,7764
300,12,548,8804,94,93164,255,7764
300,12,548,8804,94,93164,255,7764
300,12,548,8804,94,93164,255,7764
300,12,548,8804,94,93164,255,7764
300,12,548,8804,94,93164,255,7764
300,12,548,8804,94,93164,255,7764
300,12,548,8804,94,93164,255,7764
300,12,548,8804,94,93164,255,7764
300,12,548,8804,94,93164,255,7764
300,12,548,8804,94,93164,255,7764
300,12,548,8804,94,93164,255,7764
300,12,548,8804,94,93164,255,7764
300,12,548,8804,94,93164,255,7764
300,12,548,8804,94,93164,255,7764
300,12,548,8804,94,93164,255,7764
300,12,548,8804,94,93164,255,7764
300,12,548,8804,94,93164,255,7764
300,12,548,8804,94,93164,255,7764
300,12,548,8804,94,93164,255,7764
300,12,548,8804,94,93164,255,7764
300,12,548,8804,94,93164,255,7764
300,12,548,8804,94,93164,255,7764
300,12,548,8804,94,93164,255,7764
300,12,548,8804,94,93164,255,7764
300,12,548,8804,94,93164,255,7764
300,12,548,8804,94,93164,255,7764
300,12,548,8804,94,93164,255,7764
300,12,548,8804,94,93164,255,7764
300,12,548,8804,94,93164,255,7764
300,12,548,8804,94,93164,255,7764
300,12,548,8804,94,93164,255,7764
300,12,548,8804,94,93164,255,7764
300,12,548,8804,94,93164,255,7764
300,12,548,8804,94,93164,255,7764
300,12,548,8804,94,93164,255,7764
300,12,548,8804,94,93164,255,7764
300,12,548,8804,94,93164,255,7764
300,12,548,8804,94,93164,255,7764
300,12,548,8804,94,93164,255,7764
300,12,548,8804,94,93164,255,7764
300,12,548,8804,94,93164,255,7764
300,12,548,8804,94,93164,255,7764
300,12,548,8804,94,93164,255,7764
300,12,548,8804,94,93164,255,7764
300,12,548,8804,94,93164,255,7764
300,12,548,8804,94,93164,255,7764
300,12,548,8804,94,93164,255,7764
300,12,548,8804,94,93164,255,7764
300,12,548,8804,94,93164,255,7764
300,12,548,8804,94,93164,255,7764
300,12,548,8804,94,93164,255,7764
300,12,548,8804,94,93164,255,7764
300,12,548,8804,94,93164,255,7764
300,12,548,8804,94,93164,255,7764
300,12,548,8804,94,93164,255,7764
300,12,548,8804,94,93164,255,7764
300,12,548,8804,94,93164,255,7764
300,12,548,8804,94,93164,255,7764
300,12,548,8804,94,93164,255,7764
300,12,548,8804,94,93164,255,7764
300,12,548,8804,94,93164,255,7764
300,12,548,8804,94,93164,255,7764
300,12,548,8804,94,93164,255,7764
300,12,548,8804,94,93164,255,7764
300,12,548,8804,94,93164,255,7764
300,12,548,8804,94,93164,255,7764
300,12,548,8804,94,93164,255,7764
300,12,548,8804,94,93164,255,7764
300,12,548,8804,94,93164,255,7764
300,12,548,8804,94,93164,255,7764
300,12,548,8804,94,93164,255,7764
300,12,548,8804,94,93164,255,7764
300,12,548,8804,94,93164,255,7764
300,12,548,8804,94,93164,255,7764
300,12,548,8804,94,93164,255,7764
300,12,548,8804,94,93164,255,7764
300,12,548,8804,94,93164,255,7764
300,12,548,8804,94,93164,255,7764
300,12,548,8804,94,93164,255,7764
300,12,548,8804,94,93164,255,7764
300,12,548,8804,94,93164,255,7764
300,12,548,8804,94,93164,255,7764
300,12,548,8804,94,93164,255,7764
300,12,548,8804,94,93164,255,7764
300,12,548,8804,94,93164,255,7764
300,12,548,8804,94,93164,255,7764
300,12,548,8804,94,93164,255,7764
300,12,548,8804,94,93164,255,7764
300,12,548,8804,94,93164,255,7764
300,12,548,8804,94,93164,255,7764
300,12,548,8804,94,93164,255,7764
300,12,548,8804,94,93164,255,7764
300,12,548,8804,94,93164,255,7764
300,12,548,8804,94,93164,255,7764
300,12,548,8804,94,93164,255,7764
300,12,548,8804,94,93164,255,7764
300,12,548,8804,94,93164,255,7764
300,12,548,8804,94,93164,255,7764
300,12,548,8804,94,93164,255,7764
300,12,548,8804,94,93164,255,7764
300,12,548,8804,94,93164,255,7764
300,12,548,8804,94,93164,255,7764
300,12,548,8804,94,93164,255,7764
300,12,548,8804,94,93164,255,7764
300,12,548,8804,94,93164,255,7764
300,12,548,8804,94,93164,255,7764
300,12,548,8804,94,93164,255,7764
300,12,548,8804,94,93164,255,7764
300,12,548,8804,94,93164,255,7764
300,12,548,8804,94,93164,255,7764
300,12,548,8804,94,93164,255,7764
300,12,548,8804,94,93164,255,7764
300,12,548,8804,94,93164,255,7764
300,12,548,8804,94,93164,255,7764
300,12,548,8804,94,93164,255,7764
300,12,548,8804,94,93164,255,7764
300,12,548,8804,94,93164,255,7764
300,12,548,8804,94,93164,255,7764
300,12,548,8804,94,93164,255,7764
300,12,548,8804,94,93164,255,7764
300,12,548,8804,94,93164,255,7764
300,12,548,8804,94,93164,255,7764
300,12,548,8804,94,93164,255,7764
300,12,548,8804,94,93164,255,7764
300,12,548,8804,94,93164,255,7764
300,12,548,8804,94,93164,255,7764
300,12,548,8804,94,93164,255,7764
300,12,548,8804,94,93164,255,7764
300,12,548,8804,94,93164,255,7764
300,12,548,8804,94,93164,255,7764
300,12,548,8804,94,93164,255,7764
300,12,548,8804,94,93164,255,7764
300,12,548,8804,94,93164,255,7764
300,12,548,8804,94,93164,255,7764
300,12,548,8804,94,93164,255,7764
300,12,548,8804,94,93164,255,7764
300,12,548,8804,94,93164,255,7764
300,12,548,8804,94,93164,255,7764
300,12,548,8804,94,93164,255,7764
300,12,548,8804,94,93164,255,7764
300,12,548,8804,94,93164,255,7764
300,12,548,8804,94,93164,255,7764
300,12,548,8804,94,93164,255,7764
300,12,548,8804,94,93164,255,7764
300,12,548,8804,94,93164,255,7764
300,12,548,8804,94,93164,255,7764
300,12,548,8804,94,93164,255,7764
300,12,548,8804,94,93164,255,7764
300,12,548,8804,94,93164,255,7764
300,12,548,8804,94,93164,255,7764
300,12,548,8804,94,93164,255,7764
300,12,548,8804,94,93164,255,7764
300,12,548,8804,94,93164,255,7764
300,12,548,8804,94,93164,255,7764
300,12,548,8804,94,93164,255,7764
300,12,548,8804,94,93164,255,7764
300,12,548,8804,94,93164,255,7764
300,12,548,8804,94,93164,255,7764
300,12,548,8804,94,93164,255,7764
300,12,548,8804,94,93164,255,7764
300,12,548,8804,94,93164,255,7764
300,12,548,8804,94,93164,255,7764
300,12,548,8804,94,93164,255,7764
300,12,548,8804,94,93164,255,7764
300,12,548,8804,94,93164,255,7764
300,12,548,8804,94,93164,255,7764
300,12,548,8804,94,93164,255,7764
300,12,548,8804,94,93164,255,7764
300,12,548,8804,94,93164,255,7764
300,12,548,8804,94,93164,255,7764
300,12,548,8804,94,93164,255,7764
300,12,548,8804,94,93164,255,7764
300,12,548,8804,94,93164,255,7764
300,12,548,8804,94,93164,255,7764
300,12,548,8804,94,93164,255,7764
300,12,548,8804,94,93164,255,7764
300,12,548,8804,94,93164,255,7764
300,12,548,8804,94,93164,255,7764
300,12,548,8804,94,93164,255,7764
300,12,548,8804,94,93164,255,7764
300,12,548,8804,94,93164,255,7764
300,12,548,8804,94,93164,255,7764
300,12,548,8804,94,93164,255,7764
300,12,548,8804,94,93164,255,7764
300,12,548,8804,94,93164,255,7764
300,12,548,8804,94,93164,255,7764
300,12,548,8804,94,93164,255,7764
300,12,548,8804,94,93164,255,7764
300,12,548,8804,94,93164,255,7764
300,12,548,8804,94,93164,255,7764
300,12,548,8804,94,93164,255,7764
300,12,548,8804,94,93164,255,7764
300,12,548,8804,94,93164,255,7764
300,12,548,8804,94,93164,255,7764
300,12,548,8804,94,93164,255,7764
300,12,548,8804,94,93164,255,7764
300,12,548,8804,94,93164,255,7764
300,12,548,8804,94,93164,255,7764
300,12,548,8804,94,93164,255,7764
300,12,548,8804,94,93164,255,7764
300,12,548,8804,94,93164,255,7764
300,12,548,8804,94,93164,255,7764
300,12,548,8804,94,93164,255,7764
300,12,548,8804,94,93164,255,7764
300,12,548,8804,94,93164,255,7764
300,12,548,8804,94,93164,255,7764
300,12,548,8804,94,93164,255,7764
300,12,548,8804,94,93164,255,7764
300,12,548,8804,94,93164,255,7764
300,12,548,8804,94,93164,255,7764
300,12,548,8804,94,93164,255,7764
300,12,548,8804,94,93164,255,7764
300,12,548,8804,94,93164,255,7764
300,12,548,8804,94,93164,255,7764
300,12,548,8804,94,93164,255,7764
300,12,548,8804,94,93164,255,7764
300,12,548,8804,94,93164,255,7764
300,12,548,8804,94,93164,255,7764
300,12,548,8804,94,93164,255,7764
300,12,548,8804,94,93164,255,7764
300,12,548,8804,94,93164,255,7764
300,12,548,8804,94,93164,255,7764
300,12,548,8804,94,93164,255,7764
300,12,548,8804,94,93164,255,7764
300,12,548,8804,94,93164,255,7764
300,12,548,8804,94,93164,255,7764
300,12,548,8804,94,93164,255,7764
300,12,548,8804,94,93164,255,7764
300,12,548,8804,94,93164,255,7764
300,12,548,8804,94,93164,255,7764
300,12,548,8804,94,93164,255,7764
300,12,548,8804,94,93164,255,7764
300,12,548,8804,94,93164,255,7764
300,12,548,8804,94,93164,255,7764
300,12,548,8804,94,93164,255,7764
300,12,548,8804,94,93164,255,7764
300,12,548,8804,94,93164,255,7764
300,12,548,8804,94,93164,255,7764
300,12,548,8804,94,93164,255,7764
300,12,548,8804,94,93164,255,7764
300,12,548,8804,94,93164,255,7764
300,12,548,8804,94,93164,255,7764
300,12,548,8804,94,93164,255,7764
300,12,548,8804,94,93164,255,7764
300,12,548,8804,94,93164,255,7764
300,12,548,8804,94,93164,255,7764
300,12,548,8804,94,93164,255,7764
300,12,548,8804,94,93164,255,7764
300,12,548,8804,94,93164,255,7764
300,12,548,8804,94,93164,255,7764
300,12,548,8804,94,93164,255,7764
300,12,548,8804,94,93164,255,7764
300,12,548,8804,94,93164,255,7764
300,12,548,8804,94,93164,255,7764
300,12,548,8804,94,93164,255,7764
300,12,548,8804,94,93164,255,7764
300,12,548,8804,94,93164,255,7764
300,12,548,8804,94,93164,255,7764
300,12,548,8804,94,93164,255,7764
300,12,548,8804,94,93164,255,7764
300,12,548,8804,94,93164,255,7764
300,12,548,8804,94,93164,255,7764
300,12,548,8804,94,93164,255,7764
300,12,548,8804,94,93164,255,7764
300,12,548,8804,94,93164,255,7764
300,12,548,8804,94,93164,255,7764
300,12,548,8804,94,93164,255,7764
300,12,548,8804,94,93164,255,7764
300,12,548,8804,94,93164,255,7764
300,12,548,8804,94,93164,255,7764
300,12,548,8804,94,93164,255,7764
300,12,548,8804,94,93164,255,7764
300,12,548,8804,94,93164,255,7764
300,12,548,8804,94,93164,255,7764
300,12,548,8804,94,93164,255,7764
300,12,548,8804,94,93164,255,7764
300,12,548,8804,94,93164,255,7764
300,12,548,8804,94,93164,255,7764
300,12,548,8804,94,93164,255,7764
300,12,548,8804,94,93164,255,7764
300,12,548,8804,94,93164,255,7764
300,12,548,8804,94,93164,255,7764
300,12,548,8804,94,93164,255,7764
300,12,548,8804,94,93164,255,7764
300,12,548,8804,94,93164,255,7764
300,12,548,8804,94,93164,255,7764
300,12,548,8804,94,93164,255,7764
300,12,548,8804,94,93164,255,7764
300,12,548,8804,94,93164,255,7764
300,12,548,8804,94,93164,255,7764
300,12,548,8804,94,93164,255,7764
300,12,548,8804,94,93164,255,7764
300,12,548,8804,94,93164,255,7764
300,12,548,8804,94,93164,255,7764
300,12,548,8804,94,93164,255,7764
300,12,548,8804,94,93164,255,7764
300,12,548,8804,94,93164,255,7764
300,12,548,8804,94,93164,255,7764
300,12,548,8804,94,93164,255,7764
300,12,548,8804,94,93164,255,7764
300,12,548,8804,94,93164,255,7764
300,12,548,8804,94,93164,255,7764
300,12,548,8804,94,93164,255,7764
300,12,548,8804,94,93164,255,7764
300,12,548,8804,94,93164,255,7764
300,12,548,8804,94,93164,255,7764
300,12,548,8804,94,93164,255,7764
300,12,548,8804,94,93164,255,7764
300,12,548,8804,94,93164,255,7764
300,12,548,8804,94,93164,255,7764
300,12,548,8804,94,93164,255,7764
300,12,548,8804,94,93164,255,7764
300,12,548,8804,94,93164,255,7764
300,12,548,8804,94,93164,255,7764
300,12,548,8804,94,93164,255,7764
300,12,548,8804,94,93164,255,7764
300,12,548,8804,94,93164,255,7764
300,12,548,8804,94,93164,255,7764
300,12,548,8804,94,93164,255,7764
300,12,548,8804,94,93164,255,7764
300,12,548,8804,94,93164,255,7764
300,12,548,8804,94,93164,255,7764
300,12,548,8804,94,93164,255,7764
300,12,548,8804,94,93164,255,7764
300,12,548,8804,94,93164,255,7764
300,12,548,8804,94,93164,255,7764
300,12,548,8804,94,93164,255,7764
300,12,548,8804,94,93164,255,7764
300,12,548,8804,94,93164,255,7764
300,12,548,8804,94,93164,255,7764
300,12,548,8804,94,93164,255,7764
300,12,548,8804,94,93164,255,7764
300,12,548,8804,94,93164,255,7764
300,12,548,8804,94,93164,255,7764
300,12,548,8804,94,93164,255,7764
300,12,548,8804,94,93164,255,7764
300,12,548,8804,94,93164,255,7764
300,12,548,8804,94,93164,255,7764
300,12,548,8804,94,93164,255,7764
300,12,548,8804,94,93164,255,7764
300,12,548,8804,94,93164,255,7764
300,12,548,8804,94,93164,255,7764
300,12,548,8804,94,93164,255,7764
300,12,548,8804,94,93164,255,7764
300,12,548,8804,94,93164,255,7764
300,12,548,8804,94,93164,255,7764
300,12,548,8804,94,93164,255,7764
300,12,548,8804,94,93164,255,7764
300,12,548,8804,94,93164,255,7764
300,12,548,8804,94,93164,255,7764
300,12,548,8804,94,93164,255,7764
300,12,548,8804,94,93164,255,7764
300,12,548,8804,94,93164,255,7764
300,12,548,8804,94,93164,255,7764
300,12,548,8804,94,93164,255,7764
300,12,548,8804,94,93164,255,7764
300,12,548,8804,94,93164,255,7764
300,12,548,8804,94,93164,255,7764
300,12,548,8804,94,93164,255,7764
300,12,548,8804,94,93164,255,7764
300,12,548,8804,94,93164,255,7764
300,12,548,8804,94,93164,255,7764
300,12,548,8804,94,93164,255,7764
300,12,548,8804,94,93164,255,7764
300,12,548,8804,94,93164,255,7764
300,12,548,8804,94,93164,255,7764
300,12,548,8804,94,93164,255,7764
300,12,548,8804,94,93164,255,7764
300,12,548,8804,94,93164,255,7764
300,12,548,8804,94,93164,255,7764
300,12,548,8804,94,93164,255,7764
300,12,548,8804,94,93164,255,7764
300,12,548,8804,94,93164,255,7764
300,12,548,8804,94,93164,255,7764
300,12,548,8804,94,93164,255,7764
300,12,548,8804,94,93164,255,7764
300,12,548,8804,94,93164,255,7764
300,12,548,8804,94,93164,255,7764
300,12,548,8804,94,93164,255,7764
300,12,548,8804,94,93164,255,7764
300,12,548,8804,94,93164,255,7764
300,12,548,8804,94,93164,255,7764
300,12,548,8804,94,93164,255,7764
300,12,548,8804,94,93164,255,7764
300,12,548,8804,94,93164,255,7764
300,12,548,8804,94,93164,255,7764
300,12,548,8804,94,93164,255,7764
300,12,548,8804,94,93164,255,7764
300,12,548,8804,94,93164,255,7764
300,12,548,8804,94,93164,255,7764
300,12,548,8804,94,93164,255,7764
300,12,548,8804,94,93164,255,7764
300,12,548,8804,94,93164,255,7764
300,12,548,8804,94,93164,255,7764
300,12,548,8804,94,93164,255,7764
300,12,548,8804,94,93164,255,7764
300,12,548,8804,94,93164,255,7764
300,12,548,8804,94,93164,255,7764
300,12,548,8804,94,93164,255,7764
300,12,548,8804,94,93164,255,7764
300,12,548,8804,94,93164,255,7764
300,12,548,8804,94,93164,255,7764
300,12,548,8804,94,93164,255,7764
300,12,548,8804,94,93164,255,7764
300,12,548,8804,94,93164,255,7764
300,12,548,8804,94,93164,255,7764
300,12,548,8804,94,93164,255,7764
300,12,548,8804,94,93164,255,7764
300,12,548,8804,94,93164,255,7764
300,12,548,8804,94,93164,255,7764
300,12,548,8804,94,93164,255,7764
300,12,548,8804,94,93164,255,7764
300,12,548,8804,94,93164,255,7764
300,12,548,8804,94,93164,255,7764
300,12,548,8804,94,93164,255,7764
300,12,548,8804,94,93164,255,7764
300,12,548,8804,94,93164,255,7764
300,12,548,8804,94,93164,255,7764
300,12,548,8804,94,93164,255,7764
300,12,548,8804,94,93164,255,7764
300,12,548,8804,94,93164,255,7764
300,12,548,8804,94,93164,255,7764
300,12,548,8804,94,93164,255,7764
300,12,548,8804,94,93164,255,7764
300,12,548,8804,94,93164,255,7764
300,12,548,8804,94,93164,255,7764
300,12,548,8804,94,93164,255,7764
300,12,548,8804,94,93164,255,7764
300,12,548,8804,94,93164,255,7764
300,12,548,8804,94,93164,255,7764
300,12,548,8804,94,93164,255,7764
300,12,548,8804,94,93164,255,7764
300,12,548,8804,94,93164,255,7764
300,12,548,8804,94,93164,255,7764
300,12,548,8804,94,93164,255,7764
300,12,548,8804,94,93164,255,7764
300,12,548,8804,94,93164,255,7764
300,12,548,8804,94,93164,255,7764
300,12,548,8804,94,93164,255,7764
300,12,548,8804,94,93164,255,7764
300,12,548,8804,94,93164,255,7764
300,12,548,8804,94,93164,255,7764
300,12,548,8804,94,93164,255,7764
300,12,548,8804,94,93164,255,7764
300,12,548,8804,94,93164,255,7764
300,12,548,8804,94,93164,255,7764
300,12,548,8804,94,93164,255,7764
300,12,548,8804,94,93164,255,7764
300,12,548,8804,94,93164,255,7764
300,12,548,8804,94,93164,255,7764
300,12,548,8804,94,93164,255,7764
300,12,548,8804,94,93164,255,7764
300,12,548,8804,94,93164,255,7764
300,12,548,8804,94,93164,255,7764
300,12,548,8804,94,93164,255,7764
300,12,548,8804,94,93164,255,7764
300,12,548,8804,94,93164,255,7764
300,12,548,8804,94,93164,255,7764
300,12,548,8804,94,93164,255,7764
300,12,548,8804,94,93164,255,7764
300,12,548,8804,94,93164,255,7764
300,12,548,8804,94,93164,255,7764
300,12,548,8804,94,93164,255,7764
300,12,548,8804,94,93164,255,7764
300,12,548,8804,94,93164,255,7764
300,12,548,8804,94,93164,255,7764
300,12,548,8804,94,93164,255,7764
300,12,548,8804,94,93164,255,7764
300,12,548,8804,94,93164,255,7764
300,12,548,8804,94,93164,255,7764
300,12,548,8804,94,93164,255,7764
300,12,548,8804,94,93164,255,7764
300,12,548,8804,94,93164,255,7764
300,12,548,8804,94,93164,255,7764
300,12,548,8804,94,93164,255,7764
300,12,548,8804,94,93164,255,7764
300,12,548,8804,94,93164,255,7764
300,12,548,8804,94,93164,255,7764
300,12,548,8804,94,93164,255,7764
300,12,548,8804,94,93164,255,7764
300,12,548,8804,94,93164,255,7764
300,12,548,8804,94,93164,255,7764
300,12,548,8804,94,93164,255,7764
300,12,548,8804,94,93164,255,7764
300,12,548,8804,94,93164,255,7764
300,12,548,8804,94,93164,255,7764
300,12,548,8804,94,93164,255,7764
300,12,548,8804,94,93164,255,7764
300,12,548,8804,94,93164,255,7764
300,12,548,8804,94,93164,255,7764
300,12,548,8804,94,93164,255,7764
300,12,548,8804,94,93164,255,7764
300,12,548,8804,94,93164,255,7764
300,12,548,8804,94,93164,255,7764
300,12,548,8804,94,93164,255,7764
300,12,548,8804,94,93164,255,7764
300,12,548,8804,94,93164,255,7764
300,12,548,8804,94,93164,255,7764
300,12,548,8804,94,93164,255,7764
300,12,548,8804,94,93164,255,7764
300,12,548,8804,94,93164,255,7764
300,12,548,8804,94,93164,255,7764
300,12,548,8804,94,93164,255,7764
300,12,548,8804,94,93164,255,7764
300,12,548,8804,94,93164,255,7764
300,12,548,8804,94,93164,255,7764
300,12,548,8804,94,93164,255,7764
300,12,548,8804,94,93164,255,7764
300,12,548,8804,94,93164,255,7764
300,12,548,8804,94,93164,255,7764
300,12,548,8804,94,93164,255,7764
300,12,548,8804,94,93164,255,7764
300,12,548,8804,94,93164,255,7764
300,12,548,8804,94,93164,255,7764
300,12,548,8804,94,93164,255,7764
300,12,548,8804,94,93164,255,7764
300,12,548,8804,94,93164,255,7764
300,12,548,8804,94,93164,255,7764
300,12,548,8804,94,93164,255,7764
300,12,548,8804,94,93164,255,7764
300,12,548,8804,94,93164,255,7764
300,12,548,8804,94,93164,255,7764
300,12,548,8804,94,93164,255,7764
300,12,548,8804,94,93164,255,7764
300,12,548,8804,94,93164,255,7764
300,12,548,8804,94,93164,255,7764
300,12,548,8804,94,93164,255,7764
300,12,548,8804,94,93164,255,7764
300,12,548,8804,94,93164,255,7764
300,12,548,8804,94,93164,255,7764
300,12,548,8804,94,93164,255,7764
300,12,548,8804,94,93164,255,7764
300,12,548,8804,94,93164,255,7764
300,12,548,8804,94,93164,255,7764
300,12,548,8804,94,93164,255,7764
300,12,548,8804,94,93164,255,7764
300,12,548,8804,94,93164,255,7764
300,12,548,8804,94,93164,255,7764
300,12,548,8804,94,93164,255,7764
300,12,548,8804,94,93164,255,7764
300,12,548,8804,94,93164,255,7764
300,12,548,8804,94,93164,255,7764
300,12,548,8804,94,93164,255,7764
300,12,548,8804,94,93164,255,7764
300,12,548,8804,94,93164,255,7764
300,12,548,8804,94,93164,255,7764
300,12,548,8804,94,93164,255,7764
300,12,548,8804,94,93164,255,7764
300,12,548,8804,94,93164,255,7764
300,12,548,8804,94,93164,255,7764
300,12,548,8804,94,93164,255,7764
300,12,548,8804,94,93164,255,7764
300,12,548,8804,94,93164,255,7764
300,12,548,8804,94,93164,255,7764
300,12,548,8804,94,93164,255,7764
300,12,548,8804,94,93164,255,7764
300,12,548,8804,94,93164,255,7764
300,12,548,8804,94,93164,255,7764
300,12,548,8804,94,93164,255,7764
300,12,548,8804,94,93164,255,7764
300,12,548,8804,94,93164,255,7764
300,12,548,8804,94,93164,255,7764
300,12,548,8804,94,93164,255,7764
300,12,548,8804,94,93164,255,7764
300,12,548,8804,94,93164,255,7764
300,12,548,8804,94,93164,255,7764
300,12,548,8804,94,93164,255,7764
300,12,548,8804,94,93164,255,7764
300,12,548,8804,94,93164,255,7764
300,12,548,8804,94,93164,255,7764
300,12,548,8804,94,93164,255,7764
300,12,548,8804,94,93164,255,7764
300,12,548,8804,94,93164,255,7764
300,12,548,8804,94,93164,255,7764
300,12,548,8804,94,93164,255,7764
300,12,548,8804,94,93164,255,7764
300,12,548,8804,94,93164,255,7764
300,12,548,8804,94,93164,255,7764
300,12,548,8804,94,93164,255,7764
300,12,548,8804,94,93164,255,7764
300,12,548,8804,94,93164,255,7764
300,12,548,8804,94,93164,255,7764
300,12,548,8804,94,93164,255,7764
300,12,548,8804,94,93164,255,7764
300,12,548,8804,94,93164,255,7764
300,12,548,8804,94,93164,255,7764
300,12,548,8804,94,93164,255,7764
300,12,548,8804,94,93164,255,7764
300,12,548,8804,94,93164,255,7764
300,12,548,8804,94,93164,255,7764
300,12,548,8804,94,93164,255,7764
300,12,548,8804,94,93164,255,7764
300,12,548,8804,94,93164,255,7764
300,12,548,8804,94,93164,255,7764
300,12,548,8804,94,93164,255,7764
300,12,548,8804,94,93164,255,7764
300,12,548,8804,94,93164,255,7764
300,12,548,8804,94,93164,255,7764
300,12,548,8804,94,93164,255,7764
300,12,548,8804,94,93164,255,7764
300,12,548,8804,94,93164,255,7764
300,12,548,8804,94,93164,255,7764
300,12,548,8804,94,93164,255,7764
300,12,548,8804,94,93164,255,7764
300,12,548,8804,94,93164,255,7764
300,12,548,8804,94,93164,255,7764
300,12,548,8804,94,93164,255,7764
300,12,548,8804,94,93164,255,7764
300,12,548,8804,94,93164,255,7764
300,12,548,8804,94,93164,255,7764
300,12,548,8804,94,93164,255,7764
300,12,548,8804,94,93164,255,7764
300,12,548,8804,94,93164,255,7764
300,12,548,8804,94,93164,255,7764
300,12,548,8804,94,93164,255,7764
300,12,548,8804,94,93164,255,7764
300,12,548,8804,94,93164,255,7764
300,12,548,8804,94,93164,255,7764
300,12,548,8804,94,93164,255,7764
300,12,548,8804,94,93164,255,7764
300,12,548,8804,94,93164,255,7764
300,12,548,8804,94,93164,255,7764
300,12,548,8804,94,93164,255,7764
300,12,548,8804,94,93164,255,7764
300,12,548,8804,94,93164,255,7764
300,12,548,8804,94,93164,255,7764
300,12,548,8804,94,93164,255,7764
300,12,548,8804,94,93164,255,7764
300,12,548,8804,94,93164,255,7764
300,12,548,8804,94,93164,255,7764
300,12,548,8804,94,93164,255,7764
300,12,548,8804,94,93164,255,7764
300,12,548,8804,94,93164,255,7764
300,12,548,8804,94,93164,255,7764
300,12,548,8804,94,93164,255,7764
300,12,548,8804,94,93164,255,7764
300,12,548,8804,94,93164,255,7764
300,12,548,8804,94,93164,255,7764
300,12,548,8804,94,93164,255,7764
300,12,548,8804,94,93164,255,7764
300,12,548,8804,94,93164,255,7764
300,12,548,8804,94,93164,255,7764
300,12,548,8804,94,93164,255,7764
300,12,548,8804,94,93164,255,7764
300,12,548,8804,94,93164,255,7764
300,12,548,8804,94,93164,255,7764
300,12,548,8804,94,93164,255,7764
300,12,548,8804,94,93164,255,7764
300,12,548,8804,94,93164,255,7764
300,12,548,8804,94,93164,255,7764
300,12,548,8804,94,93164,255,7764
300,12,548,8804,94,93164,255,7764
300,12,548,8804,94,93164,255,7764
300,12,548,8804,94,93164,255,7764
300,12,548,8804,94,93164,255,7764
300,12,548,8804,94,93164,255,7764
300,12,548,8804,94,93164,255,7764
300,12,548,8804,94,93164,255,7764
300,12,548,8804,94,93164,255,7764
300,12,548,8804,94,93164,255,7764
300,12,548,8804,94,93164,255,7764
300,12,548,8804,94,93164,255,7764
300,12,548,8804,94,93164,255,7764
300,12,548,8804,94,93164,255,7764
300,12,548,8804,94,93164,255,7764
300,12,548,8804,94,93164,255,7764
300,12,548,8804,94,93164,255,7764
300,12,548,8804,94,93164,255,7764
300,12,548,8804,94,93164,255,7764
300,12,548,8804,94,93164,255,7764
300,12,548,8804,94,93164,255,7764
300,12,548,8804,94,93164,255,7764
300,12,548,8804,94,93164,255,7764
300,12,548,8804,94,93164,255,7764
300,12,548,8804,94,93164,255,7764
300,12,548,8804,94,93164,255,7764
300,12,548,8804,94,93164,255,7764
300,12,548,8804,94,93164,255,7764
300,12,548,8804,94,93164,255,7764
300,12,548,8804,94,93164,255,7764
300,12,548,8804,94,93164,255,7764
300,12,548,8804,94,93164,255,7764
300,12,548,8804,94,93164,255,7764
300,12,548,8804,94,93164,255,7764
300,12,548,8804,94,93164,255,7764
300,12,548,8804,94,93164,255,7764
300,12,548,8804,94,93164,255,7764
300,12,548,8804,94,93164,255,7764
300,12,548,8804,94,93164,255,7764
300,12,548,8804,94,93164,255,7764
300,12,548,8804,94,93164,255,7764
300,12,548,8804,94,93164,255,7764
300,12,548,8804,94,93164,255,7764
300,12,548,8804,94,93164,255,7764
300,12,548,8804,94,93164,255,7764
300,12,548,8804,94,93164,255,7764
300,12,548,8804,94,93164,255,7764
300,12,548,8804,94,93164,255,7764
300,12,548,8804,94,93164,255,7764
300,12,548,8804,94,93164,255,7764
300,12,548,8804,94,93164,255,7764
300,12,548,8804,94,93164,255,7764
300,12,548,8804,94,93164,255,7764
300,12,548,8804,94,93164,255,7764
300,12,548,8804,94,93164,255,7764
300,12,548,8804,94,93164,255,7764
300,12,548,8804,94,93164,255,7764
300,12,548,8804,94,93164,255,7764
300,12,548,8804,94,93164,255,7764
300,12,548,8804,94,93164,255,7764
300,12,548,8804,94,93164,255,7764
300,12,548,8804,94,93164,255,7764
300,12,548,8804,94,93164,255,7764
300,12,548,8804,94,93164,255,7764
300,12,548,8804,94,93164,255,7764
300,12,548,8804,94,93164,255,7764
300,12,548,8804,94,93164,255,7764
300,12,548,8804,94,93164,255,7764
300,12,548,8804,94,93164,255,7764
300,12,548,8804,94,93164,255,7764
300,12,548,8804,94,93164,255,7764
300,12,548,8804,94,93164,255,7764
300,12,548,8804,94,93164,255,7764
300,12,548,8804,94,93164,255,7764
300,12,548,8804,94,93164,255,7764
300,12,548,8804,94,93164,255,7764
300,12,548,8804,94,93164,255,7764
300,12,548,8804,94,93164,255,7764
300,12,548,8804,94,93164,255,7764
300,12,548,8804,94,93164,255,7764
300,12,548,8804,94,93164,255,7764
300,12,548,8804,94,93164,255,7764
300,12,548,8804,94,93164,255,7764
300,12,548,8804,94,93164,255,7764
300,12,548,8804,94,93164,255,7764
300,12,548,8804,94,93164,255,7764
300,12,548,8804,94,93164,255,7764
300,12,548,8804,94,93164,255,7764
300,12,548,8804,94,93164,255,7764
300,12,548,8804,94,93164,255,7764
300,12,548,8804,94,93164,255,7764
300,12,548,8804,94,93164,255,7764
300,12,548,8804,94,93164,255,7764
300,12,548,8804,94,93164,255,7764
300,12,548,8804,94,93164,255,7764
300,12,548,8804,94,93164,255,7764
300,12,548,8804,94,93164,255,7764
300,12,548,8804,94,93164,255,7764
300,12,548,8804,94,93164,255,7764
300,12,548,8804,94,93164,255,7764
300,12,548,8804,94,93164,255,7764
300,12,548,8804,94,93164,255,7764
300,12,548,8804,94,93164,255,7764
300,12,548,8804,94,93164,255,7764
300,12,548,8804,94,93164,255,7764
300,12,548,8804,94,93164,255,7764
300,12,548,8804,94,93164,255,7764
300,12,548,8804,94,93164,255,7764
300,12,548,8804,94,93164,255,7764
300,12,548,8804,94,93164,255,7764
300,12,548,8804,94,93164,255,7764
300,12,548,8804,94,93164,255,7764
300,12,548,8804,94,93164,255,7764
300,12,548,8804,94,93164,255,7764
300,12,548,8804,94,93164,255,7764
300,12,548,8804,94,93164,255,7764
300,12,548,8804,94,93164,255,7764
300,12,548,8804,94,93164,255,7764
300,12,548,8804,94,93164,255,7764
300,12,548,8804,94,93164,255,7764
300,12,548,8804,94,93164,255,7764
300,12,548,8804,94,93164,255,7764
300,12,548,8804,94,93164,255,7764
300,12,548,8804,94,93164,255,7764
300,12,548,8804,94,93164,255,7764
300,12,548,8804,94,93164,255,7764
300,12,548,8804,94,93164,255,7764
300,12,548,8804,94,93164,255,7764
300,12,548,8804,94,93164,255,7764
300,12,548,8804,94,93164,255,7764
300,12,548,8804,94,93164,255,7764
300,12,548,8804,94,93164,255,7764
300,12,548,8804,94,93164,255,7764
300,12,548,8804,94,93164,255,7764
300,12,548,8804,94,93164,255,7764
300,12,548,8804,94,93164,255,7764
300,12,548,8804,94,93164,255,7764
300,12,548,8804,94,93164,255,7764
300,12,548,8804,94,93164,255,7764
300,12,548,8804,94,93164,255,7764
300,12,548,8804,94,93164,255,7764
300,12,548,8804,94,93164,255,7764
300,12,548,8804,94,93164,255,7764
300,12,548,8804,94,93164,255,7764
300,12,548,8804,94,93164,255,7764
300,12,548,8804,94,93164,255,7764
300,12,548,8804,94,93164,255,7764
300,12,548,8804,94,93164,255,7764
300,12,548,8804,94,93164,255,7764
300,12,548,8804,94,93164,255,7764
300,12,548,8804,94,93164,255,7764
300,12,548,8804,94,93164,255,7764
300,12,548,8804,94,93164,255,7764
300,12,548,8804,94,93164,255,7764
300,12,548,8804,94,93164,255,7764
300,12,548,8804,94,93164,255,7764
300,12,548,8804,94,93164,255,7764
300,12,548,8804,94,93164,255,7764
300,12,548,8804,94,93164,255,7764
300,12,548,8804,94,93164,255,7764
300,12,548,8804,94,93164,255,7764
300,12,548,8804,94,93164,255,7764
300,12,548,8804,94,93164,255,7764
300,12,548,8804,94,93164,255,7764
300,12,548,8804,94,93164,255,7764
300,12,548,8804,94,93164,255,7764
300,12,548,8804,94,93164,255,7764
300,12,548,8804,94,93164,255,7764
300,12,548,8804,94,93164,255,7764
300,12,548,8804,94,93164,255,7764
300,12,548,8804,94,93164,255,7764
300,12,548,8804,94,93164,255,7764
300,12,548,8804,94,93164,255,7764
300,12,548,8804,94,93164,255,7764
300,12,548,8804,94,93164,255,7764
300,12,548,8804,94,93164,255,7764
300,12,548,8804,94,93164,255,7764
300,12,548,8804,94,93164,255,7764
300,12,548,8804,94,93164,255,7764
300,12,548,8804,94,93164,255,7764
300,12,548,8804,94,93164,255,7764
300,12,548,8804,94,93164,255,7764
300,12,548,8804,94,93164,255,7764
300,12,548,8804,94,93164,255,7764
300,12,548,8804,94,93164,255,7764
300,12,548,8804,94,93164,255,7764
300,12,548,8804,94,93164,255,7764
300,12,548,8804,94,93164,255,7764
300,12,548,8804,94,93164,255,7764
300,12,548,8804,94,93164,255,7764
300,12,548,8804,94,93164,255,7764
300,12,548,8804,94,93164,255,7764
300,12,548,8804,94,93164,255,7764
300,12,548,8804,94,93164,255,7764
300,12,548,8804,94,93164,255,7764
300,12,548,8804,94,93164,255,7764
300,12,548,8804,94,93164,255,7764
300,12,548,8804,94,93164,255,7764
300,12,548,8804,94,93164,255,7764
300,12,548,8804,94,93164,255,7764
300,12,548,8804,94,93164,255,7764
300,12,548,8804,94,93164,255,7764
300,12,548,8804,94,93164,255,7764
300,12,548,8804,94,93164,255,7764
300,12,548,8804,94,93164,255,7764
300,12,548,8804,94,93164,255,7764
300,12,548,8804,94,93164,255,7764
300,12,548,8804,94,93164,255,7764
300,12,548,8804,94,93164,255,7764
300,12,548,8804,94,93164,255,7764
300,12,548,8804,94,93164,255,7764
300,12,548,8804,94,93164,255,7764
300,12,548,8804,94,93164,255,7764
300,12,548,8804,94,93164,255,7764
300,12,548,8804,94,93164,255,7764
300,12,548,8804,94,93164,255,7764
300,12,548,8804,94,93164,255,7764
300,12,548,8804,94,93164,255,7764
300,12,548,8804,94,93164,255,7764
300,12,548,8804,94,93164,255,7764
300,12,548,8804,94,93164,255,7764
300,12,548,8804,94,93164,255,7764
300,12,548,8804,94,93164,255,7764
300,12,548,8804,94,93164,255,7764
300,12,548,8804,94,93164,255,7764
300,12,548,8804,94,93164,255,7764
300,12,548,8804,94,93164,255,7764
300,12,548,8804,94,93164,255,7764
300,12,548,8804,94,93164,255,7764
300,12,548,8804,94,93164,255,7764
300,12,548,8804,94,93164,255,7764
300,12,548,8804,94,93164,255,7764
300,12,548,8804,94,93164,255,7764
300,12,548,8804,94,93164,255,7764
300,12,548,8804,94,93164,255,7764
300,12,548,8804,94,93164,255,7764
300,12,548,8804,94,93164,255,7764
300,12,548,8804,94,93164,255,7764
300,12,548,8804,94,93164,255,7764
300,12,548,8804,94,93164,255,7764
300,12,548,8804,94,93164,255,7764
300,12,548,8804,94,93164,255,7764
300,12,548,8804,94,93164,255,7764
300,12,548,8804,94,93164,255,7764
300,12,548,8804,94,93164,255,7764
300,12,548,8804,94,93164,255,7764
300,12,548,8804,94,93164,255,7764
300,12,548,8804,94,93164,255,7764
300,12,548,8804,94,93164,255,7764
300,12,548,8804,94,93164,255,7764
300,12,548,8804,94,93164,255,7764
300,12,548,8804,94,93164,255,7764
300,12,548,8804,94,93164,255,7764
300,12,548,8804,94,93164,255,7764
300,12,548,8804,94,93164,255,7764
300,12,548,8804,94,93164,255,7764
300,12,548,8804,94,93164,255,7764
300,12,548,8804,94,93164,255,7764
300,12,548,8804,94,93164,255,7764
300,12,548,8804,94,93164,255,7764
300,12,548,8804,94,93164,255,7764
300,12,548,8804,94,93164,255,7764
300,12,548,8804,94,93164,255,7764
300,12,548,8804,94,93164,255,7764
300,12,548,8804,94,93164,255,7764
300,12,548,8804,94,93164,255,7764
300,12,548,8804,94,93164,255,7764
300,12,548,8804,94,93164,255,7764
300,12,548,8804,94,93164,255,7764
300,12,548,8804,94,93164,255,7764
300,12,548,8804,94,93164,255,7764
300,12,548,8804,94,93164,255,7764
300,12,548,8804,94,93164,255,7764
300,12,548,8804,94,93164,255,7764
300,12,548,8804,94,93164,255,7764
300,12,548,8804,94,93164,255,7764
300,12,548,8804,94,93164,255,7764
300,12,548,8804,94,93164,255,7764
300,12,548,8804,94,93164,255,7764
300,12,548,8804,94,93164,255,7764
300,12,548,8804,94,93164,255,7764
300,12,548,8804,94,93164,255,7764
300,12,548,8804,94,93164,255,7764
300,12,548,8804,94,93164,255,7764
300,12,548,8804,94,93164,255,7764
300,12,548,8804,94,93164,255,7764
300,12,548,8804,94,93164,255,7764
300,12,548,8804,94,93164,255,7764
300,12,548,8804,94,93164,255,7764
300,12,548,8804,94,93164,255,7764
300,12,548,8804,94,93164,255,7764
300,12,548,8804,94,93164,255,7764
300,12,548,8804,94,93164,255,7764
300,12,548,8804,94,93164,255,7764
300,12,548,8804,94,93164,255,7764
300,12,548,8804,94,93164,255,7764
300,12,548,8804,94,93164,255,7764
300,12,548,8804,94,93164,255,7764
300,12,548,8804,94,93164,255,7764
300,12,548,8804,94,93164,255,7764
300,12,548,8804,94,93164,255,7764
300,12,548,8804,94,93164,255,7764
300,12,548,8804,94,93164,255,7764
300,12,548,8804,94,93164,255,7764
300,12,548,8804,94,93164,255,7764
300,12,548,8804,94,93164,255,7764
300,12,548,8804,94,93164,255,7764
300,12,548,8804,94,93164,255,7764
300,12,548,8804,94,93164,255,7764
300,12,548,8804,94,93164,255,7764
300,12,548,8804,94,93164,255,7764
300,12,548,8804,94,93164,255,7764
300,12,548,8804,94,93164,255,7764
300,12,548,8804,94,93164,255,7764
300,12,548,8804,94,93164,255,7764
300,12,548,8804,94,93164,255,7764
300,12,548,8804,94,93164,255,7764
300,12,548,8804,94,93164,255,7764
300,12,548,8804,94,93164,255,7764
300,12,548,8804,94,93164,255,7764
300,12,548,8804,94,93164,255,7764
300,12,548,8804,94,93164,255,7764
300,12,548,8804,94,93164,255,7764
300,12,548,8804,94,93164,255,7764
300,12,548,8804,94,93164,255,7764
300,12,548,8804,94,93164,255,7764
300,12,548,8804,94,93164,255,7764
300,12,548,8804,94,93164,255,7764
300,12,548,8804,94,93164,255,7764
300,12,548,8804,94,93164,255,7764
300,12,548,8804,94,93164,255,7764
300,12,548,8804,94,93164,255,7764
300,12,548,8804,94,93164,255,7764
300,12,548,8804,94,93164,255,7764
300,12,548,8804,94,93164,255,7764
300,12,548,8804,94,93164,255,7764
300,12,548,8804,94,93164,255,7764
300,12,548,8804,94,93164,255,7764
300,12,548,8804,94,93164,255,7764
300,12,548,8804,94,93164,255,7764
300,12,548,8804,94,93164,255,7764
300,12,548,8804,94,93164,255,7764
300,12,548,8804,94,93164,255,7764
300,12,548,8804,94,93164,255,7764
300,12,548,8804,94,93164,255,7764
300,12,548,8804,94,93164,255,7764
300,12,548,8804,94,93164,255,7764
300,12,548,8804,94,93164,255,7764
300,12,548,8804,94,93164,255,7764
300,12,548,8804,94,93164,255,7764
300,12,548,8804,94,93164,255,7764
300,12,548,8804,94,93164,255,7764
300,12,548,8804,94,93164,255,7764
300,12,548,8804,94,93164,255,7764
300,12,548,8804,94,93164,255,7764
300,12,548,8804,94,93164,255,7764
300,12,548,8804,94,93164,255,7764
300,12,548,8804,94,93164,255,7764
300,12,548,8804,94,93164,255,7764
300,12,548,8804,94,93164,255,7764
300,12,548,8804,94,93164,255,7764
300,12,548,8804,94,93164,255,7764
300,12,548,8804,94,93164,255,7764
300,12,548,8804,94,93164,255,7764
300,12,548,8804,94,93164,255,7764
300,12,548,8804,94,93164,255,7764
300,12,548,8804,94,93164,255,7764
300,12,548,8804,94,93164,255,7764
300,12,548,8804,94,93164,255,7764
300,12,548,8804,94,93164,255,7764
300,12,548,8804,94,93164,255,7764
300,12,548,8804,94,93164,255,7764
300,12,548,8804,94,93164,255,7764
300,12,548,8804,94,93164,255,7764
300,12,548,8804,94,93164,255,7764
300,12,548,8804,94,93164,255,7764
300,12,548,8804,94,93164,255,7764
300,12,548,8804,94,93164,255,7764
300,12,548,8804,94,93164,255,7764
300,12,548,8804,94,93164,255,7764
300,12,548,8804,94,93164,255,7764
300,12,548,8804,94,93164,255,7764
300,12,548,8804,94,93164,255,7764
300,12,548,8804,94,93164,255,7764
300,12,548,8804,94,93164,255,7764
300,12,548,8804,94,93164,255,7764
300,12,548,8804,94,93164,255,7764
300,12,548,8804,94,93164,255,7764
300,12,548,8804,94,93164,255,7764
300,12,548,8804,94,93164,255,7764
300,12,548,8804,94,93164,255,7764
300,12,548,8804,94,93164,255,7764
300,12,548,8804,94,93164,255,7764
300,12,548,8804,94,93164,255,7764
300,12,548,8804,94,93164,255,7764
300,12,548,8804,94,93164,255,7764
300,12,548,8804,94,93164,255,7764
300,12,548,8804,94,93164,255,7764
300,12,548,8804,94,93164,255,7764
300,12,548,8804,94,93164,255,7764
300,12,548,8804,94,93164,255,7764
300,12,548,8804,94,93164,255,7764
300,12,548,8804,94,93164,255,7764
300,12,548,8804,94,93164,255,7764
300,12,548,8804,94,93164,255,7764
300,12,548,8804,94,93164,255,7764
300,12,548,8804,94,93164,255,7764
300,12,548,8804,94,93164,255,7764
300,12,548,8804,94,93164,255,7764
300,12,548,8804,94,93164,255,7764
300,12,548,8804,94,93164,255,7764
300,12,548,8804,94,93164,255,7764
300,12,548,8804,94,93164,255,7764
300,12,548,8804,94,93164,255,7764
300,12,548,8804,94,93164,255,7764
300,12,548,8804,94,93164,255,7764
300,12,548,8804,94,93164,255,7764
300,12,548,8804,94,93164,255,7764
300,12,548,8804,94,93164,255,7764
300,12,548,8804,94,93164,255,7764
300,12,548,8804,94,93164,255,7764
300,12,548,8804,94,93164,255,7764
300,12,548,8804,94,93164,255,7764
300,12,548,8804,94,93164,255,7764
300,12,548,8804,94,93164,255,7764
300,12,548,8804,94,93164,255,7764
300,12,548,8804,94,93164,255,7764
300,12,548,8804,94,93164,255,7764
300,12,548,8804,94,93164,255,7764
300,12,548,8804,94,93164,255,7764
300,12,548,8804,94,93164,255,7764
300,12,548,8804,94,93164,255,7764
300,12,548,8804,94,93164,255,7764
300,12,548,8804,94,93164,255,7764
300,12,548,8804,94,93164,255,7764
300,12,548,8804,94,93164,255,7764
300,12,548,8804,94,93164,255,7764
300,12,548,8804,94,93164,255,7764
300,12,548,8804,94,93164,255,7764
300,12,548,8804,94,93164,255,7764
300,12,548,8804,94,93164,255,7764
300,12,548,8804,94,93164,255,7764
300,12,548,8804,94,93164,255,7764
300,12,548,8804,94,93164,255,7764
300,12,548,8804,94,93164,255,7764
300,12,548,8804,94,93164,255,7764
300,12,548,8804,94,93164,255,7764
300,12,548,8804,94,93164,255,7764
300,12,548,8804,94,93164,255,7764
300,12,548,8804,94,93164,255,7764
300,12,548,8804,94,93164,255,7764
300,12,548,8804,94,93164,255,7764
300,12,548,8804,94,93164,255,7764
300,12,548,8804,94,93164,255,7764
300,12,548,8804,94,93164,255,7764
300,12,548,8804,94,93164,255,7764
300,12,548,8804,94,93164,255,7764
300,12,548,8804,94,93164,255,7764
300,12,548,8804,94,93164,255,7764
300,12,548,8804,94,93164,255,7764
300,12,548,8804,94,93164,255,7764
300,12,548,8804,94,93164,255,7764
300,12,548,8804,94,93164,255,7764
300,12,548,8804,94,93164,255,7764
300,12,548,8804,94,93164,255,7764
300,12,548,8804,94,93164,255,7764
300,12,548,8804,94,93164,255,7764
300,12,548,8804,94,93164,255,7764
300,12,548,8804,94,93164,255,7764
300,12,548,8804,94,93164,255,7764
300,12,548,8804,94,93164,255,7764
300,12,548,8804,94,93164,255,7764
300,12,548,8804,94,93164,255,7764
300,12,548,8804,94,93164,255,7764
300,12,548,8804,94,93164,255,7764
300,12,548,8804,94,93164,255,7764
300,12,548,8804,94,93164,255,7764
300,12,548,8804,94,93164,255,7764
300,12,548,8804,94,93164,255,7764
300,12,548,8804,94,93164,255,7764
300,12,548,8804,94,93164,255,7764
300,12,548,8804,94,93164,255,7764
300,12,548,8804,94,93164,255,7764
300,12,548,8804,94,93164,255,7764
300,12,548,8804,94,93164,255,7764
300,12,548,8804,94,93164,255,7764
300,12,548,8804,94,93164,255,7764
300,12,548,8804,94,93164,255,7764
300,12,548,8804,94,93164,255,7764
300,12,548,8804,94,93164,255,7764
300,12,548,8804,94,93164,255,7764
300,12,548,8804,94,93164,255,7764
300,12,548,8804,94,93164,255,7764
300,12,548,8804,94,93164,255,7764
300,12,548,8804,94,93164,255,7764
300,12,548,8804,94,93164,255,7764
300,12,548,8804,94,93164,255,7764
300,12,548,8804,94,93164,255,7764
300,12,548,8804,94,93164,255,7764
300,12,548,8804,94,93164,255,7764
300,12,548,8804,94,93164,255,7764
300,12,548,8804,94,93164,255,7764
300,12,548,8804,94,93164,255,7764
300,12,548,8804,94,93164,255,7764
300,12,548,8804,94,93164,255,7764
300,12,548,8804,94,93164,255,7764
300,12,548,8804,94,93164,255,7764
300,12,548,8804,94,93164,255,7764
300,12,548,8804,94,93164,255,7764
300,12,548,8804,94,93164,255,7764
300,12,548,8804,94,93164,255,7764
300,12,548,8804,94,93164,255,7764
300,12,548,8804,94,93164,255,7764
300,12,548,8804,94,93164,255,7764
300,12,548,8804,94,93164,255,7764
300,12,548,8804,94,93164,255,7764
300,12,548,8804,94,93164,255,7764
300,12,548,8804,94,93164,255,7764
300,12,548,8804,94,93164,255,7764
300,12,548,8804,94,93164,255,7764
300,12,548,8804,94,93164,255,7764
300,12,548,8804,94,93164,255,7764
300,12,548,8804,94,93164,255,7764
300,12,548,8804,94,93164,255,7764
300,12,548,8804,94,93164,255,7764
300,12,548,8804,94,93164,255,7764
300,12,548,8804,94,93164,255,7764
300,12,548,8804,94,93164,255,7764
300,12,548,8804,94,93164,255,7764
300,12,548,8804,94,93164,255,7764
300,12,548,8804,94,93164,255,7764
300,12,548,8804,94,93164,255,7764
300,12,548,8804,94,93164,255,7764
300,12,548,8804,94,93164,255,7764
300,12,548,8804,94,93164,255,7764
300,12,548,8804,94,93164,255,7764
300,12,548,8804,94,93164,255,7764
300,12,548,8804,94,93164,255,7764
300,12,548,8804,94,93164,255,7764
300,12,548,8804,94,93164,255,7764
300,12,548,8804,94,93164,255,7764
300,12,548,8804,94,93164,255,7764
300,12,548,8804,94,93164,255,7764
300,12,548,8804,94,93164,255,7764
300,12,548,8804,94,93164,255,7764
300,12,548,8804,94,93164,255,7764
300,12,548,8804,94,93164,255,7764
300,12,548,8804,94,93164,255,7764
300,12,548,8804,94,93164,255,7764
300,12,548,8804,94,93164,255,7764
300,12,548,8804,94,93164,255,7764
300,12,548,8804,94,93164,255,7764
300,12,548,8804,94,93164,255,7764
300,12,548,8804,94,93164,255,7764
300,12,548,8804,94,93164,255,7764
300,12,548,8804,94,93164,255,7764
300,12,548,8804,94,93164,255,7764
300,12,548,8804,94,93164,255,7764
300,12,548,8804,94,93164,255,7764
300,12,548,8804,94,93164,255,7764
300,12,548,8804,94,93164,255,7764
300,12,548,8804,94,93164,255,7764
300,12,548,8804,94,93164,255,7764
300,12,548,8804,94,93164,255,7764
300,12,548,8804,94,93164,255,7764
300,12,548,8804,94,93164,255,7764
300,12,548,8804,94,93164,255,7764
300,12,548,8804,94,93164,255,7764
300,12,548,8804,94,93164,255,7764
300,12,548,8804,94,93164,255,7764
300,12,548,8804,94,93164,255,7764
300,12,548,8804,94,93164,255,7764
300,12,548,8804,94,93164,255,7764
300,12,548,8804,94,93164,255,7764
300,12,548,8804,94,93164,255,7764
300,12,548,8804,94,93164,255,7764
300,12,548,8804,94,93164,255,7764
300,12,548,8804,94,93164,255,7764
300,12,548,8804,94,93164,255,7764
300,12,548,8804,94,93164,255,7764
300,12,548,8804,94,93164,255,7764
300,12,548,8804,94,93164,255,7764
300,12,548,8804,94,93164,255,7764
300,12,548,8804,94,93164,255,7764
300,12,548,8804,94,93164,255,7764
300,12,548,8804,94,93164,255,7764
300,12,548,8804,94,93164,255,7764
300,12,548,8804,94,93164,255,7764
300,12,548,8804,94,93164,255,7764
300,12,548,8804,94,93164,255,7764
300,12,548,8804,94,93164,255,7764
300,12,548,8804,94,93164,255,7764
300,12,548,8804,94,93164,255,7764
300,12,548,8804,94,93164,255,7764
300,12,548,8804,94,93164,255,7764
300,12,548,8804,94,93164,255,7764
300,12,548,8804,94,93164,255,7764
300,12,548,8804,94,93164,255,7764
300,12,548,8804,94,93164,255,7764
300,12,548,8804,94,93164,255,7764
300,12,548,8804,94,93164,255,7764
300,12,548,8804,94,93164,255,7764
300,12,548,8804,94,93164,255,7764
300,12,548,8804,94,93164,255,7764
300,12,548,8804,94,93164,255,7764
300,12,548,8804,94,93164,255,7764
300,12,548,8804,94,93164,255,7764
300,12,548,8804,94,93164,255,7764
300,12,548,8804,94,93164,255,7764
300,12,548,8804,94,93164,255,7764
300,12,548,8804,94,93164,255,7764
300,12,548,8804,94,93164,255,7764
300,12,548,8804,94,93164,255,7764
300,12,548,8804,94,93164,255,7764
300,12,548,8804,94,93164,255,7764
300,12,548,8804,94,93164,255,7764
300,12,548,8804,94,93164,255,7764
300,12,548,8804,94,93164,255,7764
300,12,548,8804,94,93164,255,7764
300,12,548,8804,94,93164,255,7764
300,12,548,8804,94,93164,255,7764
300,12,548,8804,94,93164,255,7764
300,12,548,8804,94,93164,255,7764
300,12,548,8804,94,93164,255,7764
300,12,548,8804,94,93164,255,7764
300,12,548,8804,94,93164,255,7764
300,12,548,8804,94,93164,255,7764
300,12,548,8804,94,93164,255,7764
300,12,548,8804,94,93164,255,7764
300,12,548,8804,94,93164,255,7764
300,12,548,8804,94,93164,255,7764
300,12,548,8804,94,93164,255,7764
300,12,548,8804,94,93164,255,7764
300,12,548,8804,94,93164,255,7764
300,12,548,8804,94,93164,255,7764
300,12,548,8804,94,93164,255,7764
300,12,548,8804,94,93164,255,7764
300,12,548,8804,94,93164,255,7764
300,12,548,8804,94,93164,255,7764
300,12,548,8804,94,93164,255,7764
300,12,548,8804,94,93164,255,7764
300,12,548,8804,94,93164,255,7764
300,12,548,8804,94,93164,255,7764
300,12,548,8804,94,93164,255,7764
300,12,548,8804,94,93164,255,7764
300,12,548,8804,94,93164,255,7764
300,12,548,8804,94,93164,255,7764
300,12,548,8804,94,93164,255,7764
300,12,548,8804,94,93164,255,7764
300,12,548,8804,94,93164,255,7764
300,12,548,8804,94,93164,255,7764
300,12,548,8804,94,93164,255,7764
300,12,548,8804,94,93164,255,7764
300,12,548,8804,94,93164,255,7764
300,12,548,8804,94,93164,255,7764
300,12,548,8804,94,93164,255,7764
300,12,548,8804,94,93164,255,7764
300,12,548,8804,94,93164,255,7764
300,12,548,8804,94,93164,255,7764
300,12,548,8804,94,93164,255,7764
300,12,548,8804,94,93164,255,7764
300,12,548,8804,94,93164,255,7764
300,12,548,8804,94,93164,255,7764
300,12,548,8804,94,93164,255,7764
300,12,548,8804,94,93164,255,7764
300,12,548,8804,94,93164,255,7764
300,12,548,8804,94,93164,255,7764
300,12,548,8804,94,93164,255,7764
300,12,548,8804,94,93164,255,7764
300,12,548,8804,94,93164,255,7764
300,12,548,8804,94,93164,255,7764
300,12,548,8804,94,93164,255,7764
300,12,548,8804,94,93164,255,7764
300,12,548,8804,94,93164,255,7764
300,12,548,8804,94,93164,255,7764
300,12,548,8804,94,93164,255,7764
300,12,548,8804,94,93164,255,7764
300,12,548,8804,94,93164,255,7764
300,12,548,8804,94,93164,255,7764
300,12,548,8804,94,93164,255,7764
300,12,548,8804,94,93164,255,7764
300,12,548,8804,94,93164,255,7764
300,12,548,8804,94,93164,255,7764
300,12,548,8804,94,93164,255,7764
300,12,548,8804,94,93164,255,7764
300,12,548,8804,94,93164,255,7764
300,12,548,8804,94,93164,255,7764
300,12,548,8804,94,93164,255,7764
300,12,548,8804,94,93164,255,7764
300,12,548,8804,94,93164,255,7764
300,12,548,8804,94,93164,255,7764
300,12,548,8804,94,93164,255,7764
300,12,548,8804,94,93164,255,7764
300,12,548,8804,94,93164,255,7764
300,12,548,8804,94,93164,255,7764
300,12,548,8804,94,93164,255,7764
300,12,548,8804,94,93164,255,7764
300,12,548,8804,94,93164,255,7764
300,12,548,8804,94,93164,255,7764
300,12,548,8804,94,93164,255,7764
300,12,548,8804,94,93164,255,7764
300,12,548,8804,94,93164,255,7764
300,12,548,8804,94,93164,255,7764
300,12,548,8804,94,93164,255,7764
300,12,548,8804,94,93164,255,7764
300,12,548,8804,94,93164,255,7764
300,12,548,8804,94,93164,255,7764
300,12,548,8804,94,93164,255,7764
300,12,548,8804,94,93164,255,7764
300,12,548,8804,94,93164,255,7764
300,12,548,8804,94,93164,255,7764
300,12,548,8804,94,93164,255,7764
300,12,548,8804,94,93164,255,7764
300,12,548,8804,94,93164,255,7764
300,12,548,8804,94,93164,255,7764
300,12,548,8804,94,93164,255,7764
300,12,548,8804,94,93164,255,7764
300,12,548,8804,94,93164,255,7764
300,12,548,8804,94,93164,255,7764
300,12,548,8804,94,93164,255,7764
300,12,548,8804,94,93164,255,7764
300,12,548,8804,94,93164,255,7764
300,12,548,8804,94,93164,255,7764
300,12,548,8804,94,93164,255,7764
300,12,548,8804,94,93164,255,7764
300,12,548,8804,94,93164,255,7764
300,12,548,8804,94,93164,255,7764
300,12,548,8804,94,93164,255,7764
300,12,548,8804,94,93164,255,7764
300,12,548,8804,94,93164,255,7764
300,12,548,8804,94,93164,255,7764
300,12,548,8804,94,93164,255,7764
300,12,548,8804,94,93164,255,7764
300,12,548,8804,94,93164,255,7764
300,12,548,8804,94,93164,255,7764
300,12,548,8804,94,93164,255,7764
300,12,548,8804,94,93164,255,7764
300,12,548,8804,94,93164,255,7764
300,12,548,8804,94,93164,255,7764
300,12,548,8804,94,93164,255,7764
300,12,548,8804,94,93164,255,7764
300,12,548,8804,94,93164,255,7764
300,12,548,8804,94,93164,255,7764
300,12,548,8804,94,93164,255,7764
300,12,548,8804,94,93164,255,7764
300,12,548,8804,94,93164,255,7764
300,12,548,8804,94,93164,255,7764
300,12,548,8804,94,93164,255,7764
300,12,548,8804,94,93164,255,7764
300,12,548,8804,94,93164,255,7764
300,12,548,8804,94,93164,255,7764
300,12,548,8804,94,93164,255,7764
300,12,548,8804,94,93164,255,7764
300,12,548,8804,94,93164,255,7764
300,12,548,8804,94,93164,255,7764
300,12,548,8804,94,93164,255,7764
300,12,548,8804,94,93164,255,7764
300,12,548,8804,94,93164,255,7764
300,12,548,8804,94,93164,255,7764
300,12,548,8804,94,93164,255,7764
300,12,548,8804,94,93164,255,7764
300,12,548,8804,94,93164,255,7764
300,12,548,8804,94,93164,255,7764
300,12,548,8804,94,93164,255,7764
300,12,548,8804,94,93164,255,7764
300,12,548,8804,94,93164,255,7764
300,12,548,8804,94,93164,255,7764
300,12,548,8804,94,93164,255,7764
300,12,548,8804,94,93164,255,7764
300,12,548,8804,94,93164,255,7764
300,12,548,8804,94,93164,255,7764
300,12,548,8804,94,93164,255,7764
300,12,548,8804,94,93164,255,7764
300,12,548,8804,94,93164,255,7764
300,12,548,8804,94,93164,255,7764
300,12,548,8804,94,93164,255,7764
300,12,548,8804,94,93164,255,7764
300,12,548,8804,94,93164,255,7764
300,12,548,8804,94,93164,255,7764
300,12,548,8804,94,93164,255,7764
300,12,548,8804,94,93164,255,7764
300,12,548,8804,94,93164,255,7764
300,12,548,8804,94,93164,255,7764
300,12,548,8804,94,93164,255,7764
300,12,548,8804,94,93164,255,7764
300,12,548,8804,94,93164,255,7764
300,12,548,8804,94,93164,255,7764
300,12,548,8804,94,93164,255,7764
300,12,548,8804,94,93164,255,7764
300,12,548,8804,94,93164,255,7764
300,12,548,8804,94,93164,255,7764
300,12,548,8804,94,93164,255,7764
300,12,548,8804,94,93164,255,7764
300,12,548,8804,94,93164,255,7764
300,12,548,8804,94,93164,255,7764
300,12,548,8804,94,93164,255,7764
300,12,548,8804,94,93164,255,7764
300,12,548,8804,94,93164,255,7764
300,12,548,8804,94,93164,255,7764
300,12,548,8804,94,93164,255,7764
300,12,548,8804,94,93164,255,7764
300,12,548,8804,94,93164,255,7764
300,12,548,8804,94,93164,255,7764
300,12,548,8804,94,93164,255,7764
300,12,548,8804,94,93164,255,7764
300,12,548,8804,94,93164,255,7764
300,12,548,8804,94,93164,255,7764
300,12,548,8804,94,93164,255,7764
300,12,548,8804,94,93164,255,7764
300,12,548,8804,94,93164,255,7764
300,12,548,8804,94,93164,255,7764
300,12,548,8804,94,93164,255,7764
300,12,548,8804,94,93164,255,7764
300,12,548,8804,94,93164,255,7764
300,12,548,8804,94,93164,255,7764
300,12,548,8804,94,93164,255,7764
300,12,548,8804,94,93164,255,7764
300,12,548,8804,94,93164,255,7764
300,12,548,8804,94,93164,255,7764
300,12,548,8804,94,93164,255,7764
300,12,548,8804,94,93164,255,7764
300,12,548,8804,94,93164,255,7764
300,12,548,8804,94,93164,255,7764
300,12,548,8804,94,93164,255,7764
300,12,548,8804,94,93164,255,7764
300,12,548,8804,94,93164,255,7764
300,12,548,8804,94,93164,255,7764
300,12,548,8804,94,93164,255,7764
300,12,548,8804,94,93164,255,7764
300,12,548,8804,94,93164,255,7764
300,12,548,8804,94,93164,255,7764
300,12,548,8804,94,93164,255,7764
300,12,548,8804,94,93164,255,7764
300,12,548,8804,94,93164,255,7764
300,12,548,8804,94,93164,255,7764
300,12,548,8804,94,93164,255,7764
300,12,548,8804,94,93164,255,7764
300,12,548,8804,94,93164,255,7764
300,12,548,8804,94,93164,255,7764
300,12,548,8804,94,93164,255,7764
300,12,548,8804,94,93164,255,7764
300,12,548,8804,94,93164,255,7764
300,12,548,8804,94,93164,255,7764
300,12,548,8804,94,93164,255,7764
300,12,548,8804,94,93164,255,7764
300,12,548,8804,94,93164,255,7764
300,12,548,8804,94,93164,255,7764
300,12,548,8804,94,93164,255,7764
300,12,548,8804,94,93164,255,7764
300,12,548,8804,94,93164,255,7764
300,12,548,8804,94,93164,255,7764
300,12,548,8804,94,93164,255,7764
300,12,548,8804,94,93164,255,7764
300,12,548,8804,94,93164,255,7764
300,12,548,8804,94,93164,255,7764
300,12,548,8804,94,93164,255,7764
300,12,548,8804,94,93164,255,7764
300,12,548,8804,94,93164,255,7764
300,12,548,8804,94,93164,255,7764
300,12,548,8804,94,93164,255,7764
300,12,548,8804,94,93164,255,7764
300,12,548,8804,94,93164,255,7764
300,12,548,8804,94,93164,255,7764
300,12,548,8804,94,93164,255,7764
300,12,548,8804,94,93164,255,7764
300,12,548,8804,94,93164,255,7764
300,12,548,8804,94,93164,255,7764
300,12,548,8804,94,93164,255,7764
300,12,548,8804,94,93164,255,7764
300,12,548,8804,94,93164,255,7764
300,12,548,8804,94,93164,255,7764
300,12,548,8804,94,93164,255,7764
300,12,548,8804,94,93164,255,7764
300,12,548,8804,94,93164,255,7764
300,12,548,8804,94,93164,255,7764
300,12,548,8804,94,93164,255,7764
300,12,548,8804,94,93164,255,7764
300,12,548,8804,94,93164,255,7764
300,12,548,8804,94,93164,255,7764
300,12,548,8804,94,93164,255,7764
300,12,548,8804,94,93164,255,7764
300,12,548,8804,94,93164,255,7764
300,12,548,8804,94,93164,255,7764
300,12,548,8804,94,93164,255,7764
300,12,548,8804,94,93164,255,7764
300,12,548,8804,94,93164,255,7764
300,12,548,8804,94,93164,255,7764
300,12,548,8804,94,93164,255,7764
300,12,548,8804,94,93164,255,7764
300,12,548,8804,94,93164,255,7764
300,12,548,8804,94,93164,255,7764
300,12,548,8804,94,93164,255,7764
300,12,548,8804,94,93164,255,7764
300,12,548,8804,94,93164,255,7764
300,12,548,8804,94,93164,255,7764
300,12,548,8804,94,93164,255,7764
300,12,548,8804,94,93164,255,7764
300,12,548,8804,94,93164,255,7764
300,12,548,8804,94,93164,255,7764
300,12,548,8804,94,93164,255,7764
300,12,548,8804,94,93164,255,7764
300,12,548,8804,94,93164,255,7764
300,12,548,8804,94,93164,255,7764
300,12,548,8804,94,93164,255,7764
300,12,548,8804,94,93164,255,7764
300,12,548,8804,94,93164,255,7764
300,12,548,8804,94,93164,255,7764
300,12,548,8804,94,93164,255,7764
300,12,548,8804,94,93164,255,7764
300,12,548,8804,94,93164,255,7764
300,12,548,8804,94,93164,255,7764
300,12,548,8804,94,93164,255,7764
300,12,548,8804,94,93164,255,7764
300,12,548,8804,94,93164,255,7764
300,12,548,8804,94,93164,255,7764
300,12,548,8804,94,93164,255,7764
300,12,548,8804,94,93164,255,7764
300,12,548,8804,94,93164,255,7764
300,12,548,8804,94,93164,255,7764
300,12,548,8804,94,93164,255,7764
300,12,548,8804,94,93164,255,7764
300,12,548,8804,94,93164,255,7764
300,12,548,8804,94,93164,255,7764
300,12,548,8804,94,93164,255,7764
300,12,548,8804,94,93164,255,7764
300,12,548,8804,94,93164,255,7764
300,12,548,8804,94,93164,255,7764
300,12,548,8804,94,93164,255,7764
300,12,548,8804,94,93164,255,7764
300,12,548,8804,94,93164,255,7764
300,12,548,8804,94,93164,255,7764
300,12,548,8804,94,93164,255,7764
300,12,548,8804,94,93164,255,7764
300,12,548,8804,94,93164,255,7764
300,12,548,8804,94,93164,255,7764
300,12,548,8804,94,93164,255,7764
300,12,548,8804,94,93164,255,7764
300,12,548,8804,94,93164,255,7764
300,12,548,8804,94,93164,255,7764
300,12,548,8804,94,93164,255,7764
300,12,548,8804,94,93164,255,7764
300,12,548,8804,94,93164,255,7764
300,12,548,8804,94,93164,255,7764
300,12,548,8804,94,93164,255,7764
300,12,548,8804,94,93164,255,7764
300,12,548,8804,94,93164,255,7764
300,12,548,8804,94,93164,255,7764
300,12,548,8804,94,93164,255,7764
300,12,548,8804,94,93164,255,7764
300,12,548,8804,94,93164,255,7764
300,12,548,8804,94,93164,255,7764
300,12,548,8804,94,93164,255,7764
300,12,548,8804,94,93164,255,7764
300,12,548,8804,94,93164,255,7764
300,12,548,8804,94,93164,255,7764
300,12,548,8804,94,93164,255,7764
300,12,548,8804,94,93164,255,7764
300,12,548,8804,94,93164,255,7764
300,12,548,8804,94,93164,255,7764
300,12,548,8804,94,93164,255,7764
300,12,548,8804,94,93164,255,7764
300,12,548,8804,94,93164,255,7764
300,12,548,8804,94,93164,255,7764
300,12,548,8804,94,93164,255,7764
300,12,548,8804,94,93164,255,7764
300,12,548,8804,94,93164,255,7764
300,12,548,8804,94,93164,255,7764
300,12,548,8804,94,93164,255,7764
300,12,548,8804,94,93164,255,7764
300,12,548,8804,94,93164,255,7764
300,12,548,8804,94,93164,255,7764
300,12,548,8804,94,93164,255,7764
300,12,548,8804,94,93164,255,7764
300,12,548,8804,94,93164,255,7764
300,12,548,8804,94,93164,255,7764
300,12,548,8804,94,93164,255,7764
300,12,548,8804,94,93164,255,7764
300,12,548,8804,94,93164,255,7764
300,12,548,8804,94,93164,255,7764
300,12,548,8804,94,93164,255,7764
300,12,548,8804,94,93164,255,7764
300,12,548,8804,94,93164,255,7764
300,12,548,8804,94,93164,255,7764
300,12,548,8804,94,93164,255,7764
300,12,548,8804,94,93164,255,7764
300,12,548,8804,94,93164,255,7764
300,12,548,8804,94,93164,255,7764
300,12,548,8804,94,93164,255,7764
300,12,548,8804,94,93164,255,7764
300,12,548,8804,94,93164,255,7764
300,12,548,8804,94,93164,255,7764
300,12,548,8804,94,93164,255,7764
300,12,548,8804,94,93164,255,7764
300,12,548,8804,94,93164,255,7764
300,12,548,8804,94,93164,255,7764
300,12,548,8804,94,93164,255,7764
300,12,548,8804,94,93164,255,7764
300,12,548,8804,94,93164,255,7764
300,12,548,8804,94,93164,255,7764
300,12,548,8804,94,93164,255,7764
300,12,548,8804,94,93164,255,7764
300,12,548,8804,94,93164,255,7764
300,12,548,8804,94,93164,255,7764
300,12,548,8804,94,93164,255,7764
300,12,548,8804,94,93164,255,7764
300,12,548,8804,94,93164,255,7764
300,12,548,8804,94,93164,255,7764
300,12,548,8804,94,93164,255,7764
300,12,548,8804,94,93164,255,7764
300,12,548,8804,94,93164,255,7764
300,12,548,8804,94,93164,255,7764
300,12,548,8804,94,93164,255,7764
300,12,548,8804,94,93164,255,7764
300,12,548,8804,94,93164,255,7764
300,12,548,8804,94,93164,255,7764
300,12,548,8804,94,93164,255,7764
300,12,548,8804,94,93164,255,7764
300,12,548,8804,94,93164,255,7764
300,12,548,8804,94,93164,255,7764
300,12,548,8804,94,93164,255,7764
300,12,548,8804,94,93164,255,7764
300,12,548,8804,94,93164,255,7764
300,12,548,8804,94,93164,255,7764
300,12,548,8804,94,93164,255,7764
300,12,548,8804,94,93164,255,7764
300,12,548,8804,94,93164,255,7764
300,12,548,8804,94,93164,255,7764
300,12,548,8804,94,93164,255,7764
300,12,548,8804,94,93164,255,7764
300,12,548,8804,94,93164,255,7764
300,12,548,8804,94,93164,255,7764
300,12,548,8804,94,93164,255,7764
300,12,548,8804,94,93164,255,7764
300,12,548,8804,94,93164,255,7764
300,12,548,8804,94,93164,255,7764
300,12,548,8804,94,93164,255,7764
300,12,548,8804,94,93164,255,7764
300,12,548,8804,94,93164,255,7764
300,12,548,8804,94,93164,255,7764
300,12,548,8804,94,93164,255,7764
300,12,548,8804,94,93164,255,7764
300,12,548,8804,94,93164,255,7764
300,12,548,8804,94,93164,255,7764
300,12,548,8804,94,93164,255,7764
300,12,548,8804,94,93164,255,7764
300,12,548,8804,94,93164,255,7764
300,12,548,8804,94,93164,255,7764
300,12,548,8804,94,93164,255,7764
300,12,548,8804,94,93164,255,7764
300,12,548,8804,94,93164,255,7764
300,12,548,8804,94,93164,255,7764
300,12,548,8804,94,93164,255,7764
300,12,548,8804,94,93164,255,7764
300,12,548,8804,94,93164,255,7764
300,12,548,8804,94,93164,255,7764
300,12,548,8804,94,93164,255,7764
300,12,548,8804,94,93164,255,7764
300,12,548,8804,94,93164,255,7764
300,12,548,8804,94,93164,255,7764
300,12,548,8804,94,93164,255,7764
300,12,548,8804,94,93164,255,7764
300,12,548,8804,94,93164,255,7764
300,12,548,8804,94,93164,255,7764
300,12,548,8804,94,93164,255,7764
300,12,548,8804,94,93164,255,7764
300,12,548,8804,94,93164,255,7764
300,12,548,8804,94,93164,255,7764
300,12,548,8804,94,93164,255,7764
300,12,548,8804,94,93164,255,7764
300,12,548,8804,94,93164,255,7764
300,12,548,8804,94,93164,255,7764
300,12,548,8804,94,93164,255,7764
300,12,548,8804,94,93164,255,7764
300,12,548,8804,94,93164,255,7764
300,12,548,8804,94,93164,255,7764
300,12,548,8804,94,93164,255,7764
300,12,548,8804,94,93164,255,7764
300,12,548,8804,94,93164,255,7764
300,12,548,8804,94,93164,255,7764
300,12,548,8804,94,93164,255,7764
300,12,548,8804,94,93164,255,7764
300,12,548,8804,94,93164,255,7764
300,12,548,8804,94,93164,255,7764
300,12,548,8804,94,93164,255,7764
300,12,548,8804,94,93164,255,7764
300,12,548,8804,94,93164,255,7764
300,12,548,8804,94,93164,255,7764
300,12,548,8804,94,93164,255,7764
300,12,548,8804,94,93164,255,7764
300,12,548,8804,94,93164,255,7764
300,12,548,8804,94,93164,255,7764
300,12,548,8804,94,93164,255,7764
300,12,548,8804,94,93164,255,7764
300,12,548,8804,94,93164,255,7764
300,12,548,8804,94,93164,255,7764
300,12,548,8804,94,93164,255,7764
300,12,548,8804,94,93164,255,7764
300,12,548,8804,94,93164,255,7764
300,12,548,8804,94,93164,255,7764
300,12,548,8804,94,93164,255,7764
300,12,548,8804,94,93164,255,7764
300,12,548,8804,94,93164,255,7764
300,12,548,8804,94,93164,255,7764
300,12,548,8804,94,93164,255,7764
300,12,548,8804,94,93164,255,7764
300,12,548,8804,94,93164,255,7764
300,12,548,8804,94,93164,255,7764
300,12,548,8804,94,93164,255,7764
300,12,548,8804,94,93164,255,7764
300,12,548,8804,94,93164,255,7764
300,12,548,8804,94,93164,255,7764
300,12,548,8804,94,93164,255,7764
300,12,548,8804,94,93164,255,7764
300,12,548,8804,94,93164,255,7764
300,12,548,8804,94,93164,255,7764
300,12,548,8804,94,93164,255,7764
300,12,548,8804,94,93164,255,7764
300,12,548,8804,94,93164,255,7764
300,12,548,8804,94,93164,255,7764
300,12,548,8804,94,93164,255,7764
300,12,548,8804,94,93164,255,7764
300,12,548,8804,94,93164,255,7764
300,12,548,8804,94,93164,255,7764
300,12,548,8804,94,93164,255,7764
300,12,548,8804,94,93164,255,7764
300,12,548,8804,94,93164,255,7764
300,12,548,8804,94,93164,255,7764
300,12,548,8804,94,93164,255,7764
300,12,548,8804,94,93164,255,7764
300,12,548,8804,94,93164,255,7764
300,12,548,8804,94,93164,255,7764
300,12,548,8804,94,93164,255,7764
300,12,548,8804,94,93164,255,7764
300,12,548,8804,94,93164,255,7764
300,12,548,8804,94,93164,255,7764
300,12,548,8804,94,93164,255,7764
300,12,548,8804,94,93164,255,7764
300,12,548,8804,94,93164,255,7764
300,12,548,8804,94,93164,255,7764
300,12,548,8804,94,93164,255,7764
300,12,548,8804,94,93164,255,7764
300,12,548,8804,94,93164,255,7764
300,12,548,8804,94,93164,255,7764
300,12,548,8804,94,93164,255,7764
300,12,548,8804,94,93164,255,7764
300,12,548,8804,94,93164,255,7764
300,12,548,8804,94,93164,255,7764
300,12,548,8804,94,93164,255,7764
300,12,548,8804,94,93164,255,7764
300,12,548,8804,94,93164,255,7764
300,12,548,8804,94,93164,255,7764
300,12,548,8804,94,93164,255,7764
300,12,548,8804,94,93164,255,7764
300,12,548,8804,94,93164,255,7764
300,12,548,8804,94,93164,255,7764
300,12,548,8804,94,93164,255,7764
300,12,548,8804,94,93164,255,7764
300,12,548,8804,94,93164,255,7764
300,12,548,8804,94,93164,255,7764
300,12,548,8804,94,93164,255,7764
300,12,548,8804,94,93164,255,7764
300,12,548,8804,94,93164,255,7764
300,12,548,8804,94,93164,255,7764
300,12,548,8804,94,93164,255,7764
300,12,548,8804,94,93164,255,7764
300,12,548,8804,94,93164,255,7764
300,12,548,8804,94,93164,255,7764
300,12,548,8804,94,93164,255,7764
300,12,548,8804,94,93164,255,7764
300,12,548,8804,94,93164,255,7764
300,12,548,8804,94,93164,255,7764
300,12,548,8804,94,93164,255,7764
300,12,548,8804,94,93164,255,7764
300,12,548,8804,94,93164,255,7764
300,12,548,8804,94,93164,255,7764
300,12,548,8804,94,93164,255,7764
300,12,548,8804,94,93164,255,7764
300,12,548,8804,94,93164,255,7764
300,12,548,8804,94,93164,255,7764
300,12,548,8804,94,93164,255,7764
300,12,548,8804,94,93164,255,7764
300,12,548,8804,94,93164,255,7764
300,12,548,8804,94,93164,255,7764
300,12,548,8804,94,93164,255,7764
300,12,548,8804,94,93164,255,7764
300,12,548,8804,94,93164,255,7764
300,12,548,8804,94,93164,255,7764
300,12,548,8804,94,93164,255,7764
300,12,548,8804,94,93164,255,7764
300,12,548,8804,94,93164,255,7764
300,12,548,8804,94,93164,255,7764
300,12,548,8804,94,93164,255,7764
300,12,548,8804,94,93164,255,7764
300,12,548,8804,94,93164,255,7764
300,12,548,8804,94,93164,255,7764
300,12,548,8804,94,93164,255,7764
300,12,548,8804,94,93164,255,7764
300,12,548,8804,94,93164,255,7764
300,12,548,8804,94,93164,255,7764
300,12,548,8804,94,93164,255,7764
300,12,548,8804,94,93164,255,7764
300,12,548,8804,94,93164,255,7764
300,12,548,8804,94,93164,255,7764
300,12,548,8804,94,93164,255,7764
300,12,548,8804,94,93164,255,7764
300,12,548,8804,94,93164,255,7764
300,12,548,8804,94,93164,255,7764
300,12,548,8804,94,93164,255,7764
300,12,548,8804,94,93164,255,7764
300,12,548,8804,94,93164,255,7764
300,12,548,8804,94,93164,255,7764
300,12,548,8804,94,93164,255,7764
300,12,548,8804,94,93164,255,7764
300,12,548,8804,94,93164,255,7764
300,12,548,8804,94,93164,255,7764
300,12,548,8804,94,93164,255,7764
300,12,548,8804,94,93164,255,7764
300,12,548,8804,94,93164,255,7764
300,12,548,8804,94,93164,255,7764
300,12,548,8804,94,93164,255,7764
300,12,548,8804,94,93164,255,7764
300,12,548,8804,94,93164,255,7764
300,12,548,8804,94,93164,255,7764
300,12,548,8804,94,93164,255,7764
300,12,548,8804,94,93164,255,7764
300,12,548,8804,94,93164,255,7764
300,12,548,8804,94,93164,255,7764
300,12,548,8804,94,93164,255,7764
300,12,548,8804,94,93164,255,7764
300,12,548,8804,94,93164,255,7764
300,12,548,8804,94,93164,255,7764
300,12,548,8804,94,93164,255,7764
300,12,548,8804,94,93164,255,7764
300,12,548,8804,94,93164,255,7764
300,12,548,8804,94,93164,255,7764
300,12,548,8804,94,93164,255,7764
300,12,548,8804,94,93164,255,7764
300,12,548,8804,94,93164,255,7764
300,12,548,8804,94,93164,255,7764
300,12,548,8804,94,93164,255,7764
300,12,548,8804,94,93164,255,7764
300,12,548,8804,94,93164,255,7764
300,12,548,8804,94,93164,255,7764
300,12,548,8804,94,93164,255,7764
300,12,548,8804,94,93164,255,7764
300,12,548,8804,94,93164,255,7764
300,12,548,8804,94,93164,255,7764
300,12,548,8804,94,93164,255,7764
300,12,548,8804,94,93164,255,7764
300,12,548,8804,94,93164,255,7764
300,12,548,8804,94,93164,255,7764
300,12,548,8804,94,93164,255,7764
300,12,548,8804,94,93164,255,7764
