Time,RSteps,X,Y,Z
120,0,319,897,78,66943,271,1964
120,0,319,897,78,66943,271,1964
120,0,319,897,78,66943,271,1964
120,0,319,897,78,66943,271,1964
120,0,319,897,78,66943,271,1964
120,0,319,897,78,66943,271,1964
120,0,319,897,78,66943,271,1964
120,0,319,897,78,66943,271,1964
120,0,319,897,78,66943,271,1964
120,0,319,897,78,66943,271,1964
120,0,319,897,78,66943,271,1964
120,0,319,897,78,66943,271,1964
120,0,319,897,78,66943,271,1964
120,0,319,897,78,66943,271,1964
120,0,319,897,78,66943,271,1964
120,0,319,897,78,66943,271,1964
120,0,319,897,78,66943,271,1964
120,0,319,897,78,66943,271,1964
120,0,319,897,78,66943,271,1964
120,0,319,897,78,66943,271,1964
120,0,319,897,78,66943,271,1964
120,0,319,897,78,66943,271,1964
120,0,319,897,78,66943,271,1964
120,0,319,897,78,66943,271,1964
120,0,319,897,78,66943,271,1964
120,0,319,897,78,66943,271,1964
120,0,319,897,78,66943,271,1964
120,0,319,897,78,66943,271,1964
120,0,319,897,78,66943,271,1964
120,0,319,897,78,66943,271,1964
120,0,319,897,78,66943,271,1964
120,0,319,897,78,66943,271,1964
120,0,319,897,78,66943,271,1964
120,0,319,897,78,66943,271,1964
120,0,319,897,78,66943,271,1964
120,0,319,897,78,66943,271,1964
120,0,319,897,78,66943,271,1964
120,0,319,897,78,66943,271,1964
120,0,319,897,78,66943,271,1964
120,0,319,897,78,66943,271,1964
120,0,319,897,78,66943,271,1964
120,0,319,897,78,66943,271,1964
120,0,319,897,78,66943,271,1964
120,0,319,897,78,66943,271,1964
120,0,319,897,78,66943,271,1964
120,0,319,897,78,66943,271,1964
120,0,319,897,78,66943,271,1964
120,0,319,897,78,66943,271,1964
120,0,319,897,78,66943,271,1964
120,0,319,897,78,66943,271,1964
120,0,319,897,78,66943,271,1964
120,0,319,897,78,66943,271,1964
120,0,319,897,78,66943,271,1964
120,0,319,897,78,66943,271,1964
120,0,319,897,78,66943,271,1964
120,0,319,897,78,66943,271,1964
120,0,319,897,78,66943,271,1964
120,0,319,897,78,66943,271,1964
120,0,319,897,78,66943,271,1964
120,0,319,897,78,66943,271,1964
120,0,319,897,78,66943,271,1964
120,0,319,897,78,66943,271,1964
120,0,319,897,78,66943,271,1964
120,0,319,897,78,66943,271,1964
120,0,319,897,78,66943,271,1964
120,0,319,897,78,66943,271,1964
120,0,319,897,78,66943,271,1964
120,0,319,897,78,66943,271,1964
120,0,319,897,78,66943,271,1964
120,0,319,897,78,66943,271,1964
120,0,319,897,78,66943,271,1964
120,0,319,897,78,66943,271,1964
120,0,319,897,78,66943,271,1964
120,0,319,897,78,66943,271,1964
120,0,319,897,78,66943,271,1964
120,0,319,897,78,66943,271,1964
120,0,319,897,78,66943,271,1964
120,0,319,897,78,66943,271,1964
120,0,319,897,78,66943,271,1964
120,0,319,897,78,66943,271,1964
120,0,319,897,78,66943,271,1964
120,0,319,897,78,66943,271,1964
120,0,319,897,78,66943,271,1964
120,0,319,897,78,66943,271,1964
120,0,319,897,78,66943,271,1964
120,0,319,897,78,66943,271,1964
120,0,319,897,78,66943,271,1964
120,0,319,897,78,66943,271,1964
120,0,319,897,78,66943,271,1964
120,0,319,897,78,66943,271,1964
120,0,319,897,78,66943,271,1964
120,0,319,897,78,66943,271,1964
120,0,319,897,78,66943,271,1964
120,0,319,897,78,66943,271,1964
120,0,319,897,78,66943,271,1964
120,0,319,897,78,66943,271,1964
120,0,319,897,78,66943,271,1964
120,0,319,897,78,66943,271,1964
120,0,319,897,78,66943,271,1964
120,0,319,897,78,66943,271,1964
120,1,319,897,78,66943,271,1964
120,1,319,897,78,66943,271,1964
120,1,319,9402,78,646,271,3558
120,1,319,9402,78,646,271,3558
120,1,319,9402,78,646,271,3558
120,1,319,9807,78,62402,271,5061
120,1,319,9807,78,62402,271,5061
120,1,319,9807,78,62402,271,5061
120,1,320,0535,78,58447,271,7749
120,1,320,0535,78,58447,271,7749
120,1,320,0535,78,58447,271,7749
120,1,320,1108,78,55322,271,9872
120,1,320,1108,78,55322,271,9872
120,1,320,1108,78,55322,271,9872
120,1,320,1729,78,51953,272,2169
120,1,320,1729,78,51953,272,2169
120,1,320,2275,78,48975,272,4191
120,1,320,2275,78,48975,272,4191
120,1,320,2275,78,48975,272,4191
120,1,320,2791,78,46191,272,6097
120,1,320,2791,78,46191,272,6097
120,1,320,3301,78,43408,272,7988
120,1,320,3301,78,43408,272,7988
120,1,320,3301,78,43408,272,7988
120,1,320,3843,78,40479,272,9993
120,1,320,3843,78,40479,272,9993
120,1,320,4341,78,37793,273,1836
120,1,320,4341,78,37793,273,1836
120,1,320,4341,78,37793,273,1836
120,1,320,4856,78,3501,273,3738
120,1,320,4856,78,3501,273,3738
120,1,320,5403,78,32031,273,5763
120,1,320,5403,78,32031,273,5763
120,1,320,5403,78,32031,273,5763
120,1,320,5972,78,28955,273,7871
120,1,320,5972,78,28955,273,7871
120,1,320,5972,78,28955,273,7871
120,1,320,6504,78,26074,273,9838
120,1,320,6504,78,26074,273,9838
120,1,320,7043,78,23145,274,1833
120,1,320,7043,78,23145,274,1833
120,1,320,7043,78,23145,274,1833
120,1,320,7598,78,20117,274,3885
120,1,320,7598,78,20117,274,3885
120,1,320,7598,78,20117,274,3885
120,1,320,813,78,17236,274,5857
120,1,320,813,78,17236,274,5857
120,1,320,8687,78,14209,274,7916
120,1,320,8687,78,14209,274,7916
120,1,320,8687,78,14209,274,7916
120,1,320,9219,78,11328,274,9888
120,1,320,9219,78,11328,274,9888
120,1,320,9219,78,11328,274,9888
120,1,320,9219,78,11328,274,9888
120,1,320,9739,78,08496,275,1809
120,1,320,9739,78,08496,275,1809
120,1,320,9739,78,08496,275,1809
120,1,321,0168,78,06152,275,3396
120,1,321,0168,78,06152,275,3396
120,1,321,0713,78,03223,275,541
120,1,321,0713,78,03223,275,541
120,1,321,0713,78,03223,275,541
120,1,321,1238,78,00391,275,7349
120,1,321,1238,78,00391,275,7349
120,1,321,1238,78,00391,275,7349
120,1,321,1746,77,97656,275,9229
120,1,321,1746,77,97656,275,9229
120,1,321,229,77,94727,276,1244
120,1,321,229,77,94727,276,1244
120,1,321,229,77,94727,276,1244
120,1,321,2791,77,91992,276,3101
120,1,321,2791,77,91992,276,3101
120,1,321,3313,77,8916,276,5032
120,1,321,3313,77,8916,276,5032
120,1,321,384,77,86279,276,6985
120,1,321,384,77,86279,276,6985
120,1,321,384,77,86279,276,6985
120,1,321,4336,77,83594,276,8816
120,1,321,4336,77,83594,276,8816
120,1,321,4832,77,80908,277,0654
120,1,321,4832,77,80908,277,0654
120,1,321,4832,77,80908,277,0654
120,1,321,5369,77,77979,277,2644
120,1,321,5369,77,77979,277,2644
120,1,321,5369,77,77979,277,2644
120,1,321,594,77,74902,277,4758
120,1,321,594,77,74902,277,4758
120,1,321,6445,77,72168,277,6632
120,1,321,6445,77,72168,277,6632
120,1,321,6445,77,72168,277,6632
120,1,321,697,77,69336,277,8577
120,1,321,697,77,69336,277,8577
120,1,321,7458,77,66699,278,0386
120,1,321,7458,77,66699,278,0386
120,1,321,7458,77,66699,278,0386
120,1,321,7976,77,63916,278,2296
120,1,321,7976,77,63916,278,2296
120,1,321,8484,77,61182,278,4175
120,1,321,8484,77,61182,278,4175
120,1,321,8484,77,61182,278,4175
120,1,321,9021,77,58252,278,6166
120,1,321,9021,77,58252,278,6166
120,1,321,9551,77,55371,278,8127
120,1,321,9551,77,55371,278,8127
120,1,321,9551,77,55371,278,8127
120,1,322,0063,77,52588,279,0022
120,1,322,0063,77,52588,279,0022
120,1,322,0063,77,52588,279,0022
120,1,322,0063,77,52588,279,0022
120,1,322,0063,77,52588,279,0022
120,2,322,0063,77,52588,279,0022
120,2,322,0063,77,52588,279,0022
120,2,322,0063,77,52588,279,0022
120,2,322,0505,77,50195,279,1653
120,2,322,0505,77,50195,279,1653
120,2,322,0505,77,50195,279,1653
120,2,322,0911,77,47998,279,3152
120,2,322,0911,77,47998,279,3152
120,2,322,0911,77,47998,279,3152
120,2,322,1472,77,44971,279,5226
120,2,322,1472,77,44971,279,5226
120,2,322,1995,77,42139,279,7161
120,2,322,1995,77,42139,279,7161
120,2,322,1995,77,42139,279,7161
120,2,322,2517,77,39307,279,9091
120,2,322,2517,77,39307,279,9091
120,2,322,301,77,36621,280,0917
120,2,322,301,77,36621,280,0917
120,2,322,301,77,36621,280,0917
120,2,322,3521,77,33838,280,2808
120,2,322,3521,77,33838,280,2808
120,2,322,4041,77,31006,280,4736
120,2,322,4041,77,31006,280,4736
120,2,322,4041,77,31006,280,4736
120,2,322,4575,77,28125,280,6711
120,2,322,4575,77,28125,280,6711
120,2,322,5117,77,25195,280,8715
120,2,322,5117,77,25195,280,8715
120,2,322,5117,77,25195,280,8715
120,2,322,5647,77,22314,281,0679
120,2,322,5647,77,22314,281,0679
120,2,322,6191,77,19385,281,2689
120,2,322,6191,77,19385,281,2689
120,2,322,6191,77,19385,281,2689
120,2,322,6697,77,1665,281,4563
120,2,322,6697,77,1665,281,4563
120,2,322,72,77,13916,281,6421
120,2,322,72,77,13916,281,6421
120,2,322,72,77,13916,281,6421
120,2,322,7732,77,11035,281,8394
120,2,322,7732,77,11035,281,8394
120,2,322,7732,77,11035,281,8394
120,2,322,8267,77,08154,282,0374
120,2,322,8267,77,08154,282,0374
120,2,322,8826,77,05127,282,2439
120,2,322,8826,77,05127,282,2439
120,2,322,8826,77,05127,282,2439
120,2,322,9353,77,02295,282,4387
120,2,322,9353,77,02295,282,4387
120,2,322,9893,76,99365,282,6384
120,2,322,9893,76,99365,282,6384
120,2,322,9893,76,99365,282,6384
120,2,323,0432,76,96436,282,8384
120,2,323,0432,76,96436,282,8384
120,2,323,0432,76,96436,282,8384
120,2,323,0432,76,96436,282,8384
120,2,323,0432,76,96436,282,8384
120,2,323,0432,76,96436,282,8384
120,2,323,0432,76,96436,282,8384
120,2,323,0432,76,96436,282,8384
120,2,323,0432,76,96436,282,8384
120,2,323,0432,76,96436,282,8384
120,2,323,0432,76,96436,282,8384
120,2,323,0432,76,96436,282,8384
120,2,323,0432,76,96436,282,8384
120,2,323,0432,76,96436,282,8384
120,2,323,0906,76,93848,283,0138
120,2,323,0906,76,93848,283,0138
120,2,323,0906,76,93848,283,0138
120,2,323,1331,76,91553,283,171
120,2,323,1331,76,91553,283,171
120,2,323,1895,76,88477,283,3796
120,2,323,1895,76,88477,283,3796
120,2,323,1895,76,88477,283,3796
120,2,323,2446,76,85498,283,584
120,2,323,2446,76,85498,283,584
120,2,323,2988,76,82568,283,7843
120,2,323,2988,76,82568,283,7843
120,2,323,2988,76,82568,283,7843
120,2,323,3516,76,79736,283,979
120,2,323,3516,76,79736,283,979
120,2,323,3516,76,79736,283,979
120,2,323,4058,76,76807,284,1797
120,2,323,4058,76,76807,284,1797
120,2,323,4058,76,76807,284,1797
120,2,323,4587,76,73926,284,3755
120,2,323,4587,76,73926,284,3755
120,2,323,5183,76,70703,284,5956
120,2,323,5183,76,70703,284,5956
120,2,323,5183,76,70703,284,5956
120,2,323,5718,76,67822,284,793
120,2,323,5718,76,67822,284,793
120,2,323,6228,76,65039,284,9816
120,2,323,6228,76,65039,284,9816
120,2,323,6228,76,65039,284,9816
120,2,323,6765,76,62109,285,1805
120,2,323,6765,76,62109,285,1805
120,2,323,6765,76,62109,285,1805
120,2,323,7268,76,59375,285,3669
120,2,323,7268,76,59375,285,3669
120,2,323,7268,76,59375,285,3669
120,2,323,7268,76,59375,285,3669
120,2,323,7891,76,56006,285,5969
120,2,323,7891,76,56006,285,5969
120,2,323,7891,76,56006,285,5969
120,2,323,8701,76,51611,285,897
120,2,323,8701,76,51611,285,897
120,2,323,8701,76,51611,285,897
120,2,323,9458,76,4751,286,1772
120,2,323,9458,76,4751,286,1772
120,2,324,0012,76,44482,286,3821
120,2,324,0012,76,44482,286,3821
120,2,324,0012,76,44482,286,3821
120,2,324,052,76,41748,286,5696
120,2,324,052,76,41748,286,5696
120,2,324,052,76,41748,286,5696
120,2,324,1086,76,38672,286,7793
120,2,324,1086,76,38672,286,7793
120,2,324,1086,76,38672,286,7793
120,2,324,1086,76,38672,286,7793
120,2,324,1086,76,38672,286,7793
120,2,324,1086,76,38672,286,7793
120,2,324,1086,76,38672,286,7793
120,2,324,1086,76,38672,286,7793
120,2,324,1086,76,38672,286,7793
120,2,324,1086,76,38672,286,7793
120,2,324,1086,76,38672,286,7793
120,2,324,1086,76,38672,286,7793
120,3,324,1086,76,38672,286,7793
120,3,324,1086,76,38672,286,7793
120,3,324,1086,76,38672,286,7793
120,3,324,1086,76,38672,286,7793
120,3,324,1511,76,36377,286,9365
120,3,324,1511,76,36377,286,9365
120,3,324,1926,76,34131,287,0898
120,3,324,1926,76,34131,287,0898
120,3,324,2446,76,31299,287,2823
120,3,324,2446,76,31299,287,2823
120,3,324,2446,76,31299,287,2823
120,3,324,293,76,28662,287,4611
120,3,324,293,76,28662,287,4611
120,3,324,3438,76,25928,287,6488
120,3,324,3438,76,25928,287,6488
120,3,324,3438,76,25928,287,6488
120,3,324,3938,76,23193,287,8337
120,3,324,3938,76,23193,287,8337
120,3,324,4421,76,20557,288,0131
120,3,324,4421,76,20557,288,0131
120,3,324,4922,76,17822,288,1986
120,3,324,4922,76,17822,288,1986
120,3,324,4922,76,17822,288,1986
120,3,324,5417,76,15137,288,3821
120,3,324,5417,76,15137,288,3821
120,3,324,594,76,12305,288,5754
120,3,324,594,76,12305,288,5754
120,3,324,594,76,12305,288,5754
120,3,324,6416,76,09717,288,7515
120,3,324,6416,76,09717,288,7515
120,3,324,6895,76,07129,288,9283
120,3,324,6895,76,07129,288,9283
120,3,324,7395,76,04395,289,1133
120,3,324,7395,76,04395,289,1133
120,3,324,7395,76,04395,289,1133
120,3,324,7878,76,01758,289,2925
120,3,324,7878,76,01758,289,2925
120,3,324,8367,75,99121,289,4736
120,3,324,8367,75,99121,289,4736
120,3,324,8855,75,96484,289,6538
120,3,324,8855,75,96484,289,6538
120,3,324,8855,75,96484,289,6538
120,3,324,9329,75,93896,289,8293
120,3,324,9329,75,93896,289,8293
120,3,324,9849,75,91064,290,0221
120,3,324,9849,75,91064,290,0221
120,3,325,0278,75,88721,290,1807
120,3,325,0278,75,88721,290,1807
120,3,325,0718,75,86328,290,3429
120,3,325,0718,75,86328,290,3429
120,3,325,1172,75,83887,290,5106
120,3,325,1172,75,83887,290,5106
120,3,325,1172,75,83887,290,5106
120,3,325,1624,75,81445,290,678
120,3,325,1624,75,81445,290,678
120,3,325,1624,75,81445,290,678
120,3,325,1624,75,81445,290,678
120,3,325,1624,75,81445,290,678
120,3,325,1624,75,81445,290,678
120,3,325,1624,75,81445,290,678
120,3,325,1624,75,81445,290,678
120,3,325,1624,75,81445,290,678
120,3,325,1624,75,81445,290,678
120,3,325,1624,75,81445,290,678
120,3,325,2656,75,7583,291,0603
120,3,325,2656,75,7583,291,0603
120,3,325,2656,75,7583,291,0603
120,3,325,3108,75,73389,291,2271
120,3,325,3108,75,73389,291,2271
120,3,325,3108,75,73389,291,2271
120,3,325,3647,75,70459,291,4269
120,3,325,3647,75,70459,291,4269
120,3,325,4185,75,67529,291,6255
120,3,325,4185,75,67529,291,6255
120,3,325,4185,75,67529,291,6255
120,3,325,4722,75,646,291,8245
120,3,325,4722,75,646,291,8245
120,3,325,4722,75,646,291,8245
120,3,325,5247,75,61768,292,0182
120,3,325,5247,75,61768,292,0182
120,3,325,5862,75,58447,292,2458
120,3,325,5862,75,58447,292,2458
120,3,325,5862,75,58447,292,2458
120,3,325,6409,75,55469,292,448
120,3,325,6409,75,55469,292,448
120,3,325,6409,75,55469,292,448
120,3,325,6956,75,5249,292,65
120,3,325,6956,75,5249,292,65
120,3,325,7517,75,49463,292,8574
120,3,325,7517,75,49463,292,8574
120,3,325,7517,75,49463,292,8574
120,3,325,8032,75,4668,293,048
120,3,325,8032,75,4668,293,048
120,3,325,856,75,43799,293,243
120,3,325,856,75,43799,293,243
120,3,325,856,75,43799,293,243
120,3,325,9094,75,40918,293,4409
120,3,325,9094,75,40918,293,4409
120,3,325,9595,75,38184,293,6261
120,3,325,9595,75,38184,293,6261
120,3,325,9595,75,38184,293,6261
120,3,326,01,75,35449,293,813
120,3,326,01,75,35449,293,813
120,3,326,0615,75,32666,294,0037
120,3,326,0615,75,32666,294,0037
120,3,326,0615,75,32666,294,0037
120,3,326,1128,75,29883,294,1934
120,3,326,1128,75,29883,294,1934
120,3,326,1616,75,27246,294,374
120,3,326,1616,75,27246,294,374
120,3,326,2104,75,24609,294,5543
120,3,326,2104,75,24609,294,5543
120,3,326,2104,75,24609,294,5543
120,3,326,2576,75,2207,294,7289
120,3,326,2576,75,2207,294,7289
120,3,326,2576,75,2207,294,7289
120,3,326,2576,75,2207,294,7289
120,3,326,2576,75,2207,294,7289
120,3,326,2576,75,2207,294,7289
120,3,326,2576,75,2207,294,7289
120,3,326,2576,75,2207,294,7289
120,3,326,2576,75,2207,294,7289
120,3,326,2576,75,2207,294,7289
120,3,326,2576,75,2207,294,7289
120,3,326,2576,75,2207,294,7289
120,3,326,2576,75,2207,294,7289
120,3,326,2576,75,2207,294,7289
120,3,326,2576,75,2207,294,7289
120,3,326,2576,75,2207,294,7289
120,3,326,2576,75,2207,294,7289
120,3,326,2576,75,2207,294,7289
120,3,326,2576,75,2207,294,7289
120,3,326,2576,75,2207,294,7289
120,3,326,2576,75,2207,294,7289
120,3,326,2576,75,2207,294,7289
120,3,326,2576,75,2207,294,7289
120,3,326,2576,75,2207,294,7289
120,3,326,2576,75,2207,294,7289
120,3,326,2576,75,2207,294,7289
120,3,326,2576,75,2207,294,7289
120,3,326,2576,75,2207,294,7289
120,3,326,2576,75,2207,294,7289
120,3,326,2576,75,2207,294,7289
120,3,326,2576,75,2207,294,7289
120,3,326,2576,75,2207,294,7289
120,3,326,2576,75,2207,294,7289
120,3,326,2576,75,2207,294,7289
120,3,326,2576,75,2207,294,7289
120,3,326,2576,75,2207,294,7289
120,3,326,2576,75,2207,294,7289
120,3,326,2576,75,2207,294,7289
120,3,326,2576,75,2207,294,7289
120,3,326,2576,75,2207,294,7289
120,3,326,2576,75,2207,294,7289
120,3,326,2576,75,2207,294,7289
120,3,326,2576,75,2207,294,7289
120,3,326,2576,75,2207,294,7289
120,3,326,2576,75,2207,294,7289
120,3,326,2576,75,2207,294,7289
120,3,326,2576,75,2207,294,7289
120,3,326,2576,75,2207,294,7289
120,3,326,2576,75,2207,294,7289
120,3,326,2576,75,2207,294,7289
120,3,326,2576,75,2207,294,7289
120,3,326,2576,75,2207,294,7289
120,3,326,2576,75,2207,294,7289
120,3,326,2576,75,2207,294,7289
120,3,326,2576,75,2207,294,7289
120,3,326,2576,75,2207,294,7289
120,3,326,2576,75,2207,294,7289
120,3,326,2576,75,2207,294,7289
120,3,326,2576,75,2207,294,7289
120,3,326,2576,75,2207,294,7289
120,3,326,2576,75,2207,294,7289
120,3,326,2576,75,2207,294,7289
120,3,326,2576,75,2207,294,7289
120,3,326,2576,75,2207,294,7289
120,3,326,2576,75,2207,294,7289
120,3,326,2576,75,2207,294,7289
120,3,326,2576,75,2207,294,7289
120,3,326,2576,75,2207,294,7289
120,3,326,2576,75,2207,294,7289
120,3,326,2576,75,2207,294,7289
120,3,326,2576,75,2207,294,7289
120,3,326,2576,75,2207,294,7289
120,3,326,2576,75,2207,294,7289
120,3,326,2576,75,2207,294,7289
120,3,326,2576,75,2207,294,7289
120,3,326,2576,75,2207,294,7289
120,3,326,2576,75,2207,294,7289
120,3,326,2576,75,2207,294,7289
120,3,326,2576,75,2207,294,7289
120,3,326,2576,75,2207,294,7289
120,3,326,2576,75,2207,294,7289
120,3,326,2576,75,2207,294,7289
120,3,326,2576,75,2207,294,7289
120,3,326,2576,75,2207,294,7289
120,3,326,2576,75,2207,294,7289
120,3,326,2576,75,2207,294,7289
120,3,326,2576,75,2207,294,7289
120,3,326,2576,75,2207,294,7289
120,3,326,2576,75,2207,294,7289
120,3,326,2576,75,2207,294,7289
120,3,326,2576,75,2207,294,7289
120,3,326,2576,75,2207,294,7289
120,3,326,2576,75,2207,294,7289
120,3,326,2576,75,2207,294,7289
120,3,326,2576,75,2207,294,7289
120,3,326,2576,75,2207,294,7289
120,3,326,2576,75,2207,294,7289
120,3,326,2576,75,2207,294,7289
120,3,326,2576,75,2207,294,7289
120,3,326,2576,75,2207,294,7289
120,3,326,2576,75,2207,294,7289
120,3,326,2576,75,2207,294,7289
120,3,326,2576,75,2207,294,7289
120,3,326,2576,75,2207,294,7289
120,3,326,2576,75,2207,294,7289
120,3,326,2576,75,2207,294,7289
120,3,326,2576,75,2207,294,7289
120,3,326,2576,75,2207,294,7289
120,3,326,2576,75,2207,294,7289
120,3,326,2576,75,2207,294,7289
120,3,326,2576,75,2207,294,7289
120,3,326,2576,75,2207,294,7289
120,3,326,2576,75,2207,294,7289
120,3,326,2576,75,2207,294,7289
120,3,326,2576,75,2207,294,7289
120,3,326,2576,75,2207,294,7289
120,3,326,2576,75,2207,294,7289
120,3,326,2576,75,2207,294,7289
120,3,326,2576,75,2207,294,7289
120,3,326,2576,75,2207,294,7289
120,3,326,2576,75,2207,294,7289
120,3,326,2576,75,2207,294,7289
120,3,326,2576,75,2207,294,7289
120,3,326,2576,75,2207,294,7289
120,3,326,2576,75,2207,294,7289
120,3,326,2576,75,2207,294,7289
120,3,326,2576,75,2207,294,7289
120,3,326,2576,75,2207,294,7289
120,3,326,2576,75,2207,294,7289
120,3,326,2576,75,2207,294,7289
120,3,326,2576,75,2207,294,7289
120,3,326,2576,75,2207,294,7289
120,3,326,2576,75,2207,294,7289
120,3,326,2576,75,2207,294,7289
120,3,326,2576,75,2207,294,7289
120,3,326,2576,75,2207,294,7289
120,3,326,2576,75,2207,294,7289
120,3,326,2576,75,2207,294,7289
120,3,326,2576,75,2207,294,7289
120,3,326,2576,75,2207,294,7289
120,3,326,2576,75,2207,294,7289
120,3,326,2576,75,2207,294,7289
120,3,326,2576,75,2207,294,7289
120,3,326,2576,75,2207,294,7289
120,3,326,2576,75,2207,294,7289
120,3,326,2576,75,2207,294,7289
120,3,326,2576,75,2207,294,7289
120,3,326,2576,75,2207,294,7289
120,3,326,2576,75,2207,294,7289
120,3,326,2576,75,2207,294,7289
120,3,326,2576,75,2207,294,7289
120,3,326,2576,75,2207,294,7289
120,3,326,2576,75,2207,294,7289
120,3,326,2576,75,2207,294,7289
120,3,326,2576,75,2207,294,7289
120,3,326,2576,75,2207,294,7289
120,3,326,2576,75,2207,294,7289
120,3,326,2576,75,2207,294,7289
120,3,326,2576,75,2207,294,7289
120,3,326,2576,75,2207,294,7289
120,3,326,2576,75,2207,294,7289
120,3,326,2576,75,2207,294,7289
120,3,326,2576,75,2207,294,7289
120,3,326,2576,75,2207,294,7289
120,3,326,2576,75,2207,294,7289
120,3,326,2576,75,2207,294,7289
120,3,326,2576,75,2207,294,7289
120,3,326,2576,75,2207,294,7289
120,3,326,2576,75,2207,294,7289
120,3,326,2576,75,2207,294,7289
120,3,326,2576,75,2207,294,7289
120,3,326,2576,75,2207,294,7289
120,3,326,2576,75,2207,294,7289
120,3,326,2576,75,2207,294,7289
120,3,326,2576,75,2207,294,7289
120,3,326,2576,75,2207,294,7289
120,3,326,2576,75,2207,294,7289
120,3,326,2576,75,2207,294,7289
120,3,326,2576,75,2207,294,7289
120,3,326,2576,75,2207,294,7289
120,3,326,2576,75,2207,294,7289
120,3,326,2576,75,2207,294,7289
120,3,326,2576,75,2207,294,7289
120,3,326,2576,75,2207,294,7289
120,3,326,2576,75,2207,294,7289
120,3,326,2576,75,2207,294,7289
120,3,326,2576,75,2207,294,7289
120,3,326,2576,75,2207,294,7289
120,3,326,2576,75,2207,294,7289
120,3,326,2576,75,2207,294,7289
120,3,326,2576,75,2207,294,7289
120,3,326,2576,75,2207,294,7289
120,3,326,2576,75,2207,294,7289
120,3,326,2576,75,2207,294,7289
120,3,326,2576,75,2207,294,7289
120,3,326,2576,75,2207,294,7289
120,3,326,2576,75,2207,294,7289
120,3,326,2576,75,2207,294,7289
120,3,326,2576,75,2207,294,7289
120,3,326,2576,75,2207,294,7289
120,3,326,2576,75,2207,294,7289
120,3,326,2576,75,2207,294,7289
120,3,326,2576,75,2207,294,7289
120,3,326,2576,75,2207,294,7289
120,3,326,2576,75,2207,294,7289
120,3,326,2576,75,2207,294,7289
120,3,326,2576,75,2207,294,7289
120,3,326,2576,75,2207,294,7289
120,3,326,2576,75,2207,294,7289
120,3,326,2576,75,2207,294,7289
120,3,326,2576,75,2207,294,7289
120,3,326,2576,75,2207,294,7289
120,3,326,2576,75,2207,294,7289
120,3,326,2576,75,2207,294,7289
120,3,326,2576,75,2207,294,7289
120,3,326,2576,75,2207,294,7289
120,3,326,2576,75,2207,294,7289
120,3,326,2576,75,2207,294,7289
120,3,326,2576,75,2207,294,7289
120,3,326,2576,75,2207,294,7289
120,3,326,2576,75,2207,294,7289
120,3,326,2576,75,2207,294,7289
120,3,326,2576,75,2207,294,7289
120,3,326,2576,75,2207,294,7289
120,3,326,2576,75,2207,294,7289
120,3,326,2576,75,2207,294,7289
120,3,326,2576,75,2207,294,7289
120,3,326,2576,75,2207,294,7289
120,3,326,2576,75,2207,294,7289
120,3,326,2576,75,2207,294,7289
120,3,326,2576,75,2207,294,7289
120,3,326,2576,75,2207,294,7289
120,3,326,2576,75,2207,294,7289
120,3,326,2576,75,2207,294,7289
120,3,326,2576,75,2207,294,7289
120,3,326,2576,75,2207,294,7289
120,3,326,2576,75,2207,294,7289
120,3,326,2576,75,2207,294,7289
120,3,326,2576,75,2207,294,7289
120,3,326,2576,75,2207,294,7289
120,3,326,2576,75,2207,294,7289
120,3,326,2576,75,2207,294,7289
120,3,326,2576,75,2207,294,7289
120,3,326,2576,75,2207,294,7289
120,3,326,2576,75,2207,294,7289
120,3,326,2576,75,2207,294,7289
120,3,326,2576,75,2207,294,7289
120,3,326,2576,75,2207,294,7289
120,3,326,2576,75,2207,294,7289
120,3,326,2576,75,2207,294,7289
120,3,326,2576,75,2207,294,7289
120,3,326,2576,75,2207,294,7289
120,3,326,2576,75,2207,294,7289
120,3,326,2576,75,2207,294,7289
120,3,326,2576,75,2207,294,7289
120,3,326,2576,75,2207,294,7289
120,3,326,2576,75,2207,294,7289
120,3,326,2576,75,2207,294,7289
120,3,326,2576,75,2207,294,7289
120,3,326,2576,75,2207,294,7289
120,3,326,2576,75,2207,294,7289
120,3,326,2576,75,2207,294,7289
120,3,326,2576,75,2207,294,7289
120,3,326,2576,75,2207,294,7289
120,3,326,2576,75,2207,294,7289
120,3,326,2576,75,2207,294,7289
120,3,326,2576,75,2207,294,7289
120,3,326,2576,75,2207,294,7289
120,3,326,2576,75,2207,294,7289
120,3,326,2576,75,2207,294,7289
120,3,326,2576,75,2207,294,7289
120,3,326,2576,75,2207,294,7289
120,3,326,2576,75,2207,294,7289
120,3,326,2576,75,2207,294,7289
120,3,326,2576,75,2207,294,7289
120,3,326,2576,75,2207,294,7289
120,3,326,2576,75,2207,294,7289
120,3,326,2576,75,2207,294,7289
120,3,326,2576,75,2207,294,7289
120,3,326,2576,75,2207,294,7289
120,3,326,2576,75,2207,294,7289
120,3,326,2576,75,2207,294,7289
120,3,326,2576,75,2207,294,7289
120,3,326,2576,75,2207,294,7289
120,3,326,2576,75,2207,294,7289
120,3,326,2576,75,2207,294,7289
120,3,326,2576,75,2207,294,7289
120,3,326,2576,75,2207,294,7289
120,3,326,2576,75,2207,294,7289
120,3,326,2576,75,2207,294,7289
120,3,326,2576,75,2207,294,7289
120,3,326,2576,75,2207,294,7289
120,3,326,2576,75,2207,294,7289
120,3,326,2576,75,2207,294,7289
120,3,326,2576,75,2207,294,7289
120,3,326,2576,75,2207,294,7289
120,3,326,2576,75,2207,294,7289
120,3,326,2576,75,2207,294,7289
120,3,326,2576,75,2207,294,7289
120,3,326,2576,75,2207,294,7289
120,3,326,2576,75,2207,294,7289
120,3,326,2576,75,2207,294,7289
120,3,326,2576,75,2207,294,7289
120,3,326,2576,75,2207,294,7289
120,3,326,2576,75,2207,294,7289
120,3,326,2576,75,2207,294,7289
120,3,326,2576,75,2207,294,7289
120,3,326,2576,75,2207,294,7289
120,3,326,2576,75,2207,294,7289
120,3,326,2576,75,2207,294,7289
120,3,326,2576,75,2207,294,7289
120,3,326,2576,75,2207,294,7289
120,4,326,2576,75,2207,294,7289
120,4,326,2576,75,2207,294,7289
120,4,326,2576,75,2207,294,7289
120,4,326,2959,75,19971,294,8711
120,4,326,2959,75,19971,294,8711
120,4,326,2959,75,19971,294,8711
120,4,326,3337,75,1792,295,0112
120,4,326,3337,75,1792,295,0112
120,4,326,3845,75,15186,295,1989
120,4,326,3845,75,15186,295,1989
120,4,326,3845,75,15186,295,1989
120,4,326,4407,75,12158,295,4066
120,4,326,4407,75,12158,295,4066
120,4,326,4897,75,09473,295,5885
120,4,326,4897,75,09473,295,5885
120,4,326,5374,75,06885,295,7649
120,4,326,5374,75,06885,295,7649
120,4,326,5374,75,06885,295,7649
120,4,326,5854,75,04297,295,9427
120,4,326,5854,75,04297,295,9427
120,4,326,6335,75,0166,296,1211
120,4,326,6335,75,0166,296,1211
120,4,326,6335,75,0166,296,1211
120,4,326,6831,74,98975,296,3044
120,4,326,6831,74,98975,296,3044
120,4,326,7334,74,9624,296,4905
120,4,326,7334,74,9624,296,4905
120,4,326,7847,74,93457,296,6799
120,4,326,7847,74,93457,296,6799
120,4,326,7847,74,93457,296,6799
120,4,326,8345,74,90771,296,8641
120,4,326,8345,74,90771,296,8641
120,4,326,8831,74,88135,297,0435
120,4,326,8831,74,88135,297,0435
120,4,326,8831,74,88135,297,0435
120,4,326,9338,74,854,297,231
120,4,326,9338,74,854,297,231
120,4,326,9824,74,82764,297,4108
120,4,326,9824,74,82764,297,4108
120,4,327,0327,74,80029,297,5967
120,4,327,0327,74,80029,297,5967
120,4,327,0327,74,80029,297,5967
120,4,327,0825,74,77344,297,7808
120,4,327,0825,74,77344,297,7808
120,4,327,1313,74,74707,297,9615
120,4,327,1313,74,74707,297,9615
120,4,327,1313,74,74707,297,9615
120,4,327,1819,74,71973,298,1482
120,4,327,1819,74,71973,298,1482
120,4,327,2327,74,69238,298,3363
120,4,327,2327,74,69238,298,3363
120,4,327,2805,74,6665,298,5132
120,4,327,2805,74,6665,298,5132
120,4,327,2805,74,6665,298,5132
120,4,327,3291,74,64014,298,6932
120,4,327,3291,74,64014,298,6932
120,4,327,3774,74,61377,298,8718
120,4,327,3774,74,61377,298,8718
120,4,327,3774,74,61377,298,8718
120,4,327,429,74,58594,299,0623
120,4,327,429,74,58594,299,0623
120,4,327,4832,74,55664,299,2628
120,4,327,4832,74,55664,299,2628
120,4,327,4832,74,55664,299,2628
120,4,327,5327,74,52979,299,446
120,4,327,5327,74,52979,299,446
120,4,327,5823,74,50293,299,6298
120,4,327,5823,74,50293,299,6298
120,4,327,6321,74,47607,299,814
120,4,327,6321,74,47607,299,814
120,4,327,6321,74,47607,299,814
120,4,327,6824,74,44873,299,9999
120,4,327,6824,74,44873,299,9999
120,4,327,731,74,42236,300,1794
120,4,327,731,74,42236,300,1794
120,4,327,731,74,42236,300,1794
120,4,327,781,74,39502,300,3649
120,4,327,781,74,39502,300,3649
120,4,327,8298,74,36865,300,5457
120,4,327,8298,74,36865,300,5457
120,4,327,8298,74,36865,300,5457
120,4,327,8831,74,33984,300,7424
120,4,327,8831,74,33984,300,7424
120,4,327,9348,74,31201,300,9338
120,4,327,9348,74,31201,300,9338
120,4,327,9348,74,31201,300,9338
120,4,327,9895,74,28223,301,1365
120,4,327,9895,74,28223,301,1365
120,4,328,0437,74,25293,301,3367
120,4,328,0437,74,25293,301,3367
120,4,328,0437,74,25293,301,3367
120,4,328,094,74,22559,301,5231
120,4,328,094,74,22559,301,5231
120,4,328,1475,74,19678,301,7211
120,4,328,1475,74,19678,301,7211
120,4,328,1475,74,19678,301,7211
120,4,328,1992,74,16895,301,9124
120,4,328,1992,74,16895,301,9124
120,4,328,251,74,14063,302,1042
120,4,328,251,74,14063,302,1042
120,4,328,251,74,14063,302,1042
120,4,328,301,74,11328,302,2892
120,4,328,301,74,11328,302,2892
120,4,328,3506,74,08643,302,4724
120,4,328,3506,74,08643,302,4724
120,4,328,3506,74,08643,302,4724
120,4,328,4031,74,05811,302,6663
120,4,328,4031,74,05811,302,6663
120,4,328,4031,74,05811,302,6663
120,4,328,4031,74,05811,302,6663
120,4,328,4031,74,05811,302,6663
120,5,328,4031,74,05811,302,6663
120,5,328,4031,74,05811,302,6663
120,5,328,4031,74,05811,302,6663
120,5,328,4436,74,03613,302,8159
120,5,328,4436,74,03613,302,8159
120,5,328,4841,74,01416,302,9663
120,5,328,4841,74,01416,302,9663
120,5,328,4841,74,01416,302,9663
120,5,328,5359,73,98584,303,1581
120,5,328,5359,73,98584,303,1581
120,5,328,5854,73,95898,303,3418
120,5,328,5854,73,95898,303,3418
120,5,328,5854,73,95898,303,3418
120,5,328,6365,73,93115,303,5302
120,5,328,6365,73,93115,303,5302
120,5,328,6865,73,9043,303,715
120,5,328,6865,73,9043,303,715
120,5,328,7356,73,87744,303,8966
120,5,328,7356,73,87744,303,8966
120,5,328,7356,73,87744,303,8966
120,5,328,7842,73,85107,304,0767
120,5,328,7842,73,85107,304,0767
120,5,328,834,73,82422,304,2606
120,5,328,834,73,82422,304,2606
120,5,328,834,73,82422,304,2606
120,5,328,887,73,79541,304,4569
120,5,328,887,73,79541,304,4569
120,5,328,9358,73,76904,304,6379
120,5,328,9358,73,76904,304,6379
120,5,328,9358,73,76904,304,6379
120,5,328,9856,73,74219,304,8221
120,5,328,9856,73,74219,304,8221
120,5,329,0332,73,71631,304,9983
120,5,329,0332,73,71631,304,9983
120,5,329,0823,73,68945,305,1797
120,5,329,0823,73,68945,305,1797
120,5,329,0823,73,68945,305,1797
120,5,329,1304,73,66357,305,3577
120,5,329,1304,73,66357,305,3577
120,5,329,1804,73,63672,305,5424
120,5,329,1804,73,63672,305,5424
120,5,329,1804,73,63672,305,5424
120,5,329,2297,73,60986,305,7252
120,5,329,2297,73,60986,305,7252
120,5,329,2847,73,58008,305,9281
120,5,329,2847,73,58008,305,9281
120,5,329,332,73,5542,306,1036
120,5,329,332,73,5542,306,1036
120,5,329,332,73,5542,306,1036
120,5,329,3843,73,52588,306,2974
120,5,329,3843,73,52588,306,2974
120,5,329,4336,73,49902,306,4797
120,5,329,4336,73,49902,306,4797
120,5,329,4336,73,49902,306,4797
120,5,329,4336,73,49902,306,4797
120,5,329,4336,73,49902,306,4797
120,5,329,4336,73,49902,306,4797
120,5,329,4336,73,49902,306,4797
120,5,329,4336,73,49902,306,4797
120,5,329,4336,73,49902,306,4797
120,5,329,4336,73,49902,306,4797
120,5,329,4336,73,49902,306,4797
120,5,329,4336,73,49902,306,4797
120,5,329,4336,73,49902,306,4797
120,5,329,4746,73,47656,306,6313
120,5,329,4746,73,47656,306,6313
120,5,329,4746,73,47656,306,6313
120,5,329,5171,73,45361,306,7886
120,5,329,5171,73,45361,306,7886
120,5,329,5713,73,42432,306,9894
120,5,329,5713,73,42432,306,9894
120,5,329,5713,73,42432,306,9894
120,5,329,6228,73,39648,307,1797
120,5,329,6228,73,39648,307,1797
120,5,329,6765,73,36719,307,3787
120,5,329,6765,73,36719,307,3787
120,5,329,6765,73,36719,307,3787
120,5,329,7319,73,33691,307,5839
120,5,329,7319,73,33691,307,5839
120,5,329,7319,73,33691,307,5839
120,5,329,7847,73,30811,307,7791
120,5,329,7847,73,30811,307,7791
120,5,329,8413,73,27734,307,9883
120,5,329,8413,73,27734,307,9883
120,5,329,8413,73,27734,307,9883
120,5,329,8948,73,24854,308,1862
120,5,329,8948,73,24854,308,1862
120,5,329,8948,73,24854,308,1862
120,5,329,9478,73,21973,308,3818
120,5,329,9478,73,21973,308,3818
120,5,330,0061,73,18799,308,5973
120,5,330,0061,73,18799,308,5973
120,5,330,0061,73,18799,308,5973
120,5,330,0601,73,15869,308,797
120,5,330,0601,73,15869,308,797
120,5,330,0601,73,15869,308,797
120,5,330,1184,73,12695,309,0127
120,5,330,1184,73,12695,309,0127
120,5,330,1726,73,09766,309,2134
120,5,330,1726,73,09766,309,2134
120,5,330,1726,73,09766,309,2134
120,5,330,2261,73,06885,309,4114
120,5,330,2261,73,06885,309,4114
120,5,330,281,73,03906,309,6147
120,5,330,281,73,03906,309,6147
120,5,330,281,73,03906,309,6147
120,5,330,3337,73,01025,309,8103
120,5,330,3337,73,01025,309,8103
120,5,330,3337,73,01025,309,8103
120,5,330,3899,72,97949,310,0184
120,5,330,3899,72,97949,310,0184
120,5,330,4421,72,95117,310,2119
120,5,330,4421,72,95117,310,2119
120,5,330,4421,72,95117,310,2119
120,5,330,4954,72,92236,310,4092
120,5,330,4954,72,92236,310,4092
120,5,330,4954,72,92236,310,4092
120,5,330,4954,72,92236,310,4092
120,5,330,4954,72,92236,310,4092
120,5,330,4954,72,92236,310,4092
120,5,330,4954,72,92236,310,4092
120,5,330,4954,72,92236,310,4092
120,5,330,4954,72,92236,310,4092
120,5,330,4954,72,92236,310,4092
120,5,330,4954,72,92236,310,4092
120,5,330,4954,72,92236,310,4092
120,6,330,4954,72,92236,310,4092
120,6,330,4954,72,92236,310,4092
120,6,330,4954,72,92236,310,4092
120,6,330,5386,72,89893,310,569
120,6,330,5386,72,89893,310,569
120,6,330,5386,72,89893,310,569
120,6,330,5806,72,87598,310,7241
120,6,330,5806,72,87598,310,7241
120,6,330,6409,72,84326,310,947
120,6,330,6409,72,84326,310,947
120,6,330,6409,72,84326,310,947
120,6,330,6907,72,81641,311,1318
120,6,330,6907,72,81641,311,1318
120,6,330,6907,72,81641,311,1318
120,6,330,7466,72,78613,311,3389
120,6,330,7466,72,78613,311,3389
120,6,330,7983,72,7583,311,5303
120,6,330,7983,72,7583,311,5303
120,6,330,7983,72,7583,311,5303
120,6,330,7983,72,7583,311,5303
120,6,330,8464,72,73193,311,7085
120,6,330,8464,72,73193,311,7085
120,6,330,8464,72,73193,311,7085
120,6,330,9221,72,69092,311,988
120,6,330,9221,72,69092,311,988
120,6,330,9221,72,69092,311,988
120,6,330,9885,72,65479,312,2341
120,6,330,9885,72,65479,312,2341
120,6,330,9885,72,65479,312,2341
120,6,331,0498,72,62158,312,4611
120,6,331,0498,72,62158,312,4611
120,6,331,1104,72,58887,312,6848
120,6,331,1104,72,58887,312,6848
120,6,331,1104,72,58887,312,6848
120,6,331,1643,72,55957,312,8843
120,6,331,1643,72,55957,312,8843
120,6,331,2175,72,53076,313,0813
120,6,331,2175,72,53076,313,0813
120,6,331,2175,72,53076,313,0813
120,6,331,2708,72,50195,313,2783
120,6,331,2708,72,50195,313,2783
120,6,331,3213,72,47461,313,4652
120,6,331,3213,72,47461,313,4652
120,6,331,3213,72,47461,313,4652
120,6,331,374,72,4458,313,6606
120,6,331,374,72,4458,313,6606
120,6,331,4231,72,41943,313,842
120,6,331,4231,72,41943,313,842
120,6,331,4707,72,39355,314,0183
120,6,331,4707,72,39355,314,0183
120,6,331,4707,72,39355,314,0183
120,6,331,5186,72,36768,314,1957
120,6,331,5186,72,36768,314,1957
120,6,331,5649,72,34277,314,3672
120,6,331,5649,72,34277,314,3672
120,6,331,5649,72,34277,314,3672
120,6,331,5649,72,34277,314,3672
120,6,331,5649,72,34277,314,3672
120,6,331,5649,72,34277,314,3672
120,6,331,5649,72,34277,314,3672
120,6,331,5649,72,34277,314,3672
120,6,331,5649,72,34277,314,3672
120,6,331,5649,72,34277,314,3672
120,6,331,5649,72,34277,314,3672
120,6,331,6077,72,31982,314,5253
120,6,331,6077,72,31982,314,5253
120,6,331,6433,72,30029,314,657
120,6,331,6433,72,30029,314,657
120,6,331,689,72,27539,314,8262
120,6,331,689,72,27539,314,8262
120,6,331,7314,72,25244,314,9836
120,6,331,7314,72,25244,314,9836
120,6,331,7761,72,22803,315,1489
120,6,331,7761,72,22803,315,1489
120,6,331,8206,72,2041,315,313
120,6,331,8206,72,2041,315,313
120,6,331,8206,72,2041,315,313
120,6,331,863,72,18115,315,4701
120,6,331,863,72,18115,315,4701
120,6,331,9058,72,15771,315,6283
120,6,331,9058,72,15771,315,6283
120,6,331,9509,72,1333,315,7954
120,6,331,9509,72,1333,315,7954
120,6,331,9944,72,10986,315,9561
120,6,331,9944,72,10986,315,9561
120,6,332,0371,72,08691,316,114
120,6,332,0371,72,08691,316,114
120,6,332,0793,72,06396,316,2701
120,6,332,0793,72,06396,316,2701
120,6,332,1226,72,04053,316,4298
120,6,332,1226,72,04053,316,4298
120,6,332,1643,72,01807,316,5842
120,6,332,1643,72,01807,316,5842
120,6,332,2061,71,99561,316,7388
120,6,332,2061,71,99561,316,7388
120,6,332,2495,71,97217,316,8998
120,6,332,2495,71,97217,316,8998
120,6,332,291,71,94971,317,0537
120,6,332,291,71,94971,317,0537
120,6,332,3352,71,92578,317,2169
120,6,332,3352,71,92578,317,2169
120,6,332,3352,71,92578,317,2169
120,6,332,3796,71,90186,317,3815
120,6,332,3796,71,90186,317,3815
120,6,332,4226,71,87842,317,5405
120,6,332,4226,71,87842,317,5405
120,6,332,4675,71,854,317,7067
120,6,332,4675,71,854,317,7067
120,6,332,5095,71,83105,317,8621
120,6,332,5095,71,83105,317,8621
120,6,332,5522,71,80811,318,02
120,6,332,5522,71,80811,318,02
120,6,332,5945,71,78516,318,1763
120,6,332,5945,71,78516,318,1763
120,6,332,5945,71,78516,318,1763
120,6,332,6377,71,76172,318,3362
120,6,332,6377,71,76172,318,3362
120,6,332,6377,71,76172,318,3362
120,6,332,6377,71,76172,318,3362
120,6,332,6377,71,76172,318,3362
120,6,332,6377,71,76172,318,3362
120,6,332,6377,71,76172,318,3362
120,6,332,6377,71,76172,318,3362
120,6,332,6377,71,76172,318,3362
120,6,332,6377,71,76172,318,3362
120,6,332,6377,71,76172,318,3362
120,6,332,6377,71,76172,318,3362
120,6,332,6377,71,76172,318,3362
120,6,332,6377,71,76172,318,3362
120,6,332,6377,71,76172,318,3362
120,7,332,6377,71,76172,318,3362
120,7,332,6377,71,76172,318,3362
120,7,332,6377,71,76172,318,3362
120,7,332,6685,71,74512,318,4498
120,7,332,6685,71,74512,318,4498
120,7,332,7024,71,72656,318,5757
120,7,332,7024,71,72656,318,5757
120,7,332,7449,71,70361,318,7329
120,7,332,7856,71,68164,318,8837
120,7,332,7856,71,68164,318,8837
120,7,332,8169,71,66455,318,9991
120,7,332,8169,71,66455,318,9991
120,7,332,8474,71,64795,319,1119
120,7,332,8474,71,64795,319,1119
120,7,332,8474,71,64795,319,1119
120,7,332,9021,71,61816,319,3145
120,7,332,9021,71,61816,319,3145
120,7,332,9543,71,58984,319,5076
120,7,332,9543,71,58984,319,5076
120,7,332,9543,71,58984,319,5076
120,7,333,0071,71,56104,319,703
120,7,333,0071,71,56104,319,703
120,7,333,0071,71,56104,319,703
120,7,333,0608,71,53174,319,9014
120,7,333,0608,71,53174,319,9014
120,7,333,1165,71,50146,320,1072
120,7,333,1165,71,50146,320,1072
120,7,333,1165,71,50146,320,1072
120,7,333,1677,71,47363,320,2972
120,7,333,1677,71,47363,320,2972
120,7,333,218,71,44629,320,4838
120,7,333,218,71,44629,320,4838
120,7,333,218,71,44629,320,4838
120,7,333,2761,71,41455,320,6992
120,7,333,2761,71,41455,320,6992
120,7,333,2761,71,41455,320,6992
120,7,333,3335,71,3833,320,9116
120,7,333,3335,71,3833,320,9116
120,7,333,3335,71,3833,320,9116
120,7,333,3967,71,34912,321,1458
120,7,333,3967,71,34912,321,1458
120,7,333,3967,71,34912,321,1458
120,7,333,4541,71,31787,321,3578
120,7,333,4541,71,31787,321,3578
120,7,333,5081,71,28857,321,5573
120,7,333,5081,71,28857,321,5573
120,7,333,5081,71,28857,321,5573
120,7,333,5645,71,25781,321,7656
120,7,333,5645,71,25781,321,7656
120,7,333,5645,71,25781,321,7656
120,7,333,627,71,22412,321,9966
120,7,333,627,71,22412,321,9966
120,7,333,627,71,22412,321,9966
120,7,333,627,71,22412,321,9966
120,7,333,6919,71,18896,322,2366
120,7,333,6919,71,18896,322,2366
120,7,333,6919,71,18896,322,2366
120,7,333,6919,71,18896,322,2366
120,7,333,6919,71,18896,322,2366
120,7,333,7559,71,1543,322,4729
120,7,333,7559,71,1543,322,4729
120,7,333,7559,71,1543,322,4729
120,7,333,8076,71,12646,322,6643
120,7,333,8076,71,12646,322,6643
120,7,333,8076,71,12646,322,6643
120,7,333,8076,71,12646,322,6643
120,7,333,8076,71,12646,322,6643
120,7,333,8713,71,0918,322,8995
120,7,333,8713,71,0918,322,8995
120,7,333,8713,71,0918,322,8995
120,7,333,8713,71,0918,322,8995
120,7,333,9746,71,03564,323,2819
120,7,333,9746,71,03564,323,2819
120,7,333,9746,71,03564,323,2819
120,7,334,0447,70,99756,323,5408
120,7,334,0447,70,99756,323,5408
120,7,334,0447,70,99756,323,5408
120,7,334,0447,70,99756,323,5408
120,7,334,116,70,95898,323,8044
120,7,334,116,70,95898,323,8044
120,7,334,116,70,95898,323,8044
120,7,334,1855,70,92139,324,0618
120,7,334,1855,70,92139,324,0618
120,7,334,1855,70,92139,324,0618
120,7,334,1855,70,92139,324,0618
120,7,334,2625,70,87988,324,3464
120,7,334,2625,70,87988,324,3464
120,7,334,2625,70,87988,324,3464
120,7,334,3271,70,84473,324,5858
120,7,334,3271,70,84473,324,5858
120,7,334,3271,70,84473,324,5858
120,7,334,3975,70,80664,324,8461
120,7,334,3975,70,80664,324,8461
120,7,334,3975,70,80664,324,8461
120,7,334,4595,70,77295,325,0754
120,7,334,4595,70,77295,325,0754
120,7,334,4595,70,77295,325,0754
120,7,334,5203,70,73975,325,3003
120,7,334,5203,70,73975,325,3003
120,7,334,5203,70,73975,325,3003
120,7,334,5203,70,73975,325,3003
120,7,334,5916,70,70117,325,5637
120,7,334,5916,70,70117,325,5637
120,7,334,5916,70,70117,325,5637
120,7,334,6602,70,66406,325,8177
120,7,334,6602,70,66406,325,8177
120,7,334,6602,70,66406,325,8177
120,7,334,7317,70,62549,326,082
120,7,334,7317,70,62549,326,082
120,7,334,7317,70,62549,326,082
120,7,334,7317,70,62549,326,082
120,7,334,7317,70,62549,326,082
120,8,334,7317,70,62549,326,082
120,8,334,7317,70,62549,326,082
120,8,334,7317,70,62549,326,082
120,8,334,7317,70,62549,326,082
120,8,334,7317,70,62549,326,082
120,8,334,7986,70,58936,326,3292
120,8,334,7986,70,58936,326,3292
120,8,334,7986,70,58936,326,3292
120,8,334,7986,70,58936,326,3292
120,8,334,8606,70,55566,326,5583
120,8,334,8606,70,55566,326,5583
120,8,334,8606,70,55566,326,5583
120,8,334,9319,70,51709,326,822
120,8,334,9319,70,51709,326,822
120,8,334,9319,70,51709,326,822
120,8,334,9319,70,51709,326,822
120,8,335,01,70,47461,327,1107
120,8,335,01,70,47461,327,1107
120,8,335,01,70,47461,327,1107
120,8,335,01,70,47461,327,1107
120,8,335,0835,70,43457,327,3824
120,8,335,0835,70,43457,327,3824
120,8,335,0835,70,43457,327,3824
120,8,335,1582,70,39404,327,6592
120,8,335,1582,70,39404,327,6592
120,8,335,1582,70,39404,327,6592
120,8,335,1582,70,39404,327,6592
120,8,335,2314,70,35449,327,9301
120,8,335,2314,70,35449,327,9301
120,8,335,2314,70,35449,327,9301
120,8,335,2314,70,35449,327,9301
120,8,335,3069,70,31348,328,2095
120,8,335,3069,70,31348,328,2095
120,8,335,3069,70,31348,328,2095
120,8,335,3069,70,31348,328,2095
120,8,335,3069,70,31348,328,2095
120,8,335,394,70,26611,328,532
120,8,335,394,70,26611,328,532
120,8,335,394,70,26611,328,532
120,8,335,394,70,26611,328,532
120,8,335,488,70,21533,328,8796
120,8,335,488,70,21533,328,8796
120,8,335,488,70,21533,328,8796
120,8,335,488,70,21533,328,8796
120,8,335,488,70,21533,328,8796
120,8,335,5808,70,16504,329,2231
120,8,335,5808,70,16504,329,2231
120,8,335,5808,70,16504,329,2231
120,8,335,676,70,11328,329,5756
120,8,335,676,70,11328,329,5756
120,8,335,676,70,11328,329,5756
120,8,335,676,70,11328,329,5756
120,8,335,7556,70,06982,329,8704
120,8,335,7556,70,06982,329,8704
120,8,335,7556,70,06982,329,8704
120,8,335,7556,70,06982,329,8704
120,8,335,8313,70,02881,330,1505
120,8,335,8313,70,02881,330,1505
120,8,335,8313,70,02881,330,1505
120,8,335,8313,70,02881,330,1505
120,8,335,8313,70,02881,330,1505
120,8,335,8313,70,02881,330,1505
120,8,335,8313,70,02881,330,1505
120,8,335,9109,69,98584,330,4446
120,8,335,9109,69,98584,330,4446
120,8,335,9109,69,98584,330,4446
120,8,335,9109,69,98584,330,4446
120,8,335,9827,69,94678,330,7097
120,8,335,9827,69,94678,330,7097
120,8,335,9827,69,94678,330,7097
120,8,335,9827,69,94678,330,7097
120,8,336,0637,69,90283,331,0093
120,8,336,0637,69,90283,331,0093
120,8,336,0637,69,90283,331,0093
120,8,336,1372,69,86279,331,281
120,8,336,1372,69,86279,331,281
120,8,336,1372,69,86279,331,281
120,8,336,1372,69,86279,331,281
120,8,336,2109,69,82275,331,5541
120,8,336,2109,69,82275,331,5541
120,8,336,2109,69,82275,331,5541
120,8,336,2109,69,82275,331,5541
120,8,336,2815,69,78467,331,8152
120,8,336,2815,69,78467,331,8152
120,8,336,2815,69,78467,331,8152
120,8,336,3582,69,74316,332,0989
120,8,336,3582,69,74316,332,0989
120,8,336,3582,69,74316,332,0989
120,8,336,3582,69,74316,332,0989
120,8,336,4338,69,70215,332,3787
120,8,336,4338,69,70215,332,3787
120,8,336,4338,69,70215,332,3787
120,8,336,4338,69,70215,332,3787
120,8,336,5103,69,66064,332,6614
120,8,336,5103,69,66064,332,6614
120,8,336,5103,69,66064,332,6614
120,8,336,5901,69,61719,332,9565
120,8,336,5901,69,61719,332,9565
120,8,336,5901,69,61719,332,9565
120,8,336,5901,69,61719,332,9565
120,8,336,6667,69,57568,333,2405
120,8,336,6667,69,57568,333,2405
120,8,336,6667,69,57568,333,2405
120,8,336,6667,69,57568,333,2405
120,8,336,7458,69,53271,333,5336
120,8,336,7458,69,53271,333,5336
120,8,336,7458,69,53271,333,5336
120,8,336,7458,69,53271,333,5336
120,8,336,7458,69,53271,333,5336
120,8,336,8311,69,48633,333,8491
120,8,336,8311,69,48633,333,8491
120,8,336,8311,69,48633,333,8491
120,8,336,8311,69,48633,333,8491
120,8,336,9216,69,43701,334,1846
120,8,336,9216,69,43701,334,1846
120,8,336,9216,69,43701,334,1846
120,8,336,9216,69,43701,334,1846
120,8,336,9216,69,43701,334,1846
120,9,336,9216,69,43701,334,1846
120,9,336,9216,69,43701,334,1846
120,9,336,9216,69,43701,334,1846
120,9,336,9216,69,43701,334,1846
120,9,336,9216,69,43701,334,1846
120,9,336,9216,69,43701,334,1846
120,9,336,9216,69,43701,334,1846
120,9,337,0027,69,39307,334,4841
120,9,337,0027,69,39307,334,4841
120,9,337,0027,69,39307,334,4841
120,9,337,0027,69,39307,334,4841
120,9,337,0027,69,39307,334,4841
120,9,337,0815,69,3501,334,7758
120,9,337,0815,69,3501,334,7758
120,9,337,1843,69,29443,335,1558
120,9,337,1843,69,29443,335,1558
120,9,337,2249,69,27246,335,3054
120,9,337,262,69,25244,335,4423
120,9,337,262,69,25244,335,4423
120,9,337,2991,69,23242,335,5797
120,9,337,2991,69,23242,335,5797
120,9,337,334,69,21338,335,7091
120,9,337,334,69,21338,335,7091
120,9,337,3777,69,18994,335,8705
120,9,337,4116,69,17139,335,9958
120,9,337,4116,69,17139,335,9958
120,9,337,4443,69,15381,336,1172
120,9,337,4443,69,15381,336,1172
120,9,337,4763,69,13672,336,2352
120,9,337,5105,69,11816,336,3619
120,9,337,5105,69,11816,336,3619
120,9,337,5442,69,1001,336,4866
120,9,337,5442,69,1001,336,4866
120,9,337,5767,69,08252,336,6067
120,9,337,5767,69,08252,336,6067
120,9,337,6208,69,05859,336,77
120,9,337,6208,69,05859,336,77
120,9,337,6611,69,03662,336,9188
120,9,337,6943,69,01855,337,0415
120,9,337,6943,69,01855,337,0415
120,9,337,729,68,99951,337,1699
120,9,337,7615,68,98193,337,2902
120,9,337,7615,68,98193,337,2902
120,9,337,7942,68,96436,337,4116
120,9,337,8254,68,94727,337,527
120,9,337,8254,68,94727,337,527
120,9,337,8564,68,93066,337,6417
120,9,337,887,68,91406,337,7548
120,9,337,887,68,91406,337,7548
120,9,337,9187,68,89697,337,8721
120,9,337,9187,68,89697,337,8721
120,9,337,9502,68,87988,337,9885
120,9,337,9824,68,8623,338,1075
120,9,337,9824,68,8623,338,1075
120,9,338,0173,68,84326,338,2366
120,9,338,0173,68,84326,338,2366
120,9,338,0173,68,84326,338,2366
120,9,338,0173,68,84326,338,2366
120,9,338,0173,68,84326,338,2366
120,9,338,0173,68,84326,338,2366
120,9,338,0173,68,84326,338,2366
120,9,338,0173,68,84326,338,2366
120,9,338,0173,68,84326,338,2366
120,9,338,0173,68,84326,338,2366
120,9,338,0173,68,84326,338,2366
120,9,338,0173,68,84326,338,2366
120,9,338,0393,68,83105,338,3182
120,9,338,0598,68,81982,338,3945
120,9,338,0598,68,81982,338,3945
120,9,338,0933,68,80176,338,5181
120,9,338,0933,68,80176,338,5181
120,9,338,1252,68,78418,338,6365
120,9,338,1577,68,7666,338,7562
120,9,338,1577,68,7666,338,7562
120,9,338,1899,68,74902,338,8757
120,9,338,2229,68,73096,338,9973
120,9,338,2229,68,73096,338,9973
120,9,338,2549,68,71387,339,1154
120,9,338,2866,68,69678,339,2327
120,9,338,2866,68,69678,339,2327
120,9,338,3193,68,6792,339,354
120,9,338,3508,68,66211,339,4709
120,9,338,3508,68,66211,339,4709
120,9,338,3826,68,64502,339,5889
120,9,338,4128,68,62842,339,7012
120,9,338,4128,68,62842,339,7012
120,9,338,4441,68,61133,339,8168
120,9,338,4746,68,59473,339,9299
120,9,338,4746,68,59473,339,9299
120,9,338,5054,68,57813,340,0439
120,9,338,5366,68,56104,340,1594
120,9,338,5366,68,56104,340,1594
120,9,338,5679,68,54395,340,2751
120,9,338,5679,68,54395,340,2751
120,9,338,5999,68,52637,340,3936
120,9,338,6326,68,50879,340,5148
120,9,338,6326,68,50879,340,5148
120,9,338,6638,68,4917,340,6305
120,9,338,6946,68,4751,340,7438
120,9,338,6946,68,4751,340,7438
120,9,338,7263,68,45801,340,8615
120,9,338,7571,68,44141,340,9755
120,9,338,7571,68,44141,340,9755
120,9,338,7883,68,42432,341,0916
120,9,338,8193,68,40771,341,2062
120,9,338,8193,68,40771,341,2062
120,9,338,8528,68,38965,341,3296
120,9,338,8845,68,37256,341,4467
120,9,338,8845,68,37256,341,4467
120,9,338,9163,68,35547,341,5636
120,9,338,9458,68,33936,341,6731
120,9,338,9458,68,33936,341,6731
120,9,338,9768,68,32275,341,7874
120,9,339,0066,68,30664,341,8975
120,9,339,0066,68,30664,341,8975
120,9,339,0376,68,29004,342,0122
120,9,339,0674,68,27393,342,1222
120,9,339,0674,68,27393,342,1222
120,9,339,0674,68,27393,342,1222
120,9,339,0674,68,27393,342,1222
120,9,339,0674,68,27393,342,1222
120,9,339,0674,68,27393,342,1222
120,9,339,0674,68,27393,342,1222
120,9,339,0674,68,27393,342,1222
120,9,339,0674,68,27393,342,1222
120,9,339,0674,68,27393,342,1222
120,9,339,0674,68,27393,342,1222
120,9,339,0674,68,27393,342,1222
120,9,339,0674,68,27393,342,1222
120,9,339,0674,68,27393,342,1222
120,9,339,0674,68,27393,342,1222
120,9,339,0674,68,27393,342,1222
120,9,339,0674,68,27393,342,1222
120,9,339,0674,68,27393,342,1222
120,9,339,0674,68,27393,342,1222
120,9,339,0674,68,27393,342,1222
120,9,339,0674,68,27393,342,1222
120,9,339,0674,68,27393,342,1222
120,9,339,0674,68,27393,342,1222
120,9,339,0674,68,27393,342,1222
120,9,339,0674,68,27393,342,1222
120,9,339,0674,68,27393,342,1222
120,9,339,0674,68,27393,342,1222
120,9,339,0674,68,27393,342,1222
120,9,339,0674,68,27393,342,1222
120,9,339,0674,68,27393,342,1222
120,9,339,0674,68,27393,342,1222
120,9,339,0674,68,27393,342,1222
120,9,339,0674,68,27393,342,1222
120,9,339,0674,68,27393,342,1222
120,9,339,0674,68,27393,342,1222
120,9,339,0674,68,27393,342,1222
120,9,339,0674,68,27393,342,1222
120,9,339,0674,68,27393,342,1222
120,9,339,0674,68,27393,342,1222
120,9,339,0674,68,27393,342,1222
120,9,339,0674,68,27393,342,1222
120,9,339,0674,68,27393,342,1222
120,9,339,0674,68,27393,342,1222
120,9,339,0674,68,27393,342,1222
120,9,339,0674,68,27393,342,1222
120,9,339,0674,68,27393,342,1222
120,9,339,0674,68,27393,342,1222
120,9,339,0674,68,27393,342,1222
120,9,339,0674,68,27393,342,1222
120,9,339,0674,68,27393,342,1222
120,9,339,0674,68,27393,342,1222
120,9,339,0674,68,27393,342,1222
120,9,339,0674,68,27393,342,1222
120,9,339,0674,68,27393,342,1222
120,9,339,0674,68,27393,342,1222
120,9,339,0674,68,27393,342,1222
120,9,339,0674,68,27393,342,1222
120,9,339,0674,68,27393,342,1222
120,9,339,0674,68,27393,342,1222
120,9,339,0674,68,27393,342,1222
120,9,339,0674,68,27393,342,1222
120,9,339,0674,68,27393,342,1222
120,9,339,0674,68,27393,342,1222
120,9,339,0674,68,27393,342,1222
120,9,339,0674,68,27393,342,1222
120,9,339,0674,68,27393,342,1222
120,9,339,0674,68,27393,342,1222
120,9,339,0674,68,27393,342,1222
120,9,339,0674,68,27393,342,1222
120,9,339,0674,68,27393,342,1222
120,9,339,0674,68,27393,342,1222
120,9,339,0674,68,27393,342,1222
120,9,339,0674,68,27393,342,1222
120,9,339,0674,68,27393,342,1222
120,9,339,0674,68,27393,342,1222
120,9,339,0674,68,27393,342,1222
120,9,339,0674,68,27393,342,1222
120,9,339,0674,68,27393,342,1222
120,9,339,0674,68,27393,342,1222
120,9,339,0674,68,27393,342,1222
120,9,339,0674,68,27393,342,1222
120,9,339,0674,68,27393,342,1222
120,9,339,0674,68,27393,342,1222
120,9,339,0674,68,27393,342,1222
120,9,339,0674,68,27393,342,1222
120,9,339,0674,68,27393,342,1222
120,9,339,0674,68,27393,342,1222
120,9,339,0674,68,27393,342,1222
120,9,339,0674,68,27393,342,1222
120,9,339,0674,68,27393,342,1222
120,9,339,0674,68,27393,342,1222
120,9,339,0674,68,27393,342,1222
120,9,339,0674,68,27393,342,1222
120,9,339,0674,68,27393,342,1222
120,9,339,0674,68,27393,342,1222
120,9,339,0674,68,27393,342,1222
120,9,339,0674,68,27393,342,1222
120,9,339,0674,68,27393,342,1222
120,9,339,0674,68,27393,342,1222
120,9,339,0674,68,27393,342,1222
120,9,339,0674,68,27393,342,1222
120,9,339,0674,68,27393,342,1222
120,9,339,0674,68,27393,342,1222
120,9,339,0674,68,27393,342,1222
120,9,339,0674,68,27393,342,1222
120,9,339,0674,68,27393,342,1222
120,9,339,0674,68,27393,342,1222
120,9,339,0674,68,27393,342,1222
120,9,339,0674,68,27393,342,1222
120,9,339,0674,68,27393,342,1222
120,9,339,0674,68,27393,342,1222
120,9,339,0674,68,27393,342,1222
120,9,339,0674,68,27393,342,1222
120,9,339,0674,68,27393,342,1222
120,9,339,0674,68,27393,342,1222
120,9,339,0674,68,27393,342,1222
120,9,339,0674,68,27393,342,1222
120,9,339,0674,68,27393,342,1222
120,9,339,0674,68,27393,342,1222
120,9,339,0674,68,27393,342,1222
120,9,339,0674,68,27393,342,1222
120,9,339,0674,68,27393,342,1222
120,9,339,0674,68,27393,342,1222
120,9,339,0674,68,27393,342,1222
120,9,339,0674,68,27393,342,1222
120,9,339,0674,68,27393,342,1222
120,9,339,0674,68,27393,342,1222
120,9,339,0674,68,27393,342,1222
120,9,339,0674,68,27393,342,1222
120,9,339,0674,68,27393,342,1222
120,9,339,0674,68,27393,342,1222
120,9,339,0674,68,27393,342,1222
120,9,339,0674,68,27393,342,1222
120,9,339,0674,68,27393,342,1222
120,9,339,0674,68,27393,342,1222
120,9,339,0674,68,27393,342,1222
120,9,339,0674,68,27393,342,1222
120,9,339,0674,68,27393,342,1222
120,9,339,0674,68,27393,342,1222
120,9,339,0674,68,27393,342,1222
120,9,339,0674,68,27393,342,1222
120,9,339,0674,68,27393,342,1222
120,9,339,0674,68,27393,342,1222
120,9,339,0674,68,27393,342,1222
120,9,339,0674,68,27393,342,1222
120,9,339,0674,68,27393,342,1222
120,9,339,0674,68,27393,342,1222
120,9,339,0674,68,27393,342,1222
120,9,339,0674,68,27393,342,1222
120,9,339,0674,68,27393,342,1222
120,9,339,0674,68,27393,342,1222
120,9,339,0674,68,27393,342,1222
120,9,339,0674,68,27393,342,1222
120,9,339,0674,68,27393,342,1222
120,9,339,0674,68,27393,342,1222
120,9,339,0674,68,27393,342,1222
120,9,339,0674,68,27393,342,1222
120,9,339,0674,68,27393,342,1222
120,9,339,0674,68,27393,342,1222
120,9,339,0674,68,27393,342,1222
120,9,339,0674,68,27393,342,1222
120,9,339,0674,68,27393,342,1222
120,9,339,0674,68,27393,342,1222
120,9,339,0674,68,27393,342,1222
120,9,339,0674,68,27393,342,1222
120,9,339,0674,68,27393,342,1222
120,9,339,0674,68,27393,342,1222
120,9,339,0674,68,27393,342,1222
120,9,339,0674,68,27393,342,1222
120,9,339,0674,68,27393,342,1222
120,9,339,0674,68,27393,342,1222
120,9,339,0674,68,27393,342,1222
120,9,339,0674,68,27393,342,1222
120,9,339,0674,68,27393,342,1222
120,9,339,0674,68,27393,342,1222
120,9,339,0674,68,27393,342,1222
120,9,339,0674,68,27393,342,1222
120,9,339,0674,68,27393,342,1222
120,9,339,0674,68,27393,342,1222
120,9,339,0674,68,27393,342,1222
120,9,339,0674,68,27393,342,1222
120,9,339,0674,68,27393,342,1222
120,9,339,0674,68,27393,342,1222
120,9,339,0674,68,27393,342,1222
120,9,339,0674,68,27393,342,1222
120,9,339,0674,68,27393,342,1222
120,9,339,0674,68,27393,342,1222
120,9,339,0674,68,27393,342,1222
120,9,339,0674,68,27393,342,1222
120,9,339,0674,68,27393,342,1222
120,9,339,0674,68,27393,342,1222
120,9,339,0674,68,27393,342,1222
120,9,339,0674,68,27393,342,1222
120,9,339,0674,68,27393,342,1222
120,9,339,0674,68,27393,342,1222
120,9,339,0674,68,27393,342,1222
120,9,339,0674,68,27393,342,1222
120,9,339,0674,68,27393,342,1222
120,9,339,0674,68,27393,342,1222
120,9,339,0674,68,27393,342,1222
120,9,339,0674,68,27393,342,1222
120,9,339,0674,68,27393,342,1222
120,9,339,0674,68,27393,342,1222
120,9,339,0674,68,27393,342,1222
120,9,339,0674,68,27393,342,1222
120,9,339,0674,68,27393,342,1222
120,9,339,0674,68,27393,342,1222
120,9,339,0674,68,27393,342,1222
120,9,339,0674,68,27393,342,1222
120,9,339,0674,68,27393,342,1222
120,9,339,0674,68,27393,342,1222
120,10,339,0674,68,27393,342,1222
120,10,339,0872,68,26318,342,1954
120,10,339,0872,68,26318,342,1954
120,10,339,1082,68,25195,342,2729
120,10,339,1365,68,23682,342,3777
120,10,339,1365,68,23682,342,3777
120,10,339,1365,68,23682,342,3777
120,10,339,1365,68,23682,342,3777
120,10,339,1365,68,23682,342,3777
120,10,339,1687,68,21924,342,4969
120,10,339,1687,68,21924,342,4969
120,10,339,1687,68,21924,342,4969
120,10,339,1687,68,21924,342,4969
120,10,339,1687,68,21924,342,4969
120,10,339,272,68,16309,342,8793
120,10,339,272,68,16309,342,8793
120,10,339,272,68,16309,342,8793
120,10,339,272,68,16309,342,8793
120,10,339,272,68,16309,342,8793
120,10,339,3752,68,10693,343,2616
120,10,339,3752,68,10693,343,2616
120,10,339,3752,68,10693,343,2616
120,10,339,3752,68,10693,343,2616
120,10,339,3752,68,10693,343,2616
120,10,339,4785,68,05078,343,6439
120,10,339,4785,68,05078,343,6439
120,10,339,4785,68,05078,343,6439
120,10,339,4785,68,05078,343,6439
120,10,339,4785,68,05078,343,6439
120,10,339,5818,67,99463,344,0262
120,10,339,5818,67,99463,344,0262
120,10,339,5818,67,99463,344,0262
120,10,339,5818,67,99463,344,0262
120,10,339,5818,67,99463,344,0262
120,10,339,6851,67,93848,344,4086
120,10,339,6851,67,93848,344,4086
120,10,339,6851,67,93848,344,4086
120,10,339,6851,67,93848,344,4086
120,10,339,6851,67,93848,344,4086
120,10,339,7883,67,88232,344,7909
120,10,339,7883,67,88232,344,7909
120,10,339,7883,67,88232,344,7909
120,10,339,7883,67,88232,344,7909
120,10,339,7883,67,88232,344,7909
120,10,339,8916,67,82617,345,1732
120,10,339,8916,67,82617,345,1732
120,10,339,8916,67,82617,345,1732
120,10,339,8916,67,82617,345,1732
120,10,339,8916,67,82617,345,1732
120,10,339,9949,67,77002,345,5555
120,10,339,9949,67,77002,345,5555
120,10,339,9949,67,77002,345,5555
120,10,339,9949,67,77002,345,5555
120,10,339,9949,67,77002,345,5555
120,10,340,0981,67,71387,345,9379
120,10,340,0981,67,71387,345,9379
120,10,340,0981,67,71387,345,9379
120,10,340,0981,67,71387,345,9379
120,10,340,0981,67,71387,345,9379
120,10,340,0981,67,71387,345,9379
120,10,340,0981,67,71387,345,9379
120,10,340,0981,67,71387,345,9379
120,10,340,0981,67,71387,345,9379
120,10,340,0981,67,71387,345,9379
120,10,340,2014,67,65771,346,3202
120,10,340,2014,67,65771,346,3202
120,10,340,2014,67,65771,346,3202
120,10,340,2014,67,65771,346,3202
120,10,340,2014,67,65771,346,3202
120,10,340,3047,67,60156,346,7025
120,10,340,3047,67,60156,346,7025
120,10,340,3047,67,60156,346,7025
120,10,340,3047,67,60156,346,7025
120,10,340,3047,67,60156,346,7025
120,10,340,408,67,54541,347,0848
120,10,340,408,67,54541,347,0848
120,10,340,408,67,54541,347,0848
120,10,340,408,67,54541,347,0848
120,10,340,408,67,54541,347,0848
120,10,340,5112,67,48926,347,4672
120,10,340,5112,67,48926,347,4672
120,10,340,5112,67,48926,347,4672
120,10,340,5112,67,48926,347,4672
120,10,340,5112,67,48926,347,4672
120,10,340,6145,67,43311,347,8495
120,10,340,6145,67,43311,347,8495
120,10,340,6145,67,43311,347,8495
120,10,340,6145,67,43311,347,8495
120,10,340,6145,67,43311,347,8495
120,10,340,7178,67,37695,348,2318
120,10,340,7178,67,37695,348,2318
120,10,340,7178,67,37695,348,2318
120,10,340,7178,67,37695,348,2318
120,10,340,7178,67,37695,348,2318
120,10,340,821,67,3208,348,6141
120,10,340,821,67,3208,348,6141
120,10,340,821,67,3208,348,6141
120,10,340,821,67,3208,348,6141
120,10,340,821,67,3208,348,6141
120,10,340,9243,67,26465,348,9965
120,10,340,9243,67,26465,348,9965
120,10,340,9243,67,26465,348,9965
120,10,340,9243,67,26465,348,9965
120,10,340,9243,67,26465,348,9965
120,10,341,0276,67,2085,349,3788
120,10,341,0276,67,2085,349,3788
120,10,341,0276,67,2085,349,3788
120,10,341,0276,67,2085,349,3788
120,10,341,0276,67,2085,349,3788
120,10,341,1309,67,15234,349,7611
120,11,341,1309,67,15234,349,7611
120,11,341,1309,67,15234,349,7611
120,11,341,1309,67,15234,349,7611
120,11,341,1309,67,15234,349,7611
120,11,341,1309,67,15234,349,7611
120,11,341,1309,67,15234,349,7611
120,11,341,1309,67,15234,349,7611
120,11,341,1309,67,15234,349,7611
120,11,341,1309,67,15234,349,7611
120,11,341,2341,67,09619,350,1434
120,11,341,2341,67,09619,350,1434
120,11,341,2341,67,09619,350,1434
120,11,341,2341,67,09619,350,1434
120,11,341,2341,67,09619,350,1434
120,11,341,3374,67,04004,350,5258
120,11,341,3374,67,04004,350,5258
120,11,341,3374,67,04004,350,5258
120,11,341,3374,67,04004,350,5258
120,11,341,3374,67,04004,350,5258
120,11,341,4407,66,98389,350,9081
120,11,341,4407,66,98389,350,9081
120,11,341,4407,66,98389,350,9081
120,11,341,4407,66,98389,350,9081
120,11,341,4407,66,98389,350,9081
120,11,341,5439,66,92773,351,2904
120,11,341,5439,66,92773,351,2904
120,11,341,5439,66,92773,351,2904
120,11,341,5439,66,92773,351,2904
120,11,341,5439,66,92773,351,2904
120,11,341,6472,66,87158,351,6727
120,11,341,6472,66,87158,351,6727
120,11,341,6472,66,87158,351,6727
120,11,341,6472,66,87158,351,6727
120,11,341,6472,66,87158,351,6727
120,11,341,7505,66,81543,352,0551
120,11,341,7505,66,81543,352,0551
120,11,341,7505,66,81543,352,0551
120,11,341,7505,66,81543,352,0551
120,11,341,7505,66,81543,352,0551
120,11,341,8538,66,75928,352,4374
120,11,341,8538,66,75928,352,4374
120,11,341,8538,66,75928,352,4374
120,11,341,8538,66,75928,352,4374
120,11,341,8538,66,75928,352,4374
120,11,341,957,66,70313,352,8197
120,11,341,957,66,70313,352,8197
120,11,341,957,66,70313,352,8197
120,11,341,957,66,70313,352,8197
120,11,341,957,66,70313,352,8197
120,11,342,0603,66,64697,353,202
120,11,342,0603,66,64697,353,202
120,11,342,0603,66,64697,353,202
120,11,342,0603,66,64697,353,202
120,11,342,0603,66,64697,353,202
120,11,342,1636,66,59082,353,5844
120,11,342,1636,66,59082,353,5844
120,11,342,1636,66,59082,353,5844
120,11,342,1636,66,59082,353,5844
120,11,342,1636,66,59082,353,5844
120,11,342,1636,66,59082,353,5844
120,11,342,1636,66,59082,353,5844
120,11,342,1636,66,59082,353,5844
120,11,342,1636,66,59082,353,5844
120,11,342,1636,66,59082,353,5844
120,11,342,1636,66,59082,353,5844
120,11,342,1636,66,59082,353,5844
120,11,342,1636,66,59082,353,5844
120,11,342,1636,66,59082,353,5844
120,11,342,1636,66,59082,353,5844
120,11,342,2629,66,53711,353,9517
120,11,342,2629,66,53711,353,9517
120,11,342,2629,66,53711,353,9517
120,11,342,2629,66,53711,353,9517
120,11,342,2629,66,53711,353,9517
120,11,342,365,66,48193,354,3292
120,11,342,365,66,48193,354,3292
120,11,342,365,66,48193,354,3292
120,11,342,365,66,48193,354,3292
120,11,342,365,66,48193,354,3292
120,11,342,4683,66,42578,354,7115
120,11,342,4683,66,42578,354,7115
120,11,342,4683,66,42578,354,7115
120,11,342,4683,66,42578,354,7115
120,11,342,4683,66,42578,354,7115
120,11,342,5715,66,36963,355,0939
120,11,342,5715,66,36963,355,0939
120,11,342,5715,66,36963,355,0939
120,11,342,5715,66,36963,355,0939
120,11,342,5715,66,36963,355,0939
120,11,342,6748,66,31348,355,4762
120,11,342,6748,66,31348,355,4762
120,11,342,6748,66,31348,355,4762
120,11,342,6748,66,31348,355,4762
120,11,342,6748,66,31348,355,4762
120,11,342,7781,66,25732,355,8585
120,11,342,7781,66,25732,355,8585
120,11,342,7781,66,25732,355,8585
120,11,342,7781,66,25732,355,8585
120,11,342,7781,66,25732,355,8585
120,11,342,8813,66,20117,356,2408
120,11,342,8813,66,20117,356,2408
120,11,342,8813,66,20117,356,2408
120,11,342,8813,66,20117,356,2408
120,11,342,8813,66,20117,356,2408
120,11,342,9846,66,14502,356,6232
120,11,342,9846,66,14502,356,6232
120,11,342,9846,66,14502,356,6232
120,11,342,9846,66,14502,356,6232
120,11,342,9846,66,14502,356,6232
120,11,343,0879,66,08887,357,0055
120,11,343,0879,66,08887,357,0055
120,11,343,0879,66,08887,357,0055
120,11,343,0879,66,08887,357,0055
120,11,343,0879,66,08887,357,0055
120,11,343,1912,66,03271,357,3878
120,11,343,1912,66,03271,357,3878
120,11,343,1912,66,03271,357,3878
120,11,343,1912,66,03271,357,3878
120,11,343,1912,66,03271,357,3878
120,11,343,2944,65,97656,357,7701
120,11,343,2944,65,97656,357,7701
120,11,343,2944,65,97656,357,7701
120,11,343,2944,65,97656,357,7701
120,11,343,2944,65,97656,357,7701
120,11,343,2944,65,97656,357,7701
120,12,343,2944,65,97656,357,7701
120,12,343,2944,65,97656,357,7701
120,12,343,2944,65,97656,357,7701
120,12,343,2944,65,97656,357,7701
120,12,343,2944,65,97656,357,7701
120,12,343,2944,65,97656,357,7701
120,12,343,2944,65,97656,357,7701
120,12,343,2944,65,97656,357,7701
120,12,343,3923,65,92334,358,1323
120,12,343,3923,65,92334,358,1323
120,12,343,3923,65,92334,358,1323
120,12,343,3923,65,92334,358,1323
120,12,343,3923,65,92334,358,1323
120,12,343,4832,65,87402,358,4679
120,12,343,4832,65,87402,358,4679
120,12,343,4832,65,87402,358,4679
120,12,343,4832,65,87402,358,4679
120,12,343,4832,65,87402,358,4679
120,12,343,5857,65,81836,358,8473
120,12,343,5857,65,81836,358,8473
120,12,343,5857,65,81836,358,8473
120,12,343,5857,65,81836,358,8473
120,12,343,5857,65,81836,358,8473
120,12,343,6826,65,76563,359,2056
120,12,343,6826,65,76563,359,2056
120,12,343,6826,65,76563,359,2056
120,12,343,6826,65,76563,359,2056
120,12,343,7808,65,7124,359,5686
120,12,343,7808,65,7124,359,5686
120,12,343,7808,65,7124,359,5686
120,12,343,7808,65,7124,359,5686
120,12,343,7808,65,7124,359,5686
120,12,343,8813,65,65771,359,9408
120,12,343,8813,65,65771,359,9408
120,12,343,8813,65,65771,359,9408
120,12,343,8813,65,65771,359,9408
120,12,343,8813,65,65771,359,9408
120,12,343,9846,65,60156,360,3231
120,12,343,9846,65,60156,360,3231
120,12,343,9846,65,60156,360,3231
120,12,343,9846,65,60156,360,3231
120,12,343,9846,65,60156,360,3231
120,12,344,0852,65,54688,360,6948
120,12,344,0852,65,54688,360,6948
120,12,344,0852,65,54688,360,6948
120,12,344,0852,65,54688,360,6948
120,12,344,0852,65,54688,360,6948
120,12,344,1858,65,49219,361,0665
120,12,344,1858,65,49219,361,0665
120,12,344,1858,65,49219,361,0665
120,12,344,1858,65,49219,361,0665
120,12,344,1858,65,49219,361,0665
120,12,344,2849,65,43848,361,4335
120,12,344,2849,65,43848,361,4335
120,12,344,2849,65,43848,361,4335
120,12,344,2849,65,43848,361,4335
120,12,344,2849,65,43848,361,4335
120,12,344,3826,65,38574,361,7944
120,12,344,3826,65,38574,361,7944
120,12,344,3826,65,38574,361,7944
120,12,344,3826,65,38574,361,7944
120,12,344,3826,65,38574,361,7944
120,12,344,3826,65,38574,361,7944
120,12,344,3826,65,38574,361,7944
120,12,344,3826,65,38574,361,7944
120,12,344,3826,65,38574,361,7944
120,12,344,3826,65,38574,361,7944
120,12,344,3826,65,38574,361,7944
120,12,344,3826,65,38574,361,7944
120,12,344,3826,65,38574,361,7944
120,12,344,3826,65,38574,361,7944
120,12,344,3826,65,38574,361,7944
120,12,344,3826,65,38574,361,7944
120,12,344,3826,65,38574,361,7944
120,12,344,469,65,33887,362,1138
120,12,344,469,65,33887,362,1138
120,12,344,469,65,33887,362,1138
120,12,344,469,65,33887,362,1138
120,12,344,469,65,33887,362,1138
120,12,344,5576,65,29053,362,4419
120,12,344,5576,65,29053,362,4419
120,12,344,5576,65,29053,362,4419
120,12,344,5576,65,29053,362,4419
120,12,344,5576,65,29053,362,4419
120,12,344,6609,65,23438,362,8242
120,12,344,6609,65,23438,362,8242
120,12,344,6609,65,23438,362,8242
120,12,344,6609,65,23438,362,8242
120,12,344,6609,65,23438,362,8242
120,12,344,7546,65,18359,363,1713
120,12,344,7546,65,18359,363,1713
120,12,344,7546,65,18359,363,1713
120,12,344,7546,65,18359,363,1713
120,12,344,8523,65,13086,363,5323
120,12,344,8523,65,13086,363,5323
120,12,344,8523,65,13086,363,5323
120,12,344,8523,65,13086,363,5323
120,12,344,8523,65,13086,363,5323
120,12,344,9485,65,07861,363,8879
120,12,344,9485,65,07861,363,8879
120,12,344,9485,65,07861,363,8879
120,12,344,9485,65,07861,363,8879
120,12,345,0393,65,0293,364,2238
120,12,345,0393,65,0293,364,2238
120,12,345,0393,65,0293,364,2238
120,12,345,0393,65,0293,364,2238
120,12,345,0393,65,0293,364,2238
120,12,345,1326,64,979,364,5684
120,12,345,1326,64,979,364,5684
120,12,345,1326,64,979,364,5684
120,12,345,1326,64,979,364,5684
120,12,345,1326,64,979,364,5684
120,12,345,2324,64,9248,364,9376
120,12,345,2324,64,9248,364,9376
120,12,345,2324,64,9248,364,9376
120,12,345,2324,64,9248,364,9376
120,12,345,3257,64,87402,365,283
120,12,345,3257,64,87402,365,283
120,12,345,3257,64,87402,365,283
120,12,345,3257,64,87402,365,283
120,12,345,3257,64,87402,365,283
120,12,345,4202,64,82275,365,6321
120,12,345,4202,64,82275,365,6321
120,12,345,4202,64,82275,365,6321
120,12,345,4202,64,82275,365,6321
120,12,345,4202,64,82275,365,6321
120,12,345,4202,64,82275,365,6321
120,12,345,4202,64,82275,365,6321
120,13,345,4202,64,82275,365,6321
120,13,345,4202,64,82275,365,6321
120,13,345,4202,64,82275,365,6321
120,13,345,4202,64,82275,365,6321
120,13,345,4202,64,82275,365,6321
120,13,345,4202,64,82275,365,6321
120,13,345,5129,64,77246,365,9753
120,13,345,5129,64,77246,365,9753
120,13,345,5129,64,77246,365,9753
120,13,345,5129,64,77246,365,9753
120,13,345,5129,64,77246,365,9753
120,13,345,5952,64,72803,366,2794
120,13,345,5952,64,72803,366,2794
120,13,345,5952,64,72803,366,2794
120,13,345,5952,64,72803,366,2794
120,13,345,688,64,67773,366,6227
120,13,345,688,64,67773,366,6227
120,13,345,688,64,67773,366,6227
120,13,345,688,64,67773,366,6227
120,13,345,7805,64,62744,366,9646
120,13,345,7805,64,62744,366,9646
120,13,345,7805,64,62744,366,9646
120,13,345,7805,64,62744,366,9646
120,13,345,7805,64,62744,366,9646
120,13,345,8735,64,57715,367,3091
120,13,345,8735,64,57715,367,3091
120,13,345,8735,64,57715,367,3091
120,13,345,8735,64,57715,367,3091
120,13,345,8735,64,57715,367,3091
120,13,345,9685,64,52539,367,6606
120,13,345,9685,64,52539,367,6606
120,13,345,9685,64,52539,367,6606
120,13,345,9685,64,52539,367,6606
120,13,346,0601,64,47559,367,9996
120,13,346,0601,64,47559,367,9996
120,13,346,0601,64,47559,367,9996
120,13,346,0601,64,47559,367,9996
120,13,346,1521,64,42578,368,3403
120,13,346,1521,64,42578,368,3403
120,13,346,1521,64,42578,368,3403
120,13,346,1521,64,42578,368,3403
120,13,346,1521,64,42578,368,3403
120,13,346,2441,64,37598,368,6807
120,13,346,2441,64,37598,368,6807
120,13,346,2441,64,37598,368,6807
120,13,346,2441,64,37598,368,6807
120,13,346,333,64,32764,369,0095
120,13,346,333,64,32764,369,0095
120,13,346,333,64,32764,369,0095
120,13,346,333,64,32764,369,0095
120,13,346,4246,64,27783,369,3478
120,13,346,4246,64,27783,369,3478
120,13,346,4246,64,27783,369,3478
120,13,346,4246,64,27783,369,3478
120,13,346,4246,64,27783,369,3478
120,13,346,511,64,23096,369,6672
120,13,346,511,64,23096,369,6672
120,13,346,511,64,23096,369,6672
120,13,346,511,64,23096,369,6672
120,13,346,511,64,23096,369,6672
120,13,346,511,64,23096,369,6672
120,13,346,511,64,23096,369,6672
120,13,346,511,64,23096,369,6672
120,13,346,511,64,23096,369,6672
120,13,346,511,64,23096,369,6672
120,13,346,511,64,23096,369,6672
120,13,346,511,64,23096,369,6672
120,13,346,511,64,23096,369,6672
120,13,346,511,64,23096,369,6672
120,13,346,511,64,23096,369,6672
120,13,346,511,64,23096,369,6672
120,13,346,511,64,23096,369,6672
120,13,346,511,64,23096,369,6672
120,13,346,5793,64,19385,369,9202
120,13,346,5793,64,19385,369,9202
120,13,346,5793,64,19385,369,9202
120,13,346,5793,64,19385,369,9202
120,13,346,645,64,1582,370,163
120,13,346,645,64,1582,370,163
120,13,346,645,64,1582,370,163
120,13,346,7219,64,1167,370,4471
120,13,346,7219,64,1167,370,4471
120,13,346,7219,64,1167,370,4471
120,13,346,7219,64,1167,370,4471
120,13,346,7991,64,07471,370,733
120,13,346,7991,64,07471,370,733
120,13,346,7991,64,07471,370,733
120,13,346,7991,64,07471,370,733
120,13,346,8843,64,02832,371,0483
120,13,346,8843,64,02832,371,0483
120,13,346,8843,64,02832,371,0483
120,13,346,8843,64,02832,371,0483
120,13,346,8843,64,02832,371,0483
120,13,346,968,63,98291,371,3581
120,13,346,968,63,98291,371,3581
120,13,346,968,63,98291,371,3581
120,13,346,968,63,98291,371,3581
120,13,347,0713,63,92676,371,7404
120,13,347,0713,63,92676,371,7404
120,13,347,0713,63,92676,371,7404
120,13,347,0713,63,92676,371,7404
120,13,347,1458,63,88623,372,0161
120,13,347,1458,63,88623,372,0161
120,13,347,1458,63,88623,372,0161
120,13,347,2202,63,8457,372,2914
120,13,347,2202,63,8457,372,2914
120,13,347,2202,63,8457,372,2914
120,13,347,2922,63,80664,372,5582
120,13,347,2922,63,80664,372,5582
120,13,347,2922,63,80664,372,5582
120,13,347,2922,63,80664,372,5582
120,13,347,3606,63,76953,372,8113
120,13,347,3606,63,76953,372,8113
120,13,347,3606,63,76953,372,8113
120,13,347,3606,63,76953,372,8113
120,13,347,4421,63,7251,373,113
120,13,347,4421,63,7251,373,113
120,13,347,4421,63,7251,373,113
120,13,347,4421,63,7251,373,113
120,13,347,5176,63,68408,373,3923
120,14,347,5176,63,68408,373,3923
120,14,347,5176,63,68408,373,3923
120,14,347,5933,63,64307,373,6724
120,14,347,5933,63,64307,373,6724
120,14,347,5933,63,64307,373,6724
120,14,347,5933,63,64307,373,6724
120,14,347,6694,63,60156,373,9543
120,14,347,6694,63,60156,373,9543
120,14,347,6694,63,60156,373,9543
120,14,347,6694,63,60156,373,9543
120,14,347,7444,63,56104,374,2321
120,14,347,7444,63,56104,374,2321
120,14,347,7444,63,56104,374,2321
120,14,347,8191,63,52051,374,5083
120,14,347,8191,63,52051,374,5083
120,14,347,8191,63,52051,374,5083
120,14,347,8191,63,52051,374,5083
120,14,347,8965,63,47852,374,7947
120,14,347,8965,63,47852,374,7947
120,14,347,8965,63,47852,374,7947
120,14,347,8965,63,47852,374,7947
120,14,347,9751,63,43604,375,0853
120,14,347,9751,63,43604,375,0853
120,14,347,9751,63,43604,375,0853
120,14,347,9751,63,43604,375,0853
120,14,348,0488,63,396,375,3584
120,14,348,0488,63,396,375,3584
120,14,348,0488,63,396,375,3584
120,14,348,1265,63,354,375,6455
120,14,348,1265,63,354,375,6455
120,14,348,1265,63,354,375,6455
120,14,348,1265,63,354,375,6455
120,14,348,2,63,31396,375,9176
120,14,348,2,63,31396,375,9176
120,14,348,2,63,31396,375,9176
120,14,348,272,63,2749,376,1843
120,14,348,272,63,2749,376,1843
120,14,348,272,63,2749,376,1843
120,14,348,3435,63,23633,376,4489
120,14,348,3435,63,23633,376,4489
120,14,348,3435,63,23633,376,4489
120,14,348,3435,63,23633,376,4489
120,14,348,4143,63,19775,376,7106
120,14,348,4143,63,19775,376,7106
120,14,348,4143,63,19775,376,7106
120,14,348,4861,63,15869,376,9765
120,14,348,4861,63,15869,376,9765
120,14,348,4861,63,15869,376,9765
120,14,348,4861,63,15869,376,9765
120,14,348,5564,63,12061,377,2366
120,14,348,5564,63,12061,377,2366
120,14,348,5564,63,12061,377,2366
120,14,348,6255,63,08301,377,4923
120,14,348,6255,63,08301,377,4923
120,14,348,6255,63,08301,377,4923
120,14,348,6255,63,08301,377,4923
120,14,348,6953,63,04492,377,7505
120,14,348,6953,63,04492,377,7505
120,14,348,6953,63,04492,377,7505
120,14,348,6953,63,04492,377,7505
120,14,348,6953,63,04492,377,7505
120,14,348,6953,63,04492,377,7505
120,14,348,6953,63,04492,377,7505
120,14,348,6953,63,04492,377,7505
120,14,348,6953,63,04492,377,7505
120,14,348,6953,63,04492,377,7505
120,14,348,6953,63,04492,377,7505
120,14,348,6953,63,04492,377,7505
120,14,348,7556,63,01221,377,974
120,14,348,7556,63,01221,377,974
120,14,348,7556,63,01221,377,974
120,14,348,8152,62,97998,378,1946
120,14,348,8152,62,97998,378,1946
120,14,348,8152,62,97998,378,1946
120,14,348,885,62,94189,378,4528
120,14,348,885,62,94189,378,4528
120,14,348,885,62,94189,378,4528
120,14,348,9487,62,90723,378,6884
120,14,348,9487,62,90723,378,6884
120,14,348,9487,62,90723,378,6884
120,14,349,0085,62,875,378,9094
120,14,349,0085,62,875,378,9094
120,14,349,0085,62,875,378,9094
120,14,349,0686,62,84229,379,1315
120,14,349,0686,62,84229,379,1315
120,14,349,0686,62,84229,379,1315
120,14,349,1274,62,81055,379,3495
120,14,349,1274,62,81055,379,3495
120,14,349,1274,62,81055,379,3495
120,14,349,1873,62,77832,379,5704
120,14,349,1873,62,77832,379,5704
120,14,349,1873,62,77832,379,5704
120,14,349,25,62,74414,379,8027
120,14,349,25,62,74414,379,8027
120,14,349,25,62,74414,379,8027
120,14,349,3191,62,70654,380,0584
120,14,349,3191,62,70654,380,0584
120,14,349,3191,62,70654,380,0584
120,14,349,3191,62,70654,380,0584
120,14,349,385,62,6709,380,3019
120,14,349,385,62,6709,380,3019
120,14,349,385,62,6709,380,3019
120,14,349,4514,62,63477,380,5475
120,14,349,4514,62,63477,380,5475
120,14,349,4514,62,63477,380,5475
120,14,349,5178,62,59863,380,7928
120,14,349,5178,62,59863,380,7928
120,14,349,5178,62,59863,380,7928
120,14,349,5852,62,56201,381,0424
120,14,349,5852,62,56201,381,0424
120,14,349,5852,62,56201,381,0424
120,14,349,6497,62,52686,381,2813
120,14,349,6497,62,52686,381,2813
120,14,349,6497,62,52686,381,2813
120,14,349,6497,62,52686,381,2813
120,14,349,7175,62,49023,381,532
120,14,349,7175,62,49023,381,532
120,14,349,7175,62,49023,381,532
120,14,349,7842,62,4541,381,7784
120,14,349,7842,62,4541,381,7784
120,14,349,7842,62,4541,381,7784
120,14,349,7842,62,4541,381,7784
120,14,349,7842,62,4541,381,7784
120,14,349,7842,62,4541,381,7784
120,14,349,7842,62,4541,381,7784
120,14,349,7842,62,4541,381,7784
120,14,349,7842,62,4541,381,7784
120,15,349,7842,62,4541,381,7784
120,15,349,7842,62,4541,381,7784
120,15,349,7842,62,4541,381,7784
120,15,349,7842,62,4541,381,7784
120,15,349,7842,62,4541,381,7784
120,15,349,8391,62,42432,381,9814
120,15,349,8391,62,42432,381,9814
120,15,349,8391,62,42432,381,9814
120,15,349,8928,62,39502,382,1801
120,15,349,8928,62,39502,382,1801
120,15,349,8928,62,39502,382,1801
120,15,349,96,62,3584,382,4288
120,15,349,96,62,3584,382,4288
120,15,349,96,62,3584,382,4288
120,15,350,0247,62,32324,382,668
120,15,350,0247,62,32324,382,668
120,15,350,0247,62,32324,382,668
120,15,350,0916,62,28711,382,9151
120,15,350,0916,62,28711,382,9151
120,15,350,0916,62,28711,382,9151
120,15,350,0916,62,28711,382,9151
120,15,350,1589,62,25049,383,164
120,15,350,1589,62,25049,383,164
120,15,350,1589,62,25049,383,164
120,15,350,2253,62,21436,383,41
120,15,350,2253,62,21436,383,41
120,15,350,2253,62,21436,383,41
120,15,350,2883,62,18018,383,6434
120,15,350,2883,62,18018,383,6434
120,15,350,2883,62,18018,383,6434
120,15,350,3525,62,14551,383,8809
120,15,350,3525,62,14551,383,8809
120,15,350,3525,62,14551,383,8809
120,15,350,4136,62,1123,384,1069
120,15,350,4136,62,1123,384,1069
120,15,350,4136,62,1123,384,1069
120,15,350,4771,62,07813,384,3414
120,15,350,4771,62,07813,384,3414
120,15,350,4771,62,07813,384,3414
120,15,350,5359,62,04639,384,5587
120,15,350,5359,62,04639,384,5587
120,15,350,5359,62,04639,384,5587
120,15,350,5359,62,04639,384,5587
120,15,350,6016,62,01074,384,8019
120,15,350,6016,62,01074,384,8019
120,15,350,6765,61,97021,385,0791
120,15,350,6765,61,97021,385,0791
120,15,350,6765,61,97021,385,0791
120,15,350,738,61,93701,385,3072
120,15,350,738,61,93701,385,3072
120,15,350,738,61,93701,385,3072
120,15,350,7976,61,90479,385,5277
120,15,350,7976,61,90479,385,5277
120,15,350,7976,61,90479,385,5277
120,15,350,8589,61,87158,385,7542
120,15,350,8589,61,87158,385,7542
120,15,350,8589,61,87158,385,7542
120,15,350,8589,61,87158,385,7542
120,15,350,8589,61,87158,385,7542
120,15,350,8589,61,87158,385,7542
120,15,350,8589,61,87158,385,7542
120,15,350,8589,61,87158,385,7542
120,15,350,8589,61,87158,385,7542
120,15,350,8589,61,87158,385,7542
120,15,350,8589,61,87158,385,7542
120,15,350,8589,61,87158,385,7542
120,15,350,8589,61,87158,385,7542
120,15,350,8589,61,87158,385,7542
120,15,350,9116,61,84277,385,9496
120,15,350,9116,61,84277,385,9496
120,15,350,9116,61,84277,385,9496
120,15,350,9648,61,81396,386,1465
120,15,350,9648,61,81396,386,1465
120,15,350,9648,61,81396,386,1465
120,15,351,0269,61,78027,386,3763
120,15,351,0269,61,78027,386,3763
120,15,351,0269,61,78027,386,3763
120,15,351,0876,61,74756,386,6008
120,15,351,0876,61,74756,386,6008
120,15,351,0876,61,74756,386,6008
120,15,351,157,61,70996,386,8574
120,15,351,157,61,70996,386,8574
120,15,351,157,61,70996,386,8574
120,15,351,2188,61,67627,387,0859
120,15,351,2188,61,67627,387,0859
120,15,351,2188,61,67627,387,0859
120,15,351,2783,61,64404,387,306
120,15,351,2783,61,64404,387,306
120,15,351,2783,61,64404,387,306
120,15,351,3394,61,61084,387,532
120,15,351,3394,61,61084,387,532
120,15,351,3394,61,61084,387,532
120,15,351,4021,61,57666,387,7643
120,15,351,4021,61,57666,387,7643
120,15,351,4021,61,57666,387,7643
120,15,351,4626,61,54395,387,9882
120,15,351,4626,61,54395,387,9882
120,15,351,4626,61,54395,387,9882
120,15,351,5237,61,51074,388,2136
120,15,351,5237,61,51074,388,2136
120,15,351,5837,61,47803,388,4357
120,15,351,5837,61,47803,388,4357
120,15,351,5837,61,47803,388,4357
120,15,351,6433,61,4458,388,6564
120,15,351,6433,61,4458,388,6564
120,15,351,6433,61,4458,388,6564
120,15,351,7029,61,41357,388,8766
120,15,351,7029,61,41357,388,8766
120,15,351,7029,61,41357,388,8766
120,15,351,7637,61,38037,389,1014
120,15,351,7637,61,38037,389,1014
120,15,351,7637,61,38037,389,1014
120,15,351,8223,61,34863,389,3184
120,15,351,8223,61,34863,389,3184
120,15,351,8223,61,34863,389,3184
120,15,351,8831,61,31543,389,5433
120,15,351,8831,61,31543,389,5433
120,15,351,8831,61,31543,389,5433
120,15,351,8831,61,31543,389,5433
120,15,351,8831,61,31543,389,5433
120,15,351,8831,61,31543,389,5433
120,15,351,8831,61,31543,389,5433
120,15,351,8831,61,31543,389,5433
120,15,351,8831,61,31543,389,5433
120,15,351,8831,61,31543,389,5433
120,15,351,8831,61,31543,389,5433
120,15,351,8831,61,31543,389,5433
120,15,351,8831,61,31543,389,5433
120,15,351,8831,61,31543,389,5433
120,16,351,8831,61,31543,389,5433
120,16,351,8831,61,31543,389,5433
120,16,351,8831,61,31543,389,5433
120,16,351,8831,61,31543,389,5433
120,16,351,9324,61,28857,389,7261
120,16,351,9324,61,28857,389,7261
120,16,351,9324,61,28857,389,7261
120,16,351,9856,61,25977,389,9233
120,16,351,9856,61,25977,389,9233
120,16,351,9856,61,25977,389,9233
120,16,352,0454,61,22754,390,1448
120,16,352,0454,61,22754,390,1448
120,16,352,0454,61,22754,390,1448
120,16,352,1042,61,1958,390,3628
120,16,352,1042,61,1958,390,3628
120,16,352,1042,61,1958,390,3628
120,16,352,1633,61,16406,390,5809
120,16,352,1633,61,16406,390,5809
120,16,352,1633,61,16406,390,5809
120,16,352,2224,61,13184,390,7998
120,16,352,2224,61,13184,390,7998
120,16,352,2808,61,1001,391,0153
120,16,352,2808,61,1001,391,0153
120,16,352,2808,61,1001,391,0153
120,16,352,2808,61,1001,391,0153
120,16,352,3398,61,06787,391,2336
120,16,352,3398,61,06787,391,2336
120,16,352,4055,61,03223,391,4769
120,16,352,4055,61,03223,391,4769
120,16,352,4055,61,03223,391,4769
120,16,352,4651,61,391,6971
120,16,352,4651,61,391,6971
120,16,352,4651,61,391,6971
120,16,352,5242,60,96777,391,9158
120,16,352,5242,60,96777,391,9158
120,16,352,5242,60,96777,391,9158
120,16,352,5823,60,93604,392,1309
120,16,352,5823,60,93604,392,1309
120,16,352,5823,60,93604,392,1309
120,16,352,6423,60,90332,392,3535
120,16,352,6423,60,90332,392,3535
120,16,352,6423,60,90332,392,3535
120,16,352,7026,60,87061,392,5762
120,16,352,7026,60,87061,392,5762
120,16,352,7026,60,87061,392,5762
120,16,352,7673,60,83545,392,8158
120,16,352,7673,60,83545,392,8158
120,16,352,7673,60,83545,392,8158
120,16,352,8274,60,80273,393,0377
120,16,352,8274,60,80273,393,0377
120,16,352,8274,60,80273,393,0377
120,16,352,8879,60,77002,393,2614
120,16,352,8879,60,77002,393,2614
120,16,352,8879,60,77002,393,2614
120,16,352,9482,60,7373,393,4847
120,16,352,9482,60,7373,393,4847
120,16,352,9482,60,7373,393,4847
120,16,352,9482,60,7373,393,4847
120,16,352,9482,60,7373,393,4847
120,16,352,9482,60,7373,393,4847
120,16,352,9482,60,7373,393,4847
120,16,352,9482,60,7373,393,4847
120,16,352,9482,60,7373,393,4847
120,16,352,9482,60,7373,393,4847
120,16,352,9482,60,7373,393,4847
120,16,352,9482,60,7373,393,4847
120,16,352,9482,60,7373,393,4847
120,16,352,9482,60,7373,393,4847
120,16,352,9482,60,7373,393,4847
120,16,352,9482,60,7373,393,4847
120,16,353,0154,60,70117,393,7329
120,16,353,0154,60,70117,393,7329
120,16,353,0154,60,70117,393,7329
120,16,353,0669,60,67334,393,9237
120,16,353,0669,60,67334,393,9237
120,16,353,0669,60,67334,393,9237
120,16,353,1331,60,6377,394,1682
120,16,353,1331,60,6377,394,1682
120,16,353,1331,60,6377,394,1682
120,16,353,198,60,60254,394,4084
120,16,353,198,60,60254,394,4084
120,16,353,198,60,60254,394,4084
120,16,353,2595,60,56934,394,6357
120,16,353,2595,60,56934,394,6357
120,16,353,2595,60,56934,394,6357
120,16,353,3198,60,53662,394,8589
120,16,353,3198,60,53662,394,8589
120,16,353,3198,60,53662,394,8589
120,16,353,3809,60,50342,395,0844
120,16,353,3809,60,50342,395,0844
120,16,353,3809,60,50342,395,0844
120,16,353,449,60,46631,395,3361
120,16,353,449,60,46631,395,3361
120,16,353,449,60,46631,395,3361
120,16,353,512,60,43213,395,5693
120,16,353,512,60,43213,395,5693
120,16,353,512,60,43213,395,5693
120,16,353,5725,60,39941,395,7937
120,16,353,5725,60,39941,395,7937
120,16,353,5725,60,39941,395,7937
120,16,353,6328,60,3667,396,0166
120,16,353,6328,60,3667,396,0166
120,16,353,6328,60,3667,396,0166
120,16,353,6936,60,3335,396,2415
120,16,353,6936,60,3335,396,2415
120,16,353,6936,60,3335,396,2415
120,16,353,7573,60,29883,396,4772
120,16,353,7573,60,29883,396,4772
120,16,353,7573,60,29883,396,4772
120,16,353,8235,60,26318,396,7219
120,16,353,8235,60,26318,396,7219
120,16,353,8235,60,26318,396,7219
120,16,353,8804,60,23242,396,9325
120,16,353,8804,60,23242,396,9325
120,16,353,8804,60,23242,396,9325
120,16,353,9414,60,19922,397,158
120,16,353,9414,60,19922,397,158
120,16,353,9414,60,19922,397,158
120,16,354,0051,60,16455,397,3939
120,16,354,0051,60,16455,397,3939
120,16,354,0051,60,16455,397,3939
120,16,354,0051,60,16455,397,3939
120,16,354,0051,60,16455,397,3939
120,16,354,0051,60,16455,397,3939
120,16,354,0051,60,16455,397,3939
120,16,354,0051,60,16455,397,3939
120,16,354,0051,60,16455,397,3939
120,16,354,0051,60,16455,397,3939
120,17,354,0051,60,16455,397,3939
120,17,354,0051,60,16455,397,3939
120,17,354,0051,60,16455,397,3939
120,17,354,0532,60,13818,397,5723
120,17,354,0532,60,13818,397,5723
120,17,354,0532,60,13818,397,5723
120,17,354,103,60,11133,397,7564
120,17,354,103,60,11133,397,7564
120,17,354,103,60,11133,397,7564
120,17,354,1648,60,07813,397,9846
120,17,354,1648,60,07813,397,9846
120,17,354,1648,60,07813,397,9846
120,17,354,2271,60,04443,398,2148
120,17,354,2271,60,04443,398,2148
120,17,354,2271,60,04443,398,2148
120,17,354,2903,60,01025,398,449
120,17,354,2903,60,01025,398,449
120,17,354,2903,60,01025,398,449
120,17,354,353,59,97607,398,681
120,17,354,353,59,97607,398,681
120,17,354,353,59,97607,398,681
120,17,354,4146,59,94287,398,9086
120,17,354,4146,59,94287,398,9086
120,17,354,4146,59,94287,398,9086
120,17,354,4761,59,90967,399,136
120,17,354,4761,59,90967,399,136
120,17,354,4761,59,90967,399,136
120,17,354,5388,59,87549,399,3678
120,17,354,5388,59,87549,399,3678
120,17,354,5388,59,87549,399,3678
120,17,354,5957,59,84473,399,5779
120,17,354,5957,59,84473,399,5779
120,17,354,5957,59,84473,399,5779
120,17,354,6584,59,81055,399,8098
120,17,354,6584,59,81055,399,8098
120,17,354,719,59,77783,400,0341
120,17,354,719,59,77783,400,0341
120,17,354,719,59,77783,400,0341
120,17,354,7781,59,74561,400,2531
120,17,354,7781,59,74561,400,2531
120,17,354,7781,59,74561,400,2531
120,17,354,8369,59,71387,400,4705
120,17,354,8369,59,71387,400,4705
120,17,354,8369,59,71387,400,4705
120,17,354,895,59,68262,400,6851
120,17,354,895,59,68262,400,6851
120,17,354,895,59,68262,400,6851
120,17,354,957,59,64893,400,9142
120,17,354,957,59,64893,400,9142
120,17,354,957,59,64893,400,9142
120,17,355,0154,59,61719,401,1305
120,17,355,0154,59,61719,401,1305
120,17,355,0154,59,61719,401,1305
120,17,355,0791,59,58252,401,3663
120,17,355,0791,59,58252,401,3663
120,17,355,0791,59,58252,401,3663
120,17,355,0791,59,58252,401,3663
120,17,355,0791,59,58252,401,3663
120,17,355,0791,59,58252,401,3663
120,17,355,0791,59,58252,401,3663
120,17,355,0791,59,58252,401,3663
120,17,355,0791,59,58252,401,3663
120,17,355,0791,59,58252,401,3663
120,17,355,0791,59,58252,401,3663
120,17,355,0791,59,58252,401,3663
120,17,355,0791,59,58252,401,3663
120,17,355,1306,59,55469,401,5571
120,17,355,1306,59,55469,401,5571
120,17,355,1306,59,55469,401,5571
120,17,355,1797,59,52783,401,7389
120,17,355,1797,59,52783,401,7389
120,17,355,1797,59,52783,401,7389
120,17,355,2437,59,49316,401,9758
120,17,355,2437,59,49316,401,9758
120,17,355,2437,59,49316,401,9758
120,17,355,3037,59,46045,402,198
120,17,355,3037,59,46045,402,198
120,17,355,3037,59,46045,402,198
120,17,355,363,59,42822,402,4178
120,17,355,363,59,42822,402,4178
120,17,355,4248,59,39453,402,6466
120,17,355,4248,59,39453,402,6466
120,17,355,4248,59,39453,402,6466
120,17,355,4839,59,3623,402,8652
120,17,355,4839,59,3623,402,8652
120,17,355,4839,59,3623,402,8652
120,17,355,5435,59,33008,403,0852
120,17,355,5435,59,33008,403,0852
120,17,355,5435,59,33008,403,0852
120,17,355,6055,59,29639,403,3147
120,17,355,6055,59,29639,403,3147
120,17,355,6055,59,29639,403,3147
120,17,355,6697,59,26172,403,5519
120,17,355,6697,59,26172,403,5519
120,17,355,6697,59,26172,403,5519
120,17,355,7317,59,22803,403,7813
120,17,355,7317,59,22803,403,7813
120,17,355,7317,59,22803,403,7813
120,17,355,7957,59,19336,404,0179
120,17,355,7957,59,19336,404,0179
120,17,355,7957,59,19336,404,0179
120,17,355,7957,59,19336,404,0179
120,17,355,8574,59,15967,404,2463
120,17,355,8574,59,15967,404,2463
120,17,355,8574,59,15967,404,2463
120,17,355,9243,59,12354,404,4938
120,17,355,9243,59,12354,404,4938
120,17,355,9243,59,12354,404,4938
120,17,355,9851,59,09033,404,7188
120,17,355,9851,59,09033,404,7188
120,17,356,0444,59,05811,404,9385
120,17,356,0444,59,05811,404,9385
120,17,356,0444,59,05811,404,9385
120,17,356,1028,59,02637,405,1538
120,17,356,1028,59,02637,405,1538
120,17,356,1028,59,02637,405,1538
120,17,356,1589,58,99609,405,3619
120,17,356,1589,58,99609,405,3619
120,17,356,1589,58,99609,405,3619
120,17,356,1589,58,99609,405,3619
120,17,356,1589,58,99609,405,3619
120,17,356,1589,58,99609,405,3619
120,17,356,1589,58,99609,405,3619
120,17,356,1589,58,99609,405,3619
120,17,356,1589,58,99609,405,3619
120,17,356,1589,58,99609,405,3619
120,17,356,1589,58,99609,405,3619
120,18,356,1589,58,99609,405,3619
120,18,356,1589,58,99609,405,3619
120,18,356,1589,58,99609,405,3619
120,18,356,1589,58,99609,405,3619
120,18,356,1589,58,99609,405,3619
120,18,356,2092,58,96875,405,548
120,18,356,2092,58,96875,405,548
120,18,356,2092,58,96875,405,548
120,18,356,2712,58,93506,405,7776
120,18,356,2712,58,93506,405,7776
120,18,356,2712,58,93506,405,7776
120,18,356,3342,58,90088,406,0103
120,18,356,3342,58,90088,406,0103
120,18,356,3342,58,90088,406,0103
120,18,356,3975,58,8667,406,2446
120,18,356,3975,58,8667,406,2446
120,18,356,3975,58,8667,406,2446
120,18,356,4641,58,83057,406,4911
120,18,356,4641,58,83057,406,4911
120,18,356,5193,58,80078,406,6952
120,18,356,5193,58,80078,406,6952
120,18,356,5193,58,80078,406,6952
120,18,356,5747,58,77051,406,9003
120,18,356,5747,58,77051,406,9003
120,18,356,5747,58,77051,406,9003
120,18,356,6299,58,74072,407,1046
120,18,356,6299,58,74072,407,1046
120,18,356,6838,58,71143,407,3046
120,18,356,6838,58,71143,407,3046
120,18,356,6838,58,71143,407,3046
120,18,356,741,58,68018,407,5161
120,18,356,741,58,68018,407,5161
120,18,356,741,58,68018,407,5161
120,18,356,7981,58,64941,407,7274
120,18,356,7981,58,64941,407,7274
120,18,356,7981,58,64941,407,7274
120,18,356,8545,58,61865,407,9357
120,18,356,8545,58,61865,407,9357
120,18,356,8545,58,61865,407,9357
120,18,356,9119,58,5874,408,1481
120,18,356,9119,58,5874,408,1481
120,18,356,9688,58,55664,408,3585
120,18,356,9688,58,55664,408,3585
120,18,356,9688,58,55664,408,3585
120,18,357,0239,58,52686,408,563
120,18,357,0239,58,52686,408,563
120,18,357,0239,58,52686,408,563
120,18,357,0876,58,49219,408,799
120,18,357,0876,58,49219,408,799
120,18,357,0876,58,49219,408,799
120,18,357,0876,58,49219,408,799
120,18,357,1472,58,45996,409,0191
120,18,357,1472,58,45996,409,0191
120,18,357,1472,58,45996,409,0191
120,18,357,1472,58,45996,409,0191
120,18,357,2312,58,41455,409,3298
120,18,357,2312,58,41455,409,3298
120,18,357,2312,58,41455,409,3298
120,18,357,2312,58,41455,409,3298
120,18,357,2312,58,41455,409,3298
120,18,357,2312,58,41455,409,3298
120,18,357,2312,58,41455,409,3298
120,18,357,2312,58,41455,409,3298
120,18,357,2312,58,41455,409,3298
120,18,357,2312,58,41455,409,3298
120,18,357,2312,58,41455,409,3298
120,18,357,2312,58,41455,409,3298
120,18,357,2312,58,41455,409,3298
120,18,357,2869,58,38428,409,5358
120,18,357,2869,58,38428,409,5358
120,18,357,2869,58,38428,409,5358
120,18,357,3425,58,354,409,7415
120,18,357,3425,58,354,409,7415
120,18,357,3425,58,354,409,7415
120,18,357,4094,58,31787,409,9893
120,18,357,4094,58,31787,409,9893
120,18,357,4094,58,31787,409,9893
120,18,357,4768,58,28125,410,238
120,18,357,4768,58,28125,410,238
120,18,357,4768,58,28125,410,238
120,18,357,4768,58,28125,410,238
120,18,357,5408,58,24658,410,4749
120,18,357,5408,58,24658,410,4749
120,18,357,5408,58,24658,410,4749
120,18,357,5408,58,24658,410,4749
120,18,357,5408,58,24658,410,4749
120,18,357,6235,58,20166,410,7813
120,18,357,6235,58,20166,410,7813
120,18,357,6235,58,20166,410,7813
120,18,357,6235,58,20166,410,7813
120,18,357,7158,58,15186,411,1227
120,18,357,7158,58,15186,411,1227
120,18,357,7991,58,10693,411,4305
120,18,357,7991,58,10693,411,4305
120,18,357,7991,58,10693,411,4305
120,18,357,8574,58,0752,411,6462
120,18,357,8574,58,0752,411,6462
120,18,357,8574,58,0752,411,6462
120,18,357,9172,58,04297,411,8673
120,18,357,9172,58,04297,411,8673
120,18,357,9172,58,04297,411,8673
120,18,357,9729,58,0127,412,0735
120,18,357,9729,58,0127,412,0735
120,18,357,9729,58,0127,412,0735
120,18,358,0291,57,98242,412,2808
120,18,358,0291,57,98242,412,2808
120,18,358,0291,57,98242,412,2808
120,18,358,0901,57,94922,412,5069
120,18,358,0901,57,94922,412,5069
120,18,358,0901,57,94922,412,5069
120,18,358,0901,57,94922,412,5069
120,18,358,1536,57,91504,412,7417
120,18,358,1536,57,91504,412,7417
120,18,358,1536,57,91504,412,7417
120,18,358,2314,57,87256,413,0298
120,18,358,2314,57,87256,413,0298
120,18,358,2314,57,87256,413,0298
120,18,358,3003,57,83496,413,2848
120,18,358,3003,57,83496,413,2848
120,18,358,3003,57,83496,413,2848
120,18,358,3003,57,83496,413,2848
120,18,358,3003,57,83496,413,2848
120,18,358,3003,57,83496,413,2848
120,18,358,3003,57,83496,413,2848
120,19,358,3003,57,83496,413,2848
120,19,358,3003,57,83496,413,2848
120,19,358,3003,57,83496,413,2848
120,19,358,3501,57,80811,413,4691
120,19,358,3501,57,80811,413,4691
120,19,358,3501,57,80811,413,4691
120,19,358,4009,57,78027,413,6573
120,19,358,4009,57,78027,413,6573
120,19,358,4009,57,78027,413,6573
120,19,358,46,57,74805,413,8763
120,19,358,46,57,74805,413,8763
120,19,358,46,57,74805,413,8763
120,19,358,5142,57,71875,414,077
120,19,358,5142,57,71875,414,077
120,19,358,572,57,6875,414,2908
120,19,358,572,57,6875,414,2908
120,19,358,572,57,6875,414,2908
120,19,358,6287,57,65674,414,5001
120,19,358,6287,57,65674,414,5001
120,19,358,6287,57,65674,414,5001
120,19,358,6833,57,62695,414,7021
120,19,358,6833,57,62695,414,7021
120,19,358,7385,57,59717,414,9065
120,19,358,7385,57,59717,414,9065
120,19,358,7385,57,59717,414,9065
120,19,358,7937,57,56738,415,1106
120,19,358,7937,57,56738,415,1106
120,19,358,7937,57,56738,415,1106
120,19,358,8479,57,53809,415,3112
120,19,358,8479,57,53809,415,3112
120,19,358,8479,57,53809,415,3112
120,19,358,9111,57,50391,415,5452
120,19,358,9111,57,50391,415,5452
120,19,358,9111,57,50391,415,5452
120,19,358,9111,57,50391,415,5452
120,19,358,979,57,46729,415,7964
120,19,358,979,57,46729,415,7964
120,19,358,979,57,46729,415,7964
120,19,359,0505,57,42822,416,0613
120,19,359,0505,57,42822,416,0613
120,19,359,0505,57,42822,416,0613
120,19,359,1199,57,39063,416,3176
120,19,359,1199,57,39063,416,3176
120,19,359,1199,57,39063,416,3176
120,19,359,1199,57,39063,416,3176
120,19,359,1875,57,354,416,5678
120,19,359,1875,57,354,416,5678
120,19,359,1875,57,354,416,5678
120,19,359,2595,57,31494,416,8342
120,19,359,2595,57,31494,416,8342
120,19,359,2595,57,31494,416,8342
120,19,359,3228,57,28076,417,0681
120,19,359,3228,57,28076,417,0681
120,19,359,3228,57,28076,417,0681
120,19,359,3228,57,28076,417,0681
120,19,359,3228,57,28076,417,0681
120,19,359,3228,57,28076,417,0681
120,19,359,3228,57,28076,417,0681
120,19,359,3228,57,28076,417,0681
120,19,359,3228,57,28076,417,0681
120,19,359,3228,57,28076,417,0681
120,19,359,3228,57,28076,417,0681
120,19,359,3228,57,28076,417,0681
120,19,359,3228,57,28076,417,0681
120,19,359,3228,57,28076,417,0681
120,19,359,3228,57,28076,417,0681
120,19,359,3228,57,28076,417,0681
120,19,359,3865,57,24609,417,3035
120,19,359,3865,57,24609,417,3035
120,19,359,3865,57,24609,417,3035
120,19,359,4412,57,21631,417,5055
120,19,359,4412,57,21631,417,5055
120,19,359,4412,57,21631,417,5055
120,19,359,5049,57,18164,417,7411
120,19,359,5049,57,18164,417,7411
120,19,359,5698,57,14648,417,9814
120,19,359,5698,57,14648,417,9814
120,19,359,5698,57,14648,417,9814
120,19,359,6238,57,11719,418,181
120,19,359,6238,57,11719,418,181
120,19,359,6748,57,08936,418,3699
120,19,359,6748,57,08936,418,3699
120,19,359,6748,57,08936,418,3699
120,19,359,7297,57,05957,418,5735
120,19,359,7297,57,05957,418,5735
120,19,359,7297,57,05957,418,5735
120,19,359,7808,57,03174,418,7621
120,19,359,7808,57,03174,418,7621
120,19,359,8364,57,00146,418,968
120,19,359,8364,57,00146,418,968
120,19,359,8364,57,00146,418,968
120,19,359,8889,56,97314,419,1621
120,19,359,8889,56,97314,419,1621
120,19,359,8889,56,97314,419,1621
120,19,359,9473,56,94141,419,378
120,19,359,9473,56,94141,419,378
120,19,360,0034,56,91113,419,5857
120,19,360,0034,56,91113,419,5857
120,19,360,0034,56,91113,419,5857
120,19,360,0566,56,88232,419,7828
120,19,360,0566,56,88232,419,7828
120,19,360,0566,56,88232,419,7828
120,19,360,1104,56,85303,419,9814
120,19,360,1104,56,85303,419,9814
120,19,360,1104,56,85303,419,9814
120,19,360,1714,56,81982,420,207
120,19,360,1714,56,81982,420,207
120,19,360,1714,56,81982,420,207
120,19,360,2322,56,78662,420,4323
120,19,360,2322,56,78662,420,4323
120,19,360,2893,56,75586,420,6434
120,19,360,2893,56,75586,420,6434
120,19,360,2893,56,75586,420,6434
120,19,360,3506,56,72266,420,8696
120,19,360,3506,56,72266,420,8696
120,19,360,3506,56,72266,420,8696
120,19,360,406,56,69238,421,0751
120,19,360,406,56,69238,421,0751
120,19,360,406,56,69238,421,0751
120,19,360,406,56,69238,421,0751
120,19,360,406,56,69238,421,0751
120,19,360,406,56,69238,421,0751
120,19,360,406,56,69238,421,0751
120,19,360,406,56,69238,421,0751
120,19,360,406,56,69238,421,0751
120,19,360,406,56,69238,421,0751
120,20,360,406,56,69238,421,0751
120,20,360,406,56,69238,421,0751
120,20,360,406,56,69238,421,0751
120,20,360,4512,56,66797,421,2418
120,20,360,4512,56,66797,421,2418
120,20,360,4512,56,66797,421,2418
120,20,360,4993,56,64209,421,4194
120,20,360,4993,56,64209,421,4194
120,20,360,4993,56,64209,421,4194
120,20,360,5632,56,60742,421,6556
120,20,360,5632,56,60742,421,6556
120,20,360,5632,56,60742,421,6556
120,20,360,5632,56,60742,421,6556
120,20,360,6274,56,57275,421,8934
120,20,360,6274,56,57275,421,8934
120,20,360,6274,56,57275,421,8934
120,20,360,698,56,53467,422,1544
120,20,360,698,56,53467,422,1544
120,20,360,698,56,53467,422,1544
120,20,360,7681,56,49658,422,4132
120,20,360,7681,56,49658,422,4132
120,20,360,8208,56,46777,422,6082
120,20,360,8208,56,46777,422,6082
120,20,360,8208,56,46777,422,6082
120,20,360,8208,56,46777,422,6082
120,20,360,8762,56,4375,422,8136
120,20,360,8762,56,4375,422,8136
120,20,360,8762,56,4375,422,8136
120,20,360,9463,56,39941,423,0729
120,20,361,0071,56,36621,423,298
120,20,361,0071,56,36621,423,298
120,20,361,0417,56,34717,423,4266
120,20,361,0417,56,34717,423,4266
120,20,361,0789,56,32715,423,5642
120,20,361,0789,56,32715,423,5642
120,20,361,1165,56,30664,423,703
120,20,361,1516,56,2876,423,8335
120,20,361,1516,56,2876,423,8335
120,20,361,1892,56,26709,423,9727
120,20,361,1892,56,26709,423,9727
120,20,361,2244,56,24805,424,1023
120,20,361,2581,56,22998,424,227
120,20,361,2581,56,22998,424,227
120,20,361,2581,56,22998,424,227
120,20,361,2937,56,21045,424,3588
120,20,361,2937,56,21045,424,3588
120,20,361,2937,56,21045,424,3588
120,20,361,354,56,17773,424,5822
120,20,361,354,56,17773,424,5822
120,20,361,4045,56,15039,424,7693
120,20,361,4045,56,15039,424,7693
120,20,361,4045,56,15039,424,7693
120,20,361,4561,56,12256,424,9595
120,20,361,4561,56,12256,424,9595
120,20,361,4561,56,12256,424,9595
120,20,361,4561,56,12256,424,9595
120,20,361,4561,56,12256,424,9595
120,20,361,4561,56,12256,424,9595
120,20,361,4561,56,12256,424,9595
120,20,361,4561,56,12256,424,9595
120,20,361,4561,56,12256,424,9595
120,20,361,4561,56,12256,424,9595
120,20,361,4561,56,12256,424,9595
120,20,361,4993,56,09912,425,1196
120,20,361,4993,56,09912,425,1196
120,20,361,5442,56,07471,425,2863
120,20,361,5442,56,07471,425,2863
120,20,361,5442,56,07471,425,2863
120,20,361,5442,56,07471,425,2863
120,20,361,6001,56,04443,425,493
120,20,361,6001,56,04443,425,493
120,20,361,6001,56,04443,425,493
120,20,361,6001,56,04443,425,493
120,20,361,668,56,00781,425,7438
120,20,361,668,56,00781,425,7438
120,20,361,668,56,00781,425,7438
120,20,361,668,56,00781,425,7438
120,20,361,7483,55,96436,426,0409
120,20,361,7483,55,96436,426,0409
120,20,361,7483,55,96436,426,0409
120,20,361,8401,55,91455,426,3801
120,20,361,8401,55,91455,426,3801
120,20,361,8401,55,91455,426,3801
120,20,361,9104,55,87646,426,6403
120,20,361,9104,55,87646,426,6403
120,20,361,9104,55,87646,426,6403
120,20,361,9675,55,8457,426,8516
120,20,361,9675,55,8457,426,8516
120,20,361,9675,55,8457,426,8516
120,20,362,0261,55,81396,427,0687
120,20,362,0261,55,81396,427,0687
120,20,362,0815,55,78418,427,2736
120,20,362,0815,55,78418,427,2736
120,20,362,0815,55,78418,427,2736
120,20,362,0815,55,78418,427,2736
120,20,362,0815,55,78418,427,2736
120,20,362,1382,55,75342,427,4832
120,20,362,1382,55,75342,427,4832
120,20,362,1382,55,75342,427,4832
120,20,362,2415,55,69727,427,8655
120,20,362,2415,55,69727,427,8655
120,20,362,2415,55,69727,427,8655
120,20,362,2942,55,66895,428,0603
120,20,362,2942,55,66895,428,0603
120,20,362,2942,55,66895,428,0603
120,20,362,3511,55,63818,428,2709
120,20,362,3511,55,63818,428,2709
120,20,362,3511,55,63818,428,2709
120,20,362,3511,55,63818,428,2709
120,20,362,3511,55,63818,428,2709
120,20,362,4146,55,60352,428,506
120,21,362,4146,55,60352,428,506
120,21,362,4146,55,60352,428,506
120,21,362,4146,55,60352,428,506
120,21,362,4146,55,60352,428,506
120,21,362,5178,55,54736,428,8883
120,21,362,5178,55,54736,428,8883
120,21,362,5178,55,54736,428,8883
120,21,362,6211,55,49121,429,2706
120,21,362,6211,55,49121,429,2706
120,21,362,6799,55,45947,429,4883
120,21,362,6799,55,45947,429,4883
120,21,362,6799,55,45947,429,4883
120,21,362,7327,55,43115,429,683
120,21,362,7327,55,43115,429,683
120,21,362,7327,55,43115,429,683
120,21,362,7925,55,39893,429,9044
120,21,362,7925,55,39893,429,9044
120,21,362,7925,55,39893,429,9044
120,21,362,8523,55,3667,430,1252
120,21,362,8523,55,3667,430,1252
120,21,362,8523,55,3667,430,1252
120,21,362,9075,55,33691,430,329
120,21,362,9075,55,33691,430,329
120,21,362,9673,55,3042,430,5507
120,21,362,9673,55,3042,430,5507
120,21,362,9673,55,3042,430,5507
120,21,363,0276,55,27148,430,7734
120,21,363,0276,55,27148,430,7734
120,21,363,0276,55,27148,430,7734
120,21,363,0891,55,23828,431,0012
120,21,363,0891,55,23828,431,0012
120,21,363,0891,55,23828,431,0012
120,21,363,0891,55,23828,431,0012
120,21,363,1492,55,20557,431,2237
120,21,363,1492,55,20557,431,2237
120,21,363,1492,55,20557,431,2237
120,21,363,2183,55,16797,431,4794
120,21,363,2183,55,16797,431,4794
120,21,363,2183,55,16797,431,4794
120,21,363,2827,55,13281,431,7177
120,21,363,2827,55,13281,431,7177
120,21,363,2827,55,13281,431,7177
120,21,363,3464,55,09814,431,9529
120,21,363,3464,55,09814,431,9529
120,21,363,3464,55,09814,431,9529
120,21,363,417,55,06006,432,2136
120,21,363,417,55,06006,432,2136
120,21,363,417,55,06006,432,2136
120,21,363,4797,55,02588,432,4461
120,21,363,4797,55,02588,432,4461
120,21,363,4797,55,02588,432,4461
120,21,363,5396,54,99365,432,6672
120,21,363,5396,54,99365,432,6672
120,21,363,5396,54,99365,432,6672
120,21,363,6018,54,95996,432,8975
120,21,363,6018,54,95996,432,8975
120,21,363,6018,54,95996,432,8975
120,21,363,6018,54,95996,432,8975
120,21,363,6018,54,95996,432,8975
120,21,363,6018,54,95996,432,8975
120,21,363,6018,54,95996,432,8975
120,21,363,6018,54,95996,432,8975
120,21,363,655,54,93115,433,0939
120,21,363,655,54,93115,433,0939
120,21,363,655,54,93115,433,0939
120,21,363,7034,54,90479,433,2731
120,21,363,7034,54,90479,433,2731
120,21,363,7034,54,90479,433,2731
120,21,363,7634,54,87207,433,4955
120,21,363,7634,54,87207,433,4955
120,21,363,7634,54,87207,433,4955
120,21,363,8259,54,83838,433,727
120,21,363,8259,54,83838,433,727
120,21,363,8259,54,83838,433,727
120,21,363,8843,54,80664,433,9431
120,21,363,8843,54,80664,433,9431
120,21,363,8843,54,80664,433,9431
120,21,363,9458,54,77344,434,1708
120,21,363,9458,54,77344,434,1708
120,21,363,9458,54,77344,434,1708
120,21,364,0017,54,74316,434,3778
120,21,364,0017,54,74316,434,3778
120,21,364,0586,54,7124,434,5879
120,21,364,0586,54,7124,434,5879
120,21,364,0586,54,7124,434,5879
120,21,364,1191,54,67969,434,8123
120,21,364,1191,54,67969,434,8123
120,21,364,1191,54,67969,434,8123
120,21,364,1775,54,64795,435,0282
120,21,364,1775,54,64795,435,0282
120,21,364,1775,54,64795,435,0282
120,21,364,2349,54,6167,435,2404
120,21,364,2349,54,6167,435,2404
120,21,364,2349,54,6167,435,2404
120,21,364,2917,54,58594,435,4509
120,21,364,2917,54,58594,435,4509
120,21,364,2917,54,58594,435,4509
120,21,364,3528,54,55273,435,6767
120,21,364,3528,54,55273,435,6767
120,21,364,4092,54,52197,435,885
120,21,364,4092,54,52197,435,885
120,21,364,4092,54,52197,435,885
120,21,364,4656,54,49121,436,0933
120,21,364,4656,54,49121,436,0933
120,21,364,4656,54,49121,436,0933
120,21,364,5215,54,46094,436,2999
120,21,364,5215,54,46094,436,2999
120,21,364,5215,54,46094,436,2999
120,21,364,5774,54,43066,436,5067
120,21,364,5774,54,43066,436,5067
120,21,364,5774,54,43066,436,5067
120,21,364,6384,54,39746,436,7319
120,21,364,6384,54,39746,436,7319
120,21,364,6384,54,39746,436,7319
120,21,364,6384,54,39746,436,7319
120,21,364,6384,54,39746,436,7319
120,21,364,6384,54,39746,436,7319
120,21,364,6384,54,39746,436,7319
120,21,364,6384,54,39746,436,7319
120,21,364,6384,54,39746,436,7319
120,21,364,6384,54,39746,436,7319
120,21,364,6384,54,39746,436,7319
120,22,364,6384,54,39746,436,7319
120,22,364,6384,54,39746,436,7319
120,22,364,6384,54,39746,436,7319
120,22,364,6865,54,37158,436,9097
120,22,364,6865,54,37158,436,9097
120,22,364,6865,54,37158,436,9097
120,22,364,73,54,34814,437,0706
120,22,364,73,54,34814,437,0706
120,22,364,73,54,34814,437,0706
120,22,364,7881,54,31641,437,2855
120,22,364,7881,54,31641,437,2855
120,22,364,8479,54,28418,437,5062
120,22,364,8479,54,28418,437,5062
120,22,364,8479,54,28418,437,5062
120,22,364,9045,54,25342,437,7155
120,22,364,9045,54,25342,437,7155
120,22,364,9045,54,25342,437,7155
120,22,364,9573,54,22461,437,9107
120,22,364,9573,54,22461,437,9107
120,22,365,0085,54,19678,438,1
120,22,365,0085,54,19678,438,1
120,22,365,0085,54,19678,438,1
120,22,365,0637,54,16699,438,3043
120,22,365,0637,54,16699,438,3043
120,22,365,0637,54,16699,438,3043
120,22,365,1187,54,13721,438,5078
120,22,365,1187,54,13721,438,5078
120,22,365,1743,54,10693,438,714
120,22,365,1743,54,10693,438,714
120,22,365,1743,54,10693,438,714
120,22,365,2283,54,07764,438,9137
120,22,365,2283,54,07764,438,9137
120,22,365,2825,54,04834,439,1143
120,22,365,2825,54,04834,439,1143
120,22,365,2825,54,04834,439,1143
120,22,365,3367,54,01904,439,3151
120,22,365,3367,54,01904,439,3151
120,22,365,3367,54,01904,439,3151
120,22,365,394,53,98779,439,5272
120,22,365,394,53,98779,439,5272
120,22,365,4495,53,95752,439,7324
120,22,365,4495,53,95752,439,7324
120,22,365,4495,53,95752,439,7324
120,22,365,5012,53,92969,439,924
120,22,365,5012,53,92969,439,924
120,22,365,5513,53,90283,440,1088
120,22,365,5513,53,90283,440,1088
120,22,365,5513,53,90283,440,1088
120,22,365,6023,53,875,440,297
120,22,365,6023,53,875,440,297
120,22,365,6541,53,84668,440,4889
120,22,365,6541,53,84668,440,4889
120,22,365,6541,53,84668,440,4889
120,22,365,7097,53,81641,440,6946
120,22,365,7097,53,81641,440,6946
120,22,365,7097,53,81641,440,6946
120,22,365,7097,53,81641,440,6946
120,22,365,7097,53,81641,440,6946
120,22,365,7097,53,81641,440,6946
120,22,365,7097,53,81641,440,6946
120,22,365,7097,53,81641,440,6946
120,22,365,7097,53,81641,440,6946
120,22,365,7097,53,81641,440,6946
120,22,365,7097,53,81641,440,6946
120,22,365,7097,53,81641,440,6946
120,22,365,752,53,79346,440,851
120,22,365,752,53,79346,440,851
120,22,365,7932,53,771,441,0034
120,22,365,7932,53,771,441,0034
120,22,365,7932,53,771,441,0034
120,22,365,8428,53,74414,441,1871
120,22,365,8428,53,74414,441,1871
120,22,365,8904,53,71826,441,3633
120,22,365,8904,53,71826,441,3633
120,22,365,8904,53,71826,441,3633
120,22,365,947,53,6875,441,5725
120,22,365,947,53,6875,441,5725
120,22,365,9934,53,66211,441,7443
120,22,365,9934,53,66211,441,7443
120,22,366,0447,53,63428,441,9339
120,22,366,0447,53,63428,441,9339
120,22,366,0447,53,63428,441,9339
120,22,366,0908,53,60938,442,1049
120,22,366,0908,53,60938,442,1049
120,22,366,1377,53,58398,442,2782
120,22,366,1377,53,58398,442,2782
120,22,366,1853,53,55811,442,4539
120,22,366,1853,53,55811,442,4539
120,22,366,2312,53,5332,442,6235
120,22,366,2312,53,5332,442,6235
120,22,366,2312,53,5332,442,6235
120,22,366,2764,53,50879,442,7904
120,22,366,2764,53,50879,442,7904
120,22,366,3264,53,48193,442,9753
120,22,366,3264,53,48193,442,9753
120,22,366,3713,53,45752,443,142
120,22,366,3713,53,45752,443,142
120,22,366,4163,53,43311,443,308
120,22,366,4163,53,43311,443,308
120,22,366,4617,53,40869,443,4756
120,22,366,4617,53,40869,443,4756
120,22,366,4617,53,40869,443,4756
120,22,366,5066,53,38428,443,6414
120,22,366,5066,53,38428,443,6414
120,22,366,5564,53,35742,443,8254
120,22,366,5564,53,35742,443,8254
120,22,366,604,53,33154,444,0017
120,22,366,604,53,33154,444,0017
120,22,366,6475,53,30811,444,1626
120,22,366,6475,53,30811,444,1626
120,22,366,6475,53,30811,444,1626
120,22,366,6921,53,28418,444,3275
120,22,366,6921,53,28418,444,3275
120,22,366,7366,53,26025,444,4918
120,22,366,7366,53,26025,444,4918
120,22,366,7817,53,23584,444,6584
120,22,366,7817,53,23584,444,6584
120,22,366,7817,53,23584,444,6584
120,22,366,7817,53,23584,444,6584
120,22,366,7817,53,23584,444,6584
120,22,366,7817,53,23584,444,6584
120,22,366,7817,53,23584,444,6584
120,22,366,7817,53,23584,444,6584
120,23,366,7817,53,23584,444,6584
120,23,366,7817,53,23584,444,6584
120,23,366,7817,53,23584,444,6584
120,23,366,8157,53,21729,444,7842
120,23,366,8157,53,21729,444,7842
120,23,366,8523,53,19727,444,9199
120,23,366,8523,53,19727,444,9199
120,23,366,8992,53,17188,445,0932
120,23,366,8992,53,17188,445,0932
120,23,366,9451,53,14697,445,2627
120,23,366,9451,53,14697,445,2627
120,23,366,9919,53,12158,445,4357
120,23,366,9919,53,12158,445,4357
120,23,366,9919,53,12158,445,4357
120,23,367,0354,53,09814,445,5969
120,23,367,0354,53,09814,445,5969
120,23,367,0793,53,07422,445,7594
120,23,367,0793,53,07422,445,7594
120,23,367,1233,53,05029,445,9216
120,23,367,1233,53,05029,445,9216
120,23,367,1685,53,02588,446,0889
120,23,367,1685,53,02588,446,0889
120,23,367,2136,53,00146,446,2556
120,23,367,2136,53,00146,446,2556
120,23,367,2585,52,97705,446,4213
120,23,367,2585,52,97705,446,4213
120,23,367,301,52,9541,446,5786
120,23,367,301,52,9541,446,5786
120,23,367,301,52,9541,446,5786
120,23,367,344,52,93066,446,7379
120,23,367,344,52,93066,446,7379
120,23,367,3918,52,90479,446,9154
120,23,367,3918,52,90479,446,9154
120,23,367,4348,52,88135,447,0746
120,23,367,4348,52,88135,447,0746
120,23,367,4795,52,85693,447,2402
120,23,367,4795,52,85693,447,2402
120,23,367,5229,52,8335,447,4009
120,23,367,5229,52,8335,447,4009
120,23,367,5654,52,81055,447,5579
120,23,367,5654,52,81055,447,5579
120,23,367,6086,52,78711,447,7173
120,23,367,6086,52,78711,447,7173
120,23,367,6086,52,78711,447,7173
120,23,367,6519,52,76367,447,8768
120,23,367,6519,52,76367,447,8768
120,23,367,7024,52,73633,448,0636
120,23,367,7024,52,73633,448,0636
120,23,367,7471,52,71191,448,2289
120,23,367,7471,52,71191,448,2289
120,23,367,79,52,68848,448,3878
120,23,367,79,52,68848,448,3878
120,23,367,8315,52,66602,448,5415
120,23,367,8315,52,66602,448,5415
120,23,367,8315,52,66602,448,5415
120,23,367,8315,52,66602,448,5415
120,23,367,8315,52,66602,448,5415
120,23,367,8315,52,66602,448,5415
120,23,367,8315,52,66602,448,5415
120,23,367,8315,52,66602,448,5415
120,23,367,8315,52,66602,448,5415
120,23,367,8315,52,66602,448,5415
120,23,367,8315,52,66602,448,5415
120,23,367,8315,52,66602,448,5415
120,23,367,8315,52,66602,448,5415
120,23,367,8647,52,64795,448,6647
120,23,367,8647,52,64795,448,6647
120,23,367,8953,52,63135,448,7772
120,23,367,8953,52,63135,448,7772
120,23,367,9392,52,60742,448,9397
120,23,367,9392,52,60742,448,9397
120,23,367,9812,52,58496,449,0946
120,23,367,9812,52,58496,449,0946
120,23,368,0254,52,56104,449,2582
120,23,368,0254,52,56104,449,2582
120,23,368,0657,52,53906,449,407
120,23,368,0657,52,53906,449,407
120,23,368,1057,52,51758,449,5549
120,23,368,1057,52,51758,449,5549
120,23,368,1472,52,49512,449,7083
120,23,368,1472,52,49512,449,7083
120,23,368,1877,52,47314,449,8577
120,23,368,1877,52,47314,449,8577
120,23,368,229,52,45068,450,0103
120,23,368,2603,52,43359,450,1259
120,23,368,2603,52,43359,450,1259
120,23,368,2939,52,41553,450,2503
120,23,368,3247,52,39893,450,3641
120,23,368,3247,52,39893,450,3641
120,23,368,3545,52,38281,450,4744
120,23,368,3833,52,36719,450,5806
120,23,368,4138,52,35059,450,693
120,23,368,4138,52,35059,450,693
120,23,368,4438,52,33447,450,8038
120,23,368,4731,52,31836,450,9125
120,23,368,4731,52,31836,450,9125
120,23,368,5037,52,30176,451,0259
120,23,368,5037,52,30176,451,0259
120,23,368,5332,52,28564,451,1355
120,23,368,5332,52,28564,451,1355
120,23,368,5754,52,2627,451,2915
120,23,368,5754,52,2627,451,2915
120,23,368,614,52,2417,451,4347
120,23,368,614,52,2417,451,4347
120,23,368,6541,52,21973,451,5833
120,23,368,6541,52,21973,451,5833
120,23,368,698,52,1958,451,746
120,23,368,698,52,1958,451,746
120,23,368,7437,52,1709,451,915
120,23,368,7437,52,1709,451,915
120,23,368,7871,52,14746,452,0755
120,23,368,7871,52,14746,452,0755
120,23,368,7871,52,14746,452,0755
120,23,368,835,52,12158,452,2525
120,23,368,835,52,12158,452,2525
120,23,368,8799,52,09717,452,4185
120,23,368,8799,52,09717,452,4185
120,23,368,8799,52,09717,452,4185
120,23,368,8799,52,09717,452,4185
120,23,368,8799,52,09717,452,4185
120,23,368,8799,52,09717,452,4185
120,23,368,8799,52,09717,452,4185
120,23,368,8799,52,09717,452,4185
120,23,368,8799,52,09717,452,4185
120,23,368,8799,52,09717,452,4185
120,23,368,8799,52,09717,452,4185
120,23,368,8799,52,09717,452,4185
120,24,368,8799,52,09717,452,4185
120,24,368,8799,52,09717,452,4185
120,24,368,9158,52,07764,452,5513
120,24,368,9158,52,07764,452,5513
120,24,368,9158,52,07764,452,5513
120,24,368,9534,52,05713,452,6905
120,24,368,9534,52,05713,452,6905
120,24,369,0002,52,03174,452,8639
120,24,369,0002,52,03174,452,8639
120,24,369,0474,52,00635,453,0378
120,24,369,0474,52,00635,453,0378
120,24,369,0945,51,98096,453,2126
120,24,369,1248,51,96436,453,3246
120,24,369,1248,51,96436,453,3246
120,24,369,155,51,94775,453,4368
120,24,369,1851,51,93164,453,5477
120,24,369,2148,51,91553,453,6577
120,24,369,2148,51,91553,453,6577
120,24,369,2446,51,89941,453,7677
120,24,369,2751,51,88281,453,8807
120,24,369,2751,51,88281,453,8807
120,24,369,3057,51,86621,453,9934
120,24,369,3369,51,84912,454,1093
120,24,369,3369,51,84912,454,1093
120,24,369,3674,51,83252,454,2223
120,24,369,3674,51,83252,454,2223
120,24,369,4043,51,8125,454,3587
120,24,369,4341,51,79639,454,4689
120,24,369,4641,51,78027,454,5803
120,24,369,4641,51,78027,454,5803
120,24,369,4937,51,76416,454,6892
120,24,369,5227,51,74854,454,7963
120,24,369,5227,51,74854,454,7963
120,24,369,5525,51,73242,454,9064
120,24,369,5837,51,71533,455,0222
120,24,369,5837,51,71533,455,0222
120,24,369,615,51,69824,455,1377
120,24,369,615,51,69824,455,1377
120,24,369,615,51,69824,455,1377
120,24,369,6575,51,67529,455,2949
120,24,369,6575,51,67529,455,2949
120,24,369,7017,51,65137,455,4587
120,24,369,7017,51,65137,455,4587
120,24,369,7456,51,62744,455,6216
120,24,369,7456,51,62744,455,6216
120,24,369,7893,51,604,455,7833
120,24,369,7893,51,604,455,7833
120,24,369,8337,51,58008,455,9481
120,24,369,8337,51,58008,455,9481
120,24,369,8811,51,5542,456,1235
120,24,369,8811,51,5542,456,1235
120,24,369,9243,51,53076,456,2836
120,24,369,9243,51,53076,456,2836
120,24,369,9243,51,53076,456,2836
120,24,369,9243,51,53076,456,2836
120,24,369,9243,51,53076,456,2836
120,24,369,9243,51,53076,456,2836
120,24,369,9243,51,53076,456,2836
120,24,369,9243,51,53076,456,2836
120,24,369,9243,51,53076,456,2836
120,24,369,9243,51,53076,456,2836
120,24,369,9243,51,53076,456,2836
120,24,369,9243,51,53076,456,2836
120,24,369,9243,51,53076,456,2836
120,24,369,9595,51,51172,456,4137
120,24,369,9595,51,51172,456,4137
120,24,369,9932,51,49365,456,5385
120,24,369,9932,51,49365,456,5385
120,24,370,0374,51,46973,456,7024
120,24,370,0374,51,46973,456,7024
120,24,370,0811,51,4458,456,8641
120,24,370,0811,51,4458,456,8641
120,24,370,126,51,42139,457,0303
120,24,370,126,51,42139,457,0303
120,24,370,1711,51,39697,457,1974
120,24,370,1711,51,39697,457,1974
120,24,370,1711,51,39697,457,1974
120,24,370,2126,51,37451,457,3508
120,24,370,2126,51,37451,457,3508
120,24,370,2546,51,35156,457,5063
120,24,370,2546,51,35156,457,5063
120,24,370,2991,51,32764,457,6702
120,24,370,2991,51,32764,457,6702
120,24,370,3408,51,30518,457,8247
120,24,370,3408,51,30518,457,8247
120,24,370,3833,51,28223,457,9817
120,24,370,3833,51,28223,457,9817
120,24,370,429,51,25732,458,1505
120,24,370,429,51,25732,458,1505
120,24,370,4688,51,23584,458,2976
120,24,370,4688,51,23584,458,2976
120,24,370,5122,51,2124,458,4587
120,24,370,5122,51,2124,458,4587
120,24,370,554,51,18994,458,6133
120,24,370,554,51,18994,458,6133
120,24,370,5957,51,16748,458,7675
120,24,370,5957,51,16748,458,7675
120,24,370,637,51,14502,458,9197
120,24,370,637,51,14502,458,9197
120,24,370,6814,51,12109,459,084
120,24,370,6814,51,12109,459,084
120,24,370,7236,51,09814,459,2405
120,24,370,7236,51,09814,459,2405
120,24,370,7236,51,09814,459,2405
120,24,370,771,51,07227,459,4156
120,24,370,771,51,07227,459,4156
120,24,370,8157,51,04785,459,5813
120,24,370,8157,51,04785,459,5813
120,24,370,8599,51,02393,459,7446
120,24,370,8599,51,02393,459,7446
120,24,370,9033,51,00049,459,9053
120,24,370,9033,51,00049,459,9053
120,24,370,9487,50,97607,460,0729
120,24,370,9487,50,97607,460,0729
120,24,370,9487,50,97607,460,0729
120,24,370,9487,50,97607,460,0729
120,24,370,9487,50,97607,460,0729
120,24,370,9487,50,97607,460,0729
120,24,370,9487,50,97607,460,0729
120,25,370,9487,50,97607,460,0729
120,25,370,9487,50,97607,460,0729
120,25,370,9832,50,95752,460,2007
120,25,370,9832,50,95752,460,2007
120,25,371,0166,50,93945,460,3245
120,25,371,0166,50,93945,460,3245
120,25,371,0608,50,91553,460,4884
120,25,371,0608,50,91553,460,4884
120,25,371,103,50,89258,460,6445
120,25,371,103,50,89258,460,6445
120,25,371,1467,50,86865,460,8063
120,25,371,1467,50,86865,460,8063
120,25,371,1897,50,84521,460,965
120,25,371,1897,50,84521,460,965
120,25,371,2324,50,82227,461,1234
120,25,371,2324,50,82227,461,1234
120,25,371,2324,50,82227,461,1234
120,25,371,2744,50,79932,461,2789
120,25,371,2744,50,79932,461,2789
120,25,371,3193,50,7749,461,4454
120,25,371,3193,50,7749,461,4454
120,25,371,3625,50,75146,461,6049
120,25,371,3625,50,75146,461,6049
120,25,371,4048,50,72852,461,7614
120,25,371,4048,50,72852,461,7614
120,25,371,4597,50,69873,461,965
120,25,371,4597,50,69873,461,965
120,25,371,4597,50,69873,461,965
120,25,371,5024,50,67578,462,1228
120,25,371,5024,50,67578,462,1228
120,25,371,5452,50,65234,462,2813
120,25,371,5452,50,65234,462,2813
120,25,371,5891,50,62842,462,4435
120,25,371,5891,50,62842,462,4435
120,25,371,6309,50,60596,462,5982
120,25,371,6309,50,60596,462,5982
120,25,371,6731,50,58301,462,7542
120,25,371,6731,50,58301,462,7542
120,25,371,7156,50,56006,462,9115
120,25,371,7156,50,56006,462,9115
120,25,371,7571,50,5376,463,0648
120,25,371,7571,50,5376,463,0648
120,25,371,7988,50,51514,463,2192
120,25,371,7988,50,51514,463,2192
120,25,371,8425,50,49121,463,3812
120,25,371,8425,50,49121,463,3812
120,25,371,8843,50,46875,463,5359
120,25,371,8843,50,46875,463,5359
120,25,371,9258,50,44629,463,6893
120,25,371,9258,50,44629,463,6893
120,25,371,9675,50,42383,463,8436
120,25,371,9675,50,42383,463,8436
120,25,372,0105,50,40039,464,0024
120,25,372,0105,50,40039,464,0024
120,25,372,0105,50,40039,464,0024
120,25,372,0105,50,40039,464,0024
120,25,372,0105,50,40039,464,0024
120,25,372,0105,50,40039,464,0024
120,25,372,0105,50,40039,464,0024
120,25,372,0105,50,40039,464,0024
120,25,372,0105,50,40039,464,0024
120,25,372,0105,50,40039,464,0024
120,25,372,0105,50,40039,464,0024
120,25,372,0105,50,40039,464,0024
120,25,372,0105,50,40039,464,0024
120,25,372,0105,50,40039,464,0024
120,25,372,0105,50,40039,464,0024
120,25,372,0452,50,38184,464,1303
120,25,372,0452,50,38184,464,1303
120,25,372,0771,50,36426,464,2489
120,25,372,0771,50,36426,464,2489
120,25,372,1206,50,34082,464,4099
120,25,372,1206,50,34082,464,4099
120,25,372,1638,50,31738,464,5701
120,25,372,1638,50,31738,464,5701
120,25,372,207,50,29395,464,7296
120,25,372,207,50,29395,464,7296
120,25,372,251,50,27002,464,8925
120,25,372,251,50,27002,464,8925
120,25,372,251,50,27002,464,8925
120,25,372,2937,50,24707,465,0502
120,25,372,2937,50,24707,465,0502
120,25,372,3367,50,22363,465,2089
120,25,372,3367,50,22363,465,2089
120,25,372,3784,50,20117,465,3636
120,25,372,3784,50,20117,465,3636
120,25,372,4231,50,17676,465,5284
120,25,372,4231,50,17676,465,5284
120,25,372,4663,50,15332,465,688
120,25,372,4663,50,15332,465,688
120,25,372,5088,50,13037,465,8452
120,25,372,5088,50,13037,465,8452
120,25,372,5867,50,11182,465,9663
120,25,372,5867,50,11182,465,9663
120,25,372,7502,50,104,466,0024
120,25,372,7502,50,104,466,0024
120,25,372,9097,50,09668,466,0377
120,25,372,9097,50,09668,466,0377
120,25,373,0691,50,08936,466,073
120,25,373,0691,50,08936,466,073
120,25,373,2285,50,08203,466,1083
120,25,373,2285,50,08203,466,1083
120,25,373,3928,50,07422,466,1447
120,25,373,3928,50,07422,466,1447
120,25,373,5554,50,06641,466,1806
120,25,373,5554,50,06641,466,1806
120,25,373,7134,50,05908,466,2155
120,25,373,7134,50,05908,466,2155
120,25,373,8728,50,05176,466,2507
120,25,373,8728,50,05176,466,2507
120,25,374,033,50,04443,466,2861
120,25,374,033,50,04443,466,2861
120,25,374,1746,50,0376,466,3174
120,25,374,1746,50,0376,466,3174
120,25,374,3347,50,03027,466,3528
120,25,374,3347,50,03027,466,3528
120,25,374,4873,50,02295,466,3865
120,25,374,4873,50,02295,466,3865
120,25,374,4873,50,02295,466,3865
120,25,374,4873,50,02295,466,3865
120,25,374,4873,50,02295,466,3865
120,25,374,4873,50,02295,466,3865
120,25,374,4873,50,02295,466,3865
120,25,374,4873,50,02295,466,3865
120,25,374,4873,50,02295,466,3865
120,25,374,4873,50,02295,466,3865
120,25,374,4873,50,02295,466,3865
120,25,374,4873,50,02295,466,3865
120,25,374,4873,50,02295,466,3865
120,25,374,4873,50,02295,466,3865
120,25,374,4873,50,02295,466,3865
120,25,374,4873,50,02295,466,3865
120,25,374,4873,50,02295,466,3865
120,25,374,4873,50,02295,466,3865
120,25,374,4873,50,02295,466,3865
120,25,374,4873,50,02295,466,3865
120,25,374,4873,50,02295,466,3865
120,25,374,4873,50,02295,466,3865
120,25,374,4873,50,02295,466,3865
120,25,374,4873,50,02295,466,3865
120,25,374,4873,50,02295,466,3865
120,25,374,4873,50,02295,466,3865
120,25,374,4873,50,02295,466,3865
120,25,374,4873,50,02295,466,3865
120,25,374,4873,50,02295,466,3865
120,25,374,4873,50,02295,466,3865
120,25,374,4873,50,02295,466,3865
120,25,374,4873,50,02295,466,3865
120,25,374,4873,50,02295,466,3865
120,25,374,4873,50,02295,466,3865
120,25,374,4873,50,02295,466,3865
120,25,374,4873,50,02295,466,3865
120,25,374,4873,50,02295,466,3865
120,25,374,4873,50,02295,466,3865
120,25,374,4873,50,02295,466,3865
120,25,374,4873,50,02295,466,3865
120,25,374,4873,50,02295,466,3865
120,25,374,4873,50,02295,466,3865
120,25,374,4873,50,02295,466,3865
120,25,374,4873,50,02295,466,3865
120,25,374,4873,50,02295,466,3865
120,25,374,4873,50,02295,466,3865
120,25,374,4873,50,02295,466,3865
120,25,374,4873,50,02295,466,3865
120,25,374,4873,50,02295,466,3865
120,25,374,4873,50,02295,466,3865
120,25,374,4873,50,02295,466,3865
120,25,374,4873,50,02295,466,3865
120,25,374,4873,50,02295,466,3865
120,25,374,4873,50,02295,466,3865
120,25,374,4873,50,02295,466,3865
120,25,374,4873,50,02295,466,3865
120,25,374,4873,50,02295,466,3865
120,25,374,4873,50,02295,466,3865
120,25,374,4873,50,02295,466,3865
120,25,374,4873,50,02295,466,3865
120,25,374,4873,50,02295,466,3865
120,25,374,4873,50,02295,466,3865
120,25,374,4873,50,02295,466,3865
120,25,374,4873,50,02295,466,3865
120,25,374,4873,50,02295,466,3865
120,25,374,4873,50,02295,466,3865
120,25,374,4873,50,02295,466,3865
120,25,374,4873,50,02295,466,3865
120,25,374,4873,50,02295,466,3865
120,25,374,4873,50,02295,466,3865
120,25,374,4873,50,02295,466,3865
120,25,374,4873,50,02295,466,3865
120,25,374,4873,50,02295,466,3865
120,25,374,4873,50,02295,466,3865
120,25,374,4873,50,02295,466,3865
120,25,374,4873,50,02295,466,3865
120,25,374,4873,50,02295,466,3865
120,25,374,4873,50,02295,466,3865
120,25,374,4873,50,02295,466,3865
120,25,374,4873,50,02295,466,3865
120,25,374,4873,50,02295,466,3865
120,25,374,4873,50,02295,466,3865
120,25,374,4873,50,02295,466,3865
120,25,374,4873,50,02295,466,3865
120,25,374,4873,50,02295,466,3865
120,25,374,4873,50,02295,466,3865
120,25,374,4873,50,02295,466,3865
120,25,374,4873,50,02295,466,3865
120,25,374,4873,50,02295,466,3865
120,25,374,4873,50,02295,466,3865
120,25,374,4873,50,02295,466,3865
120,25,374,4873,50,02295,466,3865
120,25,374,4873,50,02295,466,3865
120,25,374,4873,50,02295,466,3865
120,25,374,4873,50,02295,466,3865
120,25,374,4873,50,02295,466,3865
120,25,374,4873,50,02295,466,3865
120,25,374,4873,50,02295,466,3865
120,25,374,4873,50,02295,466,3865
120,25,374,4873,50,02295,466,3865
120,25,374,4873,50,02295,466,3865
120,25,374,4873,50,02295,466,3865
120,25,374,4873,50,02295,466,3865
120,25,374,4873,50,02295,466,3865
120,25,374,4873,50,02295,466,3865
120,25,374,4873,50,02295,466,3865
120,25,374,4873,50,02295,466,3865
120,25,374,4873,50,02295,466,3865
120,25,374,4873,50,02295,466,3865
120,25,374,4873,50,02295,466,3865
120,25,374,4873,50,02295,466,3865
120,25,374,4873,50,02295,466,3865
120,25,374,4873,50,02295,466,3865
120,25,374,4873,50,02295,466,3865
120,25,374,4873,50,02295,466,3865
120,25,374,4873,50,02295,466,3865
120,25,374,4873,50,02295,466,3865
120,25,374,4873,50,02295,466,3865
120,25,374,4873,50,02295,466,3865
120,25,374,4873,50,02295,466,3865
120,25,374,4873,50,02295,466,3865
120,25,374,4873,50,02295,466,3865
120,25,374,4873,50,02295,466,3865
120,25,374,4873,50,02295,466,3865
120,25,374,4873,50,02295,466,3865
120,25,374,4873,50,02295,466,3865
120,25,374,4873,50,02295,466,3865
120,25,374,4873,50,02295,466,3865
120,25,374,4873,50,02295,466,3865
120,25,374,4873,50,02295,466,3865
120,25,374,4873,50,02295,466,3865
120,25,374,4873,50,02295,466,3865
120,25,374,4873,50,02295,466,3865
120,25,374,4873,50,02295,466,3865
120,25,374,4873,50,02295,466,3865
120,25,374,4873,50,02295,466,3865
120,25,374,4873,50,02295,466,3865
120,25,374,4873,50,02295,466,3865
120,25,374,4873,50,02295,466,3865
120,25,374,4873,50,02295,466,3865
120,25,374,4873,50,02295,466,3865
120,25,374,4873,50,02295,466,3865
120,25,374,4873,50,02295,466,3865
120,25,374,4873,50,02295,466,3865
120,25,374,4873,50,02295,466,3865
120,25,374,4873,50,02295,466,3865
120,25,374,4873,50,02295,466,3865
120,25,374,4873,50,02295,466,3865
120,25,374,4873,50,02295,466,3865
120,25,374,4873,50,02295,466,3865
120,25,374,4873,50,02295,466,3865
120,25,374,4873,50,02295,466,3865
120,25,374,4873,50,02295,466,3865
120,25,374,4873,50,02295,466,3865
120,25,374,4873,50,02295,466,3865
120,25,374,4873,50,02295,466,3865
120,25,374,4873,50,02295,466,3865
120,25,374,4873,50,02295,466,3865
120,25,374,4873,50,02295,466,3865
120,25,374,4873,50,02295,466,3865
120,25,374,4873,50,02295,466,3865
120,25,374,4873,50,02295,466,3865
120,25,374,4873,50,02295,466,3865
120,25,374,4873,50,02295,466,3865
120,25,374,4873,50,02295,466,3865
120,25,374,4873,50,02295,466,3865
120,25,374,4873,50,02295,466,3865
120,25,374,4873,50,02295,466,3865
120,25,374,4873,50,02295,466,3865
120,25,374,4873,50,02295,466,3865
120,25,374,4873,50,02295,466,3865
120,25,374,4873,50,02295,466,3865
120,25,374,4873,50,02295,466,3865
120,25,374,4873,50,02295,466,3865
120,25,374,4873,50,02295,466,3865
120,25,374,4873,50,02295,466,3865
120,25,374,4873,50,02295,466,3865
120,25,374,4873,50,02295,466,3865
120,25,374,4873,50,02295,466,3865
120,25,374,4873,50,02295,466,3865
120,25,374,4873,50,02295,466,3865
120,25,374,4873,50,02295,466,3865
120,25,374,4873,50,02295,466,3865
120,25,374,4873,50,02295,466,3865
120,25,374,4873,50,02295,466,3865
120,25,374,4873,50,02295,466,3865
120,25,374,4873,50,02295,466,3865
120,25,374,4873,50,02295,466,3865
120,25,374,4873,50,02295,466,3865
120,25,374,4873,50,02295,466,3865
120,25,374,4873,50,02295,466,3865
120,25,374,4873,50,02295,466,3865
120,25,374,4873,50,02295,466,3865
120,25,374,4873,50,02295,466,3865
120,25,374,4873,50,02295,466,3865
120,25,374,4873,50,02295,466,3865
120,25,374,4873,50,02295,466,3865
120,25,374,4873,50,02295,466,3865
120,25,374,4873,50,02295,466,3865
120,25,374,4873,50,02295,466,3865
120,25,374,4873,50,02295,466,3865
120,25,374,4873,50,02295,466,3865
120,25,374,4873,50,02295,466,3865
120,25,374,4873,50,02295,466,3865
120,25,374,4873,50,02295,466,3865
120,25,374,4873,50,02295,466,3865
120,25,374,4873,50,02295,466,3865
120,25,374,4873,50,02295,466,3865
120,25,374,4873,50,02295,466,3865
120,25,374,4873,50,02295,466,3865
120,25,374,4873,50,02295,466,3865
120,25,374,4873,50,02295,466,3865
120,25,374,4873,50,02295,466,3865
120,25,374,4873,50,02295,466,3865
120,25,374,4873,50,02295,466,3865
120,25,374,4873,50,02295,466,3865
120,25,374,4873,50,02295,466,3865
120,25,374,4873,50,02295,466,3865
120,25,374,4873,50,02295,466,3865
120,25,374,4873,50,02295,466,3865
120,25,374,4873,50,02295,466,3865
120,25,374,4873,50,02295,466,3865
120,25,374,4873,50,02295,466,3865
120,25,374,4873,50,02295,466,3865
120,25,374,4873,50,02295,466,3865
120,25,374,4873,50,02295,466,3865
120,25,374,4873,50,02295,466,3865
120,25,374,4873,50,02295,466,3865
120,25,374,4873,50,02295,466,3865
120,25,374,4873,50,02295,466,3865
120,25,374,4873,50,02295,466,3865
120,25,374,4873,50,02295,466,3865
120,25,374,4873,50,02295,466,3865
120,25,374,4873,50,02295,466,3865
120,25,374,4873,50,02295,466,3865
120,25,374,4873,50,02295,466,3865
120,25,374,4873,50,02295,466,3865
120,25,374,4873,50,02295,466,3865
120,25,374,4873,50,02295,466,3865
120,25,374,4873,50,02295,466,3865
120,25,374,4873,50,02295,466,3865
120,25,374,4873,50,02295,466,3865
120,25,374,4873,50,02295,466,3865
120,25,374,4873,50,02295,466,3865
120,25,374,4873,50,02295,466,3865
120,25,374,4873,50,02295,466,3865
120,25,374,4873,50,02295,466,3865
120,25,374,4873,50,02295,466,3865
120,25,374,4873,50,02295,466,3865
120,25,374,4873,50,02295,466,3865
120,25,374,4873,50,02295,466,3865
120,25,374,4873,50,02295,466,3865
120,25,374,4873,50,02295,466,3865
120,25,374,4873,50,02295,466,3865
120,25,374,4873,50,02295,466,3865
120,25,374,4873,50,02295,466,3865
120,25,374,4873,50,02295,466,3865
120,25,374,4873,50,02295,466,3865
120,25,374,4873,50,02295,466,3865
120,25,374,4873,50,02295,466,3865
120,25,374,4873,50,02295,466,3865
120,25,374,4873,50,02295,466,3865
120,25,374,4873,50,02295,466,3865
120,25,374,4873,50,02295,466,3865
120,25,374,4873,50,02295,466,3865
120,25,374,4873,50,02295,466,3865
120,25,374,4873,50,02295,466,3865
120,25,374,4873,50,02295,466,3865
120,25,374,4873,50,02295,466,3865
120,25,374,4873,50,02295,466,3865
120,25,374,4873,50,02295,466,3865
120,25,374,4873,50,02295,466,3865
120,25,374,4873,50,02295,466,3865
120,25,374,4873,50,02295,466,3865
120,25,374,4873,50,02295,466,3865
120,25,374,4873,50,02295,466,3865
120,25,374,4873,50,02295,466,3865
120,25,374,4873,50,02295,466,3865
120,25,374,4873,50,02295,466,3865
120,25,374,4873,50,02295,466,3865
120,25,374,4873,50,02295,466,3865
120,25,374,4873,50,02295,466,3865
120,25,374,4873,50,02295,466,3865
120,25,374,4873,50,02295,466,3865
120,25,374,4873,50,02295,466,3865
120,25,374,4873,50,02295,466,3865
120,25,374,4873,50,02295,466,3865
120,25,374,4873,50,02295,466,3865
120,25,374,4873,50,02295,466,3865
120,25,374,4873,50,02295,466,3865
120,25,374,4873,50,02295,466,3865
120,25,374,4873,50,02295,466,3865
120,25,374,4873,50,02295,466,3865
120,25,374,4873,50,02295,466,3865
120,25,374,4873,50,02295,466,3865
120,25,374,4873,50,02295,466,3865
120,25,374,4873,50,02295,466,3865
120,25,374,4873,50,02295,466,3865
120,25,374,4873,50,02295,466,3865
120,25,374,4873,50,02295,466,3865
120,25,374,4873,50,02295,466,3865
120,25,374,4873,50,02295,466,3865
120,25,374,4873,50,02295,466,3865
120,25,374,4873,50,02295,466,3865
120,25,374,4873,50,02295,466,3865
120,25,374,4873,50,02295,466,3865
120,25,374,4873,50,02295,466,3865
120,25,374,4873,50,02295,466,3865
120,25,374,4873,50,02295,466,3865
120,25,374,4873,50,02295,466,3865
120,25,374,4873,50,02295,466,3865
120,25,374,4873,50,02295,466,3865
120,25,374,4873,50,02295,466,3865
120,25,374,4873,50,02295,466,3865
120,25,374,4873,50,02295,466,3865
120,25,374,4873,50,02295,466,3865
120,25,374,4873,50,02295,466,3865
120,25,374,4873,50,02295,466,3865
120,25,374,4873,50,02295,466,3865
120,25,374,4873,50,02295,466,3865
120,25,374,4873,50,02295,466,3865
120,25,374,4873,50,02295,466,3865
120,25,374,4873,50,02295,466,3865
120,25,374,4873,50,02295,466,3865
120,25,374,4873,50,02295,466,3865
120,25,374,4873,50,02295,466,3865
120,25,374,4873,50,02295,466,3865
120,25,374,4873,50,02295,466,3865
120,25,374,4873,50,02295,466,3865
120,25,374,4873,50,02295,466,3865
120,25,374,4873,50,02295,466,3865
120,25,374,4873,50,02295,466,3865
120,25,374,4873,50,02295,466,3865
120,25,374,4873,50,02295,466,3865
120,25,374,4873,50,02295,466,3865
120,25,374,4873,50,02295,466,3865
120,25,374,4873,50,02295,466,3865
120,25,374,4873,50,02295,466,3865
120,25,374,4873,50,02295,466,3865
120,25,374,4873,50,02295,466,3865
120,25,374,4873,50,02295,466,3865
120,25,374,4873,50,02295,466,3865
120,25,374,4873,50,02295,466,3865
120,25,374,4873,50,02295,466,3865
120,25,374,4873,50,02295,466,3865
120,25,374,4873,50,02295,466,3865
120,25,374,4873,50,02295,466,3865
120,25,374,4873,50,02295,466,3865
120,25,374,4873,50,02295,466,3865
120,25,374,4873,50,02295,466,3865
120,25,374,4873,50,02295,466,3865
120,25,374,4873,50,02295,466,3865
120,25,374,4873,50,02295,466,3865
120,25,374,4873,50,02295,466,3865
120,25,374,4873,50,02295,466,3865
120,25,374,4873,50,02295,466,3865
120,25,374,4873,50,02295,466,3865
120,25,374,4873,50,02295,466,3865
120,25,374,4873,50,02295,466,3865
120,25,374,4873,50,02295,466,3865
120,25,374,4873,50,02295,466,3865
120,25,374,4873,50,02295,466,3865
120,25,374,4873,50,02295,466,3865
120,25,374,4873,50,02295,466,3865
120,25,374,4873,50,02295,466,3865
120,25,374,4873,50,02295,466,3865
120,25,374,4873,50,02295,466,3865
120,25,374,4873,50,02295,466,3865
120,25,374,4873,50,02295,466,3865
120,25,374,4873,50,02295,466,3865
120,25,374,4873,50,02295,466,3865
120,25,374,4873,50,02295,466,3865
120,25,374,4873,50,02295,466,3865
120,25,374,4873,50,02295,466,3865
120,25,374,4873,50,02295,466,3865
120,25,374,4873,50,02295,466,3865
120,25,374,4873,50,02295,466,3865
120,25,374,4873,50,02295,466,3865
120,25,374,4873,50,02295,466,3865
120,25,374,4873,50,02295,466,3865
120,25,374,4873,50,02295,466,3865
120,25,374,4873,50,02295,466,3865
120,25,374,4873,50,02295,466,3865
120,25,374,4873,50,02295,466,3865
120,25,374,4873,50,02295,466,3865
120,25,374,4873,50,02295,466,3865
120,25,374,4873,50,02295,466,3865
120,25,374,4873,50,02295,466,3865
120,25,374,4873,50,02295,466,3865
120,25,374,4873,50,02295,466,3865
120,25,374,4873,50,02295,466,3865
120,25,374,4873,50,02295,466,3865
120,25,374,4873,50,02295,466,3865
120,25,374,4873,50,02295,466,3865
120,25,374,4873,50,02295,466,3865
120,25,374,4873,50,02295,466,3865
120,25,374,4873,50,02295,466,3865
120,25,374,4873,50,02295,466,3865
120,25,374,4873,50,02295,466,3865
120,25,374,4873,50,02295,466,3865
120,25,374,4873,50,02295,466,3865
120,25,374,4873,50,02295,466,3865
120,25,374,4873,50,02295,466,3865
120,25,374,4873,50,02295,466,3865
120,25,374,4873,50,02295,466,3865
120,25,374,4873,50,02295,466,3865
120,25,374,4873,50,02295,466,3865
120,25,374,4873,50,02295,466,3865
120,25,374,4873,50,02295,466,3865
120,25,374,4873,50,02295,466,3865
120,25,374,4873,50,02295,466,3865
120,25,374,4873,50,02295,466,3865
