Time,RSteps,X,Y,Z
120,0,446,1543,99,82959,208,7377
120,0,446,1543,99,82959,208,7377
120,0,446,1543,99,82959,208,7377
120,0,446,1543,99,82959,208,7377
120,0,446,1543,99,82959,208,7377
120,0,446,1543,99,82959,208,7377
120,0,446,1543,99,82959,208,7377
120,0,446,1543,99,82959,208,7377
120,0,446,1543,99,82959,208,7377
120,0,446,1543,99,82959,208,7377
120,0,446,1543,99,82959,208,7377
120,0,446,1543,99,82959,208,7377
120,0,446,1543,99,82959,208,7377
120,0,446,1543,99,82959,208,7377
120,0,446,1543,99,82959,208,7377
120,0,446,1543,99,82959,208,7377
120,1,446,1543,99,82959,208,7377
120,1,446,1543,99,82959,208,7377
120,1,446,1543,99,82959,208,7377
120,1,446,1543,99,82959,208,7377
120,1,446,1328,99,82959,208,8513
120,1,446,1121,99,82959,208,9612
120,1,446,1121,99,82959,208,9612
120,1,446,0908,99,82959,209,0723
120,1,446,0698,99,82959,209,1831
120,1,446,0698,99,82959,209,1831
120,1,446,0479,99,82959,209,2996
120,1,446,0264,99,82959,209,4128
120,1,446,0044,99,82959,209,5288
120,1,446,0044,99,82959,209,5288
120,1,445,9832,99,82959,209,6411
120,1,445,9617,99,82959,209,7534
120,1,445,9617,99,82959,209,7534
120,1,445,9404,99,82959,209,8665
120,1,445,9189,99,82959,209,9796
120,1,445,9189,99,82959,209,9796
120,1,445,8967,99,82959,210,0969
120,1,445,8752,99,82959,210,2096
120,1,445,8752,99,82959,210,2096
120,1,445,8535,99,82959,210,3242
120,1,445,8313,99,82959,210,4417
120,1,445,8313,99,82959,210,4417
120,1,445,8101,99,82959,210,5541
120,1,445,7881,99,82959,210,6699
120,1,445,7881,99,82959,210,6699
120,1,445,7654,99,82959,210,7897
120,1,445,7429,99,82959,210,9076
120,1,445,7429,99,82959,210,9076
120,1,445,7205,99,82959,211,0265
120,1,445,6982,99,82959,211,1434
120,1,445,6982,99,82959,211,1434
120,1,445,676,99,82959,211,2615
120,1,445,6541,99,82959,211,3778
120,1,445,6328,99,82959,211,4895
120,1,445,6328,99,82959,211,4895
120,1,445,6116,99,82959,211,6018
120,1,445,6116,99,82959,211,6018
120,1,445,5894,99,82959,211,7189
120,1,445,5894,99,82959,211,7189
120,1,445,5566,99,82959,211,8909
120,1,445,5349,99,82959,212,0056
120,1,445,5151,99,82959,212,1101
120,1,445,5151,99,82959,212,1101
120,1,445,5151,99,82959,212,1101
120,1,445,5151,99,82959,212,1101
120,1,445,5151,99,82959,212,1101
120,1,445,5151,99,82959,212,1101
120,1,445,5151,99,82959,212,1101
120,1,445,5151,99,82959,212,1101
120,1,445,5151,99,82959,212,1101
120,1,445,5151,99,82959,212,1101
120,1,445,5151,99,82959,212,1101
120,1,445,5151,99,82959,212,1101
120,1,445,5151,99,82959,212,1101
120,1,445,5151,99,82959,212,1101
120,1,445,4468,99,83252,212,2056
120,1,445,3806,99,83545,212,2979
120,1,445,3806,99,83545,212,2979
120,1,445,312,99,83887,212,3938
120,1,445,2439,99,8418,212,4888
120,1,445,2439,99,8418,212,4888
120,1,445,1753,99,84473,212,5846
120,1,445,1057,99,84766,212,6816
120,1,445,1057,99,84766,212,6816
120,1,445,0349,99,85107,212,7809
120,1,444,9666,99,854,212,8762
120,1,444,9666,99,854,212,8762
120,1,444,8965,99,85742,212,9741
120,1,444,8303,99,86035,213,0667
120,1,444,8303,99,86035,213,0667
120,1,444,7566,99,86328,213,1693
120,1,444,687,99,8667,213,2666
120,1,444,687,99,8667,213,2666
120,1,444,614,99,86963,213,3687
120,1,444,5444,99,87305,213,4657
120,1,444,5444,99,87305,213,4657
120,1,444,4724,99,87598,213,5664
120,1,444,4021,99,87939,213,6644
120,1,444,4021,99,87939,213,6644
120,1,444,3323,99,88232,213,7618
120,1,444,2642,99,88525,213,8572
120,1,444,2642,99,88525,213,8572
120,1,444,1904,99,88867,213,9601
120,1,444,1223,99,8916,214,0552
120,1,444,1223,99,8916,214,0552
120,1,444,0435,99,89551,214,1654
120,1,443,9751,99,89844,214,2609
120,1,443,9751,99,89844,214,2609
120,1,443,9019,99,90186,214,363
120,1,443,8328,99,90479,214,4597
120,1,443,8328,99,90479,214,4597
120,1,443,762,99,90771,214,5583
120,1,443,6926,99,91113,214,6552
120,1,443,6926,99,91113,214,6552
120,1,443,6228,99,91406,214,7527
120,1,443,553,99,91699,214,8505
120,1,443,553,99,91699,214,8505
120,1,443,4814,99,92041,214,9502
120,1,443,4814,99,92041,214,9502
120,1,443,4109,99,92334,215,0486
120,1,443,3396,99,92676,215,1482
120,1,443,3396,99,92676,215,1482
120,1,443,2698,99,92969,215,2456
120,1,443,2,99,93311,215,3433
120,1,443,2,99,93311,215,3433
120,1,443,1294,99,93604,215,4418
120,1,443,0591,99,93945,215,54
120,1,443,0591,99,93945,215,54
120,1,443,0442,99,93994,215,5608
120,2,442,9758,99,91162,215,6555
120,2,442,9758,99,91162,215,6555
120,2,442,9058,99,88281,215,7523
120,2,442,8364,99,854,215,8479
120,2,442,8364,99,854,215,8479
120,2,442,7654,99,82422,215,9464
120,2,442,6975,99,79639,216,0402
120,2,442,6975,99,79639,216,0402
120,2,442,6311,99,76904,216,132
120,2,442,5647,99,74121,216,2239
120,2,442,5647,99,74121,216,2239
120,2,442,4963,99,71289,216,3182
120,2,442,4275,99,68457,216,4136
120,2,442,4275,99,68457,216,4136
120,2,442,3552,99,6543,216,5135
120,2,442,2859,99,62598,216,6094
120,2,442,2859,99,62598,216,6094
120,2,442,2163,99,59717,216,7056
120,2,442,145,99,56738,216,8042
120,2,442,145,99,56738,216,8042
120,2,442,075,99,53857,216,901
120,2,442,0063,99,50977,216,996
120,2,442,0063,99,50977,216,996
120,2,441,9353,99,48047,217,0944
120,2,441,9353,99,48047,217,0944
120,2,441,866,99,45166,217,1901
120,2,441,7942,99,42188,217,2892
120,2,441,7942,99,42188,217,2892
120,2,441,7234,99,39258,217,3872
120,2,441,6575,99,36523,217,4783
120,2,441,6575,99,36523,217,4783
120,2,441,5867,99,33594,217,5763
120,2,441,5173,99,30762,217,672
120,2,441,5173,99,30762,217,672
120,2,441,4473,99,27832,217,769
120,2,441,3813,99,25098,217,8602
120,2,441,3813,99,25098,217,8602
120,2,441,3108,99,22168,217,9579
120,2,441,2402,99,19238,218,0553
120,2,441,2402,99,19238,218,0553
120,2,441,1707,99,16357,218,1515
120,2,441,104,99,13623,218,2439
120,2,441,104,99,13623,218,2439
120,2,441,0364,99,1084,218,3372
120,2,440,9685,99,08008,218,4313
120,2,440,9685,99,08008,218,4313
120,2,440,9009,99,05176,218,5248
120,2,440,833,99,02393,218,6187
120,2,440,833,99,02393,218,6187
120,2,440,7634,98,99512,218,7145
120,2,440,6956,98,9668,218,8087
120,2,440,6956,98,9668,218,8087
120,2,440,6304,98,93994,218,8987
120,2,440,5598,98,91553,218,9939
120,2,440,5598,98,91553,218,9939
120,2,440,4871,98,89014,219,0922
120,2,440,4175,98,86572,219,186
120,2,440,4175,98,86572,219,186
120,2,440,3469,98,84131,219,2813
120,2,440,2781,98,81738,219,3741
120,2,440,2781,98,81738,219,3741
120,2,440,2078,98,79248,219,4691
120,2,440,1392,98,76855,219,5619
120,2,440,1392,98,76855,219,5619
120,2,440,0703,98,74463,219,6548
120,2,440,0024,98,72119,219,7462
120,2,440,0024,98,72119,219,7462
120,2,439,9316,98,69629,219,842
120,2,439,8601,98,67139,219,9382
120,2,439,8601,98,67139,219,9382
120,2,439,7888,98,64648,220,0347
120,2,439,7207,98,62256,220,1267
120,2,439,7207,98,62256,220,1267
120,2,439,6501,98,59814,220,2219
120,2,439,5769,98,57275,220,3206
120,2,439,5769,98,57275,220,3206
120,2,439,5063,98,54785,220,416
120,2,439,4365,98,52393,220,5101
120,2,439,4365,98,52393,220,5101
120,2,439,364,98,49854,220,608
120,2,439,2957,98,47461,220,7003
120,2,439,2957,98,47461,220,7003
120,2,439,2251,98,4502,220,7957
120,2,439,1558,98,42578,220,8892
120,2,439,1558,98,42578,220,8892
120,2,439,0835,98,40088,220,9866
120,2,439,0835,98,40088,220,9866
120,2,439,0139,98,37646,221,0807
120,2,438,9365,98,34961,221,1852
120,2,438,8677,98,32568,221,2781
120,2,438,8677,98,32568,221,2781
120,2,438,8015,98,30225,221,3676
120,2,438,7341,98,27881,221,4581
120,2,438,7341,98,27881,221,4581
120,2,438,6589,98,25244,221,5599
120,2,438,5908,98,229,221,6519
120,2,438,5908,98,229,221,6519
120,2,438,521,98,20459,221,7461
120,2,438,4526,98,18066,221,8384
120,2,438,4526,98,18066,221,8384
120,2,438,3816,98,15625,221,9342
120,2,438,3127,98,13184,222,027
120,2,438,3127,98,13184,222,027
120,2,438,2415,98,10693,222,1235
120,2,438,1709,98,08252,222,2185
120,2,438,1709,98,08252,222,2185
120,2,438,0979,98,05713,222,3169
120,2,438,0979,98,05713,222,3169
120,2,438,0769,98,0498,222,3455
120,2,438,0769,98,0498,222,3455
120,2,437,9797,98,01172,222,4906
120,2,437,9128,97,98535,222,5906
120,2,437,9128,97,98535,222,5906
120,2,437,8499,97,96045,222,6846
120,2,437,7839,97,93457,222,7832
120,2,437,7839,97,93457,222,7832
120,2,437,7136,97,90674,222,8879
120,2,437,6506,97,88184,222,9823
120,2,437,6506,97,88184,222,9823
120,2,437,5825,97,85547,223,084
120,2,437,5176,97,82959,223,1809
120,2,437,5176,97,82959,223,1809
120,2,437,4519,97,80371,223,2791
120,2,437,3875,97,77832,223,3751
120,2,437,3875,97,77832,223,3751
120,2,437,3196,97,75195,223,4767
120,2,437,2532,97,72559,223,5757
120,2,437,2532,97,72559,223,5757
120,2,437,1868,97,69971,223,675
120,3,437,1216,97,67383,223,7722
120,3,437,1216,97,67383,223,7722
120,3,437,0554,97,64795,223,8711
120,3,436,9919,97,62305,223,9659
120,3,436,9919,97,62305,223,9659
120,3,436,9275,97,59766,224,062
120,3,436,8657,97,57324,224,1545
120,3,436,8657,97,57324,224,1545
120,3,436,8015,97,54785,224,2502
120,3,436,7402,97,52393,224,3418
120,3,436,7402,97,52393,224,3418
120,3,436,6741,97,49756,224,4408
120,3,436,6116,97,47314,224,5339
120,3,436,6116,97,47314,224,5339
120,3,436,5483,97,44824,224,6284
120,3,436,4856,97,42383,224,7222
120,3,436,4216,97,39844,224,8177
120,3,436,4216,97,39844,224,8177
120,3,436,3601,97,37402,224,9095
120,3,436,2974,97,34961,225,0032
120,3,436,2974,97,34961,225,0032
120,3,436,2329,97,32422,225,0995
120,3,436,1702,97,29932,225,1935
120,3,436,1702,97,29932,225,1935
120,3,436,1052,97,27393,225,2904
120,3,436,0403,97,24854,225,3873
120,3,436,0403,97,24854,225,3873
120,3,435,9731,97,22217,225,4875
120,3,435,9084,97,19629,225,5844
120,3,435,9084,97,19629,225,5844
120,3,435,8459,97,17188,225,6776
120,3,435,7805,97,146,225,7754
120,3,435,7805,97,146,225,7754
120,3,435,7146,97,12012,225,8738
120,3,435,6528,97,0957,225,9661
120,3,435,6528,97,0957,225,9661
120,3,435,5872,97,07031,226,064
120,3,435,5356,97,0498,226,141
120,3,435,5356,97,0498,226,141
120,3,435,47,97,0249,226,239
120,3,435,4045,97,226,3363
120,3,435,4045,97,226,3363
120,3,435,3398,96,97559,226,4326
120,3,435,27,96,94922,226,5365
120,3,435,27,96,94922,226,5365
120,3,435,2053,96,9248,226,6329
120,3,435,1411,96,90088,226,7285
120,3,435,1411,96,90088,226,7285
120,3,435,0737,96,87549,226,8287
120,3,435,0083,96,85059,226,9261
120,3,435,0083,96,85059,226,9261
120,3,434,9424,96,82568,227,0244
120,3,434,876,96,80029,227,1232
120,3,434,876,96,80029,227,1232
120,3,434,8093,96,77539,227,2224
120,3,434,749,96,75244,227,3123
120,3,434,749,96,75244,227,3123
120,3,434,6736,96,72412,227,4246
120,3,434,6069,96,69873,227,5238
120,3,434,6069,96,69873,227,5238
120,3,434,5425,96,67432,227,62
120,3,434,4785,96,65039,227,7151
120,3,434,4785,96,65039,227,7151
120,3,434,4155,96,62646,227,8088
120,3,434,4155,96,62646,227,8088
120,3,434,3501,96,60156,227,9064
120,3,434,2803,96,5752,228,0103
120,3,434,217,96,55127,228,1044
120,3,434,217,96,55127,228,1044
120,3,434,1536,96,52734,228,1989
120,3,434,0886,96,50293,228,2958
120,3,434,0886,96,50293,228,2958
120,3,434,0229,96,47803,228,3934
120,3,433,9561,96,45264,228,4932
120,3,433,9561,96,45264,228,4932
120,3,433,8926,96,42871,228,5876
120,3,433,8218,96,40234,228,693
120,3,433,8218,96,40234,228,693
120,3,433,7573,96,37793,228,7889
120,3,433,6934,96,35352,228,8844
120,3,433,6934,96,35352,228,8844
120,3,433,6299,96,32959,228,9788
120,3,433,5667,96,30566,229,073
120,3,433,5667,96,30566,229,073
120,3,433,5046,96,28223,229,1653
120,3,433,4417,96,2583,229,259
120,3,433,4417,96,2583,229,259
120,3,433,376,96,2334,229,3568
120,3,433,3142,96,21045,229,449
120,3,433,3142,96,21045,229,449
120,3,433,2522,96,18701,229,5411
120,3,433,1887,96,1626,229,6357
120,3,433,1887,96,1626,229,6357
120,3,433,1223,96,1377,229,7345
120,3,433,0579,96,11328,229,8306
120,3,432,9949,96,08936,229,9246
120,3,432,9949,96,08936,229,9246
120,3,432,9307,96,06543,230,02
120,3,432,8896,96,0498,230,0811
120,3,432,8896,96,0498,230,0811
120,3,432,8293,96,0293,230,1786
120,3,432,7712,96,00928,230,2721
120,3,432,7712,96,00928,230,2721
120,3,432,7087,95,98779,230,3729
120,3,432,6472,95,9668,230,4722
120,3,432,6472,95,9668,230,4722
120,3,432,5864,95,9458,230,5704
120,3,432,5259,95,9248,230,6681
120,3,432,5259,95,9248,230,6681
120,3,432,4631,95,90332,230,7694
120,3,432,4045,95,8833,230,8639
120,3,432,3428,95,86182,230,9635
120,3,432,3428,95,86182,230,9635
120,3,432,2834,95,8418,231,0596
120,3,432,2249,95,82129,231,1541
120,3,432,2249,95,82129,231,1541
120,3,432,1641,95,80078,231,2522
120,3,432,1025,95,7793,231,3513
120,3,432,1025,95,7793,231,3513
120,3,432,043,95,75928,231,4473
120,3,431,9836,95,73877,231,5432
120,3,431,9836,95,73877,231,5432
120,3,431,9224,95,71777,231,6421
120,3,431,8628,95,69727,231,7382
120,3,431,8042,95,67725,231,8328
120,3,431,8042,95,67725,231,8328
120,3,431,7461,95,65723,231,9265
120,3,431,6853,95,63623,232,0245
120,3,431,6853,95,63623,232,0245
120,3,431,6233,95,61475,232,1248
120,3,431,5647,95,59473,232,2191
120,3,431,5647,95,59473,232,2191
120,3,431,5032,95,57373,232,3182
120,3,431,4456,95,55371,232,4116
120,3,431,4456,95,55371,232,4116
120,3,431,386,95,5332,232,5074
120,3,431,3274,95,51318,232,6022
120,3,431,3274,95,51318,232,6022
120,3,431,2639,95,49121,232,7047
120,3,431,2043,95,47119,232,8007
120,3,431,1431,95,4502,232,8995
120,3,431,1431,95,4502,232,8995
120,3,431,0811,95,42871,232,9995
120,3,431,0237,95,40918,233,0923
120,3,431,0237,95,40918,233,0923
120,3,430,9626,95,38818,233,1907
120,3,430,9026,95,36719,233,2878
120,3,430,9026,95,36719,233,2878
120,3,430,8406,95,34619,233,3876
120,3,430,781,95,32568,233,4839
120,3,430,781,95,32568,233,4839
120,3,430,7214,95,30518,233,5802
120,3,430,7214,95,30518,233,5802
120,3,430,7214,95,30518,233,5802
120,3,430,7214,95,30518,233,5802
120,3,430,7214,95,30518,233,5802
120,3,430,6628,95,28516,233,6746
120,3,430,4556,95,21387,234,0092
120,3,430,4556,95,21387,234,0092
120,3,430,3894,95,19141,234,1157
120,3,430,3303,95,1709,234,2112
120,3,430,2708,95,15039,234,3073
120,3,430,2708,95,15039,234,3073
120,3,430,2153,95,13135,234,3967
120,3,430,157,95,11133,234,4907
120,3,430,157,95,11133,234,4907
120,3,430,0969,95,09082,234,5879
120,3,430,0374,95,07031,234,684
120,3,430,0374,95,07031,234,684
120,3,429,9778,95,0498,234,78
120,3,429,9778,95,0498,234,78
120,3,429,9778,95,0498,234,78
120,3,429,9778,95,0498,234,78
120,3,429,9778,95,0498,234,78
120,3,429,9778,95,0498,234,78
120,3,429,9778,95,0498,234,78
120,3,429,9778,95,0498,234,78
120,3,429,9778,95,0498,234,78
120,3,429,9778,95,0498,234,78
120,3,429,9778,95,0498,234,78
120,3,429,9778,95,0498,234,78
120,3,429,9778,95,0498,234,78
120,3,429,9778,95,0498,234,78
120,3,429,9778,95,0498,234,78
120,3,429,9778,95,0498,234,78
120,3,429,9778,95,0498,234,78
120,3,429,9778,95,0498,234,78
120,3,429,9778,95,0498,234,78
120,3,429,9778,95,0498,234,78
120,3,429,9778,95,0498,234,78
120,3,429,9778,95,0498,234,78
120,3,429,9778,95,0498,234,78
120,3,429,9778,95,0498,234,78
120,3,429,9778,95,0498,234,78
120,3,429,9778,95,0498,234,78
120,3,429,9778,95,0498,234,78
120,3,429,9778,95,0498,234,78
120,3,429,9778,95,0498,234,78
120,3,429,9778,95,0498,234,78
120,3,429,9778,95,0498,234,78
120,3,429,9778,95,0498,234,78
120,3,429,9778,95,0498,234,78
120,3,429,9778,95,0498,234,78
120,3,429,9778,95,0498,234,78
120,3,429,9778,95,0498,234,78
120,3,429,9778,95,0498,234,78
120,3,429,9778,95,0498,234,78
120,3,429,9778,95,0498,234,78
120,3,429,9778,95,0498,234,78
120,3,429,9778,95,0498,234,78
120,3,429,9778,95,0498,234,78
120,3,429,9778,95,0498,234,78
120,3,429,9778,95,0498,234,78
120,3,429,9778,95,0498,234,78
120,3,429,9778,95,0498,234,78
120,3,429,9778,95,0498,234,78
120,3,429,9778,95,0498,234,78
120,3,429,9778,95,0498,234,78
120,3,429,9778,95,0498,234,78
120,3,429,9778,95,0498,234,78
120,3,429,9778,95,0498,234,78
120,3,429,9778,95,0498,234,78
120,3,429,9778,95,0498,234,78
120,3,429,9778,95,0498,234,78
120,3,429,9778,95,0498,234,78
120,3,429,9778,95,0498,234,78
120,3,429,9778,95,0498,234,78
120,3,429,9778,95,0498,234,78
120,3,429,9778,95,0498,234,78
120,3,429,9778,95,0498,234,78
120,3,429,9778,95,0498,234,78
120,3,429,9778,95,0498,234,78
120,3,429,9778,95,0498,234,78
120,3,429,9778,95,0498,234,78
120,3,429,9778,95,0498,234,78
120,3,429,9778,95,0498,234,78
120,3,429,9778,95,0498,234,78
120,3,429,9778,95,0498,234,78
120,3,429,9778,95,0498,234,78
120,3,429,9778,95,0498,234,78
120,3,429,9778,95,0498,234,78
120,3,429,9778,95,0498,234,78
120,3,429,9778,95,0498,234,78
120,3,429,9778,95,0498,234,78
120,3,429,9778,95,0498,234,78
120,3,429,9778,95,0498,234,78
120,3,429,9778,95,0498,234,78
120,3,429,9778,95,0498,234,78
120,3,429,9778,95,0498,234,78
120,3,429,9778,95,0498,234,78
120,3,429,9778,95,0498,234,78
120,3,429,9778,95,0498,234,78
120,3,429,9778,95,0498,234,78
120,3,429,9778,95,0498,234,78
120,3,429,9778,95,0498,234,78
120,3,429,9778,95,0498,234,78
120,3,429,9778,95,0498,234,78
120,3,429,9778,95,0498,234,78
120,3,429,9778,95,0498,234,78
120,3,429,9778,95,0498,234,78
120,3,429,9778,95,0498,234,78
120,3,429,9778,95,0498,234,78
120,3,429,9778,95,0498,234,78
120,3,429,9778,95,0498,234,78
120,3,429,9778,95,0498,234,78
120,3,429,9778,95,0498,234,78
120,3,429,9778,95,0498,234,78
120,3,429,9778,95,0498,234,78
120,3,429,9778,95,0498,234,78
120,3,429,9778,95,0498,234,78
120,3,429,9778,95,0498,234,78
120,3,429,9778,95,0498,234,78
120,3,429,9778,95,0498,234,78
120,3,429,9778,95,0498,234,78
120,3,429,9778,95,0498,234,78
120,3,429,9778,95,0498,234,78
120,3,429,9778,95,0498,234,78
120,3,429,9778,95,0498,234,78
120,3,429,9778,95,0498,234,78
120,3,429,9778,95,0498,234,78
120,3,429,9778,95,0498,234,78
120,3,429,9778,95,0498,234,78
120,3,429,9778,95,0498,234,78
120,3,429,9778,95,0498,234,78
120,3,429,9778,95,0498,234,78
120,3,429,9778,95,0498,234,78
120,3,429,9778,95,0498,234,78
120,3,429,9778,95,0498,234,78
120,3,429,9778,95,0498,234,78
120,3,429,9778,95,0498,234,78
120,3,429,9778,95,0498,234,78
120,3,429,9778,95,0498,234,78
120,3,429,9778,95,0498,234,78
120,3,429,9778,95,0498,234,78
120,3,429,9778,95,0498,234,78
120,3,429,9778,95,0498,234,78
120,3,429,9778,95,0498,234,78
120,3,429,9778,95,0498,234,78
120,3,429,9778,95,0498,234,78
120,3,429,9778,95,0498,234,78
120,3,429,9778,95,0498,234,78
120,3,429,9778,95,0498,234,78
120,3,429,9778,95,0498,234,78
120,3,429,9778,95,0498,234,78
120,3,429,9778,95,0498,234,78
120,3,429,9778,95,0498,234,78
120,3,429,9778,95,0498,234,78
120,3,429,9778,95,0498,234,78
120,3,429,9778,95,0498,234,78
120,3,429,9778,95,0498,234,78
120,3,429,9778,95,0498,234,78
120,3,429,9778,95,0498,234,78
120,3,429,9778,95,0498,234,78
120,3,429,9778,95,0498,234,78
120,3,429,9778,95,0498,234,78
120,3,429,9778,95,0498,234,78
120,3,429,9778,95,0498,234,78
120,3,429,9778,95,0498,234,78
120,3,429,9778,95,0498,234,78
120,3,429,9778,95,0498,234,78
120,3,429,9778,95,0498,234,78
120,3,429,9778,95,0498,234,78
120,3,429,9778,95,0498,234,78
120,3,429,9778,95,0498,234,78
120,3,429,9778,95,0498,234,78
120,3,429,9778,95,0498,234,78
120,3,429,9778,95,0498,234,78
120,3,429,9778,95,0498,234,78
120,3,429,9778,95,0498,234,78
120,3,429,9778,95,0498,234,78
120,3,429,9778,95,0498,234,78
120,3,429,9778,95,0498,234,78
120,3,429,9778,95,0498,234,78
120,3,429,9778,95,0498,234,78
120,3,429,9778,95,0498,234,78
120,3,429,9778,95,0498,234,78
120,3,429,9778,95,0498,234,78
120,3,429,9778,95,0498,234,78
120,3,429,9778,95,0498,234,78
120,3,429,9778,95,0498,234,78
120,3,429,9778,95,0498,234,78
120,3,429,9778,95,0498,234,78
120,3,429,9778,95,0498,234,78
120,3,429,9778,95,0498,234,78
120,3,429,9778,95,0498,234,78
120,3,429,9778,95,0498,234,78
120,3,429,9778,95,0498,234,78
120,3,429,9778,95,0498,234,78
120,3,429,9778,95,0498,234,78
120,3,429,9778,95,0498,234,78
120,3,429,9778,95,0498,234,78
120,3,429,9778,95,0498,234,78
120,3,429,9778,95,0498,234,78
120,3,429,9778,95,0498,234,78
120,3,429,9778,95,0498,234,78
120,3,429,9778,95,0498,234,78
120,3,429,9778,95,0498,234,78
120,3,429,9778,95,0498,234,78
120,3,429,9778,95,0498,234,78
120,3,429,9778,95,0498,234,78
120,3,429,9778,95,0498,234,78
120,3,429,9778,95,0498,234,78
120,3,429,9778,95,0498,234,78
120,3,429,9778,95,0498,234,78
120,3,429,9778,95,0498,234,78
120,3,429,9778,95,0498,234,78
120,3,429,9778,95,0498,234,78
120,3,429,9778,95,0498,234,78
120,3,429,9778,95,0498,234,78
120,3,429,9778,95,0498,234,78
120,3,429,9778,95,0498,234,78
120,3,429,9778,95,0498,234,78
120,3,429,9778,95,0498,234,78
120,3,429,9778,95,0498,234,78
120,3,429,9778,95,0498,234,78
120,3,429,9778,95,0498,234,78
120,3,429,9778,95,0498,234,78
120,3,429,9778,95,0498,234,78
120,3,429,9778,95,0498,234,78
120,3,429,9778,95,0498,234,78
120,3,429,9778,95,0498,234,78
120,3,429,9778,95,0498,234,78
120,3,429,9778,95,0498,234,78
120,3,429,9778,95,0498,234,78
120,3,429,9778,95,0498,234,78
120,3,429,9778,95,0498,234,78
120,3,429,9778,95,0498,234,78
120,3,429,9778,95,0498,234,78
120,3,429,9778,95,0498,234,78
120,3,429,9778,95,0498,234,78
120,3,429,9778,95,0498,234,78
120,3,429,9778,95,0498,234,78
120,3,429,9778,95,0498,234,78
120,3,429,9778,95,0498,234,78
120,3,429,9778,95,0498,234,78
120,3,429,9778,95,0498,234,78
120,3,429,9778,95,0498,234,78
120,3,429,9778,95,0498,234,78
120,3,429,9778,95,0498,234,78
120,3,429,9778,95,0498,234,78
120,3,429,9778,95,0498,234,78
120,3,429,9778,95,0498,234,78
120,3,429,9778,95,0498,234,78
120,3,429,9778,95,0498,234,78
120,3,429,9778,95,0498,234,78
120,3,429,9778,95,0498,234,78
120,3,429,9778,95,0498,234,78
120,3,429,9778,95,0498,234,78
120,3,429,9778,95,0498,234,78
120,3,429,9778,95,0498,234,78
120,3,429,9778,95,0498,234,78
120,3,429,9778,95,0498,234,78
120,3,429,9778,95,0498,234,78
120,3,429,9778,95,0498,234,78
120,3,429,9778,95,0498,234,78
120,3,429,9778,95,0498,234,78
120,3,429,9778,95,0498,234,78
120,3,429,9778,95,0498,234,78
120,3,429,9778,95,0498,234,78
120,3,429,9778,95,0498,234,78
120,3,429,9778,95,0498,234,78
120,3,429,9778,95,0498,234,78
120,3,429,9778,95,0498,234,78
120,3,429,9778,95,0498,234,78
120,3,429,9778,95,0498,234,78
120,3,429,9778,95,0498,234,78
120,3,429,9778,95,0498,234,78
120,3,429,9778,95,0498,234,78
120,3,429,9778,95,0498,234,78
120,4,429,9778,95,0498,234,78
120,4,429,9778,95,0498,234,78
120,4,429,9778,95,0498,234,78
120,4,429,9778,95,0498,234,78
120,4,429,9141,95,02441,234,8787
120,4,429,8547,95,00049,234,9705
120,4,429,8547,95,00049,234,9705
120,4,429,7961,94,97754,235,0612
120,4,429,7358,94,95313,235,1548
120,4,429,6733,94,92822,235,2513
120,4,429,6733,94,92822,235,2513
120,4,429,6147,94,90479,235,3423
120,4,429,554,94,88086,235,4365
120,4,429,554,94,88086,235,4365
120,4,429,4915,94,85547,235,5332
120,4,429,4319,94,83203,235,6256
120,4,429,4319,94,83203,235,6256
120,4,429,3716,94,80762,235,7189
120,4,429,3108,94,78369,235,8132
120,4,429,248,94,7583,235,9103
120,4,429,248,94,7583,235,9103
120,4,429,188,94,73438,236,0032
120,4,429,1279,94,71045,236,0961
120,4,429,1279,94,71045,236,0961
120,4,429,0657,94,68555,236,1926
120,4,429,0066,94,66211,236,2842
120,4,429,0066,94,66211,236,2842
120,4,428,9473,94,63867,236,3759
120,4,428,8867,94,61426,236,4698
120,4,428,8867,94,61426,236,4698
120,4,428,8223,94,58838,236,5696
120,4,428,7622,94,56445,236,6626
120,4,428,7014,94,54053,236,7568
120,4,428,7014,94,54053,236,7568
120,4,428,644,94,51758,236,8457
120,4,428,644,94,51758,236,8457
120,4,428,5518,94,48047,236,9888
120,4,428,491,94,45654,237,0826
120,4,428,491,94,45654,237,0826
120,4,428,4302,94,43213,237,1768
120,4,428,4302,94,43213,237,1768
120,4,428,3708,94,4082,237,2689
120,4,428,2957,94,37842,237,3851
120,4,428,2341,94,354,237,4807
120,4,428,2341,94,354,237,4807
120,4,428,1731,94,32959,237,5751
120,4,428,115,94,30615,237,6649
120,4,428,115,94,30615,237,6649
120,4,428,0562,94,28271,237,7561
120,4,427,9968,94,25928,237,8481
120,4,427,9346,94,23438,237,9445
120,4,427,9346,94,23438,237,9445
120,4,427,877,94,21143,238,0337
120,4,427,821,94,18896,238,1202
120,4,427,821,94,18896,238,1202
120,4,427,7576,94,16357,238,2186
120,4,427,6975,94,13965,238,3116
120,4,427,6355,94,11475,238,4075
120,4,427,6355,94,11475,238,4075
120,4,427,5781,94,0918,238,4967
120,4,427,5186,94,06836,238,5889
120,4,427,5186,94,06836,238,5889
120,4,427,4724,94,0498,238,6603
120,4,427,418,94,02783,238,7484
120,4,427,3596,94,00391,238,8431
120,4,427,3596,94,00391,238,8431
120,4,427,3052,93,98145,238,9314
120,4,427,2493,93,9585,239,0222
120,4,427,1921,93,93555,239,1147
120,4,427,1921,93,93555,239,1147
120,4,427,1338,93,91162,239,2094
120,4,427,0776,93,88867,239,3003
120,4,427,0776,93,88867,239,3003
120,4,427,021,93,86523,239,3923
120,4,426,9663,93,84326,239,4811
120,4,426,907,93,81885,239,577
120,4,426,907,93,81885,239,577
120,4,426,8535,93,79688,239,6639
120,4,426,7979,93,77441,239,754
120,4,426,741,93,75098,239,8464
120,4,426,741,93,75098,239,8464
120,4,426,6841,93,72803,239,9386
120,4,426,6279,93,70508,240,0295
120,4,426,5725,93,68213,240,1196
120,4,426,5725,93,68213,240,1196
120,4,426,5159,93,65918,240,2111
120,4,426,4583,93,63574,240,3047
120,4,426,4583,93,63574,240,3047
120,4,426,4001,93,61182,240,399
120,4,426,3406,93,5874,240,4955
120,4,426,3406,93,5874,240,4955
120,4,426,2837,93,56445,240,5878
120,4,426,2263,93,54102,240,6808
120,4,426,1682,93,51709,240,7749
120,4,426,1682,93,51709,240,7749
120,4,426,1118,93,49414,240,8666
120,4,426,0549,93,4707,240,9587
120,4,425,998,93,44775,241,0511
120,4,425,998,93,44775,241,0511
120,4,425,9429,93,4248,241,1405
120,4,425,8877,93,40234,241,23
120,4,425,8337,93,38037,241,3175
120,4,425,8337,93,38037,241,3175
120,4,425,7776,93,35742,241,4087
120,4,425,7214,93,33447,241,4998
120,4,425,7214,93,33447,241,4998
120,4,425,6648,93,31152,241,5913
120,4,425,6069,93,28809,241,6851
120,4,425,554,93,26611,241,771
120,4,425,554,93,26611,241,771
120,4,425,4968,93,24268,241,8636
120,4,425,4399,93,21973,241,9559
120,5,425,3835,93,19678,242,0472
120,5,425,3835,93,19678,242,0472
120,5,425,3269,93,17334,242,1394
120,5,425,2725,93,15137,242,2275
120,5,425,2725,93,15137,242,2275
120,5,425,2136,93,12695,242,323
120,5,425,1582,93,10449,242,4127
120,5,425,1582,93,10449,242,4127
120,5,425,0896,93,07666,242,524
120,5,425,0332,93,05371,242,6154
120,5,425,0242,93,0498,242,6301
120,5,425,0242,93,0498,242,6301
120,5,424,9636,93,0249,242,7185
120,5,424,9082,93,00146,242,7999
120,5,424,8479,92,97656,242,8882
120,5,424,8479,92,97656,242,8882
120,5,424,7881,92,95166,242,9755
120,5,424,728,92,92676,243,0632
120,5,424,6704,92,90283,243,1477
120,5,424,6704,92,90283,243,1477
120,5,424,6138,92,87891,243,2303
120,5,424,5557,92,85498,243,3156
120,5,424,4951,92,82959,243,4042
120,5,424,4951,92,82959,243,4042
120,5,424,4358,92,80518,243,4907
120,5,424,3782,92,78125,243,575
120,5,424,3201,92,75684,243,6599
120,5,424,3201,92,75684,243,6599
120,5,424,2622,92,73291,243,7446
120,5,424,2031,92,7085,243,8311
120,5,424,1421,92,68311,243,9203
120,5,424,1421,92,68311,243,9203
120,5,424,0828,92,6582,244,0071
120,5,424,0234,92,63379,244,094
120,5,423,9646,92,60938,244,1799
120,5,423,9646,92,60938,244,1799
120,5,423,9072,92,58545,244,264
120,5,423,8499,92,56152,244,3477
120,5,423,7922,92,5376,244,432
120,5,423,7922,92,5376,244,432
120,5,423,7339,92,51318,244,5176
120,5,423,6743,92,48828,244,6046
120,5,423,613,92,46289,244,6941
120,5,423,613,92,46289,244,6941
120,5,423,5535,92,43799,244,7814
120,5,423,4944,92,41357,244,8678
120,5,423,4358,92,38916,244,9535
120,5,423,4358,92,38916,244,9535
120,5,423,3757,92,36426,245,0414
120,5,423,3154,92,33936,245,1295
120,5,423,2568,92,31494,245,2153
120,5,423,2568,92,31494,245,2153
120,5,423,1987,92,29053,245,3003
120,5,423,1404,92,26611,245,3859
120,5,423,1404,92,26611,245,3859
120,5,423,0815,92,2417,245,4718
120,5,423,0198,92,21631,245,5619
120,5,422,9592,92,19092,245,6505
120,5,422,9592,92,19092,245,6505
120,5,422,9019,92,16699,245,7345
120,5,422,8459,92,14404,245,8164
120,5,422,7866,92,11914,245,9033
120,5,422,7866,92,11914,245,9033
120,5,422,7285,92,09521,245,9883
120,5,422,6685,92,07031,246,0759
120,5,422,6091,92,04541,246,1627
120,5,422,6091,92,04541,246,1627
120,5,422,5496,92,02051,246,25
120,5,422,4915,91,99658,246,3347
120,5,422,4326,91,97217,246,4209
120,5,422,4326,91,97217,246,4209
120,5,422,3789,91,94971,246,4995
120,5,422,3176,91,92529,246,5845
120,5,422,26,91,90283,246,6641
120,5,422,26,91,90283,246,6641
120,5,422,198,91,87793,246,7501
120,5,422,136,91,85352,246,8357
120,5,422,073,91,82861,246,9232
120,5,422,073,91,82861,246,9232
120,5,422,0095,91,80371,247,011
120,5,421,9465,91,77881,247,0983
120,5,421,8838,91,75391,247,1851
120,5,421,8838,91,75391,247,1851
120,5,421,8242,91,73047,247,2677
120,5,421,7615,91,70557,247,3545
120,5,421,7014,91,68164,247,4377
120,5,421,7014,91,68164,247,4377
120,5,421,6418,91,6582,247,5199
120,5,421,5837,91,63525,247,6003
120,5,421,5222,91,61084,247,6858
120,5,421,5222,91,61084,247,6858
120,5,421,4624,91,5874,247,7684
120,5,421,4028,91,56396,247,8508
120,5,421,3425,91,54004,247,9344
120,5,421,3425,91,54004,247,9344
120,5,421,2832,91,5166,248,0166
120,5,421,2246,91,49365,248,0977
120,5,421,165,91,46973,248,1803
120,5,421,106,91,44629,248,262
120,5,421,106,91,44629,248,262
120,5,421,0471,91,42334,248,3435
120,5,420,9883,91,3999,248,425
120,5,420,926,91,37549,248,5114
120,5,420,926,91,37549,248,5114
120,5,420,8652,91,35156,248,5952
120,5,420,8044,91,32715,248,6794
120,5,420,7454,91,30371,248,7612
120,5,420,7454,91,30371,248,7612
120,5,420,6858,91,28027,248,8438
120,5,420,6257,91,25684,248,9271
120,5,420,5662,91,23291,249,0093
120,5,420,509,91,21045,249,0885
120,5,420,509,91,21045,249,0885
120,5,420,4514,91,1875,249,1685
120,5,420,3909,91,16357,249,2523
120,5,420,3308,91,14014,249,3353
120,5,420,3308,91,14014,249,3353
120,5,420,2722,91,1167,249,4165
120,5,420,2136,91,09375,249,4977
120,5,420,1538,91,06982,249,5804
120,5,420,1538,91,06982,249,5804
120,5,420,0942,91,04639,249,6628
120,5,420,0354,91,02344,249,7444
120,5,419,9766,91,249,8259
120,6,419,9766,91,249,8259
120,6,419,9172,90,97656,249,9081
120,6,419,8572,90,95264,249,9913
120,6,419,8494,90,94971,250,002
120,6,419,7939,90,94385,250,0868
120,6,419,7939,90,94385,250,0868
120,6,419,7402,90,93799,250,1693
120,6,419,6833,90,93164,250,2565
120,6,419,623,90,92529,250,3489
120,6,419,623,90,92529,250,3489
120,6,419,5649,90,91895,250,438
120,6,419,51,90,91309,250,5222
120,6,419,4534,90,90674,250,6093
120,6,419,3982,90,90088,250,6937
120,6,419,3982,90,90088,250,6937
120,6,419,342,90,89453,250,7795
120,6,419,2864,90,88867,250,865
120,6,419,2268,90,88232,250,9562
120,6,419,2268,90,88232,250,9562
120,6,419,1707,90,87598,251,0426
120,6,419,1143,90,87012,251,1288
120,6,419,0549,90,86328,251,2198
120,6,419,0549,90,86328,251,2198
120,6,419,90,85742,251,3041
120,6,418,9446,90,85156,251,3889
120,6,418,8875,90,84521,251,4766
120,6,418,8313,90,83936,251,5629
120,6,418,8313,90,83936,251,5629
120,6,418,7759,90,83301,251,6478
120,6,418,7219,90,82715,251,7303
120,6,418,6653,90,82129,251,8171
120,6,418,6653,90,82129,251,8171
120,6,418,605,90,81445,251,9097
120,6,418,5481,90,80859,251,9969
120,6,418,4922,90,80225,252,0825
120,6,418,436,90,79639,252,1688
120,6,418,436,90,79639,252,1688
120,6,418,3799,90,79004,252,2546
120,6,418,3235,90,78418,252,3413
120,6,418,2668,90,77783,252,4281
120,6,418,2668,90,77783,252,4281
120,6,418,2107,90,77197,252,5142
120,6,418,1538,90,76563,252,6013
120,6,418,0964,90,75928,252,6891
120,6,418,0964,90,75928,252,6891
120,6,418,0408,90,75342,252,7748
120,6,417,9822,90,74707,252,8646
120,6,417,9263,90,74072,252,9502
120,6,417,8711,90,73486,253,0348
120,6,417,8711,90,73486,253,0348
120,6,417,8135,90,72852,253,1232
120,6,417,7551,90,72217,253,2128
120,6,417,6987,90,71631,253,2991
120,6,417,6987,90,71631,253,2991
120,6,417,6426,90,70996,253,385
120,6,417,5854,90,7041,253,4727
120,6,417,5259,90,69727,253,564
120,6,417,5259,90,69727,253,564
120,6,417,4724,90,69141,253,6459
120,6,417,4182,90,68555,253,729
120,6,417,3616,90,67969,253,8158
120,6,417,3066,90,67383,253,9001
120,6,417,3066,90,67383,253,9001
120,6,417,2725,90,66992,253,9525
120,6,417,2725,90,66992,253,9525
120,6,417,2146,90,6499,254,0399
120,6,417,1575,90,62988,254,1262
120,6,417,1575,90,62988,254,1262
120,6,417,103,90,61133,254,2085
120,6,417,0471,90,5918,254,2932
120,6,416,9902,90,57227,254,3792
120,6,416,9902,90,57227,254,3792
120,6,416,9348,90,55322,254,4628
120,6,416,8787,90,53369,254,5475
120,6,416,8235,90,51465,254,631
120,6,416,8235,90,51465,254,631
120,6,416,7693,90,49561,254,7128
120,6,416,7102,90,4751,254,8025
120,6,416,6528,90,45557,254,8892
120,6,416,5986,90,43652,254,9709
120,6,416,5986,90,43652,254,9709
120,6,416,5439,90,41748,255,0535
120,6,416,4861,90,39746,255,1411
120,6,416,4309,90,37842,255,2241
120,6,416,4309,90,37842,255,2241
120,6,416,3733,90,35889,255,3113
120,6,416,3184,90,33936,255,3945
120,6,416,2607,90,31982,255,4814
120,6,416,2061,90,30078,255,5642
120,6,416,2061,90,30078,255,5642
120,6,416,1489,90,28076,255,6506
120,6,416,0964,90,2627,255,7297
120,6,416,0398,90,24316,255,8154
120,6,416,0398,90,24316,255,8154
120,6,415,9839,90,22363,255,9001
120,6,415,9275,90,2041,255,985
120,6,415,8718,90,18506,256,0692
120,6,415,8181,90,1665,256,1505
120,6,415,8181,90,1665,256,1505
120,6,415,7642,90,14746,256,2322
120,6,415,7075,90,12793,256,3176
120,6,415,6528,90,10938,256,4004
120,6,415,6528,90,10938,256,4004
120,6,415,5957,90,08936,256,4866
120,6,415,541,90,07031,256,5693
120,6,415,4834,90,05029,256,6565
120,6,415,4272,90,03125,256,7411
120,6,415,4272,90,03125,256,7411
120,6,415,3723,90,01221,256,8242
120,6,415,3188,89,99365,256,905
120,6,415,261,89,97363,256,9924
120,6,415,261,89,97363,256,9924
120,6,415,2046,89,9541,257,0778
120,6,415,1511,89,93555,257,1586
120,6,415,0945,89,91602,257,2443
120,6,415,0383,89,89648,257,3291
120,6,415,0383,89,89648,257,3291
120,6,414,9827,89,87695,257,4133
120,6,414,929,89,8584,257,4944
120,6,414,8711,89,83838,257,5819
120,6,414,8181,89,82031,257,6619
120,6,414,8181,89,82031,257,6619
120,6,414,7615,89,80078,257,7472
120,6,414,7593,89,7998,257,7507
120,6,414,7283,89,79053,257,8435
120,6,414,7283,89,79053,257,8435
120,6,414,6956,89,78027,257,9414
120,6,414,6621,89,77002,258,0413
120,6,414,6292,89,75977,258,1404
120,7,414,5972,89,75,258,2357
120,7,414,5972,89,75,258,2357
120,7,414,5649,89,74023,258,332
120,7,414,5334,89,73047,258,4265
120,7,414,5007,89,7207,258,524
120,7,414,5007,89,7207,258,524
120,7,414,4666,89,70996,258,6267
120,7,414,4358,89,70068,258,719
120,7,414,4006,89,68994,258,8235
120,7,414,4006,89,68994,258,8235
120,7,414,3684,89,67969,258,9204
120,7,414,3362,89,66992,259,0166
120,7,414,3032,89,65967,259,1155
120,7,414,27,89,64941,259,2147
120,7,414,27,89,64941,259,2147
120,7,414,239,89,64014,259,3075
120,7,414,2061,89,62988,259,4058
120,7,414,1724,89,61963,259,507
120,7,414,1724,89,61963,259,507
120,7,414,1406,89,60986,259,6018
120,7,414,1067,89,59961,259,7034
120,7,414,0723,89,58887,259,8062
120,7,414,0723,89,58887,259,8062
120,7,414,0388,89,57861,259,9065
120,7,414,0054,89,56836,260,0062
120,7,413,9722,89,55811,260,1058
120,7,413,9722,89,55811,260,1058
120,7,413,9397,89,54834,260,2031
120,7,413,9063,89,53809,260,303
120,7,413,8733,89,52783,260,4019
120,7,413,8411,89,51807,260,498
120,7,413,8411,89,51807,260,498
120,7,413,8083,89,50781,260,5958
120,7,413,7751,89,49805,260,6949
120,7,413,7422,89,48779,260,7936
120,7,413,7422,89,48779,260,7936
120,7,413,7107,89,47803,260,8884
120,7,413,6782,89,46826,260,9849
120,7,413,6462,89,45801,261,0807
120,7,413,6145,89,44824,261,1758
120,7,413,6145,89,44824,261,1758
120,7,413,5825,89,43848,261,2717
120,7,413,5503,89,42871,261,3682
120,7,413,5161,89,41846,261,4701
120,7,413,5161,89,41846,261,4701
120,7,413,4827,89,4082,261,5699
120,7,413,4827,89,4082,261,5699
120,7,413,4504,89,39795,261,6666
120,7,413,397,89,38184,261,8265
120,7,413,3618,89,37109,261,9319
120,7,413,3618,89,37109,261,9319
120,7,413,3289,89,36084,262,0303
120,7,413,2981,89,35156,262,1228
120,7,413,2627,89,34033,262,2281
120,7,413,2627,89,34033,262,2281
120,7,413,2302,89,33057,262,3257
120,7,413,1985,89,3208,262,4203
120,7,413,1953,89,31982,262,4301
120,7,413,1851,89,31104,262,5341
120,7,413,1851,89,31104,262,5341
120,7,413,1753,89,30225,262,6313
120,7,413,1648,89,29297,262,7383
120,7,413,1548,89,28418,262,8385
120,7,413,1548,89,28418,262,8385
120,7,413,1448,89,27539,262,9409
120,7,413,1345,89,2666,263,0425
120,7,413,124,89,25732,263,1499
120,7,413,124,89,25732,263,1499
120,7,413,114,89,24854,263,249
120,7,413,104,89,23975,263,3516
120,7,413,093,89,23047,263,4614
120,7,413,093,89,23047,263,4614
120,7,413,0833,89,22168,263,5604
120,7,413,073,89,21289,263,663
120,7,413,0625,89,20361,263,7699
120,7,413,052,89,19434,263,8741
120,7,413,052,89,19434,263,8741
120,7,413,0422,89,18604,263,9728
120,7,413,0322,89,17676,264,0748
120,7,413,0215,89,16748,264,1826
120,7,413,0215,89,16748,264,1826
120,7,413,011,89,15869,264,2882
120,7,413,001,89,14941,264,3905
120,7,412,9907,89,14063,264,4937
120,7,412,9907,89,14063,264,4937
120,7,412,9802,89,13135,264,5984
120,7,412,97,89,12256,264,7017
120,7,412,9597,89,11377,264,8052
120,7,412,95,89,10498,264,9059
120,7,412,95,89,10498,264,9059
120,7,412,9395,89,0957,265,0109
120,7,412,9287,89,08643,265,1179
120,7,412,9287,89,08643,265,1179
120,7,412,9182,89,07715,265,226
120,7,412,9077,89,06787,265,3298
120,7,412,897,89,05859,265,4395
120,7,412,897,89,05859,265,4395
120,7,412,8865,89,04932,265,5463
120,7,412,8762,89,04004,265,6497
120,7,412,8655,89,03076,265,7576
120,7,412,8552,89,02197,265,8597
120,7,412,8552,89,02197,265,8597
120,7,412,8455,89,01318,265,9584
120,7,412,8352,89,00439,266,0623
120,7,412,8245,88,99512,266,171
120,7,412,8245,88,99512,266,171
120,7,412,8142,88,98584,266,2742
120,7,412,8042,88,97705,266,3746
120,7,412,7942,88,96875,266,4752
120,7,412,7942,88,96875,266,4752
120,7,412,7839,88,95947,266,5801
120,7,412,7739,88,95068,266,6807
120,7,412,7637,88,94189,266,7826
120,7,412,7542,88,93359,266,8804
120,7,412,7542,88,93359,266,8804
120,7,412,7437,88,92432,266,9849
120,7,412,7329,88,91455,267,094
120,7,412,7271,88,90967,267,153
120,8,412,7271,88,90967,267,153
120,8,412,7317,88,90039,267,2545
120,8,412,7361,88,89111,267,3569
120,8,412,741,88,88135,267,4629
120,8,412,7456,88,87207,267,5632
120,8,412,7456,88,87207,267,5632
120,8,412,75,88,86328,267,665
120,8,412,7546,88,854,267,7656
120,8,412,7593,88,84424,267,8715
120,8,412,7593,88,84424,267,8715
120,8,412,7642,88,83447,267,9769
120,8,412,7688,88,8252,268,0803
120,8,412,7734,88,81592,268,1823
120,8,412,7734,88,81592,268,1823
120,8,412,7781,88,80615,268,2876
120,8,412,7827,88,79688,268,3916
120,8,412,7874,88,7876,268,4961
120,8,412,7874,88,7876,268,4961
120,8,412,792,88,77783,268,5991
120,8,412,7966,88,76855,268,7018
120,8,412,8015,88,75928,268,8062
120,8,412,8015,88,75928,268,8062
120,8,412,8062,88,74951,268,9135
120,8,412,8113,88,73926,269,0238
120,8,412,8162,88,72949,269,1328
120,8,412,8162,88,72949,269,1328
120,8,412,8206,88,72021,269,2322
120,8,412,8254,88,71045,269,3414
120,8,412,8303,88,70068,269,4503
120,8,412,8303,88,70068,269,4503
120,8,412,835,88,69141,269,553
120,8,412,8401,88,68115,269,6655
120,8,412,845,88,67139,269,7722
120,8,412,845,88,67139,269,7722
120,8,412,8496,88,66162,269,8762
120,8,412,8542,88,65234,269,9812
120,8,412,8591,88,64209,270,0924
120,8,412,8591,88,64209,270,0924
120,8,412,864,88,63281,270,1957
120,8,412,8687,88,62305,270,3018
120,8,412,8735,88,61328,270,4106
120,8,412,8735,88,61328,270,4106
120,8,412,8782,88,60352,270,5155
120,8,412,8828,88,59424,270,6179
120,8,412,8877,88,58447,270,7244
120,8,412,8877,88,58447,270,7244
120,8,412,8923,88,5752,270,829
120,8,412,8972,88,56543,270,9347
120,8,412,9021,88,55566,271,0443
120,8,412,9021,88,55566,271,0443
120,8,412,9067,88,5459,271,1501
120,8,412,9114,88,53662,271,2533
120,8,412,9165,88,52637,271,3645
120,8,412,9165,88,52637,271,3645
120,8,412,9211,88,5166,271,4705
120,8,412,926,88,50732,271,5751
120,8,412,926,88,50732,271,5751
120,8,412,926,88,50732,271,5751
120,8,412,926,88,50732,271,5751
120,8,412,926,88,50732,271,5751
120,8,412,9294,88,5,271,6532
120,8,412,9294,88,5,271,6532
120,8,413,0327,88,46729,272,0382
120,8,413,0669,88,45654,272,1663
120,8,413,0935,88,44824,272,2654
120,8,413,0935,88,44824,272,2654
120,8,413,1216,88,43945,272,3699
120,8,413,1489,88,43066,272,4722
120,8,413,1765,88,42236,272,575
120,8,413,1765,88,42236,272,575
120,8,413,2041,88,41357,272,6782
120,8,413,2314,88,40479,272,7797
120,8,413,2595,88,396,272,8845
120,8,413,2595,88,396,272,8845
120,8,413,2864,88,3877,272,9847
120,8,413,3145,88,37891,273,0897
120,8,413,3425,88,36963,273,1946
120,8,413,3425,88,36963,273,1946
120,8,413,3701,88,36133,273,2974
120,8,413,3967,88,35254,273,397
120,8,413,425,88,34375,273,5026
120,8,413,4524,88,33545,273,6038
120,8,413,4524,88,33545,273,6038
120,8,413,4778,88,32715,273,6992
120,8,413,5046,88,31885,273,7996
120,8,413,5315,88,31055,273,8993
120,8,413,5315,88,31055,273,8993
120,8,413,5586,88,30176,274,0001
120,8,413,585,88,29346,274,099
120,8,413,6123,88,28467,274,2007
120,8,413,6123,88,28467,274,2007
120,8,413,6389,88,27637,274,3003
120,8,413,6663,88,26807,274,402
120,8,413,6934,88,25928,274,5032
120,8,413,7188,88,25146,274,5977
120,8,413,7188,88,25146,274,5977
120,8,413,7449,88,24316,274,6958
120,8,413,7708,88,23486,274,792
120,8,413,7991,88,22607,274,897
120,8,413,7991,88,22607,274,897
120,8,413,8245,88,21826,274,9921
120,8,413,8513,88,20947,275,0927
120,8,413,8789,88,20068,275,1957
120,8,413,8789,88,20068,275,1957
120,8,413,907,88,19189,275,3003
120,8,413,9329,88,18408,275,3967
120,8,413,9463,88,17969,275,4468
120,8,413,9778,88,16943,275,5441
120,8,413,9778,88,16943,275,5441
120,8,414,0088,88,15918,275,6398
120,8,414,0405,88,14844,275,7383
120,8,414,0737,88,1377,275,8411
120,8,414,0737,88,1377,275,8411
120,8,414,105,88,12744,275,9373
120,8,414,136,88,11719,276,033
120,8,414,1675,88,10645,276,1307
120,8,414,1982,88,09619,276,2261
120,9,414,1982,88,09619,276,2261
120,9,414,2295,88,08594,276,3228
120,9,414,2612,88,07568,276,4207
120,9,414,2925,88,06543,276,517
120,9,414,2925,88,06543,276,517
120,9,414,3242,88,05469,276,6156
120,9,414,3557,88,04443,276,713
120,9,414,3879,88,03369,276,8125
120,9,414,4185,88,02344,276,9069
120,9,414,4185,88,02344,276,9069
120,9,414,4504,88,01318,277,0056
120,9,414,481,88,00293,277,1001
120,9,414,5127,87,99219,277,1982
120,9,414,5435,87,98193,277,2936
120,9,414,5435,87,98193,277,2936
120,9,414,5745,87,97168,277,3894
120,9,414,6062,87,96143,277,4871
120,9,414,6375,87,95117,277,584
120,9,414,6375,87,95117,277,584
120,9,414,6709,87,93994,277,6874
120,9,414,7029,87,9292,277,7866
120,9,414,7346,87,91895,277,8843
120,9,414,7346,87,91895,277,8843
120,9,414,7646,87,90918,277,9775
120,9,414,7957,87,89893,278,0729
120,9,414,8276,87,88818,278,1721
120,9,414,8579,87,87793,278,2656
120,9,414,8579,87,87793,278,2656
120,9,414,8894,87,86768,278,3628
120,9,414,9192,87,85791,278,4551
120,9,414,9509,87,83398,278,5563
120,9,414,9509,87,83398,278,5563
120,9,414,9812,87,81152,278,6527
120,9,415,0105,87,79004,278,7458
120,9,415,0405,87,76758,278,8414
120,9,415,0715,87,74463,278,9395
120,9,415,0715,87,74463,278,9395
120,9,415,1013,87,72217,279,0349
120,9,415,1301,87,70068,279,1267
120,9,415,1611,87,67773,279,2251
120,9,415,1611,87,67773,279,2251
120,9,415,1926,87,6543,279,3251
120,9,415,2236,87,63135,279,4238
120,9,415,2542,87,6084,279,5208
120,9,415,2542,87,6084,279,5208
120,9,415,2849,87,58545,279,6185
120,9,415,3142,87,56348,279,7122
120,9,415,3457,87,54004,279,8121
120,9,415,3757,87,51758,279,9078
120,9,415,3757,87,51758,279,9078
120,9,415,4053,87,49561,280,002
120,9,415,4358,87,47314,280,0986
120,9,415,4668,87,4502,280,1973
120,9,415,4668,87,4502,280,1973
120,9,415,4971,87,42725,280,2937
120,9,415,5286,87,40381,280,394
120,9,415,5581,87,38184,280,4882
120,9,415,5876,87,35986,280,5817
120,9,415,5876,87,35986,280,5817
120,9,415,6177,87,3374,280,6772
120,9,415,6509,87,3125,280,7834
120,9,415,6804,87,29102,280,877
120,9,415,6804,87,29102,280,877
120,9,415,7117,87,26758,280,9763
120,9,415,741,87,24561,281,0703
120,9,415,7732,87,22168,281,1721
120,9,415,7732,87,22168,281,1721
120,9,415,803,87,19922,281,2673
120,9,415,8323,87,17773,281,3604
120,9,415,8633,87,15479,281,4591
120,9,415,8633,87,15479,281,4591
120,9,415,8833,87,13965,281,5228
120,9,415,9263,87,12256,281,6122
120,9,415,9707,87,10449,281,7047
120,9,416,0149,87,08691,281,7968
120,9,416,0149,87,08691,281,7968
120,9,416,0608,87,06885,281,8921
120,9,416,104,87,05127,281,9822
120,9,416,1477,87,03369,282,0732
120,9,416,1477,87,03369,282,0732
120,9,416,1909,87,0166,282,1632
120,9,416,2339,86,99951,282,2527
120,9,416,2781,86,98193,282,3447
120,9,416,3206,86,96484,282,4326
120,9,416,3206,86,96484,282,4326
120,9,416,3635,86,94775,282,5225
120,9,416,4063,86,93066,282,6113
120,9,416,45,86,91309,282,7024
120,9,416,4924,86,896,282,7905
120,9,416,4924,86,896,282,7905
120,9,416,533,86,87988,282,8752
120,9,416,5779,86,86182,282,9685
120,9,416,6208,86,84473,283,0581
120,9,416,6638,86,82764,283,1472
120,9,416,6638,86,82764,283,1472
120,9,416,7073,86,81006,283,238
120,9,416,7493,86,79346,283,3252
120,9,416,792,86,77637,283,4143
120,9,416,833,86,75977,283,4994
120,9,416,833,86,75977,283,4994
120,9,416,876,86,74268,283,589
120,9,416,9185,86,72559,283,6776
120,9,416,9624,86,70801,283,7687
120,9,417,0051,86,69092,283,858
120,9,417,0051,86,69092,283,858
120,9,417,0469,86,67432,283,9447
120,9,417,0886,86,65771,284,0317
120,9,417,1333,86,63965,284,1248
120,9,417,175,86,62305,284,2112
120,9,417,175,86,62305,284,2112
120,9,417,2192,86,60547,284,3036
120,9,417,2632,86,58789,284,3948
120,9,417,3079,86,56982,284,4879
120,9,417,3591,86,56348,284,5728
120,9,417,3591,86,56348,284,5728
120,9,417,4094,86,55713,284,6564
120,9,417,4607,86,55078,284,7413
120,9,417,5129,86,54395,284,8281
120,9,417,5637,86,5376,284,9124
120,9,417,5637,86,5376,284,9124
120,9,417,6165,86,53125,284,9995
120,9,417,6658,86,5249,285,0813
120,9,417,7173,86,51855,285,1669
120,9,417,7681,86,51172,285,2512
120,9,417,7681,86,51172,285,2512
120,9,417,8181,86,50586,285,334
120,9,417,8704,86,49902,285,4209
120,9,417,9221,86,49268,285,5066
120,9,417,9724,86,48633,285,5898
120,9,417,9724,86,48633,285,5898
120,9,418,0222,86,47998,285,6724
120,9,418,0723,86,47363,285,7555
120,9,418,1245,86,46729,285,842
120,9,418,1731,86,46094,285,9229
120,9,418,2234,86,45459,286,0062
120,9,418,2234,86,45459,286,0062
120,9,418,2769,86,44775,286,0947
120,9,418,3279,86,44141,286,1796
120,9,418,3787,86,43506,286,2638
120,9,418,4285,86,42871,286,3462
120,9,418,4285,86,42871,286,3462
120,9,418,4819,86,42236,286,4348
120,9,418,5322,86,41602,286,5183
120,9,418,5854,86,40918,286,6066
120,9,418,5854,86,40918,286,6066
120,9,418,6365,86,40283,286,6913
120,9,418,6365,86,40283,286,6913
120,9,418,7222,86,39209,286,8334
120,9,418,7739,86,38525,286,9192
120,9,418,8262,86,37891,287,0056
120,9,418,877,86,37256,287,0898
120,9,418,9277,86,36621,287,1742
120,9,418,9277,86,36621,287,1742
120,9,418,9753,86,35986,287,2531
120,9,419,0276,86,35352,287,3396
120,9,419,0798,86,34717,287,4263
120,9,419,1306,86,34033,287,5105
120,9,419,1306,86,34033,287,5105
120,9,419,1809,86,33398,287,5938
120,9,419,2307,86,32813,287,6765
120,9,419,283,86,32129,287,7633
120,9,419,3323,86,31494,287,8452
120,9,419,3323,86,31494,287,8452
120,9,419,3806,86,30908,287,9253
120,9,419,4324,86,30273,288,011
120,9,419,4822,86,29639,288,0938
120,9,419,501,86,29395,288,1248
120,9,419,501,86,29395,288,1248
120,9,419,501,86,29395,288,1248
120,9,419,501,86,29395,288,1248
120,9,419,501,86,29395,288,1248
120,9,419,501,86,29395,288,1248
120,9,419,501,86,29395,288,1248
120,9,419,501,86,29395,288,1248
120,9,419,501,86,29395,288,1248
120,9,419,501,86,29395,288,1248
120,9,419,501,86,29395,288,1248
120,9,419,501,86,29395,288,1248
120,9,419,501,86,29395,288,1248
120,9,419,501,86,29395,288,1248
120,9,419,501,86,29395,288,1248
120,9,419,501,86,29395,288,1248
120,9,419,501,86,29395,288,1248
120,9,419,501,86,29395,288,1248
120,9,419,501,86,29395,288,1248
120,9,419,501,86,29395,288,1248
120,9,419,501,86,29395,288,1248
120,9,419,501,86,29395,288,1248
120,9,419,501,86,29395,288,1248
120,9,419,501,86,29395,288,1248
120,9,419,501,86,29395,288,1248
120,9,419,501,86,29395,288,1248
120,9,419,501,86,29395,288,1248
120,9,419,501,86,29395,288,1248
120,9,419,501,86,29395,288,1248
120,9,419,501,86,29395,288,1248
120,9,419,501,86,29395,288,1248
120,9,419,501,86,29395,288,1248
120,9,419,501,86,29395,288,1248
120,9,419,501,86,29395,288,1248
120,9,419,501,86,29395,288,1248
120,9,419,501,86,29395,288,1248
120,9,419,501,86,29395,288,1248
120,9,419,501,86,29395,288,1248
120,9,419,501,86,29395,288,1248
120,9,419,501,86,29395,288,1248
120,9,419,501,86,29395,288,1248
120,9,419,501,86,29395,288,1248
120,9,419,501,86,29395,288,1248
120,9,419,501,86,29395,288,1248
120,9,419,501,86,29395,288,1248
120,9,419,501,86,29395,288,1248
120,9,419,501,86,29395,288,1248
120,9,419,501,86,29395,288,1248
120,9,419,501,86,29395,288,1248
120,9,419,501,86,29395,288,1248
120,9,419,501,86,29395,288,1248
120,9,419,501,86,29395,288,1248
120,9,419,501,86,29395,288,1248
120,9,419,501,86,29395,288,1248
120,9,419,501,86,29395,288,1248
120,9,419,501,86,29395,288,1248
120,9,419,501,86,29395,288,1248
120,9,419,501,86,29395,288,1248
120,9,419,501,86,29395,288,1248
120,9,419,501,86,29395,288,1248
120,9,419,501,86,29395,288,1248
120,9,419,501,86,29395,288,1248
120,9,419,501,86,29395,288,1248
120,9,419,501,86,29395,288,1248
120,9,419,501,86,29395,288,1248
120,9,419,501,86,29395,288,1248
120,9,419,501,86,29395,288,1248
120,9,419,501,86,29395,288,1248
120,9,419,501,86,29395,288,1248
120,9,419,501,86,29395,288,1248
120,9,419,501,86,29395,288,1248
120,9,419,501,86,29395,288,1248
120,9,419,501,86,29395,288,1248
120,9,419,501,86,29395,288,1248
120,9,419,501,86,29395,288,1248
120,9,419,501,86,29395,288,1248
120,9,419,501,86,29395,288,1248
120,9,419,501,86,29395,288,1248
120,9,419,501,86,29395,288,1248
120,9,419,501,86,29395,288,1248
120,9,419,501,86,29395,288,1248
120,9,419,501,86,29395,288,1248
120,9,419,501,86,29395,288,1248
120,9,419,501,86,29395,288,1248
120,9,419,501,86,29395,288,1248
120,9,419,501,86,29395,288,1248
120,9,419,501,86,29395,288,1248
120,9,419,501,86,29395,288,1248
120,9,419,501,86,29395,288,1248
120,9,419,501,86,29395,288,1248
120,9,419,501,86,29395,288,1248
120,9,419,501,86,29395,288,1248
120,9,419,501,86,29395,288,1248
120,9,419,501,86,29395,288,1248
120,9,419,501,86,29395,288,1248
120,9,419,501,86,29395,288,1248
120,9,419,501,86,29395,288,1248
120,9,419,501,86,29395,288,1248
120,9,419,501,86,29395,288,1248
120,9,419,501,86,29395,288,1248
120,9,419,501,86,29395,288,1248
120,9,419,501,86,29395,288,1248
120,9,419,501,86,29395,288,1248
120,9,419,501,86,29395,288,1248
120,9,419,501,86,29395,288,1248
120,9,419,501,86,29395,288,1248
120,9,419,501,86,29395,288,1248
120,9,419,501,86,29395,288,1248
120,9,419,501,86,29395,288,1248
120,9,419,501,86,29395,288,1248
120,9,419,501,86,29395,288,1248
120,9,419,501,86,29395,288,1248
120,9,419,501,86,29395,288,1248
120,9,419,501,86,29395,288,1248
120,9,419,501,86,29395,288,1248
120,9,419,501,86,29395,288,1248
120,9,419,501,86,29395,288,1248
120,9,419,501,86,29395,288,1248
120,9,419,501,86,29395,288,1248
120,9,419,501,86,29395,288,1248
120,9,419,501,86,29395,288,1248
120,9,419,501,86,29395,288,1248
120,9,419,501,86,29395,288,1248
120,9,419,501,86,29395,288,1248
120,9,419,501,86,29395,288,1248
120,9,419,501,86,29395,288,1248
120,9,419,501,86,29395,288,1248
120,9,419,501,86,29395,288,1248
120,9,419,501,86,29395,288,1248
120,9,419,501,86,29395,288,1248
120,9,419,501,86,29395,288,1248
120,9,419,501,86,29395,288,1248
120,9,419,501,86,29395,288,1248
120,9,419,501,86,29395,288,1248
120,9,419,501,86,29395,288,1248
120,9,419,501,86,29395,288,1248
120,9,419,501,86,29395,288,1248
120,9,419,501,86,29395,288,1248
120,9,419,501,86,29395,288,1248
120,9,419,501,86,29395,288,1248
120,9,419,501,86,29395,288,1248
120,9,419,501,86,29395,288,1248
120,9,419,501,86,29395,288,1248
120,9,419,501,86,29395,288,1248
120,9,419,501,86,29395,288,1248
120,9,419,501,86,29395,288,1248
120,9,419,501,86,29395,288,1248
120,9,419,501,86,29395,288,1248
120,9,419,501,86,29395,288,1248
120,9,419,501,86,29395,288,1248
120,9,419,501,86,29395,288,1248
120,9,419,501,86,29395,288,1248
120,9,419,501,86,29395,288,1248
120,9,419,501,86,29395,288,1248
120,9,419,501,86,29395,288,1248
120,9,419,501,86,29395,288,1248
120,9,419,501,86,29395,288,1248
120,9,419,501,86,29395,288,1248
120,9,419,501,86,29395,288,1248
120,9,419,501,86,29395,288,1248
120,9,419,501,86,29395,288,1248
120,9,419,501,86,29395,288,1248
120,10,419,501,86,29395,288,1248
120,10,419,501,86,29395,288,1248
120,10,419,501,86,29395,288,1248
120,10,419,5554,86,28223,288,1953
120,10,419,6179,86,26855,288,2761
120,10,419,6775,86,25537,288,3538
120,10,419,7334,86,24316,288,426
120,10,419,7334,86,24316,288,426
120,10,419,7917,86,23047,288,5017
120,10,419,8469,86,21875,288,5731
120,10,419,9048,86,20605,288,6482
120,10,419,9617,86,19385,288,7219
120,10,420,0193,86,18115,288,7966
120,10,420,0754,86,16895,288,8694
120,10,420,0754,86,16895,288,8694
120,10,420,1304,86,15674,288,9407
120,10,420,1887,86,14404,289,0162
120,10,420,2493,86,13086,289,0947
120,10,420,3049,86,11914,289,1667
120,10,420,3618,86,10645,289,2406
120,10,420,3618,86,10645,289,2406
120,10,420,4199,86,09375,289,3159
120,10,420,4746,86,08203,289,3867
120,10,420,532,86,06934,289,4612
120,10,420,5874,86,05762,289,533
120,10,420,6455,86,04492,289,6084
120,10,420,7024,86,03223,289,682
120,10,420,7024,86,03223,289,682
120,10,420,7585,86,02002,289,755
120,10,420,8208,86,00684,289,8356
120,10,420,8804,85,99365,289,9128
120,10,420,936,85,98145,289,9849
120,10,420,9917,85,96924,290,0573
120,10,420,9917,85,96924,290,0573
120,10,421,0486,85,95703,290,1309
120,10,421,1052,85,94482,290,2041
120,10,421,1621,85,93213,290,2778
120,10,421,2166,85,92041,290,3486
120,10,421,2722,85,9082,290,4207
120,10,421,3284,85,896,290,4934
120,10,421,3284,85,896,290,4934
120,10,421,386,85,88379,290,5681
120,10,421,4436,85,87109,290,6428
120,10,421,4993,85,85889,290,7151
120,10,421,5549,85,84668,290,787
120,10,421,6113,85,83447,290,8602
120,10,421,6667,85,82227,290,9319
120,10,421,7246,85,81006,291,007
120,10,421,7246,85,81006,291,007
120,10,421,7795,85,79785,291,0781
120,10,421,8337,85,78613,291,1484
120,10,421,8914,85,77344,291,2231
120,10,421,9465,85,76172,291,2949
120,10,421,9548,85,75977,291,3055
120,10,421,9548,85,75977,291,3055
120,10,421,9548,85,75977,291,3055
120,10,421,9548,85,75977,291,3055
120,10,421,9548,85,75977,291,3055
120,10,421,9548,85,75977,291,3055
120,10,421,9548,85,75977,291,3055
120,10,421,9548,85,75977,291,3055
120,10,421,9548,85,75977,291,3055
120,10,422,0042,85,75439,291,3824
120,10,422,0042,85,75439,291,3824
120,10,422,0535,85,74854,291,4598
120,10,422,1038,85,74316,291,5382
120,10,422,1538,85,73779,291,6165
120,10,422,2031,85,73193,291,6934
120,10,422,252,85,72656,291,7698
120,10,422,301,85,72119,291,8467
120,10,422,301,85,72119,291,8467
120,10,422,353,85,71533,291,9277
120,10,422,4043,85,70947,292,0079
120,10,422,4551,85,7041,292,0872
120,10,422,5051,85,69824,292,1656
120,10,422,5552,85,69287,292,2437
120,11,422,6052,85,68701,292,3218
120,11,422,6052,85,68701,292,3218
120,11,422,6555,85,68164,292,4004
120,11,422,7068,85,67578,292,4807
120,11,422,7566,85,67041,292,5585
120,11,422,8088,85,66455,292,6404
120,11,422,8596,85,65869,292,7192
120,11,422,908,85,65332,292,795
120,11,422,908,85,65332,292,795
120,11,422,9568,85,64795,292,8711
120,11,423,0078,85,64209,292,9512
120,11,423,0598,85,63623,293,0322
120,11,423,1077,85,63086,293,1069
120,11,423,1575,85,62549,293,1848
120,11,423,2122,85,61963,293,2703
120,11,423,2122,85,61963,293,2703
120,11,423,2605,85,61377,293,3458
120,11,423,3101,85,6084,293,4233
120,11,423,3611,85,60254,293,5032
120,11,423,4111,85,59717,293,5813
120,11,423,4622,85,59131,293,661
120,11,423,5122,85,58594,293,7393
120,11,423,5122,85,58594,293,7393
120,11,423,5623,85,58008,293,8174
120,11,423,6116,85,57471,293,8945
120,11,423,6614,85,56934,293,9724
120,11,423,7112,85,56348,294,0502
120,11,423,7598,85,55811,294,1261
120,11,423,8108,85,55273,294,2058
120,11,423,8108,85,55273,294,2058
120,11,423,8604,85,54688,294,2834
120,11,423,9104,85,5415,294,3615
120,11,423,9607,85,53564,294,4399
120,11,424,0117,85,53027,294,5199
120,11,424,0618,85,52441,294,5983
120,11,424,1116,85,51904,294,676
120,11,424,1116,85,51904,294,676
120,11,424,1611,85,51367,294,7533
120,11,424,2122,85,50781,294,8333
120,11,424,2629,85,50195,294,9125
120,11,424,3154,85,49609,294,9946
120,11,424,3665,85,49072,295,0745
120,11,424,4167,85,48486,295,1528
120,11,424,4167,85,48486,295,1528
120,11,424,4666,85,47949,295,2308
120,11,424,52,85,47314,295,3143
120,11,424,5725,85,46729,295,3964
120,11,424,6235,85,46191,295,4761
120,11,424,6401,85,45996,295,502
120,11,424,6401,85,45996,295,502
120,11,424,6514,85,45703,295,5942
120,11,424,6624,85,4541,295,6841
120,11,424,6746,85,45117,295,7815
120,11,424,686,85,44824,295,8762
120,11,424,6973,85,44531,295,9673
120,11,424,6973,85,44531,295,9673
120,11,424,7092,85,44238,296,064
120,11,424,72,85,43945,296,1537
120,11,424,7319,85,43652,296,25
120,11,424,7434,85,43359,296,344
120,11,424,7551,85,43066,296,4386
120,11,424,7666,85,42773,296,532
120,11,424,7666,85,42773,296,532
120,11,424,7781,85,4248,296,6272
120,11,424,7891,85,42188,296,7157
120,11,424,801,85,41895,296,8123
120,11,424,8123,85,41602,296,9049
120,11,424,8235,85,41309,296,9969
120,11,424,835,85,41016,297,0895
120,11,424,835,85,41016,297,0895
120,11,424,8464,85,40723,297,1841
120,11,424,8584,85,4043,297,2808
120,11,424,8699,85,40137,297,3738
120,11,424,8811,85,39844,297,4656
120,11,424,8921,85,39551,297,556
120,11,424,8921,85,39551,297,556
120,11,424,9038,85,39258,297,6506
120,11,424,9155,85,38965,297,7466
120,11,424,9272,85,38672,297,8411
120,11,424,9392,85,38379,297,9385
120,11,424,9504,85,38086,298,0303
120,11,424,9504,85,38086,298,0303
120,11,424,9619,85,37793,298,1248
120,11,424,9736,85,375,298,2191
120,11,424,9846,85,37207,298,3102
120,11,424,9958,85,36914,298,4006
120,11,425,0073,85,36621,298,494
120,11,425,019,85,36328,298,5901
120,11,425,0295,85,36084,298,6764
120,11,425,0295,85,36084,298,6764
120,11,425,0308,85,36035,298,6855
120,11,425,0308,85,36035,298,6855
120,11,425,0308,85,36035,298,6855
120,11,425,0308,85,36035,298,6855
120,11,425,0308,85,36035,298,6855
120,11,425,0308,85,36035,298,6855
120,11,425,0308,85,36035,298,6855
120,11,425,0308,85,36035,298,6855
120,11,425,0308,85,36035,298,6855
120,11,425,0308,85,36035,298,6855
120,11,425,0308,85,36035,298,6855
120,11,425,0308,85,36035,298,6855
120,11,425,0308,85,36035,298,6855
120,11,425,0308,85,36035,298,6855
120,11,425,0308,85,36035,298,6855
120,11,425,0308,85,36035,298,6855
120,11,425,0308,85,36035,298,6855
120,11,425,0308,85,36035,298,6855
120,11,425,0308,85,36035,298,6855
120,11,425,0308,85,36035,298,6855
120,11,425,0308,85,36035,298,6855
120,11,425,0308,85,36035,298,6855
120,11,425,0308,85,36035,298,6855
120,11,425,0308,85,36035,298,6855
120,11,425,0308,85,36035,298,6855
120,11,425,0308,85,36035,298,6855
120,11,425,0015,85,35059,298,7749
120,11,424,9727,85,34131,298,8625
120,11,424,9727,85,34131,298,8625
120,11,424,9431,85,33154,298,952
120,11,424,9136,85,32178,299,0417
120,11,424,8826,85,31152,299,1367
120,11,424,8545,85,30273,299,2217
120,11,424,8237,85,29248,299,3153
120,11,424,8237,85,29248,299,3153
120,11,424,7947,85,28271,299,4036
120,11,424,7646,85,27295,299,4951
120,11,424,7344,85,26318,299,5873
120,11,424,7041,85,25293,299,6793
120,11,424,7041,85,25293,299,6793
120,11,424,6741,85,24316,299,7709
120,11,424,6431,85,23291,299,8649
120,11,424,613,85,22314,299,9563
120,11,424,5825,85,21338,300,0492
120,11,424,5535,85,20361,300,1371
120,11,424,5535,85,20361,300,1371
120,11,424,5229,85,19385,300,2305
120,11,424,4915,85,18359,300,326
120,11,424,4612,85,17334,300,4186
120,11,424,4299,85,16309,300,5131
120,11,424,4299,85,16309,300,5131
120,11,424,3989,85,15283,300,6074
120,11,424,3689,85,14307,300,6986
120,11,424,3374,85,13281,300,7948
120,11,424,3069,85,12256,300,8876
120,11,424,3069,85,12256,300,8876
120,11,424,2761,85,11279,300,9814
120,11,424,2456,85,10254,301,0737
120,11,424,2144,85,09229,301,1692
120,11,424,1826,85,08203,301,2654
120,11,424,1826,85,08203,301,2654
120,11,424,1528,85,07227,301,3564
120,11,424,1184,85,06104,301,4607
120,11,424,0857,85,05029,301,5605
120,11,424,0857,85,05029,301,5605
120,11,424,0542,85,04004,301,6563
120,11,424,0234,85,02979,301,7498
120,11,424,0234,85,02979,301,7498
120,11,424,0234,85,02979,301,7498
120,11,424,0234,85,02979,301,7498
120,11,424,0234,85,02979,301,7498
120,11,424,0234,85,02979,301,7498
120,11,424,0234,85,02979,301,7498
120,11,424,0234,85,02979,301,7498
120,11,424,0234,85,02979,301,7498
120,11,424,0234,85,02979,301,7498
120,11,424,0234,85,02979,301,7498
120,11,424,0234,85,02979,301,7498
120,11,424,0234,85,02979,301,7498
120,11,424,0234,85,02979,301,7498
120,11,424,0234,85,02979,301,7498
120,11,424,0234,85,02979,301,7498
120,11,424,0234,85,02979,301,7498
120,11,424,0234,85,02979,301,7498
120,11,424,0234,85,02979,301,7498
120,11,424,0234,85,02979,301,7498
120,11,424,0234,85,02979,301,7498
120,11,424,0234,85,02979,301,7498
120,12,424,0234,85,02979,301,7498
120,12,424,0234,85,02979,301,7498
120,12,423,9517,85,0249,301,8208
120,12,423,9517,85,0249,301,8208
120,12,423,8789,85,01953,301,8931
120,12,423,804,85,01416,301,9674
120,12,423,7288,85,00928,302,0419
120,12,423,7288,85,00928,302,0419
120,12,423,6555,85,00391,302,1145
120,12,423,5815,84,99854,302,188
120,12,423,5066,84,99365,302,2622
120,12,423,5066,84,99365,302,2622
120,12,423,4297,84,98779,302,3385
120,12,423,354,84,98291,302,4137
120,12,423,354,84,98291,302,4137
120,12,423,2773,84,97705,302,4897
120,12,423,1953,84,97168,302,5709
120,12,423,1226,84,96631,302,6432
120,12,423,0491,84,96143,302,7162
120,12,423,0491,84,96143,302,7162
120,12,422,9734,84,95605,302,791
120,12,422,8999,84,95068,302,864
120,12,422,8257,84,94531,302,9375
120,12,422,8257,84,94531,302,9375
120,12,422,7466,84,93994,303,016
120,12,422,6704,84,93457,303,0916
120,12,422,5972,84,9292,303,1641
120,12,422,5972,84,9292,303,1641
120,12,422,5237,84,92432,303,2371
120,12,422,446,84,91895,303,314
120,12,422,3696,84,91357,303,3898
120,12,422,3696,84,91357,303,3898
120,12,422,2952,84,9082,303,4636
120,12,422,2192,84,90283,303,5389
120,12,422,1414,84,89746,303,6162
120,12,422,1414,84,89746,303,6162
120,12,422,0676,84,89209,303,6892
120,12,421,9919,84,88672,303,7643
120,12,421,9131,84,88135,303,8425
120,12,421,9131,84,88135,303,8425
120,12,421,8369,84,87598,303,9182
120,12,421,7637,84,87061,303,9907
120,12,421,687,84,86523,304,0669
120,12,421,687,84,86523,304,0669
120,12,421,6104,84,85986,304,1428
120,12,421,5334,84,85449,304,2191
120,12,421,4575,84,84912,304,2944
120,12,421,4575,84,84912,304,2944
120,12,421,3838,84,84424,304,3674
120,12,421,3079,84,83887,304,4427
120,12,421,2324,84,8335,304,5176
120,12,421,2324,84,8335,304,5176
120,12,421,1587,84,82813,304,5908
120,12,421,0854,84,82324,304,6633
120,12,421,0398,84,81982,304,7086
120,12,421,0398,84,81982,304,7086
120,12,420,9473,84,81836,304,7571
120,12,420,8516,84,81689,304,8074
120,12,420,7559,84,81494,304,8577
120,12,420,7559,84,81494,304,8577
120,12,420,6587,84,81348,304,9087
120,12,420,5659,84,81201,304,9573
120,12,420,4697,84,81006,305,0077
120,12,420,4697,84,81006,305,0077
120,12,420,3782,84,80859,305,0558
120,12,420,2849,84,80713,305,1047
120,12,420,1914,84,80566,305,1537
120,12,420,1914,84,80566,305,1537
120,12,420,0991,84,8042,305,2021
120,12,420,0046,84,80225,305,2517
120,12,419,9072,84,80078,305,3029
120,12,419,9072,84,80078,305,3029
120,12,419,8147,84,79932,305,3513
120,12,419,7175,84,79785,305,4023
120,12,419,6169,84,7959,305,4552
120,12,419,6169,84,7959,305,4552
120,12,419,5249,84,79443,305,5034
120,12,419,4287,84,79297,305,554
120,12,419,4287,84,79297,305,554
120,12,419,3281,84,79102,305,6067
120,12,419,2319,84,78955,305,6572
120,12,419,1348,84,78809,305,7083
120,12,419,1348,84,78809,305,7083
120,12,419,0403,84,78613,305,7578
120,12,418,9417,84,78467,305,8094
120,12,418,842,84,78271,305,8617
120,12,418,842,84,78271,305,8617
120,12,418,7439,84,78125,305,9133
120,12,418,6489,84,77979,305,9631
120,12,418,5547,84,77832,306,0125
120,12,418,5547,84,77832,306,0125
120,12,418,4585,84,77637,306,063
120,12,418,3623,84,7749,306,1135
120,12,418,3623,84,7749,306,1135
120,12,418,2649,84,77344,306,1646
120,12,418,168,84,77148,306,2155
120,12,418,0703,84,77002,306,2667
120,12,418,0703,84,77002,306,2667
120,12,417,9763,84,76855,306,316
120,12,417,8762,84,7666,306,3685
120,12,417,7769,84,76514,306,4207
120,12,417,7769,84,76514,306,4207
120,12,417,6799,84,76367,306,4714
120,12,417,5835,84,76172,306,5221
120,12,417,5835,84,76172,306,5221
120,12,417,4866,84,76025,306,5729
120,12,417,4604,84,75977,306,5867
120,12,417,3486,84,75977,306,5994
120,12,417,3486,84,75977,306,5994
120,12,417,2388,84,75977,306,6118
120,12,417,1311,84,75977,306,6241
120,12,417,0173,84,75977,306,6371
120,12,417,0173,84,75977,306,6371
120,12,416,9133,84,75977,306,6489
120,12,416,8022,84,75977,306,6615
120,12,416,8022,84,75977,306,6615
120,12,416,6877,84,75977,306,6746
120,12,416,5767,84,75977,306,6873
120,12,416,4636,84,75977,306,7001
120,12,416,4636,84,75977,306,7001
120,12,416,3525,84,75977,306,7126
120,12,416,2429,84,75977,306,7252
120,12,416,2429,84,75977,306,7252
120,12,416,1326,84,75977,306,7378
120,12,416,0166,84,75977,306,751
120,12,415,9026,84,75977,306,7639
120,12,415,9026,84,75977,306,7639
120,12,415,7927,84,75977,306,7764
120,12,415,679,84,75977,306,7893
120,13,415,679,84,75977,306,7893
120,13,415,5613,84,75977,306,8027
120,13,415,4456,84,75977,306,8159
120,13,415,4456,84,75977,306,8159
120,13,415,3313,84,75977,306,8289
120,13,415,2239,84,75977,306,8411
120,13,415,2239,84,75977,306,8411
120,13,415,1099,84,75977,306,8541
120,13,414,9951,84,75977,306,8672
120,13,414,8804,84,75977,306,8801
120,13,414,8804,84,75977,306,8801
120,13,414,7632,84,75977,306,8936
120,13,414,6492,84,75977,306,9065
120,13,414,6492,84,75977,306,9065
120,13,414,54,84,75977,306,9189
120,13,414,4285,84,75977,306,9316
120,13,414,4285,84,75977,306,9316
120,13,414,311,84,75977,306,9449
120,13,414,1953,84,75977,306,9581
120,13,414,1953,84,75977,306,9581
120,13,414,0793,84,75977,306,9713
120,13,414,0547,84,75977,306,9741
120,13,413,9421,84,75537,306,9601
120,13,413,9421,84,75537,306,9601
120,13,413,8335,84,75098,306,9465
120,13,413,7219,84,74658,306,9326
120,13,413,7219,84,74658,306,9326
120,13,413,6067,84,7417,306,9182
120,13,413,4924,84,7373,306,9041
120,13,413,4924,84,7373,306,9041
120,13,413,3799,84,73291,306,89
120,13,413,3799,84,73291,306,89
120,13,413,2161,84,72656,306,8696
120,13,413,1003,84,72168,306,8552
120,13,412,988,84,71729,306,8412
120,13,412,988,84,71729,306,8412
120,13,412,8765,84,71289,306,8273
120,13,412,7664,84,7085,306,8136
120,13,412,7664,84,7085,306,8136
120,13,412,6594,84,7041,306,8003
120,13,412,5513,84,69971,306,7867
120,13,412,4385,84,69531,306,7727
120,13,412,4385,84,69531,306,7727
120,13,412,3313,84,69092,306,7594
120,13,412,2222,84,68652,306,7457
120,13,412,1094,84,68213,306,7317
120,13,412,1094,84,68213,306,7317
120,13,411,9983,84,67773,306,7179
120,13,411,9983,84,67773,306,7179
120,13,411,9983,84,67773,306,7179
120,13,411,9983,84,67773,306,7179
120,13,411,9983,84,67773,306,7179
120,13,411,8875,84,67334,306,7041
120,13,411,4907,84,65771,306,6547
120,13,411,4907,84,65771,306,6547
120,13,411,374,84,65283,306,6401
120,13,411,2656,84,64844,306,6266
120,13,411,1541,84,64404,306,6127
120,13,411,1541,84,64404,306,6127
120,13,411,0464,84,63965,306,5992
120,13,410,9377,84,63525,306,5857
120,13,410,9377,84,63525,306,5857
120,13,410,8308,84,63135,306,5724
120,13,410,7249,84,62695,306,5592
120,13,410,6169,84,62256,306,5458
120,13,410,5408,84,61963,306,5363
120,13,410,5408,84,61963,306,5363
120,13,410,5408,84,61963,306,5363
120,13,410,4458,84,61914,306,4937
120,13,410,4458,84,61914,306,4937
120,13,410,3386,84,61865,306,4457
120,13,410,2407,84,61816,306,4019
120,13,410,1423,84,61768,306,3578
120,13,410,1423,84,61768,306,3578
120,13,410,0432,84,61719,306,3134
120,13,409,9456,84,6167,306,2697
120,13,409,8513,84,61621,306,2274
120,13,409,8513,84,61621,306,2274
120,13,409,7578,84,61572,306,1855
120,13,409,6619,84,61523,306,1426
120,13,409,5652,84,61523,306,0992
120,13,409,5652,84,61523,306,0992
120,13,409,4722,84,61475,306,0576
120,13,409,3721,84,61426,306,0127
120,13,409,2766,84,61377,305,97
120,14,409,1848,84,61328,305,9288
120,14,409,1848,84,61328,305,9288
120,14,409,0901,84,61279,305,8865
120,14,408,9976,84,6123,305,845
120,14,408,9041,84,61182,305,8031
120,14,408,8145,84,61133,305,7629
120,14,408,8145,84,61133,305,7629
120,14,408,7258,84,61084,305,7231
120,14,408,6335,84,61035,305,6819
120,14,408,531,84,60986,305,636
120,14,408,531,84,60986,305,636
120,14,408,4375,84,60986,305,594
120,14,408,3486,84,60938,305,5542
120,14,408,2576,84,60889,305,5134
120,14,408,1667,84,6084,305,4728
120,14,408,0728,84,60791,305,4307
120,14,408,0728,84,60791,305,4307
120,14,407,9854,84,60742,305,3915
120,14,407,8979,84,60693,305,3524
120,14,407,8062,84,60645,305,3113
120,14,407,7163,84,60645,305,271
120,14,407,7163,84,60645,305,271
120,14,407,6255,84,60596,305,2303
120,14,407,5374,84,60547,305,1908
120,14,407,4451,84,60498,305,1494
120,14,407,3511,84,60449,305,1074
120,14,407,3511,84,60449,305,1074
120,14,407,2637,84,604,305,0682
120,14,407,1758,84,60352,305,0289
120,14,407,0828,84,60303,304,9871
120,14,406,9944,84,60303,304,9475
120,14,406,906,84,60254,304,9081
120,14,406,906,84,60254,304,9081
120,14,406,8208,84,60205,304,8699
120,14,406,7324,84,60156,304,8303
120,14,406,6333,84,60107,304,7859
120,14,406,5452,84,60059,304,7463
120,14,406,5452,84,60059,304,7463
120,14,406,4587,84,6001,304,7076
120,14,406,3674,84,59961,304,6667
120,14,406,325,84,59961,304,6477
120,14,406,2449,84,59912,304,6023
120,14,406,2449,84,59912,304,6023
120,14,406,1597,84,59863,304,5542
120,14,406,0754,84,59814,304,5065
120,14,405,9873,84,59814,304,4567
120,14,405,9063,84,59766,304,4106
120,14,405,8193,84,59717,304,3616
120,14,405,8193,84,59717,304,3616
120,14,405,7361,84,59668,304,3143
120,14,405,6465,84,59619,304,2637
120,14,405,5637,84,5957,304,2168
120,14,405,4805,84,59521,304,1698
120,14,405,3982,84,59521,304,123
120,14,405,3982,84,59521,304,123
120,14,405,3154,84,59473,304,0764
120,14,405,2317,84,59424,304,0288
120,14,405,1465,84,59375,303,9807
120,14,405,0625,84,59326,303,9332
120,14,404,978,84,59277,303,8854
120,14,404,978,84,59277,303,8854
120,14,404,8962,84,59229,303,839
120,14,404,8113,84,59229,303,791
120,14,404,7302,84,5918,303,7451
120,14,404,6477,84,59131,303,6984
120,14,404,5635,84,59082,303,6508
120,14,404,5635,84,59082,303,6508
120,14,404,4839,84,59033,303,6057
120,14,404,4043,84,58984,303,5605
120,14,404,3201,84,58984,303,5129
120,14,404,2341,84,58936,303,4644
120,14,404,1497,84,58887,303,4165
120,14,404,071,84,58838,303,3719
120,14,404,071,84,58838,303,3719
120,14,403,9895,84,58789,303,3258
120,14,403,9084,84,5874,303,28
120,14,403,8235,84,58691,303,2318
120,14,403,7397,84,58691,303,1846
120,14,403,6558,84,58643,303,137
120,14,403,6558,84,58643,303,137
120,14,403,5771,84,58594,303,0925
120,14,403,4937,84,58545,303,0452
120,14,403,4099,84,58496,302,9978
120,14,403,3271,84,58447,302,951
120,14,403,2439,84,58447,302,9038
120,14,403,2439,84,58447,302,9038
120,14,403,1604,84,58398,302,8567
120,14,403,0793,84,5835,302,8108
120,14,402,9937,84,58301,302,7622
120,14,402,9116,84,58252,302,7158
120,14,402,8259,84,58203,302,6672
120,14,402,8259,84,58203,302,6672
120,14,402,7412,84,58154,302,6194
120,14,402,6606,84,58154,302,5737
120,14,402,5752,84,58105,302,5254
120,14,402,4941,84,58057,302,4795
120,14,402,4089,84,58008,302,4314
120,14,402,3306,84,57959,302,387
120,14,402,3306,84,57959,302,387
120,14,402,3086,84,57959,302,3745
120,14,402,2346,84,57959,302,3195
120,14,402,1553,84,57959,302,2604
120,14,402,0759,84,57959,302,2014
120,14,402,0012,84,57959,302,1458
120,14,402,0012,84,57959,302,1458
120,14,401,9265,84,57959,302,0902
120,14,401,8503,84,57959,302,0334
120,14,401,772,84,57959,301,9751
120,14,401,6951,84,57959,301,918
120,14,401,6179,84,57959,301,8605
120,14,401,6179,84,57959,301,8605
120,14,401,541,84,57959,301,8032
120,14,401,4653,84,57959,301,7471
120,14,401,3914,84,57959,301,6919
120,14,401,3145,84,57959,301,6348
120,14,401,2393,84,57959,301,5787
120,14,401,2393,84,57959,301,5787
120,14,401,1606,84,57959,301,5203
120,14,401,0852,84,57959,301,464
120,14,401,0032,84,57959,301,403
120,14,400,9285,84,57959,301,3475
120,14,400,8496,84,57959,301,2888
120,14,400,8496,84,57959,301,2888
120,14,400,7717,84,57959,301,2308
120,14,400,6973,84,57959,301,1753
120,14,400,6204,84,57959,301,1182
120,14,400,5471,84,57959,301,0636
120,14,400,4714,84,57959,301,0073
120,14,400,3962,84,57959,300,9513
120,14,400,3962,84,57959,300,9513
120,14,400,324,84,57959,300,8976
120,14,400,2485,84,57959,300,8414
120,14,400,1726,84,57959,300,7849
120,14,400,0989,84,57959,300,73
120,14,400,0225,84,57959,300,6733
120,14,399,9487,84,57959,300,6183
120,14,399,9487,84,57959,300,6183
120,14,399,8748,84,57959,300,5632
120,14,399,8027,84,57959,300,5098
120,14,399,7234,84,57959,300,4507
120,14,399,6497,84,57959,300,3958
120,14,399,5723,84,57959,300,3383
120,14,399,5,84,57959,300,2844
120,14,399,5,84,57959,300,2844
120,14,399,426,84,57959,300,2292
120,14,399,354,84,57959,300,1758
120,14,399,2742,84,57959,300,1163
120,14,399,1997,84,57959,300,0609
120,14,399,126,84,57959,300,0061
120,14,399,0535,84,57959,299,952
120,14,399,0535,84,57959,299,952
120,14,398,9756,84,57959,299,8942
120,14,398,9016,84,57959,299,839
120,14,398,8257,84,57959,299,7826
120,14,398,7539,84,57959,299,7291
120,14,398,6785,84,57959,299,6731
120,14,398,6042,84,57959,299,6179
120,14,398,6042,84,57959,299,6179
120,14,398,53,84,57959,299,5626
120,14,398,4546,84,57959,299,5065
120,14,398,3799,84,57959,299,4509
120,14,398,3064,84,57959,299,3961
120,14,398,2334,84,57959,299,3419
120,14,398,1558,84,57959,299,2839
120,14,398,1558,84,57959,299,2839
120,14,398,0813,84,57959,299,2286
120,14,398,0081,84,57959,299,1741
120,14,397,9314,84,57959,299,1172
120,14,397,8586,84,57959,299,0629
120,15,397,7852,84,57959,299,0083
120,15,397,7434,84,57959,298,9772
120,15,397,6658,84,57959,298,9211
120,15,397,6658,84,57959,298,9211
120,15,397,5918,84,57959,298,8676
120,15,397,5149,84,57959,298,812
120,15,397,4392,84,57959,298,7573
120,15,397,3645,84,57959,298,7034
120,15,397,2891,84,57959,298,6489
120,15,397,2139,84,57959,298,5945
120,15,397,2139,84,57959,298,5945
120,15,397,1399,84,57959,298,5411
120,15,397,063,84,57959,298,4855
120,15,396,9851,84,57959,298,4293
120,15,396,9111,84,57959,298,3757
120,15,396,8354,84,57959,298,321
120,15,396,76,84,57959,298,2666
120,15,396,76,84,57959,298,2666
120,15,396,6851,84,57959,298,2125
120,15,396,6116,84,57959,298,1593
120,15,396,5366,84,57959,298,1052
120,15,396,4604,84,57959,298,0503
120,15,396,3872,84,57959,297,9972
120,15,396,3113,84,57959,297,9423
120,15,396,238,84,57959,297,8895
120,15,396,238,84,57959,297,8895
120,15,396,1667,84,57959,297,8379
120,15,396,0903,84,57959,297,7827
120,15,396,0129,84,57959,297,7268
120,15,395,9375,84,57959,297,6722
120,15,395,8655,84,57959,297,6204
120,15,395,7905,84,57959,297,566
120,15,395,7905,84,57959,297,566
120,15,395,7183,84,57959,297,5139
120,15,395,6431,84,57959,297,4596
120,15,395,5659,84,57959,297,4038
120,15,395,49,84,57959,297,349
120,15,395,4155,84,57959,297,2952
120,15,395,3379,84,57959,297,2391
120,15,395,3379,84,57959,297,2391
120,15,395,2603,84,57959,297,183
120,15,395,187,84,57959,297,13
120,15,395,1138,84,57959,297,077
120,15,395,0366,84,57959,297,0212
120,15,394,9636,84,57959,296,9685
120,15,394,8884,84,57959,296,9142
120,15,394,8142,84,57959,296,8606
120,15,394,8142,84,57959,296,8606
120,15,394,739,84,57959,296,8062
120,15,394,6636,84,57959,296,7517
120,15,394,5872,84,57959,296,6965
120,15,394,512,84,57959,296,6421
120,15,394,4346,84,57959,296,5864
120,15,394,4346,84,57959,296,5864
120,15,394,3584,84,57959,296,5313
120,15,394,2808,84,57959,296,4752
120,15,394,2053,84,57959,296,4207
120,15,394,1311,84,57959,296,3671
120,15,394,0559,84,57959,296,3127
120,15,393,9819,84,57959,296,2593
120,15,393,9075,84,57959,296,2053
120,15,393,9075,84,57959,296,2053
120,15,393,8298,84,57959,296,1494
120,15,393,751,84,57959,296,0924
120,15,393,6753,84,57959,296,0376
120,15,393,5994,84,57959,295,9829
120,15,393,5237,84,57959,295,9282
120,15,393,5237,84,57959,295,9282
120,15,393,4463,84,57959,295,8721
120,15,393,3711,84,57959,295,8179
120,15,393,2939,84,57959,295,7621
120,15,393,2192,84,57959,295,7083
120,15,393,1648,84,57959,295,6688
120,15,393,0876,84,57861,295,613
120,15,393,0876,84,57861,295,613
120,15,393,0125,84,57764,295,5591
120,15,392,9233,84,57617,295,4948
120,15,392,8477,84,5752,295,4402
120,16,392,7712,84,57422,295,3849
120,16,392,6968,84,57324,295,3313
120,16,392,6968,84,57324,295,3313
120,16,392,6211,84,57227,295,2767
120,16,392,5491,84,57129,295,2247
120,16,392,4727,84,57031,295,1696
120,16,392,4009,84,56934,295,1179
120,16,392,3237,84,56836,295,0621
120,16,392,2451,84,56738,295,0055
120,16,392,2451,84,56738,295,0055
120,16,392,168,84,56641,294,9498
120,16,392,095,84,56543,294,8972
120,16,392,0142,84,56396,294,8389
120,16,391,9395,84,56299,294,785
120,16,391,8638,84,56201,294,7305
120,16,391,7874,84,56104,294,6753
120,16,391,7874,84,56104,294,6753
120,16,391,7117,84,56006,294,6207
120,16,391,6375,84,55908,294,5671
120,16,391,5564,84,55811,294,5088
120,16,391,478,84,55664,294,4521
120,16,391,3992,84,55566,294,3954
120,16,391,3992,84,55566,294,3954
120,16,391,3259,84,55469,294,3425
120,16,391,2461,84,55371,294,2849
120,16,391,1682,84,55273,294,2288
120,16,391,0901,84,55176,294,1725
120,16,391,0159,84,55078,294,1189
120,16,390,9421,84,5498,294,0657
120,16,390,9421,84,5498,294,0657
120,16,390,8682,84,54883,294,0125
120,16,390,7932,84,54785,293,9584
120,16,390,7166,84,54688,293,9031
120,16,390,6409,84,54541,293,8484
120,16,390,5667,84,54443,293,7949
120,16,390,4888,84,54346,293,7388
120,16,390,4888,84,54346,293,7388
120,16,390,4116,84,54248,293,6831
120,16,390,3359,84,5415,293,6285
120,16,390,2612,84,54053,293,5746
120,16,390,1841,84,53955,293,519
120,16,390,1099,84,53857,293,4655
120,16,390,0352,84,5376,293,4116
120,16,390,0352,84,5376,293,4116
120,16,389,9585,84,53662,293,3562
120,16,389,8816,84,53516,293,3008
120,16,389,8064,84,53418,293,2466
120,16,389,7319,84,5332,293,1929
120,16,389,6565,84,53223,293,1384
120,16,389,5784,84,53125,293,082
120,16,389,5784,84,53125,293,082
120,16,389,5042,84,53027,293,0286
120,16,389,4275,84,5293,292,9731
120,16,389,354,84,52832,292,9203
120,16,389,2742,84,52734,292,8625
120,16,389,1963,84,52637,292,8064
120,16,389,1963,84,52637,292,8064
120,16,389,1201,84,52539,292,7516
120,16,389,0481,84,52441,292,6995
120,16,388,9709,84,52295,292,644
120,16,388,8918,84,52197,292,5869
120,16,388,8137,84,521,292,5305
120,16,388,7412,84,52002,292,4783
120,16,388,7412,84,52002,292,4783
120,16,388,6628,84,51904,292,4216
120,16,388,5872,84,51807,292,3672
120,16,388,5581,84,51758,292,3462
120,16,388,4795,84,5166,292,2897
120,16,388,4023,84,51563,292,2341
120,16,388,3291,84,51514,292,1814
120,16,388,3291,84,51514,292,1814
120,16,388,2532,84,51416,292,1268
120,16,388,2532,84,51416,292,1268
120,16,388,177,84,51318,292,0721
120,16,388,0503,84,51172,291,9808
120,16,387,9697,84,51123,291,923
120,16,387,8972,84,51025,291,8708
120,16,387,821,84,50928,291,816
120,16,387,7439,84,5083,291,7604
120,16,387,7439,84,5083,291,7604
120,16,387,6702,84,50781,291,7075
120,16,387,5928,84,50684,291,6519
120,16,387,5144,84,50586,291,5955
120,16,387,437,84,50488,291,5397
120,16,387,3613,84,50439,291,4852
120,16,387,3613,84,50439,291,4852
120,16,387,2852,84,50342,291,4305
120,16,387,2063,84,50244,291,3738
120,16,387,1284,84,50146,291,3177
120,16,387,0542,84,50098,291,2644
120,16,386,9783,84,5,291,2097
120,16,386,9038,84,49902,291,1561
120,16,386,9038,84,49902,291,1561
120,16,386,8286,84,49805,291,1021
120,16,386,7532,84,49756,291,0476
120,16,386,6755,84,49658,290,9919
120,16,386,6033,84,49561,290,9399
120,16,386,5254,84,49463,290,8839
120,16,386,45,84,49414,290,8296
120,16,386,3777,84,49316,290,7777
120,16,386,3777,84,49316,290,7777
120,16,386,3057,84,49219,290,7258
120,16,386,231,84,4917,290,6721
120,16,386,1589,84,49072,290,6202
120,16,386,083,84,48975,290,5657
120,16,386,0059,84,48926,290,5101
120,16,385,9321,84,48828,290,457
120,16,385,9321,84,48828,290,457
120,16,385,8608,84,4873,290,4059
120,16,385,7827,84,48633,290,3496
120,16,385,7039,84,48584,290,2928
120,16,385,6252,84,48486,290,2363
120,16,385,553,84,48389,290,1844
120,16,385,4763,84,48291,290,1292
120,16,385,4763,84,48291,290,1292
120,16,385,3994,84,48242,290,0739
120,16,385,3259,84,48145,290,021
120,16,385,25,84,48047,289,9664
120,16,385,177,84,47998,289,9139
120,16,385,1011,84,479,289,8594
120,16,385,0242,84,47803,289,804
120,16,384,9504,84,47705,289,7509
120,16,384,9504,84,47705,289,7509
120,16,384,8767,84,47656,289,698
120,16,384,802,84,47559,289,644
120,16,384,7266,84,47461,289,5898
120,16,384,6494,84,47412,289,5344
120,16,384,5769,84,47314,289,4822
120,16,384,5017,84,47217,289,4281
120,16,384,5017,84,47217,289,4281
120,16,384,429,84,47119,289,3757
120,16,384,3535,84,4707,289,3215
120,17,384,2761,84,46973,289,2659
120,17,384,198,84,46875,289,2096
120,17,384,1248,84,46826,289,157
120,17,384,051,84,46729,289,1039
120,17,384,051,84,46729,289,1039
120,17,383,9741,84,46631,289,0486
120,17,383,8999,84,46533,288,9951
120,17,383,8279,84,46484,288,9435
120,17,383,752,84,46387,288,8888
120,17,383,6768,84,46289,288,8347
120,17,383,5989,84,46191,288,7787
120,17,383,5254,84,46143,288,7258
120,17,383,5254,84,46143,288,7258
120,17,383,4495,84,46045,288,6713
120,17,383,4026,84,45996,288,6375
120,17,383,3245,84,45459,288,5833
120,17,383,2473,84,44971,288,5298
120,17,383,1714,84,44434,288,4771
120,17,383,0981,84,43945,288,4263
120,17,383,0981,84,43945,288,4263
120,17,383,022,84,43457,288,3733
120,17,382,949,84,42969,288,3228
120,17,382,8711,84,42432,288,2687
120,17,382,7947,84,41943,288,2157
120,17,382,7178,84,41406,288,1624
120,17,382,7178,84,41406,288,1624
120,17,382,6436,84,40918,288,1108
120,17,382,5183,84,40088,288,0239
120,17,382,4407,84,396,287,9702
120,17,382,4407,84,396,287,9702
120,17,382,3652,84,39063,287,9177
120,17,382,2917,84,38574,287,8667
120,17,382,2144,84,38086,287,813
120,17,382,1375,84,37549,287,7596
120,17,382,0615,84,37061,287,707
120,17,381,9858,84,36523,287,6545
120,17,381,9858,84,36523,287,6545
120,17,381,9089,84,36035,287,6011
120,17,381,8337,84,35547,287,549
120,17,381,7585,84,3501,287,4968
120,17,381,6838,84,34521,287,4451
120,17,381,6086,84,34033,287,3928
120,17,381,6086,84,34033,287,3928
120,17,381,533,84,33496,287,3403
120,17,381,4363,84,32861,287,2732
120,17,381,356,84,32324,287,2175
120,17,381,2803,84,31836,287,1649
120,17,381,2078,84,31348,287,1147
120,17,381,1318,84,30859,287,062
120,17,381,1318,84,30859,287,062
120,17,381,0547,84,30322,287,0083
120,17,380,9788,84,29834,286,9558
120,17,380,9031,84,29297,286,9032
120,17,380,825,84,28809,286,8491
120,17,380,7502,84,2832,286,7971
120,17,380,6731,84,27783,286,7438
120,17,380,5967,84,27295,286,6907
120,17,380,5967,84,27295,286,6907
120,17,380,5217,84,26758,286,6385
120,17,380,4453,84,2627,286,5857
120,17,380,365,84,25732,286,5298
120,17,380,2903,84,25244,286,478
120,17,380,2134,84,24707,286,4247
120,17,380,2134,84,24707,286,4247
120,17,380,1396,84,24219,286,3735
120,17,380,0615,84,23682,286,3193
120,17,379,9854,84,23193,286,2666
120,17,379,907,84,22656,286,2122
120,17,379,8303,84,22168,286,1589
120,17,379,751,84,21631,286,1039
120,17,379,751,84,21631,286,1039
120,17,379,6755,84,21143,286,0515
120,17,379,5984,84,20605,285,9979
120,17,379,5188,84,20068,285,9429
120,17,379,4419,84,1958,285,8894
120,17,379,3672,84,19092,285,8376
120,17,379,2881,84,18555,285,7827
120,17,379,2881,84,18555,285,7827
120,17,379,2124,84,18018,285,7302
120,17,379,1365,84,17529,285,6776
120,17,379,0581,84,16992,285,623
120,17,378,9817,84,16504,285,5701
120,17,378,9065,84,16016,285,5178
120,17,378,9065,84,16016,285,5178
120,17,378,8271,84,15479,285,4629
120,17,378,7471,84,14941,285,4073
120,17,378,6687,84,14404,285,353
120,17,378,593,84,13916,285,3004
120,17,378,5164,84,13379,285,2473
120,17,378,4382,84,12891,285,1931
120,17,378,4382,84,12891,285,1931
120,17,378,3591,84,12354,285,1382
120,17,378,3025,84,11963,285,0989
120,17,378,2292,84,1123,285,0371
120,17,378,1563,84,10547,284,976
120,17,378,0828,84,09814,284,9142
120,17,378,0828,84,09814,284,9142
120,17,378,009,84,09082,284,8522
120,17,377,9377,84,08398,284,7921
120,17,377,8557,84,07568,284,7231
120,17,377,7859,84,06885,284,6646
120,17,377,7859,84,06885,284,6646
120,17,377,7107,84,06152,284,6012
120,17,377,6396,84,05469,284,5415
120,17,377,5632,84,04688,284,4772
120,17,377,4856,84,03955,284,412
120,17,377,4094,84,03223,284,3479
120,17,377,4094,84,03223,284,3479
120,17,377,3364,84,0249,284,2864
120,17,377,2571,84,01709,284,2197
120,17,377,1807,84,00977,284,1554
120,17,377,1807,84,00977,284,1554
120,17,377,1057,84,00244,284,0925
120,17,377,0303,83,99463,284,0291
120,17,376,9561,83,9873,283,9667
120,17,376,8792,83,97998,283,902
120,17,376,8018,83,97217,283,8368
120,17,376,8018,83,97217,283,8368
120,17,376,7251,83,96484,283,7725
120,17,376,6533,83,95801,283,7119
120,17,376,575,83,9502,283,6461
120,17,376,5012,83,94287,283,5841
120,17,376,5012,83,94287,283,5841
120,17,376,4253,83,93555,283,5203
120,17,376,3521,83,92822,283,4586
120,17,376,2759,83,9209,283,3947
120,17,376,1973,83,91309,283,3285
120,17,376,1973,83,91309,283,3285
120,17,376,1252,83,90625,283,2678
120,17,376,0466,83,89844,283,2019
120,17,375,9692,83,89063,283,1367
120,17,375,8948,83,8833,283,0742
120,17,375,8948,83,8833,283,0742
120,17,375,8188,83,87598,283,0103
120,17,375,7468,83,86865,282,9497
120,17,375,668,83,86133,282,8833
120,17,375,5925,83,85352,282,8199
120,17,375,5925,83,85352,282,8199
120,17,375,5171,83,84619,282,7566
120,17,375,439,83,83887,282,6908
120,17,375,3611,83,83105,282,6254
120,17,375,2827,83,82324,282,5594
120,17,375,2827,83,82324,282,5594
120,17,375,2078,83,81592,282,4963
120,17,375,1343,83,80859,282,4346
120,17,375,0547,83,80078,282,3677
120,17,374,9788,83,79346,282,3037
120,17,374,9788,83,79346,282,3037
120,17,374,9067,83,78662,282,2432
120,17,374,8301,83,77881,282,1787
120,17,374,7527,83,77148,282,1136
120,17,374,678,83,76416,282,0508
120,17,374,604,83,75684,281,9886
120,17,374,604,83,75684,281,9886
120,17,374,5291,83,74951,281,9257
120,17,374,4514,83,7417,281,8604
120,17,374,3745,83,73438,281,7957
120,17,374,2993,83,72705,281,7324
120,17,374,2993,83,72705,281,7324
120,17,374,2278,83,71973,281,6721
120,17,374,1531,83,7124,281,6095
120,17,374,0767,83,70508,281,5452
120,17,374,0022,83,69775,281,4824
120,17,374,0022,83,69775,281,4824
120,17,373,9253,83,68994,281,418
120,17,373,8516,83,68311,281,356
120,17,373,7708,83,6748,281,2878
120,17,373,6965,83,66797,281,2256
120,17,373,6965,83,66797,281,2256
120,17,373,6218,83,66016,281,1626
120,17,373,5391,83,65234,281,093
120,17,373,4561,83,64404,281,0232
120,17,373,4561,83,64404,281,0232
120,17,373,4104,83,63965,280,9849
120,17,373,3298,83,63184,280,9185
120,17,373,25,83,62402,280,8528
120,17,373,1692,83,61621,280,7863
120,17,373,1692,83,61621,280,7863
120,17,373,0903,83,6084,280,7212
120,17,373,0151,83,60107,280,6592
120,17,372,9375,83,59326,280,5952
120,17,372,8591,83,58545,280,5306
120,17,372,8591,83,58545,280,5306
120,17,372,7844,83,57813,280,4691
120,17,372,7085,83,5708,280,4065
120,17,372,6296,83,56299,280,3416
120,17,372,5513,83,55518,280,277
120,17,372,5513,83,55518,280,277
120,17,372,4746,83,54785,280,2139
120,17,372,4006,83,54053,280,1528
120,17,372,3198,83,53271,280,0863
120,17,372,2402,83,5249,280,0206
120,17,372,2402,83,5249,280,0206
120,17,372,165,83,51758,279,9589
120,17,372,0872,83,50977,279,8947
120,17,372,0046,83,50146,279,8265
120,17,372,0046,83,50146,279,8265
120,17,371,9255,83,49414,279,7615
120,17,371,8491,83,48633,279,6984
120,17,371,7722,83,479,279,6353
120,17,371,6938,83,47119,279,5706
120,17,371,6938,83,47119,279,5706
120,17,371,6145,83,46338,279,5051
120,17,371,532,83,45508,279,4371
120,17,371,45,83,44727,279,3696
120,17,371,45,83,44727,279,3696
120,17,371,3721,83,43945,279,3054
120,17,371,2964,83,43213,279,2432
120,17,371,2161,83,42432,279,1768
120,17,371,2161,83,42432,279,1768
120,17,371,1367,83,4165,279,1115
120,17,371,0542,83,4082,279,0435
120,17,370,9717,83,40039,278,9756
120,17,370,9717,83,40039,278,9756
120,17,370,8887,83,39209,278,907
120,17,370,8088,83,38428,278,8414
120,17,370,7234,83,37598,278,771
120,17,370,6421,83,36816,278,7039
120,17,370,6421,83,36816,278,7039
120,17,370,5652,83,36035,278,6406
120,17,370,4866,83,35254,278,5759
120,17,370,4045,83,34473,278,5082
120,17,370,4045,83,34473,278,5082
120,17,370,3279,83,33691,278,4451
120,17,370,2466,83,3291,278,3781
120,17,370,1658,83,32129,278,3114
120,17,370,1658,83,32129,278,3114
120,17,370,0828,83,31299,278,2432
120,17,370,0002,83,30518,278,175
120,17,369,9172,83,29688,278,1067
120,17,369,9172,83,29688,278,1067
120,17,369,8367,83,28906,278,0403
120,17,369,7546,83,28076,277,9727
120,17,369,6711,83,27246,277,9039
120,17,369,6711,83,27246,277,9039
120,17,369,5881,83,26465,277,8356
120,17,369,5093,83,25684,277,7705
120,17,369,4292,83,24902,277,7046
120,17,369,4292,83,24902,277,7046
120,17,369,3472,83,24072,277,637
120,17,369,2693,83,2334,277,5728
120,17,369,2358,83,22998,277,5453
120,17,369,1516,83,22168,277,4868
120,17,369,1516,83,22168,277,4868
120,17,369,0674,83,21387,277,4285
120,17,368,9807,83,20557,277,3684
120,17,368,9807,83,20557,277,3684
120,17,368,8923,83,19678,277,3071
120,17,368,804,83,18848,277,2458
120,17,368,719,83,18018,277,187
120,17,368,635,83,17188,277,1288
120,17,368,635,83,17188,277,1288
120,17,368,5471,83,16357,277,0679
120,17,368,46,83,15527,277,0073
120,17,368,3755,83,14697,276,949
120,17,368,3755,83,14697,276,949
120,17,368,2891,83,13867,276,8889
120,17,368,2029,83,13037,276,8292
120,17,368,1155,83,12207,276,7686
120,17,368,1155,83,12207,276,7686
120,17,368,0271,83,11328,276,7073
120,17,367,9407,83,10498,276,6475
120,17,367,8459,83,09619,276,5817
120,17,367,8459,83,09619,276,5817
120,17,367,759,83,08789,276,5215
120,17,367,6721,83,0791,276,4612
120,17,367,5811,83,07031,276,3982
120,17,367,5811,83,07031,276,3982
120,17,367,4973,83,0625,276,3401
120,17,367,4109,83,0542,276,2803
120,17,367,3235,83,0459,276,2195
120,17,367,3235,83,0459,276,2195
120,17,367,2373,83,0376,276,1598
120,17,367,1516,83,0293,276,1003
120,17,367,0645,83,021,276,04
120,17,367,0645,83,021,276,04
120,17,366,9814,83,0127,275,9824
120,17,366,8914,83,00391,275,92
120,17,366,8025,82,99561,275,8584
120,17,366,8025,82,99561,275,8584
120,17,366,7197,82,98779,275,801
120,17,366,6287,82,979,275,7379
120,17,366,5398,82,97021,275,6763
120,17,366,5398,82,97021,275,6763
120,17,366,4517,82,96191,275,6152
120,17,366,365,82,95313,275,5551
120,17,366,2747,82,94482,275,4926
120,17,366,2747,82,94482,275,4926
120,17,366,1858,82,93604,275,4309
120,17,366,1003,82,92773,275,3716
120,17,366,0178,82,91992,275,3145
120,17,366,0178,82,91992,275,3145
120,17,366,0178,82,91992,275,3145
120,17,366,0178,82,91992,275,3145
120,17,366,0178,82,91992,275,3145
120,17,366,0178,82,91992,275,3145
120,17,366,0178,82,91992,275,3145
120,17,366,0178,82,91992,275,3145
120,17,366,0178,82,91992,275,3145
120,17,366,0178,82,91992,275,3145
120,17,366,0178,82,91992,275,3145
120,17,366,0178,82,91992,275,3145
120,17,366,0178,82,91992,275,3145
120,17,366,0178,82,91992,275,3145
120,17,366,0178,82,91992,275,3145
120,17,366,0178,82,91992,275,3145
120,17,366,0178,82,91992,275,3145
120,17,366,0178,82,91992,275,3145
120,17,366,0178,82,91992,275,3145
120,17,366,0178,82,91992,275,3145
120,17,366,0178,82,91992,275,3145
120,17,366,0178,82,91992,275,3145
120,17,366,0178,82,91992,275,3145
120,17,365,9238,82,91992,275,2621
120,17,365,9238,82,91992,275,2621
120,17,365,8293,82,91992,275,2095
120,17,365,7368,82,91992,275,158
120,17,365,6404,82,91992,275,1042
120,17,365,6404,82,91992,275,1042
120,17,365,5471,82,91992,275,0524
120,17,365,4517,82,91992,274,9991
120,17,365,353,82,91992,274,9443
120,17,365,353,82,91992,274,9443
120,17,365,2554,82,91992,274,8899
120,17,365,1626,82,91992,274,8381
120,17,365,1626,82,91992,274,8381
120,17,365,063,82,91992,274,7827
120,17,364,9592,82,91992,274,725
120,17,364,9592,82,91992,274,725
120,17,364,8542,82,91992,274,6665
120,17,364,7532,82,91992,274,6104
120,17,364,6484,82,91992,274,5519
120,17,364,6484,82,91992,274,5519
120,17,364,5513,82,91992,274,4978
120,17,364,4551,82,91992,274,4442
120,17,364,4551,82,91992,274,4442
120,17,364,3567,82,91992,274,3895
120,17,364,2537,82,91992,274,332
120,17,364,2537,82,91992,274,332
120,17,364,147,82,91992,274,2726
120,17,364,0442,82,91992,274,2153
120,17,364,0442,82,91992,274,2153
120,17,363,9417,82,91992,274,1583
120,17,363,8435,82,91992,274,1036
120,17,363,7429,82,91992,274,0477
120,17,363,7429,82,91992,274,0477
120,17,363,6418,82,91992,273,9915
120,17,363,542,82,91992,273,9358
120,17,363,542,82,91992,273,9358
120,17,363,4353,82,91992,273,8765
120,17,363,3352,82,91992,273,8206
120,17,363,3352,82,91992,273,8206
120,17,363,3352,82,91992,273,8206
120,17,363,2344,82,91992,273,7644
120,17,363,0808,82,91992,273,679
120,17,362,9788,82,91992,273,6222
120,17,362,9788,82,91992,273,6222
120,17,362,8757,82,91992,273,5647
120,17,362,7773,82,91992,273,51
120,17,362,7773,82,91992,273,51
120,17,362,6704,82,91992,273,4503
120,17,362,5737,82,91992,273,3965
120,17,362,5737,82,91992,273,3965
120,17,362,4744,82,91992,273,3413
120,17,362,3735,82,91992,273,285
120,17,362,3735,82,91992,273,285
120,17,362,2708,82,91992,273,2278
120,17,362,1704,82,91992,273,1719
120,17,362,0662,82,91992,273,114
120,17,362,0662,82,91992,273,114
120,17,361,9653,82,91992,273,0579
120,17,361,865,82,91992,273,002
120,17,361,865,82,91992,273,002
120,17,361,7612,82,91992,272,9441
120,17,361,6646,82,91992,272,8903
120,17,361,6646,82,91992,272,8903
120,17,361,5623,82,91992,272,8333
120,17,361,4614,82,91992,272,7772
120,17,361,4614,82,91992,272,7772
120,17,361,3381,82,91992,272,7085
120,17,361,2817,82,91992,272,6771
120,17,361,2817,82,91992,272,6771
120,17,361,1709,82,92285,272,6429
120,17,361,0625,82,92578,272,6096
120,17,361,0625,82,92578,272,6096
120,17,360,9509,82,9292,272,5752
120,17,360,8455,82,93213,272,5427
120,17,360,8455,82,93213,272,5427
120,17,360,7334,82,93506,272,5082
120,17,360,6243,82,93799,272,4746
120,17,360,5125,82,94092,272,4402
120,17,360,5125,82,94092,272,4402
120,17,360,4072,82,94385,272,4077
120,17,360,2986,82,94727,272,3743
120,17,360,2986,82,94727,272,3743
120,17,360,1904,82,9502,272,3409
120,17,360,085,82,95313,272,3085
120,17,359,9778,82,95605,272,2754
120,17,359,9778,82,95605,272,2754
120,17,359,8728,82,95898,272,2432
120,17,359,7654,82,96191,272,21
120,17,359,7654,82,96191,272,21
120,17,359,6523,82,96484,272,1752
120,17,359,5342,82,96826,272,1388
120,17,359,5342,82,96826,272,1388
120,17,359,5342,82,96826,272,1388
120,17,359,5342,82,96826,272,1388
120,17,359,5342,82,96826,272,1388
120,17,359,4255,82,97119,272,1053
120,17,359,4255,82,97119,272,1053
120,17,359,0435,82,98193,271,9875
120,17,358,9285,82,98486,271,9521
120,17,358,823,82,98779,271,9197
120,17,358,823,82,98779,271,9197
120,17,358,7224,82,99072,271,8887
120,17,358,6182,82,99365,271,8566
120,17,358,6182,82,99365,271,8566
120,17,358,5115,82,99658,271,8237
120,17,358,407,82,99902,271,7915
120,17,358,2969,83,00244,271,7576
120,17,358,2969,83,00244,271,7576
120,17,358,1914,83,00537,271,7251
120,17,358,0879,83,0083,271,6932
120,17,357,9839,83,01074,271,6611
120,17,357,9839,83,01074,271,6611
120,17,357,8787,83,01367,271,6288
120,17,357,7737,83,0166,271,5964
120,17,357,7737,83,0166,271,5964
120,17,357,668,83,01953,271,5638
120,17,357,562,83,02246,271,5313
120,17,357,4553,83,02539,271,4983
120,17,357,4553,83,02539,271,4983
120,17,357,3552,83,02832,271,4675
120,17,357,2549,83,03125,271,4366
120,17,357,147,83,03418,271,4033
120,17,357,147,83,03418,271,4033
120,17,357,0442,83,03711,271,3717
120,17,356,9463,83,03955,271,3416
120,17,356,8442,83,04248,271,3101
120,17,356,8442,83,04248,271,3101
120,17,356,7878,83,04395,271,2927
120,17,356,6763,83,05566,271,2683
120,17,356,6763,83,05566,271,2683
120,17,356,5652,83,06738,271,2441
120,17,356,4597,83,07861,271,2211
120,17,356,3518,83,08984,271,1975
120,17,356,3518,83,08984,271,1975
120,17,356,2458,83,10107,271,1743
120,17,356,1423,83,1123,271,1517
120,17,356,0356,83,12354,271,1284
120,17,356,0356,83,12354,271,1284
120,17,355,929,83,13477,271,1051
120,17,355,822,83,146,271,0818
120,17,355,7175,83,15723,271,059
120,17,355,7175,83,15723,271,059
120,17,355,6113,83,16797,271,0358
120,17,355,5039,83,17969,271,0122
120,17,355,5039,83,17969,271,0122
120,17,355,3987,83,19043,270,9893
120,17,355,2781,83,20361,270,963
120,17,355,177,83,21387,270,9409
120,17,355,177,83,21387,270,9409
120,17,355,0691,83,22559,270,9172
120,17,354,9648,83,23633,270,8945
120,17,354,9648,83,23633,270,8945
120,17,354,8604,83,24756,270,8717
120,17,354,7515,83,25879,270,8479
120,17,354,6438,83,27051,270,8245
120,17,354,6438,83,27051,270,8245
120,17,354,54,83,28125,270,8018
120,17,354,4375,83,29199,270,7794
120,17,354,3284,83,30371,270,7555
120,17,354,3284,83,30371,270,7555
120,17,354,22,83,31494,270,7318
120,17,354,1091,83,32666,270,7076
120,17,354,1091,83,32666,270,7076
120,17,354,83,33838,270,6838
120,17,353,897,83,34912,270,6613
120,17,353,7849,83,36133,270,6368
120,17,353,7849,83,36133,270,6368
120,17,353,676,83,37256,270,613
120,17,353,5652,83,38428,270,5889
120,17,353,5652,83,38428,270,5889
120,17,353,4563,83,396,270,5651
120,17,353,3538,83,40674,270,5426
120,17,353,3538,83,40674,270,5426
120,17,353,238,83,41895,270,5173
120,17,353,1223,83,43115,270,4922
120,17,353,0071,83,44336,270,4669
120,17,353,0071,83,44336,270,4669
120,17,352,9004,83,45459,270,4436
120,17,352,7852,83,4668,270,4185
120,17,352,7852,83,4668,270,4185
120,17,352,6709,83,479,270,3936
120,17,352,5593,83,49072,270,3691
120,17,352,5593,83,49072,270,3691
120,17,352,47,83,5,270,3496
120,17,352,3594,83,51318,270,3279
120,17,352,2458,83,52686,270,3057
120,17,352,2458,83,52686,270,3057
120,17,352,1345,83,54004,270,2839
120,17,352,0229,83,55322,270,2621
120,17,352,0229,83,55322,270,2621
120,17,351,9106,83,56641,270,24
120,17,351,8003,83,57959,270,2185
120,17,351,8003,83,57959,270,2185
120,17,351,6873,83,59277,270,1963
120,17,351,5793,83,60596,270,1752
120,17,351,4663,83,61914,270,1531
120,17,351,4663,83,61914,270,1531
120,17,351,3574,83,63232,270,1317
120,17,351,2478,83,64502,270,1101
120,17,351,2478,83,64502,270,1101
120,17,351,1318,83,65918,270,0875
120,17,351,0181,83,67236,270,0652
120,17,351,0181,83,67236,270,0652
120,17,350,8884,83,68799,270,0398
120,17,350,7715,83,70166,270,0168
120,17,350,7715,83,70166,270,0168
120,17,350,6619,83,71484,269,9954
120,17,350,552,83,72803,269,9739
120,17,350,552,83,72803,269,9739
120,17,350,428,83,74268,269,9496
120,17,350,3196,83,75537,269,9283
120,17,350,3196,83,75537,269,9283
120,17,350,21,83,76855,269,9069
120,17,350,0901,83,78271,269,8834
120,17,350,0901,83,78271,269,8834
120,17,349,9724,83,79688,269,8604
120,17,349,8599,83,81006,269,8384
120,17,349,8599,83,81006,269,8384
120,17,349,7407,83,82422,269,8149
120,17,349,6296,83,8374,269,7932
120,17,349,6296,83,8374,269,7932
120,17,349,5139,83,85107,269,7705
120,17,349,4033,83,86426,269,7489
120,17,349,293,83,87744,269,7273
120,17,349,293,83,87744,269,7273
120,17,349,1816,83,89063,269,7054
120,17,349,0708,83,90381,269,6838
120,17,349,0708,83,90381,269,6838
120,17,348,9539,83,91797,269,6609
120,17,348,8381,83,93164,269,6382
120,17,348,8381,83,93164,269,6382
120,17,348,7268,83,94482,269,6165
120,17,348,6194,83,95752,269,5953
120,17,348,5085,83,9707,269,5736
120,17,348,5085,83,9707,269,5736
120,17,348,3979,83,98389,269,552
120,17,348,2883,83,99658,269,5305
120,17,348,2883,83,99658,269,5305
120,17,348,1724,84,01074,269,5078
120,17,348,0623,84,02344,269,4862
120,17,348,0623,84,02344,269,4862
120,17,348,0105,84,02979,269,4761
120,17,348,0105,84,02979,269,4761
120,17,348,0105,84,02979,269,4761
120,17,348,0105,84,02979,269,4761
120,17,348,0105,84,02979,269,4761
120,17,348,0105,84,02979,269,4761
120,17,348,0105,84,02979,269,4761
120,17,348,0105,84,02979,269,4761
120,17,348,0105,84,02979,269,4761
120,17,348,0105,84,02979,269,4761
120,17,348,0105,84,02979,269,4761
120,17,348,0105,84,02979,269,4761
120,17,348,0105,84,02979,269,4761
120,17,347,8909,84,04248,269,4612
120,17,347,781,84,0542,269,4475
120,17,347,666,84,06592,269,4333
120,17,347,666,84,06592,269,4333
120,17,347,5601,84,07715,269,4202
120,17,347,4539,84,08838,269,407
120,17,347,4539,84,08838,269,407
120,17,347,3369,84,10107,269,3923
120,17,347,2261,84,11279,269,3787
120,17,347,2261,84,11279,269,3787
120,17,347,1111,84,12451,269,3643
120,17,346,9968,84,13672,269,3501
120,17,346,8816,84,14893,269,3358
120,17,346,8816,84,14893,269,3358
120,17,346,7737,84,16016,269,3224
120,17,346,6636,84,17188,269,3087
120,17,346,6636,84,17188,269,3087
120,17,346,543,84,18457,269,2937
120,17,346,4302,84,19678,269,2798
120,17,346,4302,84,19678,269,2798
120,17,346,3152,84,2085,269,2654
120,17,346,2014,84,2207,269,2512
120,17,346,0894,84,23242,269,2373
120,17,346,0894,84,23242,269,2373
120,17,345,9719,84,24512,269,2228
120,17,345,9719,84,24512,269,2228
120,17,345,8542,84,25732,269,2081
120,17,345,7275,84,271,269,1924
120,17,345,7275,84,271,269,1924
120,17,345,6145,84,28271,269,1783
120,17,345,4934,84,29541,269,1633
120,17,345,3782,84,30762,269,1489
120,17,345,3782,84,30762,269,1489
120,17,345,2659,84,31934,269,135
120,17,345,1526,84,33154,269,121
120,17,345,1526,84,33154,269,121
120,17,345,0352,84,34375,269,1063
120,17,344,9192,84,35596,269,0919
120,17,344,9192,84,35596,269,0919
120,17,344,8062,84,36816,269,0779
120,17,344,6858,84,38086,269,063
120,17,344,6858,84,38086,269,063
120,17,344,5669,84,39307,269,0482
120,17,344,45,84,40576,269,0337
120,17,344,45,84,40576,269,0337
120,17,344,3264,84,41846,269,0183
120,17,344,2073,84,43115,269,0035
120,17,344,2073,84,43115,269,0035
120,17,344,0835,84,44434,268,988
120,17,344,0835,84,44434,268,988
120,17,343,9626,84,45703,268,9731
120,17,343,8398,84,47021,268,9579
120,17,343,8398,84,47021,268,9579
120,17,343,7148,84,4834,268,9424
120,17,343,5986,84,49561,268,9279
120,17,343,5986,84,49561,268,9279
120,17,343,478,84,5083,268,9128
120,17,343,3611,84,52051,268,8983
120,17,343,3611,84,52051,268,8983
120,17,343,2441,84,53271,268,8838
120,17,343,1292,84,54492,268,8695
120,17,343,0076,84,55811,268,8545
120,17,343,0076,84,55811,268,8545
120,17,342,8938,84,56982,268,8403
120,17,342,8938,84,56982,268,8403
120,17,342,7754,84,58252,268,8256
120,17,342,6555,84,59521,268,8107
120,17,342,5374,84,60742,268,796
120,17,342,5374,84,60742,268,796
120,17,342,4216,84,61963,268,7816
120,17,342,3071,84,63184,268,7673
120,17,342,3071,84,63184,268,7673
120,17,342,2329,84,63965,268,7582
120,17,342,1152,84,6543,268,7418
120,17,342,1152,84,6543,268,7418
120,17,341,998,84,66846,268,7255
120,17,341,8757,84,68359,268,7084
120,17,341,8757,84,68359,268,7084
120,17,341,7598,84,69775,268,6923
120,17,341,6423,84,7124,268,6758
120,17,341,6423,84,7124,268,6758
120,17,341,5208,84,72754,268,6589
120,17,341,5208,84,72754,268,6589
120,17,341,3989,84,74219,268,642
120,17,341,2732,84,75781,268,6244
120,17,341,2732,84,75781,268,6244
120,17,341,1416,84,77393,268,6061
120,17,341,0249,84,78857,268,5898
120,17,341,0249,84,78857,268,5898
120,17,340,8987,84,8042,268,5723
120,17,340,7778,84,81885,268,5554
120,17,340,7778,84,81885,268,5554
120,17,340,6565,84,83398,268,5385
120,17,340,5403,84,84814,268,5222
120,17,340,5403,84,84814,268,5222
120,17,340,4177,84,86328,268,5051
120,17,340,4177,84,86328,268,5051
120,17,340,2976,84,87793,268,4884
120,17,340,1692,84,89404,268,4706
120,17,340,1692,84,89404,268,4706
120,17,340,0447,84,90918,268,4531
120,17,339,9207,84,92432,268,4359
120,17,339,9207,84,92432,268,4359
120,17,339,7949,84,93994,268,4183
120,17,339,7949,84,93994,268,4183
120,17,339,6736,84,95508,268,4015
120,17,339,5486,84,97021,268,384
120,17,339,5486,84,97021,268,384
120,17,339,4253,84,98535,268,3668
120,17,339,3064,85,268,3502
120,17,339,3064,85,268,3502
120,17,339,1865,85,01514,268,3335
120,17,339,0703,85,0293,268,3174
120,17,339,0703,85,0293,268,3174
120,17,338,9485,85,04443,268,3004
120,17,338,8257,85,05957,268,2833
120,17,338,8257,85,05957,268,2833
120,17,338,6992,85,0752,268,2656
120,17,338,5803,85,08984,268,249
120,17,338,5803,85,08984,268,249
120,17,338,4617,85,10449,268,2325
120,17,338,4617,85,10449,268,2325
120,17,338,3389,85,11914,268,2155
120,17,338,3389,85,11914,268,2155
120,17,338,1624,85,14111,268,1908
120,17,338,0415,85,15625,268,174
120,17,338,0415,85,15625,268,174
120,17,337,9194,85,1709,268,157
120,17,337,8032,85,18555,268,1407
120,17,337,8032,85,18555,268,1407
120,17,337,6787,85,20068,268,1234
120,17,337,5613,85,21533,268,1071
120,17,337,5613,85,21533,268,1071
120,17,337,4336,85,23096,268,0892
120,17,337,3213,85,24463,268,0736
120,17,337,3213,85,24463,268,0736
120,17,337,2012,85,25977,268,0569
120,17,337,0833,85,27393,268,0404
120,17,337,0833,85,27393,268,0404
120,17,336,968,85,28809,268,0243
120,17,336,8535,85,30225,268,0084
120,17,336,8535,85,30225,268,0084
120,17,336,7952,85,30957,268,0002
120,17,336,6799,85,31934,267,9846
120,17,336,6799,85,31934,267,9846
120,17,336,5671,85,32861,267,9694
120,17,336,4502,85,33887,267,9535
120,17,336,4502,85,33887,267,9535
120,17,336,3315,85,34863,267,9375
120,17,336,2014,85,35986,267,9198
120,17,336,2014,85,35986,267,9198
120,17,336,0825,85,36963,267,9037
120,17,335,9541,85,38037,267,8864
120,17,335,9541,85,38037,267,8864
120,17,335,8459,85,38965,267,8716
120,17,335,7253,85,3999,267,8553
120,17,335,7253,85,3999,267,8553
120,17,335,6125,85,40918,267,8401
120,17,335,5046,85,41846,267,8254
120,17,335,5046,85,41846,267,8254
120,17,335,3745,85,42969,267,8079
120,17,335,2581,85,43945,267,792
120,17,335,2581,85,43945,267,792
120,17,335,1431,85,44873,267,7765
120,17,335,0339,85,45801,267,7617
120,17,335,0339,85,45801,267,7617
120,17,334,9092,85,46875,267,7448
120,17,334,7966,85,47803,267,7295
120,17,334,6816,85,48779,267,714
120,17,334,6816,85,48779,267,714
120,17,334,5723,85,49707,267,6991
120,17,334,4602,85,50635,267,684
120,17,334,4602,85,50635,267,684
120,17,334,3438,85,5166,267,6682
120,17,334,2351,85,52539,267,6534
120,17,334,1238,85,53516,267,6384
120,17,334,1238,85,53516,267,6384
120,17,334,0149,85,54395,267,6237
120,17,333,8875,85,55469,267,6063
120,17,333,8875,85,55469,267,6063
120,17,333,7732,85,56445,267,5909
120,17,333,656,85,57422,267,575
120,17,333,656,85,57422,267,575
120,17,333,5439,85,58398,267,5598
120,17,333,4333,85,59326,267,5449
120,17,333,4333,85,59326,267,5449
120,17,333,3171,85,60303,267,5292
120,17,333,2039,85,61279,267,5138
120,17,333,2039,85,61279,267,5138
120,17,333,0835,85,62256,267,4974
120,17,332,9595,85,6333,267,4807
120,17,332,9595,85,6333,267,4807
120,17,332,8464,85,64258,267,4653
120,17,332,7615,85,6499,267,4539
120,17,332,7615,85,6499,267,4539
120,17,332,6313,85,65967,267,4326
120,17,332,5222,85,66748,267,4148
120,17,332,5222,85,66748,267,4148
120,17,332,4026,85,67627,267,3953
120,17,332,2961,85,68408,267,3778
120,17,332,179,85,69287,267,3586
120,17,332,179,85,69287,267,3586
120,17,332,0652,85,70117,267,3401
120,17,331,9548,85,70947,267,322
120,17,331,9548,85,70947,267,322
120,17,331,845,85,71777,267,3041
120,17,331,7346,85,72559,267,286
120,17,331,6196,85,73438,267,2672
120,17,331,6196,85,73438,267,2672
120,17,331,5115,85,74219,267,2495
120,17,331,4036,85,75,267,2319
120,17,331,4036,85,75,267,2319
120,17,331,2954,85,7583,267,2142
120,17,331,1848,85,7666,267,1962
120,17,331,0754,85,77441,267,1782
120,17,331,0754,85,77441,267,1782
120,17,330,9646,85,78271,267,1602
120,17,330,8589,85,79053,267,1429
120,17,330,8589,85,79053,267,1429
120,17,330,7329,85,7998,267,1223
120,17,330,6304,85,80762,267,1056
120,17,330,5183,85,81543,267,0872
120,17,330,5183,85,81543,267,0872
120,17,330,4087,85,82373,267,0693
120,17,330,3025,85,83154,267,052
120,17,330,3025,85,83154,267,052
120,17,330,1956,85,83936,267,0344
120,17,330,084,85,84766,267,0162
120,17,329,9707,85,85596,266,9977
120,17,329,9707,85,85596,266,9977
120,17,329,8657,85,86377,266,9806
120,17,329,7642,85,87158,266,964
120,17,329,6565,85,87939,266,9463
120,17,329,6565,85,87939,266,9463
120,17,329,554,85,88672,266,9296
120,17,329,4492,85,89453,266,9125
120,17,329,3472,85,90234,266,8958
120,17,329,3472,85,90234,266,8958
120,17,329,241,85,91016,266,8784
120,17,329,1399,85,91748,266,8619
120,17,329,043,85,9248,266,8461
120,17,328,9429,85,93213,266,8297
120,17,328,9429,85,93213,266,8297
120,17,328,8394,85,93994,266,8129
120,17,328,7375,85,94727,266,7961
120,17,328,634,85,95508,266,7793
120,17,328,634,85,95508,266,7793
120,17,328,5381,85,96191,266,7635
120,17,328,4385,85,96924,266,7473
120,17,328,3374,85,97656,266,7307
120,17,328,2944,85,97998,266,7238
120,17,328,2944,85,97998,266,7238
120,17,328,196,85,99121,266,7043
120,17,328,0977,86,00244,266,6849
120,17,328,86,01367,266,6656
120,17,327,9028,86,02441,266,6465
120,17,327,8096,86,03516,266,6281
120,17,327,8096,86,03516,266,6281
120,17,327,7119,86,04639,266,6088
120,17,327,6147,86,05762,266,5896
120,17,327,5129,86,06934,266,5696
120,17,327,5129,86,06934,266,5696
120,17,327,4167,86,08008,266,5505
120,17,327,3044,86,09277,266,5284
120,17,327,1995,86,10498,266,5077
120,17,327,1995,86,10498,266,5077
120,17,327,0964,86,1167,266,4873
120,17,326,9978,86,12793,266,4679
120,17,326,9019,86,13867,266,449
120,17,326,8035,86,1499,266,4296
120,17,326,8035,86,1499,266,4296
120,17,326,7053,86,16113,266,4102
120,17,326,6028,86,17285,266,3899
120,17,326,5044,86,18408,266,3705
120,17,326,4067,86,19531,266,3513
120,17,326,4067,86,19531,266,3513
120,17,326,3074,86,20654,266,3317
120,17,326,2122,86,21729,266,3129
120,17,326,116,86,22852,266,2939
120,17,326,019,86,23926,266,2748
120,17,326,019,86,23926,266,2748
120,17,325,9172,86,25098,266,2546
120,17,325,8152,86,2627,266,2345
120,17,325,7122,86,27441,266,2142
120,17,325,7122,86,27441,266,2142
120,17,325,6135,86,28564,266,1947
120,17,325,5144,86,29688,266,1752
120,17,325,4124,86,30859,266,155
120,17,325,3157,86,31982,266,136
120,17,325,3157,86,31982,266,136
120,17,325,2158,86,33105,266,1162
120,17,325,1187,86,34229,266,097
120,17,325,0183,86,35352,266,0773
120,17,325,0183,86,35352,266,0773
120,17,324,9185,86,36523,266,0576
120,17,324,8018,86,37842,266,0345
120,17,324,7029,86,38965,266,015
120,17,324,7029,86,38965,266,015
120,17,324,5991,86,40137,265,9946
120,17,324,5002,86,4126,265,975
120,17,324,3987,86,42432,265,955
120,17,324,3987,86,42432,265,955
120,17,324,2988,86,43555,265,9353
120,17,324,196,86,44727,265,915
120,17,324,0952,86,45898,265,895
120,17,323,9978,86,47021,265,8759
120,17,323,9978,86,47021,265,8759
120,17,323,9104,86,47998,265,8586
120,17,323,814,86,49658,265,8389
120,17,323,7122,86,51416,265,8181
120,17,323,6094,86,53174,265,7971
120,17,323,6094,86,53174,265,7971
120,17,323,5168,86,54736,265,7782
120,17,323,4158,86,56494,265,7576
120,17,323,3137,86,58252,265,7367
120,17,323,3137,86,58252,265,7367
120,17,323,2136,86,59961,265,7163
120,17,323,1123,86,6167,265,6956
120,17,323,0115,86,63428,265,6749
120,17,323,0115,86,63428,265,6749
120,17,322,905,86,65234,265,6532
120,17,322,8074,86,66895,265,6332
120,17,322,7058,86,68652,265,6125
120,17,322,613,86,70264,265,5935
120,17,322,613,86,70264,265,5935
120,17,322,5171,86,71875,265,5739
120,17,322,417,86,73584,265,5535
120,17,322,3201,86,75293,265,5337
120,17,322,2249,86,76904,265,5142
120,17,322,2249,86,76904,265,5142
120,17,322,1216,86,78662,265,4932
120,17,322,0176,86,80469,265,4718
120,17,321,9143,86,82227,265,4507
120,17,321,9143,86,82227,265,4507
120,17,321,8218,86,83838,265,4318
120,17,321,7268,86,85449,265,4124
120,17,321,6306,86,87109,265,3927
120,17,321,5371,86,88672,265,3737
120,17,321,4424,86,90332,265,3542
120,17,321,4424,86,90332,265,3542
120,17,321,3503,86,91895,265,3354
120,17,321,2415,86,9375,265,3132
120,17,321,1414,86,95459,265,2927
120,17,321,1414,86,95459,265,2927
120,17,321,0491,86,9707,265,2739
120,17,320,9578,86,98633,265,2552
120,17,320,8608,87,00293,265,2355
120,17,320,7659,87,01904,265,2161
120,17,320,675,87,03467,265,1975
120,17,320,675,87,03467,265,1975
120,17,320,5796,87,05127,265,178
120,17,320,4858,87,06738,265,1588
120,17,320,3826,87,08496,265,1377
120,17,320,2922,87,10059,265,1193
120,17,320,2922,87,10059,265,1193
120,17,320,189,87,11816,265,0981
120,17,320,0981,87,13379,265,0796
120,17,320,0061,87,14941,265,0608
120,17,319,9109,87,16602,265,0413
120,17,319,8198,87,18164,265,0227
120,17,319,8198,87,18164,265,0227
120,17,319,73,87,19678,265,0044
120,17,319,6445,87,21143,264,9868
120,17,319,5469,87,22803,264,9669
120,17,319,4521,87,24463,264,9475
120,17,319,3645,87,25928,264,9297
120,17,319,2747,87,2749,264,9113
120,17,319,2747,87,2749,264,9113
120,17,319,1831,87,29053,264,8926
120,17,319,0906,87,30664,264,8737
120,17,318,9995,87,32227,264,855
120,17,318,9128,87,33691,264,8374
120,17,318,8391,87,34961,264,8223
120,17,318,751,87,3501,264,8035
120,17,318,751,87,3501,264,8035
120,17,318,657,87,35107,264,7834
120,17,318,5671,87,35156,264,7644
120,17,318,4709,87,35254,264,7439
120,17,318,3821,87,35303,264,7251
120,17,318,2935,87,354,264,7062
120,17,318,2935,87,354,264,7062
120,17,318,1953,87,35449,264,6853
120,17,318,106,87,35547,264,6663
120,17,318,0139,87,35596,264,6467
120,17,317,9199,87,35693,264,6267
120,17,317,8271,87,35742,264,6069
120,17,317,7397,87,3584,264,5884
120,17,317,7397,87,3584,264,5884
120,17,317,6472,87,35889,264,5687
120,17,317,5525,87,35986,264,5486
120,17,317,4583,87,36035,264,5284
120,17,317,3689,87,36133,264,5095
120,17,317,2751,87,36182,264,4895
120,17,317,1848,87,36279,264,4703
120,17,317,1848,87,36279,264,4703
120,17,317,0933,87,36328,264,4508
120,17,317,0032,87,36426,264,4316
120,17,316,9038,87,36523,264,4105
120,17,316,8162,87,36572,264,3918
120,17,316,7263,87,36621,264,3728
120,17,316,6357,87,36719,264,3535
120,17,316,6357,87,36719,264,3535
120,17,316,5425,87,36768,264,3336
120,17,316,4539,87,36865,264,3148
120,17,316,3569,87,36914,264,2942
120,17,316,2625,87,37012,264,274
120,17,316,1741,87,37061,264,2552
120,17,316,1741,87,37061,264,2552
120,17,316,0801,87,37158,264,2352
120,17,315,9866,87,37207,264,2153
120,17,315,8945,87,37305,264,1958
120,17,315,8027,87,37354,264,1763
120,17,315,7073,87,37451,264,156
120,17,315,6155,87,375,264,1365
120,17,315,6155,87,375,264,1365
120,17,315,5256,87,37598,264,1173
120,17,315,4363,87,37646,264,0983
120,17,315,3425,87,37744,264,0784
120,17,315,2522,87,37793,264,0591
120,17,315,1572,87,37891,264,0389
120,17,315,1572,87,37891,264,0389
120,17,315,0676,87,37939,264,0199
120,17,314,9749,87,38037,264,0001
120,17,314,8806,87,38086,263,98
120,17,314,7881,87,38184,263,9604
120,17,314,6946,87,38232,263,9404
120,17,314,5999,87,3833,263,9204
120,17,314,5999,87,3833,263,9204
120,17,314,5083,87,38379,263,9009
120,17,314,4124,87,38477,263,8804
120,17,314,3196,87,38574,263,8607
120,17,314,2231,87,38623,263,8402
120,17,314,2231,87,38623,263,8402
120,17,314,1279,87,38721,263,8199
120,17,314,0286,87,3877,263,7988
120,17,313,9319,87,38867,263,7782
120,17,313,8418,87,38916,263,759
120,17,313,8015,87,38965,263,7505
120,17,313,8015,87,38965,263,7505
120,17,313,7041,87,39014,263,7302
120,17,313,6123,87,39063,263,7109
120,17,313,5164,87,39111,263,6909
120,17,313,5164,87,39111,263,6909
120,17,313,4189,87,3916,263,6707
120,17,313,2673,87,39258,263,6389
120,17,313,2673,87,39258,263,6389
120,17,313,1685,87,39307,263,6184
120,17,313,0723,87,39355,263,5983
120,17,312,9812,87,39404,263,5792
120,17,312,8826,87,39453,263,5587
120,17,312,7874,87,39502,263,5388
120,17,312,7874,87,39502,263,5388
120,17,312,6912,87,39551,263,5187
120,17,312,5967,87,39648,263,499
120,17,312,4988,87,39697,263,4785
120,17,312,4021,87,39746,263,4584
120,17,312,4021,87,39746,263,4584
120,17,312,3105,87,39795,263,4392
120,17,312,208,87,39844,263,4178
120,17,312,1096,87,39893,263,3973
120,17,312,0164,87,39941,263,3778
120,17,311,9246,87,3999,263,3586
120,17,311,9246,87,3999,263,3586
120,17,311,8328,87,40039,263,3396
120,17,311,7366,87,40088,263,3193
120,17,311,6438,87,40137,263,3
120,17,311,5474,87,40186,263,2799
120,17,311,4539,87,40234,263,2605
120,17,311,4539,87,40234,263,2605
120,17,311,3601,87,40283,263,2408
120,17,311,2693,87,40332,263,2219
120,17,311,175,87,4043,263,2023
120,17,311,0793,87,40479,263,1823
120,17,310,9844,87,40527,263,1624
120,17,310,9844,87,40527,263,1624
120,17,310,8916,87,40576,263,1431
120,17,310,7974,87,40625,263,1234
120,17,310,7048,87,40674,263,104
120,17,310,6133,87,40723,263,085
120,17,310,5159,87,40771,263,0646
120,17,310,5159,87,40771,263,0646
120,17,310,4221,87,4082,263,045
120,17,310,3293,87,40869,263,0256
120,17,310,2385,87,40918,263,0067
120,17,310,1543,87,40967,262,9891
120,17,310,1543,87,40967,262,9891
120,17,310,1543,87,40967,262,9891
120,17,310,1543,87,40967,262,9891
120,17,310,1543,87,40967,262,9891
120,17,310,1543,87,40967,262,9891
120,17,310,1543,87,40967,262,9891
120,17,310,1543,87,40967,262,9891
120,17,310,1543,87,40967,262,9891
120,17,310,1543,87,40967,262,9891
120,17,310,1543,87,40967,262,9891
120,17,310,1543,87,40967,262,9891
120,17,310,1543,87,40967,262,9891
120,17,310,1543,87,40967,262,9891
120,17,310,1543,87,40967,262,9891
120,17,310,1543,87,40967,262,9891
120,17,310,1543,87,40967,262,9891
120,17,310,1543,87,40967,262,9891
120,17,310,1543,87,40967,262,9891
120,17,310,1543,87,40967,262,9891
120,17,310,1543,87,40967,262,9891
120,17,310,1543,87,40967,262,9891
120,17,310,1543,87,40967,262,9891
120,17,310,1543,87,40967,262,9891
120,17,310,1543,87,40967,262,9891
120,17,310,1543,87,40967,262,9891
120,17,310,1543,87,40967,262,9891
120,17,310,1543,87,40967,262,9891
120,17,310,1543,87,40967,262,9891
120,17,310,1543,87,40967,262,9891
120,17,310,1543,87,40967,262,9891
120,17,310,1543,87,40967,262,9891
120,17,310,1543,87,40967,262,9891
120,17,310,1543,87,40967,262,9891
120,17,310,1543,87,40967,262,9891
120,17,310,1543,87,40967,262,9891
120,17,310,1543,87,40967,262,9891
120,17,310,1543,87,40967,262,9891
120,17,310,1543,87,40967,262,9891
120,17,310,1543,87,40967,262,9891
120,17,310,1543,87,40967,262,9891
120,17,310,1543,87,40967,262,9891
120,17,310,1543,87,40967,262,9891
120,17,310,1543,87,40967,262,9891
120,17,310,1543,87,40967,262,9891
120,17,310,1543,87,40967,262,9891
120,17,310,1543,87,40967,262,9891
120,17,310,1543,87,40967,262,9891
120,17,310,1543,87,40967,262,9891
120,17,310,1543,87,40967,262,9891
120,17,310,1543,87,40967,262,9891
120,17,310,1543,87,40967,262,9891
120,17,310,1543,87,40967,262,9891
120,17,310,1543,87,40967,262,9891
120,17,310,1543,87,40967,262,9891
120,17,310,1543,87,40967,262,9891
120,17,310,1543,87,40967,262,9891
120,17,310,1543,87,40967,262,9891
120,17,310,1543,87,40967,262,9891
120,17,310,1543,87,40967,262,9891
120,17,310,1543,87,40967,262,9891
120,17,310,0652,87,41016,262,9709
120,17,309,979,87,41113,262,9532
120,17,309,8899,87,41162,262,9349
120,17,309,8022,87,41211,262,917
120,17,309,7117,87,41309,262,8984
120,17,309,6262,87,41357,262,8809
120,17,309,543,87,41406,262,8639
120,17,309,543,87,41406,262,8639
120,17,309,4578,87,41504,262,8464
120,17,309,364,87,41553,262,8271
120,17,309,2747,87,41602,262,8088
120,17,309,1885,87,41699,262,7913
120,17,309,1885,87,41699,262,7913
120,17,309,1008,87,41748,262,7733
120,17,308,9575,87,41846,262,7439
120,17,308,8696,87,41895,262,7258
120,17,308,7815,87,41992,262,7078
120,17,308,6936,87,42041,262,6898
120,17,308,603,87,42139,262,6713
120,17,308,603,87,42139,262,6713
120,17,308,5173,87,42188,262,6537
120,17,308,4253,87,42236,262,6348
120,17,308,3342,87,42334,262,6162
120,17,308,25,87,42383,262,5989
120,17,308,1643,87,42432,262,5813
120,17,308,0808,87,4248,262,5642
120,17,307,9922,87,42578,262,5461
120,17,307,9041,87,42627,262,5281
120,17,307,8171,87,42676,262,5103
120,17,307,8171,87,42676,262,5103
120,17,307,7322,87,42773,262,4928
120,17,307,6428,87,42822,262,4745
120,17,307,5554,87,42871,262,4565
120,17,307,4731,87,42969,262,4397
120,17,307,3862,87,43018,262,4219
120,17,307,2991,87,43066,262,4041
120,17,307,2166,87,43164,262,3872
120,17,307,1318,87,43213,262,3698
120,17,307,0461,87,43262,262,3523
120,17,306,9614,87,43311,262,3348
120,17,306,9614,87,43311,262,3348
120,17,306,8743,87,43408,262,317
120,17,306,7817,87,43457,262,2981
120,17,306,6956,87,43506,262,2804
120,17,306,6099,87,43604,262,2628
120,17,306,5239,87,43652,262,2452
120,17,306,439,87,43701,262,2278
120,17,306,3528,87,43799,262,2102
120,17,306,2664,87,43848,262,1924
120,17,306,1816,87,43896,262,175
120,17,306,0964,87,43945,262,1576
120,17,306,0964,87,43945,262,1576
120,17,306,0635,87,43994,262,1509
120,17,306,0635,87,43994,262,1509
120,17,306,0635,87,43994,262,1509
120,17,306,0635,87,43994,262,1509
120,17,306,0635,87,43994,262,1509
120,17,306,0635,87,43994,262,1509
120,17,306,0635,87,43994,262,1509
120,17,306,0635,87,43994,262,1509
120,17,306,0635,87,43994,262,1509
120,17,306,0635,87,43994,262,1509
120,17,306,0635,87,43994,262,1509
120,17,306,0635,87,43994,262,1509
120,17,306,0635,87,43994,262,1509
120,17,306,0635,87,43994,262,1509
120,17,306,0635,87,43994,262,1509
120,17,306,0635,87,43994,262,1509
120,17,306,0635,87,43994,262,1509
120,17,306,0635,87,43994,262,1509
120,17,306,0635,87,43994,262,1509
120,17,306,0635,87,43994,262,1509
120,17,306,0635,87,43994,262,1509
120,17,306,0635,87,43994,262,1509
120,17,306,0635,87,43994,262,1509
120,17,306,0635,87,43994,262,1509
120,17,306,0635,87,43994,262,1509
120,17,306,0635,87,43994,262,1509
120,17,306,0635,87,43994,262,1509
120,17,306,0635,87,43994,262,1509
120,17,306,0635,87,43994,262,1509
120,17,306,0635,87,43994,262,1509
120,17,306,0635,87,43994,262,1509
120,17,306,0635,87,43994,262,1509
120,17,306,0635,87,43994,262,1509
120,17,306,0635,87,43994,262,1509
120,17,306,0635,87,43994,262,1509
120,17,306,0635,87,43994,262,1509
120,17,306,0635,87,43994,262,1509
120,17,306,0635,87,43994,262,1509
120,17,306,0635,87,43994,262,1509
120,17,306,0635,87,43994,262,1509
120,17,306,0635,87,43994,262,1509
120,17,306,0635,87,43994,262,1509
120,17,306,0635,87,43994,262,1509
120,17,306,0635,87,43994,262,1509
120,17,306,0635,87,43994,262,1509
120,17,306,0635,87,43994,262,1509
120,17,306,0635,87,43994,262,1509
120,17,306,0635,87,43994,262,1509
120,17,306,0635,87,43994,262,1509
120,17,306,0635,87,43994,262,1509
120,17,306,0635,87,43994,262,1509
120,17,306,0635,87,43994,262,1509
120,17,306,0635,87,43994,262,1509
120,17,306,0635,87,43994,262,1509
120,17,306,0635,87,43994,262,1509
120,17,306,0635,87,43994,262,1509
120,17,306,0635,87,43994,262,1509
120,17,306,0635,87,43994,262,1509
120,17,306,0635,87,43994,262,1509
120,17,306,0635,87,43994,262,1509
120,17,306,0635,87,43994,262,1509
120,17,306,0635,87,43994,262,1509
120,17,306,0635,87,43994,262,1509
120,17,306,0635,87,43994,262,1509
120,17,306,0635,87,43994,262,1509
120,17,306,0635,87,43994,262,1509
120,17,306,0635,87,43994,262,1509
120,17,306,0635,87,43994,262,1509
120,17,306,0635,87,43994,262,1509
120,17,306,0635,87,43994,262,1509
120,17,306,0635,87,43994,262,1509
120,17,306,0635,87,43994,262,1509
120,17,306,0635,87,43994,262,1509
120,17,306,0635,87,43994,262,1509
120,17,306,0635,87,43994,262,1509
120,17,306,0635,87,43994,262,1509
120,17,306,0635,87,43994,262,1509
120,17,306,0635,87,43994,262,1509
120,17,306,0635,87,43994,262,1509
120,17,306,0635,87,43994,262,1509
120,17,306,0635,87,43994,262,1509
120,17,306,0635,87,43994,262,1509
120,17,306,0635,87,43994,262,1509
120,17,306,0635,87,43994,262,1509
120,17,306,0635,87,43994,262,1509
120,17,306,0635,87,43994,262,1509
120,17,306,0635,87,43994,262,1509
120,17,306,0635,87,43994,262,1509
120,17,306,0635,87,43994,262,1509
120,17,306,0635,87,43994,262,1509
120,17,306,0635,87,43994,262,1509
120,17,306,0635,87,43994,262,1509
120,17,306,0635,87,43994,262,1509
120,17,306,0635,87,43994,262,1509
120,17,306,0635,87,43994,262,1509
120,17,306,0635,87,43994,262,1509
120,17,306,0635,87,43994,262,1509
120,17,306,0635,87,43994,262,1509
120,17,306,0635,87,43994,262,1509
120,17,306,0635,87,43994,262,1509
120,17,306,0635,87,43994,262,1509
120,17,306,0635,87,43994,262,1509
120,17,306,0635,87,43994,262,1509
120,17,306,0635,87,43994,262,1509
120,17,306,0635,87,43994,262,1509
120,17,306,0635,87,43994,262,1509
120,17,306,0635,87,43994,262,1509
120,17,306,0635,87,43994,262,1509
120,17,306,0635,87,43994,262,1509
120,17,306,0635,87,43994,262,1509
120,17,306,0635,87,43994,262,1509
120,17,306,0635,87,43994,262,1509
120,17,306,0635,87,43994,262,1509
120,17,306,0635,87,43994,262,1509
120,17,306,0635,87,43994,262,1509
120,17,306,0635,87,43994,262,1509
120,17,306,0635,87,43994,262,1509
120,17,306,0635,87,43994,262,1509
120,17,306,0635,87,43994,262,1509
120,17,306,0635,87,43994,262,1509
120,17,306,0635,87,43994,262,1509
120,17,306,0635,87,43994,262,1509
120,17,306,0635,87,43994,262,1509
120,17,306,0635,87,43994,262,1509
120,17,306,0635,87,43994,262,1509
120,17,306,0635,87,43994,262,1509
120,17,306,0635,87,43994,262,1509
120,17,306,0635,87,43994,262,1509
120,17,306,0635,87,43994,262,1509
120,17,306,0635,87,43994,262,1509
120,17,306,0635,87,43994,262,1509
120,17,306,0635,87,43994,262,1509
120,17,306,0635,87,43994,262,1509
120,17,306,0635,87,43994,262,1509
120,17,306,0635,87,43994,262,1509
120,17,306,0635,87,43994,262,1509
120,17,306,0635,87,43994,262,1509
120,17,306,0635,87,43994,262,1509
120,17,306,0635,87,43994,262,1509
120,17,306,0635,87,43994,262,1509
120,17,306,0635,87,43994,262,1509
120,17,306,0635,87,43994,262,1509
120,17,306,0635,87,43994,262,1509
120,17,306,0635,87,43994,262,1509
120,17,306,0635,87,43994,262,1509
120,17,306,0635,87,43994,262,1509
120,17,306,0635,87,43994,262,1509
120,17,306,0635,87,43994,262,1509
120,17,306,0635,87,43994,262,1509
120,17,306,0635,87,43994,262,1509
120,17,306,0635,87,43994,262,1509
120,17,306,0635,87,43994,262,1509
120,17,306,0635,87,43994,262,1509
120,17,306,0635,87,43994,262,1509
120,17,306,0635,87,43994,262,1509
120,17,306,0635,87,43994,262,1509
120,17,306,0635,87,43994,262,1509
120,17,306,0635,87,43994,262,1509
120,17,306,0635,87,43994,262,1509
120,17,306,0635,87,43994,262,1509
120,17,306,0635,87,43994,262,1509
120,17,306,0635,87,43994,262,1509
120,17,306,0635,87,43994,262,1509
120,17,306,0635,87,43994,262,1509
120,17,306,0635,87,43994,262,1509
120,17,306,0635,87,43994,262,1509
120,17,306,0635,87,43994,262,1509
120,17,306,0635,87,43994,262,1509
120,17,306,0635,87,43994,262,1509
120,17,306,0635,87,43994,262,1509
120,17,306,0635,87,43994,262,1509
120,17,306,0635,87,43994,262,1509
120,17,306,0635,87,43994,262,1509
120,17,306,0635,87,43994,262,1509
120,17,306,0635,87,43994,262,1509
120,17,306,0635,87,43994,262,1509
120,17,306,0635,87,43994,262,1509
120,17,306,0635,87,43994,262,1509
120,17,306,0635,87,43994,262,1509
120,17,306,0635,87,43994,262,1509
120,17,306,0635,87,43994,262,1509
120,17,306,0635,87,43994,262,1509
120,17,306,0635,87,43994,262,1509
120,17,306,0635,87,43994,262,1509
120,17,306,0635,87,43994,262,1509
120,17,306,0635,87,43994,262,1509
120,17,306,0635,87,43994,262,1509
120,17,306,0635,87,43994,262,1509
120,17,306,0635,87,43994,262,1509
120,17,306,0635,87,43994,262,1509
120,17,306,0635,87,43994,262,1509
120,17,306,0635,87,43994,262,1509
120,17,306,0635,87,43994,262,1509
120,17,306,0635,87,43994,262,1509
120,17,306,0635,87,43994,262,1509
120,17,306,0635,87,43994,262,1509
120,17,306,0635,87,43994,262,1509
120,17,306,0635,87,43994,262,1509
120,17,306,0635,87,43994,262,1509
120,17,306,0635,87,43994,262,1509
120,17,306,0635,87,43994,262,1509
120,17,306,0635,87,43994,262,1509
120,17,306,0635,87,43994,262,1509
120,17,306,0635,87,43994,262,1509
120,17,306,0635,87,43994,262,1509
120,17,306,0635,87,43994,262,1509
120,17,306,0635,87,43994,262,1509
120,17,306,0635,87,43994,262,1509
120,17,306,0635,87,43994,262,1509
120,17,306,0635,87,43994,262,1509
120,17,306,0635,87,43994,262,1509
120,17,306,0635,87,43994,262,1509
120,17,306,0635,87,43994,262,1509
120,17,306,0635,87,43994,262,1509
120,17,306,0635,87,43994,262,1509
120,17,306,0635,87,43994,262,1509
120,17,306,0635,87,43994,262,1509
120,17,306,0635,87,43994,262,1509
120,17,306,0635,87,43994,262,1509
120,17,306,0635,87,43994,262,1509
120,17,306,0635,87,43994,262,1509
120,17,306,0635,87,43994,262,1509
120,17,306,0635,87,43994,262,1509
120,17,306,0635,87,43994,262,1509
120,17,306,0635,87,43994,262,1509
120,17,306,0635,87,43994,262,1509
120,17,306,0635,87,43994,262,1509
120,17,306,0635,87,43994,262,1509
120,17,306,0635,87,43994,262,1509
120,17,306,0635,87,43994,262,1509
120,17,306,0635,87,43994,262,1509
120,17,306,0635,87,43994,262,1509
120,17,306,0635,87,43994,262,1509
120,17,306,0635,87,43994,262,1509
120,17,306,0635,87,43994,262,1509
120,17,306,0635,87,43994,262,1509
120,17,306,0635,87,43994,262,1509
120,17,306,0635,87,43994,262,1509
120,17,306,0635,87,43994,262,1509
120,17,306,0635,87,43994,262,1509
120,17,306,0635,87,43994,262,1509
120,17,306,0635,87,43994,262,1509
120,17,306,0635,87,43994,262,1509
120,17,306,0635,87,43994,262,1509
120,17,306,0635,87,43994,262,1509
120,17,306,0635,87,43994,262,1509
120,17,306,0635,87,43994,262,1509
120,17,306,0635,87,43994,262,1509
120,17,306,0635,87,43994,262,1509
120,17,306,0635,87,43994,262,1509
120,17,306,0635,87,43994,262,1509
120,17,306,0635,87,43994,262,1509
120,17,306,0635,87,43994,262,1509
120,17,306,0635,87,43994,262,1509
120,17,306,0635,87,43994,262,1509
120,17,306,0635,87,43994,262,1509
120,17,306,0635,87,43994,262,1509
120,17,306,0635,87,43994,262,1509
120,17,306,0635,87,43994,262,1509
120,17,306,0635,87,43994,262,1509
120,17,306,0635,87,43994,262,1509
120,17,306,0635,87,43994,262,1509
120,17,306,0635,87,43994,262,1509
120,17,306,0635,87,43994,262,1509
120,17,306,0635,87,43994,262,1509
120,17,306,0635,87,43994,262,1509
120,17,306,0635,87,43994,262,1509
120,17,306,0635,87,43994,262,1509
120,17,306,0635,87,43994,262,1509
120,17,306,0635,87,43994,262,1509
120,17,306,0635,87,43994,262,1509
120,17,306,0635,87,43994,262,1509
120,17,306,0635,87,43994,262,1509
120,17,306,0635,87,43994,262,1509
120,17,306,0635,87,43994,262,1509
120,17,306,0635,87,43994,262,1509
120,17,306,0635,87,43994,262,1509
120,17,306,0635,87,43994,262,1509
120,17,306,0635,87,43994,262,1509
120,17,306,0635,87,43994,262,1509
120,17,306,0635,87,43994,262,1509
120,17,306,0635,87,43994,262,1509
120,17,306,0635,87,43994,262,1509
120,17,306,0635,87,43994,262,1509
120,17,306,0635,87,43994,262,1509
120,17,306,0635,87,43994,262,1509
120,17,306,0635,87,43994,262,1509
120,17,306,0635,87,43994,262,1509
120,17,306,0635,87,43994,262,1509
120,17,306,0635,87,43994,262,1509
120,17,306,0635,87,43994,262,1509
120,17,306,0635,87,43994,262,1509
120,17,306,0635,87,43994,262,1509
120,17,306,0635,87,43994,262,1509
120,17,306,0635,87,43994,262,1509
120,17,306,0635,87,43994,262,1509
120,17,306,0635,87,43994,262,1509
120,17,306,0635,87,43994,262,1509
120,17,306,0635,87,43994,262,1509
120,17,306,0635,87,43994,262,1509
120,17,306,0635,87,43994,262,1509
120,17,306,0635,87,43994,262,1509
120,17,306,0635,87,43994,262,1509
120,17,306,0635,87,43994,262,1509
120,17,306,0635,87,43994,262,1509
120,17,306,0635,87,43994,262,1509
120,17,306,0635,87,43994,262,1509
120,17,306,0635,87,43994,262,1509
120,17,306,0635,87,43994,262,1509
120,17,306,0635,87,43994,262,1509
120,17,306,0635,87,43994,262,1509
120,17,306,0635,87,43994,262,1509
120,17,306,0635,87,43994,262,1509
120,17,306,0635,87,43994,262,1509
120,17,306,0635,87,43994,262,1509
120,17,306,0635,87,43994,262,1509
120,17,306,0635,87,43994,262,1509
120,17,306,0635,87,43994,262,1509
120,17,306,0635,87,43994,262,1509
120,17,306,0635,87,43994,262,1509
120,17,306,0635,87,43994,262,1509
120,17,306,0635,87,43994,262,1509
120,17,306,0635,87,43994,262,1509
120,17,306,0635,87,43994,262,1509
120,17,306,0635,87,43994,262,1509
120,17,306,0635,87,43994,262,1509
120,17,306,0635,87,43994,262,1509
120,17,306,0635,87,43994,262,1509
120,17,306,0635,87,43994,262,1509
120,17,306,0635,87,43994,262,1509
120,17,306,0635,87,43994,262,1509
120,17,306,0635,87,43994,262,1509
120,17,306,0635,87,43994,262,1509
120,17,306,0635,87,43994,262,1509
120,17,306,0635,87,43994,262,1509
120,17,306,0635,87,43994,262,1509
120,17,306,0635,87,43994,262,1509
120,17,306,0635,87,43994,262,1509
120,17,306,0635,87,43994,262,1509
120,17,306,0635,87,43994,262,1509
120,17,306,0635,87,43994,262,1509
120,17,306,0635,87,43994,262,1509
120,17,306,0635,87,43994,262,1509
120,17,306,0635,87,43994,262,1509
120,17,306,0635,87,43994,262,1509
120,17,306,0635,87,43994,262,1509
120,17,306,0635,87,43994,262,1509
120,17,306,0635,87,43994,262,1509
120,17,306,0635,87,43994,262,1509
120,17,306,0635,87,43994,262,1509
120,17,306,0635,87,43994,262,1509
120,17,306,0635,87,43994,262,1509
120,17,306,0635,87,43994,262,1509
120,17,306,0635,87,43994,262,1509
120,17,306,0635,87,43994,262,1509
120,17,306,0635,87,43994,262,1509
120,17,306,0635,87,43994,262,1509
120,17,306,0635,87,43994,262,1509
120,17,306,0635,87,43994,262,1509
120,17,306,0635,87,43994,262,1509
120,17,306,0635,87,43994,262,1509
120,17,306,0635,87,43994,262,1509
120,17,306,0635,87,43994,262,1509
120,17,306,0635,87,43994,262,1509
120,17,306,0635,87,43994,262,1509
120,17,306,0635,87,43994,262,1509
120,17,306,0635,87,43994,262,1509
120,17,306,0635,87,43994,262,1509
120,17,306,0635,87,43994,262,1509
120,17,306,0635,87,43994,262,1509
120,17,306,0635,87,43994,262,1509
120,17,306,0635,87,43994,262,1509
120,17,306,0635,87,43994,262,1509
120,17,306,0635,87,43994,262,1509
120,17,306,0635,87,43994,262,1509
120,17,306,0635,87,43994,262,1509
120,17,306,0635,87,43994,262,1509
120,17,306,0635,87,43994,262,1509
120,17,306,0635,87,43994,262,1509
120,17,306,0635,87,43994,262,1509
120,17,306,0635,87,43994,262,1509
120,17,306,0635,87,43994,262,1509
120,17,306,0635,87,43994,262,1509
120,17,306,0635,87,43994,262,1509
120,17,306,0635,87,43994,262,1509
120,17,306,0635,87,43994,262,1509
120,17,306,0635,87,43994,262,1509
120,17,306,0635,87,43994,262,1509
120,17,306,0635,87,43994,262,1509
120,17,306,0635,87,43994,262,1509
120,17,306,0635,87,43994,262,1509
120,17,306,0635,87,43994,262,1509
120,17,306,0635,87,43994,262,1509
120,17,306,0635,87,43994,262,1509
120,17,306,0635,87,43994,262,1509
120,17,306,0635,87,43994,262,1509
120,17,306,0635,87,43994,262,1509
120,17,306,0635,87,43994,262,1509
120,17,306,0635,87,43994,262,1509
120,17,306,0635,87,43994,262,1509
120,17,306,0635,87,43994,262,1509
120,17,306,0635,87,43994,262,1509
120,17,306,0635,87,43994,262,1509
120,17,306,0635,87,43994,262,1509
120,17,306,0635,87,43994,262,1509
120,17,306,0635,87,43994,262,1509
120,17,306,0635,87,43994,262,1509
120,17,306,0635,87,43994,262,1509
120,17,306,0635,87,43994,262,1509
120,17,306,0635,87,43994,262,1509
120,17,306,0635,87,43994,262,1509
120,17,306,0635,87,43994,262,1509
120,17,306,0635,87,43994,262,1509
120,17,306,0635,87,43994,262,1509
120,17,306,0635,87,43994,262,1509
120,17,306,0635,87,43994,262,1509
120,17,306,0635,87,43994,262,1509
