Time,RSteps,X,Y,Z
120,0,309,397,84,90967,232,3451
120,0,309,397,84,90967,232,3451
120,0,309,397,84,90967,232,3451
120,0,309,397,84,90967,232,3451
120,0,309,397,84,90967,232,3451
120,0,309,397,84,90967,232,3451
120,0,309,397,84,90967,232,3451
120,0,309,397,84,90967,232,3451
120,0,309,397,84,90967,232,3451
120,0,309,397,84,90967,232,3451
120,0,309,397,84,90967,232,3451
120,0,309,397,84,90967,232,3451
120,0,309,397,84,90967,232,3451
120,0,309,397,84,90967,232,3451
120,0,309,397,84,90967,232,3451
120,0,309,397,84,90967,232,3451
120,0,309,397,84,90967,232,3451
120,0,309,397,84,90967,232,3451
120,0,309,397,84,90967,232,3451
120,0,309,397,84,90967,232,3451
120,0,309,397,84,90967,232,3451
120,0,309,397,84,90967,232,3451
120,0,309,397,84,90967,232,3451
120,0,309,397,84,90967,232,3451
120,0,309,397,84,90967,232,3451
120,0,309,397,84,90967,232,3451
120,0,309,397,84,90967,232,3451
120,0,309,397,84,90967,232,3451
120,0,309,397,84,90967,232,3451
120,0,309,397,84,90967,232,3451
120,0,309,397,84,90967,232,3451
120,0,309,397,84,90967,232,3451
120,0,309,397,84,90967,232,3451
120,0,309,397,84,90967,232,3451
120,0,309,397,84,90967,232,3451
120,0,309,397,84,90967,232,3451
120,0,309,397,84,90967,232,3451
120,0,309,397,84,90967,232,3451
120,0,309,397,84,90967,232,3451
120,0,309,397,84,90967,232,3451
120,0,309,397,84,90967,232,3451
120,0,309,397,84,90967,232,3451
120,0,309,397,84,90967,232,3451
120,0,309,397,84,90967,232,3451
120,0,309,397,84,90967,232,3451
120,0,309,397,84,90967,232,3451
120,0,309,397,84,90967,232,3451
120,0,309,397,84,90967,232,3451
120,0,309,397,84,90967,232,3451
120,1,309,397,84,90967,232,3451
120,1,309,397,84,90967,232,3451
120,1,309,397,84,90967,232,3451
120,1,309,4885,84,91064,232,3599
120,1,309,4885,84,91064,232,3599
120,1,309,5645,84,91162,232,3722
120,1,309,6736,84,91309,232,3899
120,1,309,6736,84,91309,232,3899
120,1,309,7761,84,91455,232,4066
120,1,309,8625,84,91553,232,4207
120,1,309,8625,84,91553,232,4207
120,1,309,9468,84,9165,232,4342
120,1,310,032,84,91748,232,448
120,1,310,116,84,91846,232,4617
120,1,310,116,84,91846,232,4617
120,1,310,2004,84,91992,232,4753
120,1,310,2004,84,91992,232,4753
120,1,310,282,84,9209,232,4885
120,1,310,3845,84,92188,232,5052
120,1,310,4714,84,92285,232,5193
120,1,310,4714,84,92285,232,5193
120,1,310,5542,84,92432,232,5327
120,1,310,6396,84,92529,232,5466
120,1,310,6396,84,92529,232,5466
120,1,310,7334,84,92627,232,5618
120,1,310,8113,84,92725,232,5745
120,1,310,8113,84,92725,232,5745
120,1,310,9023,84,92822,232,5892
120,1,310,9927,84,92969,232,6039
120,1,310,9927,84,92969,232,6039
120,1,311,0754,84,93066,232,6172
120,1,311,1599,84,93164,232,631
120,1,311,1599,84,93164,232,631
120,1,311,2476,84,93262,232,6451
120,1,311,3325,84,93359,232,6589
120,1,311,3325,84,93359,232,6589
120,1,311,4158,84,93506,232,6725
120,1,311,5105,84,93604,232,6877
120,1,311,5105,84,93604,232,6877
120,1,311,5105,84,93604,232,6877
120,1,311,6084,84,9375,232,7037
120,1,311,6084,84,9375,232,7037
120,1,311,7717,84,93945,232,7301
120,1,311,8708,84,94043,232,7462
120,1,311,8708,84,94043,232,7462
120,1,311,9607,84,94189,232,7609
120,1,312,0481,84,94287,232,7749
120,1,312,0481,84,94287,232,7749
120,1,312,137,84,94385,232,7894
120,1,312,2324,84,94482,232,8049
120,1,312,3132,84,94629,232,818
120,1,312,3132,84,94629,232,818
120,1,312,3955,84,94727,232,8313
120,1,312,4883,84,94824,232,8463
120,1,312,4883,84,94824,232,8463
120,1,312,5728,84,94922,232,8601
120,1,312,6523,84,9502,232,8729
120,1,312,6523,84,9502,232,8729
120,1,312,7439,84,95166,232,8878
120,1,312,8286,84,95264,232,9015
120,1,312,9106,84,95361,232,9148
120,1,312,9106,84,95361,232,9148
120,1,312,989,84,95459,232,9276
120,1,313,0667,84,95557,232,9402
120,1,313,0667,84,95557,232,9402
120,1,313,1484,84,95654,232,9534
120,1,313,2314,84,95752,232,9669
120,1,313,3162,84,9585,232,9806
120,1,313,3162,84,9585,232,9806
120,1,313,3931,84,95947,232,993
120,1,313,4753,84,96045,233,0065
120,1,313,4753,84,96045,233,0065
120,1,313,5593,84,96143,233,02
120,1,313,6492,84,96289,233,0345
120,1,313,7297,84,96387,233,0476
120,1,313,7297,84,96387,233,0476
120,1,313,8142,84,96484,233,0614
120,1,313,896,84,96582,233,0746
120,1,313,896,84,96582,233,0746
120,1,313,9873,84,9668,233,0894
120,1,314,0715,84,96777,233,103
120,1,314,0715,84,96777,233,103
120,1,314,1565,84,96924,233,1168
120,1,314,249,84,97021,233,1318
120,1,314,249,84,97021,233,1318
120,1,314,3362,84,97119,233,146
120,1,314,4229,84,97217,233,16
120,1,314,5081,84,97363,233,1738
120,1,314,5081,84,97363,233,1738
120,1,314,5862,84,97461,233,1865
120,1,314,6621,84,97559,233,1989
120,1,314,6621,84,97559,233,1989
120,1,314,7534,84,97656,233,2136
120,1,314,843,84,97754,233,2281
120,1,314,843,84,97754,233,2281
120,1,314,929,84,97852,233,2422
120,1,315,02,84,97998,233,2568
120,1,315,02,84,97998,233,2568
120,1,315,115,84,98096,233,2723
120,1,315,115,84,98096,233,2723
120,1,315,2087,84,98242,233,2875
120,1,315,3154,84,9834,233,3048
120,1,315,3154,84,9834,233,3048
120,1,315,406,84,98486,233,3195
120,1,315,4866,84,98584,233,3325
120,1,315,4866,84,98584,233,3325
120,1,315,5715,84,98682,233,3463
120,1,315,6606,84,98779,233,3608
120,1,315,6606,84,98779,233,3608
120,1,315,7578,84,98926,233,3765
120,1,315,7578,84,98926,233,3765
120,1,315,8586,84,99023,233,3928
120,1,315,9539,84,9917,233,4083
120,1,315,9539,84,9917,233,4083
120,1,316,0476,84,99268,233,4235
120,1,316,1384,84,99365,233,4382
120,1,316,1384,84,99365,233,4382
120,1,316,23,84,99512,233,4531
120,1,316,3113,84,99609,233,4663
120,1,316,3987,84,99707,233,4805
120,1,316,3987,84,99707,233,4805
120,1,316,4778,84,99805,233,4933
120,1,316,5527,84,99902,233,5054
120,1,316,6355,85,233,5188
120,1,316,6355,85,233,5188
120,1,316,7119,85,00098,233,5313
120,1,316,8096,85,00195,233,5471
120,1,316,8096,85,00195,233,5471
120,1,316,8972,85,00342,233,5613
120,1,316,9863,85,00439,233,5757
120,2,316,9863,85,00439,233,5757
120,2,317,0635,85,00537,233,5883
120,2,317,137,85,00635,233,6001
120,2,317,22,85,00732,233,6136
120,2,317,22,85,00732,233,6136
120,2,317,3027,85,0083,233,6271
120,2,317,3914,85,00928,233,6414
120,2,317,3914,85,00928,233,6414
120,2,317,4739,85,01025,233,6548
120,2,317,552,85,01123,233,6675
120,2,317,6375,85,0127,233,6813
120,2,317,6375,85,0127,233,6813
120,2,317,7107,85,01318,233,6932
120,2,317,7908,85,01416,233,7062
120,2,317,8767,85,01563,233,7201
120,2,317,9509,85,0166,233,7322
120,2,317,9509,85,0166,233,7322
120,2,318,0225,85,01709,233,7438
120,2,318,0945,85,01807,233,7554
120,2,318,1748,85,01904,233,7684
120,2,318,1748,85,01904,233,7684
120,2,318,2556,85,02002,233,7815
120,2,318,332,85,021,233,7939
120,2,318,4084,85,02197,233,8063
120,2,318,4084,85,02197,233,8063
120,2,318,4854,85,02295,233,8188
120,2,318,5601,85,02393,233,8309
120,2,318,6377,85,0249,233,8435
120,2,318,7117,85,02588,233,8555
120,2,318,7117,85,02588,233,8555
120,2,318,7888,85,02686,233,868
120,2,318,8645,85,02783,233,8802
120,2,318,9475,85,02881,233,8938
120,2,318,9475,85,02881,233,8938
120,2,319,0225,85,02979,233,9059
120,2,319,0981,85,03076,233,9182
120,2,319,1838,85,03174,233,932
120,2,319,1838,85,03174,233,932
120,2,319,2568,85,03271,233,9438
120,2,319,3333,85,03369,233,9563
120,2,319,4104,85,03467,233,9688
120,2,319,4824,85,03564,233,9805
120,2,319,4824,85,03564,233,9805
120,2,319,5623,85,03662,233,9934
120,2,319,6392,85,0376,234,0059
120,2,319,718,85,03857,234,0187
120,2,319,718,85,03857,234,0187
120,2,319,7959,85,03955,234,0313
120,2,319,8748,85,04053,234,0441
120,2,319,949,85,0415,234,0562
120,2,319,949,85,0415,234,0562
120,2,320,0342,85,04248,234,0699
120,2,320,1052,85,04346,234,0814
120,2,320,1775,85,04395,234,0931
120,2,320,1775,85,04395,234,0931
120,2,320,2637,85,04541,234,1072
120,2,320,3467,85,04639,234,1206
120,2,320,4207,85,04736,234,1326
120,2,320,4924,85,04834,234,1443
120,2,320,4924,85,04834,234,1443
120,2,320,5671,85,04883,234,1564
120,2,320,6409,85,0498,234,1683
120,2,320,7256,85,05078,234,182
120,2,320,7256,85,05078,234,182
120,2,320,7986,85,05176,234,1938
120,2,320,8726,85,05273,234,2059
120,2,320,949,85,05371,234,2183
120,2,320,949,85,05371,234,2183
120,2,321,0269,85,05469,234,231
120,2,321,1042,85,05566,234,2434
120,2,321,187,85,05664,234,2568
120,2,321,2603,85,05762,234,2688
120,2,321,2603,85,05762,234,2688
120,2,321,333,85,05859,234,2805
120,2,321,4094,85,05957,234,293
120,2,321,4846,85,06055,234,3052
120,2,321,5596,85,06152,234,3173
120,2,321,5596,85,06152,234,3173
120,2,321,6321,85,0625,234,3291
120,2,321,718,85,06348,234,343
120,2,321,7939,85,06445,234,3552
120,2,321,7939,85,06445,234,3552
120,2,321,8694,85,06543,234,3676
120,2,321,9465,85,06641,234,38
120,2,322,0212,85,06738,234,3922
120,2,322,0212,85,06738,234,3922
120,2,322,1057,85,06836,234,4059
120,2,322,1855,85,06934,234,4188
120,2,322,2581,85,07031,234,4305
120,2,322,2581,85,07031,234,4305
120,2,322,342,85,07129,234,4442
120,2,322,415,85,07227,234,4561
120,2,322,498,85,07324,234,4695
120,2,322,498,85,07324,234,4695
120,2,322,5708,85,07422,234,4812
120,2,322,6497,85,0752,234,494
120,2,322,7263,85,07617,234,5065
120,2,322,7263,85,07617,234,5065
120,2,322,7996,85,07666,234,5183
120,2,322,8811,85,07813,234,5316
120,2,322,9685,85,0791,234,5458
120,2,322,9685,85,0791,234,5458
120,2,323,0457,85,08008,234,5582
120,2,323,1191,85,08105,234,5702
120,2,323,1973,85,08203,234,5829
120,2,323,1973,85,08203,234,5829
120,2,323,2749,85,08301,234,5955
120,2,323,3538,85,08398,234,6083
120,2,323,4417,85,08496,234,6224
120,2,323,5137,85,08594,234,6342
120,2,323,5137,85,08594,234,6342
120,2,323,5886,85,08691,234,6462
120,2,323,6638,85,08789,234,6586
120,2,323,7395,85,08887,234,6708
120,2,323,7395,85,08887,234,6708
120,2,323,8149,85,08936,234,683
120,2,323,894,85,09033,234,6958
120,2,323,97,85,09131,234,7081
120,2,324,0398,85,09229,234,7195
120,2,324,0398,85,09229,234,7195
120,2,324,1135,85,09326,234,7314
120,2,324,1919,85,09424,234,7441
120,2,324,2773,85,09521,234,7579
120,2,324,2773,85,09521,234,7579
120,2,324,3494,85,09619,234,7697
120,2,324,4243,85,09717,234,7819
120,2,324,5085,85,09814,234,7955
120,2,324,5085,85,09814,234,7955
120,2,324,5815,85,09912,234,8073
120,2,324,6604,85,1001,234,8201
120,2,324,7346,85,10107,234,8322
120,2,324,8123,85,10205,234,8447
120,2,324,8123,85,10205,234,8447
120,2,324,8845,85,10303,234,8564
120,2,324,9543,85,104,234,8678
120,2,325,0295,85,10449,234,8799
120,2,325,104,85,10547,234,8921
120,2,325,104,85,10547,234,8921
120,2,325,1843,85,10645,234,905
120,2,325,2617,85,10742,234,9176
120,2,325,3372,85,1084,234,9298
120,2,325,4097,85,10938,234,9417
120,2,325,4097,85,10938,234,9417
120,2,325,4829,85,11035,234,9535
120,2,325,5532,85,11133,234,9648
120,2,325,6353,85,1123,234,9781
120,2,325,6353,85,1123,234,9781
120,2,325,7146,85,11328,234,9911
120,2,325,7866,85,11426,235,0027
120,2,325,8708,85,11523,235,0164
120,2,325,8708,85,11523,235,0164
120,2,325,948,85,11621,235,0289
120,2,326,021,85,11719,235,0408
120,2,326,0996,85,11816,235,0535
120,2,326,0996,85,11816,235,0535
120,2,326,178,85,11914,235,0662
120,2,326,2595,85,12012,235,0793
120,2,326,3335,85,12109,235,0914
120,2,326,4092,85,12207,235,1036
120,2,326,4092,85,12207,235,1036
120,2,326,4829,85,12305,235,1156
120,2,326,5569,85,12354,235,1276
120,2,326,637,85,125,235,1406
120,2,326,637,85,125,235,1406
120,2,326,7151,85,12598,235,1533
120,2,326,7937,85,12695,235,166
120,2,326,8738,85,12793,235,179
120,2,326,8738,85,12793,235,179
120,2,326,9578,85,12891,235,1926
120,2,327,032,85,12988,235,2046
120,2,327,1099,85,13086,235,2173
120,2,327,1875,85,13184,235,2299
120,2,327,1875,85,13184,235,2299
120,2,327,2566,85,13232,235,2411
120,2,327,3325,85,1333,235,2534
120,2,327,4067,85,13428,235,2654
120,2,327,4832,85,13525,235,2778
120,2,327,4832,85,13525,235,2778
120,2,327,5547,85,13623,235,2894
120,2,327,6309,85,13721,235,3018
120,2,327,699,85,13818,235,3127
120,2,327,7654,85,13867,235,3236
120,2,327,8286,85,13965,235,3339
120,2,327,8286,85,13965,235,3339
120,2,327,8984,85,14063,235,3452
120,2,327,9797,85,1416,235,3584
120,2,328,0579,85,14258,235,371
120,2,328,0579,85,14258,235,371
120,2,328,1353,85,14355,235,3835
120,2,328,2107,85,14453,235,3958
120,2,328,2917,85,14551,235,4089
120,2,328,373,85,14648,235,4221
120,2,328,373,85,14648,235,4221
120,2,328,4446,85,14746,235,4337
120,2,328,5188,85,14844,235,4458
120,2,328,6025,85,14941,235,4594
120,2,328,6025,85,14941,235,4594
120,2,328,6794,85,15039,235,4718
120,2,328,7559,85,15137,235,4841
120,2,328,8372,85,15234,235,4974
120,2,328,8372,85,15234,235,4974
120,2,328,9104,85,15332,235,5093
120,2,328,9941,85,1543,235,5228
120,2,329,0735,85,15527,235,5356
120,2,329,0735,85,15527,235,5356
120,2,329,1553,85,15625,235,549
120,2,329,2368,85,15723,235,5623
120,2,329,3118,85,1582,235,5743
120,2,329,3118,85,1582,235,5743
120,2,329,3882,85,15918,235,5867
120,2,329,4661,85,16016,235,5994
120,2,329,5454,85,16113,235,6122
120,2,329,5454,85,16113,235,6122
120,2,329,6228,85,16211,235,6248
120,2,329,6978,85,16309,235,637
120,2,329,7747,85,16406,235,6494
120,2,329,7747,85,16406,235,6494
120,2,329,8518,85,16504,235,6619
120,2,329,9272,85,16602,235,6741
120,2,330,0132,85,16699,235,6881
120,2,330,0132,85,16699,235,6881
120,2,330,1021,85,16797,235,7025
120,2,330,1719,85,16895,235,7139
120,2,330,2515,85,16992,235,7267
120,2,330,2515,85,16992,235,7267
120,2,330,2559,85,16992,235,7274
120,2,330,3318,85,17871,235,7148
120,2,330,4033,85,18701,235,703
120,2,330,4822,85,1958,235,6899
120,2,330,4822,85,1958,235,6899
120,2,330,5593,85,20459,235,6772
120,2,330,6328,85,21289,235,665
120,2,330,7056,85,22119,235,6531
120,2,330,7766,85,22949,235,6414
120,2,330,7766,85,22949,235,6414
120,2,330,8538,85,23828,235,6287
120,2,330,9314,85,24707,235,6157
120,2,331,0061,85,25586,235,6034
120,2,331,0061,85,25586,235,6034
120,2,331,0806,85,26416,235,5911
120,2,331,1584,85,27295,235,5782
120,2,331,2419,85,28271,235,5645
120,2,331,2419,85,28271,235,5645
120,2,331,325,85,29199,235,5508
120,2,331,3979,85,30029,235,5387
120,2,331,4797,85,31006,235,5251
120,2,331,4797,85,31006,235,5251
120,2,331,5574,85,31885,235,5123
120,2,331,6379,85,32813,235,499
120,2,331,7163,85,33691,235,4861
120,2,331,7163,85,33691,235,4861
120,2,331,7908,85,34521,235,4738
120,2,331,8665,85,354,235,4613
120,2,331,9485,85,36328,235,4476
120,2,331,9485,85,36328,235,4476
120,2,332,0212,85,37158,235,4357
120,2,332,0991,85,38086,235,4229
120,2,332,179,85,38965,235,4095
120,2,332,179,85,38965,235,4095
120,2,332,2527,85,39844,235,3975
120,2,332,3423,85,40869,235,3826
120,2,332,3423,85,40869,235,3826
120,2,332,4321,85,41895,235,3678
120,2,332,5125,85,42773,235,3545
120,2,332,5908,85,43701,235,3416
120,2,332,5908,85,43701,235,3416
120,2,332,6697,85,4458,235,3285
120,2,332,7434,85,4541,235,3163
120,2,332,8232,85,46338,235,3031
120,2,332,8232,85,46338,235,3031
120,2,332,9041,85,47266,235,2898
120,2,332,9805,85,48145,235,2771
120,2,333,0557,85,49023,235,2646
120,2,333,0557,85,49023,235,2646
120,2,333,137,85,49951,235,2512
120,2,333,2214,85,50879,235,2373
120,2,333,2214,85,50879,235,2373
120,2,333,313,85,51953,235,2222
120,2,333,3945,85,52881,235,2087
120,2,333,4717,85,5376,235,1959
120,2,333,4717,85,5376,235,1959
120,2,333,55,85,54639,235,183
120,2,333,6252,85,55518,235,1705
120,2,333,7041,85,56396,235,1575
120,2,333,7803,85,57275,235,1449
120,2,333,7803,85,57275,235,1449
120,2,333,8555,85,58154,235,1326
120,2,333,9285,85,58984,235,1204
120,2,333,9285,85,58984,235,1204
120,2,334,0164,85,59961,235,106
120,2,334,0962,85,60889,235,0928
120,2,334,1819,85,61865,235,0786
120,2,334,1819,85,61865,235,0786
120,2,334,2598,85,62744,235,0657
120,2,334,3403,85,63672,235,0524
120,2,334,418,85,64551,235,0396
120,2,334,418,85,64551,235,0396
120,2,334,4998,85,65527,235,026
120,2,334,4998,85,65527,235,026
120,2,334,5923,85,66553,235,0107
120,2,334,6848,85,67627,234,9955
120,2,334,7698,85,68604,234,9814
120,2,334,7698,85,68604,234,9814
120,2,334,8489,85,69482,234,9684
120,2,334,9236,85,70361,234,9561
120,2,334,9236,85,70361,234,9561
120,2,335,0217,85,71484,234,9397
120,2,335,0989,85,72363,234,927
120,2,335,1797,85,73291,234,9137
120,2,335,1797,85,73291,234,9137
120,2,335,2651,85,74268,234,8995
120,2,335,2651,85,74268,234,8995
120,2,335,3562,85,75293,234,8845
120,2,335,4497,85,76367,234,869
120,2,335,4497,85,76367,234,869
120,2,335,5354,85,77344,234,8549
120,2,335,6255,85,78369,234,84
120,2,335,7092,85,79346,234,8262
120,2,335,7092,85,79346,234,8262
120,2,335,7866,85,80225,234,8134
120,2,335,8738,85,81201,234,799
120,2,335,8738,85,81201,234,799
120,2,335,9595,85,82178,234,7848
120,2,336,0486,85,83203,234,77
120,2,336,1265,85,84131,234,7572
120,2,336,1265,85,84131,234,7572
120,2,336,2085,85,85059,234,7437
120,2,336,2085,85,85059,234,7437
120,2,336,3057,85,86182,234,7275
120,2,336,3906,85,87109,234,7135
120,2,336,47,85,88037,234,7004
120,2,336,47,85,88037,234,7004
120,2,336,47,85,88037,234,7004
120,2,336,47,85,88037,234,7004
120,2,336,5559,85,89014,234,6863
120,2,336,7595,85,91357,234,6526
120,2,336,7595,85,91357,234,6526
120,2,336,8547,85,92432,234,6368
120,2,336,8547,85,92432,234,6368
120,2,336,9502,85,93506,234,6211
120,2,337,0334,85,94482,234,6073
120,2,337,0334,85,94482,234,6073
120,2,337,1138,85,9541,234,594
120,2,337,2146,85,96533,234,5774
120,2,337,2146,85,96533,234,5774
120,2,337,301,85,97559,234,5631
120,2,337,3955,85,98633,234,5475
120,2,337,3955,85,98633,234,5475
120,2,337,4834,85,99609,234,533
120,2,337,5669,86,00586,234,5192
120,2,337,6453,86,01465,234,5061
120,2,337,6453,86,01465,234,5061
120,2,337,7256,86,02393,234,4929
120,2,337,7256,86,02393,234,4929
120,2,337,823,86,03516,234,4768
120,2,337,9094,86,04492,234,4625
120,2,337,9094,86,04492,234,4625
120,2,337,9094,86,04492,234,4625
120,2,337,9094,86,04492,234,4625
120,2,337,9094,86,04492,234,4625
120,2,337,9094,86,04492,234,4625
120,2,337,9094,86,04492,234,4625
120,2,337,9094,86,04492,234,4625
120,2,337,9094,86,04492,234,4625
120,2,337,9094,86,04492,234,4625
120,2,337,9094,86,04492,234,4625
120,2,337,9094,86,04492,234,4625
120,2,337,9094,86,04492,234,4625
120,2,337,9094,86,04492,234,4625
120,2,337,9094,86,04492,234,4625
120,2,337,9094,86,04492,234,4625
120,2,337,9094,86,04492,234,4625
120,2,337,9094,86,04492,234,4625
120,2,337,9094,86,04492,234,4625
120,2,337,9094,86,04492,234,4625
120,2,337,9094,86,04492,234,4625
120,2,337,9094,86,04492,234,4625
120,2,337,9094,86,04492,234,4625
120,2,337,9094,86,04492,234,4625
120,2,337,9094,86,04492,234,4625
120,2,337,9094,86,04492,234,4625
120,2,337,9094,86,04492,234,4625
120,2,337,9094,86,04492,234,4625
120,2,337,9094,86,04492,234,4625
120,2,337,9094,86,04492,234,4625
120,2,337,9094,86,04492,234,4625
120,2,337,9094,86,04492,234,4625
120,2,337,9094,86,04492,234,4625
120,2,337,9094,86,04492,234,4625
120,2,337,9094,86,04492,234,4625
120,2,337,9094,86,04492,234,4625
120,2,337,9094,86,04492,234,4625
120,2,337,9094,86,04492,234,4625
120,2,337,9094,86,04492,234,4625
120,2,337,9094,86,04492,234,4625
120,2,337,9094,86,04492,234,4625
120,2,337,9094,86,04492,234,4625
120,2,337,9094,86,04492,234,4625
120,2,337,9094,86,04492,234,4625
120,2,337,9094,86,04492,234,4625
120,2,337,9094,86,04492,234,4625
120,2,337,9094,86,04492,234,4625
120,2,337,9094,86,04492,234,4625
120,2,337,9094,86,04492,234,4625
120,2,337,9094,86,04492,234,4625
120,2,337,9094,86,04492,234,4625
120,2,337,9094,86,04492,234,4625
120,2,337,9094,86,04492,234,4625
120,2,337,9094,86,04492,234,4625
120,2,337,9094,86,04492,234,4625
120,2,337,9094,86,04492,234,4625
120,2,337,9094,86,04492,234,4625
120,2,337,9094,86,04492,234,4625
120,2,337,9094,86,04492,234,4625
120,2,337,9094,86,04492,234,4625
120,2,337,9094,86,04492,234,4625
120,2,337,9094,86,04492,234,4625
120,2,337,9094,86,04492,234,4625
120,2,337,9094,86,04492,234,4625
120,2,337,9094,86,04492,234,4625
120,2,337,9094,86,04492,234,4625
120,2,337,9094,86,04492,234,4625
120,2,337,9094,86,04492,234,4625
120,2,337,9094,86,04492,234,4625
120,2,337,9094,86,04492,234,4625
120,2,337,9094,86,04492,234,4625
120,2,337,9094,86,04492,234,4625
120,2,337,9094,86,04492,234,4625
120,2,337,9094,86,04492,234,4625
120,2,337,9094,86,04492,234,4625
120,2,337,9094,86,04492,234,4625
120,2,337,9094,86,04492,234,4625
120,2,337,9094,86,04492,234,4625
120,3,337,9094,86,04492,234,4625
120,3,337,9094,86,04492,234,4625
120,3,337,9941,86,05566,234,4443
120,3,337,9941,86,05566,234,4443
120,3,338,0808,86,06641,234,4258
120,3,338,1667,86,07715,234,4072
120,3,338,1667,86,07715,234,4072
120,3,338,2551,86,08789,234,3883
120,3,338,2551,86,08789,234,3883
120,3,338,3472,86,09961,234,3685
120,3,338,4463,86,11182,234,3472
120,3,338,4463,86,11182,234,3472
120,3,338,5378,86,12305,234,3276
120,3,338,6223,86,13379,234,3094
120,3,338,6223,86,13379,234,3094
120,3,338,7029,86,14404,234,2921
120,3,338,7864,86,1543,234,2742
120,3,338,8694,86,16455,234,2563
120,3,338,8694,86,16455,234,2563
120,3,338,9475,86,17432,234,2396
120,3,339,0349,86,18506,234,2208
120,3,339,0349,86,18506,234,2208
120,3,339,115,86,19531,234,2036
120,3,339,2083,86,20703,234,1836
120,3,339,2083,86,20703,234,1836
120,3,339,3025,86,21875,234,1633
120,3,339,3816,86,22852,234,1464
120,3,339,3816,86,22852,234,1464
120,3,339,4619,86,23877,234,1292
120,3,339,5449,86,24902,234,1113
120,3,339,5449,86,24902,234,1113
120,3,339,6321,86,25977,234,0925
120,3,339,7168,86,27051,234,0743
120,3,339,7168,86,27051,234,0743
120,3,339,8098,86,28174,234,0544
120,3,339,9023,86,29346,234,0345
120,3,339,9023,86,29346,234,0345
120,3,339,9858,86,30371,234,0166
120,3,340,0676,86,31396,233,999
120,3,340,0676,86,31396,233,999
120,3,340,1594,86,32568,233,9792
120,3,340,2446,86,33594,233,9611
120,3,340,2446,86,33594,233,9611
120,3,340,3357,86,34766,233,9415
120,3,340,4182,86,35791,233,9237
120,3,340,4182,86,35791,233,9237
120,3,340,5002,86,36816,233,9061
120,3,340,5867,86,37891,233,8876
120,3,340,6748,86,38965,233,8687
120,3,340,6748,86,38965,233,8687
120,3,340,7576,86,40039,233,8508
120,3,340,8376,86,41016,233,8337
120,3,340,8376,86,41016,233,8337
120,3,340,9229,86,4209,233,8154
120,3,341,0195,86,43262,233,7947
120,3,341,0195,86,43262,233,7947
120,3,341,0979,86,44238,233,7778
120,3,341,1863,86,45361,233,7588
120,3,341,1863,86,45361,233,7588
120,3,341,2793,86,46533,233,7388
120,3,341,3677,86,47607,233,7198
120,3,341,3677,86,47607,233,7198
120,3,341,4497,86,48633,233,7021
120,3,341,5276,86,49609,233,6854
120,3,341,5276,86,49609,233,6854
120,3,341,6257,86,5083,233,6644
120,3,341,7043,86,51807,233,6476
120,3,341,7805,86,52783,233,6311
120,3,341,7805,86,52783,233,6311
120,3,341,8643,86,53809,233,6132
120,3,341,9414,86,54785,233,5967
120,3,342,0154,86,55713,233,5808
120,3,342,0154,86,55713,233,5808
120,3,342,0957,86,56689,233,5635
120,3,342,1653,86,57568,233,5486
120,3,342,1653,86,57568,233,5486
120,3,342,2593,86,5874,233,5283
120,3,342,3513,86,59912,233,5085
120,3,342,3513,86,59912,233,5085
120,3,342,4365,86,60938,233,4902
120,3,342,5208,86,62012,233,4722
120,3,342,5208,86,62012,233,4722
120,3,342,6028,86,63037,233,4546
120,3,342,6877,86,64111,233,4363
120,3,342,7703,86,65137,233,4187
120,3,342,7703,86,65137,233,4187
120,3,342,8528,86,66162,233,4009
120,3,342,948,86,67334,233,3805
120,3,342,948,86,67334,233,3805
120,3,343,0264,86,68311,233,3636
120,3,343,1086,86,69336,233,3459
120,3,343,1853,86,70313,233,3295
120,3,343,1853,86,70313,233,3295
120,3,343,2615,86,7124,233,3131
120,3,343,2615,86,7124,233,3131
120,3,343,3481,86,72314,233,2944
120,3,343,4441,86,73535,233,2739
120,3,343,5317,86,74609,233,2551
120,3,343,5317,86,74609,233,2551
120,3,343,6086,86,75586,233,2385
120,3,343,6902,86,76611,233,2211
120,3,343,6902,86,76611,233,2211
120,3,343,7676,86,77539,233,2045
120,3,343,8513,86,78613,233,1864
120,3,343,9351,86,79639,233,1685
120,3,343,9351,86,79639,233,1685
120,3,344,012,86,80615,233,152
120,3,344,0999,86,81689,233,1331
120,3,344,0999,86,81689,233,1331
120,3,344,1829,86,82715,233,1152
120,3,344,261,86,83691,233,0985
120,3,344,3391,86,84668,233,0817
120,4,344,3391,86,84668,233,0817
120,4,344,4207,86,85693,233,0642
120,4,344,4937,86,86621,233,0485
120,4,344,5745,86,87646,233,0311
120,4,344,5745,86,87646,233,0311
120,4,344,6501,86,88574,233,0149
120,4,344,7317,86,896,232,9974
120,4,344,8088,86,90527,232,9808
120,4,344,8088,86,90527,232,9808
120,4,344,8855,86,91504,232,9644
120,4,344,9717,86,92578,232,9458
120,4,344,9717,86,92578,232,9458
120,4,345,0571,86,93652,232,9275
120,4,345,1372,86,94629,232,9103
120,4,345,2151,86,95605,232,8936
120,4,345,2151,86,95605,232,8936
120,4,345,2458,86,95996,232,887
120,4,345,3152,86,96729,232,8516
120,4,345,3862,86,9751,232,8152
120,4,345,4487,86,98193,232,7832
120,4,345,4487,86,98193,232,7832
120,4,345,5137,86,98926,232,75
120,4,345,5872,86,99707,232,7124
120,4,345,5872,86,99707,232,7124
120,4,345,6609,87,00488,232,6747
120,4,345,7422,87,01367,232,6331
120,4,345,7422,87,01367,232,6331
120,4,345,823,87,02246,232,5918
120,4,345,8928,87,03027,232,556
120,4,345,9641,87,03809,232,5195
120,4,345,9641,87,03809,232,5195
120,4,346,0342,87,04541,232,4838
120,4,346,1013,87,05273,232,4493
120,4,346,178,87,06104,232,41
120,4,346,178,87,06104,232,41
120,4,346,2466,87,06885,232,375
120,4,346,3254,87,07715,232,3347
120,4,346,3972,87,08496,232,298
120,4,346,3972,87,08496,232,298
120,4,346,4646,87,09229,232,2635
120,4,346,542,87,10059,232,224
120,4,346,6174,87,10889,232,1853
120,4,346,6174,87,10889,232,1853
120,4,346,6829,87,11621,232,1519
120,4,346,7581,87,12402,232,1134
120,4,346,7581,87,12402,232,1134
120,4,346,8372,87,13281,232,073
120,4,346,9099,87,14063,232,0358
120,4,346,9099,87,14063,232,0358
120,4,346,9839,87,14893,231,9979
120,4,347,0676,87,15771,231,9551
120,4,347,1379,87,16553,231,9191
120,4,347,1379,87,16553,231,9191
120,4,347,2119,87,17334,231,8813
120,4,347,2839,87,18115,231,8445
120,4,347,2839,87,18115,231,8445
120,4,347,363,87,18994,231,804
120,4,347,4331,87,19775,231,7681
120,4,347,5076,87,20557,231,73
120,4,347,5076,87,20557,231,73
120,4,347,5793,87,21338,231,6934
120,4,347,6555,87,22168,231,6543
120,4,347,7305,87,22998,231,616
120,4,347,7305,87,22998,231,616
120,4,347,8013,87,23779,231,5798
120,4,347,8794,87,24609,231,5398
120,4,347,8794,87,24609,231,5398
120,4,347,9602,87,25488,231,4984
120,4,347,9602,87,25488,231,4984
120,4,348,0413,87,26367,231,457
120,4,348,1257,87,27295,231,4137
120,4,348,1997,87,28076,231,376
120,4,348,1997,87,28076,231,376
120,4,348,2727,87,28857,231,3386
120,4,348,3462,87,29688,231,301
120,4,348,4187,87,30469,231,2639
120,4,348,4187,87,30469,231,2639
120,4,348,491,87,3125,231,2271
120,4,348,574,87,32129,231,1844
120,4,348,574,87,32129,231,1844
120,4,348,6479,87,32959,231,1466
120,4,348,7246,87,33789,231,1074
120,4,348,7246,87,33789,231,1074
120,4,348,7983,87,3457,231,0698
120,4,348,8777,87,35449,231,0291
120,4,348,927,87,35986,231,0039
120,4,348,927,87,35986,231,0039
120,4,348,9688,87,36133,230,9387
120,4,349,012,87,36328,230,8715
120,4,349,0549,87,36475,230,8041
120,4,349,0549,87,36475,230,8041
120,4,349,0959,87,36621,230,7402
120,4,349,1401,87,36768,230,6713
120,4,349,1848,87,36963,230,6017
120,4,349,1848,87,36963,230,6017
120,4,349,2275,87,37109,230,5348
120,4,349,2683,87,37256,230,4712
120,4,349,2683,87,37256,230,4712
120,4,349,3176,87,37451,230,3943
120,4,349,3613,87,37598,230,3263
120,4,349,4009,87,37793,230,2646
120,4,349,4407,87,37939,230,2025
120,4,349,48,87,38086,230,141
120,4,349,48,87,38086,230,141
120,4,349,52,87,38232,230,0787
120,4,349,5618,87,38379,230,0134
120,4,349,6067,87,38525,229,9432
120,4,349,6067,87,38525,229,9432
120,4,349,6482,87,38721,229,8787
120,4,349,6919,87,38867,229,8105
120,4,349,6919,87,38867,229,8105
120,4,349,7383,87,39063,229,7382
120,4,349,7805,87,39209,229,6722
120,4,349,8271,87,39355,229,5994
120,4,349,8271,87,39355,229,5994
120,4,349,8696,87,39551,229,5331
120,4,349,9109,87,39697,229,4689
120,4,349,9531,87,39844,229,403
120,4,349,9924,87,3999,229,3414
120,4,349,9924,87,3999,229,3414
120,4,350,0315,87,40137,229,2804
120,4,350,0786,87,40332,229,2073
120,5,350,1179,87,40479,229,1455
120,5,350,1179,87,40479,229,1455
120,5,350,158,87,40625,229,0833
120,5,350,2017,87,40771,229,0153
120,5,350,2427,87,40918,228,9509
120,5,350,2849,87,41113,228,885
120,5,350,2849,87,41113,228,885
120,5,350,3257,87,4126,228,8214
120,5,350,3647,87,41406,228,7605
120,5,350,4067,87,41553,228,6951
120,5,350,4495,87,41699,228,6285
120,5,350,4495,87,41699,228,6285
120,5,350,4883,87,41846,228,5679
120,5,350,5283,87,41992,228,5052
120,5,350,5708,87,42188,228,4392
120,5,350,5708,87,42188,228,4392
120,5,350,6135,87,42334,228,3724
120,5,350,6548,87,4248,228,308
120,5,350,6956,87,42627,228,2446
120,5,350,7385,87,42822,228,1776
120,5,350,7385,87,42822,228,1776
120,5,350,7756,87,4292,228,1193
120,5,350,8157,87,43115,228,0569
120,5,350,8604,87,43262,227,9874
120,5,350,897,87,43408,227,9302
120,5,350,897,87,43408,227,9302
120,5,350,9385,87,43555,227,8655
120,5,350,9795,87,43701,227,8014
120,5,351,02,87,43848,227,7383
120,5,351,0549,87,43994,227,6837
120,5,351,0549,87,43994,227,6837
120,5,351,0657,87,43994,227,6113
120,5,351,0767,87,43994,227,5359
120,5,351,0884,87,43994,227,457
120,5,351,0991,87,43994,227,3835
120,5,351,0991,87,43994,227,3835
120,5,351,1096,87,43994,227,3116
120,5,351,1208,87,43994,227,2355
120,5,351,1316,87,43994,227,1626
120,5,351,1316,87,43994,227,1626
120,5,351,1428,87,43994,227,0859
120,5,351,1541,87,43994,227,0101
120,5,351,1663,87,43994,226,927
120,5,351,1782,87,43994,226,8467
120,5,351,1782,87,43994,226,8467
120,5,351,1887,87,43994,226,7755
120,5,351,2,87,43994,226,699
120,5,351,2112,87,43994,226,6226
120,5,351,2112,87,43994,226,6226
120,5,351,2222,87,43994,226,5481
120,5,351,2329,87,43994,226,475
120,5,351,2456,87,43994,226,3892
120,5,351,2556,87,43994,226,3204
120,5,351,2556,87,43994,226,3204
120,5,351,2661,87,43994,226,2487
120,5,351,2769,87,43994,226,1759
120,5,351,2883,87,43994,226,0983
120,5,351,2991,87,43994,226,0264
120,5,351,2991,87,43994,226,0264
120,5,351,3105,87,43994,225,9482
120,5,351,3215,87,43994,225,8733
120,5,351,333,87,43994,225,7958
120,5,351,3442,87,43994,225,7186
120,5,351,3442,87,43994,225,7186
120,5,351,355,87,43994,225,6459
120,5,351,366,87,43994,225,5706
120,5,351,3782,87,43994,225,4883
120,5,351,3782,87,43994,225,4883
120,5,351,3894,87,43994,225,4126
120,5,351,4006,87,43994,225,3354
120,5,351,4119,87,43994,225,2601
120,5,351,4119,87,43994,225,2601
120,5,351,4226,87,43994,225,1864
120,5,351,4346,87,43994,225,1046
120,5,351,4463,87,43994,225,0256
120,5,351,4463,87,43994,225,0256
120,5,351,459,87,43994,224,9399
120,5,351,4705,87,43994,224,8616
120,5,351,4819,87,43994,224,7837
120,5,351,4819,87,43994,224,7837
120,5,351,4929,87,43994,224,709
120,5,351,5042,87,43994,224,6335
120,5,351,5151,87,43994,224,5582
120,5,351,5259,87,43994,224,4847
120,5,351,5259,87,43994,224,4847
120,5,351,5374,87,43994,224,4073
120,5,351,5486,87,43994,224,3317
120,5,351,5605,87,43994,224,2504
120,5,351,571,87,43994,224,1777
120,5,351,571,87,43994,224,1777
120,5,351,5813,87,43994,224,1091
120,5,351,5925,87,43994,224,032
120,5,351,6035,87,43994,223,9573
120,5,351,6145,87,43994,223,8838
120,5,351,6145,87,43994,223,8838
120,5,351,625,87,43994,223,8124
120,5,351,6372,87,43994,223,7295
120,5,351,6489,87,43994,223,6498
120,5,351,6489,87,43994,223,6498
120,5,351,6594,87,43994,223,5773
120,5,351,6702,87,43994,223,5052
120,5,351,6819,87,43994,223,4261
120,5,351,6921,87,43994,223,3563
120,5,351,7024,87,43994,223,2866
120,5,351,7024,87,43994,223,2866
120,5,351,7126,87,43994,223,2159
120,5,351,7244,87,43994,223,1378
120,5,351,7346,87,43994,223,0673
120,5,351,7451,87,43994,222,9957
120,5,351,7554,87,43994,222,9268
120,5,351,7554,87,43994,222,9268
120,5,351,7656,87,43994,222,8566
120,5,351,7761,87,43994,222,7852
120,5,351,7874,87,43994,222,7096
120,5,351,7981,87,43994,222,6356
120,5,351,7981,87,43994,222,6356
120,5,351,8081,87,43994,222,5676
120,5,351,8186,87,43994,222,4971
120,5,351,8298,87,43994,222,4214
120,5,351,8403,87,43994,222,349
120,5,351,8503,87,43994,222,2817
120,5,351,8503,87,43994,222,2817
120,5,351,8608,87,43994,222,2095
120,5,351,8718,87,43994,222,1362
120,5,351,8821,87,43994,222,0652
120,5,351,8943,87,43994,221,983
120,5,351,8943,87,43994,221,983
120,5,351,9053,87,43994,221,9081
120,5,351,916,87,43994,221,8347
120,5,351,9272,87,43994,221,7594
120,5,351,9377,87,43994,221,6885
120,6,351,9377,87,43994,221,6885
120,6,351,9492,87,43994,221,6099
120,6,351,9597,87,43994,221,5387
120,6,351,9653,87,43994,221,5004
120,6,351,9634,87,43115,221,4318
120,6,351,9634,87,43115,221,4318
120,6,351,9609,87,4209,221,3503
120,6,351,9587,87,41162,221,2758
120,6,351,9565,87,40283,221,2075
120,6,351,9546,87,39404,221,1351
120,6,351,9524,87,38477,221,0623
120,6,351,9524,87,38477,221,0623
120,6,351,9502,87,37549,220,989
120,6,351,948,87,36621,220,917
120,6,351,9458,87,35645,220,8386
120,6,351,9436,87,34766,220,7683
120,6,351,9436,87,34766,220,7683
120,6,351,9414,87,33789,220,6923
120,6,351,939,87,32813,220,6124
120,6,351,939,87,32813,220,6124
120,6,351,936,87,31592,220,5153
120,6,351,936,87,31592,220,5153
120,6,351,9333,87,30469,220,4257
120,6,351,9304,87,2915,220,3225
120,6,351,9304,87,2915,220,3225
120,6,351,9277,87,27979,220,231
120,6,351,925,87,26904,220,144
120,6,351,925,87,26904,220,144
120,6,351,9226,87,2583,220,0605
120,6,351,9199,87,24707,219,9685
120,6,351,9199,87,24707,219,9685
120,6,351,9172,87,23584,219,8812
120,6,351,9143,87,22363,219,7828
120,6,351,9143,87,22363,219,7828
120,6,351,9116,87,2124,219,6932
120,6,351,9116,87,2124,219,6932
120,6,351,9089,87,2002,219,5997
120,6,351,906,87,1875,219,4982
120,6,351,906,87,1875,219,4982
120,6,351,9026,87,17383,219,3872
120,6,351,9026,87,17383,219,3872
120,6,351,8994,87,16016,219,2803
120,6,351,8965,87,14746,219,179
120,6,351,8965,87,14746,219,179
120,6,351,8938,87,13623,219,0922
120,6,351,8938,87,13623,219,0922
120,6,351,8914,87,12549,219,0043
120,6,351,8884,87,11279,218,9049
120,6,351,8855,87,10107,218,8105
120,6,351,8855,87,10107,218,8105
120,6,351,8835,87,09229,218,7402
120,6,351,8811,87,08252,218,6637
120,6,351,8792,87,07324,218,5918
120,6,351,8767,87,06396,218,5172
120,6,351,8767,87,06396,218,5172
120,6,351,8748,87,05566,218,4493
120,6,351,8723,87,04492,218,3663
120,6,351,8704,87,03613,218,2964
120,6,351,8677,87,02539,218,2125
120,6,351,8677,87,02539,218,2125
120,6,351,8657,87,0166,218,1418
120,6,351,8635,87,00781,218,0703
120,6,351,8616,86,99902,218,001
120,6,351,8594,86,98975,217,9283
120,6,351,8572,86,98047,217,8563
120,6,351,8552,86,97217,217,7881
120,6,351,8552,86,97217,217,7881
120,6,351,853,86,96338,217,7185
120,6,351,8508,86,9541,217,6456
120,6,351,8489,86,94531,217,5751
120,6,351,8467,86,93652,217,5046
120,6,351,8447,86,92773,217,4359
120,6,351,8447,86,92773,217,4359
120,6,351,8425,86,91895,217,3645
120,6,351,8406,86,91016,217,2959
120,6,351,8384,86,90039,217,2196
120,6,351,8362,86,8916,217,1483
120,6,351,8362,86,8916,217,1483
120,6,351,8342,86,88281,217,0776
120,6,351,8318,86,87305,217,0011
120,6,351,8296,86,86377,216,928
120,6,351,8274,86,854,216,8521
120,6,351,8254,86,8457,216,7838
120,6,351,8254,86,8457,216,7838
120,6,351,8232,86,83691,216,7139
120,6,351,821,86,82666,216,635
120,6,351,8188,86,81787,216,563
120,6,351,8188,86,81787,216,563
120,6,351,8164,86,80762,216,4836
120,6,351,8142,86,79785,216,4063
120,6,351,812,86,78857,216,3329
120,6,351,8096,86,77881,216,2535
120,6,351,8076,86,77051,216,1885
120,6,351,8076,86,77051,216,1885
120,6,351,8057,86,76172,216,1167
120,6,351,8035,86,75244,216,0437
120,6,351,8013,86,74316,215,9718
120,6,351,7991,86,73389,215,8966
120,6,351,7969,86,72461,215,8243
120,6,351,7969,86,72461,215,8243
120,6,351,7947,86,71582,215,7529
120,6,351,7927,86,70654,215,6803
120,6,351,7905,86,69727,215,6063
120,6,351,7905,86,69727,215,6063
120,6,351,7881,86,68701,215,5249
120,6,351,7859,86,67773,215,4529
120,6,351,7839,86,66895,215,3828
120,6,351,7815,86,65918,215,3064
120,6,351,7795,86,65088,215,2373
120,6,351,7795,86,65088,215,2373
120,6,351,7773,86,6416,215,1674
120,6,351,7749,86,63135,215,0858
120,6,351,7729,86,62256,215,0134
120,6,351,7708,86,61377,214,9458
120,6,351,7708,86,61377,214,9458
120,6,351,7686,86,60449,214,8701
120,6,351,7664,86,59473,214,7939
120,6,351,7644,86,58643,214,7271
120,6,351,7622,86,57764,214,6564
120,6,351,76,86,56787,214,5818
120,6,351,76,86,56787,214,5818
120,6,351,7581,86,55957,214,5156
120,6,351,7559,86,55029,214,4425
120,6,351,7537,86,5415,214,3701
120,6,351,7517,86,53223,214,2987
120,6,351,7495,86,52344,214,2283
120,6,351,7495,86,52344,214,2283
120,6,351,7471,86,51318,214,1459
120,6,351,7449,86,50391,214,0743
120,6,351,7429,86,49463,214,0007
120,6,351,7429,86,49463,214,0007
120,6,351,7429,86,49463,214,0007
120,6,351,7405,86,48535,213,9266
120,6,351,7405,86,48535,213,9266
120,6,351,7354,86,46338,213,7499
120,6,351,7329,86,45313,213,668
120,6,351,7307,86,44336,213,5931
120,6,351,7285,86,43408,213,5205
120,6,351,7285,86,43408,213,5205
120,6,351,7285,86,43408,213,5205
120,6,351,7263,86,4248,213,4451
120,6,351,7219,86,40674,213,3011
120,6,351,72,86,39746,213,229
120,6,351,72,86,39746,213,229
120,6,351,7175,86,38721,213,1477
120,6,351,7151,86,37744,213,0706
120,6,351,7131,86,36816,212,9977
120,6,351,7109,86,35889,212,9235
120,6,351,7087,86,3501,212,853
120,6,351,7087,86,3501,212,853
120,6,351,7068,86,34131,212,7843
120,6,351,7046,86,33252,212,712
120,6,351,7024,86,32275,212,6372
120,6,351,7004,86,31445,212,5685
120,6,351,7004,86,31445,212,5685
120,6,351,6982,86,30518,212,4969
120,6,351,6958,86,29541,212,4166
120,6,351,6934,86,28516,212,3352
120,6,351,6912,86,2749,212,2565
120,6,351,6912,86,2749,212,2565
120,6,351,689,86,26611,212,1873
120,6,351,687,86,25781,212,1204
120,6,351,6851,86,24951,212,0529
120,6,351,6831,86,24121,211,9875
120,6,351,6812,86,2334,211,9244
120,6,351,6792,86,22461,211,8582
120,6,351,677,86,21582,211,787
120,6,351,677,86,21582,211,787
120,6,351,675,86,20703,211,7164
120,6,351,6729,86,19824,211,6458
120,6,351,6707,86,18896,211,5723
120,6,351,6687,86,18018,211,5054
120,6,351,6665,86,1709,211,4324
120,6,351,6665,86,1709,211,4324
120,6,351,6643,86,16162,211,3586
120,6,351,6621,86,15234,211,2844
120,6,351,6602,86,14355,211,2128
120,6,351,658,86,13477,211,1423
120,6,351,656,86,12598,211,0736
120,6,351,656,86,12598,211,0736
120,6,351,6538,86,1167,211,0015
120,6,351,6516,86,10742,210,9265
120,6,351,6492,86,09717,210,8436
120,6,351,647,86,08789,210,7703
120,6,351,6448,86,0791,210,7012
120,6,351,6448,86,0791,210,7012
120,6,351,6431,86,0708,210,6366
120,6,351,6409,86,0625,210,5698
120,6,351,6389,86,05322,210,4955
120,6,351,6365,86,04297,210,4172
120,6,351,6365,86,04297,210,4172
120,6,351,6343,86,03369,210,3402
120,6,351,6318,86,02393,210,264
120,6,351,6296,86,01465,210,1897
120,6,351,6274,86,00537,210,116
120,6,351,6255,85,99707,210,0504
120,6,351,6238,85,98926,209,9884
120,6,351,6238,85,98926,209,9884
120,6,351,6218,85,98145,209,9255
120,6,351,6199,85,97266,209,8558
120,6,351,6174,85,96289,209,7782
120,6,351,6152,85,95313,209,7036
120,6,351,6133,85,94531,209,6385
120,6,351,6113,85,93701,209,573
120,6,351,6113,85,93701,209,573
120,6,351,6096,85,92871,209,5078
120,6,351,6074,85,91943,209,4357
120,6,351,6052,85,91016,209,3607
120,6,351,6033,85,90186,209,2937
120,6,351,6011,85,89307,209,2268
120,6,351,6011,85,89307,209,2268
120,6,351,5991,85,88477,209,1584
120,6,351,5969,85,87549,209,0854
120,6,351,595,85,86719,209,0186
120,6,351,594,85,86279,208,9856
120,6,351,5991,85,86133,208,9133
120,6,351,6042,85,85986,208,845
120,6,351,6091,85,85889,208,7759
120,6,351,6091,85,85889,208,7759
120,6,351,614,85,85742,208,7075
120,6,351,6189,85,85596,208,6416
120,6,351,624,85,85498,208,5688
120,6,351,6289,85,85352,208,5012
120,6,351,6333,85,85254,208,441
120,6,351,6377,85,85107,208,38
120,6,351,6428,85,84961,208,3076
120,6,351,6428,85,84961,208,3076
120,6,351,6479,85,84814,208,2373
120,6,351,6533,85,84717,208,1637
120,6,351,6584,85,8457,208,093
120,6,351,6633,85,84424,208,0253
120,6,351,6682,85,84277,207,9569
120,6,351,6729,85,8418,207,8904
120,6,351,678,85,84033,207,8198
120,6,351,678,85,84033,207,8198
120,6,351,6829,85,83887,207,7526
120,6,351,6882,85,8374,207,6791
120,7,351,6882,85,8374,207,6791
120,7,351,6882,85,8374,207,6791
120,7,351,6882,85,8374,207,6791
120,7,351,6882,85,8374,207,6791
120,7,351,6936,85,83594,207,6053
120,7,351,7151,85,83057,207,3063
120,7,351,7205,85,8291,207,2296
120,7,351,7253,85,82764,207,1643
120,7,351,73,85,82617,207,099
120,7,351,73,85,82617,207,099
120,7,351,7346,85,8252,207,0348
120,7,351,74,85,82373,206,9603
120,7,351,7446,85,82227,206,8948
120,7,351,7495,85,82129,206,828
120,7,351,7544,85,81982,206,7601
120,7,351,759,85,81885,206,6973
120,7,351,7637,85,81738,206,6329
120,7,351,7683,85,81592,206,5662
120,7,351,7683,85,81592,206,5662
120,7,351,7734,85,81494,206,4972
120,7,351,7781,85,81348,206,432
120,7,351,7834,85,81201,206,3588
120,7,351,7881,85,81104,206,2927
120,7,351,793,85,80957,206,2249
120,7,351,7981,85,80811,206,1554
120,7,351,8027,85,80713,206,0905
120,7,351,8074,85,80566,206,0244
120,7,351,8074,85,80566,206,0244
120,7,351,8123,85,8042,205,9574
120,7,351,8174,85,80322,205,8882
120,7,351,8223,85,80176,205,8199
120,7,351,8274,85,80029,205,7466
120,7,351,8328,85,79883,205,6748
120,7,351,8328,85,79883,205,6748
120,7,351,8376,85,79785,205,6055
120,7,351,8428,85,79639,205,5337
120,7,351,8484,85,79492,205,4586
120,7,351,853,85,79346,205,3932
120,7,351,8579,85,79199,205,3237
120,7,351,863,85,79102,205,2537
120,7,351,863,85,79102,205,2537
120,7,351,8679,85,78955,205,1841
120,7,351,8733,85,78809,205,1097
120,7,351,8782,85,78662,205,0422
120,7,351,8831,85,78564,204,9753
120,7,351,8879,85,78418,204,9064
120,7,351,8931,85,78271,204,8385
120,7,351,8979,85,78125,204,7688
120,7,351,8979,85,78125,204,7688
120,7,351,9023,85,78027,204,7072
120,7,351,9075,85,77881,204,6357
120,7,351,9128,85,77734,204,5627
120,7,351,9175,85,77637,204,4973
120,7,351,9226,85,7749,204,4264
120,7,351,9277,85,77344,204,3552
120,7,351,9277,85,77344,204,3552
120,7,351,9326,85,77246,204,2889
120,7,351,9377,85,771,204,2179
120,7,351,9424,85,76953,204,1525
120,7,351,948,85,76807,204,0745
120,7,351,9531,85,7666,204,0042
120,7,351,9578,85,76563,203,9385
120,7,351,9629,85,76416,203,869
120,7,351,9675,85,7627,203,8026
120,7,351,9719,85,76172,203,7422
120,7,351,9763,85,76074,203,6831
120,7,351,9763,85,76074,203,6831
120,7,351,9805,85,75928,203,6243
120,7,351,9851,85,7583,203,5587
120,7,351,9907,85,75684,203,4818
120,7,351,9954,85,75537,203,4172
120,7,352,0005,85,75391,203,3458
120,7,352,0056,85,75293,203,2771
120,7,352,0056,85,75293,203,2771
120,7,352,0103,85,75146,203,2106
120,7,352,0154,85,75,203,1403
120,7,352,0203,85,74854,203,0718
120,7,352,0251,85,74756,203,0054
120,7,352,03,85,74609,202,9391
120,7,352,0347,85,74512,202,8726
120,7,352,0398,85,74365,202,8014
120,7,352,0444,85,74219,202,7389
120,7,352,0491,85,74121,202,6719
120,7,352,054,85,73975,202,6062
120,7,352,054,85,73975,202,6062
120,7,352,0583,85,73877,202,5444
120,7,352,0627,85,7373,202,4828
120,7,352,0679,85,73584,202,411
120,7,352,0725,85,73486,202,3464
120,7,352,0774,85,7334,202,281
120,7,352,0828,85,73193,202,2061
120,7,352,0872,85,73096,202,1445
120,7,352,0918,85,72949,202,0818
120,7,352,0964,85,72852,202,0159
120,7,352,0964,85,72852,202,0159
120,7,352,1013,85,72705,201,9502
120,7,352,106,85,72607,201,885
120,7,352,1111,85,72461,201,8137
120,7,352,1155,85,72314,201,7507
120,7,352,1204,85,72217,201,6842
120,7,352,1255,85,7207,201,6144
120,7,352,1306,85,71924,201,542
120,7,352,1306,85,71924,201,542
120,7,352,1355,85,71777,201,4729
120,7,352,1404,85,7168,201,4063
120,7,352,1453,85,71533,201,337
120,7,352,1504,85,71387,201,2684
120,7,352,155,85,71289,201,2017
120,7,352,1597,85,71143,201,1377
120,7,352,1646,85,70996,201,0706
120,7,352,1692,85,70898,201,0063
120,7,352,1692,85,70898,201,0063
120,7,352,1743,85,70752,200,9371
120,7,352,1792,85,70605,200,8679
120,7,352,1843,85,70508,200,7981
120,7,352,189,85,70361,200,7327
120,7,352,1938,85,70215,200,6659
120,7,352,199,85,70117,200,5957
120,7,352,2039,85,69971,200,5273
120,7,352,2085,85,69824,200,4607
120,7,352,2085,85,69824,200,4607
120,7,352,2134,85,69727,200,3955
120,7,352,218,85,6958,200,3292
120,7,352,2231,85,69434,200,2585
120,7,352,2283,85,69336,200,188
120,7,352,2327,85,69189,200,1248
120,7,352,2375,85,69043,200,0577
120,7,352,2432,85,68896,199,9805
120,7,352,2478,85,68799,199,9176
120,7,352,2478,85,68799,199,9176
120,7,352,2524,85,68652,199,8535
120,7,352,2571,85,68555,199,7876
120,7,352,2625,85,68408,199,7145
120,7,352,2671,85,68262,199,65
120,7,352,272,85,68164,199,5808
120,7,352,2766,85,68018,199,5181
120,7,352,2805,85,6792,199,4622
120,7,352,2849,85,67822,199,4016
120,7,352,2896,85,67676,199,3378
120,7,352,2942,85,67529,199,2717
120,7,352,2988,85,67432,199,2075
120,7,352,3037,85,67285,199,141
120,7,352,3037,85,67285,199,141
120,7,352,3086,85,67188,199,0747
120,7,352,3132,85,67041,199,0083
120,7,352,3181,85,66895,198,9403
120,7,352,3232,85,66748,198,8688
120,7,352,3284,85,6665,198,7993
120,7,352,3333,85,66504,198,7328
120,7,352,3376,85,66406,198,6687
120,7,352,3376,85,66406,198,6687
120,7,352,3428,85,6626,198,5996
120,7,352,3477,85,66113,198,531
120,7,352,3533,85,65967,198,4537
120,7,352,3584,85,6582,198,3832
120,7,352,363,85,65723,198,3193
120,7,352,3677,85,65576,198,2537
120,7,352,3726,85,6543,198,1851
120,7,352,3726,85,6543,198,1851
120,7,352,3772,85,65332,198,12
120,7,352,3823,85,65186,198,0502
120,7,352,3875,85,65039,197,9775
120,7,352,3921,85,64941,197,9144
120,7,352,397,85,64795,197,8479
120,7,352,4019,85,64648,197,7798
120,7,352,4063,85,64551,197,7179
120,7,352,4063,85,64551,197,7179
120,7,352,4111,85,64404,197,6495
120,7,352,4165,85,64258,197,5768
120,7,352,4221,85,64111,197,499
120,7,352,4265,85,64014,197,4362
120,7,352,4314,85,63867,197,3702
120,7,352,4368,85,63721,197,2946
120,7,352,4417,85,63623,197,2274
120,7,352,4417,85,63623,197,2274
120,7,352,4463,85,63477,197,1633
120,7,352,4514,85,6333,197,0911
120,7,352,4568,85,63184,197,0183
120,7,352,4614,85,63086,196,953
120,7,352,4661,85,62939,196,8877
120,7,352,4712,85,62793,196,8177
120,7,352,4712,85,62793,196,8177
120,7,352,4761,85,62695,196,7489
120,7,352,4812,85,62549,196,6793
120,7,352,4861,85,62402,196,611
120,7,352,491,85,62305,196,5447
120,7,352,4958,85,62158,196,4768
120,7,352,5002,85,62012,196,4131
120,7,352,5051,85,61914,196,3455
120,7,352,5098,85,61768,196,2828
120,7,352,5098,85,61768,196,2828
120,7,352,5149,85,6167,196,2123
120,7,352,52,85,61523,196,1401
120,7,352,5247,85,61377,196,076
120,7,352,5291,85,61279,196,0161
120,7,352,5334,85,61133,195,9536
120,7,352,5386,85,61035,195,8826
120,7,352,5435,85,60889,195,8165
120,7,352,5479,85,60742,195,754
120,7,352,553,85,60645,195,6821
120,7,352,5583,85,60498,195,6082
120,7,352,5583,85,60498,195,6082
120,7,352,563,85,60352,195,5439
120,7,352,5681,85,60205,195,475
120,7,352,5728,85,60107,195,4078
120,7,352,5776,85,59961,195,3407
120,7,352,5828,85,59814,195,272
120,7,352,5874,85,59717,195,2063
120,7,352,592,85,5957,195,1423
120,7,352,5967,85,59473,195,0781
120,7,352,6011,85,59326,195,0149
120,7,352,6011,85,59326,195,0149
120,7,352,606,85,59229,194,9487
120,7,352,6108,85,59082,194,8805
120,7,352,6157,85,58936,194,8118
120,7,352,6206,85,58838,194,7455
120,7,352,6252,85,58691,194,6804
120,7,352,6301,85,58545,194,6139
120,7,352,635,85,58447,194,5469
120,7,352,6394,85,58301,194,484
120,7,352,6394,85,58301,194,484
120,7,352,6445,85,58203,194,4131
120,7,352,6494,85,58057,194,3462
120,7,352,6543,85,5791,194,2778
120,7,352,6594,85,57764,194,208
120,7,352,6641,85,57666,194,1437
120,7,352,6687,85,5752,194,0793
120,7,352,6731,85,57422,194,0157
120,7,352,678,85,57275,193,9506
120,7,352,6824,85,57178,193,8895
120,7,352,6868,85,57031,193,8289
120,7,352,6914,85,56934,193,7639
120,7,352,6965,85,56787,193,6934
120,7,352,7009,85,56689,193,6298
120,7,352,7009,85,56689,193,6298
120,7,352,7053,85,56543,193,5706
120,7,352,7104,85,56396,193,4995
120,7,352,7153,85,56299,193,4301
120,7,352,72,85,56152,193,3666
120,7,352,7244,85,56055,193,3052
120,7,352,7292,85,55908,193,2388
120,7,352,7336,85,55811,193,1758
120,7,352,739,85,55664,193,1034
120,7,352,7439,85,55518,193,0364
120,7,352,7439,85,55518,193,0364
120,7,352,7483,85,5542,192,9739
120,7,352,7532,85,55273,192,9063
120,7,352,7581,85,55127,192,8401
120,7,352,7627,85,55029,192,7734
120,7,352,7671,85,54883,192,7137
120,7,352,7727,85,54736,192,637
120,7,352,7771,85,54639,192,5728
120,7,352,782,85,54492,192,5066
120,7,352,7864,85,54395,192,4447
120,7,352,791,85,54248,192,3816
120,7,352,7954,85,5415,192,3193
120,7,352,7954,85,5415,192,3193
120,7,352,8,85,54004,192,2555
120,7,352,8047,85,53906,192,1923
120,7,352,8093,85,5376,192,1257
120,7,352,814,85,53662,192,0642
120,7,352,8186,85,53516,191,9995
120,7,352,823,85,53418,191,9392
120,7,352,8274,85,53271,191,8773
120,7,352,8318,85,53174,191,8146
120,7,352,8364,85,53027,191,7518
120,7,352,8411,85,5293,191,6868
120,7,352,8457,85,52783,191,6216
120,7,352,8503,85,52686,191,5585
120,7,352,8547,85,52539,191,4968
120,7,352,8594,85,52441,191,433
120,7,352,864,85,52295,191,3671
120,7,352,8689,85,52197,191,303
120,7,352,8735,85,52051,191,2374
120,7,352,8735,85,52051,191,2374
120,7,352,8779,85,51953,191,1754
120,7,352,8826,85,51807,191,1132
120,7,352,8877,85,5166,191,0403
120,7,352,8923,85,51563,190,9773
120,7,352,897,85,51416,190,912
120,7,352,9016,85,51318,190,8473
120,7,352,9063,85,51172,190,7839
120,7,352,9111,85,51025,190,7157
120,7,352,9138,85,50977,190,6781
120,7,352,9275,85,51514,190,6167
120,7,352,9421,85,521,190,5519
120,7,352,9421,85,521,190,5519
120,7,352,9561,85,52637,190,4901
120,7,352,97,85,53223,190,4282
120,7,352,9846,85,53809,190,3635
120,7,352,9983,85,54346,190,3024
120,7,353,012,85,54883,190,2406
120,7,353,0254,85,5542,190,1816
120,7,353,0393,85,55957,190,1193
120,7,353,053,85,56494,190,0586
120,7,353,0664,85,57031,189,999
120,7,353,0803,85,57617,189,937
120,7,353,0945,85,58154,189,8734
120,7,353,1091,85,5874,189,8091
120,7,353,124,85,59326,189,7424
120,7,353,1372,85,59863,189,684
120,7,353,1372,85,59863,189,684
120,7,353,1528,85,60498,189,6145
120,7,353,1665,85,61035,189,5535
120,7,353,1821,85,6167,189,4836
120,7,353,1963,85,62207,189,4205
120,7,353,2104,85,62793,189,3574
120,7,353,2249,85,6333,189,2936
120,7,353,239,85,63916,189,2299
120,7,353,2537,85,64502,189,1653
120,7,353,269,85,65088,189,097
120,7,353,269,85,65088,189,097
120,7,353,2834,85,65674,189,0325
120,7,353,2988,85,66309,188,9645
120,7,353,3135,85,66895,188,899
120,7,353,3276,85,67432,188,8359
120,7,353,3428,85,68066,188,7681
120,7,353,3572,85,68604,188,704
120,7,353,3716,85,69189,188,6403
120,7,353,3855,85,69727,188,578
120,7,353,3855,85,69727,188,578
120,7,353,4001,85,70313,188,5129
120,7,353,4158,85,70947,188,443
120,8,353,4158,85,70947,188,443
120,8,353,4309,85,71533,188,3761
120,8,353,4619,85,72803,188,2383
120,8,353,4619,85,72803,188,2383
120,8,353,4785,85,73438,188,1646
120,8,353,4937,85,74023,188,0972
120,8,353,5068,85,74561,188,0377
120,8,353,5208,85,75146,187,9757
120,8,353,5364,85,75732,187,9066
120,8,353,551,85,76318,187,8416
120,8,353,5659,85,76904,187,7751
120,8,353,5798,85,7749,187,7126
120,8,353,5935,85,78027,187,6522
120,8,353,6074,85,78564,187,5903
120,8,353,6221,85,7915,187,5247
120,8,353,6221,85,7915,187,5247
120,8,353,637,85,79736,187,4591
120,8,353,6523,85,80371,187,3904
120,8,353,6677,85,80957,187,3218
120,8,353,6829,85,81543,187,2549
120,8,353,6973,85,82129,187,1903
120,8,353,7119,85,82715,187,1252
120,8,353,7261,85,83301,187,0621
120,8,353,7261,85,83301,187,0621
120,8,353,7415,85,83887,186,9934
120,8,353,7561,85,84473,186,928
120,8,353,7742,85,85205,186,8475
120,8,353,7742,85,85205,186,8475
120,8,353,791,85,85889,186,7734
120,8,353,8083,85,86572,186,696
120,8,353,8269,85,87305,186,6133
120,8,353,8418,85,87891,186,5471
120,8,353,8557,85,88428,186,4851
120,8,353,8701,85,89014,186,4205
120,8,353,8701,85,89014,186,4205
120,8,353,8855,85,89648,186,3525
120,8,353,9011,85,90234,186,2826
120,8,353,9155,85,9082,186,2185
120,8,353,9299,85,91406,186,155
120,8,353,9441,85,91943,186,0918
120,8,353,9585,85,92529,186,0273
120,8,353,9736,85,93164,185,9597
120,8,353,988,85,93701,185,8958
120,8,353,988,85,93701,185,8958
120,8,354,0029,85,94287,185,83
120,8,354,0193,85,94971,185,7568
120,8,354,0371,85,95654,185,6774
120,8,354,0515,85,9624,185,6138
120,8,354,0659,85,96826,185,5491
120,8,354,0659,85,96826,185,5491
120,8,354,0808,85,97412,185,4823
120,8,354,0962,85,97998,185,4148
120,8,354,1113,85,98633,185,3473
120,8,354,1262,85,99219,185,281
120,8,354,1411,85,99805,185,2144
120,8,354,1555,86,00391,185,1498
120,8,354,1711,86,00977,185,0812
120,8,354,1851,86,01563,185,019
120,8,354,1851,86,01563,185,019
120,8,354,2004,86,02148,184,9502
120,8,354,2153,86,02734,184,8843
120,8,354,23,86,0332,184,8191
120,8,354,2432,86,03857,184,7596
120,8,354,2563,86,04395,184,7015
120,8,354,269,86,04883,184,6451
120,8,354,282,86,0542,184,5872
120,8,354,2964,86,05957,184,5232
120,8,354,3113,86,06543,184,4573
120,8,354,3257,86,07129,184,3923
120,8,354,3403,86,07715,184,3278
120,8,354,3547,86,08301,184,2629
120,8,354,3691,86,08887,184,1992
120,8,354,3831,86,09424,184,1372
120,8,354,3831,86,09424,184,1372
120,8,354,3967,86,09961,184,0759
120,8,354,4126,86,10596,184,0054
120,8,354,4272,86,11182,183,9404
120,8,354,4434,86,11816,183,8691
120,8,354,458,86,12402,183,8038
120,8,354,4731,86,12988,183,7361
120,8,354,4731,86,12988,183,7361
120,8,354,4885,86,13623,183,6672
120,8,354,5042,86,14258,183,5986
120,8,354,5188,86,14844,183,5327
120,8,354,5342,86,1543,183,4642
120,8,354,5491,86,16016,183,3983
120,8,354,5635,86,16602,183,3346
120,8,354,5776,86,17188,183,2708
120,8,354,5776,86,17188,183,2708
120,8,354,5923,86,17773,183,2058
120,8,354,6074,86,18359,183,1387
120,8,354,6218,86,18945,183,074
120,8,354,6367,86,19531,183,0081
120,8,354,6367,86,19531,183,0081
120,8,354,6511,86,20117,182,9437
120,8,354,675,86,21045,182,8374
120,8,354,6907,86,2168,182,7679
120,8,354,6907,86,2168,182,7679
120,8,354,7092,86,22412,182,6851
120,8,354,7278,86,23145,182,6024
120,8,354,7476,86,23926,182,5146
120,8,354,7476,86,23926,182,5146
120,8,354,7637,86,24561,182,4431
120,8,354,7803,86,25244,182,3685
120,8,354,7971,86,25928,182,2933
120,8,354,8123,86,26514,182,2269
120,8,354,8123,86,26514,182,2269
120,8,354,8274,86,271,182,1592
120,8,354,843,86,27734,182,0901
120,8,354,8589,86,28369,182,0187
120,8,354,8743,86,28955,181,9501
120,8,354,8894,86,2959,181,8826
120,8,354,8894,86,2959,181,8826
120,8,354,907,86,30273,181,8044
120,8,354,9219,86,30859,181,7385
120,8,354,9387,86,31543,181,6636
120,8,354,9536,86,32129,181,5974
120,8,354,9536,86,32129,181,5974
120,8,354,9705,86,32813,181,5219
120,8,354,9883,86,33496,181,4432
120,8,355,0042,86,34131,181,3723
120,8,355,0212,86,34814,181,2966
120,8,355,0376,86,35449,181,2236
120,8,355,0376,86,35449,181,2236
120,8,355,0522,86,36035,181,1586
120,8,355,0674,86,3667,181,0909
120,8,355,082,86,37207,181,026
120,8,355,0972,86,37842,180,9581
120,8,355,1123,86,38428,180,8911
120,8,355,1267,86,39014,180,8265
120,8,355,1431,86,39648,180,7542
120,8,355,1431,86,39648,180,7542
120,8,355,1567,86,40186,180,6926
120,8,355,1714,86,40771,180,6276
120,8,355,187,86,41406,180,5585
120,8,355,2009,86,41992,180,4958
120,8,355,2153,86,42529,180,4318
120,8,355,231,86,43164,180,3627
120,8,355,2446,86,43701,180,3015
120,8,355,2581,86,44238,180,2424
120,8,355,2734,86,44873,180,1733
120,8,355,2734,86,44873,180,1733
120,8,355,2878,86,4541,180,1099
120,8,355,302,86,45996,180,0468
120,8,355,3186,86,46631,179,972
120,8,355,3345,86,47266,179,9019
120,8,355,3486,86,47852,179,8384
120,8,355,3633,86,48438,179,7737
120,8,355,3767,86,48975,179,7137
120,8,355,3767,86,48975,179,7137
120,8,355,3911,86,49512,179,6495
120,8,355,4067,86,50146,179,5797
120,8,355,4211,86,50732,179,5164
120,8,355,4275,86,50977,179,4877
120,8,355,4563,86,52148,179,4277
120,8,355,4851,86,5332,179,3674
120,8,355,5134,86,54443,179,3082
120,8,355,5134,86,54443,179,3082
120,8,355,5435,86,55664,179,2457
120,8,355,5718,86,56836,179,1865
120,8,355,6001,86,57959,179,1272
120,8,355,6299,86,5918,179,0649
120,8,355,6582,86,60303,179,0059
120,8,355,6882,86,61523,178,9434
120,8,355,7195,86,62793,178,8777
120,8,355,7195,86,62793,178,8777
120,8,355,7488,86,64014,178,8167
120,8,355,7771,86,65137,178,7577
120,8,355,8057,86,66309,178,6979
120,8,355,8333,86,67432,178,6404
120,8,355,8616,86,68555,178,5813
120,8,355,8901,86,69727,178,5217
120,8,355,918,86,7085,178,4635
120,8,355,9448,86,71924,178,4075
120,8,355,9734,86,73096,178,3474
120,8,356,002,86,74268,178,2878
120,8,356,002,86,74268,178,2878
120,8,356,0303,86,75391,178,2288
120,8,356,0598,86,76611,178,1671
120,8,356,0886,86,77734,178,1072
120,8,356,1157,86,78857,178,0505
120,8,356,146,86,80078,177,9873
120,8,356,1729,86,81152,177,9313
120,8,356,2004,86,82275,177,8738
120,8,356,2292,86,83447,177,8135
120,8,356,2571,86,8457,177,7555
120,8,356,2571,86,8457,177,7555
120,8,356,2844,86,85693,177,6982
120,8,356,3132,86,86865,177,6377
120,8,356,3416,86,87988,177,579
120,8,356,3689,86,89111,177,5215
120,8,356,4021,86,90479,177,4523
120,8,356,4302,86,91602,177,3937
120,8,356,4612,86,92822,177,3292
120,8,356,4612,86,92822,177,3292
120,8,356,4897,86,93994,177,2695
120,8,356,5173,86,95117,177,2117
120,8,356,5471,86,96338,177,1494
120,8,356,5757,86,9751,177,0898
120,8,356,6033,86,98584,177,0323
120,8,356,6323,86,99756,176,9717
120,8,356,6599,87,00879,176,9142
120,8,356,6868,87,02002,176,8577
120,8,356,7158,87,03174,176,7974
120,8,356,7158,87,03174,176,7974
120,8,356,7437,87,04297,176,7389
120,8,356,7722,87,05469,176,6793
120,8,356,8005,87,06592,176,6204
120,8,356,8286,87,07715,176,5618
120,8,356,8562,87,08838,176,5042
120,8,356,8877,87,10107,176,4384
120,8,356,9153,87,1123,176,3805
120,8,356,9434,87,12402,176,3219
120,8,356,9707,87,13477,176,265
120,8,356,9707,87,13477,176,265
120,8,356,9983,87,146,176,2074
120,8,357,0266,87,15771,176,1482
120,8,357,0549,87,16895,176,0889
120,8,357,0825,87,18018,176,0316
120,8,357,1096,87,19092,175,975
120,8,357,137,87,20215,175,9178
120,8,357,1672,87,21436,175,8544
120,8,357,1943,87,22559,175,7979
120,8,357,2214,87,23633,175,7413
120,8,357,2522,87,24902,175,677
120,8,357,2522,87,24902,175,677
120,8,357,28,87,26025,175,6189
120,8,357,3074,87,27148,175,5619
120,8,357,3386,87,28369,175,4969
120,8,357,3655,87,29492,175,4406
120,8,357,3926,87,30566,175,3838
120,8,357,4233,87,31836,175,3199
120,8,357,4497,87,3291,175,2649
120,8,357,4756,87,33936,175,2108
120,8,357,5044,87,35107,175,1505
120,8,357,5315,87,36182,175,094
120,8,357,5593,87,37305,175,0359
120,8,357,5593,87,37305,175,0359
120,8,357,5867,87,38428,174,9785
120,8,357,6155,87,396,174,9187
120,8,357,6433,87,40723,174,8602
120,8,357,6716,87,41895,174,8013
120,8,357,6997,87,43018,174,7428
120,8,357,7278,87,44141,174,684
120,8,357,7561,87,45313,174,625
120,8,357,7837,87,46436,174,5673
120,8,357,8118,87,47559,174,5085
120,8,357,8396,87,48682,174,4507
120,8,357,8672,87,49805,174,3929
120,8,357,8672,87,49805,174,3929
120,8,357,8938,87,50879,174,3375
120,8,357,9214,87,52002,174,2797
120,8,357,9502,87,53174,174,2196
120,9,357,98,87,54395,174,1572
120,9,358,0081,87,55518,174,0986
120,9,358,0347,87,56592,174,0431
120,9,358,0645,87,57813,173,9807
120,9,358,0928,87,58936,173,922
120,9,358,1194,87,6001,173,8665
120,9,358,1467,87,61133,173,8093
120,9,358,1467,87,61133,173,8093
120,9,358,1743,87,62256,173,7513
120,9,358,2036,87,63428,173,6902
120,9,358,2366,87,64746,173,6215
120,9,358,2639,87,65869,173,5642
120,9,358,2917,87,66992,173,5063
120,9,358,322,87,68213,173,4432
120,9,358,3499,87,69336,173,3848
120,9,358,3499,87,69336,173,3848
120,9,358,3772,87,70459,173,3275
120,9,358,4053,87,71582,173,269
120,9,358,4341,87,72754,173,2089
120,9,358,4629,87,73926,173,1488
120,9,358,491,87,75049,173,0903
120,9,358,5203,87,7627,173,0288
120,9,358,5479,87,77344,172,9717
120,9,358,575,87,78467,172,9147
120,9,358,6035,87,79639,172,8551
120,9,358,6309,87,80713,172,7981
120,9,358,6309,87,80713,172,7981
120,9,358,6589,87,81885,172,7395
120,9,358,688,87,83057,172,6787
120,9,358,7166,87,8418,172,6193
120,9,358,7446,87,85352,172,5604
120,9,358,7737,87,86523,172,4996
120,9,358,8,87,87598,172,4451
120,9,358,8291,87,8877,172,384
120,9,358,8574,87,89893,172,325
120,9,358,884,87,90967,172,2694
120,9,358,9094,87,91992,172,2166
120,9,358,9341,87,93018,172,165
120,9,358,9597,87,94043,172,1111
120,9,358,9597,87,94043,172,1111
120,9,358,9873,87,95166,172,0537
120,9,359,0176,87,96387,171,9904
120,9,359,0471,87,97607,171,9288
120,9,359,0745,87,9873,171,8715
120,9,359,1033,87,99854,171,8113
120,9,359,1321,88,01025,171,7517
120,9,359,1592,88,02148,171,6946
120,9,359,1865,88,03223,171,6379
120,9,359,2163,88,04443,171,5757
120,9,359,2163,88,04443,171,5757
120,9,359,2456,88,05615,171,5144
120,9,359,2729,88,06738,171,457
120,9,359,301,88,07861,171,3989
120,9,359,3296,88,09033,171,3391
120,9,359,3564,88,10107,171,283
120,9,359,3813,88,11133,171,2307
120,9,359,4082,88,12207,171,1749
120,9,359,4392,88,13477,171,1101
120,9,359,4683,88,14648,171,0493
120,9,359,4958,88,15771,170,9919
120,9,359,4958,88,15771,170,9919
120,9,359,5271,88,17041,170,9268
120,9,359,5552,88,18164,170,8678
120,9,359,5837,88,19336,170,8082
120,9,359,6106,88,2041,170,7521
120,9,359,6382,88,21533,170,6947
120,9,359,6643,88,22607,170,6396
120,9,359,6914,88,23682,170,5834
120,9,359,7192,88,24805,170,5251
120,9,359,7471,88,25928,170,467
120,9,359,7734,88,27002,170,4119
120,9,359,801,88,28125,170,3544
120,9,359,8225,88,29004,170,3096
120,9,359,8225,88,29004,170,3096
120,9,359,8521,88,29932,170,2521
120,9,359,8826,88,30908,170,1932
120,9,359,9124,88,31836,170,1353
120,9,359,9409,88,32764,170,0796
120,9,359,9707,88,33691,170,0219
120,9,360,0002,88,34619,169,9646
120,9,360,0295,88,35547,169,9078
120,9,360,0593,88,36523,169,8499
120,9,360,0874,88,37402,169,7954
120,9,360,1179,88,38379,169,7358
120,9,360,1179,88,38379,169,7358
120,9,360,1519,88,39453,169,67
120,9,360,1826,88,4043,169,6105
120,9,360,2124,88,41357,169,5526
120,9,360,2437,88,42383,169,4921
120,9,360,2732,88,43311,169,4348
120,9,360,302,88,44238,169,3789
120,9,360,3301,88,45117,169,3243
120,9,360,3579,88,45996,169,2703
120,9,360,3875,88,46924,169,2126
120,9,360,4172,88,47852,169,1553
120,9,360,446,88,48779,169,0992
120,9,360,446,88,48779,169,0992
120,9,360,4756,88,49707,169,042
120,9,360,5081,88,50732,168,9786
120,9,360,5378,88,51709,168,9208
120,9,360,5671,88,52637,168,8639
120,9,360,5967,88,53564,168,8068
120,9,360,6252,88,54492,168,7511
120,9,360,6538,88,55371,168,6957
120,9,360,6865,88,56396,168,6322
120,9,360,7161,88,57373,168,5751
120,9,360,7449,88,58252,168,5188
120,9,360,7449,88,58252,168,5188
120,9,360,7776,88,59326,168,4552
120,9,360,8074,88,60254,168,3978
120,9,360,8428,88,61377,168,3287
120,9,360,8706,88,62256,168,275
120,9,360,8967,88,63086,168,2241
120,9,360,9329,88,64258,168,1538
120,9,360,9639,88,65234,168,0938
120,9,360,9922,88,66113,168,0388
120,9,361,021,88,67041,167,983
120,9,361,0496,88,6792,167,9274
120,9,361,0496,88,6792,167,9274
120,9,361,0786,88,68848,167,8712
120,9,361,1094,88,69824,167,8115
120,9,361,1387,88,70752,167,7545
120,9,361,1692,88,71729,167,6951
120,9,361,1985,88,72656,167,6382
120,9,361,229,88,73633,167,579
120,9,361,2581,88,74561,167,5227
120,9,361,2874,88,75488,167,4656
120,9,361,3176,88,76465,167,4069
120,9,361,3176,88,76465,167,4069
120,9,361,3481,88,77393,167,3479
120,9,361,3792,88,78369,167,2877
120,9,361,4116,88,79395,167,2246
120,9,361,4407,88,80322,167,1682
120,9,361,4697,88,8125,167,1117
120,9,361,5017,88,82275,167,0498
120,9,361,5303,88,83203,166,9941
120,9,361,5605,88,84131,166,9354
120,9,361,5605,88,84131,166,9354
120,9,361,5933,88,85205,166,8718
120,9,361,623,88,86133,166,814
120,9,361,6565,88,87207,166,7493
120,9,361,6873,88,88184,166,6897
120,9,361,7148,88,89063,166,6359
120,9,361,7473,88,90088,166,5729
120,9,361,7766,88,91016,166,5162
120,9,361,804,88,91846,166,4631
120,9,361,8323,88,92773,166,408
120,9,361,8616,88,93701,166,3508
120,9,361,8616,88,93701,166,3508
120,9,361,8911,88,94629,166,2937
120,9,361,8911,88,94629,166,2937
120,9,361,9226,88,95654,166,2324
120,9,361,9927,88,97852,166,0967
120,9,362,0251,88,98877,166,0333
120,9,362,0251,88,98877,166,0333
120,9,362,0559,88,99854,165,9739
120,9,362,0857,89,00781,165,916
120,9,362,1172,89,01807,165,855
120,9,362,1499,89,02832,165,7914
120,9,362,1787,89,0376,165,7354
120,9,362,2102,89,04736,165,6741
120,9,362,2427,89,05811,165,6111
120,9,362,2708,89,06689,165,5565
120,9,362,2708,89,06689,165,5565
120,9,362,301,89,07617,165,4979
120,9,362,3318,89,08594,165,4384
120,9,362,3616,89,0957,165,3806
120,9,362,3901,89,10449,165,3248
120,9,362,4202,89,11426,165,2665
120,9,362,4485,89,12305,165,2117
120,9,362,479,89,13281,165,1526
120,9,362,5081,89,14209,165,0959
120,9,362,5352,89,15088,165,0433
120,9,362,5649,89,16016,164,9856
120,9,362,5972,89,17041,164,9229
120,9,362,625,89,1792,164,8688
120,9,362,6533,89,18799,164,8138
120,9,362,6819,89,19727,164,7583
120,9,362,6819,89,19727,164,7583
120,9,362,7092,89,20605,164,7054
120,9,362,7388,89,21533,164,6481
120,9,362,7681,89,22461,164,5912
120,9,362,7971,89,23389,164,5349
120,9,362,8286,89,24365,164,4739
120,9,362,8586,89,25342,164,4153
120,9,362,8877,89,2627,164,359
120,9,362,9165,89,27148,164,3031
120,9,362,9441,89,28027,164,2495
120,9,362,9746,89,29004,164,1904
120,9,363,0032,89,29932,164,135
120,9,363,032,89,30811,164,0791
120,9,363,0598,89,31738,164,0247
120,9,363,0874,89,32568,163,9714
120,9,363,1145,89,33447,163,9187
120,9,363,1436,89,34375,163,8624
120,9,363,1436,89,34375,163,8624
120,9,363,1719,89,35254,163,8074
120,9,363,1997,89,36133,163,7532
120,9,363,2302,89,37109,163,6938
120,9,363,2578,89,37988,163,6405
120,9,363,2844,89,38818,163,5886
120,9,363,311,89,39697,163,5371
120,9,363,3403,89,40625,163,4803
120,9,363,3516,89,40967,163,4585
120,9,363,3914,89,41992,163,4124
120,9,363,4353,89,43066,163,3618
120,9,363,4763,89,44092,163,3142
120,9,363,521,89,45215,163,2627
120,9,363,5632,89,46289,163,2139
120,9,363,5632,89,46289,163,2139
120,9,363,6047,89,47363,163,166
120,9,363,6785,89,49219,163,0808
120,9,363,7244,89,50342,163,0278
120,9,363,7656,89,51416,162,9801
120,9,363,7656,89,51416,162,9801
120,9,363,8079,89,5249,162,9312
120,9,363,8489,89,53516,162,8839
120,9,363,8921,89,5459,162,8341
120,9,363,9333,89,55615,162,7865
120,9,363,9739,89,56641,162,7395
120,9,364,0151,89,57666,162,6918
120,9,364,0579,89,58789,162,6423
120,9,364,1013,89,59863,162,5923
120,9,364,1438,89,60938,162,5432
120,9,364,1438,89,60938,162,5432
120,9,364,1902,89,62109,162,4897
120,9,364,2375,89,63281,162,4347
120,9,364,281,89,64404,162,3848
120,9,364,3228,89,6543,162,3364
120,9,364,3672,89,66553,162,2852
120,9,364,4172,89,67822,162,2272
120,9,364,4619,89,68945,162,1755
120,9,364,5027,89,69971,162,1285
120,9,364,5027,89,69971,162,1285
120,9,364,5422,89,70947,162,083
120,9,364,5859,89,7207,162,0325
120,9,364,6296,89,73193,161,9818
120,9,364,6704,89,74219,161,9347
120,9,364,7119,89,75244,161,887
120,9,364,7532,89,7627,161,8391
120,9,364,7952,89,77344,161,7905
120,9,364,8379,89,78418,161,7413
120,9,364,8806,89,79492,161,6919
120,9,364,9241,89,80566,161,6417
120,9,364,9241,89,80566,161,6417
120,9,364,969,89,81738,161,5897
120,9,365,0098,89,82764,161,5428
120,9,365,0542,89,83887,161,4915
120,9,365,0935,89,84863,161,446
120,9,365,1343,89,85889,161,3988
120,9,365,177,89,86963,161,3496
120,9,365,2178,89,87988,161,3024
120,9,365,2178,89,87988,161,3024
120,9,365,2588,89,89014,161,2549
120,9,365,343,89,91162,161,1576
120,10,365,3867,89,92236,161,1073
120,10,365,3867,89,92236,161,1073
120,10,365,4341,89,93457,161,0525
120,10,365,4758,89,94482,161,0043
120,10,365,5161,89,95508,160,9576
120,10,365,562,89,9668,160,9047
120,10,365,6047,89,97754,160,8555
120,10,365,6438,89,9873,160,8102
120,10,365,6846,89,99756,160,7631
120,10,365,7295,90,00879,160,7112
120,10,365,7729,90,02002,160,6609
120,10,365,7729,90,02002,160,6609
120,10,365,8174,90,03125,160,6096
120,10,365,8633,90,04248,160,5568
120,10,365,9072,90,05371,160,5059
120,10,365,9492,90,06445,160,4573
120,10,365,9912,90,07471,160,4089
120,10,366,0364,90,08643,160,3566
120,10,366,0784,90,09668,160,3082
120,10,366,1211,90,10742,160,2588
120,10,366,1619,90,11768,160,2117
120,10,366,1619,90,11768,160,2117
120,10,366,2083,90,12939,160,1581
120,10,366,2507,90,14014,160,1091
120,10,366,292,90,15039,160,0614
120,10,366,3398,90,1626,160,006
120,10,366,3826,90,17334,159,9565
120,10,366,4219,90,18311,159,9111
120,10,366,4651,90,19434,159,8613
120,10,366,5061,90,20459,159,814
120,10,366,5454,90,21436,159,7684
120,10,366,5879,90,2251,159,7195
120,10,366,5879,90,2251,159,7195
120,10,366,6326,90,23633,159,668
120,10,366,676,90,24756,159,6177
120,10,366,7195,90,2583,159,5673
120,10,366,761,90,26855,159,5195
120,10,366,8015,90,27881,159,4727
120,10,366,8464,90,29053,159,4208
120,10,366,8901,90,30127,159,3701
120,10,366,9324,90,31201,159,3215
120,10,366,9753,90,32275,159,2717
120,10,367,0208,90,33398,159,2194
120,10,367,0208,90,33398,159,2194
120,10,367,0615,90,34473,159,1721
120,10,367,1023,90,35498,159,1252
120,10,367,1453,90,36572,159,0753
120,10,367,1868,90,37598,159,0275
120,10,367,2302,90,38721,158,9772
120,10,367,2693,90,39697,158,9323
120,10,367,3108,90,40723,158,8843
120,10,367,3521,90,41748,158,8365
120,10,367,3921,90,42773,158,7904
120,10,367,4338,90,43848,158,7419
120,10,367,4731,90,44824,158,6967
120,10,367,5127,90,45801,158,6511
120,10,367,5574,90,46924,158,5994
120,10,367,5964,90,47949,158,5542
120,10,367,6355,90,48926,158,509
120,10,367,6785,90,5,158,4594
120,10,367,6785,90,5,158,4594
120,10,367,7188,90,51025,158,4131
120,10,367,7639,90,52148,158,3608
120,10,367,8096,90,5332,158,3081
120,10,367,8511,90,54346,158,26
120,10,367,8899,90,55322,158,2152
120,10,367,9312,90,56348,158,1675
120,10,367,9709,90,57373,158,1216
120,10,368,011,90,58398,158,0752
120,10,368,0544,90,59473,158,0251
120,10,368,0935,90,60449,157,98
120,10,368,1375,90,61572,157,9291
120,10,368,179,90,62598,157,8813
120,10,368,2146,90,63525,157,8398
120,10,368,2517,90,64453,157,7972
120,10,368,2881,90,65332,157,7551
120,10,368,3359,90,66553,157,7
120,10,368,3777,90,67627,157,6517
120,10,368,3777,90,67627,157,6517
120,10,368,4155,90,68555,157,6079
120,10,368,4585,90,69629,157,5583
120,10,368,5,90,70703,157,5103
120,10,368,5427,90,71777,157,4611
120,10,368,5828,90,72803,157,4146
120,10,368,6233,90,73779,157,368
120,10,368,6301,90,73975,157,36
120,10,368,6685,90,75732,157,3127
120,10,368,7058,90,77393,157,2667
120,10,368,7446,90,79199,157,2186
120,10,368,7852,90,81055,157,1687
120,10,368,821,90,82666,157,1245
120,10,368,8579,90,84326,157,079
120,10,368,895,90,86035,157,0331
120,10,368,9314,90,87695,156,9883
120,10,368,9678,90,89355,156,9434
120,10,369,0078,90,91162,156,894
120,10,369,0486,90,93018,156,8436
120,10,369,0854,90,94678,156,7981
120,10,369,1233,90,96436,156,7515
120,10,369,1616,90,98145,156,7041
120,10,369,1616,90,98145,156,7041
120,10,369,2,90,99902,156,657
120,10,369,2371,91,01611,156,6112
120,10,369,2761,91,03369,156,563
120,10,369,312,91,05029,156,5186
120,10,369,3508,91,06787,156,4708
120,10,369,3879,91,08447,156,4249
120,10,369,4258,91,10205,156,3783
120,10,369,4668,91,12061,156,3278
120,10,369,5042,91,1377,156,2815
120,10,369,5408,91,1543,156,2363
120,10,369,5786,91,17139,156,1897
120,10,369,6165,91,18848,156,1431
120,10,369,6541,91,20557,156,0966
120,10,369,6907,91,22217,156,0515
120,10,369,7283,91,23975,156,0049
120,10,369,7661,91,25684,155,9584
120,10,369,8052,91,27441,155,9103
120,10,369,8425,91,2915,155,864
120,10,369,8823,91,30957,155,8151
120,10,369,9185,91,32617,155,7703
120,10,369,9553,91,34277,155,7249
120,10,369,9966,91,36182,155,674
120,10,369,9966,91,36182,155,674
120,10,370,0337,91,37842,155,6283
120,10,370,0725,91,39648,155,5802
120,10,370,1101,91,41309,155,5339
120,10,370,1479,91,43066,155,4873
120,10,370,1863,91,44775,155,4402
120,10,370,2229,91,46484,155,3948
120,10,370,2615,91,48242,155,3472
120,10,370,2991,91,49951,155,3007
120,11,370,3372,91,5166,155,2539
120,11,370,3757,91,53418,155,2062
120,11,370,4131,91,55127,155,1602
120,11,370,4497,91,56787,155,1151
120,11,370,4871,91,58496,155,069
120,11,370,5234,91,60156,155,024
120,11,370,5625,91,61914,154,9758
120,11,370,6045,91,63818,154,924
120,11,370,6431,91,65576,154,8765
120,11,370,6821,91,67383,154,8281
120,11,370,72,91,69092,154,7815
120,11,370,759,91,7085,154,7333
120,11,370,759,91,7085,154,7333
120,11,370,7983,91,72656,154,6848
120,11,370,8352,91,74316,154,6393
120,11,370,874,91,76123,154,5914
120,11,370,9163,91,78027,154,5394
120,11,370,9521,91,79639,154,495
120,11,370,9902,91,81396,154,4482
120,11,371,0261,91,83008,154,4038
120,11,371,0625,91,84668,154,3589
120,11,371,1021,91,86475,154,3099
120,11,371,1406,91,88232,154,2626
120,11,371,1785,91,89941,154,2157
120,11,371,219,91,91797,154,1659
120,11,371,2563,91,93506,154,1196
120,11,371,2942,91,95215,154,0731
120,11,371,333,91,96973,154,0253
120,11,371,3687,91,98633,153,9811
120,11,371,405,92,00244,153,9364
120,11,371,4502,92,02344,153,8806
120,11,371,4502,92,02344,153,8806
120,11,371,4873,92,04004,153,8348
120,11,371,5254,92,05762,153,7876
120,11,371,5667,92,07617,153,7369
120,11,371,6069,92,09473,153,6873
120,11,371,6492,92,11377,153,6353
120,11,371,6887,92,13184,153,5862
120,11,371,7268,92,14893,153,5393
120,11,371,7654,92,1665,153,4917
120,11,371,8027,92,18359,153,4454
120,11,371,8401,92,20068,153,3994
120,11,371,8784,92,21826,153,3522
120,11,371,9185,92,23633,153,3029
120,11,371,9565,92,25391,153,2559
120,11,371,9941,92,271,153,2095
120,11,371,9941,92,271,153,2095
120,11,372,0315,92,2876,153,1635
120,11,372,0737,92,30713,153,1113
120,11,372,113,92,32471,153,0627
120,11,372,1509,92,34229,153,016
120,11,372,1909,92,36035,152,9666
120,11,372,2305,92,37842,152,9178
120,11,372,2688,92,396,152,8706
120,11,372,3093,92,41455,152,8204
120,11,372,3489,92,43213,152,7719
120,11,372,3657,92,43994,152,751
120,11,372,4014,92,46094,152,7052
120,11,372,4373,92,48193,152,6592
120,11,372,4741,92,50342,152,6117
120,11,372,5125,92,52588,152,5626
120,11,372,5125,92,52588,152,5626
120,11,372,5481,92,54639,152,5168
120,11,372,5862,92,56885,152,4678
120,11,372,6267,92,59277,152,4156
120,11,372,6641,92,61426,152,3677
120,11,372,7007,92,63574,152,3208
120,11,372,7397,92,65869,152,2706
120,11,372,7754,92,67969,152,2246
120,11,372,813,92,70166,152,1764
120,11,372,8521,92,72412,152,1262
120,11,372,8896,92,74609,152,0781
120,11,372,9258,92,76758,152,0315
120,11,372,9622,92,78857,151,9849
120,11,372,9622,92,78857,151,9849
120,11,372,9988,92,81006,151,9377
120,11,373,0361,92,83203,151,8898
120,11,373,0757,92,85498,151,8389
120,11,373,1133,92,87695,151,7908
120,11,373,1492,92,89795,151,7448
120,11,373,1851,92,91895,151,6985
120,11,373,2261,92,94287,151,6458
120,11,373,262,92,96387,151,6
120,11,373,2976,92,98486,151,5538
120,11,373,3347,93,00635,151,5063
120,11,373,3708,93,02783,151,46
120,11,373,4094,93,05029,151,4104
120,11,373,4478,93,07275,151,3612
120,11,373,4478,93,07275,151,3612
120,11,373,4846,93,09424,151,3137
120,11,373,5203,93,11523,151,2679
120,11,373,5586,93,13721,151,2188
120,11,373,5933,93,15771,151,1743
120,11,373,6328,93,18066,151,1235
120,11,373,6721,93,20361,151,0731
120,11,373,7068,93,22412,151,0283
120,11,373,7434,93,24561,150,9814
120,11,373,7832,93,26855,150,9303
120,11,373,8193,93,29004,150,884
120,11,373,8557,93,31104,150,837
120,11,373,8943,93,3335,150,7876
120,11,373,9319,93,35547,150,7394
120,11,373,9695,93,37744,150,691
120,11,374,0046,93,39844,150,6458
120,11,374,0046,93,39844,150,6458
120,11,374,0398,93,41895,150,6008
120,11,374,0767,93,44043,150,5533
120,11,374,1162,93,46338,150,5026
120,11,374,1575,93,48779,150,4496
120,11,374,1936,93,50879,150,4031
120,11,374,2292,93,5293,150,3574
120,11,374,2664,93,55127,150,3098
120,11,374,3015,93,57178,150,2645
120,11,374,3369,93,59277,150,219
120,11,374,374,93,61426,150,1715
120,11,374,4109,93,63574,150,1239
120,11,374,4465,93,65674,150,0781
120,11,374,4819,93,67725,150,0327
120,11,374,5188,93,69873,149,9855
120,11,374,5188,93,69873,149,9855
120,11,374,5586,93,72217,149,9342
120,11,374,5959,93,74414,149,8865
120,11,374,6328,93,76563,149,839
120,11,374,6702,93,78711,149,7911
120,11,374,7073,93,80908,149,7432
120,11,374,7439,93,83057,149,6963
120,11,374,781,93,85205,149,6488
120,12,374,8188,93,87451,149,6
120,12,374,8535,93,89453,149,5555
120,12,374,8894,93,91553,149,5094
120,12,374,925,93,93652,149,4637
120,12,374,9646,93,95947,149,4127
120,12,375,0022,93,98145,149,3646
120,12,375,0378,94,00244,149,3187
120,12,375,0776,94,02539,149,2677
120,12,375,1121,94,0459,149,2234
120,12,375,1121,94,0459,149,2234
120,12,375,1501,94,06787,149,1746
120,12,375,187,94,08936,149,1271
120,12,375,2229,94,11035,149,0811
120,12,375,2571,94,13037,149,037
120,12,375,2957,94,15332,148,9874
120,12,375,3335,94,17529,148,9391
120,12,375,3733,94,19824,148,8881
120,12,375,4097,94,21973,148,8411
120,12,375,4451,94,24023,148,7957
120,12,375,4807,94,26123,148,7498
120,12,375,5171,94,28271,148,7031
120,12,375,5549,94,30469,148,6545
120,12,375,5947,94,32813,148,6034
120,12,375,6338,94,35059,148,5533
120,12,375,6338,94,35059,148,5533
120,12,375,6689,94,37109,148,5081
120,12,375,7073,94,39404,148,4587
120,12,375,7451,94,41602,148,4104
120,12,375,781,94,43701,148,3643
120,12,375,8174,94,45801,148,3174
120,12,375,855,94,47998,148,2692
120,12,375,8926,94,50195,148,2209
120,12,375,9348,94,52686,148,1665
120,12,375,9348,94,52686,148,1665
120,12,375,9399,94,52979,148,16
120,12,375,9919,94,55225,148,1097
120,12,376,041,94,57324,148,062
120,12,376,0862,94,59277,148,0183
120,12,376,0862,94,59277,148,0183
120,12,376,1423,94,61719,147,9639
120,12,376,1904,94,63818,147,9171
120,12,376,238,94,65869,147,871
120,12,376,2849,94,67871,147,8254
120,12,376,3293,94,69775,147,7825
120,12,376,377,94,71826,147,7363
120,12,376,377,94,71826,147,7363
120,12,376,4287,94,74072,147,6862
120,12,376,4766,94,76123,147,6398
120,12,376,5212,94,78076,147,5963
120,12,376,5691,94,80127,147,5499
120,12,376,6155,94,82129,147,5049
120,12,376,6594,94,84033,147,4623
120,12,376,7029,94,85938,147,4202
120,12,376,7446,94,87744,147,3796
120,12,376,7859,94,89502,147,3397
120,12,376,8264,94,9126,147,3004
120,12,376,8264,94,9126,147,3004
120,12,376,8264,94,9126,147,3004
120,12,376,8264,94,9126,147,3004
120,12,376,8264,94,9126,147,3004
120,12,376,8674,94,93018,147,2605
120,12,376,8674,94,93018,147,2605
120,12,376,8674,94,93018,147,2605
120,12,377,0732,95,01904,147,061
120,12,377,0732,95,01904,147,061
120,12,377,2065,95,07666,146,9319
120,12,377,2661,95,10254,146,874
120,12,377,3179,95,12451,146,8239
120,12,377,3577,95,14209,146,7853
120,12,377,4026,95,16113,146,7417
120,12,377,4026,95,16113,146,7417
120,12,377,4456,95,17969,146,7
120,12,377,5337,95,21777,146,6146
120,12,377,5774,95,23682,146,5723
120,12,377,626,95,25781,146,5251
120,12,377,626,95,25781,146,5251
120,12,377,6675,95,27588,146,4847
120,12,377,71,95,29395,146,4436
120,12,377,7583,95,31494,146,3969
120,12,377,8003,95,33301,146,3561
120,12,377,845,95,35205,146,3129
120,12,377,8875,95,37061,146,2716
120,12,377,9326,95,39014,146,2278
120,12,377,9751,95,40869,146,1865
120,12,378,0264,95,43066,146,1368
120,12,378,0706,95,44971,146,0941
120,12,378,1116,95,46729,146,0542
120,12,378,1116,95,46729,146,0542
120,12,378,1565,95,48682,146,0107
120,12,378,2034,95,50684,145,9652
120,12,378,2458,95,52539,145,9241
120,12,378,2878,95,54346,145,8833
120,12,378,3296,95,56152,145,8429
120,12,378,3762,95,58154,145,7977
120,12,378,4182,95,59961,145,7571
120,12,378,4634,95,61914,145,7131
120,12,378,5051,95,63721,145,6727
120,12,378,5474,95,65576,145,6316
120,12,378,5923,95,6748,145,5881
120,12,378,5923,95,6748,145,5881
120,12,378,6394,95,69531,145,5425
120,12,378,6394,95,69531,145,5425
120,12,378,7336,95,73584,145,451
120,12,378,8015,95,76514,145,3853
120,12,378,8516,95,78711,145,3367
120,12,378,8965,95,80615,145,2931
120,12,378,938,95,82422,145,2529
120,12,378,9805,95,84277,145,2117
120,12,378,9805,95,84277,145,2117
120,12,379,0244,95,86133,145,1691
120,12,379,0684,95,88037,145,1266
120,12,379,0684,95,88037,145,1266
120,12,379,136,95,90967,145,0609
120,12,379,136,95,90967,145,0609
120,12,379,2273,95,94922,144,9724
120,12,379,2832,95,97314,144,9182
120,12,379,3296,95,99316,144,8732
120,12,379,3701,96,01074,144,8339
120,12,379,4116,96,02881,144,7936
120,13,379,4553,96,04736,144,7513
120,13,379,4983,96,06641,144,7095
120,13,379,5415,96,08496,144,6677
120,13,379,583,96,10254,144,6274
120,13,379,6223,96,11963,144,5892
120,13,379,668,96,13965,144,545
120,13,379,7178,96,16064,144,4968
120,13,379,759,96,17871,144,4568
120,13,379,8022,96,19727,144,4149
120,13,379,8428,96,21484,144,3756
120,13,379,8428,96,21484,144,3756
120,13,379,8877,96,23438,144,3319
120,13,379,9333,96,25391,144,2877
120,13,379,9761,96,27246,144,2463
120,13,380,0176,96,29053,144,2059
120,13,380,0588,96,30811,144,166
120,13,380,1033,96,32715,144,123
120,13,380,1033,96,32715,144,123
120,13,380,1033,96,32715,144,123
120,13,380,1033,96,32715,144,123
120,13,380,1033,96,32715,144,123
120,13,380,1511,96,34814,144,0767
120,13,380,1511,96,34814,144,0767
120,13,380,3567,96,43701,143,8772
120,13,380,4263,96,4668,143,8098
120,13,380,4851,96,49219,143,7527
120,13,380,541,96,51611,143,6985
120,13,380,5847,96,53516,143,6563
120,13,380,6226,96,55176,143,6194
120,13,380,6599,96,56787,143,583
120,13,380,6995,96,58496,143,5448
120,13,380,7402,96,60254,143,5052
120,13,380,7832,96,62109,143,4637
120,13,380,8242,96,63867,143,424
120,13,380,8672,96,65723,143,3823
120,13,380,9104,96,67578,143,3403
120,13,380,9104,96,67578,143,3403
120,13,380,9536,96,69434,143,2983
120,13,381,0012,96,71484,143,2522
120,13,381,0464,96,73438,143,2085
120,13,381,0898,96,75342,143,1664
120,13,381,1318,96,77148,143,1255
120,13,381,1733,96,78955,143,0854
120,13,381,1975,96,7998,143,0619
120,13,381,2566,96,80371,143,0275
120,13,381,3118,96,80762,142,9955
120,13,381,3611,96,81055,142,9669
120,13,381,4158,96,81445,142,9352
120,13,381,4685,96,81787,142,9045
120,13,381,5215,96,82129,142,8738
120,13,381,5776,96,8252,142,8411
120,13,381,6387,96,82959,142,8057
120,13,381,6387,96,82959,142,8057
120,13,381,6929,96,83301,142,7742
120,13,381,7568,96,8374,142,7371
120,13,381,8147,96,84131,142,7034
120,13,381,8716,96,84473,142,6704
120,13,381,9268,96,84863,142,6382
120,13,381,9812,96,85254,142,6067
120,13,382,0354,96,85596,142,5752
120,13,382,0928,96,85986,142,5419
120,13,382,1462,96,86328,142,5109
120,13,382,1462,96,86328,142,5109
120,13,382,1462,96,86328,142,5109
120,13,382,1462,96,86328,142,5109
120,13,382,1462,96,86328,142,5109
120,13,382,2036,96,86719,142,4775
120,13,382,2036,96,86719,142,4775
120,13,382,2036,96,86719,142,4775
120,13,382,4626,96,88477,142,3271
120,13,382,5964,96,89355,142,2493
120,13,382,668,96,89844,142,2078
120,13,382,668,96,89844,142,2078
120,13,382,7285,96,90234,142,1726
120,13,382,7944,96,90674,142,1344
120,13,382,8606,96,91113,142,0959
120,13,382,8606,96,91113,142,0959
120,13,382,9312,96,91602,142,0548
120,13,382,9312,96,91602,142,0548
120,13,383,0081,96,9209,142,0101
120,13,383,1069,96,92773,141,9528
120,13,383,176,96,93213,141,9127
120,13,383,176,96,93213,141,9127
120,13,383,241,96,93652,141,875
120,13,383,3115,96,94141,141,834
120,13,383,3765,96,9458,141,7963
120,13,383,4351,96,94971,141,7622
120,13,383,4351,96,94971,141,7622
120,13,383,5034,96,9541,141,7225
120,13,383,5676,96,9585,141,6852
120,13,383,6245,96,9624,141,6521
120,13,383,6899,96,9668,141,6141
120,13,383,6899,96,9668,141,6141
120,13,383,7336,96,96973,141,5887
120,13,383,8247,96,96191,141,584
120,13,383,9028,96,95557,141,5798
120,13,383,9028,96,95557,141,5798
120,13,383,97,96,94971,141,5762
120,13,384,054,96,94238,141,5718
120,13,384,1355,96,93555,141,5674
120,13,384,1355,96,93555,141,5674
120,13,384,21,96,9292,141,5635
120,13,384,2908,96,92236,141,5592
120,13,384,3721,96,91553,141,5549
120,13,384,4463,96,90918,141,551
120,13,384,4463,96,90918,141,551
120,13,384,5237,96,90283,141,5469
120,13,384,6045,96,896,141,5426
120,13,384,6753,96,89014,141,5388
120,13,384,6753,96,89014,141,5388
120,13,384,6753,96,89014,141,5388
120,13,384,6753,96,89014,141,5388
120,13,384,6753,96,89014,141,5388
120,13,384,7485,96,88379,141,5349
120,14,384,7485,96,88379,141,5349
120,14,385,0471,96,8584,141,5192
120,14,385,1321,96,85156,141,5146
120,14,385,2156,96,84424,141,5103
120,14,385,2156,96,84424,141,5103
120,14,385,2983,96,8374,141,5059
120,14,385,3716,96,83105,141,502
120,14,385,4414,96,8252,141,4983
120,14,385,5063,96,81982,141,4949
120,14,385,5701,96,81445,141,4915
120,14,385,5701,96,81445,141,4915
120,14,385,6538,96,80713,141,4871
120,14,385,7319,96,80078,141,4829
120,14,385,8054,96,79443,141,479
120,14,385,8755,96,78857,141,4753
120,14,385,9473,96,78223,141,4714
120,14,385,9473,96,78223,141,4714
120,14,386,0183,96,77637,141,4678
120,14,386,0901,96,77051,141,4639
120,14,386,1621,96,76416,141,4601
120,14,386,2361,96,75781,141,4562
120,14,386,2361,96,75781,141,4562
120,14,386,3123,96,75146,141,4521
120,14,386,3799,96,74561,141,4485
120,14,386,4705,96,73828,141,4437
120,14,386,5352,96,73242,141,4403
120,14,386,5352,96,73242,141,4403
120,14,386,5352,96,73242,141,4403
120,14,386,5352,96,73242,141,4403
120,14,386,5994,96,72705,141,4369
120,14,386,5994,96,72705,141,4369
120,14,386,8389,96,70703,141,4242
120,14,386,917,96,7002,141,42
120,14,386,9951,96,69385,141,416
120,14,387,0696,96,6875,141,412
120,14,387,0696,96,6875,141,412
120,14,387,1458,96,68115,141,408
120,14,387,2195,96,6748,141,4041
120,14,387,3044,96,66748,141,3995
120,14,387,3748,96,66162,141,3959
120,14,387,3748,96,66162,141,3959
120,14,387,4517,96,65527,141,3917
120,14,387,5264,96,64893,141,3878
120,14,387,605,96,64209,141,3837
120,14,387,605,96,64209,141,3837
120,14,387,6772,96,63574,141,3799
120,14,387,7698,96,62793,141,3749
120,14,387,7698,96,62793,141,3749
120,14,387,8572,96,62061,141,3702
120,14,387,9321,96,61426,141,3663
120,14,387,9321,96,61426,141,3663
120,14,388,0164,96,60742,141,3618
120,14,388,1069,96,59961,141,3571
120,14,388,179,96,57861,141,3679
120,14,388,2461,96,55908,141,3779
120,14,388,3157,96,53906,141,3884
120,14,388,3157,96,53906,141,3884
120,14,388,3865,96,51855,141,3992
120,14,388,4612,96,49707,141,4104
120,14,388,5359,96,4751,141,4216
120,14,388,5359,96,4751,141,4216
120,14,388,615,96,45215,141,4336
120,14,388,6909,96,43018,141,4449
120,14,388,6909,96,43018,141,4449
120,14,388,7751,96,40576,141,4576
120,14,388,8555,96,38232,141,4697
120,14,388,8555,96,38232,141,4697
120,14,388,9368,96,35889,141,4819
120,14,389,0154,96,33594,141,4938
120,14,389,0154,96,33594,141,4938
120,14,389,1104,96,30859,141,5081
120,14,389,1877,96,28613,141,5198
120,14,389,2671,96,26318,141,5317
120,14,389,2671,96,26318,141,5317
120,14,389,3494,96,23926,141,5441
120,14,389,4258,96,21729,141,5555
120,14,389,5078,96,19336,141,5679
120,14,389,5078,96,19336,141,5679
120,14,389,5813,96,17188,141,579
120,14,389,6597,96,14941,141,5907
120,14,389,6597,96,14941,141,5907
120,14,389,7412,96,12549,141,603
120,14,389,8196,96,10303,141,6149
120,14,389,8992,96,07959,141,6268
120,14,389,8992,96,07959,141,6268
120,14,389,981,96,05615,141,6392
120,14,390,0635,96,03223,141,6515
120,14,390,0635,96,03223,141,6515
120,14,390,1433,96,00879,141,6636
120,14,390,2244,95,98535,141,6758
120,14,390,2244,95,98535,141,6758
120,14,390,3064,95,96191,141,6881
120,14,390,3855,95,93896,141,7
120,14,390,4692,95,91455,141,7126
120,14,390,4692,95,91455,141,7126
120,14,390,5542,95,88965,141,7253
120,14,390,6277,95,86865,141,7365
120,14,390,6277,95,86865,141,7365
120,14,390,7063,95,8457,141,7483
120,14,390,7859,95,82275,141,7603
120,14,390,8684,95,79883,141,7727
120,14,390,8684,95,79883,141,7727
120,14,390,9424,95,77734,141,7838
120,14,391,0315,95,75146,141,7972
120,14,391,0315,95,75146,141,7972
120,14,391,1138,95,72754,141,8096
120,14,391,2014,95,70215,141,8229
120,14,391,2014,95,70215,141,8229
120,14,391,2778,95,67969,141,8344
120,14,391,3604,95,65576,141,8467
120,14,391,4355,95,63428,141,858
120,14,391,4355,95,63428,141,858
120,14,391,5173,95,61035,141,8704
120,14,391,5967,95,5874,141,8823
120,14,391,5967,95,5874,141,8823
120,14,391,6838,95,56201,141,8954
120,14,391,7605,95,54004,141,907
120,14,391,7605,95,54004,141,907
120,14,391,844,95,51563,141,9196
120,14,391,8645,95,50977,141,9226
120,14,391,9409,95,49414,141,9421
120,15,391,9409,95,49414,141,9421
120,15,392,0164,95,479,141,9615
120,15,392,0959,95,46289,141,9819
120,15,392,178,95,44629,142,0029
120,15,392,178,95,44629,142,0029
120,15,392,2563,95,43066,142,0229
120,15,392,3286,95,41602,142,0415
120,15,392,4048,95,40039,142,061
120,15,392,4048,95,40039,142,061
120,15,392,4861,95,38428,142,0819
120,15,392,5583,95,36963,142,1003
120,15,392,6335,95,35449,142,1196
120,15,392,6335,95,35449,142,1196
120,15,392,707,95,33936,142,1385
120,15,392,7803,95,32471,142,1572
120,15,392,8672,95,30713,142,1796
120,15,392,8672,95,30713,142,1796
120,15,392,9419,95,29199,142,1987
120,15,393,0156,95,27686,142,2175
120,15,393,093,95,26123,142,2374
120,15,393,093,95,26123,142,2374
120,15,393,1731,95,24512,142,2579
120,15,393,251,95,22949,142,2778
120,15,393,251,95,22949,142,2778
120,15,393,3313,95,21338,142,2985
120,15,393,4048,95,19824,142,3174
120,15,393,4839,95,18213,142,3376
120,15,393,4839,95,18213,142,3376
120,15,393,5603,95,16699,142,3572
120,15,393,644,95,1499,142,3787
120,15,393,644,95,1499,142,3787
120,15,393,7271,95,1333,142,3999
120,15,393,8123,95,11621,142,4218
120,15,393,8906,95,1001,142,4418
120,15,393,8906,95,1001,142,4418
120,15,393,9675,95,08447,142,4615
120,15,394,0442,95,06934,142,4812
120,15,394,0442,95,06934,142,4812
120,15,394,1313,95,05127,142,5035
120,15,394,2178,95,03418,142,5256
120,15,394,2178,95,03418,142,5256
120,15,394,304,95,0166,142,5477
120,15,394,3855,95,142,5686
120,15,394,4648,94,98389,142,589
120,15,394,4648,94,98389,142,589
120,15,394,5417,94,96875,142,6086
120,15,394,6223,94,95215,142,6293
120,15,394,6223,94,95215,142,6293
120,15,394,7053,94,93555,142,6506
120,15,394,7847,94,91943,142,6709
120,15,394,7847,94,91943,142,6709
120,15,394,874,94,90137,142,6938
120,15,394,9575,94,88428,142,7152
120,15,394,9575,94,88428,142,7152
120,15,395,0398,94,86768,142,7363
120,15,395,1216,94,85107,142,7573
120,15,395,2053,94,83447,142,7787
120,15,395,2053,94,83447,142,7787
120,15,395,282,94,81885,142,7983
120,15,395,3621,94,80273,142,8188
120,15,395,3621,94,80273,142,8188
120,15,395,4402,94,78711,142,8389
120,15,395,5215,94,77051,142,8597
120,15,395,6013,94,75439,142,8802
120,15,395,6013,94,75439,142,8802
120,15,395,6785,94,73877,142,8999
120,15,395,7498,94,72412,142,9182
120,15,395,8262,94,70898,142,9379
120,15,395,8262,94,70898,142,9379
120,15,395,9087,94,69238,142,959
120,15,395,9971,94,67432,142,9816
120,15,395,9971,94,67432,142,9816
120,15,396,0693,94,65967,143,0001
120,15,396,1536,94,64258,143,0217
120,15,396,1685,94,63965,143,0255
120,15,396,1685,94,63965,143,0255
120,15,396,2439,94,63623,143,0548
120,15,396,3247,94,63281,143,0862
120,15,396,3247,94,63281,143,0862
120,15,396,4089,94,62891,143,119
120,15,396,4089,94,62891,143,119
120,15,396,499,94,625,143,1539
120,15,396,5837,94,62109,143,1869
120,15,396,6619,94,61768,143,2173
120,15,396,6619,94,61768,143,2173
120,15,396,7412,94,61426,143,2482
120,15,396,8108,94,61133,143,2751
120,15,396,8108,94,61133,143,2751
120,15,396,8918,94,60742,143,3066
120,15,396,988,94,60352,143,344
120,15,396,988,94,60352,143,344
120,15,397,0698,94,59961,143,3759
120,15,397,144,94,59668,143,4047
120,15,397,144,94,59668,143,4047
120,15,397,2261,94,59277,143,4365
120,15,397,3088,94,58936,143,4688
120,15,397,3909,94,58545,143,5006
120,15,397,3909,94,58545,143,5006
120,15,397,4712,94,58203,143,5319
120,15,397,553,94,57813,143,5636
120,15,397,553,94,57813,143,5636
120,15,397,6316,94,57471,143,5942
120,15,397,6316,94,57471,143,5942
120,15,397,7241,94,5708,143,6301
120,15,397,8127,94,56689,143,6646
120,15,397,8127,94,56689,143,6646
120,15,397,9023,94,56299,143,6993
120,15,397,9783,94,55957,143,7289
120,15,397,9783,94,55957,143,7289
120,15,398,0779,94,55518,143,7676
120,15,398,1716,94,55078,143,8041
120,15,398,1716,94,55078,143,8041
120,15,398,2566,94,54736,143,8372
120,15,398,2566,94,54736,143,8372
120,15,398,3442,94,54346,143,8711
120,15,398,3442,94,54346,143,8711
120,15,398,4336,94,53955,143,9058
120,15,398,4336,94,53955,143,9058
120,15,398,5771,94,5332,143,9617
120,15,398,5771,94,5332,143,9617
120,15,398,6736,94,52881,143,999
120,15,398,7664,94,52441,144,0352
120,15,398,7664,94,52441,144,0352
120,15,398,8628,94,52051,144,0726
120,15,398,9482,94,5166,144,106
120,15,398,9482,94,5166,144,106
120,15,399,0344,94,5127,144,1394
120,15,399,0344,94,5127,144,1394
120,15,399,1277,94,50879,144,1755
120,15,399,2278,94,50439,144,2145
120,15,399,2278,94,50439,144,2145
120,15,399,3101,94,50049,144,2465
120,15,399,3101,94,50049,144,2465
120,15,399,3994,94,49658,144,2813
120,15,399,3994,94,49658,144,2813
120,15,399,4983,94,49219,144,3196
120,15,399,5999,94,48779,144,3591
120,15,399,5999,94,48779,144,3591
120,15,399,699,94,4834,144,3976
120,15,399,7834,94,47949,144,4305
120,15,399,7834,94,47949,144,4305
120,15,399,8772,94,47559,144,4669
120,15,399,8772,94,47559,144,4669
120,15,399,9546,94,47217,144,4969
120,15,400,0496,94,46777,144,5338
120,15,400,0496,94,46777,144,5338
120,15,400,1411,94,46387,144,5695
120,15,400,1411,94,46387,144,5695
120,15,400,2219,94,45996,144,6008
120,15,400,2219,94,45996,144,6008
120,15,400,3391,94,45508,144,6464
120,15,400,3391,94,45508,144,6464
120,15,400,4453,94,4502,144,6877
120,15,400,458,94,44971,144,6926
120,15,400,458,94,44971,144,6926
120,15,400,5305,94,44141,144,7452
120,15,400,6077,94,43311,144,8011
120,15,400,6077,94,43311,144,8011
120,15,400,6938,94,42334,144,8636
120,15,400,6938,94,42334,144,8636
120,15,400,7703,94,41504,144,9191
120,15,400,8633,94,4043,144,9865
120,15,400,8633,94,4043,144,9865
120,15,400,9377,94,396,145,0405
120,15,400,9377,94,396,145,0405
120,15,401,0093,94,38818,145,0923
120,15,401,0923,94,37891,145,1525
120,15,401,0923,94,37891,145,1525
120,15,401,1643,94,37109,145,2047
120,15,401,1643,94,37109,145,2047
120,15,401,2473,94,36182,145,2649
120,15,401,3286,94,35254,145,3237
120,15,401,3286,94,35254,145,3237
120,15,401,4041,94,34424,145,3785
120,15,401,4822,94,33545,145,4351
120,15,401,4822,94,33545,145,4351
120,15,401,5571,94,32715,145,4895
120,15,401,6377,94,31787,145,5479
120,15,401,6377,94,31787,145,5479
120,15,401,7136,94,30957,145,603
120,15,401,7136,94,30957,145,603
120,15,401,7861,94,30176,145,6554
120,15,401,8682,94,29248,145,715
120,15,401,8682,94,29248,145,715
120,15,401,9485,94,2832,145,7732
120,15,401,9485,94,2832,145,7732
120,15,402,0269,94,2749,145,8301
120,15,402,1021,94,26611,145,8846
120,15,402,1021,94,26611,145,8846
120,15,402,1768,94,25781,145,9387
120,15,402,2505,94,24951,145,9922
120,15,402,2505,94,24951,145,9922
120,15,402,3279,94,24121,146,0483
120,15,402,4053,94,23242,146,1044
120,15,402,4053,94,23242,146,1044
120,15,402,4053,94,23242,146,1044
120,15,402,4802,94,22412,146,1587
120,15,402,4802,94,22412,146,1587
120,15,402,6194,94,2085,146,2598
120,15,402,6194,94,2085,146,2598
120,15,402,7083,94,19873,146,324
120,15,402,7874,94,18994,146,3813
120,15,402,7874,94,18994,146,3813
120,15,402,863,94,18164,146,4363
120,15,402,9424,94,17236,146,4939
120,15,402,9424,94,17236,146,4939
120,15,403,0198,94,16406,146,5498
120,15,403,0925,94,15576,146,6025
120,15,403,0925,94,15576,146,6025
120,15,403,1655,94,14746,146,6555
120,15,403,1655,94,14746,146,6555
120,15,403,2444,94,13867,146,7126
120,15,403,3181,94,13086,146,7661
120,15,403,3181,94,13086,146,7661
120,15,403,3943,94,12207,146,8214
120,15,403,4749,94,11328,146,8799
120,15,403,4749,94,11328,146,8799
120,15,403,5481,94,10498,146,933
120,15,403,5481,94,10498,146,933
120,15,403,6248,94,09619,146,9885
120,15,403,6992,94,08789,147,0425
120,15,403,6992,94,08789,147,0425
120,15,403,7817,94,0791,147,1024
120,15,403,8574,94,07031,147,1571
120,15,403,8574,94,07031,147,1571
120,15,403,9287,94,0625,147,2089
120,15,403,9287,94,0625,147,2089
120,15,404,0002,94,05469,147,2607
120,15,404,0854,94,04492,147,3225
120,15,404,0854,94,04492,147,3225
120,15,404,1692,94,03564,147,3832
120,15,404,1692,94,03564,147,3832
120,15,404,2449,94,02734,147,438
120,15,404,3352,94,01709,147,5037
120,15,404,3352,94,01709,147,5037
120,15,404,4148,94,0083,147,5613
120,15,404,4858,94,00049,147,6128
120,15,404,4858,94,00049,147,6128
120,15,404,5542,93,99268,147,6624
120,15,404,5542,93,99268,147,6624
120,15,404,6396,93,9834,147,7244
120,15,404,7205,93,97412,147,7828
120,15,404,7205,93,97412,147,7828
120,15,404,7969,93,96582,147,8383
120,15,404,8711,93,95752,147,8921
120,15,404,8711,93,95752,147,8921
120,15,404,9431,93,94922,147,9443
120,15,404,9431,93,94922,147,9443
120,15,405,0107,93,94189,147,9933
120,15,405,1013,93,93164,148,059
120,15,405,1013,93,93164,148,059
120,15,405,1833,93,92236,148,1185
120,15,405,2546,93,91455,148,1702
120,15,405,2546,93,91455,148,1702
120,15,405,2813,93,91162,148,1895
120,15,405,3604,93,90234,148,236
120,15,405,3604,93,90234,148,236
120,15,405,447,93,89209,148,2867
120,15,405,447,93,89209,148,2867
120,15,405,5376,93,88184,148,34
120,15,405,6143,93,87256,148,385
120,15,405,6143,93,87256,148,385
120,15,405,6924,93,86328,148,4308
120,15,405,7656,93,85498,148,4739
120,15,405,7656,93,85498,148,4739
120,15,405,8435,93,8457,148,5197
120,15,405,8435,93,8457,148,5197
120,15,405,9336,93,83545,148,5725
120,15,406,0286,93,82422,148,6282
120,15,406,0286,93,82422,148,6282
120,15,406,1079,93,81494,148,6748
120,15,406,1079,93,81494,148,6748
120,15,406,1892,93,80518,148,7225
120,15,406,2759,93,79541,148,7734
120,15,406,2759,93,79541,148,7734
120,15,406,3572,93,78564,148,8213
120,15,406,4343,93,77686,148,8665
120,15,406,4343,93,77686,148,8665
120,15,406,5083,93,76807,148,9099
120,15,406,5876,93,75879,148,9565
120,15,406,5876,93,75879,148,9565
120,15,406,6658,93,74951,149,0024
120,15,406,6658,93,74951,149,0024
120,15,406,7537,93,73926,149,054
120,15,406,8477,93,72852,149,1091
120,15,406,8477,93,72852,149,1091
120,15,406,9348,93,71826,149,1604
120,15,406,9348,93,71826,149,1604
120,15,407,0227,93,70801,149,212
120,15,407,1003,93,69873,149,2576
120,15,407,1003,93,69873,149,2576
120,15,407,1865,93,68848,149,3081
120,15,407,2649,93,67969,149,3542
120,15,407,2649,93,67969,149,3542
120,15,407,3367,93,6709,149,3964
120,15,407,4099,93,6626,149,4395
120,15,407,4099,93,6626,149,4395
120,15,407,4905,93,65283,149,4866
120,15,407,5679,93,64404,149,5321
120,15,407,6428,93,63525,149,576
120,15,407,6428,93,63525,149,576
120,15,407,7131,93,62695,149,6174
120,15,407,793,93,61768,149,6642
120,15,407,793,93,61768,149,6642
120,15,407,8679,93,60889,149,7083
120,15,407,8679,93,60889,149,7083
120,15,407,9534,93,59863,149,7584
120,15,408,0317,93,58984,149,8044
120,15,408,104,93,58105,149,8469
120,15,408,104,93,58105,149,8469
120,15,408,1748,93,57275,149,8884
120,15,408,1748,93,57275,149,8884
120,15,408,2549,93,56348,149,9354
120,15,408,3372,93,5542,149,9836
120,15,408,3372,93,5542,149,9836
120,15,408,4255,93,54346,150,0358
120,15,408,5093,93,53369,150,0848
120,15,408,5093,93,53369,150,0848
120,15,408,5886,93,52441,150,1313
120,15,408,5886,93,52441,150,1313
120,15,408,6716,93,51465,150,1802
120,15,408,7502,93,50537,150,2263
120,15,408,7502,93,50537,150,2263
120,15,408,8352,93,49561,150,2761
120,15,408,9187,93,48584,150,3252
120,15,408,9187,93,48584,150,3252
120,15,408,9954,93,47705,150,3704
120,15,409,0662,93,46875,150,4119
120,15,409,0662,93,46875,150,4119
120,15,409,1484,93,45898,150,4601
120,15,409,2266,93,44971,150,5061
120,15,409,2266,93,44971,150,5061
120,15,409,3105,93,43994,150,5553
120,15,409,3105,93,43994,150,5553
120,15,409,3911,93,43066,150,6027
120,15,409,4771,93,42041,150,6531
120,15,409,4771,93,42041,150,6531
120,15,409,552,93,41162,150,6971
120,15,409,627,93,40283,150,7411
120,15,409,627,93,40283,150,7411
120,15,409,7109,93,39307,150,7903
120,15,409,7913,93,38379,150,8375
120,15,409,7913,93,38379,150,8375
120,15,409,8684,93,37451,150,8828
120,15,409,9475,93,36572,150,9292
120,15,409,9475,93,36572,150,9292
120,15,410,0254,93,35645,150,9751
120,15,410,0996,93,34766,151,0187
120,15,410,0996,93,34766,151,0187
120,15,410,1821,93,33789,151,0671
120,15,410,2585,93,3291,151,1118
120,15,410,2585,93,3291,151,1118
120,15,410,3301,93,3208,151,1539
120,15,410,3301,93,3208,151,1539
120,15,410,4121,93,31104,151,2021
120,15,410,4998,93,30078,151,2537
120,15,410,4998,93,30078,151,2537
120,15,410,5767,93,29199,151,2987
120,15,410,6553,93,28271,151,345
120,15,410,7295,93,27393,151,3884
120,15,410,7295,93,27393,151,3884
120,15,410,8022,93,26563,151,4312
120,15,410,8762,93,25684,151,4746
120,15,410,8762,93,25684,151,4746
120,15,410,9548,93,24756,151,5208
120,15,410,9548,93,24756,151,5208
120,15,411,0349,93,23828,151,5677
120,15,411,1211,93,22803,151,6184
120,15,411,1943,93,21973,151,6614
120,15,411,1943,93,21973,151,6614
120,15,411,2642,93,21143,151,7024
120,15,411,3374,93,20264,151,7455
120,15,411,3374,93,20264,151,7455
120,15,411,4167,93,19336,151,792
120,15,411,4167,93,19336,151,792
120,15,411,4902,93,18506,151,8352
120,15,411,5786,93,1748,151,8871
120,15,411,5786,93,1748,151,8871
120,15,411,6553,93,16553,151,932
120,15,411,7375,93,15576,151,9805
120,15,411,7375,93,15576,151,9805
120,15,411,8237,93,146,152,0309
120,15,411,8237,93,146,152,0309
120,15,411,8237,93,146,152,0309
120,15,411,9016,93,13672,152,0767
120,15,411,9016,93,13672,152,0767
120,15,412,0864,93,11523,152,1852
120,15,412,1648,93,10596,152,2312
120,15,412,1648,93,10596,152,2312
120,15,412,2441,93,09668,152,2777
120,15,412,2441,93,09668,152,2777
120,15,412,3157,93,08838,152,3197
120,15,412,4021,93,07813,152,3706
120,15,412,4021,93,07813,152,3706
120,15,412,4824,93,06885,152,4176
120,15,412,5581,93,06006,152,4622
120,15,412,5581,93,06006,152,4622
120,15,412,6365,93,05078,152,5081
120,15,412,7129,93,04199,152,553
120,15,412,7129,93,04199,152,553
120,15,412,783,93,03369,152,5941
120,15,412,866,93,02393,152,6428
120,15,412,866,93,02393,152,6428
120,15,412,9485,93,01416,152,6914
120,15,413,0208,93,00586,152,7338
120,15,413,0208,93,00586,152,7338
120,15,413,1025,92,99609,152,7819
120,15,413,1851,92,98682,152,8303
120,15,413,1851,92,98682,152,8303
120,15,413,2607,92,97754,152,8748
120,15,413,3423,92,96826,152,9225
120,15,413,3423,92,96826,152,9225
120,15,413,4199,92,95898,152,9683
120,15,413,5,92,94971,153,0151
120,15,413,5,92,94971,153,0151
120,15,413,575,92,94092,153,0592
120,15,413,6553,92,93164,153,1063
120,15,413,6553,92,93164,153,1063
120,15,413,7312,92,92285,153,1509
120,15,413,8101,92,91357,153,1973
120,15,413,8101,92,91357,153,1973
120,15,413,8879,92,9043,153,2429
120,15,413,9597,92,896,153,2852
120,15,413,9597,92,896,153,2852
120,15,413,9966,92,8916,153,3068
120,15,414,052,92,89551,153,3706
120,15,414,052,92,89551,153,3706
120,15,414,1108,92,89941,153,4384
120,15,414,1643,92,90332,153,5001
120,15,414,1643,92,90332,153,5001
120,15,414,2209,92,90723,153,5654
120,15,414,2791,92,91113,153,6323
120,15,414,2791,92,91113,153,6323
120,15,414,3425,92,91553,153,7056
120,15,414,4011,92,91943,153,7729
120,15,414,4011,92,91943,153,7729
120,15,414,4587,92,92383,153,8395
120,15,414,519,92,92773,153,9089
120,15,414,519,92,92773,153,9089
120,15,414,5774,92,93164,153,9762
120,15,414,634,92,93555,154,0415
120,15,414,634,92,93555,154,0415
120,15,414,6909,92,93994,154,1071
120,15,414,7507,92,94385,154,1761
120,15,414,8064,92,94775,154,2402
120,15,414,8064,92,94775,154,2402
120,15,414,8611,92,95166,154,3035
120,15,414,8611,92,95166,154,3035
120,15,414,9258,92,95605,154,3778
120,15,414,9893,92,96045,154,4509
120,15,414,9893,92,96045,154,4509
120,15,415,051,92,96484,154,5222
120,15,415,1038,92,96826,154,583
120,15,415,1038,92,96826,154,583
120,15,415,1702,92,97314,154,6597
120,15,415,1702,92,97314,154,6597
120,15,415,2292,92,97705,154,7277
120,15,415,2981,92,98193,154,8071
120,15,415,2981,92,98193,154,8071
120,15,415,3694,92,98682,154,8894
120,15,415,3694,92,98682,154,8894
120,15,415,4387,92,9917,154,9691
120,15,415,5049,92,99609,155,0454
120,15,415,5049,92,99609,155,0454
120,15,415,5681,93,00049,155,1185
120,15,415,5681,93,00049,155,1185
120,15,415,6353,93,00537,155,1958
120,15,415,6353,93,00537,155,1958
120,15,415,6978,93,00928,155,2679
120,15,415,6978,93,00928,155,2679
120,15,415,7686,93,01416,155,3495
120,15,415,845,93,01953,155,4376
120,15,415,845,93,01953,155,4376
120,15,415,9092,93,02393,155,5116
120,15,415,9092,93,02393,155,5116
120,15,415,9724,93,02832,155,5845
120,15,416,0483,93,03369,155,6719
120,15,416,0483,93,03369,155,6719
120,15,416,1099,93,03809,155,7429
120,15,416,1614,93,0415,155,8024
120,15,416,1614,93,0415,155,8024
120,15,416,2185,93,04541,155,8682
120,15,416,2185,93,04541,155,8682
120,15,416,2932,93,05078,155,9541
120,15,416,3557,93,05518,156,0265
120,15,416,3557,93,05518,156,0265
120,15,416,4282,93,06006,156,1099
120,15,416,4282,93,06006,156,1099
120,15,416,5032,93,06543,156,1963
120,15,416,5032,93,06543,156,1963
120,15,416,5718,93,06982,156,2754
120,15,416,646,93,0752,156,361
120,15,416,646,93,0752,156,361
120,15,416,7058,93,0791,156,4298
120,15,416,7058,93,0791,156,4298
120,15,416,7668,93,0835,156,5004
120,15,416,8279,93,08789,156,5708
120,15,416,8279,93,08789,156,5708
120,15,416,8933,93,09229,156,646
120,15,416,9556,93,09668,156,7178
120,15,416,9556,93,09668,156,7178
120,15,417,0178,93,10107,156,7896
120,15,417,0178,93,10107,156,7896
120,15,417,0767,93,10498,156,8574
120,15,417,0767,93,10498,156,8574
120,15,417,1594,93,11084,156,9526
120,15,417,2209,93,11523,157,0238
120,15,417,2209,93,11523,157,0238
120,15,417,28,93,11914,157,0918
120,15,417,3372,93,12305,157,1578
120,15,417,396,93,12695,157,2255
120,15,417,396,93,12695,157,2255
120,15,417,4519,93,13086,157,2898
120,15,417,5105,93,13525,157,3574
120,15,417,5105,93,13525,157,3574
120,15,417,571,93,13916,157,4272
120,15,417,624,93,14307,157,4883
120,15,417,624,93,14307,157,4883
120,15,417,6816,93,14697,157,5549
120,15,417,7371,93,15088,157,6187
120,15,417,7371,93,15088,157,6187
120,15,417,7961,93,15479,157,6866
120,15,417,856,93,15918,157,7557
120,15,417,856,93,15918,157,7557
120,15,417,9092,93,1626,157,8171
120,15,417,9656,93,1665,157,8821
120,15,418,0208,93,17041,157,9457
120,15,418,0208,93,17041,157,9457
120,15,418,0813,93,1748,158,0155
120,15,418,1335,93,17822,158,0759
120,15,418,1335,93,17822,158,0759
120,15,418,1953,93,18262,158,1471
120,15,418,2517,93,18652,158,2119
120,15,418,2517,93,18652,158,2119
120,15,418,3132,93,19092,158,2831
120,15,418,3701,93,19482,158,3485
120,15,418,3701,93,19482,158,3485
120,15,418,4304,93,19873,158,4181
120,15,418,4431,93,19971,158,4326
120,15,418,4431,93,19971,158,4326
120,15,418,5068,93,19629,158,5089
120,15,418,5647,93,19336,158,5781
120,15,418,5647,93,19336,158,5781
120,15,418,6245,93,18994,158,6497
120,15,418,6245,93,18994,158,6497
120,15,418,6833,93,18701,158,72
120,15,418,7407,93,18359,158,7886
120,15,418,7981,93,18066,158,8573
120,15,418,7981,93,18066,158,8573
120,15,418,8521,93,17773,158,9216
120,15,418,9033,93,17529,158,9832
120,15,418,9033,93,17529,158,9832
120,15,418,9583,93,17236,159,0487
120,15,419,0112,93,16943,159,1122
120,15,419,0652,93,1665,159,1765
120,15,419,0652,93,1665,159,1765
120,15,419,1235,93,16309,159,2466
120,15,419,1235,93,16309,159,2466
120,15,419,179,93,16016,159,3127
120,15,419,2402,93,15723,159,3861
120,15,419,2981,93,15381,159,4553
120,15,419,2981,93,15381,159,4553
120,15,419,3525,93,15088,159,5203
120,15,419,4121,93,14795,159,5916
120,15,419,4121,93,14795,159,5916
120,15,419,469,93,14502,159,6599
120,15,419,5266,93,1416,159,7288
120,15,419,5266,93,1416,159,7288
120,15,419,5857,93,13867,159,7992
120,15,419,6384,93,13574,159,8624
120,15,419,6384,93,13574,159,8624
120,15,419,6963,93,13281,159,9318
120,15,419,751,93,12988,159,9971
120,15,419,751,93,12988,159,9971
120,15,419,812,93,12646,160,0701
120,15,419,864,93,12354,160,1322
120,15,419,864,93,12354,160,1322
120,15,419,9219,93,12061,160,2014
120,15,419,9744,93,11768,160,2642
120,15,419,9744,93,11768,160,2642
120,15,420,0295,93,11475,160,3303
120,15,420,0879,93,11182,160,4
120,15,420,145,93,1084,160,4683
120,15,420,145,93,1084,160,4683
120,15,420,2009,93,10547,160,5354
120,15,420,2563,93,10254,160,6016
120,15,420,2563,93,10254,160,6016
120,15,420,3064,93,1001,160,6614
120,15,420,365,93,09668,160,7314
120,15,420,365,93,09668,160,7314
120,15,420,426,93,09375,160,8046
120,15,420,4858,93,09033,160,8761
120,15,420,4858,93,09033,160,8761
120,15,420,543,93,0874,160,9445
120,15,420,5984,93,08447,161,0105
120,15,420,5984,93,08447,161,0105
120,15,420,6528,93,08154,161,0758
120,15,420,7107,93,07813,161,1451
120,15,420,7107,93,07813,161,1451
120,15,420,7634,93,07568,161,2081
120,15,420,822,93,07227,161,2783
120,15,420,877,93,06934,161,344
120,15,420,877,93,06934,161,344
120,15,420,929,93,06689,161,4059
120,15,420,9824,93,06396,161,4701
120,15,420,9824,93,06396,161,4701
120,15,421,0383,93,06104,161,537
120,15,421,092,93,05811,161,6012
120,15,421,092,93,05811,161,6012
120,15,421,1526,93,05469,161,6735
120,15,421,1526,93,05469,161,6735
120,15,421,1526,93,05469,161,6735
120,15,421,2034,93,05176,161,7341
120,15,421,3367,93,04492,161,8939
120,15,421,3367,93,04492,161,8939
120,15,421,3926,93,04199,161,9606
120,15,421,4451,93,03906,162,0233
120,15,421,4983,93,03613,162,0873
120,15,421,4983,93,03613,162,0873
120,15,421,5461,93,03369,162,1442
120,15,421,5928,93,03125,162,2002
120,15,421,5928,93,03125,162,2002
120,15,421,6536,93,02783,162,2727
120,15,421,7068,93,0249,162,3365
120,15,421,7068,93,0249,162,3365
120,15,421,7644,93,02197,162,4054
120,15,421,8201,93,01904,162,472
120,15,421,874,93,01611,162,5364
120,15,421,874,93,01611,162,5364
120,15,421,9307,93,01318,162,6041
120,15,421,9897,93,00977,162,675
120,15,421,9897,93,00977,162,675
120,15,422,0444,93,00684,162,7402
120,15,422,0977,93,00391,162,8041
120,15,422,0977,93,00391,162,8041
120,15,422,1597,93,00098,162,8783
120,15,422,2119,92,99805,162,9407
120,15,422,2119,92,99805,162,9407
120,15,422,271,92,99463,163,0114
120,15,422,3259,92,9917,163,077
120,15,422,3259,92,9917,163,077
120,15,422,3838,92,98877,163,1462
120,15,422,4329,92,98633,163,205
120,15,422,4329,92,98633,163,205
120,15,422,4919,92,98291,163,2755
120,15,422,5505,92,97998,163,3458
120,15,422,6035,92,97705,163,4091
120,15,422,6035,92,97705,163,4091
120,15,422,6597,92,97412,163,4762
120,15,422,7131,92,97119,163,5403
120,15,422,7131,92,97119,163,5403
120,15,422,7729,92,96777,163,6117
120,15,422,8257,92,96533,163,6749
120,15,422,8257,92,96533,163,6749
120,15,422,8796,92,9624,163,7393
120,15,422,9326,92,95947,163,8027
120,15,422,9888,92,95654,163,87
120,15,422,9888,92,95654,163,87
120,15,423,0388,92,95361,163,9296
120,15,423,0945,92,95068,163,9963
120,15,423,1467,92,94775,164,0588
120,15,423,1467,92,94775,164,0588
120,15,423,199,92,94531,164,1215
120,15,423,26,92,94189,164,1945
120,15,423,26,92,94189,164,1945
120,15,423,3123,92,93896,164,257
120,15,423,3665,92,93604,164,3215
120,15,423,3665,92,93604,164,3215
120,15,423,4233,92,93311,164,3898
120,15,423,4761,92,93018,164,4528
120,15,423,5271,92,92773,164,5138
120,15,423,5745,92,92529,164,5704
120,15,423,5745,92,92529,164,5704
120,15,423,6245,92,92236,164,6304
120,15,423,6807,92,91943,164,6975
120,15,423,6807,92,91943,164,6975
120,15,423,7371,92,9165,164,7649
120,15,423,7935,92,91357,164,8325
120,15,423,7935,92,91357,164,8325
120,15,423,8433,92,91064,164,892
120,15,423,8972,92,90771,164,9564
120,15,423,9475,92,90527,165,0168
120,15,423,9915,92,90283,165,0692
120,15,423,9915,92,90283,165,0692
120,15,424,0396,92,90039,165,1268
120,15,424,0908,92,89746,165,188
120,15,424,1389,92,89502,165,2456
120,15,424,1389,92,89502,165,2456
120,15,424,1982,92,8916,165,3167
120,15,424,2363,92,88965,165,3622
120,15,424,281,92,90625,165,4238
120,15,424,281,92,90625,165,4238
120,15,424,3252,92,92285,165,4851
120,15,424,3811,92,94385,165,5624
120,15,424,3811,92,94385,165,5624
120,15,424,4314,92,96289,165,632
120,15,424,4751,92,979,165,6923
120,15,424,5205,92,99609,165,7551
120,15,424,5205,92,99609,165,7551
120,15,424,5684,93,01416,165,8213
120,15,424,6155,93,03174,165,8864
120,15,424,6594,93,04834,165,9473
120,15,424,6594,93,04834,165,9473
120,15,424,7007,93,06348,166,0042
120,15,424,7483,93,08154,166,0701
120,15,424,7922,93,09814,166,1309
120,15,424,8347,93,11377,166,1893
120,15,424,8347,93,11377,166,1893
120,15,424,8755,93,12891,166,2458
120,15,424,9207,93,146,166,3082
120,15,424,9661,93,16309,166,3712
120,15,425,0093,93,1792,166,4307
120,15,425,0093,93,1792,166,4307
120,15,425,0486,93,19385,166,485
120,15,425,095,93,21143,166,5493
120,15,425,1433,93,22949,166,616
120,15,425,1433,93,22949,166,616
120,15,425,1882,93,24609,166,6782
120,15,425,2288,93,26123,166,7341
120,15,425,272,93,27783,166,7939
120,15,425,3123,93,29248,166,8495
120,15,425,3123,93,29248,166,8495
120,15,425,3564,93,30908,166,9108
120,15,425,3984,93,3252,166,9688
120,15,425,4421,93,34131,167,0291
120,15,425,4849,93,35742,167,0883
120,15,425,4849,93,35742,167,0883
120,15,425,5305,93,37451,167,1514
120,15,425,5745,93,39111,167,212
120,15,425,6174,93,40723,167,2716
120,15,425,6599,93,42285,167,3301
120,15,425,6599,93,42285,167,3301
120,15,425,7014,93,43848,167,3877
120,15,425,7415,93,45361,167,4431
120,15,425,7854,93,46973,167,5037
120,15,425,8274,93,48584,167,5619
120,15,425,8677,93,50098,167,6174
120,15,425,8677,93,50098,167,6174
120,15,425,9099,93,5166,167,6758
120,15,425,9521,93,53223,167,7341
120,15,425,9941,93,54834,167,7922
120,15,426,0334,93,56299,167,8468
120,15,426,0762,93,5791,167,9058
120,15,426,0762,93,5791,167,9058
120,15,426,1182,93,59473,167,9637
120,15,426,1582,93,60938,168,019
120,15,426,2029,93,62646,168,0811
120,15,426,2427,93,64111,168,136
120,15,426,2427,93,64111,168,136
120,15,426,2874,93,6582,168,1975
120,15,426,3267,93,67285,168,252
120,15,426,3684,93,68848,168,3096
120,15,426,4084,93,70361,168,3651
120,15,426,4084,93,70361,168,3651
120,15,426,4543,93,7207,168,4283
120,15,426,4971,93,73633,168,4875
120,15,426,5364,93,75146,168,5421
120,15,426,5806,93,76807,168,6029
120,15,426,6223,93,78369,168,6606
120,15,426,6223,93,78369,168,6606
120,15,426,6648,93,79932,168,7195
120,15,426,7068,93,81543,168,7777
120,15,426,7502,93,83154,168,8378
120,15,426,7727,93,83984,168,8687
120,15,426,7727,93,83984,168,8687
120,15,426,8171,93,86279,168,9188
120,15,426,8623,93,88574,168,9695
120,15,426,9119,93,91113,169,0253
120,15,426,9551,93,93311,169,0741
120,15,427,0007,93,95654,169,1254
120,15,427,0007,93,95654,169,1254
120,15,427,0447,93,979,169,1748
120,15,427,0879,94,00146,169,2235
120,15,427,1387,94,02734,169,2806
120,15,427,1846,94,05078,169,3323
120,15,427,1846,94,05078,169,3323
120,15,427,2302,94,07422,169,3835
120,15,427,2773,94,09863,169,4368
120,15,427,3225,94,12158,169,4874
120,15,427,3672,94,14453,169,538
120,15,427,4155,94,16943,169,5923
120,15,427,4155,94,16943,169,5923
120,15,427,4604,94,19238,169,6428
120,15,427,5073,94,21631,169,6957
120,15,427,562,94,24414,169,7571
120,15,427,562,94,24414,169,7571
120,15,427,6084,94,26807,169,8093
120,15,427,6589,94,29395,169,8663
120,15,427,7068,94,31836,169,92
120,15,427,7517,94,34131,169,9708
120,15,427,7961,94,36426,170,0209
120,15,427,8369,94,38525,170,0668
120,15,427,8369,94,38525,170,0668
120,15,427,8784,94,40625,170,1134
120,15,427,9258,94,43066,170,1667
120,15,427,9812,94,45898,170,229
120,15,427,9812,94,45898,170,229
120,15,428,0266,94,48242,170,2803
120,15,428,0728,94,50586,170,3323
120,15,428,123,94,53174,170,3887
120,15,428,1697,94,55566,170,4412
120,15,428,1697,94,55566,170,4412
120,15,428,2151,94,5791,170,4923
120,15,428,2649,94,60449,170,5485
120,15,428,3149,94,62988,170,6049
120,15,428,3149,94,62988,170,6049
120,15,428,3606,94,65332,170,6563
120,15,428,4099,94,67871,170,7117
120,15,428,4553,94,70215,170,7627
120,15,428,5022,94,72607,170,8154
120,15,428,5476,94,74951,170,8667
120,15,428,5476,94,74951,170,8667
120,15,428,594,94,77295,170,9189
120,15,428,6421,94,79785,170,973
120,15,428,6926,94,82373,171,03
120,15,428,6926,94,82373,171,03
120,15,428,7429,94,84961,171,0867
120,15,428,7874,94,87207,171,1366
120,15,428,8386,94,89844,171,1943
120,15,428,8386,94,89844,171,1943
120,15,428,8938,94,92676,171,2565
120,15,428,9392,94,94971,171,3075
120,15,428,9866,94,97412,171,3608
120,15,429,0383,95,00049,171,4191
120,15,429,0383,95,00049,171,4191
120,15,429,084,95,02393,171,4706
120,15,429,1313,95,04834,171,5237
120,15,429,1807,95,07373,171,5792
120,15,429,1807,95,07373,171,5792
120,15,429,2375,95,10254,171,6433
120,15,429,2854,95,12744,171,6973
120,15,429,3335,95,15186,171,7513
120,15,429,3335,95,15186,171,7513
120,15,429,3804,95,17578,171,8041
120,15,429,4307,95,20166,171,8608
120,15,429,4785,95,22607,171,9147
120,15,429,5269,95,25098,171,9691
120,15,429,5269,95,25098,171,9691
120,15,429,572,95,27441,172,0199
120,15,429,583,95,27979,172,0322
120,15,429,583,95,27979,172,0322
120,15,429,583,95,27979,172,0322
120,15,429,583,95,27979,172,0322
120,15,429,583,95,27979,172,0322
120,15,429,583,95,27979,172,0322
120,15,429,583,95,27979,172,0322
120,15,429,583,95,27979,172,0322
120,15,429,583,95,27979,172,0322
120,15,429,583,95,27979,172,0322
120,15,429,583,95,27979,172,0322
120,15,429,583,95,27979,172,0322
120,15,429,583,95,27979,172,0322
120,15,429,583,95,27979,172,0322
120,15,429,583,95,27979,172,0322
120,15,429,583,95,27979,172,0322
120,15,429,583,95,27979,172,0322
120,15,429,583,95,27979,172,0322
120,15,429,583,95,27979,172,0322
120,15,429,583,95,27979,172,0322
120,15,429,583,95,27979,172,0322
120,15,429,583,95,27979,172,0322
120,15,429,583,95,27979,172,0322
120,15,429,583,95,27979,172,0322
120,15,429,583,95,27979,172,0322
120,15,429,583,95,27979,172,0322
120,15,429,583,95,27979,172,0322
120,15,429,583,95,27979,172,0322
120,15,429,583,95,27979,172,0322
120,15,429,583,95,27979,172,0322
120,15,429,583,95,27979,172,0322
120,15,429,583,95,27979,172,0322
120,15,429,583,95,27979,172,0322
120,15,429,583,95,27979,172,0322
120,15,429,583,95,27979,172,0322
120,15,429,583,95,27979,172,0322
120,15,429,583,95,27979,172,0322
120,15,429,583,95,27979,172,0322
120,15,429,583,95,27979,172,0322
120,15,429,583,95,27979,172,0322
120,15,429,583,95,27979,172,0322
120,15,429,583,95,27979,172,0322
120,15,429,583,95,27979,172,0322
120,15,429,583,95,27979,172,0322
120,15,429,583,95,27979,172,0322
120,15,429,583,95,27979,172,0322
120,15,429,583,95,27979,172,0322
120,15,429,583,95,27979,172,0322
120,15,429,583,95,27979,172,0322
120,15,429,583,95,27979,172,0322
120,15,429,583,95,27979,172,0322
120,15,429,583,95,27979,172,0322
120,15,429,583,95,27979,172,0322
120,15,429,583,95,27979,172,0322
120,15,429,583,95,27979,172,0322
120,15,429,583,95,27979,172,0322
120,15,429,583,95,27979,172,0322
120,15,429,583,95,27979,172,0322
120,15,429,583,95,27979,172,0322
120,15,429,583,95,27979,172,0322
120,15,429,583,95,27979,172,0322
120,15,429,583,95,27979,172,0322
120,15,429,583,95,27979,172,0322
120,15,429,583,95,27979,172,0322
120,15,429,583,95,27979,172,0322
120,15,429,583,95,27979,172,0322
120,15,429,583,95,27979,172,0322
120,15,429,583,95,27979,172,0322
120,15,429,583,95,27979,172,0322
120,15,429,583,95,27979,172,0322
120,15,429,583,95,27979,172,0322
120,15,429,583,95,27979,172,0322
120,15,429,583,95,27979,172,0322
120,15,429,583,95,27979,172,0322
120,15,429,583,95,27979,172,0322
120,15,429,583,95,27979,172,0322
120,15,429,583,95,27979,172,0322
120,15,429,583,95,27979,172,0322
120,15,429,583,95,27979,172,0322
120,15,429,583,95,27979,172,0322
120,15,429,583,95,27979,172,0322
120,15,429,583,95,27979,172,0322
120,15,429,583,95,27979,172,0322
120,15,429,583,95,27979,172,0322
120,15,429,583,95,27979,172,0322
120,15,429,583,95,27979,172,0322
120,15,429,583,95,27979,172,0322
120,15,429,583,95,27979,172,0322
120,15,429,583,95,27979,172,0322
120,15,429,583,95,27979,172,0322
120,15,429,583,95,27979,172,0322
120,15,429,583,95,27979,172,0322
120,15,429,583,95,27979,172,0322
120,15,429,583,95,27979,172,0322
120,15,429,583,95,27979,172,0322
120,15,429,583,95,27979,172,0322
120,15,429,583,95,27979,172,0322
120,15,429,583,95,27979,172,0322
120,15,429,583,95,27979,172,0322
120,15,429,583,95,27979,172,0322
120,15,429,583,95,27979,172,0322
120,15,429,583,95,27979,172,0322
120,15,429,583,95,27979,172,0322
120,15,429,583,95,27979,172,0322
120,15,429,583,95,27979,172,0322
120,15,429,583,95,27979,172,0322
120,15,429,583,95,27979,172,0322
120,15,429,583,95,27979,172,0322
120,15,429,583,95,27979,172,0322
120,15,429,583,95,27979,172,0322
120,15,429,583,95,27979,172,0322
120,15,429,583,95,27979,172,0322
120,15,429,583,95,27979,172,0322
120,15,429,583,95,27979,172,0322
120,15,429,583,95,27979,172,0322
120,15,429,583,95,27979,172,0322
120,15,429,583,95,27979,172,0322
120,15,429,583,95,27979,172,0322
120,15,429,583,95,27979,172,0322
120,15,429,583,95,27979,172,0322
120,15,429,583,95,27979,172,0322
120,15,429,583,95,27979,172,0322
120,15,429,583,95,27979,172,0322
120,15,429,583,95,27979,172,0322
120,15,429,583,95,27979,172,0322
120,15,429,583,95,27979,172,0322
120,15,429,583,95,27979,172,0322
120,15,429,583,95,27979,172,0322
120,15,429,583,95,27979,172,0322
120,15,429,583,95,27979,172,0322
120,15,429,583,95,27979,172,0322
120,15,429,583,95,27979,172,0322
120,15,429,583,95,27979,172,0322
120,15,429,583,95,27979,172,0322
120,15,429,583,95,27979,172,0322
120,15,429,583,95,27979,172,0322
120,15,429,583,95,27979,172,0322
120,15,429,583,95,27979,172,0322
120,15,429,583,95,27979,172,0322
120,15,429,583,95,27979,172,0322
120,15,429,583,95,27979,172,0322
120,15,429,583,95,27979,172,0322
120,15,429,583,95,27979,172,0322
120,15,429,583,95,27979,172,0322
120,15,429,583,95,27979,172,0322
120,15,429,583,95,27979,172,0322
120,15,429,583,95,27979,172,0322
120,15,429,583,95,27979,172,0322
120,15,429,583,95,27979,172,0322
120,15,429,583,95,27979,172,0322
120,15,429,583,95,27979,172,0322
120,15,429,583,95,27979,172,0322
120,15,429,583,95,27979,172,0322
120,15,429,583,95,27979,172,0322
120,15,429,583,95,27979,172,0322
120,15,429,583,95,27979,172,0322
120,15,429,583,95,27979,172,0322
120,15,429,583,95,27979,172,0322
120,15,429,583,95,27979,172,0322
120,15,429,583,95,27979,172,0322
120,15,429,583,95,27979,172,0322
120,15,429,583,95,27979,172,0322
120,15,429,583,95,27979,172,0322
120,15,429,583,95,27979,172,0322
120,15,429,583,95,27979,172,0322
120,15,429,583,95,27979,172,0322
120,15,429,583,95,27979,172,0322
120,15,429,583,95,27979,172,0322
120,15,429,583,95,27979,172,0322
120,15,429,583,95,27979,172,0322
120,15,429,583,95,27979,172,0322
120,15,429,583,95,27979,172,0322
120,15,429,583,95,27979,172,0322
120,15,429,583,95,27979,172,0322
120,15,429,583,95,27979,172,0322
120,15,429,583,95,27979,172,0322
120,15,429,583,95,27979,172,0322
120,15,429,583,95,27979,172,0322
120,15,429,583,95,27979,172,0322
120,15,429,583,95,27979,172,0322
120,15,429,583,95,27979,172,0322
120,15,429,583,95,27979,172,0322
120,15,429,583,95,27979,172,0322
120,15,429,583,95,27979,172,0322
120,15,429,583,95,27979,172,0322
120,15,429,583,95,27979,172,0322
120,15,429,583,95,27979,172,0322
120,15,429,583,95,27979,172,0322
120,15,429,583,95,27979,172,0322
120,15,429,583,95,27979,172,0322
120,15,429,583,95,27979,172,0322
120,15,429,583,95,27979,172,0322
120,15,429,583,95,27979,172,0322
120,15,429,583,95,27979,172,0322
120,15,429,583,95,27979,172,0322
120,15,429,583,95,27979,172,0322
120,15,429,583,95,27979,172,0322
120,15,429,583,95,27979,172,0322
120,15,429,583,95,27979,172,0322
120,15,429,583,95,27979,172,0322
120,15,429,583,95,27979,172,0322
120,15,429,583,95,27979,172,0322
120,15,429,583,95,27979,172,0322
120,15,429,583,95,27979,172,0322
120,15,429,583,95,27979,172,0322
120,15,429,583,95,27979,172,0322
120,15,429,583,95,27979,172,0322
120,15,429,583,95,27979,172,0322
120,15,429,583,95,27979,172,0322
120,15,429,583,95,27979,172,0322
120,15,429,583,95,27979,172,0322
120,15,429,583,95,27979,172,0322
120,15,429,583,95,27979,172,0322
120,15,429,583,95,27979,172,0322
120,15,429,583,95,27979,172,0322
120,15,429,583,95,27979,172,0322
120,15,429,583,95,27979,172,0322
120,15,429,583,95,27979,172,0322
120,15,429,583,95,27979,172,0322
120,15,429,583,95,27979,172,0322
120,15,429,583,95,27979,172,0322
120,15,429,583,95,27979,172,0322
120,15,429,583,95,27979,172,0322
120,15,429,583,95,27979,172,0322
120,15,429,583,95,27979,172,0322
120,15,429,583,95,27979,172,0322
120,15,429,583,95,27979,172,0322
120,15,429,583,95,27979,172,0322
120,15,429,583,95,27979,172,0322
120,15,429,583,95,27979,172,0322
120,15,429,583,95,27979,172,0322
120,15,429,583,95,27979,172,0322
120,15,429,583,95,27979,172,0322
120,15,429,583,95,27979,172,0322
120,15,429,583,95,27979,172,0322
120,15,429,583,95,27979,172,0322
120,15,429,583,95,27979,172,0322
120,15,429,583,95,27979,172,0322
120,15,429,583,95,27979,172,0322
120,15,429,583,95,27979,172,0322
120,15,429,583,95,27979,172,0322
120,15,429,583,95,27979,172,0322
120,15,429,583,95,27979,172,0322
120,15,429,583,95,27979,172,0322
120,15,429,583,95,27979,172,0322
120,15,429,583,95,27979,172,0322
120,15,429,583,95,27979,172,0322
120,15,429,583,95,27979,172,0322
120,15,429,583,95,27979,172,0322
120,15,429,583,95,27979,172,0322
120,15,429,583,95,27979,172,0322
120,15,429,583,95,27979,172,0322
120,15,429,583,95,27979,172,0322
120,15,429,583,95,27979,172,0322
120,15,429,583,95,27979,172,0322
120,15,429,583,95,27979,172,0322
120,15,429,583,95,27979,172,0322
120,15,429,583,95,27979,172,0322
120,15,429,583,95,27979,172,0322
120,15,429,583,95,27979,172,0322
120,15,429,583,95,27979,172,0322
120,15,429,583,95,27979,172,0322
120,15,429,583,95,27979,172,0322
120,15,429,583,95,27979,172,0322
120,15,429,583,95,27979,172,0322
120,15,429,583,95,27979,172,0322
120,15,429,583,95,27979,172,0322
120,15,429,583,95,27979,172,0322
120,15,429,583,95,27979,172,0322
120,15,429,583,95,27979,172,0322
120,15,429,583,95,27979,172,0322
120,15,429,583,95,27979,172,0322
120,15,429,583,95,27979,172,0322
120,15,429,583,95,27979,172,0322
120,15,429,583,95,27979,172,0322
120,15,429,583,95,27979,172,0322
120,15,429,583,95,27979,172,0322
120,15,429,583,95,27979,172,0322
120,15,429,583,95,27979,172,0322
120,15,429,583,95,27979,172,0322
120,15,429,583,95,27979,172,0322
120,15,429,583,95,27979,172,0322
120,15,429,583,95,27979,172,0322
120,15,429,583,95,27979,172,0322
120,15,429,583,95,27979,172,0322
120,15,429,583,95,27979,172,0322
120,15,429,583,95,27979,172,0322
120,15,429,583,95,27979,172,0322
120,15,429,583,95,27979,172,0322
120,15,429,583,95,27979,172,0322
120,15,429,583,95,27979,172,0322
120,15,429,583,95,27979,172,0322
120,15,429,583,95,27979,172,0322
120,15,429,583,95,27979,172,0322
120,15,429,583,95,27979,172,0322
120,15,429,583,95,27979,172,0322
120,15,429,583,95,27979,172,0322
120,15,429,583,95,27979,172,0322
120,15,429,583,95,27979,172,0322
120,15,429,583,95,27979,172,0322
120,15,429,583,95,27979,172,0322
120,15,429,583,95,27979,172,0322
120,15,429,583,95,27979,172,0322
120,15,429,583,95,27979,172,0322
120,15,429,583,95,27979,172,0322
120,15,429,583,95,27979,172,0322
120,15,429,583,95,27979,172,0322
120,15,429,583,95,27979,172,0322
120,15,429,583,95,27979,172,0322
120,15,429,583,95,27979,172,0322
120,15,429,583,95,27979,172,0322
120,15,429,583,95,27979,172,0322
120,15,429,583,95,27979,172,0322
120,15,429,583,95,27979,172,0322
120,15,429,583,95,27979,172,0322
120,15,429,583,95,27979,172,0322
120,15,429,583,95,27979,172,0322
120,15,429,583,95,27979,172,0322
120,15,429,583,95,27979,172,0322
120,15,429,583,95,27979,172,0322
120,15,429,583,95,27979,172,0322
120,15,429,583,95,27979,172,0322
120,15,429,583,95,27979,172,0322
120,15,429,583,95,27979,172,0322
120,15,429,583,95,27979,172,0322
120,15,429,583,95,27979,172,0322
120,15,429,583,95,27979,172,0322
120,15,429,583,95,27979,172,0322
120,15,429,583,95,27979,172,0322
120,15,429,583,95,27979,172,0322
120,15,429,583,95,27979,172,0322
120,15,429,583,95,27979,172,0322
120,15,429,583,95,27979,172,0322
120,15,429,583,95,27979,172,0322
120,15,429,583,95,27979,172,0322
120,15,429,583,95,27979,172,0322
120,15,429,583,95,27979,172,0322
120,15,429,583,95,27979,172,0322
120,15,429,583,95,27979,172,0322
120,15,429,583,95,27979,172,0322
120,15,429,583,95,27979,172,0322
120,15,429,583,95,27979,172,0322
120,15,429,583,95,27979,172,0322
120,15,429,583,95,27979,172,0322
120,15,429,583,95,27979,172,0322
120,15,429,583,95,27979,172,0322
120,15,429,583,95,27979,172,0322
120,15,429,583,95,27979,172,0322
120,15,429,583,95,27979,172,0322
120,15,429,583,95,27979,172,0322
120,15,429,583,95,27979,172,0322
120,15,429,583,95,27979,172,0322
120,15,429,583,95,27979,172,0322
120,15,429,583,95,27979,172,0322
120,15,429,583,95,27979,172,0322
120,15,429,583,95,27979,172,0322
120,15,429,583,95,27979,172,0322
120,15,429,583,95,27979,172,0322
120,15,429,583,95,27979,172,0322
120,15,429,583,95,27979,172,0322
120,15,429,583,95,27979,172,0322
120,15,429,583,95,27979,172,0322
120,15,429,583,95,27979,172,0322
120,15,429,583,95,27979,172,0322
120,15,429,583,95,27979,172,0322
120,15,429,583,95,27979,172,0322
120,15,429,583,95,27979,172,0322
120,15,429,583,95,27979,172,0322
120,15,429,583,95,27979,172,0322
120,15,429,583,95,27979,172,0322
120,15,429,583,95,27979,172,0322
120,15,429,583,95,27979,172,0322
120,15,429,583,95,27979,172,0322
120,15,429,583,95,27979,172,0322
120,15,429,583,95,27979,172,0322
120,15,429,583,95,27979,172,0322
120,15,429,583,95,27979,172,0322
120,15,429,583,95,27979,172,0322
120,15,429,583,95,27979,172,0322
120,15,429,583,95,27979,172,0322
120,15,429,583,95,27979,172,0322
120,15,429,583,95,27979,172,0322
120,15,429,583,95,27979,172,0322
120,15,429,583,95,27979,172,0322
120,15,429,583,95,27979,172,0322
120,15,429,583,95,27979,172,0322
120,15,429,583,95,27979,172,0322
120,15,429,583,95,27979,172,0322
120,15,429,583,95,27979,172,0322
120,15,429,583,95,27979,172,0322
120,15,429,583,95,27979,172,0322
120,15,429,583,95,27979,172,0322
120,15,429,583,95,27979,172,0322
120,15,429,583,95,27979,172,0322
120,15,429,583,95,27979,172,0322
120,15,429,583,95,27979,172,0322
120,15,429,583,95,27979,172,0322
120,15,429,583,95,27979,172,0322
120,15,429,583,95,27979,172,0322
120,15,429,583,95,27979,172,0322
120,15,429,583,95,27979,172,0322
120,15,429,583,95,27979,172,0322
120,15,429,583,95,27979,172,0322
120,15,429,583,95,27979,172,0322
120,15,429,583,95,27979,172,0322
120,15,429,583,95,27979,172,0322
120,15,429,583,95,27979,172,0322
120,15,429,583,95,27979,172,0322
120,15,429,583,95,27979,172,0322
120,15,429,583,95,27979,172,0322
120,15,429,583,95,27979,172,0322
120,15,429,583,95,27979,172,0322
120,15,429,583,95,27979,172,0322
120,15,429,583,95,27979,172,0322
120,15,429,583,95,27979,172,0322
120,15,429,583,95,27979,172,0322
120,15,429,583,95,27979,172,0322
120,15,429,583,95,27979,172,0322
120,15,429,583,95,27979,172,0322
120,15,429,583,95,27979,172,0322
120,15,429,583,95,27979,172,0322
120,15,429,583,95,27979,172,0322
120,15,429,583,95,27979,172,0322
120,15,429,583,95,27979,172,0322
120,15,429,583,95,27979,172,0322
120,15,429,583,95,27979,172,0322
120,15,429,583,95,27979,172,0322
120,15,429,583,95,27979,172,0322
120,15,429,583,95,27979,172,0322
120,15,429,583,95,27979,172,0322
120,15,429,583,95,27979,172,0322
120,15,429,583,95,27979,172,0322
120,15,429,583,95,27979,172,0322
