Time,RSteps,X,Y,Z
120,0,68,7002,87,78027,125,0229
120,0,68,7002,87,78027,125,0229
120,0,68,7002,87,78027,125,0229
120,0,68,7002,87,78027,125,0229
120,0,68,7002,87,78027,125,0229
120,0,68,7002,87,35059,125,0229
120,0,68,7002,87,35059,125,0229
120,0,68,7002,87,35059,125,0229
120,0,68,7002,87,35059,125,0229
120,0,68,7002,87,35059,125,0229
120,0,68,7002,87,35059,125,0229
120,0,68,7002,87,35059,125,0229
120,0,68,69849,87,354,125,068
120,0,68,69702,87,35742,125,1101
120,0,68,69336,87,36426,125,2048
120,0,68,69165,87,36816,125,2509
120,0,68,68994,87,37158,125,2961
120,0,68,68823,87,375,125,3402
120,0,68,68579,87,38037,125,4104
120,0,68,68237,87,38721,125,5
120,0,68,68066,87,39063,125,5433
120,0,68,67896,87,39404,125,5942
120,0,68,67896,87,39404,125,5942
120,0,68,67358,87,40479,125,7332
120,0,68,67163,87,40918,125,7887
120,0,68,67017,87,41211,125,8291
120,0,68,66675,87,41895,125,9199
120,0,68,66504,87,42236,125,9636
120,0,68,66333,87,42578,126,0088
120,0,68,66138,87,42969,126,0591
120,0,68,65771,87,4375,126,1587
120,0,68,65601,87,44092,126,2026
120,0,68,65454,87,44434,126,2462
120,0,68,65283,87,44775,126,2917
120,0,68,64893,87,45557,126,3928
120,0,68,64746,87,4585,126,436
120,0,68,64551,87,4624,126,4846
120,0,68,64331,87,4668,126,5438
120,0,68,64111,87,47168,126,606
120,0,68,63916,87,47559,126,6561
120,0,68,63696,87,47998,126,714
120,0,68,63501,87,48389,126,7672
120,0,68,63306,87,48779,126,8174
120,0,68,63086,87,49268,126,8796
120,0,68,62793,87,49805,126,9534
120,0,68,62549,87,50342,127,0208
120,0,68,62354,87,50732,127,0732
120,0,68,62158,87,51123,127,1233
120,0,68,61768,87,51904,127,2285
120,0,68,61597,87,52295,127,2767
120,0,68,61426,87,52637,127,3213
120,0,68,61255,87,52979,127,3685
120,0,68,61035,87,53418,127,4247
120,0,68,60864,87,53809,127,4747
120,0,68,60596,87,54297,127,5409
120,0,68,60205,87,55127,127,646
120,0,68,60034,87,55469,127,6908
120,0,68,59839,87,55859,127,7432
120,0,68,59644,87,5625,127,7959
120,0,68,59302,87,56982,127,8927
120,0,68,59131,87,57373,127,938
120,0,68,58936,87,57715,127,9879
120,0,68,5874,87,58105,128,037
120,0,68,58545,87,58545,128,0914
120,0,68,58179,87,59277,128,192
120,0,68,57983,87,59668,128,2395
120,0,68,57813,87,60059,128,2904
120,0,68,57642,87,604,128,3339
120,0,68,57446,87,60791,128,3885
120,0,68,57251,87,61182,128,4358
120,1,68,5686,87,61963,128,5409
120,1,68,56665,87,62354,128,5938
120,1,68,5647,87,62744,128,6456
120,1,68,56274,87,63184,128,7
120,1,68,56079,87,63574,128,7498
120,1,68,55713,87,64307,128,8477
120,1,68,55542,87,64697,128,896
120,1,68,55396,87,6499,128,9368
120,1,68,552,87,65381,128,9895
120,1,68,5498,87,6582,129,0454
120,1,68,54688,87,66064,129,0948
120,1,68,54419,87,66309,129,1436
120,1,68,54126,87,66602,129,1915
120,1,68,53589,87,6709,129,2839
120,1,68,5332,87,67334,129,3313
120,1,68,53076,87,67529,129,3737
120,1,68,52563,87,68018,129,4629
120,1,68,52271,87,68262,129,5107
120,1,68,52002,87,68506,129,5574
120,1,68,51538,87,68945,129,6398
120,1,68,5127,87,69141,129,6836
120,1,68,50977,87,69434,129,7334
120,1,68,50684,87,69678,129,7852
120,1,68,50146,87,70166,129,8795
120,1,68,49829,87,70459,129,9303
120,1,68,49585,87,70654,129,972
120,1,68,49048,87,71143,130,0646
120,1,68,48804,87,71387,130,1091
120,1,68,48535,87,71631,130,1567
120,1,68,48267,87,71875,130,2001
120,1,68,47705,87,72363,130,2969
120,1,68,47412,87,72607,130,3464
120,1,68,47168,87,72852,130,3884
120,1,68,46851,87,73145,130,4448
120,1,68,46265,87,73633,130,5442
120,1,68,46021,87,73877,130,588
120,1,68,45776,87,74121,130,6299
120,1,68,45264,87,74561,130,7198
120,1,68,44971,87,74805,130,7676
120,1,68,44629,87,75146,130,8267
120,1,68,44385,87,75342,130,8708
120,1,68,44092,87,75635,130,9205
120,1,68,4353,87,76123,131,0156
120,1,68,43286,87,76318,131,0592
120,1,68,43042,87,76563,131,1002
120,1,68,4248,87,77051,131,1965
120,1,68,42188,87,77344,131,2488
120,1,68,41943,87,77539,131,2891
120,1,68,41602,87,77881,131,3501
120,1,68,41089,87,7832,131,4355
120,1,68,40845,87,78516,131,4792
120,1,68,40576,87,7876,131,5251
120,1,68,40283,87,79053,131,575
120,1,68,39722,87,79541,131,672
120,1,68,39722,87,79541,131,672
120,1,68,39722,87,79541,131,672
120,1,68,39722,87,79541,131,672
120,1,68,39722,87,79541,131,672
120,1,68,39722,87,79541,131,672
120,1,68,39722,87,79541,131,672
120,1,68,39722,87,79541,131,672
120,1,68,39722,87,79541,131,672
120,1,68,39722,87,79541,131,672
120,1,68,39722,87,79541,131,672
120,1,68,39722,87,79541,131,672
120,1,68,39722,87,79541,131,672
120,1,68,39722,87,79541,131,672
120,1,68,39722,87,79541,131,672
120,1,68,39453,87,79785,131,726
120,1,68,3916,87,80078,131,7805
120,1,68,38892,87,80322,131,8348
120,1,68,38623,87,80566,131,884
120,1,68,38306,87,80859,131,9474
120,1,68,37964,87,81201,132,0106
120,1,68,37695,87,81445,132,064
120,1,68,37158,87,81982,132,17
120,1,68,3689,87,82227,132,2219
120,1,68,36621,87,82471,132,2739
120,1,68,36353,87,82715,132,3243
120,1,68,36084,87,82959,132,3772
120,1,68,35815,87,83252,132,4308
120,1,68,35303,87,83691,132,5272
120,1,68,35083,87,83887,132,5698
120,1,68,3479,87,8418,132,6262
120,1,68,34521,87,84424,132,6788
120,1,68,34253,87,84717,132,7335
120,1,68,3396,87,84961,132,7899
120,1,68,33423,87,85498,132,8944
120,1,68,33179,87,85742,132,9431
120,1,68,3291,87,85986,132,9952
120,1,68,32617,87,8623,133,0496
120,1,68,32373,87,86475,133,0989
120,1,68,3208,87,86768,133,1525
120,1,68,31812,87,87012,133,2039
120,1,68,31567,87,87256,133,2552
120,1,68,30981,87,87793,133,368
120,1,68,30713,87,88037,133,4197
120,1,68,30493,87,88281,133,4637
120,1,68,302,87,88525,133,5209
120,1,68,29907,87,88818,133,5751
120,1,68,29639,87,89063,133,6257
120,1,68,2937,87,89307,133,6802
120,1,68,29077,87,896,133,7344
120,1,68,2854,87,90088,133,8413
120,1,68,28247,87,90381,133,8982
120,1,68,28027,87,90576,133,9395
120,1,68,27783,87,9082,133,9858
120,1,68,27515,87,91064,134,0409
120,1,68,27173,87,91357,134,1036
120,1,68,26929,87,91602,134,1533
120,1,68,26367,87,92139,134,2607
120,1,68,26074,87,92432,134,3186
120,1,68,25879,87,92627,134,3579
120,1,68,25586,87,92871,134,4144
120,1,68,25317,87,93115,134,4664
120,1,68,24976,87,93457,134,5319
120,1,68,24561,87,93115,134,5847
120,1,68,24194,87,92871,134,6278
120,1,68,23755,87,9248,134,6847
120,1,68,23315,87,92139,134,7385
120,1,68,22876,87,91846,134,792
120,1,68,22461,87,91504,134,8436
120,1,68,21631,87,90869,134,9479
120,1,68,21191,87,90527,135,0018
120,1,68,20801,87,90186,135,0522
120,1,68,20386,87,89893,135,1033
120,1,68,19971,87,89551,135,1547
120,1,68,19165,87,88916,135,2543
120,1,68,18774,87,88623,135,3025
120,1,68,18384,87,88281,135,3535
120,2,68,1792,87,87939,135,4084
120,2,68,17505,87,87646,135,4623
120,2,68,17114,87,87305,135,5114
120,2,68,16626,87,86914,135,5718
120,2,68,16187,87,86621,135,6244
120,2,68,15747,87,8623,135,6809
120,2,68,15332,87,85938,135,7312
120,2,68,14355,87,85156,135,8531
120,2,68,14014,87,84912,135,8969
120,2,68,13574,87,8457,135,9515
120,2,68,13208,87,84277,135,9963
120,2,68,1272,87,83887,136,0577
120,2,68,12305,87,83545,136,1097
120,2,68,11938,87,83301,136,1543
120,2,68,1106,87,82617,136,2638
120,2,68,10645,87,82275,136,3154
120,2,68,10205,87,81934,136,3684
120,2,68,09766,87,81592,136,4231
120,2,68,09351,87,8125,136,4761
120,2,68,08984,87,80957,136,5222
120,2,68,08423,87,80566,136,5901
120,2,68,07983,87,80176,136,6465
120,2,68,07544,87,79834,136,701
120,2,68,06763,87,79248,136,7985
120,2,68,06323,87,78906,136,853
120,2,68,05981,87,78613,136,8961
120,2,68,05444,87,78223,136,9619
120,2,68,0498,87,77881,137,0184
120,2,68,04639,87,77588,137,0631
120,2,68,04175,87,77246,137,1191
120,2,68,03735,87,76855,137,1755
120,2,68,02881,87,76221,137,2821
120,2,68,02515,87,75928,137,3279
120,2,68,02075,87,75586,137,3801
120,2,68,01611,87,75244,137,4391
120,2,68,01196,87,74902,137,4905
120,2,68,00708,87,74512,137,5511
120,2,68,00317,87,74219,137,5988
120,2,67,99902,87,73877,137,6528
120,2,67,99023,87,73193,137,7604
120,2,67,98657,87,72949,137,8062
120,2,67,98315,87,72656,137,8491
120,2,67,97412,87,71533,137,8999
120,2,67,96484,87,70361,137,9521
120,2,67,95728,87,69385,137,9956
120,2,67,94727,87,68164,138,0515
120,2,67,92847,87,6582,138,1581
120,2,67,91919,87,64648,138,21
120,2,67,91089,87,63574,138,2574
120,2,67,90234,87,62549,138,3047
120,2,67,89404,87,61475,138,3522
120,2,67,88477,87,60352,138,4043
120,2,67,87622,87,59277,138,452
120,2,67,85742,87,56934,138,558
120,2,67,84839,87,55762,138,6095
120,2,67,83984,87,54736,138,6577
120,2,67,83081,87,53564,138,7089
120,2,67,82202,87,5249,138,7578
120,2,67,80493,87,50342,138,8545
120,2,67,79663,87,49316,138,9016
120,2,67,78809,87,48242,138,949
120,2,67,77881,87,4707,139,0018
120,2,67,77002,87,45996,139,0515
120,2,67,76074,87,44824,139,1035
120,2,67,74316,87,42627,139,2024
120,2,67,7356,87,41699,139,2449
120,2,67,72681,87,40576,139,2958
120,2,67,71875,87,39551,139,3402
120,2,67,70874,87,3833,139,3969
120,2,67,69238,87,36279,139,4893
120,2,67,68384,87,35205,139,5369
120,2,67,67578,87,3418,139,5833
120,2,67,66772,87,33154,139,6288
120,2,67,6582,87,31982,139,6821
120,2,67,6499,87,30957,139,7285
120,2,67,64111,87,29834,139,7786
120,2,67,62085,87,27344,139,8921
120,2,67,61304,87,26318,139,9371
120,2,67,604,87,25195,139,9873
120,2,67,59399,87,23926,140,0446
120,2,67,58496,87,22803,140,0955
120,2,67,57642,87,21729,140,1431
120,2,67,5603,87,19727,140,2344
120,2,67,55127,87,18604,140,2847
120,2,67,54346,87,17627,140,3297
120,2,67,53516,87,16602,140,3757
120,2,67,52466,87,15234,140,4359
120,2,67,51611,87,1416,140,484
120,2,67,50659,87,12988,140,5374
120,2,67,49878,87,12012,140,5815
120,2,67,48975,87,09668,140,6515
120,2,67,48438,87,07568,140,7051
120,2,67,47998,87,05908,140,7478
120,2,67,47461,87,03809,140,8013
120,2,67,46997,87,02051,140,8463
120,2,67,46509,87,00098,140,8962
120,2,67,45947,86,97949,140,9508
120,2,67,44971,86,94189,141,0464
120,2,67,44531,86,9248,141,0897
120,2,67,44092,86,90771,141,1329
120,2,67,4353,86,88574,141,1896
120,2,67,43018,86,86523,141,241
120,2,67,42358,86,84082,141,3041
120,2,67,41846,86,82031,141,3561
120,2,67,40991,86,78711,141,4409
120,2,67,40552,86,77051,141,4822
120,2,67,40137,86,75391,141,5249
120,2,67,39673,86,73584,141,5704
120,2,67,39185,86,7168,141,6191
120,2,67,38281,86,68213,141,7078
120,2,67,3772,86,66064,141,7623
120,2,67,37207,86,64063,141,8136
120,2,67,36719,86,62158,141,8623
120,2,67,36206,86,60156,141,9122
120,2,67,35791,86,58545,141,9542
120,2,67,34863,86,54932,142,0454
120,2,67,34375,86,53076,142,0928
120,2,67,33936,86,51367,142,1365
120,2,67,33447,86,49512,142,1838
120,2,67,33008,86,47754,142,229
120,2,67,32056,86,44092,142,3224
120,2,67,31543,86,4209,142,3734
120,2,67,30981,86,3999,142,4268
120,2,67,30493,86,38086,142,4753
120,2,67,2998,86,36035,142,5273
120,2,67,29517,86,34277,142,5719
120,2,67,29053,86,32422,142,6185
120,2,67,28149,86,28906,142,7085
120,2,67,28149,86,28906,142,7085
120,2,67,27686,86,27197,142,7523
120,2,67,26831,86,23779,142,8385
120,2,67,26294,86,21777,142,8898
120,2,67,25806,86,19922,142,9375
120,2,67,24756,86,15771,143,0435
120,2,67,24243,86,13818,143,0927
120,2,67,2373,86,11816,143,1431
120,2,67,23267,86,09961,143,1906
120,2,67,22803,86,08203,143,2352
120,2,67,22339,86,06396,143,2811
120,2,67,21777,86,04248,143,3364
120,2,67,21777,86,04248,143,3364
120,2,67,21777,86,04248,143,3364
120,2,67,21777,86,04248,143,3364
120,2,67,21777,86,04248,143,3364
120,2,67,21777,86,04248,143,3364
120,2,67,21777,86,04248,143,3364
120,2,67,21777,86,04248,143,3364
120,2,67,21777,86,04248,143,3364
120,2,67,21777,86,04248,143,3364
120,2,67,21777,86,04248,143,3364
120,2,67,21777,86,04248,143,3364
120,2,67,21777,86,04248,143,3364
120,2,67,21777,86,04248,143,3364
120,2,67,21777,86,04248,143,3364
120,2,67,21777,86,04248,143,3364
120,2,67,21777,86,04248,143,3364
120,2,67,21777,86,04248,143,3364
120,2,67,21777,86,04248,143,3364
120,2,67,21777,86,04248,143,3364
120,2,67,21777,86,04248,143,3364
120,2,67,21777,86,04248,143,3364
120,2,67,21777,86,04248,143,3364
120,2,67,21777,86,04248,143,3364
120,2,67,21777,86,04248,143,3364
120,2,67,21777,86,04248,143,3364
120,2,67,21777,86,04248,143,3364
120,2,67,21777,86,04248,143,3364
120,2,67,21777,86,04248,143,3364
120,2,67,21777,86,04248,143,3364
120,2,67,21777,86,04248,143,3364
120,2,67,21777,86,04248,143,3364
120,2,67,21777,86,04248,143,3364
120,2,67,21777,86,04248,143,3364
120,2,67,21777,86,04248,143,3364
120,2,67,21777,86,04248,143,3364
120,2,67,21777,86,04248,143,3364
120,2,67,21777,86,04248,143,3364
120,2,67,21777,86,04248,143,3364
120,2,67,21777,86,04248,143,3364
120,2,67,21777,86,04248,143,3364
120,2,67,21777,86,04248,143,3364
120,2,67,21777,86,04248,143,3364
120,2,67,21777,86,04248,143,3364
120,2,67,21777,86,04248,143,3364
120,2,67,21777,86,04248,143,3364
120,2,67,21777,86,04248,143,3364
120,2,67,21777,86,04248,143,3364
120,2,67,21777,86,04248,143,3364
120,2,67,21777,86,04248,143,3364
120,2,67,21777,86,04248,143,3364
120,2,67,21777,86,04248,143,3364
120,2,67,21777,86,04248,143,3364
120,2,67,21777,86,04248,143,3364
120,2,67,21777,86,04248,143,3364
120,2,67,21777,86,04248,143,3364
120,2,67,21777,86,04248,143,3364
120,2,67,21777,86,04248,143,3364
120,2,67,21777,86,04248,143,3364
120,2,67,21777,86,04248,143,3364
120,2,67,21777,86,04248,143,3364
120,2,67,21777,86,04248,143,3364
120,2,67,21777,86,04248,143,3364
120,2,67,21777,86,04248,143,3364
120,2,67,21777,86,04248,143,3364
120,2,67,21777,86,04248,143,3364
120,2,67,21777,86,04248,143,3364
120,2,67,21777,86,04248,143,3364
120,2,67,21777,86,04248,143,3364
120,2,67,21777,86,04248,143,3364
120,2,67,21777,86,04248,143,3364
120,2,67,21777,86,04248,143,3364
120,2,67,21777,86,04248,143,3364
120,2,67,21777,86,04248,143,3364
120,2,67,21777,86,04248,143,3364
120,2,67,21777,86,04248,143,3364
120,2,67,21777,86,04248,143,3364
120,2,67,21777,86,04248,143,3364
120,2,67,21777,86,04248,143,3364
120,2,67,21777,86,04248,143,3364
120,2,67,21777,86,04248,143,3364
120,2,67,21777,86,04248,143,3364
120,2,67,21777,86,04248,143,3364
120,2,67,21777,86,04248,143,3364
120,2,67,21777,86,04248,143,3364
120,2,67,21777,86,04248,143,3364
120,2,67,21777,86,04248,143,3364
120,2,67,21777,86,04248,143,3364
120,2,67,21777,86,04248,143,3364
120,2,67,21777,86,04248,143,3364
120,2,67,21777,86,04248,143,3364
120,2,67,21777,86,04248,143,3364
120,2,67,21777,86,04248,143,3364
120,2,67,21777,86,04248,143,3364
120,2,67,21777,86,04248,143,3364
120,2,67,21777,86,04248,143,3364
120,2,67,21777,86,04248,143,3364
120,2,67,21777,86,04248,143,3364
120,2,67,21777,86,04248,143,3364
120,2,67,21777,86,04248,143,3364
120,2,67,21777,86,04248,143,3364
120,2,67,21777,86,04248,143,3364
120,2,67,21777,86,04248,143,3364
120,2,67,21777,86,04248,143,3364
120,2,67,21777,86,04248,143,3364
120,2,67,21777,86,04248,143,3364
120,2,67,21777,86,04248,143,3364
120,2,67,21777,86,04248,143,3364
120,2,67,21777,86,04248,143,3364
120,2,67,21777,86,04248,143,3364
120,2,67,21777,86,04248,143,3364
120,2,67,21777,86,04248,143,3364
120,2,67,21777,86,04248,143,3364
120,2,67,21777,86,04248,143,3364
120,2,67,21777,86,04248,143,3364
120,2,67,21777,86,04248,143,3364
120,2,67,21777,86,04248,143,3364
120,2,67,21777,86,04248,143,3364
120,2,67,21777,86,04248,143,3364
120,2,67,21777,86,04248,143,3364
120,2,67,21777,86,04248,143,3364
120,2,67,21777,86,04248,143,3364
120,2,67,21777,86,04248,143,3364
120,2,67,21777,86,04248,143,3364
120,2,67,21777,86,04248,143,3364
120,2,67,21777,86,04248,143,3364
120,2,67,21777,86,04248,143,3364
120,2,67,21777,86,04248,143,3364
120,2,67,21777,86,04248,143,3364
120,2,67,21777,86,04248,143,3364
120,2,67,21777,86,04248,143,3364
120,2,67,21777,86,04248,143,3364
120,2,67,21777,86,04248,143,3364
120,2,67,21777,86,04248,143,3364
120,2,67,21777,86,04248,143,3364
120,2,67,21777,86,04248,143,3364
120,2,67,21777,86,04248,143,3364
120,2,67,21777,86,04248,143,3364
120,2,67,21777,86,04248,143,3364
120,2,67,21777,86,04248,143,3364
120,2,67,21777,86,04248,143,3364
120,2,67,21777,86,04248,143,3364
120,2,67,21777,86,04248,143,3364
120,2,67,21777,86,04248,143,3364
120,2,67,21777,86,04248,143,3364
120,2,67,21777,86,04248,143,3364
120,2,67,21777,86,04248,143,3364
120,2,67,21777,86,04248,143,3364
120,2,67,21777,86,04248,143,3364
120,2,67,21777,86,04248,143,3364
120,2,67,21777,86,04248,143,3364
120,2,67,21777,86,04248,143,3364
120,2,67,21777,86,04248,143,3364
120,2,67,21777,86,04248,143,3364
120,2,67,21777,86,04248,143,3364
120,2,67,21777,86,04248,143,3364
120,2,67,21777,86,04248,143,3364
120,2,67,21777,86,04248,143,3364
120,2,67,21777,86,04248,143,3364
120,2,67,21777,86,04248,143,3364
120,2,67,21777,86,04248,143,3364
120,2,67,21777,86,04248,143,3364
120,2,67,21777,86,04248,143,3364
120,2,67,21777,86,04248,143,3364
120,2,67,21777,86,04248,143,3364
120,2,67,21777,86,04248,143,3364
120,2,67,21777,86,04248,143,3364
120,2,67,21777,86,04248,143,3364
120,2,67,21777,86,04248,143,3364
120,2,67,21777,86,04248,143,3364
120,2,67,21777,86,04248,143,3364
120,2,67,21777,86,04248,143,3364
120,2,67,21777,86,04248,143,3364
120,2,67,21777,86,04248,143,3364
120,2,67,21777,86,04248,143,3364
120,2,67,21777,86,04248,143,3364
120,2,67,21777,86,04248,143,3364
120,2,67,21777,86,04248,143,3364
120,2,67,21777,86,04248,143,3364
120,2,67,21777,86,04248,143,3364
120,2,67,21777,86,04248,143,3364
120,2,67,21777,86,04248,143,3364
120,2,67,21777,86,04248,143,3364
120,2,67,21777,86,04248,143,3364
120,2,67,21777,86,04248,143,3364
120,2,67,21777,86,04248,143,3364
120,2,67,21777,86,04248,143,3364
120,2,67,21777,86,04248,143,3364
120,2,67,21777,86,04248,143,3364
120,2,67,21777,86,04248,143,3364
120,2,67,21777,86,04248,143,3364
120,2,67,21777,86,04248,143,3364
120,2,67,21777,86,04248,143,3364
120,2,67,21777,86,04248,143,3364
120,2,67,21777,86,04248,143,3364
120,2,67,21777,86,04248,143,3364
120,2,67,21777,86,04248,143,3364
120,2,67,21777,86,04248,143,3364
120,2,67,21777,86,04248,143,3364
120,2,67,21777,86,04248,143,3364
120,2,67,21777,86,04248,143,3364
120,2,67,21777,86,04248,143,3364
120,2,67,21777,86,04248,143,3364
120,2,67,21777,86,04248,143,3364
120,2,67,21777,86,04248,143,3364
120,2,67,21777,86,04248,143,3364
120,2,67,21777,86,04248,143,3364
120,2,67,21777,86,04248,143,3364
120,2,67,21777,86,04248,143,3364
120,2,67,21777,86,04248,143,3364
120,2,67,21777,86,04248,143,3364
120,2,67,21777,86,04248,143,3364
120,2,67,21777,86,04248,143,3364
120,2,67,21777,86,04248,143,3364
120,2,67,21777,86,04248,143,3364
120,2,67,21777,86,04248,143,3364
120,2,67,21777,86,04248,143,3364
120,2,67,21777,86,04248,143,3364
120,2,67,21777,86,04248,143,3364
120,2,67,21777,86,04248,143,3364
120,2,67,21777,86,04248,143,3364
120,2,67,21777,86,04248,143,3364
120,2,67,21777,86,04248,143,3364
120,2,67,21777,86,04248,143,3364
120,2,67,21777,86,04248,143,3364
120,2,67,21777,86,04248,143,3364
120,2,67,21777,86,04248,143,3364
120,2,67,21777,86,04248,143,3364
120,2,67,21777,86,04248,143,3364
120,2,67,21777,86,04248,143,3364
120,2,67,21777,86,04248,143,3364
120,2,67,21777,86,04248,143,3364
120,2,67,21777,86,04248,143,3364
120,2,67,21777,86,04248,143,3364
120,2,67,21777,86,04248,143,3364
120,2,67,21777,86,04248,143,3364
120,2,67,21777,86,04248,143,3364
120,2,67,21777,86,04248,143,3364
120,2,67,21777,86,04248,143,3364
120,2,67,21777,86,04248,143,3364
120,2,67,21777,86,04248,143,3364
120,2,67,21777,86,04248,143,3364
120,2,67,21777,86,04248,143,3364
120,2,67,21777,86,04248,143,3364
120,2,67,21777,86,04248,143,3364
120,2,67,21777,86,04248,143,3364
120,2,67,21777,86,04248,143,3364
120,2,67,21777,86,04248,143,3364
120,2,67,21777,86,04248,143,3364
120,2,67,21777,86,04248,143,3364
120,2,67,21777,86,04248,143,3364
120,2,67,21777,86,04248,143,3364
120,2,67,21777,86,04248,143,3364
120,2,67,21777,86,04248,143,3364
120,2,67,21777,86,04248,143,3364
120,2,67,21777,86,04248,143,3364
120,2,67,21777,86,04248,143,3364
120,2,67,21777,86,04248,143,3364
120,2,67,21777,86,04248,143,3364
120,2,67,21777,86,04248,143,3364
120,2,67,21777,86,04248,143,3364
120,2,67,21777,86,04248,143,3364
120,2,67,21777,86,04248,143,3364
120,2,67,21777,86,04248,143,3364
120,2,67,21777,86,04248,143,3364
120,2,67,21777,86,04248,143,3364
120,2,67,21777,86,04248,143,3364
120,2,67,21777,86,04248,143,3364
120,2,67,21777,86,04248,143,3364
120,2,67,21777,86,04248,143,3364
120,2,67,21777,86,04248,143,3364
120,2,67,21777,86,04248,143,3364
120,2,67,21777,86,04248,143,3364
120,2,67,21777,86,04248,143,3364
120,2,67,21777,86,04248,143,3364
120,2,67,21777,86,04248,143,3364
120,2,67,21777,86,04248,143,3364
120,2,67,21777,86,04248,143,3364
120,2,67,21777,86,04248,143,3364
120,2,67,21777,86,04248,143,3364
120,2,67,21777,86,04248,143,3364
120,2,67,21777,86,04248,143,3364
120,2,67,21777,86,04248,143,3364
120,2,67,21777,86,04248,143,3364
120,2,67,21777,86,04248,143,3364
120,2,67,21777,86,04248,143,3364
120,2,67,21777,86,04248,143,3364
120,2,67,21777,86,04248,143,3364
120,2,67,21777,86,04248,143,3364
120,2,67,21777,86,04248,143,3364
120,2,67,21777,86,04248,143,3364
120,2,67,21777,86,04248,143,3364
120,2,67,21777,86,04248,143,3364
120,2,67,21777,86,04248,143,3364
120,3,67,21777,86,04248,143,3364
120,3,67,20801,86,01953,143,3785
120,3,67,19897,85,99854,143,417
120,3,67,18896,85,97559,143,4597
120,3,67,17969,85,9541,143,4994
120,3,67,16797,85,92676,143,5497
120,3,67,14893,85,88184,143,6318
120,3,67,1394,85,85938,143,6729
120,3,67,1311,85,84033,143,708
120,3,67,11353,85,79932,143,7837
120,3,67,10278,85,77441,143,8295
120,3,67,09302,85,75195,143,871
120,3,67,0835,85,72949,143,9121
120,3,67,06494,85,68604,143,9919
120,3,67,05542,85,66406,144,0325
120,3,67,04614,85,64209,144,0724
120,3,67,03662,85,62012,144,1134
120,3,67,01685,85,57422,144,1976
120,3,67,00757,85,55225,144,238
120,3,66,99658,85,52686,144,285
120,3,66,98584,85,50195,144,3302
120,3,66,97534,85,47754,144,3755
120,3,66,95728,85,43555,144,4529
120,3,66,94751,85,41211,144,4954
120,3,66,93774,85,39014,144,5364
120,3,66,92651,85,36377,144,5845
120,3,66,91675,85,34033,144,6272
120,3,66,89575,85,2915,144,717
120,3,66,88574,85,26855,144,7598
120,3,66,87671,85,24756,144,7985
120,3,66,86597,85,22217,144,8448
120,3,66,84741,85,1792,144,9242
120,3,66,83765,85,15625,144,9663
120,3,66,82886,85,13574,145,0039
120,3,66,82007,85,11523,145,0415
120,3,66,80884,85,08936,145,0895
120,3,66,78857,85,04199,145,1765
120,3,66,77808,85,01758,145,2214
120,3,66,7688,84,99561,145,2615
120,3,66,76196,84,97998,145,2903
120,3,66,76196,84,97998,145,2903
120,3,66,76196,84,97998,145,2903
120,3,66,76196,84,97998,145,2903
120,3,66,76196,84,97998,145,2903
120,3,66,76196,84,97998,145,2903
120,3,66,76196,84,97998,145,2903
120,3,66,76196,84,97998,145,2903
120,3,66,76196,84,97998,145,2903
120,3,66,76196,84,97998,145,2903
120,3,66,76196,84,97998,145,2903
120,3,66,76196,84,97998,145,2903
120,3,66,76196,84,97998,145,2903
120,3,66,76196,84,97998,145,2903
120,3,66,76196,84,97998,145,2903
120,3,66,76196,84,97998,145,2903
120,3,66,76196,84,97998,145,2903
120,3,66,75024,84,94922,145,342
120,3,66,72778,84,89063,145,4407
120,3,66,71826,84,86621,145,4824
120,3,66,70923,84,84277,145,522
120,3,66,69849,84,81494,145,5691
120,3,66,68994,84,79199,145,6071
120,3,66,67871,84,76318,145,6559
120,3,66,65894,84,71191,145,7427
120,3,66,64941,84,68701,145,7847
120,3,66,64038,84,66309,145,8247
120,3,66,63037,84,6377,145,8678
120,3,66,62036,84,61133,145,912
120,3,66,60083,84,56055,145,998
120,3,66,59229,84,53809,146,0354
120,3,66,58203,84,51172,146,0803
120,3,66,57227,84,48633,146,1233
120,3,66,55396,84,43848,146,2035
120,3,66,54419,84,41309,146,2466
120,3,66,5354,84,38965,146,2858
120,3,66,52563,84,36475,146,3281
120,3,66,51611,84,33984,146,3702
120,3,66,49585,84,28711,146,4595
120,3,66,48633,84,26221,146,5009
120,3,66,47803,84,24072,146,5374
120,3,66,46802,84,21484,146,5812
120,3,66,45898,84,19141,146,621
120,3,66,44922,84,16602,146,6636
120,3,66,42773,84,11035,146,7577
120,3,66,41895,84,08691,146,7969
120,3,66,40967,84,06299,146,837
120,3,66,40088,84,04004,146,8759
120,3,66,39014,84,01172,146,9233
120,3,66,36987,83,95947,147,0117
120,3,66,36182,83,93848,147,0471
120,3,66,35278,83,91504,147,0869
120,3,66,33423,83,8667,147,1685
120,3,66,3252,83,84277,147,2089
120,3,66,31494,83,81641,147,2533
120,3,66,31445,83,81494,147,2556
120,3,66,31445,83,81494,147,2556
120,3,66,31445,83,81494,147,2556
120,3,66,31445,83,81494,147,2556
120,3,66,31445,83,81494,147,2556
120,3,66,31445,83,81494,147,2556
120,3,66,31445,83,81494,147,2556
120,3,66,31445,83,81494,147,2556
120,3,66,31445,83,81494,147,2556
120,3,66,31445,83,81494,147,2556
120,3,66,31445,83,81494,147,2556
120,3,66,31445,83,81494,147,2556
120,3,66,31445,83,81494,147,2556
120,3,66,31445,83,81494,147,2556
120,3,66,31445,83,81494,147,2556
120,3,66,31445,83,81494,147,2556
120,4,66,31445,83,81494,147,2556
120,4,66,31445,83,81494,147,2556
120,4,66,30493,83,7915,147,2952
120,4,66,29541,83,76807,147,3341
120,4,66,27441,83,7168,147,4207
120,4,66,26465,83,69238,147,4618
120,4,66,25464,83,66797,147,5024
120,4,66,24463,83,64307,147,5444
120,4,66,22607,83,59766,147,6211
120,4,66,21753,83,57715,147,6559
120,4,66,20801,83,55371,147,6952
120,4,66,18921,83,50732,147,7729
120,4,66,17871,83,48193,147,816
120,4,66,16992,83,46045,147,8523
120,4,66,15161,83,41504,147,9282
120,4,66,14282,83,39355,147,9646
120,4,66,13452,83,37305,147,9985
120,4,66,12402,83,34717,148,0425
120,4,66,10352,83,29736,148,1266
120,4,66,09399,83,27344,148,1664
120,4,66,08423,83,24951,148,2063
120,4,66,06519,83,20264,148,2852
120,4,66,05591,83,17969,148,324
120,4,66,04639,83,15674,148,3625
120,4,66,03564,83,13037,148,407
120,4,66,01733,83,08545,148,4828
120,4,66,00757,83,06104,148,5238
120,4,65,99805,83,0376,148,563
120,4,65,98755,83,01221,148,6055
120,4,65,96826,82,96484,148,6858
120,4,65,95874,82,94141,148,7249
120,4,65,94922,82,91846,148,7639
120,4,65,93872,82,89209,148,808
120,4,65,92871,82,86768,148,8486
120,4,65,91724,82,83936,148,8962
120,4,65,90625,82,8125,148,9421
120,4,65,88281,82,75488,149,0385
120,4,65,87231,82,72949,149,0818
120,4,65,86206,82,7041,149,1238
120,4,65,85327,82,68213,149,1609
120,4,65,83276,82,63232,149,2451
120,4,65,82324,82,60889,149,2845
120,4,65,81323,82,58398,149,3259
120,4,65,80322,82,55957,149,3676
120,4,65,79395,82,53662,149,4059
120,4,65,78125,82,50537,149,4581
120,4,65,76172,82,45752,149,5391
120,4,65,7522,82,43408,149,5782
120,4,65,74292,82,41113,149,6167
120,4,65,73267,82,38623,149,6584
120,4,65,72632,82,37061,149,6851
120,4,65,72632,82,37061,149,6851
120,4,65,72632,82,37061,149,6851
120,4,65,72632,82,37061,149,6851
120,4,65,72632,82,37061,149,6851
120,4,65,72632,82,37061,149,6851
120,4,65,72632,82,37061,149,6851
120,4,65,72632,82,37061,149,6851
120,4,65,72632,82,37061,149,6851
120,4,65,72632,82,37061,149,6851
120,4,65,72632,82,37061,149,6851
120,4,65,72632,82,37061,149,6851
120,4,65,72632,82,37061,149,6851
120,4,65,72632,82,37061,149,6851
120,4,65,7168,82,34814,149,7241
120,4,65,70654,82,32373,149,7664
120,4,65,69434,82,29443,149,8164
120,4,65,6731,82,24414,149,9041
120,4,65,66309,82,2207,149,9445
120,4,65,65308,82,19629,149,9861
120,4,65,64233,82,1709,150,0304
120,4,65,62231,82,12305,150,1128
120,4,65,61328,82,10156,150,1499
120,4,65,60303,82,07715,150,192
120,4,65,59277,82,05322,150,2336
120,4,65,57397,82,0083,150,3113
120,4,65,56421,81,98535,150,3512
120,4,65,55591,81,96533,150,386
120,4,65,5437,81,93652,150,4355
120,4,65,52393,81,88965,150,5165
120,4,65,51489,81,86816,150,554
120,4,65,50513,81,84473,150,5938
120,4,65,49512,81,8208,150,6359
120,4,65,47437,81,771,150,7212
120,4,65,46484,81,74902,150,7599
120,4,65,45483,81,7251,150,8008
120,4,65,44409,81,69971,150,8447
120,4,65,43433,81,67676,150,8848
120,4,65,41479,81,62988,150,9653
120,4,65,40503,81,60693,151,0054
120,4,65,39526,81,58301,151,0463
120,4,65,38574,81,56055,151,0852
120,4,65,36548,81,5127,151,1678
120,4,65,35352,81,48389,151,2175
120,4,65,34473,81,46338,151,2537
120,4,65,33203,81,43262,151,3062
120,4,65,323,81,41162,151,3425
120,4,65,30298,81,36377,151,4253
120,4,65,29199,81,33789,151,4702
120,4,65,28271,81,31543,151,5088
120,4,65,27539,81,29834,151,5386
120,4,65,27539,81,29834,151,5386
120,4,65,27539,81,29834,151,5386
120,4,65,27539,81,29834,151,5386
120,4,65,27539,81,29834,151,5386
120,4,65,27539,81,29834,151,5386
120,4,65,27539,81,29834,151,5386
120,4,65,27539,81,29834,151,5386
120,4,65,27539,81,29834,151,5386
120,4,65,27539,81,29834,151,5386
120,4,65,27539,81,29834,151,5386
120,4,65,27539,81,29834,151,5386
120,4,65,27539,81,29834,151,5386
120,4,65,27539,81,29834,151,5386
120,4,65,27539,81,29834,151,5386
120,4,65,27539,81,29834,151,5386
120,4,65,27539,81,29834,151,5386
120,4,65,27539,81,29834,151,5386
120,4,65,27539,81,29834,151,5386
120,4,65,27539,81,29834,151,5386
120,4,65,27539,81,29834,151,5386
120,4,65,27539,81,29834,151,5386
120,4,65,27539,81,29834,151,5386
120,4,65,27539,81,29834,151,5386
120,5,65,27539,81,29834,151,5386
120,5,65,27539,81,29834,151,5386
120,5,65,2688,81,27734,151,5789
120,5,65,25317,81,22852,151,6736
120,5,65,24585,81,20508,151,7188
120,5,65,23926,81,18457,151,7579
120,5,65,23169,81,16064,151,8038
120,5,65,2251,81,13916,151,8447
120,5,65,21655,81,11279,151,896
120,5,65,20898,81,08838,151,9429
120,5,65,20068,81,0625,151,9929
120,5,65,19214,81,03613,152,0442
120,5,65,18335,81,0083,152,0975
120,5,65,17432,80,97949,152,1531
120,5,65,15869,80,92969,152,2483
120,5,65,15088,80,90576,152,2949
120,5,65,14307,80,88037,152,3436
120,5,65,13525,80,85596,152,3904
120,5,65,12793,80,83301,152,4349
120,5,65,12085,80,81055,152,4786
120,5,65,11255,80,78467,152,5284
120,5,65,10449,80,75928,152,5775
120,5,65,08936,80,71191,152,6687
120,5,65,08228,80,68945,152,7118
120,5,65,07471,80,66504,152,7585
120,5,65,06665,80,64014,152,8068
120,5,65,05762,80,61133,152,8616
120,5,65,05029,80,58838,152,906
120,5,65,04272,80,56396,152,953
120,5,65,02759,80,5166,153,0443
120,5,65,02026,80,49316,153,09
120,5,65,01318,80,4707,153,1328
120,5,65,0061,80,44873,153,1755
120,5,64,99878,80,42578,153,2197
120,5,64,98389,80,37891,153,3098
120,5,64,97705,80,35693,153,3518
120,5,64,96997,80,33496,153,3948
120,5,64,96216,80,31006,153,4424
120,5,64,95508,80,2876,153,4858
120,5,64,94775,80,26465,153,5295
120,5,64,93286,80,21777,153,6201
120,5,64,92603,80,19629,153,6619
120,5,64,91895,80,17383,153,7046
120,5,64,91821,80,17139,153,7096
120,5,64,91821,80,17139,153,7096
120,5,64,91821,80,17139,153,7096
120,5,64,91821,80,17139,153,7096
120,5,64,91821,80,17139,153,7096
120,5,64,91821,80,17139,153,7096
120,5,64,91821,80,17139,153,7096
120,5,64,91821,80,17139,153,7096
120,5,64,91821,80,17139,153,7096
120,5,64,91821,80,17139,153,7096
120,5,64,91821,80,17139,153,7096
120,5,64,91821,80,17139,153,7096
120,5,64,91821,80,17139,153,7096
120,5,64,91821,80,17139,153,7096
120,5,64,91821,80,17139,153,7096
120,5,64,91821,80,17139,153,7096
120,5,64,91821,80,17139,153,7096
120,5,64,91821,80,17139,153,7096
120,5,64,91821,80,17139,153,7096
120,5,64,91821,80,17139,153,7096
120,5,64,91821,80,17139,153,7096
120,5,64,91821,80,17139,153,7096
120,5,64,91821,80,17139,153,7096
120,5,64,91089,80,15186,153,7557
120,5,64,89526,80,11084,153,8528
120,5,64,88818,80,0918,153,8977
120,5,64,88257,80,07666,153,9335
120,5,64,86865,80,04004,154,02
120,5,64,86157,80,021,154,0656
120,5,64,85352,80,154,1152
120,5,64,84644,79,98145,154,1597
120,5,64,83813,79,95947,154,2111
120,5,64,83032,79,93848,154,2604
120,5,64,81543,79,89893,154,3542
120,5,64,80835,79,88037,154,3987
120,5,64,80151,79,86182,154,4421
120,5,64,79395,79,84229,154,489
120,5,64,78662,79,82275,154,5348
120,5,64,77832,79,80078,154,5873
120,5,64,76343,79,76123,154,6804
120,5,64,75586,79,7417,154,7272
120,5,64,74829,79,72119,154,7753
120,5,64,74121,79,70215,154,8199
120,5,64,7334,79,68164,154,8682
120,5,64,72656,79,66357,154,9111
120,5,64,71924,79,64404,154,9575
120,5,64,70288,79,60107,155,0596
120,5,64,6958,79,58203,155,1042
120,5,64,68848,79,5625,155,1504
120,5,64,68115,79,54346,155,196
120,5,64,6731,79,52197,155,2468
120,5,64,66626,79,50342,155,2904
120,5,64,65112,79,46387,155,384
120,5,64,64355,79,44336,155,4326
120,5,64,63647,79,4248,155,4763
120,5,64,62915,79,40576,155,5219
120,5,64,62207,79,38672,155,5671
120,5,64,6145,79,36621,155,615
120,5,64,60474,79,34082,155,6758
120,5,64,58936,79,30029,155,7717
120,5,64,58179,79,28027,155,8188
120,5,64,57349,79,2583,155,8713
120,5,64,56567,79,23682,155,9211
120,5,64,55786,79,21631,155,9697
120,5,64,55444,79,20752,155,991
120,5,64,55371,79,18994,156,0432
120,5,64,55298,79,1748,156,0891
120,5,64,55176,79,14258,156,1865
120,5,64,55103,79,12646,156,2341
120,5,64,55029,79,11133,156,2811
120,5,64,54956,79,09326,156,3344
120,5,64,54883,79,0752,156,3888
120,5,64,5481,79,05957,156,4366
120,5,64,54688,79,02686,156,5339
120,5,64,54614,79,01172,156,5802
120,5,64,54565,78,99707,156,6246
120,5,64,54492,78,98096,156,6729
120,5,64,54419,78,96289,156,7268
120,5,64,54346,78,94531,156,7795
120,5,64,54272,78,92773,156,8328
120,5,64,54126,78,89551,156,9294
120,5,64,54053,78,87891,156,9791
120,5,64,53979,78,86377,157,0251
120,5,64,53906,78,84668,157,0767
120,5,64,53857,78,83105,157,123
120,5,64,53784,78,81445,157,1736
120,5,64,53638,78,78174,157,2723
120,5,64,53564,78,76514,157,3225
120,6,64,53516,78,74902,157,3706
120,6,64,53442,78,7334,157,4177
120,6,64,53369,78,7168,157,468
120,6,64,53296,78,69971,157,5182
120,6,64,53223,78,68262,157,5699
120,6,64,53101,78,65088,157,6663
120,6,64,53027,78,63428,157,7163
120,6,64,52954,78,61816,157,7634
120,6,64,52881,78,60107,157,8152
120,6,64,52808,78,58594,157,8608
120,6,64,52734,78,56885,157,9122
120,6,64,52734,78,56689,157,9183
120,6,64,52441,78,55322,157,9875
120,6,64,52002,78,5332,158,0889
120,6,64,51782,78,52344,158,1401
120,6,64,51563,78,51367,158,1897
120,6,64,51367,78,50488,158,2355
120,6,64,51123,78,49414,158,2883
120,6,64,50903,78,48438,158,3391
120,6,64,50684,78,47412,158,3918
120,6,64,50464,78,46387,158,4443
120,6,64,49927,78,43994,158,5649
120,6,64,49731,78,43115,158,6104
120,6,64,49512,78,42041,158,6646
120,6,64,49292,78,41064,158,7158
120,6,64,49023,78,39844,158,7776
120,6,64,48804,78,38916,158,8257
120,6,64,48584,78,37842,158,8799
120,6,64,4834,78,36768,158,9347
120,6,64,4812,78,35742,158,9866
120,6,64,47656,78,33691,159,0911
120,6,64,47461,78,32764,159,1377
120,6,64,47217,78,31738,159,1909
120,6,64,46997,78,30713,159,2422
120,6,64,46802,78,29785,159,2893
120,6,64,46558,78,28711,159,3439
120,6,64,46362,78,27783,159,3932
120,6,64,45898,78,25684,159,4998
120,6,64,45679,78,24756,159,5465
120,6,64,45483,78,23828,159,5941
120,6,64,4519,78,22559,159,6591
120,6,64,44946,78,21387,159,718
120,6,64,44727,78,20361,159,7698
120,6,64,44507,78,19385,159,8217
120,6,64,44263,78,18262,159,8771
120,6,64,43994,78,1709,159,9379
120,6,64,43774,78,16113,159,9865
120,6,64,4353,78,1499,160,0435
120,6,64,43115,78,13037,160,1433
120,6,64,42871,78,12012,160,1958
120,6,64,42651,78,10986,160,2498
120,6,64,42407,78,09912,160,304
120,6,64,42163,78,08838,160,3589
120,6,64,41943,78,07764,160,4137
120,6,64,41699,78,06738,160,4657
120,6,64,41479,78,05713,160,5172
120,6,64,4126,78,04688,160,5693
120,6,64,40991,78,03516,160,6295
120,6,64,40771,78,02441,160,6844
120,6,64,40283,78,00244,160,7961
120,6,64,40063,77,99268,160,8468
120,6,64,39844,77,98291,160,8966
120,6,64,39624,77,97314,160,9454
120,6,64,3938,77,96191,161,0037
120,6,64,3916,77,95166,161,056
120,6,64,38892,77,93945,161,1176
120,6,64,38672,77,93018,161,1649
120,6,64,38452,77,91943,161,219
120,6,64,38232,77,90967,161,2699
120,6,64,38037,77,90088,161,3143
120,6,64,38135,77,89111,161,4357
120,6,64,38184,77,88672,161,4885
120,6,64,38208,77,88281,161,5376
120,6,64,38257,77,87793,161,5945
120,6,64,38306,77,87305,161,6534
120,6,64,38354,77,86816,161,7119
120,6,64,38403,77,86328,161,7697
120,6,64,38452,77,85791,161,8358
120,6,64,38501,77,85303,161,8976
120,6,64,3855,77,84863,161,9521
120,6,64,38599,77,84326,162,0192
120,6,64,38647,77,83789,162,0815
120,6,64,38696,77,83301,162,1416
120,6,64,38696,77,83301,162,1416
120,6,64,38745,77,82813,162,2019
120,6,64,38843,77,81787,162,3269
120,6,64,38892,77,81299,162,3855
120,6,64,38892,77,81299,162,3855
120,6,64,3894,77,80859,162,4413
120,6,64,38989,77,80322,162,5059
120,6,64,39038,77,79785,162,5677
120,6,64,39087,77,79297,162,6268
120,6,64,39136,77,78809,162,6892
120,6,64,39185,77,7832,162,7511
120,6,64,39233,77,77734,162,8182
120,6,64,39282,77,77197,162,8859
120,6,64,39331,77,7666,162,9515
120,6,64,39404,77,76123,163,0142
120,6,64,39453,77,75586,163,0806
120,6,64,39478,77,75146,163,1348
120,6,64,39551,77,74609,163,2028
120,6,64,396,77,74023,163,2715
120,6,64,396,77,74023,163,2715
120,6,64,39648,77,73486,163,3384
120,6,64,39697,77,72949,163,4044
120,6,64,39771,77,72363,163,476
120,6,64,39819,77,71777,163,5471
120,6,64,39868,77,7124,163,6113
120,6,64,39917,77,70654,163,686
120,6,64,39917,77,70654,163,686
120,6,64,3999,77,70068,163,7557
120,6,64,40039,77,69434,163,835
120,6,64,40112,77,6875,163,9136
120,6,64,40161,77,68213,163,9821
120,6,64,40161,77,68213,163,9821
120,6,64,4021,77,67627,164,0536
120,6,64,40283,77,67041,164,1254
120,7,64,40332,77,66406,164,1993
120,7,64,40405,77,6582,164,2721
120,7,64,40454,77,65283,164,3406
120,7,64,40454,77,65283,164,3406
120,7,64,40503,77,64648,164,4132
120,7,64,40576,77,64063,164,4871
120,7,64,40625,77,63477,164,5582
120,7,64,40625,77,63477,164,5582
120,7,64,40674,77,62842,164,6338
120,7,64,40674,77,62842,164,6338
120,7,64,40771,77,62012,164,7361
120,7,64,40845,77,61182,164,838
120,7,64,40845,77,61182,164,838
120,7,64,40942,77,60303,164,9437
120,7,64,40942,77,60303,164,9437
120,7,64,40991,77,5957,165,0323
120,7,64,40991,77,5957,165,0323
120,7,64,41089,77,58691,165,1415
120,7,64,41089,77,58691,165,1415
120,7,64,41479,77,58496,165,2532
120,7,64,4187,77,58301,165,3708
120,7,64,4187,77,58301,165,3708
120,7,64,42261,77,58105,165,484
120,7,64,42554,77,57959,165,5758
120,7,64,42798,77,57861,165,6426
120,7,64,43042,77,57715,165,7173
120,7,64,43042,77,57715,165,7173
120,7,64,43286,77,57617,165,786
120,7,64,43579,77,57471,165,87
120,7,64,43823,77,57373,165,9462
120,7,64,43823,77,57373,165,9462
120,7,64,44067,77,57227,166,0176
120,7,64,44312,77,57129,166,0889
120,7,64,44556,77,56982,166,1637
120,7,64,44775,77,56885,166,2289
120,7,64,4502,77,56787,166,2988
120,7,64,45288,77,56641,166,373
120,7,64,45288,77,56641,166,373
120,7,64,45508,77,56543,166,438
120,7,64,45728,77,56396,166,5087
120,7,64,45996,77,56299,166,5861
120,7,64,45996,77,56299,166,5861
120,7,64,46289,77,56152,166,6707
120,7,64,46558,77,56006,166,7487
120,7,64,46826,77,55908,166,8282
120,7,64,47095,77,55762,166,9041
120,7,64,47314,77,55664,166,9728
120,7,64,47314,77,55664,166,9728
120,7,64,47559,77,55518,167,0463
120,7,64,47827,77,5542,167,119
120,7,64,47827,77,5542,167,119
120,7,64,48096,77,55273,167,2017
120,7,64,48389,77,55127,167,2902
120,7,64,48706,77,5498,167,3784
120,7,64,48706,77,5498,167,3784
120,7,64,48975,77,54834,167,4625
120,7,64,49243,77,54688,167,5406
120,7,64,49536,77,5459,167,6224
120,7,64,49536,77,5459,167,6224
120,7,64,49805,77,54443,167,7062
120,7,64,50073,77,54297,167,7855
120,7,64,50366,77,5415,167,8699
120,7,64,50366,77,5415,167,8699
120,7,64,50586,77,54053,167,9338
120,7,64,50903,77,53906,168,0267
120,7,64,50903,77,53906,168,0267
120,7,64,51221,77,5376,168,1182
120,7,64,51514,77,53613,168,2061
120,7,64,51758,77,53467,168,2769
120,7,64,51758,77,53467,168,2769
120,7,64,52026,77,53369,168,3567
120,7,64,52295,77,53223,168,4331
120,7,64,52295,77,53223,168,4331
120,7,64,52588,77,53076,168,5248
120,7,64,52905,77,5293,168,6138
120,7,64,52905,77,5293,168,6138
120,7,64,53198,77,52783,168,7036
120,7,64,53491,77,52637,168,7892
120,7,64,53784,77,5249,168,8754
120,7,64,53784,77,5249,168,8754
120,7,64,54077,77,52344,168,9596
120,7,64,54321,77,52246,169,0354
120,7,64,54639,77,521,169,1226
120,7,64,54639,77,521,169,1226
120,7,64,54883,77,51953,169,1971
120,7,64,55444,77,52148,169,2878
120,7,64,55444,77,52148,169,2878
120,7,64,56006,77,52344,169,3756
120,7,64,56543,77,52539,169,4583
120,7,64,57031,77,52734,169,5378
120,7,64,57031,77,52734,169,5378
120,7,64,57544,77,5293,169,619
120,7,64,58105,77,53125,169,7064
120,7,64,58105,77,53125,169,7064
120,7,64,58691,77,53369,169,7992
120,7,64,59253,77,53564,169,8887
120,7,64,59253,77,53564,169,8887
120,7,64,59814,77,5376,169,9779
120,7,64,60352,77,53955,170,0642
120,7,64,60352,77,53955,170,0642
120,7,64,60962,77,54199,170,1575
120,7,64,60962,77,54199,170,1575
120,7,64,61475,77,54395,170,2393
120,7,64,62134,77,54639,170,3458
120,7,64,62134,77,54639,170,3458
120,7,64,62817,77,54883,170,4545
120,7,64,63403,77,55078,170,5455
120,7,64,63403,77,55078,170,5455
120,7,64,63916,77,55273,170,6252
120,7,64,63916,77,55273,170,6252
120,7,64,64526,77,55469,170,7233
120,7,64,65137,77,55713,170,8192
120,7,64,65137,77,55713,170,8192
120,7,64,65747,77,55957,170,9165
120,7,64,65747,77,55957,170,9165
120,7,64,66431,77,56201,171,0248
120,7,64,67041,77,56396,171,1229
120,7,64,67041,77,56396,171,1229
120,7,64,67725,77,56689,171,2295
120,7,64,67725,77,56689,171,2295
120,7,64,68408,77,56934,171,3378
120,8,64,68994,77,57129,171,4305
120,8,64,68994,77,57129,171,4305
120,8,64,69604,77,57373,171,5269
120,8,64,69604,77,57373,171,5269
120,8,64,70313,77,57617,171,6379
120,8,64,70313,77,57617,171,6379
120,8,64,70972,77,57861,171,7417
120,8,64,71582,77,58057,171,839
120,8,64,71582,77,58057,171,839
120,8,64,72266,77,5835,171,9465
120,8,64,72803,77,58545,172,0316
120,8,64,72803,77,58545,172,0316
120,8,64,73364,77,5874,172,123
120,8,64,73364,77,5874,172,123
120,8,64,73999,77,58984,172,2227
120,8,64,74609,77,5918,172,318
120,8,64,74609,77,5918,172,318
120,8,64,7522,77,59424,172,4137
120,8,64,75757,77,59619,172,5017
120,8,64,75757,77,59619,172,5017
120,8,64,76392,77,59863,172,6021
120,8,64,76392,77,59863,172,6021
120,8,64,77002,77,60059,172,699
120,8,64,77612,77,60303,172,7949
120,8,64,77612,77,60303,172,7949
120,8,64,78198,77,60498,172,8877
120,8,64,78833,77,60742,172,9884
120,8,64,78833,77,60742,172,9884
120,8,64,79492,77,60986,173,0908
120,8,64,79492,77,60986,173,0908
120,8,64,80054,77,61182,173,182
120,8,64,80664,77,61426,173,2751
120,8,64,80664,77,61426,173,2751
120,8,64,81299,77,61621,173,3757
120,8,64,81836,77,61865,173,4619
120,8,64,81836,77,61865,173,4619
120,8,64,82422,77,62061,173,5558
120,8,64,82422,77,62061,173,5558
120,8,64,8269,77,62158,173,5977
120,8,64,83789,77,62744,173,707
120,8,64,84692,77,63184,173,798
120,8,64,84692,77,63184,173,798
120,8,64,85571,77,63623,173,8842
120,8,64,85571,77,63623,173,8842
120,8,64,86499,77,64111,173,9783
120,8,64,87402,77,646,174,069
120,8,64,87402,77,646,174,069
120,8,64,88354,77,65088,174,1632
120,8,64,89233,77,65527,174,2518
120,8,64,89233,77,65527,174,2518
120,8,64,90234,77,66064,174,3517
120,8,64,91162,77,66504,174,4431
120,8,64,91162,77,66504,174,4431
120,8,64,9209,77,66992,174,5356
120,8,64,9209,77,66992,174,5356
120,8,64,92993,77,6748,174,6274
120,8,64,93921,77,6792,174,7198
120,8,64,93921,77,6792,174,7198
120,8,64,94897,77,68457,174,8167
120,8,64,95874,77,68945,174,9141
120,8,64,95874,77,68945,174,9141
120,8,64,96851,77,69434,175,0114
120,8,64,97729,77,69922,175,0995
120,8,64,97729,77,69922,175,0995
120,8,64,9856,77,70313,175,183
120,8,64,99414,77,70752,175,2678
120,8,64,99414,77,70752,175,2678
120,8,65,00366,77,7124,175,3623
120,8,65,01221,77,7168,175,4478
120,8,65,01221,77,7168,175,4478
120,8,65,02148,77,72168,175,5411
120,8,65,03003,77,72607,175,6271
120,8,65,03003,77,72607,175,6271
120,8,65,03882,77,73096,175,715
120,8,65,0481,77,73535,175,8064
120,8,65,0481,77,73535,175,8064
120,8,65,05786,77,74072,175,9043
120,8,65,06616,77,74463,175,9873
120,8,65,07422,77,74902,176,0664
120,8,65,07422,77,74902,176,0664
120,8,65,08203,77,75293,176,1464
120,8,65,09009,77,75732,176,2264
120,8,65,09009,77,75732,176,2264
120,8,65,09937,77,76172,176,3184
120,8,65,10767,77,76611,176,4014
120,8,65,11572,77,77051,176,4821
120,8,65,11572,77,77051,176,4821
120,8,65,12305,77,77393,176,5544
120,8,65,13159,77,77832,176,6414
120,8,65,13159,77,77832,176,6414
120,8,65,14038,77,7832,176,7286
120,8,65,14941,77,7876,176,8192
120,8,65,14941,77,7876,176,8192
120,8,65,15771,77,79199,176,9021
120,8,65,16699,77,79688,176,9937
120,8,65,17578,77,80127,177,0807
120,8,65,17578,77,80127,177,0807
120,8,65,18335,77,80518,177,1581
120,8,65,19165,77,80957,177,24
120,8,65,19165,77,80957,177,24
120,8,65,20117,77,81445,177,3354
120,8,65,20923,77,81836,177,4166
120,8,65,21729,77,82275,177,4963
120,8,65,21729,77,82275,177,4963
120,8,65,22485,77,82617,177,5707
120,8,65,23096,77,82959,177,6327
120,8,65,23096,77,82959,177,6327
120,8,65,24023,77,83496,177,7155
120,8,65,25073,77,84082,177,8066
120,8,65,25073,77,84082,177,8066
120,8,65,26099,77,84717,177,8978
120,8,65,27002,77,85254,177,9786
120,8,65,28052,77,8584,178,0712
120,8,65,28052,77,8584,178,0712
120,8,65,28979,77,86377,178,1534
120,8,65,29834,77,86865,178,2285
120,8,65,29834,77,86865,178,2285
120,8,65,30737,77,87402,178,3074
120,8,65,31689,77,87939,178,3932
120,8,65,32642,77,88525,178,4772
120,8,65,32642,77,88525,178,4772
120,8,65,33545,77,89014,178,557
120,8,65,34521,77,896,178,6422
120,8,65,34521,77,896,178,6422
120,8,65,35474,77,90137,178,7268
120,8,65,36401,77,90674,178,8093
120,8,65,37329,77,91211,178,8923
120,8,65,37329,77,91211,178,8923
120,8,65,38257,77,91748,178,9729
120,8,65,3916,77,92285,179,0535
120,8,65,40088,77,92822,179,1355
120,8,65,40088,77,92822,179,1355
120,8,65,4104,77,93359,179,2186
120,8,65,41919,77,93896,179,2961
120,8,65,42773,77,94385,179,3728
120,8,65,42773,77,94385,179,3728
120,8,65,43652,77,94873,179,4512
120,8,65,44556,77,9541,179,5292
120,8,65,45386,77,95898,179,6034
120,8,65,45386,77,95898,179,6034
120,8,65,46387,77,96484,179,6915
120,8,65,47266,77,96973,179,7694
120,8,65,47266,77,96973,179,7694
120,8,65,48291,77,97559,179,8599
120,8,65,49219,77,98145,179,9429
120,8,65,50073,77,98633,180,0181
120,8,65,50073,77,98633,180,0181
120,8,65,5105,77,9917,180,1038
120,8,65,51929,77,99707,180,1827
120,8,65,52856,78,00244,180,2632
120,8,65,52856,78,00244,180,2632
120,8,65,53735,78,00732,180,3427
120,8,65,54761,78,01318,180,4324
120,8,65,55664,78,01855,180,5135
120,8,65,55664,78,01855,180,5135
120,8,65,56543,78,02393,180,5911
120,8,65,57397,78,02881,180,6659
120,8,65,58398,78,03418,180,7534
120,8,65,58398,78,03418,180,7534
120,8,65,59253,78,03955,180,8303
120,8,65,60083,78,04395,180,9025
120,8,65,60986,78,04932,180,9822
120,8,65,60986,78,04932,180,9822
120,8,65,61816,78,0542,181,0557
120,8,65,62744,78,05957,181,1377
120,8,65,63574,78,06445,181,2126
120,8,65,64429,78,06934,181,2886
120,8,65,64429,78,06934,181,2886
120,8,65,65308,78,07471,181,3662
120,8,65,66187,78,07959,181,442
120,8,65,67163,78,08545,181,5288
120,8,65,67163,78,08545,181,5288
120,8,65,67773,78,08887,181,5833
120,8,65,67773,78,08887,181,5833
120,8,65,67773,78,08887,181,5833
120,8,65,67773,78,08887,181,5833
120,8,65,67773,78,08887,181,5833
120,8,65,67773,78,08887,181,5833
120,8,65,67773,78,08887,181,5833
120,8,65,67773,78,08887,181,5833
120,8,65,67773,78,08887,181,5833
120,8,65,67773,78,08887,181,5833
120,8,65,67773,78,08887,181,5833
120,8,65,67773,78,08887,181,5833
120,8,65,67773,78,08887,181,5833
120,8,65,67773,78,08887,181,5833
120,8,65,67773,78,08887,181,5833
120,8,65,67773,78,08887,181,5833
120,8,65,67773,78,08887,181,5833
120,8,65,67773,78,08887,181,5833
120,8,65,67773,78,08887,181,5833
120,8,65,67773,78,08887,181,5833
120,8,65,67773,78,08887,181,5833
120,8,65,67773,78,08887,181,5833
120,8,65,67773,78,08887,181,5833
120,8,65,67773,78,08887,181,5833
120,8,65,67773,78,08887,181,5833
120,8,65,67773,78,08887,181,5833
120,8,65,67773,78,08887,181,5833
120,8,65,67773,78,08887,181,5833
120,8,65,67773,78,08887,181,5833
120,8,65,67773,78,08887,181,5833
120,8,65,67773,78,08887,181,5833
120,8,65,67773,78,08887,181,5833
120,8,65,67773,78,08887,181,5833
120,8,65,67773,78,08887,181,5833
120,8,65,67773,78,08887,181,5833
120,8,65,67773,78,08887,181,5833
120,8,65,67773,78,08887,181,5833
120,8,65,67773,78,08887,181,5833
120,8,65,67773,78,08887,181,5833
120,8,65,67773,78,08887,181,5833
120,8,65,67773,78,08887,181,5833
120,8,65,67773,78,08887,181,5833
120,8,65,67773,78,08887,181,5833
120,8,65,67773,78,08887,181,5833
120,8,65,67773,78,08887,181,5833
120,8,65,67773,78,08887,181,5833
120,8,65,67773,78,08887,181,5833
120,8,65,67773,78,08887,181,5833
120,8,65,67773,78,08887,181,5833
120,8,65,67773,78,08887,181,5833
120,8,65,67773,78,08887,181,5833
120,8,65,67773,78,08887,181,5833
120,8,65,67773,78,08887,181,5833
120,8,65,67773,78,08887,181,5833
120,8,65,67773,78,08887,181,5833
120,8,65,67773,78,08887,181,5833
120,8,65,67773,78,08887,181,5833
120,8,65,67773,78,08887,181,5833
120,8,65,67773,78,08887,181,5833
120,8,65,67773,78,08887,181,5833
120,8,65,67773,78,08887,181,5833
120,8,65,67773,78,08887,181,5833
120,8,65,67773,78,08887,181,5833
120,8,65,67773,78,08887,181,5833
120,8,65,67773,78,08887,181,5833
120,8,65,67773,78,08887,181,5833
120,8,65,67773,78,08887,181,5833
120,8,65,67773,78,08887,181,5833
120,8,65,67773,78,08887,181,5833
120,8,65,67773,78,08887,181,5833
120,8,65,67773,78,08887,181,5833
120,8,65,67773,78,08887,181,5833
120,8,65,67773,78,08887,181,5833
120,8,65,67773,78,08887,181,5833
120,8,65,67773,78,08887,181,5833
120,8,65,67773,78,08887,181,5833
120,8,65,67773,78,08887,181,5833
120,8,65,67773,78,08887,181,5833
120,8,65,67773,78,08887,181,5833
120,8,65,67773,78,08887,181,5833
120,8,65,67773,78,08887,181,5833
120,8,65,67773,78,08887,181,5833
120,8,65,67773,78,08887,181,5833
120,8,65,67773,78,08887,181,5833
120,8,65,67773,78,08887,181,5833
120,8,65,67773,78,08887,181,5833
120,8,65,67773,78,08887,181,5833
120,8,65,67773,78,08887,181,5833
120,8,65,67773,78,08887,181,5833
120,8,65,67773,78,08887,181,5833
120,8,65,67773,78,08887,181,5833
120,8,65,67773,78,08887,181,5833
120,8,65,67773,78,08887,181,5833
120,8,65,67773,78,08887,181,5833
120,8,65,67773,78,08887,181,5833
120,8,65,67773,78,08887,181,5833
120,8,65,67773,78,08887,181,5833
120,8,65,67773,78,08887,181,5833
120,8,65,67773,78,08887,181,5833
120,8,65,67773,78,08887,181,5833
120,8,65,67773,78,08887,181,5833
120,8,65,67773,78,08887,181,5833
120,8,65,67773,78,08887,181,5833
120,8,65,67773,78,08887,181,5833
120,8,65,67773,78,08887,181,5833
120,8,65,67773,78,08887,181,5833
120,8,65,67773,78,08887,181,5833
120,8,65,67773,78,08887,181,5833
120,8,65,67773,78,08887,181,5833
120,8,65,67773,78,08887,181,5833
120,8,65,67773,78,08887,181,5833
120,8,65,67773,78,08887,181,5833
120,8,65,67773,78,08887,181,5833
120,8,65,67773,78,08887,181,5833
120,8,65,67773,78,08887,181,5833
120,8,65,67773,78,08887,181,5833
120,8,65,67773,78,08887,181,5833
120,8,65,67773,78,08887,181,5833
120,8,65,67773,78,08887,181,5833
120,8,65,67773,78,08887,181,5833
120,8,65,67773,78,08887,181,5833
120,8,65,67773,78,08887,181,5833
120,8,65,67773,78,08887,181,5833
120,8,65,67773,78,08887,181,5833
120,8,65,67773,78,08887,181,5833
120,8,65,67773,78,08887,181,5833
120,8,65,67773,78,08887,181,5833
120,8,65,67773,78,08887,181,5833
120,8,65,67773,78,08887,181,5833
120,8,65,67773,78,08887,181,5833
120,8,65,67773,78,08887,181,5833
120,8,65,67773,78,08887,181,5833
120,8,65,67773,78,08887,181,5833
120,8,65,67773,78,08887,181,5833
120,8,65,67773,78,08887,181,5833
120,8,65,67773,78,08887,181,5833
120,8,65,67773,78,08887,181,5833
120,8,65,67773,78,08887,181,5833
120,8,65,67773,78,08887,181,5833
120,8,65,67773,78,08887,181,5833
120,8,65,67773,78,08887,181,5833
120,8,65,67773,78,08887,181,5833
120,8,65,67773,78,08887,181,5833
120,8,65,67773,78,08887,181,5833
120,8,65,67773,78,08887,181,5833
120,8,65,67773,78,08887,181,5833
120,8,65,67773,78,08887,181,5833
120,8,65,67773,78,08887,181,5833
120,8,65,67773,78,08887,181,5833
120,8,65,67773,78,08887,181,5833
120,8,65,67773,78,08887,181,5833
120,8,65,67773,78,08887,181,5833
120,8,65,67773,78,08887,181,5833
120,8,65,67773,78,08887,181,5833
120,8,65,67773,78,08887,181,5833
120,9,65,67773,78,08887,181,5833
120,9,65,67773,78,08887,181,5833
120,9,65,67773,78,08887,181,5833
120,9,65,69238,78,09521,181,67
120,9,65,69238,78,09521,181,67
120,9,65,70654,78,10107,181,7523
120,9,65,72168,78,10742,181,8416
120,9,65,72168,78,10742,181,8416
120,9,65,73633,78,11377,181,9281
120,9,65,7522,78,12061,182,0217
120,9,65,7522,78,12061,182,0217
120,9,65,76831,78,12744,182,1166
120,9,65,78223,78,1333,182,1982
120,9,65,78223,78,1333,182,1982
120,9,65,79688,78,13965,182,2845
120,9,65,81152,78,14551,182,3696
120,9,65,81152,78,14551,182,3696
120,9,65,82642,78,15186,182,4575
120,9,65,84473,78,15967,182,5658
120,9,65,84473,78,15967,182,5658
120,9,65,85938,78,16602,182,6511
120,9,65,8728,78,17188,182,7301
120,9,65,8728,78,17188,182,7301
120,9,65,88721,78,17773,182,8153
120,9,65,90405,78,18506,182,9141
120,9,65,90405,78,18506,182,9141
120,9,65,91821,78,19092,182,9971
120,9,65,93213,78,19727,183,0798
120,9,65,94678,78,20313,183,1658
120,9,65,94678,78,20313,183,1658
120,9,65,95947,78,2085,183,2411
120,9,65,97314,78,21436,183,3215
120,9,65,97314,78,21436,183,3215
120,9,65,98804,78,2207,183,4086
120,9,66,00269,78,22705,183,4945
120,9,66,00269,78,22705,183,4945
120,9,66,01685,78,23291,183,5771
120,9,66,03052,78,23877,183,6577
120,9,66,04419,78,24463,183,7388
120,9,66,04419,78,24463,183,7388
120,9,66,05762,78,25049,183,8184
120,9,66,0708,78,25586,183,8953
120,9,66,0708,78,25586,183,8953
120,9,66,08545,78,26221,183,9817
120,9,66,10059,78,26855,184,0709
120,9,66,10059,78,26855,184,0709
120,9,66,11597,78,2749,184,1603
120,9,66,13086,78,28174,184,2488
120,9,66,14453,78,28711,184,329
120,9,66,14453,78,28711,184,329
120,9,66,15869,78,29346,184,4124
120,9,66,17358,78,2998,184,4995
120,9,66,17358,78,2998,184,4995
120,9,66,18774,78,30566,184,5834
120,9,66,20142,78,31152,184,6632
120,9,66,21411,78,31689,184,7382
120,9,66,21411,78,31689,184,7382
120,9,66,21411,78,31689,184,7382
120,9,66,21411,78,31689,184,7382
120,9,66,21411,78,31689,184,7382
120,9,66,2395,78,32275,184,8221
120,9,66,26489,78,3291,184,906
120,9,66,28979,78,33496,184,9883
120,9,66,28979,78,33496,184,9883
120,9,66,31274,78,34033,185,0638
120,9,66,33643,78,34619,185,1418
120,9,66,33643,78,34619,185,1418
120,9,66,36304,78,35254,185,23
120,9,66,38892,78,3584,185,3152
120,9,66,38892,78,3584,185,3152
120,9,66,41577,78,36475,185,4038
120,9,66,43652,78,36963,185,4727
120,9,66,46021,78,37549,185,5507
120,9,66,48242,78,38086,185,6239
120,9,66,48242,78,38086,185,6239
120,9,66,50464,78,38623,185,6975
120,9,66,52661,78,39111,185,7703
120,9,66,55029,78,39697,185,8486
120,9,66,55029,78,39697,185,8486
120,9,66,57349,78,40234,185,9252
120,9,66,59668,78,40771,186,0015
120,9,66,62329,78,41406,186,0896
120,9,66,62329,78,41406,186,0896
120,9,66,64404,78,41895,186,1577
120,9,66,66919,78,42529,186,2412
120,9,66,66919,78,42529,186,2412
120,9,66,69287,78,43066,186,3196
120,9,66,71777,78,43652,186,4016
120,9,66,74146,78,44238,186,4796
120,9,66,74146,78,44238,186,4796
120,9,66,76147,78,44727,186,546
120,9,66,7832,78,45215,186,6177
120,9,66,80713,78,45801,186,6969
120,9,66,83105,78,46387,186,7753
120,9,66,83105,78,46387,186,7753
120,9,66,85107,78,46826,186,8419
120,9,66,87451,78,47412,186,9193
120,9,66,87451,78,47412,186,9193
120,9,66,89844,78,47949,186,9978
120,9,66,92407,78,48584,187,0829
120,9,66,94702,78,49121,187,1584
120,9,66,97046,78,49707,187,236
120,9,66,97046,78,49707,187,236
120,9,66,99048,78,50146,187,3024
120,9,67,01318,78,50684,187,377
120,9,67,03564,78,51221,187,4512
120,9,67,03564,78,51221,187,4512
120,9,67,05688,78,51758,187,5217
120,9,67,07935,78,52295,187,5957
120,9,67,10205,78,52832,187,6703
120,9,67,12207,78,53271,187,7366
120,9,67,14282,78,53809,187,8049
120,9,67,14282,78,53809,187,8049
120,9,67,16309,78,54248,187,8723
120,9,67,18481,78,54785,187,944
120,9,67,18481,78,54785,187,944
120,9,67,21021,78,55371,188,0275
120,9,67,23608,78,56006,188,1135
120,9,67,2605,78,56592,188,194
120,10,67,28223,78,5708,188,2656
120,10,67,28223,78,5708,188,2656
120,10,67,30176,78,57568,188,3301
120,10,67,33716,78,58105,188,403
120,10,67,3728,78,58691,188,4766
120,10,67,3728,78,58691,188,4766
120,10,67,40283,78,5918,188,5385
120,10,67,43604,78,59668,188,6064
120,10,67,46753,78,60205,188,6714
120,10,67,49951,78,60693,188,7374
120,10,67,53198,78,61182,188,8042
120,10,67,53198,78,61182,188,8042
120,10,67,56421,78,61719,188,8707
120,10,67,59888,78,62256,188,9423
120,10,67,63428,78,62793,189,0148
120,10,67,66406,78,63281,189,0762
120,10,67,66406,78,63281,189,0762
120,10,67,69604,78,6377,189,1425
120,10,67,72534,78,64258,189,2026
120,10,67,7583,78,64746,189,2703
120,10,67,79346,78,65332,189,3428
120,10,67,79346,78,65332,189,3428
120,10,67,82544,78,6582,189,4089
120,10,67,85864,78,66357,189,4771
120,10,67,88965,78,66846,189,5413
120,10,67,91968,78,67334,189,603
120,10,67,95117,78,67822,189,6677
120,10,67,95117,78,67822,189,6677
120,10,67,9834,78,68311,189,7341
120,10,68,01611,78,68848,189,8013
120,10,68,04761,78,69336,189,8666
120,10,68,08325,78,69922,189,9398
120,10,68,08325,78,69922,189,9398
120,10,68,11426,78,7041,190,0035
120,10,68,14331,78,7085,190,0632
120,10,68,17627,78,71387,190,1315
120,10,68,20874,78,71875,190,1984
120,10,68,24048,78,72363,190,2634
120,10,68,24048,78,72363,190,2634
120,10,68,271,78,72852,190,3265
120,10,68,30151,78,7334,190,3895
120,10,68,33521,78,73877,190,4587
120,10,68,36572,78,74365,190,5216
120,10,68,36572,78,74365,190,5216
120,10,68,39746,78,74854,190,5869
120,10,68,43091,78,75391,190,6559
120,10,68,46411,78,75928,190,7242
120,10,68,46411,78,75928,190,7242
120,10,68,49829,78,76465,190,7946
120,10,68,5332,78,77002,190,8665
120,10,68,56299,78,77441,190,9279
120,10,68,56763,78,77539,190,9375
120,10,68,56763,78,77539,190,9375
120,10,68,56763,78,77539,190,9375
120,10,68,56763,78,77539,190,9375
120,10,68,56763,78,77539,190,9375
120,10,68,56763,78,77539,190,9375
120,10,68,56763,78,77539,190,9375
120,10,68,56763,78,77539,190,9375
120,10,68,56763,78,77539,190,9375
120,10,68,56763,78,77539,190,9375
120,10,68,56763,78,77539,190,9375
120,10,68,56763,78,77539,190,9375
120,10,68,56763,78,77539,190,9375
120,10,68,56763,78,77539,190,9375
120,10,68,56763,78,77539,190,9375
120,10,68,56763,78,77539,190,9375
120,10,68,56763,78,77539,190,9375
120,10,68,56763,78,77539,190,9375
120,10,68,56763,78,77539,190,9375
120,10,68,56763,78,77539,190,9375
120,10,68,56763,78,77539,190,9375
120,10,68,61597,78,78271,190,9934
120,10,68,66211,78,78955,191,0469
120,10,68,71509,78,79736,191,1083
120,10,68,71509,78,79736,191,1083
120,10,68,75806,78,80371,191,1578
120,10,68,80518,78,81104,191,2126
120,10,68,85181,78,81787,191,2666
120,10,68,90234,78,8252,191,325
120,10,68,94556,78,83203,191,3752
120,10,68,99023,78,83838,191,4268
120,10,68,99023,78,83838,191,4268
120,10,69,02856,78,84424,191,4711
120,10,69,08447,78,85254,191,536
120,10,69,13403,78,85986,191,5933
120,10,69,13403,78,85986,191,5933
120,10,69,18091,78,86719,191,6476
120,10,69,23071,78,87451,191,7052
120,10,69,27539,78,88135,191,757
120,10,69,31885,78,8877,191,8073
120,10,69,36963,78,89502,191,866
120,10,69,41089,78,90137,191,9139
120,10,69,45239,78,90771,191,9618
120,10,69,45239,78,90771,191,9618
120,10,69,49731,78,91406,192,0137
120,10,69,54858,78,92188,192,0731
120,10,69,60205,78,93018,192,1351
120,10,69,60205,78,93018,192,1351
120,10,69,646,78,93652,192,1858
120,10,69,71558,78,94678,192,2666
120,10,69,76611,78,95459,192,325
120,10,69,76611,78,95459,192,325
120,10,69,8125,78,96143,192,3787
120,10,69,85449,78,96777,192,4272
120,10,69,90967,78,97607,192,4913
120,10,69,95288,78,98242,192,5414
120,10,69,99219,78,98828,192,5869
120,10,70,0332,78,99463,192,6344
120,10,70,0332,78,99463,192,6344
120,10,70,08472,79,00195,192,6941
120,10,70,13354,79,00928,192,7505
120,10,70,17773,79,01611,192,8015
120,10,70,2251,79,02295,192,8564
120,10,70,2771,79,03076,192,9167
120,10,70,2771,79,03076,192,9167
120,10,70,31958,79,03711,192,9658
120,10,70,36084,79,04346,193,0135
120,10,70,40698,79,05029,193,067
120,10,70,45239,79,05713,193,1195
120,10,70,49146,79,06299,193,1648
120,10,70,50537,79,06494,193,1809
120,10,70,50537,79,06494,193,1809
120,10,70,50537,79,06494,193,1809
120,10,70,50537,79,06494,193,1809
120,10,70,50537,79,06494,193,1809
120,10,70,50537,79,06494,193,1809
120,10,70,50537,79,06494,193,1809
120,10,70,50537,79,06494,193,1809
120,10,70,50537,79,06494,193,1809
120,10,70,50537,79,06494,193,1809
120,10,70,50537,79,06494,193,1809
120,10,70,50537,79,06494,193,1809
120,11,70,50537,79,06494,193,1809
120,11,70,50537,79,06494,193,1809
120,11,70,55396,79,07275,193,2241
120,11,70,55396,79,07275,193,2241
120,11,70,60376,79,08008,193,2684
120,11,70,66138,79,08936,193,3196
120,11,70,71411,79,09766,193,3665
120,11,70,76172,79,10498,193,4088
120,11,70,82788,79,11523,193,4675
120,11,70,88013,79,12354,193,514
120,11,70,88013,79,12354,193,514
120,11,70,92554,79,13037,193,5543
120,11,70,97388,79,13818,193,5973
120,11,71,02441,79,146,193,6423
120,11,71,0791,79,1543,193,6909
120,11,71,13184,79,1626,193,7378
120,11,71,13184,79,1626,193,7378
120,11,71,18921,79,17188,193,7888
120,11,71,25073,79,18115,193,8434
120,11,71,3103,79,19043,193,8965
120,11,71,3103,79,19043,193,8965
120,11,71,36841,79,19971,193,948
120,11,71,42285,79,20801,193,9965
120,11,71,47925,79,2168,194,0468
120,11,71,52759,79,22461,194,0897
120,11,71,57349,79,23145,194,1305
120,11,71,62012,79,23877,194,172
120,11,71,66455,79,24609,194,2113
120,11,71,71875,79,25439,194,2595
120,11,71,76514,79,26172,194,3008
120,11,71,76514,79,26172,194,3008
120,11,71,81372,79,26904,194,344
120,11,71,86768,79,27734,194,3918
120,11,71,92065,79,28564,194,4391
120,11,71,96948,79,29346,194,4824
120,11,72,02002,79,30127,194,5275
120,11,72,073,79,30957,194,5745
120,11,72,1167,79,31641,194,6134
120,11,72,1167,79,31641,194,6134
120,11,72,17261,79,3252,194,663
120,11,72,22729,79,3335,194,7117
120,11,72,24463,79,33643,194,7271
120,11,72,24463,79,33643,194,7271
120,11,72,24463,79,33643,194,7271
120,11,72,24463,79,33643,194,7271
120,11,72,24463,79,33643,194,7271
120,11,72,24463,79,33643,194,7271
120,11,72,24463,79,33643,194,7271
120,11,72,24463,79,33643,194,7271
120,11,72,24463,79,33643,194,7271
120,11,72,24463,79,33643,194,7271
120,11,72,24463,79,33643,194,7271
120,11,72,24463,79,33643,194,7271
120,11,72,24463,79,33643,194,7271
120,11,72,24463,79,33643,194,7271
120,11,72,24463,79,33643,194,7271
120,11,72,24463,79,33643,194,7271
120,11,72,24463,79,33643,194,7271
120,11,72,24463,79,33643,194,7271
120,11,72,24463,79,33643,194,7271
120,11,72,24463,79,33643,194,7271
120,11,72,24463,79,33643,194,7271
120,11,72,24463,79,33643,194,7271
120,11,72,24463,79,33643,194,7271
120,11,72,24463,79,33643,194,7271
120,11,72,24463,79,33643,194,7271
120,11,72,24463,79,33643,194,7271
120,11,72,24463,79,33643,194,7271
120,11,72,24463,79,33643,194,7271
120,11,72,302,79,34521,194,7657
120,11,72,35376,79,35303,194,8007
120,11,72,35376,79,35303,194,8007
120,11,72,40918,79,36133,194,8381
120,11,72,47388,79,37158,194,8816
120,11,72,53076,79,37988,194,92
120,11,72,58813,79,38867,194,9587
120,11,72,64063,79,39697,194,9943
120,11,72,6936,79,40479,195,0299
120,11,72,6936,79,40479,195,0299
120,11,72,74829,79,41309,195,0668
120,11,72,8125,79,42285,195,1101
120,11,72,87134,79,43213,195,1499
120,11,72,92847,79,44092,195,1884
120,11,72,98169,79,44873,195,2242
120,11,73,03271,79,45654,195,2587
120,11,73,09155,79,46582,195,2985
120,11,73,14526,79,47363,195,3346
120,11,73,14526,79,47363,195,3346
120,11,73,19849,79,48193,195,3705
120,11,73,25806,79,49121,195,4106
120,11,73,31934,79,50049,195,4521
120,11,73,37183,79,5083,195,4874
120,11,73,43237,79,51758,195,5283
120,11,73,43237,79,51758,195,5283
120,11,73,4895,79,52637,195,5669
120,11,73,55444,79,53613,195,6106
120,11,73,6145,79,54541,195,6511
120,11,73,66602,79,55322,195,6859
120,11,73,72168,79,56152,195,7235
120,11,73,7771,79,57031,195,7609
120,11,73,7771,79,57031,195,7609
120,11,73,82837,79,57813,195,7955
120,11,73,89111,79,5874,195,8378
120,11,73,94849,79,59619,195,8765
120,11,74,00562,79,60498,195,9152
120,11,74,05884,79,61328,195,9509
120,11,74,1123,79,62109,195,9871
120,11,74,16333,79,62891,196,0215
120,11,74,21948,79,6377,196,0592
120,11,74,27246,79,64551,196,0951
120,11,74,27246,79,64551,196,0951
120,11,74,32861,79,6543,196,1329
120,11,74,3877,79,66309,196,1625
120,11,74,44824,79,67188,196,1927
120,11,74,50806,79,68066,196,2225
120,11,74,57446,79,69043,196,2557
120,11,74,63867,79,7002,196,2878
120,11,74,63867,79,7002,196,2878
120,11,74,69678,79,7085,196,3168
120,11,74,75806,79,71729,196,3474
120,11,74,82129,79,72705,196,379
120,11,74,8772,79,73486,196,407
120,11,74,9375,79,74414,196,4371
120,11,74,99536,79,75244,196,4659
120,11,75,05103,79,76074,196,4939
120,11,75,11011,79,76953,196,5233
120,11,75,17407,79,77881,196,5553
120,11,75,17407,79,77881,196,5553
120,11,75,23364,79,7876,196,585
120,11,75,28979,79,7959,196,6132
120,12,75,3606,79,80615,196,6486
120,12,75,41821,79,81494,196,6772
120,12,75,47583,79,82324,196,7061
120,12,75,53735,79,83203,196,7368
120,12,75,59839,79,84131,196,7673
120,12,75,59839,79,84131,196,7673
120,12,75,65942,79,8501,196,7977
120,12,75,72144,79,85938,196,8287
120,12,75,78296,79,86816,196,8594
120,12,75,84009,79,87695,196,8879
120,12,75,90015,79,88574,196,918
120,12,75,95801,79,89404,196,947
120,12,76,02271,79,90381,196,9792
120,12,76,02271,79,90381,196,9792
120,12,76,07861,79,91211,197,0071
120,12,76,14624,79,92188,197,041
120,12,76,2019,79,93018,197,0688
120,12,76,25684,79,93799,197,0962
120,12,76,323,79,94775,197,1293
120,12,76,38208,79,95654,197,1587
120,12,76,38208,79,95654,197,1587
120,12,76,44897,79,96631,197,1921
120,12,76,51611,79,97656,197,2257
120,12,76,58032,79,98584,197,2578
120,12,76,64136,79,99463,197,2883
120,12,76,70728,80,00439,197,3212
120,12,76,76904,80,01367,197,3522
120,12,76,82471,80,02197,197,3799
120,12,76,82471,80,02197,197,3799
120,12,76,84912,80,02539,197,3921
120,12,76,91528,80,03467,197,4236
120,12,76,98193,80,04395,197,4554
120,12,77,04077,80,05225,197,4835
120,12,77,10718,80,06152,197,5151
120,12,77,10718,80,06152,197,5151
120,12,77,16992,80,07031,197,5449
120,12,77,22827,80,07813,197,5728
120,12,77,29224,80,0874,197,6033
120,12,77,36279,80,09717,197,6368
120,12,77,4248,80,10547,197,6665
120,12,77,4248,80,10547,197,6665
120,12,77,48877,80,11475,197,6969
120,12,77,55371,80,12354,197,7278
120,12,77,6167,80,13232,197,7578
120,12,77,67407,80,14063,197,7852
120,12,77,74194,80,1499,197,8176
120,12,77,79932,80,15771,197,8448
120,12,77,85742,80,16602,197,8726
120,12,77,85742,80,16602,197,8726
120,12,77,91797,80,17432,197,9015
120,12,77,98096,80,18311,197,9315
120,12,78,04175,80,19189,197,9604
120,12,78,10181,80,2002,197,989
120,12,78,16284,80,2085,198,0181
120,12,78,22095,80,2168,198,0459
120,12,78,2876,80,22607,198,0776
120,12,78,2876,80,22607,198,0776
120,12,78,34912,80,23438,198,1069
120,12,78,41162,80,24316,198,1367
120,12,78,46899,80,25146,198,1641
120,12,78,53223,80,26025,198,1942
120,12,78,58813,80,26807,198,2208
120,12,78,64282,80,27539,198,2468
120,12,78,70532,80,28418,198,2766
120,12,78,76343,80,29248,198,3043
120,12,78,82104,80,30029,198,3318
120,12,78,88257,80,30908,198,3611
120,12,78,88257,80,30908,198,3611
120,12,78,93604,80,31641,198,3866
120,12,79,00024,80,32568,198,4172
120,12,79,06763,80,33496,198,4493
120,12,79,13037,80,34375,198,4792
120,12,79,19287,80,35254,198,509
120,12,79,25366,80,36084,198,538
120,12,79,30811,80,36865,198,564
120,12,79,36694,80,37646,198,5919
120,12,79,36694,80,37646,198,5919
120,12,79,42554,80,38477,198,62
120,12,79,48315,80,39307,198,6473
120,12,79,54565,80,40137,198,6771
120,12,79,60596,80,41016,198,7058
120,12,79,67676,80,41992,198,7396
120,12,79,73218,80,42773,198,766
120,12,79,76489,80,43213,198,7816
120,12,79,82202,80,43994,198,807
120,12,79,82202,80,43994,198,807
120,12,79,88013,80,44775,198,8329
120,12,79,94507,80,45654,198,8617
120,12,80,00732,80,46484,198,8894
120,12,80,06299,80,47266,198,9141
120,12,80,12183,80,48047,198,9403
120,12,80,1792,80,48828,198,9658
120,12,80,23682,80,49609,198,9913
120,12,80,29688,80,50391,199,0181
120,12,80,35205,80,51172,199,0426
120,12,80,41187,80,51953,199,0692
120,12,80,47534,80,52832,199,0974
120,12,80,53442,80,53613,199,1237
120,12,80,53442,80,53613,199,1237
120,12,80,59302,80,54443,199,1497
120,12,80,65308,80,55225,199,1765
120,12,80,71362,80,56055,199,2034
120,12,80,77515,80,56885,199,2306
120,12,80,83374,80,57666,199,2567
120,12,80,89795,80,58545,199,2853
120,12,80,95679,80,59326,199,3114
120,12,81,02051,80,60205,199,3396
120,12,81,07349,80,60938,199,3633
120,12,81,07349,80,60938,199,3633
120,12,81,13965,80,61816,199,3927
120,12,81,19873,80,62598,199,4189
120,12,81,26733,80,63525,199,4493
120,12,81,32568,80,64355,199,4753
120,12,81,38818,80,65186,199,5031
120,12,81,44409,80,65918,199,528
120,12,81,50049,80,66699,199,5531
120,12,81,5625,80,67529,199,5806
120,12,81,61694,80,68262,199,6047
120,12,81,61694,80,68262,199,6047
120,12,81,67871,80,69092,199,6323
120,12,81,74048,80,69971,199,6597
120,12,81,79736,80,70703,199,6849
120,12,81,86401,80,71631,199,7146
120,12,81,93262,80,72559,199,7451
120,12,81,99121,80,7334,199,7711
120,12,82,05273,80,7417,199,7985
120,13,82,11255,80,75,199,8252
120,13,82,11255,80,75,199,8252
120,13,82,16821,80,75732,199,8499
120,13,82,22925,80,76563,199,877
120,13,82,29077,80,77393,199,9044
120,13,82,34058,80,78076,199,9264
120,13,82,40259,80,78906,199,954
120,13,82,45972,80,79688,199,9794
120,13,82,51294,80,8042,200,0031
120,13,82,56665,80,81152,200,0269
120,13,82,61646,80,81787,200,0491
120,13,82,68262,80,82715,200,0785
120,13,82,7439,80,83545,200,1057
120,13,82,80029,80,84277,200,1309
120,13,82,85718,80,85059,200,1561
120,13,82,91479,80,8584,200,1816
120,13,82,96558,80,86523,200,2043
120,13,83,01953,80,87256,200,2281
120,13,83,06543,80,87891,200,2485
120,13,83,11963,80,88623,200,2727
120,13,83,21484,80,89893,200,3151
120,13,83,26025,80,90527,200,3352
120,13,83,30273,80,91113,200,3541
120,13,83,34741,80,91699,200,374
120,13,83,39453,80,92334,200,3949
120,13,83,48486,80,93555,200,4351
120,13,83,52881,80,94141,200,4546
120,13,83,57349,80,94775,200,4745
120,13,83,61768,80,95361,200,4941
120,13,83,66406,80,95996,200,5148
120,13,83,75537,80,97217,200,5553
120,13,83,80469,80,979,200,5692
120,13,83,85083,80,98535,200,5824
120,13,83,89771,80,99219,200,5956
120,13,83,94604,80,99902,200,6094
120,13,84,04199,81,01221,200,6365
120,13,84,08691,81,01855,200,6493
120,13,84,13574,81,02539,200,6631
120,13,84,18359,81,03223,200,6766
120,13,84,23242,81,03906,200,6904
120,13,84,3269,81,05225,200,7173
120,13,84,37134,81,05859,200,7299
120,13,84,41943,81,06494,200,7435
120,13,84,46509,81,07129,200,7563
120,13,84,52222,81,07959,200,7726
120,13,84,57007,81,08643,200,7861
120,13,84,62622,81,09424,200,802
120,13,84,72949,81,1084,200,8313
120,13,84,77588,81,11523,200,8445
120,13,84,82202,81,12158,200,8575
120,13,84,87231,81,12842,200,8718
120,13,84,91797,81,13477,200,8848
120,13,84,97363,81,14258,200,9004
120,13,85,06836,81,15576,200,9274
120,13,85,11182,81,16211,200,9397
120,13,85,15967,81,16895,200,9531
120,13,85,20581,81,17529,200,9663
120,13,85,25439,81,18213,200,98
120,13,85,35742,81,19629,201,0093
120,13,85,40625,81,20313,201,0231
120,13,85,46191,81,21094,201,0388
120,13,85,51123,81,21777,201,0527
120,13,85,55933,81,22461,201,0664
120,13,85,60498,81,23096,201,0793
120,13,85,65332,81,23779,201,093
120,13,85,75708,81,25244,201,1224
120,13,85,802,81,25879,201,1351
120,13,85,85132,81,26563,201,1492
120,13,85,89185,81,27148,201,1606
120,13,85,9436,81,27832,201,1753
120,13,85,99023,81,28516,201,1885
120,13,86,09961,81,30029,201,2195
120,13,86,14844,81,30713,201,2334
120,13,86,2002,81,31445,201,248
120,13,86,24512,81,3208,201,2607
120,13,86,29419,81,32764,201,2747
120,13,86,38721,81,34033,201,301
120,13,86,43604,81,34717,201,3148
120,13,86,48315,81,354,201,3282
120,13,86,53003,81,36035,201,3414
120,13,86,57886,81,36719,201,3553
120,13,86,67065,81,38037,201,3813
120,13,86,72314,81,3877,201,3962
120,13,86,72314,81,3877,201,3962
120,13,86,84937,81,40527,201,432
120,13,86,89648,81,41162,201,4453
120,13,86,94043,81,41797,201,4578
120,13,86,98975,81,4248,201,4717
120,13,87,03638,81,43164,201,485
120,13,87,12671,81,44434,201,5105
120,13,87,17822,81,45117,201,5251
120,13,87,22339,81,45752,201,538
120,13,87,27222,81,46436,201,5518
120,13,87,33423,81,47314,201,5693
120,13,87,37988,81,47852,201,5795
120,13,87,42407,81,48438,201,5894
120,13,87,47046,81,48975,201,5996
120,13,87,56592,81,50146,201,6208
120,13,87,61841,81,5083,201,6326
120,13,87,65674,81,5127,201,6411
120,13,87,70288,81,51855,201,6514
120,13,87,79688,81,53027,201,6722
120,13,87,83887,81,53516,201,6816
120,13,87,87817,81,54004,201,6903
120,13,87,97144,81,55176,201,7111
120,13,88,02002,81,55762,201,7219
120,13,88,05542,81,56201,201,7297
120,13,88,15015,81,57373,201,7509
120,13,88,19922,81,57959,201,7617
120,13,88,2417,81,58496,201,7712
120,13,88,29077,81,59082,201,7821
120,13,88,33667,81,59668,201,7924
120,13,88,43311,81,6084,201,8137
120,13,88,48242,81,61426,201,8247
120,13,88,52905,81,62012,201,8351
120,13,88,5752,81,62598,201,8453
120,13,88,62842,81,63232,201,8572
120,13,88,73071,81,64502,201,88
120,13,88,78174,81,65137,201,8914
120,13,88,82642,81,65674,201,9012
120,13,88,87427,81,6626,201,9119
120,13,88,97021,81,67432,201,9332
120,13,89,01318,81,67969,201,9427
120,13,89,05713,81,68506,201,9526
120,13,89,1062,81,69141,201,9635
120,13,89,15283,81,69678,201,9739
120,13,89,25244,81,70898,201,996
120,13,89,29834,81,71484,202,0062
120,14,89,34424,81,7207,202,0165
120,14,89,38818,81,72607,202,0262
120,14,89,48047,81,7373,202,0468
120,14,89,52954,81,74316,202,0576
120,14,89,57666,81,74902,202,0681
120,14,89,66748,81,76025,202,0884
120,14,89,70874,81,76514,202,0975
120,14,89,75708,81,77148,202,1083
120,14,89,80151,81,77686,202,1182
120,14,89,89453,81,78809,202,1388
120,14,89,94214,81,79395,202,1494
120,14,89,9873,81,7998,202,1595
120,14,90,03223,81,80518,202,1694
120,14,90,12671,81,81689,202,1904
120,14,90,17212,81,82227,202,2007
120,14,90,21411,81,82764,202,21
120,14,90,26294,81,8335,202,2208
120,14,90,35815,81,84521,202,2419
120,14,90,4021,81,85059,202,2517
120,14,90,44873,81,85645,202,2622
120,14,90,49512,81,8623,202,2725
120,14,90,59106,81,87402,202,2938
120,14,90,63794,81,87988,202,3042
120,14,90,67725,81,88477,202,313
120,14,90,76563,81,89551,202,3326
120,14,90,80981,81,90088,202,3425
120,14,90,85303,81,90625,202,3521
120,14,90,94556,81,91748,202,3727
120,14,90,98926,81,92285,202,3823
120,14,91,03394,81,92822,202,3923
120,14,91,08032,81,93408,202,4026
120,14,91,17358,81,9458,202,4233
120,14,91,22168,81,95166,202,4341
120,14,91,2666,81,95703,202,4441
120,14,91,32104,81,96387,202,4562
120,14,91,36328,81,96875,202,4656
120,14,91,45801,81,98047,202,4866
120,14,91,5061,81,98633,202,4973
120,14,91,54736,81,9917,202,5065
120,14,91,5979,81,99805,202,5178
120,14,91,6897,82,00928,202,5382
120,14,91,73364,82,01465,202,548
120,14,91,7771,82,02002,202,5576
120,14,91,86499,82,03076,202,5771
120,14,91,91455,82,03662,202,5883
120,14,91,95703,82,04199,202,5977
120,14,91,97241,82,04395,202,6011
120,14,92,06567,82,05273,202,6228
120,14,92,10986,82,05664,202,6331
120,14,92,15405,82,06104,202,6433
120,14,92,24536,82,06934,202,6646
120,14,92,28198,82,07275,202,6731
120,14,92,3689,82,08105,202,6932
120,14,92,41138,82,08496,202,7031
120,14,92,46069,82,08984,202,7146
120,14,92,50586,82,09375,202,7251
120,14,92,59912,82,10254,202,7468
120,14,92,64648,82,10693,202,7578
120,14,92,68701,82,11084,202,7673
120,14,92,73608,82,11523,202,7787
120,14,92,82446,82,12354,202,7993
120,14,92,86914,82,12793,202,8097
120,14,92,9104,82,13184,202,8193
120,14,92,96387,82,13672,202,8317
120,14,93,05493,82,14502,202,8529
120,14,93,09692,82,14893,202,8625
120,14,93,1438,82,15332,202,8735
120,14,93,23389,82,16211,202,8945
120,14,93,28516,82,16699,202,9064
120,14,93,3335,82,17139,202,9177
120,14,93,38647,82,17627,202,9299
120,14,93,47241,82,18408,202,95
120,14,93,51782,82,18848,202,9606
120,14,93,55762,82,19238,202,9697
120,14,93,60522,82,19678,202,9808
120,14,93,70874,82,20654,203,005
120,14,93,75,82,21045,203,0145
120,14,93,79248,82,21436,203,0244
120,14,93,88037,82,22266,203,0449
120,14,93,92578,82,22656,203,0554
120,14,93,96509,82,23047,203,0646
120,14,94,05396,82,23877,203,0852
120,14,94,09814,82,24268,203,0955
120,14,94,1394,82,24658,203,1051
120,14,94,23047,82,25537,203,1263
120,14,94,27295,82,25928,203,1362
120,14,94,31934,82,26367,203,147
120,14,94,36182,82,26758,203,1569
120,14,94,45459,82,27637,203,1785
120,14,94,49927,82,28027,203,1887
120,14,94,53979,82,28418,203,1982
120,14,94,62939,82,29248,203,219
120,14,94,67773,82,29688,203,2303
120,14,94,71606,82,30078,203,2393
120,14,94,80811,82,30908,203,2606
120,14,94,85327,82,31348,203,2711
120,14,94,89478,82,31738,203,2808
120,14,94,94043,82,32178,203,2914
120,14,95,03687,82,33057,203,3138
120,14,95,08301,82,33496,203,3246
120,14,95,12305,82,33887,203,3339
120,14,95,1748,82,34375,203,3459
120,14,95,22168,82,34521,203,3645
120,14,95,25928,82,34619,203,3798
120,14,95,30396,82,34766,203,3979
120,14,95,38965,82,3501,203,4327
120,14,95,42749,82,35107,203,4481
120,14,95,47119,82,35254,203,4658
120,14,95,55566,82,35498,203,5
120,14,95,59814,82,35645,203,5173
120,14,95,6394,82,35742,203,5341
120,14,95,73071,82,36035,203,5712
120,14,95,77612,82,36182,203,5895
120,14,95,81494,82,36279,203,6052
120,14,95,86206,82,36426,203,6244
120,14,95,90601,82,36572,203,6422
120,14,96,00342,82,36816,203,6818
120,14,96,04492,82,36963,203,6986
120,14,96,08154,82,37061,203,7134
120,14,96,16724,82,37305,203,7483
120,14,96,20508,82,37451,203,7635
120,14,96,25269,82,37598,203,7828
120,14,96,34106,82,37842,203,8187
120,14,96,38428,82,37988,203,8363
120,14,96,42578,82,38086,203,853
120,14,96,46997,82,38232,203,8711
120,14,96,55713,82,38477,203,9064
120,14,96,60254,82,38623,203,9248
120,14,96,64258,82,3877,203,941
120,14,96,68994,82,38867,203,9602
120,15,96,77856,82,3916,203,9962
120,15,96,82446,82,39307,204,0149
120,15,96,86304,82,39404,204,0305
120,15,96,9458,82,39648,204,064
120,15,96,99463,82,39795,204,084
120,15,97,06567,82,3999,204,1128
120,15,97,10718,82,40137,204,1296
120,15,97,14233,82,40234,204,1438
120,15,97,23145,82,40527,204,1799
120,15,97,27637,82,40625,204,1981
120,15,97,31885,82,40771,204,2155
120,15,97,36328,82,40918,204,2334
120,15,97,44702,82,41162,204,2675
120,15,97,48584,82,4126,204,2832
120,15,97,53564,82,41406,204,3033
120,15,97,57715,82,41553,204,3202
120,15,97,66797,82,41797,204,3572
120,15,97,7146,82,41943,204,376
120,15,97,75562,82,4209,204,3926
120,15,97,79761,82,42188,204,4097
120,15,97,89209,82,4248,204,448
120,15,97,94067,82,42627,204,4677
120,15,97,98608,82,42773,204,4862
120,15,98,02979,82,42871,204,5039
120,15,98,07373,82,43018,204,5217
120,15,98,1687,82,43311,204,5602
120,15,98,18872,82,43359,204,5684
120,15,98,2229,82,43164,204,5978
120,15,98,2605,82,4292,204,6302
120,15,98,29712,82,42725,204,6617
120,15,98,37695,82,42236,204,7306
120,15,98,41406,82,42041,204,7625
120,15,98,45215,82,41797,204,7954
120,15,98,48877,82,41602,204,8269
120,15,98,52832,82,41357,204,8608
120,15,98,6062,82,40869,204,9281
120,15,98,64282,82,40674,204,9596
120,15,98,68188,82,4043,204,9933
120,15,98,71729,82,40234,205,0238
120,15,98,75952,82,3999,205,0602
120,15,98,83179,82,39551,205,1226
120,15,98,86987,82,39307,205,1553
120,15,98,90381,82,39111,205,1846
120,15,98,94019,82,38916,205,2158
120,15,98,97974,82,38672,205,25
120,15,99,05957,82,38184,205,3187
120,15,99,09741,82,37988,205,3513
120,15,99,13281,82,37744,205,3817
120,15,99,17017,82,37549,205,4139
120,15,99,20898,82,37305,205,4475
120,15,99,28467,82,36865,205,5127
120,15,99,32617,82,36621,205,5485
120,15,99,36206,82,36426,205,5793
120,15,99,39697,82,36182,205,6094
120,15,99,43457,82,35986,205,6417
120,15,99,51221,82,35498,205,7087
120,15,99,54907,82,35303,205,7404
120,15,99,58691,82,35059,205,7729
120,15,99,62573,82,34863,205,8064
120,15,99,66235,82,34619,205,8381
120,15,99,74268,82,34131,205,9072
120,15,99,78052,82,33936,205,9398
120,15,99,81982,82,33691,205,9739
120,15,99,86011,82,33447,206,0085
120,15,99,90137,82,33203,206,0439
120,15,99,93677,82,33008,206,0745
120,15,99,95215,82,3291,206,0878
120,15,100,0303,82,3208,206,1622
120,15,100,0679,82,31689,206,198
120,15,100,1035,82,31299,206,2322
120,15,100,1401,82,30908,206,2671
120,15,100,1814,82,30469,206,3063
120,15,100,2183,82,30078,206,3416
120,15,100,2915,82,29297,206,4113
120,15,100,3303,82,28906,206,4484
120,15,100,3682,82,28516,206,4844
120,15,100,4058,82,28076,206,5204
120,15,100,4453,82,27686,206,5581
120,15,100,4788,82,27344,206,5898
120,15,100,5525,82,26563,206,6603
120,15,100,5894,82,26172,206,6953
120,15,100,6265,82,25781,206,7307
120,15,100,6643,82,25342,206,7668
120,15,100,7012,82,24951,206,802
120,15,100,7407,82,24561,206,8397
120,15,100,7756,82,2417,206,8729
120,15,100,8171,82,2373,206,9126
120,15,100,8958,82,229,206,9875
120,15,100,9365,82,22461,207,0264
120,15,100,9741,82,2207,207,0623
120,15,101,0125,82,2168,207,0986
120,15,101,0508,82,2124,207,1353
120,15,101,0989,82,20752,207,1812
120,15,101,1362,82,20361,207,2168
120,15,101,1768,82,19922,207,2554
120,15,101,2102,82,1958,207,2872
120,15,101,2537,82,19092,207,3287
120,15,101,3291,82,18311,207,4006
120,15,101,3694,82,17871,207,4392
120,15,101,4084,82,1748,207,4764
120,15,101,448,82,17041,207,5139
120,15,101,4858,82,1665,207,5502
120,15,101,5264,82,16211,207,5887
120,15,101,5264,82,16211,207,5887
120,15,101,5264,82,16211,207,5887
120,15,101,5264,82,16211,207,5887
120,15,101,5264,82,16211,207,5887
120,15,101,5264,82,16211,207,5887
120,15,101,5264,82,16211,207,5887
120,15,101,5264,82,16211,207,5887
120,15,101,5264,82,16211,207,5887
120,15,101,5264,82,16211,207,5887
120,15,101,5264,82,16211,207,5887
120,15,101,5264,82,16211,207,5887
120,15,101,5264,82,16211,207,5887
120,15,101,5264,82,16211,207,5887
120,15,101,5264,82,16211,207,5887
120,15,101,5264,82,16211,207,5887
120,15,101,5264,82,16211,207,5887
120,15,101,5264,82,16211,207,5887
120,15,101,5264,82,16211,207,5887
120,15,101,5264,82,16211,207,5887
120,15,101,5264,82,16211,207,5887
120,15,101,5264,82,16211,207,5887
120,15,101,5264,82,16211,207,5887
120,15,101,5264,82,16211,207,5887
120,15,101,5264,82,16211,207,5887
120,16,101,5264,82,16211,207,5887
120,16,101,5264,82,16211,207,5887
120,16,101,5679,82,15771,207,6357
120,16,101,5679,82,15771,207,6357
120,16,101,6062,82,15381,207,6794
120,16,101,6536,82,14844,207,7332
120,16,101,6982,82,14355,207,7841
120,16,101,7383,82,13965,207,8296
120,16,101,7754,82,13525,207,8716
120,16,101,8193,82,13086,207,9216
120,16,101,8586,82,12646,207,9663
120,16,101,9011,82,12207,208,0146
120,16,101,9417,82,11768,208,0605
120,16,101,9827,82,11328,208,1073
120,16,102,0242,82,10889,208,1545
120,16,102,0669,82,10449,208,2029
120,16,102,1104,82,09961,208,2524
120,16,102,1477,82,0957,208,2948
120,16,102,1838,82,0918,208,3358
120,16,102,2266,82,0874,208,3845
120,16,102,2686,82,08252,208,4321
120,16,102,3064,82,07861,208,475
120,16,102,3511,82,07373,208,5259
120,16,102,3975,82,06885,208,5786
120,16,102,3975,82,06885,208,5786
120,16,102,4407,82,06445,208,6278
120,16,102,4861,82,05957,208,6794
120,16,102,5266,82,05518,208,7255
120,16,102,5659,82,05078,208,77
120,16,102,6045,82,04688,208,8137
120,16,102,6487,82,04199,208,864
120,16,102,6899,82,0376,208,9108
120,16,102,7349,82,03271,208,962
120,16,102,7778,82,02832,209,0107
120,16,102,8203,82,02344,209,059
120,16,102,8679,82,01855,209,113
120,16,102,9099,82,01416,209,1608
120,16,102,9099,82,01416,209,1608
120,16,102,9534,82,00928,209,2102
120,16,103,0015,82,00439,209,265
120,16,103,05,81,99902,209,3202
120,16,103,0918,81,99463,209,3676
120,16,103,1355,81,98975,209,4172
120,16,103,1746,81,98584,209,4614
120,16,103,219,81,98096,209,5121
120,16,103,219,81,98096,209,5121
120,16,103,262,81,97852,209,5698
120,16,103,304,81,97607,209,6263
120,16,103,3486,81,97314,209,6866
120,16,103,3838,81,97119,209,7339
120,16,103,4197,81,96924,209,7821
120,16,103,4578,81,9668,209,8335
120,16,103,4956,81,96436,209,8844
120,16,103,5322,81,9624,209,9337
120,16,103,5706,81,95996,209,9852
120,16,103,6104,81,95801,210,0386
120,16,103,645,81,95557,210,0853
120,16,103,6843,81,95361,210,1383
120,16,103,7222,81,95117,210,1892
120,16,103,7222,81,95117,210,1892
120,16,103,7605,81,94873,210,2407
120,16,103,8396,81,94434,210,3472
120,16,103,8396,81,94434,210,3472
120,16,103,8738,81,94238,210,3932
120,16,103,9111,81,93994,210,4436
120,16,103,9478,81,93799,210,4928
120,16,103,9851,81,93555,210,5428
120,16,104,0256,81,93311,210,5975
120,16,104,0615,81,93115,210,6459
120,16,104,0967,81,9292,210,6931
120,16,104,1306,81,92725,210,7388
120,16,104,1655,81,9248,210,7859
120,16,104,2063,81,92236,210,8407
120,16,104,2417,81,92041,210,8882
120,16,104,2793,81,91846,210,9388
120,16,104,3135,81,91602,210,9849
120,16,104,3486,81,91406,211,0322
120,16,104,3848,81,91211,211,0807
120,16,104,4207,81,90967,211,1292
120,16,104,4629,81,90723,211,186
120,16,104,4998,81,90527,211,2357
120,16,104,5364,81,90283,211,2848
120,16,104,5745,81,90088,211,3362
120,16,104,5813,81,90039,211,3453
120,16,104,6069,81,8999,211,3979
120,16,104,6304,81,8999,211,4459
120,16,104,6589,81,89941,211,5046
120,16,104,6851,81,89941,211,5583
120,16,104,7139,81,89893,211,6176
120,16,104,7385,81,89844,211,6685
120,16,104,7646,81,89844,211,7218
120,16,104,7898,81,89795,211,7737
120,16,104,8147,81,89746,211,8245
120,16,104,8389,81,89746,211,8741
120,16,104,8652,81,89697,211,9283
120,16,104,8904,81,89697,211,9801
120,16,104,9172,81,89648,212,0353
120,16,104,9414,81,896,212,085
120,16,104,9905,81,89551,212,1854
120,16,105,0125,81,89551,212,231
120,16,105,0378,81,89502,212,2831
120,16,105,0654,81,89453,212,3395
120,16,105,0654,81,89453,212,3395
120,16,105,1213,81,89404,212,4543
120,16,105,1433,81,89404,212,4994
120,16,105,1694,81,89355,212,5535
120,16,105,1926,81,89307,212,6011
120,16,105,2197,81,89307,212,6565
120,16,105,2461,81,89258,212,7109
120,16,105,2705,81,89258,212,7606
120,16,105,2969,81,89209,212,8151
120,16,105,322,81,8916,212,8667
120,16,105,3467,81,8916,212,9172
120,16,105,3708,81,89111,212,9667
120,16,105,3928,81,89111,213,0122
120,16,105,418,81,89063,213,0638
120,16,105,4404,81,89014,213,1096
120,16,105,4868,81,88965,213,205
120,16,105,5005,81,88965,213,2332
120,16,105,5005,81,88965,213,2332
120,16,105,5005,81,88965,213,2332
120,16,105,5005,81,88965,213,2332
120,16,105,5005,81,88965,213,2332
120,16,105,5005,81,88965,213,2332
120,16,105,5005,81,88965,213,2332
120,16,105,5005,81,88965,213,2332
120,16,105,5005,81,88965,213,2332
120,16,105,5005,81,88965,213,2332
120,16,105,5005,81,88965,213,2332
120,16,105,5005,81,88965,213,2332
120,16,105,5005,81,88965,213,2332
120,16,105,5005,81,88965,213,2332
120,16,105,5005,81,88965,213,2332
120,16,105,5005,81,88965,213,2332
120,16,105,5005,81,88965,213,2332
120,16,105,5005,81,88965,213,2332
120,16,105,5005,81,88965,213,2332
120,16,105,5005,81,88965,213,2332
120,16,105,5005,81,88965,213,2332
120,16,105,5146,81,8916,213,2778
120,16,105,5313,81,89355,213,3311
120,16,105,5483,81,896,213,3849
120,16,105,5637,81,89795,213,4337
120,16,105,5793,81,8999,213,4839
120,16,105,613,81,9043,213,5906
120,16,105,6292,81,90625,213,6418
120,16,105,646,81,90869,213,6951
120,16,105,6621,81,91064,213,7462
120,16,105,6775,81,9126,213,7949
120,16,105,6953,81,91504,213,8519
120,16,105,7136,81,91748,213,9099
120,16,105,7288,81,91943,213,9583
120,16,105,7461,81,92139,214,0127
120,16,105,7764,81,92578,214,1094
120,16,105,79,81,92725,214,1528
120,16,105,8086,81,92969,214,2115
120,16,105,825,81,93164,214,2637
120,16,105,8442,81,93457,214,3243
120,16,105,8582,81,93604,214,3685
120,16,105,8743,81,93848,214,4197
120,16,105,8882,81,93994,214,4645
120,16,105,9211,81,94434,214,5691
120,16,105,9358,81,94629,214,615
120,16,105,9507,81,94824,214,6624
120,16,105,9661,81,9502,214,7118
120,16,105,9822,81,95215,214,7626
120,16,106,012,81,95605,214,8573
120,16,106,0266,81,95801,214,9039
120,16,106,0403,81,95996,214,9474
120,16,106,0557,81,96191,214,9957
120,16,106,0706,81,96387,215,0431
120,16,106,0881,81,96631,215,0994
120,16,106,1047,81,96826,215,1519
120,16,106,1384,81,97266,215,259
120,16,106,1528,81,97461,215,3043
120,16,106,1704,81,97656,215,3604
120,16,106,1848,81,97852,215,406
120,16,106,1997,81,98047,215,453
120,16,106,2139,81,98242,215,4979
120,16,106,228,81,98438,215,5431
120,16,106,2327,81,98486,215,558
120,16,106,2327,81,98486,215,558
120,16,106,2327,81,98486,215,558
120,16,106,2327,81,98486,215,558
120,16,106,2327,81,98486,215,558
120,16,106,2327,81,98486,215,558
120,16,106,2327,81,98486,215,558
120,16,106,2327,81,98486,215,558
120,16,106,2327,81,98486,215,558
120,16,106,2327,81,98486,215,558
120,16,106,2327,81,98486,215,558
120,16,106,2327,81,98486,215,558
120,16,106,2327,81,98486,215,558
120,16,106,2327,81,98486,215,558
120,16,106,2488,81,98975,215,6395
120,16,106,2607,81,99316,215,7
120,16,106,2742,81,99707,215,7684
120,16,106,2849,82,00049,215,8232
120,16,106,2849,82,00049,215,8232
120,16,106,2849,82,00049,215,8232
120,16,106,2849,82,00049,215,8232
120,16,106,2849,82,00049,215,8232
120,16,106,2939,82,00293,215,8696
120,16,106,3521,82,02051,216,1635
120,16,106,3657,82,02441,216,2334
120,16,106,3862,82,03076,216,3373
120,16,106,395,82,0332,216,3826
120,16,106,4053,82,03613,216,4341
120,16,106,4146,82,03906,216,4808
120,16,106,4329,82,04443,216,574
120,16,106,4409,82,04688,216,6149
120,16,106,4495,82,04932,216,6586
120,16,106,4583,82,05225,216,7036
120,16,106,4692,82,05518,216,7587
120,16,106,481,82,05859,216,8179
120,16,106,502,82,06494,216,9246
120,16,106,5112,82,06787,216,9716
120,16,106,5203,82,07031,217,0178
120,16,106,53,82,07324,217,0679
120,16,106,5417,82,07666,217,1274
120,16,106,552,82,08008,217,1785
120,16,106,5635,82,0835,217,2379
120,16,106,5845,82,08936,217,3434
120,16,106,5938,82,09229,217,391
120,16,106,6021,82,09473,217,4335
120,16,106,6104,82,09717,217,475
120,16,106,6196,82,1001,217,5226
120,16,106,6421,82,10645,217,636
120,16,106,6511,82,10938,217,6821
120,16,106,6599,82,11182,217,7267
120,16,106,6687,82,11475,217,7714
120,16,106,6741,82,11621,217,7987
120,16,106,6741,82,11621,217,7987
120,16,106,6741,82,11621,217,7987
120,16,106,6741,82,11621,217,7987
120,16,106,6741,82,11621,217,7987
120,16,106,6741,82,11621,217,7987
120,16,106,6741,82,11621,217,7987
120,16,106,6741,82,11621,217,7987
120,16,106,6741,82,11621,217,7987
120,16,106,6741,82,11621,217,7987
120,16,106,6741,82,11621,217,7987
120,16,106,6741,82,11621,217,7987
120,16,106,6741,82,11621,217,7987
120,16,106,6741,82,11621,217,7987
120,16,106,6741,82,11621,217,7987
120,16,106,6741,82,11621,217,7987
120,16,106,6741,82,11621,217,7987
120,16,106,6741,82,11621,217,7987
120,16,106,6741,82,11621,217,7987
120,16,106,6741,82,11621,217,7987
120,16,106,6741,82,11621,217,7987
120,16,106,6741,82,11621,217,7987
120,16,106,6787,82,11914,217,8438
120,16,106,6833,82,12207,217,8867
120,16,106,689,82,12549,217,9408
120,16,106,6936,82,12842,217,9865
120,16,106,6985,82,13135,218,0317
120,16,106,7087,82,13818,218,1302
120,16,106,7139,82,14111,218,1792
120,16,106,718,82,14404,218,22
120,16,106,7275,82,1499,218,3102
120,16,106,7329,82,15332,218,3635
120,16,106,7378,82,15625,218,4097
120,16,106,7429,82,15967,218,4581
120,16,106,7527,82,16602,218,5518
120,16,106,7573,82,16895,218,5958
120,16,106,762,82,17188,218,6414
120,16,106,7717,82,17773,218,7351
120,16,106,7761,82,18066,218,778
120,16,106,7805,82,18359,218,8181
120,16,106,7859,82,18701,218,8708
120,16,106,7905,82,18994,218,916
120,16,106,8018,82,19678,219,0233
120,16,106,8074,82,2002,219,0759
120,16,106,8115,82,20313,219,116
120,16,106,8208,82,20898,219,2061
120,16,106,8262,82,2124,219,2566
120,16,106,8303,82,21484,219,2968
120,16,106,8401,82,22119,219,3888
120,16,106,8442,82,22363,219,4304
120,16,106,8494,82,22705,219,4788
120,16,106,8577,82,23242,219,5587
120,16,106,863,82,23535,219,6102
120,16,106,8674,82,23828,219,6527
120,16,106,8723,82,24121,219,6978
120,16,106,8823,82,24756,219,7954
120,16,106,8877,82,25098,219,8455
120,16,106,8918,82,25391,219,8857
120,16,106,9019,82,26025,219,9811
120,16,106,906,82,2627,220,0215
120,16,106,9104,82,26563,220,0634
120,16,106,9204,82,27197,220,1605
120,16,106,9248,82,27441,220,201
120,16,106,9294,82,27734,220,2466
120,16,106,9392,82,28369,220,3407
120,16,106,9431,82,28613,220,3774
120,16,106,9431,82,28613,220,3774
120,16,106,9431,82,28613,220,3774
120,16,106,9431,82,28613,220,3774
120,16,106,9431,82,28613,220,3774
120,16,106,9431,82,28613,220,3774
120,16,106,9431,82,28613,220,3774
120,16,106,9431,82,28613,220,3774
120,16,106,9431,82,28613,220,3774
120,16,106,9431,82,28613,220,3774
120,16,106,9431,82,28613,220,3774
120,16,106,949,82,28906,220,4221
120,16,106,9543,82,2915,220,4618
120,16,106,9617,82,29541,220,5172
120,16,106,9746,82,30127,220,6143
120,16,106,9802,82,3042,220,6559
120,16,106,9866,82,30713,220,7042
120,16,106,9927,82,31006,220,7501
120,16,107,0049,82,31592,220,8409
120,16,107,0103,82,31885,220,8818
120,16,107,0164,82,32178,220,9275
120,16,107,0286,82,32764,221,0187
120,16,107,0347,82,33057,221,0654
120,16,107,0408,82,3335,221,1116
120,16,107,0527,82,33936,221,2013
120,16,107,0588,82,34229,221,246
120,16,107,0696,82,34766,221,3276
120,16,107,0754,82,35059,221,3718
120,16,107,0859,82,35547,221,4497
120,16,107,0913,82,3584,221,4916
120,16,107,0964,82,36035,221,5292
120,16,107,1082,82,36621,221,6178
120,16,107,1135,82,36865,221,6573
120,16,107,1204,82,37207,221,7098
120,16,107,1328,82,37842,221,802
120,16,107,1384,82,38086,221,845
120,16,107,1438,82,38379,221,8845
120,16,107,1563,82,38965,221,979
120,16,107,1619,82,39258,222,0215
120,16,107,1675,82,39502,222,0636
120,16,107,1787,82,40039,222,1475
120,16,107,1851,82,40381,222,1949
120,16,107,196,82,40918,222,2782
120,16,107,2017,82,41162,222,3207
120,16,107,2124,82,41699,222,4011
120,16,107,2175,82,41943,222,4398
120,16,107,2239,82,42236,222,4869
120,16,107,2344,82,42773,222,5653
120,16,107,2402,82,43066,222,6102
120,16,107,2456,82,43311,222,649
120,16,107,2576,82,43896,222,7396
120,16,107,2642,82,44189,222,7891
120,16,107,2725,82,4458,222,851
120,16,107,2793,82,44922,222,9028
120,16,107,2856,82,45264,222,9506
120,16,107,2935,82,45605,223,0095
120,16,107,302,82,46045,223,0741
120,16,107,3103,82,46436,223,1355
120,16,107,3171,82,46777,223,1875
120,16,107,3181,82,46826,223,1947
120,16,107,3181,82,46826,223,1947
120,16,107,3181,82,46826,223,1947
120,16,107,3181,82,46826,223,1947
120,16,107,3181,82,46826,223,1947
120,16,107,3181,82,46826,223,1947
120,16,107,3181,82,46826,223,1947
120,16,107,3181,82,46826,223,1947
120,16,107,3181,82,46826,223,1947
120,16,107,3181,82,46826,223,1947
120,16,107,3181,82,46826,223,1947
120,16,107,3181,82,46826,223,1947
120,16,107,3181,82,46826,223,1947
120,16,107,3181,82,46826,223,1947
120,16,107,3181,82,46826,223,1947
120,16,107,3181,82,46826,223,1947
120,16,107,3181,82,46826,223,1947
120,16,107,3181,82,46826,223,1947
120,16,107,3181,82,46826,223,1947
120,16,107,3181,82,46826,223,1947
120,16,107,3181,82,46826,223,1947
120,16,107,3181,82,46826,223,1947
120,16,107,3181,82,46826,223,1947
120,16,107,3181,82,46826,223,1947
120,16,107,3181,82,46826,223,1947
120,16,107,3181,82,46826,223,1947
120,16,107,3181,82,46826,223,1947
120,16,107,3181,82,46826,223,1947
120,16,107,3296,82,47363,223,2852
120,16,107,3352,82,47607,223,3298
120,16,107,3401,82,47852,223,3684
120,16,107,3516,82,4834,223,46
120,16,107,3574,82,48633,223,5059
120,16,107,3674,82,49072,223,5858
120,16,107,3733,82,49365,223,6323
120,16,107,3792,82,49609,223,678
120,16,107,3894,82,50098,223,7587
120,16,107,396,82,50391,223,8112
120,16,107,4019,82,50684,223,8574
120,16,107,4126,82,51172,223,9434
120,16,107,4182,82,51416,223,9877
120,16,107,4285,82,51904,224,0686
120,16,107,4331,82,521,224,1067
120,16,107,4382,82,52344,224,1456
120,16,107,449,82,52832,224,2321
120,16,107,4541,82,53076,224,2715
120,16,107,4646,82,53564,224,3561
120,16,107,4707,82,53809,224,403
120,16,107,4753,82,54053,224,4406
120,16,107,4868,82,5459,224,5313
120,16,107,4973,82,55029,224,6135
120,16,107,5015,82,55225,224,6465
120,16,107,5117,82,55713,224,729
120,16,107,5161,82,55908,224,7643
120,16,107,521,82,56152,224,8024
120,16,107,5325,82,56641,224,8921
120,16,107,5376,82,56885,224,9336
120,16,107,5425,82,57129,224,9729
120,16,107,5552,82,57715,225,0731
120,16,107,5603,82,57959,225,1132
120,16,107,5706,82,58398,225,1956
120,16,107,5757,82,58643,225,2352
120,16,107,5854,82,59082,225,3131
120,16,107,5908,82,59326,225,3551
120,16,107,5972,82,59619,225,4049
120,16,107,6035,82,59912,225,4565
120,16,107,6147,82,60449,225,5444
120,16,107,6213,82,60742,225,5967
120,16,107,6265,82,60986,225,6375
120,16,107,6377,82,61475,225,7266
120,16,107,6431,82,61719,225,7698
120,16,107,6533,82,62207,225,85
120,16,107,6587,82,62451,225,8934
120,16,107,6636,82,62695,225,9314
120,16,107,6746,82,63184,226,0182
120,16,107,6802,82,63428,226,0625
120,16,107,6899,82,63867,226,1409
120,16,107,6963,82,6416,226,1907
120,16,107,7012,82,64404,226,2295
120,16,107,7122,82,64893,226,3162
120,16,107,7188,82,65186,226,3689
120,16,107,7241,82,6543,226,4114
120,16,107,7332,82,65869,226,483
120,16,107,7378,82,65967,226,5293
120,16,107,7419,82,66064,226,5718
120,16,107,7512,82,6626,226,6669
120,16,107,7559,82,66357,226,7152
120,16,107,7603,82,66455,226,759
120,16,107,769,82,6665,226,8505
120,16,107,7729,82,66699,226,8896
120,16,107,7771,82,66797,226,9308
120,16,107,7854,82,66992,227,0157
120,16,107,7903,82,6709,227,0651
120,16,107,7981,82,67236,227,1466
120,16,107,802,82,67334,227,1869
120,16,107,8059,82,67432,227,226
120,16,107,8152,82,67627,227,3197
120,16,107,8193,82,67725,227,3624
120,16,107,8235,82,67773,227,4043
120,16,107,8323,82,67969,227,4945
120,16,107,8364,82,68066,227,536
120,16,107,8445,82,68262,227,6205
120,16,107,8494,82,68359,227,6685
120,16,107,8535,82,68457,227,7115
120,16,107,8625,82,68652,227,8036
120,16,107,8667,82,68701,227,8467
120,16,107,8711,82,68799,227,8907
120,16,107,8792,82,68994,227,9736
120,16,107,8835,82,69092,228,017
120,16,107,8882,82,69189,228,0647
120,16,107,8982,82,69385,228,1674
120,16,107,9023,82,69482,228,2096
120,16,107,907,82,6958,228,2577
120,16,107,9148,82,69727,228,3373
120,16,107,9192,82,69824,228,3813
120,16,107,9233,82,69922,228,4235
120,16,107,9321,82,70117,228,5131
120,16,107,9368,82,70215,228,5619
120,16,107,9407,82,70313,228,601
120,16,107,946,82,7041,228,6549
120,16,107,9556,82,70605,228,7522
120,16,107,9597,82,70703,228,7964
120,16,107,9651,82,70801,228,8503
120,16,107,9739,82,70996,228,9395
120,16,107,978,82,71094,228,9832
120,16,107,9819,82,71191,229,0214
120,16,107,9902,82,71338,229,1073
120,16,107,9951,82,71436,229,157
120,16,108,0029,82,71631,229,2368
120,16,108,0073,82,71729,229,2808
120,16,108,011,82,71777,229,3199
120,16,108,0195,82,71973,229,407
120,16,108,0244,82,7207,229,455
120,16,108,0322,82,72266,229,5369
120,16,108,0369,82,72363,229,5826
120,16,108,0405,82,72412,229,6216
120,16,108,0498,82,72607,229,7144
120,16,108,0542,82,72705,229,7589
120,16,108,0586,82,72803,229,8055
120,16,108,0637,82,729,229,8574
120,16,108,072,82,73096,229,942
120,16,108,072,82,73096,229,942
120,16,108,072,82,73096,229,942
120,16,108,072,82,73096,229,942
120,16,108,072,82,73096,229,942
120,16,108,072,82,73096,229,942
120,16,108,072,82,73096,229,942
120,16,108,072,82,73096,229,942
120,16,108,072,82,73096,229,942
120,16,108,072,82,73096,229,942
120,16,108,072,82,73096,229,942
120,16,108,072,82,73096,229,942
120,16,108,072,82,73096,229,942
120,16,108,072,82,73096,229,942
120,16,108,072,82,73096,229,942
120,16,108,072,82,73096,229,942
120,16,108,072,82,73096,229,942
120,16,108,072,82,73096,229,942
120,16,108,072,82,73096,229,942
120,16,108,072,82,73096,229,942
120,16,108,072,82,73096,229,942
120,16,108,072,82,73096,229,942
120,16,108,072,82,73096,229,942
120,16,108,072,82,73096,229,942
120,16,108,072,82,73096,229,942
120,16,108,072,82,73096,229,942
120,16,108,072,82,73096,229,942
120,16,108,072,82,73096,229,942
120,16,108,072,82,73096,229,942
120,16,108,072,82,73096,229,942
120,16,108,072,82,73096,229,942
120,16,108,072,82,73096,229,942
120,16,108,072,82,73096,229,942
120,16,108,072,82,73096,229,942
120,16,108,072,82,73096,229,942
120,16,108,072,82,73096,229,942
120,16,108,072,82,73096,229,942
120,16,108,072,82,73096,229,942
120,16,108,072,82,73096,229,942
120,16,108,072,82,73096,229,942
120,16,108,072,82,73096,229,942
120,16,108,072,82,73096,229,942
120,16,108,072,82,73096,229,942
120,16,108,072,82,73096,229,942
120,16,108,072,82,73096,229,942
120,16,108,072,82,73096,229,942
120,16,108,072,82,73096,229,942
120,16,108,072,82,73096,229,942
120,16,108,072,82,73096,229,942
120,16,108,072,82,73096,229,942
120,16,108,072,82,73096,229,942
120,16,108,072,82,73096,229,942
120,16,108,072,82,73096,229,942
120,16,108,072,82,73096,229,942
120,16,108,072,82,73096,229,942
120,16,108,072,82,73096,229,942
120,16,108,072,82,73096,229,942
120,16,108,072,82,73096,229,942
120,16,108,072,82,73096,229,942
120,16,108,072,82,73096,229,942
120,16,108,072,82,73096,229,942
120,16,108,072,82,73096,229,942
120,16,108,072,82,73096,229,942
120,16,108,072,82,73096,229,942
120,16,108,072,82,73096,229,942
120,16,108,072,82,73096,229,942
120,16,108,0771,82,72949,230,0264
120,16,108,0806,82,729,230,0831
120,16,108,083,82,72852,230,1235
120,16,108,0862,82,72754,230,1742
120,16,108,0894,82,72705,230,2256
120,16,108,0955,82,72559,230,325
120,16,108,0981,82,72461,230,3717
120,16,108,1013,82,72412,230,4209
120,16,108,1042,82,72314,230,4684
120,16,108,1101,82,72168,230,5676
120,16,108,1135,82,72119,230,6205
120,16,108,1162,82,72021,230,666
120,16,108,1189,82,71973,230,7119
120,16,108,125,82,71826,230,8087
120,16,108,1279,82,71777,230,8577
120,16,108,1311,82,7168,230,9084
120,16,108,1338,82,71631,230,9548
120,16,108,1394,82,71484,231,0442
120,16,108,1421,82,71436,231,0891
120,16,108,1443,82,71387,231,1278
120,16,108,1504,82,7124,231,2267
120,16,108,1538,82,71143,231,2802
120,16,108,1563,82,71094,231,321
120,16,108,1614,82,70947,231,4053
120,16,108,1641,82,70898,231,4512
120,16,108,1667,82,7085,231,4929
120,16,108,1729,82,70703,231,5942
120,16,108,1758,82,70605,231,6409
120,16,108,1787,82,70557,231,6886
120,16,108,1814,82,70459,231,7354
120,16,108,1873,82,70361,231,8297
120,16,108,1902,82,70264,231,8778
120,16,108,1929,82,70215,231,9204
120,16,108,196,82,70117,231,9731
120,16,108,2014,82,7002,232,0632
120,16,108,2039,82,69971,232,1005
120,16,108,2092,82,69824,232,1901
120,16,108,2119,82,69775,232,2322
120,16,108,2146,82,69678,232,2776
120,16,108,2202,82,69531,232,3711
120,16,108,2229,82,69482,232,4136
120,16,108,2256,82,69434,232,458
120,16,108,2312,82,69287,232,5486
120,16,108,2339,82,69238,232,5942
120,16,108,2366,82,69189,232,6372
120,16,108,2419,82,69043,232,7256
120,16,108,2451,82,68945,232,7758
120,16,108,2476,82,68896,232,8164
120,16,108,2502,82,68848,232,861
120,16,108,2566,82,68701,232,9651
120,16,108,2598,82,68604,233,0167
120,16,108,2625,82,68555,233,0618
120,16,108,2654,82,68457,233,1088
120,16,108,271,82,68359,233,2008
120,16,108,2737,82,68262,233,2446
120,16,108,2788,82,68164,233,3313
120,16,108,2817,82,68066,233,3782
120,16,108,2842,82,68018,233,4183
120,16,108,2866,82,67969,233,459
120,16,108,293,82,67822,233,5613
120,16,108,2957,82,67773,233,606
120,16,108,2983,82,67676,233,6487
120,16,108,302,82,67627,233,7087
120,16,108,3079,82,6748,233,8052
120,16,108,3108,82,67383,233,8534
120,16,108,3113,82,67383,233,8613
120,16,108,3113,82,67383,233,8613
120,16,108,3113,82,67383,233,8613
120,16,108,3113,82,67383,233,8613
120,16,108,3113,82,67383,233,8613
120,16,108,3113,82,67383,233,8613
120,16,108,3113,82,67383,233,8613
120,16,108,3113,82,67383,233,8613
120,16,108,3113,82,67383,233,8613
120,16,108,3113,82,67383,233,8613
120,16,108,3113,82,67383,233,8613
120,16,108,3113,82,67383,233,8613
120,16,108,3113,82,67383,233,8613
120,16,108,3113,82,67383,233,8613
120,16,108,3113,82,67383,233,8613
120,16,108,3113,82,67383,233,8613
120,16,108,3113,82,67383,233,8613
120,16,108,3113,82,67383,233,8613
120,16,108,3113,82,67383,233,8613
120,16,108,3113,82,67383,233,8613
120,16,108,3113,82,67383,233,8613
120,16,108,3113,82,67383,233,8613
120,16,108,3113,82,67383,233,8613
120,16,108,3113,82,67383,233,8613
120,16,108,3113,82,67383,233,8613
120,16,108,3113,82,67383,233,8613
120,16,108,3113,82,67383,233,8613
120,16,108,3113,82,67383,233,8613
120,16,108,3113,82,67383,233,8613
120,16,108,3113,82,67383,233,8613
120,16,108,3113,82,67383,233,8613
120,16,108,3113,82,67383,233,8613
120,16,108,3113,82,67383,233,8613
120,16,108,3113,82,67383,233,8613
120,16,108,3113,82,67383,233,8613
120,16,108,3113,82,67383,233,8613
120,16,108,3113,82,67383,233,8613
120,16,108,3113,82,67383,233,8613
120,16,108,3113,82,67383,233,8613
120,16,108,3113,82,67383,233,8613
120,16,108,3113,82,67383,233,8613
120,16,108,3113,82,67383,233,8613
120,16,108,3113,82,67383,233,8613
120,16,108,3113,82,67383,233,8613
120,16,108,3113,82,67383,233,8613
120,16,108,3113,82,67383,233,8613
120,16,108,3113,82,67383,233,8613
120,16,108,3113,82,67383,233,8613
120,16,108,3113,82,67383,233,8613
120,16,108,3113,82,67383,233,8613
120,16,108,3113,82,67383,233,8613
120,16,108,3113,82,67383,233,8613
120,16,108,3113,82,67383,233,8613
120,16,108,3113,82,67383,233,8613
120,16,108,3113,82,67383,233,8613
120,16,108,3113,82,67383,233,8613
120,16,108,3113,82,67383,233,8613
120,16,108,3113,82,67383,233,8613
120,16,108,3113,82,67383,233,8613
120,16,108,3164,82,66504,233,9066
120,16,108,3213,82,65625,233,9497
120,16,108,3276,82,64453,234,0073
120,16,108,3335,82,63477,234,0576
120,16,108,3433,82,61719,234,1455
120,16,108,3484,82,6084,234,1901
120,16,108,353,82,6001,234,2313
120,16,108,3582,82,59131,234,2767
120,16,108,3633,82,58203,234,3229
120,16,108,3757,82,56006,234,4336
120,16,108,3806,82,55127,234,4763
120,16,108,3853,82,54297,234,5181
120,16,108,396,82,52393,234,6133
120,16,108,4014,82,51465,234,6605
120,16,108,4055,82,50732,234,6971
120,16,108,416,82,48877,234,7904
120,16,108,4202,82,48145,234,8279
120,16,108,4246,82,47363,234,8668
120,16,108,4346,82,45605,234,955
120,16,108,4397,82,44727,234,9993
120,16,108,4495,82,42969,235,087
120,16,108,4541,82,42139,235,1287
120,16,108,459,82,41309,235,17
120,16,108,469,82,39551,235,2598
120,16,108,4736,82,38721,235,3009
120,16,108,4795,82,37695,235,3534
120,16,108,4846,82,36816,235,3976
120,16,108,4946,82,3501,235,4866
120,16,108,4998,82,34131,235,5319
120,16,108,5046,82,33252,235,5764
120,16,108,5103,82,32275,235,6255
120,16,108,5205,82,30469,235,7163
120,16,108,5256,82,29541,235,7616
120,16,108,5308,82,28662,235,8073
120,16,108,5371,82,2749,235,8646
120,16,108,5481,82,25586,235,9618
120,16,108,553,82,24707,236,0042
120,16,108,5579,82,23877,236,0469
120,16,108,5637,82,22852,236,0992
120,16,108,5693,82,21826,236,1488
120,16,108,5798,82,19971,236,2422
120,16,108,5852,82,19043,236,2905
120,16,108,5896,82,18262,236,3286
120,16,108,6003,82,16357,236,4254
120,16,108,6057,82,1543,236,4713
120,16,108,6104,82,146,236,5129
120,16,108,6199,82,12891,236,5975
120,16,108,6252,82,11963,236,6444
120,16,108,6296,82,11182,236,6849
120,16,108,635,82,10205,236,7324
120,16,108,6458,82,0835,236,8264
120,16,108,6504,82,0752,236,8682
120,16,108,6589,82,06006,236,9447
120,16,108,6636,82,05225,236,9844
120,16,108,6736,82,03418,237,0739
120,16,108,6785,82,02539,237,1182
120,16,108,6831,82,01758,237,1583
120,16,108,6877,82,00928,237,1993
120,16,108,6985,81,99023,237,2953
120,16,108,7036,81,98145,237,3405
120,16,108,7129,81,96484,237,4222
120,16,108,7178,81,95605,237,4668
120,16,108,7224,81,94824,237,5067
120,16,108,7317,81,93164,237,5898
120,16,108,7368,81,92285,237,6339
120,16,108,741,81,91504,237,6724
120,16,108,752,81,896,237,7695
120,16,108,7566,81,8877,237,8093
120,16,108,761,81,87988,237,8499
120,16,108,7712,81,86182,237,9408
120,16,108,7761,81,85303,237,9839
120,16,108,7834,81,84033,238,0482
120,16,108,7834,81,84033,238,0482
120,16,108,7834,81,84033,238,0482
120,16,108,7834,81,84033,238,0482
120,16,108,7834,81,84033,238,0482
120,16,108,7834,81,84033,238,0482
120,16,108,7834,81,84033,238,0482
120,16,108,7834,81,84033,238,0482
120,16,108,7834,81,84033,238,0482
120,16,108,7834,81,84033,238,0482
120,16,108,7834,81,84033,238,0482
120,16,108,7834,81,84033,238,0482
120,16,108,7834,81,84033,238,0482
120,16,108,7834,81,84033,238,0482
120,16,108,7834,81,84033,238,0482
120,16,108,7834,81,84033,238,0482
120,16,108,7834,81,84033,238,0482
120,16,108,7834,81,84033,238,0482
120,16,108,7834,81,84033,238,0482
120,16,108,7834,81,84033,238,0482
120,16,108,7834,81,84033,238,0482
120,16,108,7834,81,84033,238,0482
120,16,108,7834,81,84033,238,0482
120,16,108,7834,81,84033,238,0482
120,16,108,7834,81,84033,238,0482
120,16,108,7834,81,84033,238,0482
120,16,108,7834,81,84033,238,0482
120,16,108,7834,81,84033,238,0482
120,16,108,7834,81,84033,238,0482
120,16,108,7834,81,84033,238,0482
120,16,108,7834,81,84033,238,0482
120,16,108,7834,81,84033,238,0482
120,16,108,7834,81,84033,238,0482
120,16,108,7834,81,84033,238,0482
120,16,108,7834,81,84033,238,0482
120,16,108,7834,81,84033,238,0482
120,16,108,7834,81,84033,238,0482
120,16,108,7834,81,84033,238,0482
120,16,108,7834,81,84033,238,0482
120,16,108,7834,81,84033,238,0482
120,16,108,7834,81,84033,238,0482
120,16,108,7834,81,84033,238,0482
120,16,108,7834,81,84033,238,0482
120,16,108,7834,81,84033,238,0482
120,16,108,7834,81,84033,238,0482
120,16,108,7834,81,84033,238,0482
120,16,108,7834,81,84033,238,0482
120,16,108,7834,81,84033,238,0482
120,16,108,7834,81,84033,238,0482
120,16,108,7834,81,84033,238,0482
120,16,108,7834,81,84033,238,0482
120,16,108,7834,81,84033,238,0482
120,16,108,7881,81,83838,238,1389
120,16,108,7903,81,83789,238,1855
120,16,108,7944,81,83594,238,2677
120,16,108,7964,81,83545,238,3059
120,16,108,7983,81,83447,238,345
120,16,108,8027,81,83301,238,4329
120,16,108,8052,81,83203,238,4818
120,16,108,8093,81,83057,238,5623
120,16,108,8115,81,82959,238,6051
120,16,108,8157,81,82813,238,6893
120,16,108,8176,81,82715,238,7277
120,16,108,8196,81,82617,238,7657
120,16,108,8237,81,82471,238,8494
120,16,108,8259,81,82422,238,8906
120,16,108,8303,81,82227,238,9763
120,16,108,8323,81,82178,239,0161
120,16,108,8362,81,82031,239,0929
120,16,108,8381,81,81934,239,1346
120,16,108,8423,81,81787,239,2167
120,16,108,8447,81,81689,239,2633
120,16,108,8486,81,81543,239,3409
120,16,108,8506,81,81445,239,3805
120,16,108,8547,81,81299,239,4628
120,16,108,8567,81,81201,239,5
120,16,108,8604,81,81055,239,5754
120,16,108,8623,81,81006,239,6147
120,16,108,8667,81,80811,239,6985
120,16,108,8689,81,80762,239,7445
120,16,108,8711,81,80664,239,7859
120,16,108,8752,81,80518,239,8715
120,16,108,8772,81,8042,239,9111
120,16,108,8816,81,80273,239,9968
120,16,108,8838,81,80176,240,0417
120,16,108,8862,81,80078,240,0869
120,16,108,8906,81,79932,240,1741
120,16,108,8926,81,79834,240,2136
120,16,108,8962,81,79688,240,2893
120,16,108,8989,81,7959,240,3418
120,16,108,9031,81,79443,240,4236
120,16,108,905,81,79346,240,4637
120,16,108,9092,81,79199,240,5427
120,16,108,9111,81,79102,240,5841
120,16,108,915,81,78955,240,6592
120,16,108,917,81,78906,240,6971
120,16,108,9211,81,78711,240,7808
120,16,108,9233,81,78662,240,8256
120,16,108,9255,81,78564,240,8687
120,16,108,9299,81,78369,240,9563
120,16,108,9319,81,7832,240,9969
120,16,108,9363,81,78125,241,0826
120,16,108,9385,81,78076,241,1233
120,16,108,9421,81,7793,241,1986
120,16,108,9443,81,77832,241,2407
120,16,108,9485,81,77686,241,3228
120,16,108,9502,81,77637,241,3567
120,16,108,9534,81,7749,241,4211
120,16,108,9534,81,7749,241,4211
120,16,108,9534,81,7749,241,4211
120,16,108,9534,81,7749,241,4211
120,16,108,9534,81,7749,241,4211
120,16,108,9534,81,7749,241,4211
120,16,108,9534,81,7749,241,4211
120,16,108,9534,81,7749,241,4211
120,16,108,9534,81,7749,241,4211
120,16,108,9534,81,7749,241,4211
120,16,108,9534,81,7749,241,4211
120,16,108,9534,81,7749,241,4211
120,16,108,9534,81,7749,241,4211
120,16,108,9534,81,7749,241,4211
120,16,108,9534,81,7749,241,4211
120,16,108,9534,81,7749,241,4211
120,16,108,9534,81,7749,241,4211
120,16,108,9534,81,7749,241,4211
120,16,108,9534,81,7749,241,4211
120,16,108,9534,81,7749,241,4211
120,16,108,9534,81,7749,241,4211
120,16,108,9534,81,7749,241,4211
120,16,108,9534,81,7749,241,4211
120,16,108,9534,81,7749,241,4211
120,16,108,9534,81,7749,241,4211
120,16,108,9534,81,7749,241,4211
120,16,108,9534,81,7749,241,4211
120,16,108,9534,81,7749,241,4211
120,16,108,9534,81,7749,241,4211
120,16,108,9534,81,7749,241,4211
120,16,108,9534,81,7749,241,4211
120,16,108,9534,81,7749,241,4211
120,16,108,9534,81,7749,241,4211
120,16,108,9534,81,7749,241,4211
120,16,108,9534,81,7749,241,4211
120,16,108,9534,81,7749,241,4211
120,16,108,9534,81,7749,241,4211
120,16,108,9534,81,7749,241,4211
120,16,108,9534,81,7749,241,4211
120,16,108,9534,81,7749,241,4211
120,16,108,9534,81,7749,241,4211
120,16,108,9534,81,7749,241,4211
120,16,108,9534,81,7749,241,4211
120,16,108,9534,81,7749,241,4211
120,16,108,9534,81,7749,241,4211
120,16,108,9534,81,7749,241,4211
120,16,108,9534,81,7749,241,4211
120,16,108,9534,81,7749,241,4211
120,16,108,9534,81,7749,241,4211
120,16,108,9534,81,7749,241,4211
120,16,108,9534,81,7749,241,4211
120,16,108,9534,81,7749,241,4211
120,16,108,9534,81,7749,241,4211
120,16,108,9534,81,7749,241,4211
120,16,108,9534,81,7749,241,4211
120,16,108,9534,81,7749,241,4211
120,16,108,9534,81,7749,241,4211
120,16,108,9534,81,7749,241,4211
120,16,108,9534,81,7749,241,4211
120,16,108,9534,81,7749,241,4211
120,16,108,9534,81,7749,241,4211
120,16,108,9534,81,7749,241,4211
120,16,108,9534,81,7749,241,4211
120,16,108,9534,81,7749,241,4211
120,16,108,9534,81,7749,241,4211
120,16,108,9534,81,7749,241,4211
120,16,108,9534,81,7749,241,4211
120,16,108,9534,81,7749,241,4211
120,16,108,9534,81,7749,241,4211
120,16,108,9534,81,7749,241,4211
120,16,108,9534,81,7749,241,4211
120,16,108,9482,81,77393,241,464
120,16,108,9429,81,77344,241,5078
120,16,108,9314,81,77148,241,6011
120,16,108,9265,81,77051,241,6407
120,16,108,9165,81,76904,241,7233
120,16,108,9119,81,76855,241,761
120,16,108,9072,81,76758,241,7976
120,16,108,8965,81,76611,241,8851
120,16,108,8911,81,76514,241,9297
120,16,108,8811,81,76367,242,0122
120,16,108,8765,81,76318,242,0488
120,16,108,8679,81,76172,242,1189
120,16,108,8623,81,76074,242,1655
120,16,108,8525,81,75928,242,2446
120,16,108,8433,81,75781,242,3218
120,16,108,8389,81,75732,242,3562
120,16,108,8328,81,75635,242,4071
120,16,108,8223,81,75488,242,4928
120,16,108,8176,81,75391,242,5315
120,16,108,812,81,75293,242,5764
120,16,108,8013,81,75146,242,6644
120,16,108,7961,81,75049,242,7069
120,16,108,7861,81,74902,242,7882
120,16,108,7808,81,74805,242,8328
120,16,108,7715,81,74658,242,9086
120,16,108,7671,81,74609,242,944
120,16,108,7568,81,74463,243,0284
120,16,108,7517,81,74365,243,0704
120,16,108,7466,81,74316,243,1111
120,16,108,7366,81,74121,243,1941
120,16,108,7312,81,74072,243,2366
120,16,108,7258,81,73975,243,2813
120,16,108,7141,81,73779,243,3772
120,16,108,709,81,7373,243,4191
120,16,108,7,81,73584,243,4922
120,16,108,6951,81,73486,243,5327
120,16,108,6851,81,7334,243,6144
120,16,108,6799,81,73291,243,6559
120,16,108,6697,81,73096,243,7391
120,16,108,6643,81,73047,243,7847
120,16,108,6592,81,72949,243,8264
120,16,108,6487,81,72803,243,9115
120,16,108,6436,81,72705,243,954
120,16,108,6326,81,72559,244,0428
120,16,108,6277,81,72461,244,0825
120,16,108,6228,81,72412,244,1223
120,16,108,6125,81,72217,244,2067
120,16,108,6079,81,72168,244,2441
120,16,108,6023,81,7207,244,2908
120,16,108,6023,81,7207,244,2908
120,16,108,6023,81,7207,244,2908
120,16,108,6023,81,7207,244,2908
120,16,108,6023,81,7207,244,2908
120,16,108,6023,81,7207,244,2908
120,16,108,6023,81,7207,244,2908
120,16,108,6023,81,7207,244,2908
120,16,108,6023,81,7207,244,2908
120,16,108,6023,81,7207,244,2908
120,16,108,6023,81,7207,244,2908
120,16,108,6023,81,7207,244,2908
120,16,108,6023,81,7207,244,2908
120,16,108,6023,81,7207,244,2908
120,16,108,6023,81,7207,244,2908
120,16,108,6023,81,7207,244,2908
120,16,108,6023,81,7207,244,2908
120,16,108,6023,81,7207,244,2908
120,16,108,6023,81,7207,244,2908
120,16,108,6023,81,7207,244,2908
120,16,108,6023,81,7207,244,2908
120,16,108,6023,81,7207,244,2908
120,16,108,6023,81,7207,244,2908
120,16,108,6023,81,7207,244,2908
120,16,108,6023,81,7207,244,2908
120,16,108,6023,81,7207,244,2908
120,16,108,6023,81,7207,244,2908
120,16,108,6023,81,7207,244,2908
120,16,108,6023,81,7207,244,2908
120,16,108,6023,81,7207,244,2908
120,16,108,6023,81,7207,244,2908
120,16,108,6023,81,7207,244,2908
120,16,108,6023,81,7207,244,2908
120,16,108,6023,81,7207,244,2908
120,16,108,6023,81,7207,244,2908
120,16,108,6023,81,7207,244,2908
120,16,108,6023,81,7207,244,2908
120,16,108,6023,81,7207,244,2908
120,16,108,6023,81,7207,244,2908
120,16,108,6023,81,7207,244,2908
120,16,108,6023,81,7207,244,2908
120,16,108,6023,81,7207,244,2908
120,16,108,6023,81,7207,244,2908
120,16,108,6023,81,7207,244,2908
120,16,108,6023,81,7207,244,2908
120,16,108,6023,81,7207,244,2908
120,16,108,6023,81,7207,244,2908
120,16,108,6023,81,7207,244,2908
120,16,108,6023,81,7207,244,2908
120,16,108,6023,81,7207,244,2908
120,16,108,6023,81,7207,244,2908
120,16,108,6023,81,7207,244,2908
120,16,108,6023,81,7207,244,2908
120,16,108,6023,81,7207,244,2908
120,16,108,6023,81,7207,244,2908
120,16,108,6023,81,7207,244,2908
120,16,108,6023,81,7207,244,2908
120,16,108,6023,81,7207,244,2908
120,16,108,6023,81,7207,244,2908
120,16,108,6023,81,7207,244,2908
120,16,108,6023,81,7207,244,2908
120,16,108,6023,81,7207,244,2908
120,16,108,6023,81,7207,244,2908
120,16,108,6023,81,7207,244,2908
120,16,108,6023,81,7207,244,2908
120,16,108,6023,81,7207,244,2908
120,16,108,6023,81,7207,244,2908
120,16,108,6023,81,7207,244,2908
120,16,108,6023,81,7207,244,2908
120,16,108,6023,81,7207,244,2908
120,16,108,6023,81,7207,244,2908
120,16,108,6023,81,7207,244,2908
120,16,108,6023,81,7207,244,2908
120,16,108,6023,81,7207,244,2908
120,16,108,5996,81,71973,244,3372
120,16,108,5969,81,71875,244,3811
120,16,108,5918,81,7168,244,4694
120,16,108,5898,81,71582,244,5065
120,16,108,5874,81,71484,244,5458
120,16,108,5823,81,71289,244,6343
120,16,108,5798,81,71191,244,6785
120,16,108,575,81,71045,244,7593
120,16,108,5728,81,70947,244,7997
120,16,108,5679,81,70752,244,8831
120,16,108,5652,81,70654,244,9285
120,16,108,5603,81,70459,245,0129
120,16,108,5581,81,7041,245,052
120,16,108,5557,81,70313,245,0907
120,16,108,5508,81,70117,245,1758
120,16,108,5486,81,7002,245,2148
120,16,108,5439,81,69824,245,2959
120,16,108,5415,81,69775,245,3345
120,16,108,5369,81,6958,245,4152
120,16,108,5342,81,69482,245,4614
120,16,108,5298,81,69287,245,5391
120,16,108,5273,81,69238,245,5807
120,16,108,5247,81,69092,245,6276
120,16,108,5193,81,68896,245,7173
120,16,108,5168,81,68799,245,7615
120,16,108,5142,81,68701,245,8065
120,16,108,5088,81,68506,245,8983
120,16,108,5066,81,68408,245,9371
120,16,108,5017,81,68262,246,0216
120,16,108,4993,81,68164,246,0632
120,16,108,4946,81,67969,246,1418
120,16,108,4922,81,67871,246,1844
120,16,108,4878,81,67725,246,2592
120,16,108,4854,81,67627,246,3025
120,16,108,4805,81,67432,246,3865
120,16,108,478,81,67334,246,4255
120,16,108,4734,81,67188,246,5067
120,16,108,4714,81,6709,246,5422
120,16,108,4663,81,66895,246,6278
120,16,108,4641,81,66797,246,6659
120,16,108,4595,81,6665,246,7446
120,16,108,457,81,66553,246,7886
120,16,108,4548,81,66455,246,8263
120,16,108,4497,81,6626,246,9124
120,16,108,4475,81,66162,246,9521
120,16,108,4431,81,66016,247,0276
120,16,108,4431,81,66016,247,0276
120,16,108,4431,81,66016,247,0276
120,16,108,4431,81,66016,247,0276
120,16,108,4431,81,66016,247,0276
120,16,108,4431,81,66016,247,0276
120,16,108,4431,81,66016,247,0276
120,16,108,4431,81,66016,247,0276
120,16,108,4431,81,66016,247,0276
120,16,108,4431,81,66016,247,0276
120,16,108,4431,81,66016,247,0276
120,16,108,4431,81,66016,247,0276
120,16,108,4431,81,66016,247,0276
120,16,108,4431,81,66016,247,0276
120,16,108,4431,81,66016,247,0276
120,16,108,4431,81,66016,247,0276
120,16,108,4431,81,66016,247,0276
120,16,108,4431,81,66016,247,0276
120,16,108,4431,81,66016,247,0276
120,16,108,4431,81,66016,247,0276
120,16,108,4431,81,66016,247,0276
120,16,108,4431,81,66016,247,0276
120,16,108,4431,81,66016,247,0276
120,16,108,4431,81,66016,247,0276
120,16,108,4431,81,66016,247,0276
120,16,108,4431,81,66016,247,0276
120,16,108,4431,81,66016,247,0276
120,16,108,4431,81,66016,247,0276
120,16,108,4431,81,66016,247,0276
120,16,108,4431,81,66016,247,0276
120,16,108,4431,81,66016,247,0276
120,16,108,4431,81,66016,247,0276
120,16,108,4431,81,66016,247,0276
120,16,108,4431,81,66016,247,0276
120,16,108,4431,81,66016,247,0276
120,16,108,4431,81,66016,247,0276
120,16,108,4431,81,66016,247,0276
120,16,108,4431,81,66016,247,0276
120,16,108,4431,81,66016,247,0276
120,16,108,4431,81,66016,247,0276
120,16,108,4431,81,66016,247,0276
120,16,108,4431,81,66016,247,0276
120,16,108,4431,81,66016,247,0276
120,16,108,4431,81,66016,247,0276
120,16,108,4431,81,66016,247,0276
120,16,108,4431,81,66016,247,0276
120,16,108,4431,81,66016,247,0276
120,16,108,4431,81,66016,247,0276
120,16,108,4431,81,66016,247,0276
120,16,108,4431,81,66016,247,0276
120,16,108,4431,81,66016,247,0276
120,16,108,4431,81,66016,247,0276
120,16,108,4431,81,66016,247,0276
120,16,108,4431,81,66016,247,0276
120,16,108,4431,81,66016,247,0276
120,16,108,4431,81,66016,247,0276
120,16,108,4431,81,66016,247,0276
120,16,108,4431,81,66016,247,0276
120,16,108,4431,81,66016,247,0276
120,16,108,4431,81,66016,247,0276
120,16,108,4431,81,66016,247,0276
120,16,108,4431,81,66016,247,0276
120,16,108,4431,81,66016,247,0276
120,16,108,4431,81,66016,247,0276
120,16,108,4431,81,66016,247,0276
120,16,108,4431,81,66016,247,0276
120,16,108,4431,81,66016,247,0276
120,16,108,4431,81,66016,247,0276
120,16,108,4431,81,66016,247,0276
120,16,108,4431,81,66016,247,0276
120,16,108,4431,81,66016,247,0276
120,16,108,4431,81,66016,247,0276
120,16,108,4431,81,66016,247,0276
120,16,108,4431,81,66016,247,0276
120,16,108,4431,81,66016,247,0276
120,16,108,4431,81,66016,247,0276
120,16,108,4431,81,66016,247,0276
120,16,108,4431,81,66016,247,0276
120,16,108,4431,81,66016,247,0276
120,16,108,4431,81,66016,247,0276
120,16,108,4431,81,66016,247,0276
120,16,108,4431,81,66016,247,0276
120,16,108,4431,81,66016,247,0276
120,16,108,4431,81,66016,247,0276
120,16,108,4431,81,66016,247,0276
120,16,108,4431,81,66016,247,0276
120,16,108,4431,81,66016,247,0276
120,16,108,4431,81,66016,247,0276
120,16,108,4431,81,66016,247,0276
120,16,108,4431,81,66016,247,0276
120,16,108,4431,81,66016,247,0276
120,16,108,4431,81,66016,247,0276
120,16,108,4431,81,66016,247,0276
120,16,108,4431,81,66016,247,0276
120,16,108,4431,81,66016,247,0276
120,16,108,4431,81,66016,247,0276
120,16,108,4431,81,66016,247,0276
120,16,108,4431,81,66016,247,0276
120,16,108,4431,81,66016,247,0276
120,16,108,4431,81,66016,247,0276
120,16,108,4431,81,66016,247,0276
120,16,108,4431,81,66016,247,0276
120,16,108,4431,81,66016,247,0276
120,16,108,4431,81,66016,247,0276
120,16,108,4431,81,66016,247,0276
120,16,108,4431,81,66016,247,0276
120,16,108,4431,81,66016,247,0276
120,16,108,4431,81,66016,247,0276
120,16,108,4431,81,66016,247,0276
120,16,108,4431,81,66016,247,0276
120,16,108,4431,81,66016,247,0276
120,16,108,4431,81,66016,247,0276
120,16,108,4431,81,66016,247,0276
120,16,108,4431,81,66016,247,0276
120,16,108,4431,81,66016,247,0276
120,16,108,4431,81,66016,247,0276
120,16,108,4431,81,66016,247,0276
120,16,108,4431,81,66016,247,0276
120,16,108,4431,81,66016,247,0276
120,16,108,4431,81,66016,247,0276
120,16,108,4431,81,66016,247,0276
120,16,108,4431,81,66016,247,0276
120,16,108,4431,81,66016,247,0276
120,16,108,4431,81,66016,247,0276
120,16,108,4431,81,66016,247,0276
120,16,108,4431,81,66016,247,0276
120,16,108,4431,81,66016,247,0276
120,16,108,4431,81,66016,247,0276
120,16,108,4431,81,66016,247,0276
120,16,108,4431,81,66016,247,0276
120,16,108,4431,81,66016,247,0276
120,16,108,4431,81,66016,247,0276
120,16,108,4431,81,66016,247,0276
120,16,108,4431,81,66016,247,0276
120,16,108,4431,81,66016,247,0276
120,16,108,4431,81,66016,247,0276
120,16,108,4431,81,66016,247,0276
120,16,108,4431,81,66016,247,0276
120,16,108,4431,81,66016,247,0276
120,16,108,4431,81,66016,247,0276
120,16,108,4431,81,66016,247,0276
120,16,108,4431,81,66016,247,0276
120,16,108,4431,81,66016,247,0276
120,16,108,4431,81,66016,247,0276
120,16,108,4431,81,66016,247,0276
120,16,108,4431,81,66016,247,0276
120,16,108,4431,81,66016,247,0276
120,16,108,4431,81,66016,247,0276
120,16,108,4431,81,66016,247,0276
120,16,108,4431,81,66016,247,0276
120,16,108,4431,81,66016,247,0276
120,16,108,4431,81,66016,247,0276
120,16,108,4431,81,66016,247,0276
120,16,108,4431,81,66016,247,0276
120,16,108,4431,81,66016,247,0276
120,16,108,4431,81,66016,247,0276
120,16,108,4431,81,66016,247,0276
120,16,108,4431,81,66016,247,0276
120,16,108,4431,81,66016,247,0276
120,16,108,4431,81,66016,247,0276
120,16,108,4431,81,66016,247,0276
120,16,108,4431,81,66016,247,0276
120,16,108,4431,81,66016,247,0276
120,16,108,4431,81,66016,247,0276
120,16,108,4431,81,66016,247,0276
120,16,108,4431,81,66016,247,0276
120,16,108,4431,81,66016,247,0276
120,16,108,4431,81,66016,247,0276
120,16,108,4431,81,66016,247,0276
120,16,108,4431,81,66016,247,0276
120,16,108,4431,81,66016,247,0276
120,16,108,4431,81,66016,247,0276
120,16,108,4431,81,66016,247,0276
120,16,108,4431,81,66016,247,0276
120,16,108,4431,81,66016,247,0276
120,16,108,4431,81,66016,247,0276
120,16,108,4431,81,66016,247,0276
120,16,108,4431,81,66016,247,0276
120,16,108,4431,81,66016,247,0276
120,16,108,4431,81,66016,247,