Time,RSteps,X,Y,Z
120,0,309,397,84,90967,232,3451
120,0,309,397,84,90967,232,3451
120,0,309,397,84,90967,232,3451
120,1,309,397,84,90967,232,3451
120,1,309,397,84,90967,232,3451
120,1,309,4863,84,91064,232,3596
120,1,309,5193,84,91113,232,365
120,1,309,6084,84,91211,232,3794
120,1,309,6084,84,91211,232,3794
120,1,309,6436,84,9126,232,3851
120,1,309,728,84,91357,232,3988
120,1,309,8589,84,91553,232,4199
120,1,309,8909,84,91602,232,4252
120,1,309,9324,84,9165,232,4319
120,1,310,0159,84,91748,232,4454
120,1,310,0559,84,91797,232,4519
120,1,310,1438,84,91895,232,4662
120,1,310,1802,84,91943,232,4722
120,1,310,2668,84,92041,232,4861
120,1,310,3066,84,9209,232,4926
120,1,310,3459,84,92139,232,499
120,1,310,4285,84,92236,232,5123
120,1,310,4692,84,92285,232,5189
120,1,310,5632,84,92432,232,5342
120,1,310,5964,84,9248,232,5396
120,1,310,6855,84,92578,232,5541
120,1,310,7185,84,92627,232,5593
120,1,310,7974,84,92725,232,5721
120,1,310,8396,84,92773,232,579
120,1,310,8899,84,92822,232,5872
120,1,310,9622,84,9292,232,5989
120,1,311,0063,84,92969,232,6061
120,1,311,0874,84,93066,232,6193
120,1,311,1292,84,93115,232,626
120,1,311,2109,84,93213,232,6393
120,1,311,2524,84,93262,232,646
120,1,311,293,84,93311,232,6526
120,1,311,376,84,93457,232,666
120,1,311,4199,84,93506,232,6731
120,1,311,4993,84,93604,232,686
120,1,311,5413,84,93652,232,6929
120,1,311,624,84,9375,232,7062
120,1,311,666,84,93799,232,713
120,1,311,7043,84,93848,232,7192
120,1,311,7903,84,93945,232,7332
120,1,311,8318,84,93994,232,7399
120,1,311,9138,84,94092,232,7532
120,1,311,9558,84,94141,232,76
120,1,312,0374,84,94238,232,7732
120,1,312,0813,84,94336,232,7804
120,1,312,1587,84,94434,232,793
120,1,312,2031,84,94482,232,8002
120,1,312,2449,84,94531,232,8069
120,1,312,3264,84,94629,232,8201
120,1,312,3679,84,94678,232,8268
120,1,312,4104,84,94727,232,8337
120,1,312,4104,84,94727,232,8337
120,1,312,4993,84,94824,232,8481
120,1,312,616,84,94971,232,8671
120,1,312,6917,84,95068,232,8793
120,1,312,7349,84,95117,232,8864
120,1,312,7756,84,95166,232,8929
120,1,312,8567,84,95264,232,9061
120,1,312,8984,84,95313,232,9128
120,1,312,9863,84,95459,232,9271
120,1,313,0242,84,95508,232,9332
120,1,313,1064,84,95605,232,9465
120,1,313,1504,84,95654,232,9537
120,1,313,1892,84,95703,232,96
120,1,313,2732,84,95801,232,9736
120,1,313,3203,84,9585,232,9813
120,1,313,3938,84,95947,232,9932
120,1,313,4392,84,95996,233,0005
120,1,313,5254,84,96094,233,0145
120,1,313,5613,84,96143,233,0204
120,1,313,6436,84,96289,233,0337
120,1,313,6851,84,96338,233,0404
120,1,313,7356,84,96387,233,0486
120,1,313,8049,84,96484,233,0598
120,1,313,8481,84,96533,233,0669
120,1,313,9304,84,96631,233,0802
120,1,313,9707,84,9668,233,0867
120,1,314,0601,84,96777,233,1012
120,1,314,0967,84,96826,233,1072
120,1,314,1404,84,96875,233,1143
120,1,314,2263,84,96973,233,1282
120,1,314,2615,84,97021,233,1339
120,1,314,3442,84,97119,233,1473
120,1,314,3857,84,97168,233,1541
120,1,314,4678,84,97314,233,1674
120,1,314,511,84,97363,233,1743
120,1,314,5525,84,97412,233,181
120,1,314,6331,84,9751,233,1941
120,1,314,6768,84,97559,233,2012
120,1,314,7617,84,97656,233,215
120,1,314,8044,84,97705,233,2219
120,1,314,8794,84,97803,233,2341
120,1,314,9241,84,97852,233,2413
120,1,315,0115,84,97949,233,2555
120,1,315,0437,84,97998,233,2607
120,1,315,0869,84,98047,233,2677
120,1,315,1689,84,98145,233,281
120,1,315,2117,84,98242,233,288
120,1,315,2935,84,9834,233,3013
120,1,315,335,84,98389,233,308
120,1,315,4209,84,98486,233,3219
120,1,315,4602,84,98535,233,3282
120,1,315,501,84,98584,233,3348
120,1,315,582,84,98682,233,348
120,1,315,624,84,9873,233,3549
120,1,315,7087,84,98828,233,3685
120,1,315,7473,84,98877,233,3748
120,1,315,8291,84,98975,233,3881
120,1,315,8721,84,99023,233,395
120,1,315,915,84,99121,233,402
120,1,315,9988,84,99219,233,4155
120,1,316,0383,84,99268,233,422
120,2,316,1191,84,99365,233,4351
120,2,316,1582,84,99414,233,4414
120,2,316,2458,84,99512,233,4556
120,2,316,2847,84,99561,233,4619
120,2,316,3674,84,99658,233,4753
120,2,316,4089,84,99707,233,4821
120,2,316,4456,84,99756,233,488
120,2,316,5295,84,99854,233,5017
120,2,316,5728,84,99902,233,5087
120,2,316,6541,85,233,5219
120,2,316,6946,85,00049,233,5284
120,2,316,7791,85,00195,233,5421
120,2,316,8171,85,00244,233,5483
120,2,316,8596,85,00293,233,5552
120,2,316,9446,85,00391,233,569
120,2,316,9866,85,00439,233,5757
120,2,317,0767,85,00537,233,5903
120,2,317,1113,85,00586,233,5959
120,2,317,1895,85,00684,233,6086
120,2,317,2324,85,00732,233,6156
120,2,317,3162,85,0083,233,6292
120,2,317,3557,85,00879,233,6356
120,2,317,4038,85,00977,233,6434
120,2,317,4807,85,01074,233,6559
120,2,317,521,85,01123,233,6624
120,2,317,6016,85,01221,233,6755
120,2,317,6487,85,0127,233,6831
120,2,317,7249,85,01367,233,6954
120,2,317,77,85,01416,233,7029
120,2,317,8479,85,01514,233,7155
120,2,317,8889,85,01563,233,722
120,2,317,9351,85,01611,233,7296
120,2,318,0146,85,01709,233,7424
120,2,318,0564,85,01758,233,7493
120,2,318,1394,85,01855,233,7627
120,2,318,1824,85,01904,233,7697
120,2,318,259,85,02002,233,7821
120,2,318,3035,85,021,233,7893
120,2,318,3433,85,02148,233,7958
120,2,318,4275,85,02246,233,8094
120,2,318,4646,85,02295,233,8154
120,2,318,5515,85,02393,233,8296
120,2,318,5911,85,02441,233,8359
120,2,318,6729,85,02539,233,8492
120,2,318,7161,85,02588,233,8562
120,2,318,8005,85,02686,233,8699
120,2,318,8367,85,02734,233,8757
120,2,318,8799,85,02783,233,8828
120,2,318,9624,85,02881,233,8961
120,2,319,0015,85,0293,233,9025
120,2,319,0879,85,03076,233,9165
120,2,319,1282,85,03125,233,9231
120,2,319,2112,85,03223,233,9365
120,2,319,252,85,03271,233,9431
120,2,319,2925,85,0332,233,9497
120,2,319,3748,85,03418,233,963
120,2,319,4177,85,03467,233,97
120,2,319,5012,85,03564,233,9835
120,2,319,5396,85,03613,233,9897
120,2,319,5803,85,03662,233,9963
120,2,319,6707,85,03809,234,011
120,2,319,7068,85,03809,234,0168
120,2,319,7861,85,03906,234,0298
120,2,319,8269,85,04004,234,0364
120,2,319,9104,85,04102,234,0499
120,2,319,9492,85,0415,234,0562
120,2,320,0339,85,04248,234,0698
120,2,320,0771,85,04297,234,0769
120,2,320,1577,85,04395,234,09
120,2,320,1953,85,04443,234,0961
120,2,320,2424,85,04492,234,1038
120,2,320,3206,85,0459,234,1165
120,2,320,3635,85,04639,234,1233
120,2,320,4443,85,04736,234,1365
120,2,320,4858,85,04785,234,1432
120,2,320,5696,85,04883,234,1567
120,2,320,6106,85,0498,234,1633
120,2,320,6516,85,05029,234,17
120,2,320,7366,85,05127,234,1838
120,2,320,7744,85,05176,234,1899
120,2,320,8572,85,05273,234,2034
120,2,320,8987,85,05322,234,2102
120,2,320,9817,85,0542,234,2236
120,2,321,0249,85,05469,234,2306
120,2,321,105,85,05566,234,2437
120,2,321,145,85,05615,234,2501
120,2,321,1875,85,05664,234,257
120,2,321,2703,85,05762,234,2704
120,2,321,3145,85,05859,234,2776
120,2,321,3945,85,05957,234,2905
120,2,321,4331,85,06006,234,2968
120,2,321,5193,85,06104,234,3108
120,2,321,5576,85,06152,234,317
120,2,321,5991,85,06201,234,3237
120,2,321,6809,85,06299,234,3369
120,2,321,7229,85,06348,234,3438
120,2,321,8083,85,06445,234,3577
120,2,321,8489,85,06494,234,3643
120,2,321,936,85,06592,234,3783
120,2,321,9685,85,06641,234,3835
120,2,322,009,85,06689,234,3901
120,2,322,0957,85,06787,234,4042
120,2,322,1316,85,06836,234,41
120,2,322,2173,85,06982,234,424
120,2,322,261,85,07031,234,431
120,2,322,3413,85,07129,234,4441
120,2,322,3804,85,07178,234,4503
120,2,322,4653,85,07275,234,4641
120,2,322,5083,85,07324,234,4711
120,2,322,5459,85,07373,234,4772
120,2,322,6279,85,07471,234,4905
120,2,322,6689,85,0752,234,4972
120,2,322,7524,85,07617,234,5107
120,2,322,7964,85,07666,234,5178
120,2,322,8831,85,07813,234,5319
120,2,322,9172,85,07813,234,5375
120,2,323,0039,85,07959,234,5515
120,2,323,0398,85,08008,234,5573
120,2,323,0874,85,08057,234,5651
120,2,323,1636,85,08154,234,5774
120,2,323,2061,85,08203,234,5842
120,2,323,2861,85,08301,234,5973
120,2,323,3271,85,0835,234,6039
120,2,323,4094,85,08447,234,6172
120,2,323,4524,85,08496,234,6243
120,2,323,5322,85,08594,234,6372
120,2,323,5747,85,08643,234,644
120,2,323,6221,85,08691,234,6517
120,2,323,7019,85,08838,234,6647
120,2,323,7397,85,08887,234,6708
120,3,323,8245,85,08984,234,6846
120,3,323,8623,85,09033,234,6907
120,3,323,9045,85,09082,234,6975
120,3,323,9902,85,0918,234,7114
120,3,324,0298,85,09229,234,7178
120,3,324,1106,85,09326,234,731
120,3,324,1538,85,09375,234,7379
120,3,324,2332,85,09473,234,7509
120,3,324,2791,85,09521,234,7583
120,3,324,3574,85,09619,234,771
120,3,324,4026,85,09668,234,7783
120,3,324,4824,85,09766,234,7913
120,3,324,5222,85,09814,234,7977
120,3,324,5637,85,09912,234,8044
120,3,324,6482,85,1001,234,8181
120,3,324,6882,85,10059,234,8246
120,3,324,77,85,10156,234,8379
120,3,324,8127,85,10205,234,8447
120,3,324,8972,85,10303,234,8585
120,3,324,9346,85,10352,234,8646
120,3,324,9807,85,104,234,8721
120,3,325,0601,85,10498,234,8849
120,3,325,0999,85,10547,234,8914
120,3,325,1853,85,10645,234,9053
120,3,325,2227,85,10693,234,9113
120,3,325,3071,85,1084,234,9249
120,3,325,3494,85,10889,234,9319
120,3,325,3914,85,10938,234,9386
120,3,325,4714,85,11035,234,9517
120,3,325,5127,85,11084,234,9583
120,3,325,5955,85,11182,234,9717
120,3,325,636,85,1123,234,9783
120,3,325,719,85,11328,234,9918
120,3,325,7605,85,11377,234,9985
120,3,325,8425,85,11475,235,0118
120,3,325,8843,85,11523,235,0186
120,3,325,9282,85,11572,235,0256
120,3,326,0073,85,1167,235,0385
120,3,326,0498,85,11768,235,0454
120,3,326,1306,85,11865,235,0585
120,3,326,1736,85,11914,235,0654
120,3,326,2144,85,11963,235,072
120,3,326,2996,85,12061,235,0859
120,3,326,3381,85,12109,235,0922
120,3,326,4275,85,12207,235,1067
120,3,326,46,85,12256,235,1119
120,3,326,5457,85,12354,235,1257
120,3,326,5837,85,12402,235,132
120,3,326,6707,85,125,235,1461
120,3,326,708,85,12549,235,1521
120,3,326,7925,85,12695,235,1658
120,3,326,8313,85,12695,235,1721
120,3,326,8735,85,12793,235,179
120,3,326,9604,85,12891,235,1931
120,3,326,998,85,12939,235,1992
120,3,327,0842,85,13037,235,2131
120,3,327,1208,85,13086,235,219
120,3,327,1633,85,13135,235,226
120,3,327,2537,85,13232,235,2406
120,3,327,2871,85,13281,235,246
120,3,327,366,85,13379,235,2588
120,3,327,4075,85,13428,235,2655
120,3,327,49,85,13525,235,2789
120,3,327,5347,85,13574,235,2861
120,3,327,6182,85,13721,235,2997
120,3,327,6606,85,1377,235,3066
120,3,327,7395,85,13867,235,3193
120,3,327,7795,85,13916,235,3259
120,3,327,821,85,13965,235,3326
120,3,327,905,85,14063,235,3462
120,3,327,949,85,14111,235,3534
120,3,328,0281,85,14209,235,3662
120,3,328,0679,85,14258,235,3727
120,3,328,1531,85,14355,235,3865
120,3,328,1929,85,14404,235,3929
120,3,328,2366,85,14453,235,3999
120,3,328,3196,85,146,235,4135
120,3,328,3613,85,14648,235,4202
120,3,328,4392,85,14746,235,4329
120,3,328,4839,85,14795,235,4401
120,3,328,563,85,14893,235,4529
120,3,328,6055,85,14941,235,4598
120,3,328,6458,85,1499,235,4663
120,3,328,7317,85,15088,235,4802
120,3,328,77,85,15137,235,4865
120,3,328,8513,85,15234,235,4996
120,3,328,8936,85,15283,235,5065
120,3,328,9758,85,15381,235,5199
120,3,329,02,85,1543,235,527
120,3,329,1001,85,15527,235,54
120,3,329,1414,85,15625,235,5468
120,3,329,1833,85,15674,235,5535
120,3,329,2671,85,15771,235,5671
120,3,329,3064,85,1582,235,5735
120,3,329,3887,85,15918,235,5868
120,3,329,4358,85,15967,235,5945
120,3,329,5176,85,16064,235,6077
120,3,329,5547,85,16113,235,6138
120,3,329,5928,85,16162,235,6199
120,3,329,6797,85,1626,235,634
120,3,329,7188,85,16309,235,6404
120,3,329,8022,85,16406,235,6538
120,3,329,8474,85,16504,235,6613
120,3,329,9236,85,16602,235,6736
120,3,329,9675,85,1665,235,6807
120,3,330,0125,85,16699,235,688
120,3,330,0935,85,16797,235,7012
120,3,330,1338,85,16846,235,7076
120,3,330,2136,85,16943,235,7206
120,3,330,2559,85,16992,235,7274
120,3,330,3313,85,17871,235,715
120,3,330,3752,85,18359,235,7076
120,3,330,4563,85,19287,235,6943
120,3,330,4988,85,19775,235,6873
120,3,330,543,85,20264,235,6799
120,3,330,6199,85,21143,235,6672
120,3,330,6631,85,21631,235,6602
120,3,330,7461,85,22607,235,6464
120,3,330,7832,85,22998,235,6403
120,3,330,865,85,23975,235,6267
120,3,330,906,85,24414,235,62
120,3,330,949,85,24902,235,6129
120,3,331,0298,85,2583,235,5995
120,3,331,074,85,26367,235,5922
120,3,331,1511,85,27246,235,5795
120,3,331,196,85,27734,235,572
120,3,331,2747,85,28662,235,5591
120,3,331,3159,85,29102,235,5522
120,3,331,4009,85,30078,235,5382
120,3,331,439,85,30518,235,5319
120,3,331,48,85,31006,235,5251
120,3,331,5681,85,31982,235,5105
120,3,331,6035,85,32422,235,5046
120,3,331,6836,85,33301,235,4915
120,3,331,7246,85,33789,235,4846
120,3,331,8076,85,34717,235,4709
120,3,331,8479,85,35205,235,4644
120,3,331,9331,85,36182,235,4502
120,3,331,97,85,36572,235,4441
120,3,332,0127,85,37061,235,437
120,3,332,0952,85,38037,235,4235
120,3,332,1389,85,38525,235,4163
120,3,332,2173,85,39404,235,4033
120,3,332,2566,85,39844,235,3967
120,3,332,3013,85,40381,235,3894
120,3,332,3826,85,41309,235,376
120,3,332,426,85,41797,235,3688
120,3,332,5068,85,42725,235,3553
120,3,332,5444,85,43164,235,3492
120,3,332,6282,85,44092,235,3353
120,3,332,6665,85,44531,235,329
120,3,332,7583,85,45605,235,3138
120,3,332,7913,85,45996,235,3083
120,3,332,8311,85,46436,235,3018
120,3,332,9126,85,47363,235,2883
120,3,332,9541,85,47852,235,2815
120,3,333,0369,85,48779,235,2678
120,3,333,0774,85,49268,235,2611
120,3,333,1628,85,50244,235,2469
120,3,333,2002,85,50635,235,2408
120,3,333,2415,85,51123,235,234
120,3,333,3281,85,521,235,2197
120,3,333,3672,85,52539,235,2133
120,3,333,4436,85,53418,235,2006
120,3,333,4875,85,53955,235,1934
120,3,333,532,85,54443,235,186
120,3,333,6174,85,5542,235,1719
120,3,333,6924,85,56299,235,1594
120,3,333,7319,85,56738,235,153
120,3,333,7712,85,57178,235,1464
120,3,333,8582,85,58154,235,1321
120,3,333,8965,85,58594,235,1257
120,3,333,9797,85,5957,235,1121
120,3,334,019,85,6001,235,1055
120,3,334,1018,85,60986,235,0918
120,3,334,1416,85,61426,235,0852
120,3,334,1868,85,61914,235,0778
120,3,334,2722,85,62891,235,0637
120,3,334,3079,85,6333,235,0577
120,3,334,3884,85,64258,235,0444
120,3,334,4302,85,64697,235,0375
120,3,334,51,85,65625,235,0243
120,3,334,551,85,66113,235,0176
120,3,334,6365,85,6709,235,0034
120,3,334,6746,85,67529,234,9972
120,3,334,7134,85,67969,234,9907
120,3,334,7983,85,68945,234,9767
120,3,334,8401,85,69385,234,9697
120,3,334,9226,85,70361,234,9562
120,3,334,9602,85,70752,234,95
120,3,335,0413,85,7168,234,9365
120,3,335,0833,85,72168,234,9296
120,3,335,1277,85,72705,234,9222
120,3,335,2068,85,73584,234,9092
120,3,335,2488,85,74072,234,9022
120,3,335,3254,85,74951,234,8895
120,3,335,3689,85,75439,234,8824
120,3,335,449,85,76367,234,8691
120,3,335,49,85,76855,234,8623
120,3,335,5728,85,77783,234,8486
120,3,335,6155,85,78271,234,8417
120,3,335,6577,85,7876,234,8347
120,3,335,749,85,79785,234,8196
120,3,335,7773,85,80127,234,8149
120,3,335,8574,85,81055,234,8016
120,3,335,9004,85,81543,234,7946
120,3,335,9866,85,8252,234,7803
120,3,336,0261,85,82959,234,7738
120,3,336,1028,85,83838,234,7611
120,3,336,1428,85,84277,234,7545
120,3,336,1858,85,84766,234,7474
120,3,336,2668,85,85693,234,734
120,3,336,3105,85,8623,234,7268
120,3,336,3894,85,87109,234,7137
120,3,336,438,85,87646,234,7057
120,3,336,5129,85,88525,234,6934
120,3,336,5527,85,88965,234,6868
120,3,336,5969,85,89502,234,6794
120,3,336,6802,85,9043,234,6656
120,3,336,7224,85,90918,234,6587
120,3,336,8003,85,91797,234,6459
120,3,336,842,85,92285,234,6389
120,3,336,9275,85,93262,234,6248
120,3,336,9658,85,93701,234,6184
120,3,337,0071,85,94189,234,6117
120,3,337,0935,85,95166,234,5974
120,3,337,1316,85,95605,234,5911
120,3,337,2119,85,96533,234,5778
120,3,337,2576,85,97021,234,5703
120,3,337,3384,85,97949,234,5569
120,3,337,3782,85,98438,234,5503
120,3,337,46,85,99365,234,5369
120,3,337,4995,85,99805,234,5303
120,3,337,5391,86,00244,234,5237
120,3,337,6191,86,01172,234,5105
120,3,337,6604,86,0166,234,5037
120,3,337,7495,86,02686,234,4889
120,3,337,7874,86,03076,234,4827
120,3,337,8669,86,04004,234,4696
120,3,337,9033,86,04443,234,4635
120,3,337,9094,86,04492,234,4625
120,3,337,9094,86,04492,234,4625
120,3,337,9094,86,04492,234,4625
120,3,337,9094,86,04492,234,4625
120,3,337,9094,86,04492,234,4625
120,3,337,9094,86,04492,234,4625
120,3,337,9094,86,04492,234,4625
120,3,337,9094,86,04492,234,4625
120,3,337,9094,86,04492,234,4625
120,3,337,9094,86,04492,234,4625
120,3,337,9094,86,04492,234,4625
120,3,337,9094,86,04492,234,4625
120,3,337,9094,86,04492,234,4625
120,3,337,9094,86,04492,234,4625
120,3,337,9094,86,04492,234,4625
120,3,337,9094,86,04492,234,4625
120,3,337,9094,86,04492,234,4625
120,3,337,9094,86,04492,234,4625
120,3,337,9094,86,04492,234,4625
120,3,337,9094,86,04492,234,4625
120,3,337,9094,86,04492,234,4625
120,3,337,9094,86,04492,234,4625
120,3,337,9094,86,04492,234,4625
120,3,337,9094,86,04492,234,4625
120,3,337,9094,86,04492,234,4625
120,3,337,9094,86,04492,234,4625
120,3,337,9094,86,04492,234,4625
120,3,337,9094,86,04492,234,4625
120,3,337,9094,86,04492,234,4625
120,3,337,9094,86,04492,234,4625
120,3,337,9094,86,04492,234,4625
120,3,337,9094,86,04492,234,4625
120,3,337,9094,86,04492,234,4625
120,3,337,9094,86,04492,234,4625
120,3,337,9094,86,04492,234,4625
120,3,337,9094,86,04492,234,4625
120,3,337,9094,86,04492,234,4625
120,3,337,9094,86,04492,234,4625
120,3,337,9094,86,04492,234,4625
120,3,337,9094,86,04492,234,4625
120,3,337,9094,86,04492,234,4625
120,3,337,9094,86,04492,234,4625
120,3,337,9094,86,04492,234,4625
120,3,337,9094,86,04492,234,4625
120,3,337,9094,86,04492,234,4625
120,3,337,9094,86,04492,234,4625
120,3,337,9094,86,04492,234,4625
120,3,337,9094,86,04492,234,4625
120,3,337,9094,86,04492,234,4625
120,3,337,9094,86,04492,234,4625
120,3,337,9094,86,04492,234,4625
120,3,337,9094,86,04492,234,4625
120,3,337,9094,86,04492,234,4625
120,3,337,9094,86,04492,234,4625
120,3,337,9094,86,04492,234,4625
120,3,337,9094,86,04492,234,4625
120,3,337,9094,86,04492,234,4625
120,3,337,9094,86,04492,234,4625
120,3,337,9094,86,04492,234,4625
120,3,337,9094,86,04492,234,4625
120,3,337,9094,86,04492,234,4625
120,3,337,9094,86,04492,234,4625
120,3,337,9094,86,04492,234,4625
120,3,337,9094,86,04492,234,4625
120,3,337,9094,86,04492,234,4625
120,3,337,9094,86,04492,234,4625
120,3,337,9094,86,04492,234,4625
120,3,337,9094,86,04492,234,4625
120,3,337,9094,86,04492,234,4625
120,3,337,9094,86,04492,234,4625
120,3,337,9094,86,04492,234,4625
120,3,337,9094,86,04492,234,4625
120,3,337,9094,86,04492,234,4625
120,3,337,9094,86,04492,234,4625
120,3,337,9094,86,04492,234,4625
120,3,337,9094,86,04492,234,4625
120,3,337,9094,86,04492,234,4625
120,3,337,9094,86,04492,234,4625
120,3,337,9094,86,04492,234,4625
120,3,337,9094,86,04492,234,4625
120,3,337,9094,86,04492,234,4625
120,3,337,9094,86,04492,234,4625
120,3,337,9094,86,04492,234,4625
120,3,337,9094,86,04492,234,4625
120,3,337,9094,86,04492,234,4625
120,3,337,9094,86,04492,234,4625
120,3,337,9094,86,04492,234,4625
120,3,337,9094,86,04492,234,4625
120,3,337,9094,86,04492,234,4625
120,3,337,9094,86,04492,234,4625
120,3,337,9094,86,04492,234,4625
120,3,337,9094,86,04492,234,4625
120,3,337,9094,86,04492,234,4625
120,3,337,9094,86,04492,234,4625
120,3,337,9094,86,04492,234,4625
120,3,337,9094,86,04492,234,4625
120,3,337,9094,86,04492,234,4625
120,3,337,9094,86,04492,234,4625
120,3,337,9094,86,04492,234,4625
120,3,337,9094,86,04492,234,4625
120,3,337,9094,86,04492,234,4625
120,3,337,9094,86,04492,234,4625
120,3,337,9094,86,04492,234,4625
120,3,337,9094,86,04492,234,4625
120,3,337,9094,86,04492,234,4625
120,3,337,9094,86,04492,234,4625
120,3,337,9094,86,04492,234,4625
120,3,337,9094,86,04492,234,4625
120,3,337,9094,86,04492,234,4625
120,3,337,9094,86,04492,234,4625
120,3,337,9094,86,04492,234,4625
120,3,337,9094,86,04492,234,4625
120,3,337,9094,86,04492,234,4625
120,3,337,9094,86,04492,234,4625
120,3,337,9094,86,04492,234,4625
120,3,337,9094,86,04492,234,4625
120,3,337,9094,86,04492,234,4625
120,3,337,9094,86,04492,234,4625
120,3,337,9094,86,04492,234,4625
120,3,337,9094,86,04492,234,4625
120,3,337,9094,86,04492,234,4625
120,3,337,9094,86,04492,234,4625
120,3,337,9094,86,04492,234,4625
120,3,337,9094,86,04492,234,4625
120,3,337,9094,86,04492,234,4625
120,3,337,9094,86,04492,234,4625
120,3,337,9094,86,04492,234,4625
120,3,337,9094,86,04492,234,4625
120,3,337,9094,86,04492,234,4625
120,3,337,9094,86,04492,234,4625
120,3,337,9094,86,04492,234,4625
120,3,337,9094,86,04492,234,4625
120,3,337,9094,86,04492,234,4625
120,3,337,9094,86,04492,234,4625
120,3,337,9094,86,04492,234,4625
120,3,337,9094,86,04492,234,4625
120,3,337,9094,86,04492,234,4625
120,3,337,9094,86,04492,234,4625
120,3,337,9094,86,04492,234,4625
120,3,337,9094,86,04492,234,4625
120,3,337,9094,86,04492,234,4625
120,3,337,9094,86,04492,234,4625
120,3,337,9094,86,04492,234,4625
120,3,337,9094,86,04492,234,4625
120,3,337,9094,86,04492,234,4625
120,3,337,9094,86,04492,234,4625
120,3,337,9094,86,04492,234,4625
120,3,337,9094,86,04492,234,4625
120,3,337,9094,86,04492,234,4625
120,3,337,9094,86,04492,234,4625
120,3,337,9094,86,04492,234,4625
120,3,337,9094,86,04492,234,4625
120,3,337,9094,86,04492,234,4625
120,3,337,9094,86,04492,234,4625
120,3,337,9094,86,04492,234,4625
120,3,337,9094,86,04492,234,4625
120,3,337,9094,86,04492,234,4625
120,3,337,9094,86,04492,234,4625
120,3,337,9094,86,04492,234,4625
120,3,337,9094,86,04492,234,4625
120,3,337,9094,86,04492,234,4625
120,3,337,9094,86,04492,234,4625
120,3,337,9094,86,04492,234,4625
120,3,337,9094,86,04492,234,4625
120,3,337,9094,86,04492,234,4625
120,3,337,9094,86,04492,234,4625
120,3,337,9094,86,04492,234,4625
120,3,337,9094,86,04492,234,4625
120,3,337,9094,86,04492,234,4625
120,3,337,9094,86,04492,234,4625
120,3,337,9094,86,04492,234,4625
120,3,337,9094,86,04492,234,4625
120,3,337,9094,86,04492,234,4625
120,3,337,9094,86,04492,234,4625
120,3,337,9094,86,04492,234,4625
120,3,337,9094,86,04492,234,4625
120,3,337,9094,86,04492,234,4625
120,3,337,9094,86,04492,234,4625
120,3,337,9094,86,04492,234,4625
120,3,337,9094,86,04492,234,4625
120,3,337,9094,86,04492,234,4625
120,3,337,9094,86,04492,234,4625
120,3,337,9094,86,04492,234,4625
120,3,337,9094,86,04492,234,4625
120,3,337,9094,86,04492,234,4625
120,3,337,9094,86,04492,234,4625
120,3,337,9094,86,04492,234,4625
120,3,337,9094,86,04492,234,4625
120,3,337,9094,86,04492,234,4625
120,3,337,9094,86,04492,234,4625
120,3,337,9094,86,04492,234,4625
120,4,337,9094,86,04492,234,4625
120,4,337,9094,86,04492,234,4625
120,4,337,9954,86,05566,234,4441
120,4,338,0315,86,06006,234,4363
120,4,338,1172,86,0708,234,418
120,4,338,1543,86,07568,234,4099
120,4,338,1941,86,08057,234,4014
120,4,338,28,86,09131,234,3829
120,4,338,3171,86,0957,234,375
120,4,338,4063,86,10693,234,3558
120,4,338,438,86,11084,234,349
120,4,338,519,86,12109,234,3315
120,4,338,5601,86,12598,234,3228
120,4,338,5994,86,13086,234,3143
120,4,338,6873,86,14209,234,2954
120,4,338,7615,86,15137,234,2795
120,4,338,8027,86,15625,234,2708
120,4,338,8423,86,16113,234,2622
120,4,338,925,86,17139,234,2444
120,4,338,9678,86,17676,234,2352
120,4,339,0469,86,18701,234,2183
120,4,339,0869,86,19189,234,2097
120,4,339,1704,86,20215,234,1917
120,4,339,2102,86,20703,234,1832
120,4,339,2512,86,2124,234,1743
120,4,339,3308,86,22217,234,1573
120,4,339,3704,86,22705,234,1488
120,4,339,4551,86,23779,234,1306
120,4,339,4949,86,24268,234,1221
120,4,339,5759,86,25293,234,1046
120,4,339,6138,86,25732,234,0964
120,4,339,6565,86,2627,234,0873
120,4,339,7395,86,27295,234,0695
120,4,339,7769,86,27783,234,0615
120,4,339,8596,86,28809,234,0437
120,4,339,8982,86,29297,234,0354
120,4,339,9785,86,30322,234,0182
120,4,340,0212,86,30811,234,009
120,4,340,1011,86,31836,233,9918
120,4,340,1418,86,32324,233,9832
120,4,340,1824,86,32861,233,9744
120,4,340,2625,86,33838,233,9572
120,4,340,3037,86,34375,233,9484
120,4,340,384,86,35352,233,9312
120,4,340,4299,86,35938,233,9213
120,4,340,5098,86,36914,233,9041
120,4,340,5459,86,37354,233,8964
120,4,340,5906,86,37939,233,8867
120,4,340,6685,86,38916,233,87
120,4,340,7119,86,39453,233,8607
120,4,340,7917,86,4043,233,8435
120,4,340,8318,86,40918,233,835
120,4,340,9114,86,41943,233,8179
120,4,340,9526,86,42432,233,809
120,4,340,9944,86,42969,233,8
120,4,341,0754,86,43994,233,7826
120,4,341,1152,86,44482,233,774
120,4,341,1975,86,45508,233,7563
120,4,341,241,86,46045,233,7471
120,4,341,3167,86,46973,233,7307
120,4,341,3567,86,4751,233,7222
120,4,341,4385,86,48486,233,7046
120,4,341,4788,86,49023,233,6959
120,4,341,5181,86,49512,233,6875
120,4,341,6018,86,50537,233,6696
120,4,341,6484,86,51123,233,6595
120,4,341,7214,86,52051,233,6439
120,4,341,7642,86,52588,233,6346
120,4,341,844,86,53564,233,6176
120,4,341,8845,86,54053,233,6089
120,4,341,9258,86,5459,233,6
120,4,342,0095,86,55615,233,582
120,4,342,0481,86,56104,233,5737
120,4,342,1262,86,5708,233,5569
120,4,342,1692,86,57617,233,5477
120,4,342,2517,86,58643,233,53
120,4,342,291,86,59131,233,5215
120,4,342,3708,86,60156,233,5044
120,4,342,4116,86,60645,233,4956
120,4,342,4546,86,61182,233,4865
120,4,342,533,86,62158,233,4696
120,4,342,5747,86,62695,233,4607
120,4,342,6531,86,63672,233,4438
120,4,342,6951,86,6416,233,4348
120,4,342,7781,86,65234,233,417
120,4,342,8162,86,65674,233,4087
120,4,342,8582,86,66211,233,3998
120,4,342,938,86,67188,233,3826
120,4,342,9829,86,67773,233,3729
120,4,343,0618,86,6875,233,356
120,4,343,1023,86,69238,233,3473
120,4,343,1821,86,70264,233,3302
120,4,343,2278,86,70801,233,3204
120,4,343,3025,86,71777,233,3043
120,4,343,3433,86,72266,233,2955
120,4,343,3845,86,72803,233,2867
120,4,343,469,86,73828,233,2686
120,4,343,5061,86,74316,233,2606
120,4,343,5889,86,75342,233,2428
120,4,343,6267,86,75781,233,2346
120,4,343,7126,86,76855,233,2162
120,4,343,7517,86,77344,233,2078
120,4,343,7908,86,77832,233,1995
120,4,343,8706,86,78857,233,1823
120,4,343,9124,86,79346,233,1733
120,4,343,9976,86,8042,233,155
120,4,344,0366,86,80908,233,1466
120,4,344,1125,86,81885,233,1304
120,4,344,1555,86,82422,233,1211
120,4,344,1953,86,8291,233,1125
120,4,344,2771,86,83936,233,095
120,4,344,3191,86,84424,233,0861
120,5,344,4016,86,85449,233,0682
120,5,344,4392,86,85938,233,0602
120,5,344,5186,86,86914,233,0431
120,5,344,5615,86,87451,233,0339
120,5,344,6401,86,88428,233,0171
120,5,344,6812,86,88965,233,0083
120,5,344,7268,86,89502,232,9984
120,5,344,803,86,90479,232,9821
120,5,344,843,86,90967,232,9734
120,5,344,925,86,91992,232,9558
120,5,344,9717,86,92578,232,9458
120,5,345,0076,86,93018,232,9381
120,5,345,0923,86,94092,232,9199
120,5,345,1309,86,9458,232,9116
120,5,345,2109,86,95557,232,8945
120,5,345,2458,86,95996,232,887
120,5,345,3203,86,96826,232,8489
120,5,345,3569,86,97217,232,8301
120,5,345,4358,86,98047,232,7898
120,5,345,467,86,98389,232,7738
120,5,345,5403,86,99219,232,7363
120,5,345,5803,86,99609,232,7158
120,5,345,6152,87,232,698
120,5,345,6934,87,00879,232,6581
120,5,345,7263,87,01221,232,6412
120,5,345,8037,87,02051,232,6017
120,5,345,8433,87,0249,232,5814
120,5,345,9158,87,03271,232,5442
120,5,345,949,87,03613,232,5273
120,5,345,9844,87,04004,232,5092
120,5,346,0635,87,04883,232,4688
120,5,346,0964,87,05225,232,4518
120,5,346,1716,87,06055,232,4133
120,5,346,2112,87,06494,232,3932
120,5,346,2813,87,07227,232,3573
120,5,346,325,87,07715,232,335
120,5,346,3926,87,08447,232,3004
120,5,346,4316,87,08887,232,2804
120,5,346,4675,87,09277,232,2621
120,5,346,5046,87,09668,232,243
120,5,346,5046,87,09668,232,243
120,5,346,5046,87,09668,232,243
120,5,346,5046,87,09668,232,243
120,5,346,5046,87,09668,232,243
120,5,346,5408,87,10059,232,2246
120,5,346,8064,87,12939,232,0886
120,5,346,9121,87,14111,232,0347
120,5,346,9441,87,14453,232,0183
120,5,347,0183,87,15234,231,9802
120,5,347,0525,87,15625,231,9628
120,5,347,1262,87,16406,231,925
120,5,347,1653,87,16846,231,905
120,5,347,2407,87,17676,231,8665
120,5,347,2744,87,18018,231,8494
120,5,347,3508,87,18848,231,8102
120,5,347,3879,87,19287,231,7911
120,5,347,4248,87,19678,231,7723
120,5,347,4978,87,20459,231,735
120,5,347,5359,87,2085,231,7156
120,5,347,6104,87,2168,231,6775
120,5,347,6497,87,22119,231,6573
120,5,347,7224,87,229,231,6201
120,5,347,7571,87,23291,231,6024
120,5,347,7971,87,2373,231,5819
120,5,347,8689,87,24512,231,5452
120,5,347,9065,87,24902,231,526
120,5,347,988,87,25781,231,4841
120,5,348,0203,87,26123,231,4678
120,5,348,092,87,26904,231,431
120,5,348,1272,87,27295,231,4131
120,5,348,2021,87,28125,231,3748
120,5,348,2388,87,28516,231,356
120,5,348,2749,87,28906,231,3375
120,5,348,3513,87,29736,231,2985
120,5,348,3857,87,30127,231,2808
120,5,348,4622,87,30957,231,2417
120,5,348,5015,87,31348,231,2217
120,5,348,5725,87,32129,231,1852
120,5,348,6101,87,32568,231,166
120,5,348,6477,87,32959,231,1469
120,5,348,72,87,3374,231,1099
120,5,348,7571,87,34131,231,0908
120,5,348,8364,87,3501,231,0502
120,5,348,8694,87,35352,231,0333
120,5,348,9058,87,35742,231,0148
120,5,348,9514,87,36084,230,9658
120,5,348,9707,87,36133,230,9355
120,5,349,0161,87,36328,230,865
120,5,349,0378,87,36426,230,8311
120,5,349,0842,87,36572,230,7585
120,5,349,1067,87,3667,230,7234
120,5,349,1526,87,36816,230,6521
120,5,349,1738,87,36914,230,6188
120,5,349,1958,87,37012,230,5845
120,5,349,2437,87,37158,230,5099
120,5,349,2671,87,37256,230,4733
120,5,349,3125,87,37451,230,4023
120,5,349,334,87,375,230,3689
120,5,349,3804,87,37695,230,2966
120,5,349,3982,87,37744,230,2686
120,5,349,4478,87,37939,230,1914
120,5,349,4651,87,37988,230,1643
120,5,349,5107,87,38184,230,093
120,5,349,5332,87,38281,230,058
120,5,349,5554,87,3833,230,0232
120,5,349,603,87,38525,229,949
120,5,349,6243,87,38623,229,9159
120,5,349,6709,87,3877,229,8431
120,5,349,6951,87,38867,229,8054
120,5,349,7371,87,39014,229,74
120,5,349,7605,87,39111,229,7035
120,5,349,7822,87,39209,229,6694
120,5,349,8276,87,39355,229,5989
120,5,349,8545,87,39453,229,5569
120,5,349,8943,87,39648,229,4944
120,5,349,9187,87,39697,229,4567
120,6,349,9397,87,39795,229,4237
120,6,349,9888,87,3999,229,347
120,6,350,0078,87,40039,229,3175
120,6,350,054,87,40234,229,2455
120,6,350,0752,87,40283,229,2124
120,6,350,1208,87,40479,229,1412
120,6,350,1433,87,40576,229,106
120,6,350,1895,87,40723,229,0342
120,6,350,2104,87,4082,229,0012
120,6,350,2341,87,40918,228,9644
120,6,350,2798,87,41064,228,8932
120,6,350,2998,87,41162,228,8621
120,6,350,3467,87,41309,228,7889
120,6,350,3679,87,41406,228,7556
120,6,350,4136,87,41602,228,6846
120,6,350,4355,87,4165,228,6503
120,6,350,4583,87,41748,228,6149
120,6,350,5061,87,41943,228,5402
120,6,350,5278,87,41992,228,5061
120,6,350,5713,87,42188,228,4382
120,6,350,5947,87,42285,228,4016
120,6,350,6392,87,42432,228,3324
120,6,350,6633,87,42529,228,2948
120,6,350,7061,87,42676,228,228
120,6,350,7307,87,42773,228,1896
120,6,350,7524,87,42871,228,1558
120,6,350,7971,87,43018,228,0862
120,6,350,8198,87,43115,228,0505
120,6,350,8643,87,43262,227,9811
120,6,350,8875,87,43359,227,9452
120,6,350,9321,87,43555,227,8754
120,6,350,9548,87,43604,227,8398
120,6,351,0002,87,43799,227,7692
120,6,351,022,87,43848,227,7352
120,6,351,0464,87,43945,227,6969
120,6,351,061,87,43994,227,6421
120,6,351,0681,87,43994,227,5951
120,6,351,0791,87,43994,227,5201
120,6,351,0852,87,43994,227,4781
120,6,351,0981,87,43994,227,3904
120,6,351,1035,87,43994,227,3541
120,6,351,1094,87,43994,227,3135
120,6,351,1221,87,43994,227,2284
120,6,351,1279,87,43994,227,1879
120,6,351,1401,87,43994,227,1047
120,6,351,1465,87,43994,227,0619
120,6,351,1592,87,43994,226,9753
120,6,351,1646,87,43994,226,9398
120,6,351,1765,87,43994,226,8572
120,6,351,1826,87,43994,226,8171
120,6,351,1892,87,43994,226,7719
120,6,351,2007,87,43994,226,6931
120,6,351,207,87,43994,226,6501
120,6,351,2197,87,43994,226,5652
120,6,351,2256,87,43994,226,5251
120,6,351,2383,87,43994,226,4387
120,6,351,2439,87,43994,226,4009
120,6,351,2493,87,43994,226,3633
120,6,351,2617,87,43994,226,2791
120,6,351,2683,87,43994,226,2349
120,6,351,2803,87,43994,226,1528
120,6,351,2864,87,43994,226,1127
120,6,351,2993,87,43994,226,0245
120,6,351,3037,87,43994,225,9934
120,6,351,3103,87,43994,225,9495
120,6,351,3235,87,43994,225,859
120,6,351,3291,87,43994,225,822
120,6,351,3413,87,43994,225,7391
120,6,351,3469,87,43994,225,7013
120,6,351,3591,87,43994,225,618
120,6,351,366,87,43994,225,5704
120,6,351,3716,87,43994,225,5334
120,6,351,384,87,43994,225,4481
120,6,351,3894,87,43994,225,4114
120,6,351,4016,87,43994,225,33
120,6,351,4077,87,43994,225,2883
120,6,351,4199,87,43994,225,2046
120,6,351,4258,87,43994,225,165
120,6,351,4385,87,43994,225,0787
120,6,351,4448,87,43994,225,0356
120,6,351,457,87,43994,224,9525
120,6,351,4624,87,43994,224,9164
120,6,351,4683,87,43994,224,8762
120,6,351,481,87,43994,224,7906
120,6,351,4871,87,43994,224,749
120,6,351,4998,87,43994,224,6635
120,6,351,5054,87,43994,224,624
120,6,351,5171,87,43994,224,5447
120,6,351,5234,87,43994,224,5015
120,6,351,5295,87,43994,224,4602
120,6,351,5422,87,43994,224,374
120,6,351,5476,87,43994,224,3378
120,6,351,5603,87,43994,224,2517
120,6,351,5659,87,43994,224,2125
120,6,351,5789,87,43994,224,1254
120,6,351,5845,87,43994,224,0872
120,6,351,5903,87,43994,224,0469
120,6,351,603,87,43994,223,9604
120,6,351,6086,87,43994,223,9235
120,6,351,6208,87,43994,223,8394
120,6,351,627,87,43994,223,7985
120,6,351,6394,87,43994,223,714
120,6,351,6458,87,43994,223,6703
120,6,351,6511,87,43994,223,6345
120,6,351,6638,87,43994,223,5491
120,6,351,6697,87,43994,223,5087
120,6,351,6814,87,43994,223,428
120,6,351,6882,87,43994,223,3828
120,6,351,7,87,43994,223,3031
120,6,351,7063,87,43994,223,2601
120,6,351,7185,87,43994,223,1764
120,6,351,7244,87,43994,223,1377
120,6,351,7302,87,43994,223,097
120,6,351,7429,87,43994,223,0109
120,6,351,7488,87,43994,222,9714
120,6,351,7612,87,43994,222,886
120,6,351,7668,87,43994,222,8481
120,6,351,7788,87,43994,222,7671
120,6,351,7854,87,43994,222,7228
120,6,351,7915,87,43994,222,6814
120,6,351,8042,87,43994,222,5941
120,6,351,8098,87,43994,222,5568
120,6,351,8218,87,43994,222,4756
120,6,351,8279,87,43994,222,4341
120,6,351,834,87,43994,222,3925
120,6,351,8474,87,43994,222,3022
120,6,351,8577,87,43994,222,2314
120,6,351,8643,87,43994,222,1863
120,6,351,8706,87,43994,222,1437
120,6,351,8826,87,43994,222,0623
120,6,351,8892,87,43994,222,0181
120,7,351,9014,87,43994,221,9352
120,7,351,907,87,43994,221,8973
120,7,351,9187,87,43994,221,8171
120,7,351,9253,87,43994,221,7726
120,7,351,9375,87,43994,221,6897
120,7,351,9431,87,43994,221,6516
120,7,351,9497,87,43994,221,6069
120,7,351,9617,87,43994,221,5258
120,7,351,9653,87,43994,221,5004
120,7,351,9629,87,42969,221,4199
120,7,351,9617,87,42432,221,3779
120,7,351,9592,87,41406,221,2953
120,7,351,958,87,40918,221,2554
120,7,351,9568,87,40332,221,2102
120,7,351,9543,87,39307,221,1299
120,7,351,9531,87,38818,221,0881
120,7,351,9507,87,37744,221,0054
120,7,351,9495,87,37207,220,9612
120,7,351,947,87,36182,220,879
120,7,351,9458,87,35693,220,8401
120,7,351,9446,87,35107,220,797
120,7,351,9421,87,34082,220,7156
120,7,351,9409,87,33594,220,6741
120,7,351,9385,87,32568,220,5923
120,7,351,937,87,31982,220,549
120,7,351,9348,87,30957,220,4674
120,7,351,9333,87,30469,220,4257
120,7,351,9309,87,29443,220,344
120,7,351,9297,87,28906,220,3026
120,7,351,9285,87,28369,220,2598
120,7,351,926,87,27295,220,1769
120,7,351,9248,87,26758,220,1328
120,7,351,9224,87,25781,220,0546
120,7,351,9211,87,25195,220,0106
120,7,351,9187,87,2417,219,9264
120,7,351,9175,87,23682,219,8887
120,7,351,9163,87,23145,219,8463
120,7,351,9138,87,22119,219,7646
120,7,351,9126,87,21582,219,7207
120,7,351,9102,87,20508,219,6379
120,7,351,9089,87,2002,219,598
120,7,351,9065,87,18994,219,5153
120,7,351,9053,87,18457,219,4736
120,7,351,9026,87,17383,219,3887
120,7,351,9016,87,16895,219,3505
120,7,351,9001,87,1626,219,3002
120,7,351,8977,87,15283,219,223
120,7,351,8965,87,14746,219,1776
120,7,351,8943,87,1377,219,1016
120,7,351,8928,87,13232,219,0599
120,7,351,8904,87,12158,218,976
120,7,351,8892,87,11621,218,9335
120,7,351,8879,87,11133,218,8936
120,7,351,8855,87,10059,218,8063
120,7,351,8843,87,0957,218,7683
120,7,351,8818,87,08496,218,6836
120,7,351,8806,87,08008,218,6433
120,7,351,8794,87,07471,218,6017
120,7,351,8767,87,06396,218,5156
120,7,351,8757,87,05908,218,4784
120,7,351,8733,87,04883,218,3966
120,7,351,8718,87,04297,218,3517
120,7,351,8696,87,0332,218,2717
120,7,351,8684,87,02783,218,2297
120,7,351,8657,87,01709,218,1454
120,7,351,8645,87,01221,218,1057
120,7,351,8635,87,00732,218,0659
120,7,351,8608,86,99561,217,9758
120,7,351,8596,86,99121,217,9384
120,7,351,8569,86,97949,217,8478
120,7,351,8557,86,9751,217,8105
120,7,351,8535,86,96533,217,734
120,7,351,8523,86,95996,217,6921
120,7,351,8499,86,94971,217,6117
120,7,351,8486,86,94434,217,5693
120,7,351,8474,86,93945,217,5283
120,7,351,845,86,92822,217,4395
120,7,351,8438,86,92383,217,4037
120,7,351,8413,86,91309,217,3213
120,7,351,8401,86,90771,217,2784
120,7,351,8376,86,89746,217,1941
120,7,351,8362,86,89209,217,1522
120,7,351,8352,86,88721,217,1145
120,7,351,8328,86,87646,217,0288
120,7,351,8315,86,87158,216,9886
120,7,351,8289,86,86084,216,9041
120,7,351,8279,86,85547,216,8636
120,7,351,8254,86,84521,216,7815
120,7,351,824,86,83936,216,7346
120,7,351,8215,86,82959,216,6566
120,7,351,8203,86,82422,216,6139
120,7,351,8188,86,81836,216,5663
120,7,351,8167,86,80859,216,4926
120,7,351,8154,86,80322,216,4467
120,7,351,813,86,79248,216,3635
120,7,351,8118,86,78809,216,3278
120,7,351,8093,86,77734,216,2441
120,7,351,8081,86,77197,216,2009
120,7,351,8069,86,7666,216,1583
120,7,351,8044,86,75635,216,0753
120,7,351,8032,86,75146,216,0361
120,7,351,8008,86,74072,215,9523
120,7,351,7996,86,73535,215,9113
120,7,351,7971,86,72559,215,8311
120,7,351,7959,86,72021,215,7882
120,7,351,7935,86,70947,215,7057
120,7,351,792,86,7041,215,6616
120,7,351,791,86,69922,215,6228
120,7,351,7886,86,68896,215,5413
120,7,351,7871,86,68359,215,4969
120,7,351,7849,86,67334,215,4178
120,7,351,7834,86,66797,215,3745
120,7,351,781,86,65771,215,2917
120,7,351,7798,86,65186,215,2473
120,7,351,7773,86,6416,215,1671
120,7,351,7764,86,63721,215,1294
120,7,351,7749,86,63135,215,0851
120,8,351,7725,86,62109,215,0031
120,8,351,7712,86,61523,214,9578
120,8,351,7688,86,60498,214,8745
120,8,351,7676,86,6001,214,8378
120,8,351,7651,86,58936,214,7527
120,8,351,7639,86,58496,214,7146
120,8,351,7627,86,5791,214,6682
120,8,351,7603,86,56885,214,5891
120,8,351,759,86,56348,214,5466
120,8,351,7566,86,55322,214,4634
120,8,351,7551,86,54785,214,4203
120,8,351,7529,86,5376,214,3403
120,8,351,7517,86,53223,214,2975
120,8,351,7502,86,52686,214,255
120,8,351,7478,86,51611,214,1703
120,8,351,7466,86,51123,214,1313
120,8,351,7441,86,50098,214,0491
120,8,351,7432,86,49609,214,011
120,8,351,7405,86,48535,213,9254
120,8,351,7393,86,47998,213,8845
120,8,351,7368,86,46973,213,8016
120,8,351,7356,86,46436,213,7607
120,8,351,7344,86,45898,213,7159
120,8,351,7319,86,44922,213,6371
120,8,351,7307,86,44385,213,5948
120,8,351,7283,86,43311,213,5117
120,8,351,7271,86,42822,213,4722
120,8,351,7246,86,41748,213,3859
120,8,351,7234,86,4126,213,3481
120,8,351,7209,86,40186,213,2642
120,8,351,7197,86,39697,213,2225
120,8,351,7185,86,3916,213,1821
120,8,351,7158,86,38086,213,0946
120,8,351,7148,86,37598,213,0576
120,8,351,7122,86,36523,212,9722
120,8,351,7112,86,36035,212,9325
120,8,351,7085,86,34912,212,844
120,8,351,7073,86,34424,212,8064
120,8,351,7051,86,33447,212,7267
120,8,351,7039,86,3291,212,6857
120,8,351,7024,86,32373,212,6428
120,8,351,7,86,31299,212,5573
120,8,351,6987,86,30762,212,5137
120,8,351,6963,86,29736,212,4357
120,8,351,6951,86,29199,212,3912
120,8,351,6926,86,28223,212,3121
120,8,351,6914,86,27686,212,2704
120,8,351,6902,86,271,212,2233
120,8,351,6877,86,26123,212,146
120,8,351,6865,86,25537,212,1022
120,8,351,6841,86,24561,212,0226
120,8,351,6829,86,24023,211,9789
120,8,351,6804,86,22949,211,8937
120,8,351,6792,86,22412,211,8541
120,8,351,678,86,21924,211,8135
120,8,351,6755,86,20898,211,731
120,8,351,6741,86,20313,211,6866
120,8,351,6716,86,19287,211,6057
120,8,351,6707,86,18799,211,5667
120,8,351,6677,86,17627,211,4716
120,8,351,6667,86,17188,211,4371
120,8,351,6655,86,1665,211,3944
120,8,351,6631,86,15625,211,3129
120,8,351,6619,86,15088,211,2732
120,8,351,6594,86,14014,211,1875
120,8,351,6582,86,13525,211,1493
120,8,351,6558,86,125,211,0651
120,8,351,6545,86,12012,211,0266
120,8,351,6533,86,11475,210,9858
120,8,351,6509,86,104,210,9
120,8,351,6497,86,09912,210,8591
120,8,351,647,86,08838,210,774
120,8,351,646,86,0835,210,736
120,8,351,6436,86,07324,210,6558
120,8,351,6421,86,06738,210,6079
120,8,351,6399,86,05713,210,5284
120,8,351,6384,86,05176,210,4851
120,8,351,6375,86,04688,210,4471
120,8,351,6348,86,03613,210,3624
120,8,351,6335,86,03125,210,3223
120,8,351,6311,86,021,210,2395
120,8,351,6299,86,01563,210,1965
120,8,351,6274,86,00488,210,1146
120,8,351,6262,86,210,0735
120,8,351,6238,85,98926,209,99
120,8,351,6226,85,98438,209,9509
120,8,351,6213,85,97852,209,9043
120,8,351,6189,85,96875,209,8246
120,8,351,6177,85,96289,209,7817
120,8,351,615,85,95264,209,6969
120,8,351,614,85,94775,209,6592
120,8,351,6125,85,94189,209,6152
120,8,351,6116,85,93701,209,5753
120,8,351,6101,85,93164,209,5305
120,8,351,6079,85,92139,209,4514
120,8,351,6079,85,92139,209,4514
120,8,351,603,85,90088,209,2869
120,8,351,6018,85,89551,209,2451
120,8,351,5991,85,88477,209,1597
120,8,351,5991,85,88477,209,1597
120,8,351,5979,85,87988,209,1217
120,8,351,5955,85,86914,209,037
120,8,351,594,85,86279,208,9856
120,8,351,6023,85,86084,208,8719
120,8,351,6023,85,86084,208,8719
120,8,351,6111,85,8584,208,75
120,8,351,614,85,85742,208,7069
120,8,351,6204,85,85596,208,6201
120,8,351,6204,85,85596,208,6201
120,8,351,623,85,85498,208,5815
120,8,351,6323,85,85254,208,4553
120,8,351,6355,85,85156,208,4106
120,8,351,6416,85,8501,208,3239
120,8,351,6443,85,84961,208,2898
120,8,351,6509,85,84766,208,196
120,8,351,6533,85,84717,208,1638
120,8,351,6592,85,84521,208,0822
120,8,351,6619,85,84473,208,0425
120,8,351,6653,85,84375,207,998
120,8,351,6711,85,84229,207,9156
120,8,351,6741,85,84131,207,8745
120,9,351,6799,85,83984,207,7921
120,9,351,6831,85,83887,207,7498
120,9,351,6892,85,8374,207,6644
120,9,351,6924,85,83643,207,6219
120,9,351,6951,85,83594,207,584
120,9,351,7012,85,83398,207,4991
120,9,351,7043,85,8335,207,4561
120,9,351,7102,85,83154,207,3745
120,9,351,7134,85,83105,207,3293
120,9,351,7192,85,8291,207,2491
120,9,351,7222,85,82861,207,2087
120,9,351,7249,85,82764,207,1687
120,9,351,7312,85,82617,207,0824
120,9,351,7341,85,8252,207,0413
120,9,351,7402,85,82373,206,9585
120,9,351,7434,85,82275,206,9125
120,9,351,7495,85,82129,206,8286
120,9,351,7524,85,82031,206,7888
120,9,351,7583,85,81885,206,7062
120,9,351,7612,85,81787,206,666
120,9,351,7644,85,81738,206,6205
120,9,351,7673,85,81641,206,5803
120,9,351,7703,85,81543,206,5389
120,9,351,7764,85,81396,206,4559
120,9,351,7764,85,81396,206,4559
120,9,351,7822,85,8125,206,3733
120,9,351,7883,85,81104,206,2894
120,9,351,7883,85,81104,206,2894
120,9,351,7942,85,80908,206,2086
120,9,351,8008,85,80762,206,1162
120,9,351,8066,85,80615,206,0367
120,9,351,8093,85,80518,205,9985
120,9,351,8184,85,80273,205,8737
120,9,351,8215,85,80176,205,8303
120,9,351,8242,85,80127,205,7914
120,9,351,8274,85,80029,205,7488
120,9,351,8333,85,79883,205,6666
120,9,351,8394,85,79736,205,5818
120,9,351,8423,85,79639,205,5402
120,9,351,8481,85,79492,205,4596
120,9,351,8516,85,79395,205,4137
120,9,351,8516,85,79395,205,4137
120,9,351,8606,85,7915,205,2858
120,9,351,8635,85,79053,205,248
120,9,351,8691,85,78906,205,1676
120,9,351,8726,85,78809,205,1223
120,9,351,8782,85,78662,205,0439
120,9,351,8813,85,78613,205,0004
120,9,351,884,85,78516,204,9614
120,9,351,8872,85,78418,204,9182
120,9,351,8872,85,78418,204,9182
120,9,351,8994,85,78125,204,7489
120,9,351,9021,85,78027,204,71
120,9,351,9021,85,78027,204,71
120,9,351,9021,85,78027,204,71
120,9,351,9021,85,78027,204,71
120,9,351,9021,85,78027,204,71
120,9,351,9053,85,7793,204,6666
120,9,351,9053,85,7793,204,6666
120,9,351,9053,85,7793,204,6666
120,9,351,9053,85,7793,204,6666
120,9,351,9053,85,7793,204,6666
120,9,351,927,85,77393,204,3674
120,9,351,927,85,77393,204,3674
120,9,351,927,85,77393,204,3674
120,9,351,9485,85,76807,204,0684
120,9,351,9485,85,76807,204,0684
120,9,351,9485,85,76807,204,0684
120,9,351,9641,85,76367,203,8527
120,9,351,9641,85,76367,203,8527
120,9,351,9739,85,76123,203,718
120,9,351,9739,85,76123,203,718
120,9,351,9829,85,75879,203,5898
120,9,351,991,85,75684,203,4786
120,9,351,991,85,75684,203,4786
120,9,351,9976,85,75488,203,3873
120,9,351,9976,85,75488,203,3873
120,9,352,0071,85,75244,203,2552
120,9,352,0071,85,75244,203,2552
120,9,352,0071,85,75244,203,2552
120,9,352,0154,85,75,203,1416
120,9,352,0154,85,75,203,1416
120,9,352,0247,85,74756,203,0131
120,9,352,0247,85,74756,203,0131
120,9,352,0334,85,74512,202,8904
120,9,352,0334,85,74512,202,8904
120,9,352,0435,85,74268,202,7504
120,9,352,0435,85,74268,202,7504
120,9,352,0515,85,74023,202,6392
120,9,352,0515,85,74023,202,6392
120,9,352,0608,85,73779,202,5117
120,9,352,0608,85,73779,202,5117
120,9,352,0701,85,73535,202,3821
120,9,352,0701,85,73535,202,3821
120,9,352,0784,85,7334,202,2653
120,9,352,0784,85,7334,202,2653
120,9,352,0874,85,73096,202,1422
120,9,352,0874,85,73096,202,1422
120,9,352,0967,85,72852,202,0137
120,9,352,0967,85,72852,202,0137
120,9,352,1055,85,72607,201,8905
120,9,352,1055,85,72607,201,8905
120,9,352,1145,85,72363,201,7661
120,9,352,1145,85,72363,201,7661
120,9,352,1145,85,72363,201,7661
120,9,352,1233,85,72119,201,6421
120,9,352,1233,85,72119,201,6421
120,9,352,1326,85,71875,201,5144
120,9,352,1326,85,71875,201,5144
120,9,352,1421,85,71631,201,382
120,9,352,1421,85,71631,201,382
120,9,352,1506,85,71387,201,2656
120,9,352,1506,85,71387,201,2656
120,9,352,1594,85,71143,201,1429
120,9,352,1594,85,71143,201,1429
120,9,352,1707,85,7085,200,9873
120,9,352,1707,85,7085,200,9873
120,9,352,178,85,70654,200,885
120,9,352,178,85,70654,200,885
120,9,352,1868,85,7041,200,7637
120,9,352,1868,85,7041,200,7637
120,9,352,1956,85,70215,200,6429
120,9,352,1956,85,70215,200,6429
120,9,352,2046,85,69971,200,5159
120,9,352,2046,85,69971,200,5159
120,9,352,2134,85,69727,200,3943
120,9,352,2134,85,69727,200,3943
120,9,352,2197,85,69531,200,3066
120,9,352,2197,85,69531,200,3066
120,9,352,2292,85,69287,200,1753
120,9,352,2292,85,69287,200,1753
120,9,352,2383,85,69043,200,0487
120,9,352,2383,85,69043,200,0487
120,9,352,2466,85,68848,199,9333
120,9,352,2466,85,68848,199,9333
120,9,352,2571,85,68555,199,7878
120,9,352,2571,85,68555,199,7878
120,9,352,2644,85,68359,199,6848
120,9,352,2644,85,68359,199,6848
120,9,352,2737,85,68115,199,5581
120,9,352,2737,85,68115,199,5581
120,9,352,283,85,67871,199,4301
120,9,352,283,85,67871,199,4301
120,9,352,283,85,67871,199,4301
120,9,352,2917,85,67627,199,3079
120,9,352,2917,85,67627,199,3079
120,9,352,3005,85,67383,199,1841
120,9,352,3005,85,67383,199,1841
120,9,352,3098,85,67139,199,0557
120,9,352,3098,85,67139,199,0557
120,9,352,3191,85,66895,198,9263
120,9,352,3191,85,66895,198,9263
120,9,352,3276,85,6665,198,8085
120,9,352,3276,85,6665,198,8085
120,9,352,3367,85,66406,198,6824
120,9,352,3367,85,66406,198,6824
120,9,352,3367,85,66406,198,6824
120,9,352,3464,85,66162,198,548
120,9,352,3464,85,66162,198,548
120,9,352,3584,85,6582,198,3812
120,9,352,3584,85,6582,198,3812
120,9,352,3677,85,65576,198,2546
120,9,352,3677,85,65576,198,2546
120,9,352,3777,85,65332,198,1162
120,9,352,3845,85,65137,198,0188
120,9,352,3845,85,65137,198,0188
120,9,352,3909,85,64941,197,931
120,9,352,3909,85,64941,197,931
120,9,352,3997,85,64746,197,8105
120,9,352,3997,85,64746,197,8105
120,9,352,4082,85,64502,197,6904
120,9,352,4148,85,64307,197,6008
120,9,352,4148,85,64307,197,6008
120,9,352,4209,85,6416,197,5162
120,9,352,4209,85,6416,197,5162
120,9,352,427,85,64014,197,4304
120,9,352,427,85,64014,197,4304
120,9,352,436,85,6377,197,3065
120,9,352,436,85,6377,197,3065
120,9,352,4456,85,63477,197,1731
120,9,352,4456,85,63477,197,1731
120,9,352,4536,85,63281,197,0618
120,9,352,4602,85,63086,196,9694
120,9,352,4602,85,63086,196,9694
120,9,352,4688,85,62891,196,8525
120,9,352,4688,85,62891,196,8525
120,9,352,4756,85,62695,196,7584
120,9,352,4834,85,625,196,6471
120,9,352,4834,85,625,196,6471
120,9,352,4895,85,62305,196,5629
120,9,352,4954,85,62158,196,4811
120,9,352,4954,85,62158,196,4811
120,9,352,5029,85,61963,196,3781
120,9,352,5029,85,61963,196,3781
120,9,352,5112,85,61768,196,2634
120,9,352,5112,85,61768,196,2634
120,9,352,52,85,61523,196,1405
120,9,352,52,85,61523,196,1405
120,9,352,52,85,61523,196,1405
120,9,352,5291,85,61279,196,017
120,9,352,5291,85,61279,196,017
120,9,352,5378,85,61035,195,8939
120,9,352,5378,85,61035,195,8939
120,9,352,5491,85,60742,195,7388
120,9,352,5491,85,60742,195,7388
120,9,352,5564,85,60547,195,6356
120,9,352,5564,85,60547,195,6356
120,9,352,5647,85,60303,195,5193
120,9,352,5647,85,60303,195,5193
120,9,352,574,85,60059,195,3921
120,9,352,574,85,60059,195,3921
120,9,352,5828,85,59814,195,27
120,9,352,5828,85,59814,195,27
120,9,352,5918,85,5957,195,1445
120,9,352,6006,85,59375,195,0223
120,9,352,6006,85,59375,195,0223
120,9,352,6067,85,5918,194,9392
120,9,352,6128,85,59033,194,8533
120,9,352,6128,85,59033,194,8533
120,9,352,6189,85,58887,194,7706
120,9,352,6189,85,58887,194,7706
120,9,352,6257,85,58691,194,6737
120,9,352,6257,85,58691,194,6737
120,9,352,6345,85,58447,194,5522
120,9,352,6345,85,58447,194,5522
120,9,352,6431,85,58203,194,4324
120,9,352,6519,85,57959,194,3114
120,9,352,6519,85,57959,194,3114
120,9,352,658,85,57813,194,2256
120,9,352,658,85,57813,194,2256
120,9,352,6665,85,57568,194,1082
120,9,352,6665,85,57568,194,1082
120,9,352,6729,85,57422,194,0205
120,9,352,6816,85,57178,193,8984
120,9,352,6816,85,57178,193,8984
120,9,352,6885,85,56982,193,8029
120,9,352,6885,85,56982,193,8029
120,9,352,697,85,56787,193,6869
120,9,352,697,85,56787,193,6869
120,9,352,7058,85,56543,193,5636
120,9,352,7058,85,56543,193,5636
120,9,352,7126,85,56348,193,4674
120,9,352,7126,85,56348,193,4674
120,9,352,7209,85,56152,193,3545
120,9,352,7209,85,56152,193,3545
120,9,352,73,85,55908,193,2285
120,9,352,73,85,55908,193,2285
120,9,352,7395,85,55615,193,0952
120,9,352,7395,85,55615,193,0952
120,9,352,7478,85,5542,192,9808
120,9,352,7478,85,5542,192,9808
120,9,352,7539,85,55273,192,897
120,9,352,7539,85,55273,192,897
120,9,352,7629,85,55029,192,7704
120,9,352,7629,85,55029,192,7704
120,9,352,7717,85,54785,192,6489
120,9,352,7717,85,54785,192,6489
120,9,352,781,85,54541,192,5221
120,9,352,781,85,54541,192,5221
120,9,352,7908,85,54248,192,3853
120,9,352,7908,85,54248,192,3853
120,9,352,8003,85,54004,192,2539
120,9,352,8003,85,54004,192,2539
120,9,352,8076,85,53809,192,1515
120,9,352,8076,85,53809,192,1515
120,9,352,8169,85,53564,192,0216
120,9,352,8169,85,53564,192,0216
120,9,352,823,85,53418,191,9371
120,9,352,823,85,53418,191,9371
120,9,352,8323,85,53174,191,8099
120,9,352,8323,85,53174,191,8099
120,9,352,8411,85,5293,191,688
120,9,352,8494,85,52686,191,5717
120,9,352,8494,85,52686,191,5717
120,9,352,8557,85,52539,191,4836
120,9,352,8557,85,52539,191,4836
120,9,352,8618,85,52344,191,3993
120,9,352,8618,85,52344,191,3993
120,9,352,8708,85,521,191,2723
120,9,352,8708,85,521,191,2723
120,9,352,8804,85,51855,191,141
120,9,352,8889,85,5166,191,0247
120,9,352,8889,85,5166,191,0247
120,9,352,8953,85,51465,190,9357
120,9,352,8953,85,51465,190,9357
120,9,352,9038,85,5127,190,8179
120,9,352,9038,85,5127,190,8179
120,9,352,9102,85,51074,190,7299
120,9,352,9102,85,51074,190,7299
120,9,352,9138,85,50977,190,6781
120,9,352,9138,85,50977,190,6781
120,9,352,9412,85,52051,190,556
120,9,352,9683,85,53125,190,4355
120,9,352,9683,85,53125,190,4355
120,9,352,9683,85,53125,190,4355
120,9,352,9861,85,53857,190,3569
120,9,352,9861,85,53857,190,3569
120,9,353,0144,85,5498,190,2307
120,9,353,0144,85,5498,190,2307
120,9,353,0425,85,56104,190,1052
120,9,353,0684,85,57129,189,9904
120,9,353,0684,85,57129,189,9904
120,9,353,0874,85,5791,189,9049
120,9,353,0874,85,5791,189,9049
120,9,353,114,85,58936,189,7875
120,9,353,114,85,58936,189,7875
120,9,353,1409,85,6001,189,6675
120,9,353,1409,85,6001,189,6675
120,9,353,1602,85,60791,189,5815
120,9,353,1602,85,60791,189,5815
120,9,353,1877,85,61865,189,4592
120,9,353,2141,85,62939,189,3418
120,9,353,2141,85,62939,189,3418
120,9,353,2327,85,63672,189,2587
120,9,353,2327,85,63672,189,2587
120,9,353,2498,85,64355,189,183
120,9,353,2786,85,65479,189,0546
120,10,353,2964,85,66211,188,9753
120,10,353,2964,85,66211,188,9753
120,10,353,3137,85,66895,188,8983
120,10,353,3137,85,66895,188,8983
120,10,353,3328,85,67627,188,8125
120,10,353,3328,85,67627,188,8125
120,10,353,3599,85,68701,188,6923
120,10,353,3599,85,68701,188,6923
120,10,353,3892,85,69873,188,5624
120,10,353,3892,85,69873,188,5624
120,10,353,415,85,70898,188,447
120,10,353,415,85,70898,188,447
120,10,353,4333,85,71631,188,3647
120,10,353,4333,85,71631,188,3647
120,10,353,4617,85,72754,188,2394
120,10,353,4617,85,72754,188,2394
120,10,353,489,85,73877,188,1177
120,10,353,489,85,73877,188,1177
120,10,353,5161,85,74951,187,9966
120,10,353,5161,85,74951,187,9966
120,10,353,5427,85,75977,187,8781
120,10,353,5701,85,771,187,7563
120,10,353,5701,85,771,187,7563
120,10,353,5701,85,771,187,7563
120,10,353,5896,85,77881,187,6697
120,10,353,5896,85,77881,187,6697
120,10,353,6177,85,79004,187,5442
120,10,353,6177,85,79004,187,5442
120,10,353,6458,85,80078,187,4193
120,10,353,6707,85,81104,187,3086
120,10,353,6707,85,81104,187,3086
120,10,353,6882,85,81787,187,2306
120,10,353,6882,85,81787,187,2306
120,10,353,708,85,82568,187,1426
120,10,353,708,85,82568,187,1426
120,10,353,7354,85,83643,187,0208
120,10,353,7612,85,84668,186,9058
120,10,353,7612,85,84668,186,9058
120,10,353,7815,85,85498,186,8154
120,10,353,7815,85,85498,186,8154
120,10,353,8074,85,86523,186,7002
120,10,353,8074,85,86523,186,7002
120,10,353,8352,85,87646,186,5759
120,10,353,8352,85,87646,186,5759
120,10,353,8616,85,88672,186,4591
120,10,353,8804,85,89404,186,3756
120,10,353,8804,85,89404,186,3756
120,10,353,8987,85,90137,186,2936
120,10,353,8987,85,90137,186,2936
120,10,353,9182,85,90918,186,2072
120,10,353,9182,85,90918,186,2072
120,10,353,9456,85,92041,186,0845
120,10,353,9712,85,93018,185,9712
120,10,353,9712,85,93018,185,9712
120,10,353,99,85,93799,185,8872
120,10,353,99,85,93799,185,8872
120,10,354,0173,85,94873,185,7656
120,10,354,0173,85,94873,185,7656
120,10,354,0444,85,95947,185,6445
120,10,354,0444,85,95947,185,6445
120,10,354,0735,85,97119,185,5157
120,10,354,0735,85,97119,185,5157
120,10,354,0989,85,98145,185,4022
120,10,354,0989,85,98145,185,4022
120,10,354,1267,85,99219,185,2788
120,10,354,1267,85,99219,185,2788
120,10,354,1531,86,00293,185,1608
120,10,354,1531,86,00293,185,1608
120,10,354,1711,86,00977,185,0806
120,10,354,1711,86,00977,185,0806
120,10,354,2007,86,02148,184,9495
120,10,354,2007,86,02148,184,9495
120,10,354,2263,86,03174,184,8346
120,10,354,2263,86,03174,184,8346
120,10,354,2537,86,04297,184,7136
120,10,354,2537,86,04297,184,7136
120,10,354,2732,86,05078,184,6266
120,10,354,2996,86,06104,184,5093
120,10,354,2996,86,06104,184,5093
120,10,354,3188,86,06885,184,4236
120,11,354,3188,86,06885,184,4236
120,11,354,3462,86,07959,184,3015
120,11,354,3462,86,07959,184,3015
120,11,354,373,86,09033,184,1819
120,11,354,373,86,09033,184,1819
120,11,354,373,86,09033,184,1819
120,11,354,4004,86,10107,184,0598
120,11,354,4004,86,10107,184,0598
120,11,354,4309,86,11328,183,9238
120,11,354,4309,86,11328,183,9238
120,11,354,4587,86,12451,183,8005
120,11,354,4587,86,12451,183,8005
120,11,354,4824,86,13379,183,6947
120,11,354,4824,86,13379,183,6947
120,11,354,5098,86,14453,183,573
120,11,354,5366,86,15527,183,4539
120,11,354,5366,86,15527,183,4539
120,11,354,5549,86,1626,183,3722
120,11,354,5737,86,16992,183,2889
120,11,354,5737,86,16992,183,2889
120,11,354,592,86,17725,183,2074
120,11,354,592,86,17725,183,2074
120,11,354,6121,86,18555,183,1177
120,11,354,6406,86,19678,182,9905
120,11,354,6406,86,19678,182,9905
120,11,354,6638,86,20605,182,8876
120,11,354,6638,86,20605,182,8876
120,11,354,6838,86,21387,182,7979
120,11,354,6838,86,21387,182,7979
120,11,354,7122,86,2251,182,6719
120,11,354,7122,86,2251,182,6719
120,11,354,7375,86,23535,182,5588
120,11,354,7375,86,23535,182,5588
120,11,354,7561,86,24268,182,4762
120,11,354,783,86,25342,182,3575
120,11,354,783,86,25342,182,3575
120,11,354,8035,86,26172,182,266
120,11,354,8035,86,26172,182,266
120,11,354,8296,86,27197,182,1492
120,11,354,8296,86,27197,182,1492
120,11,354,856,86,28223,182,0321
120,11,354,856,86,28223,182,0321
120,11,354,8831,86,29346,181,9109
120,11,354,8831,86,29346,181,9109
120,11,354,9033,86,30127,181,8212
120,11,354,9294,86,31152,181,7047
120,11,354,9294,86,31152,181,7047
120,11,354,9473,86,31885,181,626
120,11,354,9473,86,31885,181,626
120,11,354,9668,86,32666,181,5386
120,11,354,9668,86,32666,181,5386
120,11,354,9941,86,3374,181,4171
120,11,354,9941,86,3374,181,4171
120,11,355,022,86,34863,181,2926
120,11,355,0471,86,3584,181,181
120,11,355,0471,86,3584,181,181
120,11,355,0669,86,36621,181,0935
120,11,355,0669,86,36621,181,0935
120,11,355,0852,86,37354,181,0114
120,11,355,1116,86,38428,180,894
120,11,355,1116,86,38428,180,894
120,11,355,1301,86,3916,180,8118
120,11,355,1301,86,3916,180,8118
120,11,355,1565,86,40186,180,694
120,11,355,1755,86,40967,180,6095
120,11,355,1926,86,4165,180,5331
120,11,355,1926,86,4165,180,5331
120,11,355,2122,86,42432,180,4458
120,11,355,2305,86,43115,180,3649
120,11,355,2305,86,43115,180,3649
120,11,355,2488,86,43848,180,2831
120,11,355,2488,86,43848,180,2831
120,11,355,2683,86,44629,180,1963
120,11,355,2935,86,45654,180,084
120,11,355,2935,86,45654,180,084
120,11,355,3132,86,46436,179,9958
120,11,355,3391,86,47461,179,8811
120,11,355,3391,86,47461,179,8811
120,11,355,3584,86,48242,179,7953
120,11,355,3584,86,48242,179,7953
120,11,355,384,86,49268,179,6815
120,11,355,4033,86,5,179,5955
120,11,355,4033,86,5,179,5955
120,11,355,4226,86,50781,179,5096
120,11,355,4226,86,50781,179,5096
120,11,355,4275,86,50977,179,4877
120,11,355,4275,86,50977,179,4877
120,11,355,4634,86,52441,179,4126
120,11,355,5159,86,54541,179,3029
120,11,355,5159,86,54541,179,3029
120,11,355,553,86,56055,179,2255
120,11,355,553,86,56055,179,2255
120,11,355,605,86,58154,179,1169
120,11,355,605,86,58154,179,1169
120,11,355,6414,86,59619,179,0409
120,11,355,6414,86,59619,179,0409
120,11,355,6956,86,61816,178,9279
120,11,355,6956,86,61816,178,9279
120,11,355,7488,86,64014,178,8165
120,11,355,7488,86,64014,178,8165
120,11,355,8059,86,66309,178,6975
120,11,355,8059,86,66309,178,6975
120,11,355,8538,86,68262,178,5974
120,11,355,8538,86,68262,178,5974
120,11,355,8896,86,69678,178,5226
120,11,355,8896,86,69678,178,5226
120,11,355,9434,86,71875,178,4103
120,11,355,9434,86,71875,178,4103
120,11,355,998,86,74072,178,2961
120,11,356,0505,86,76221,178,1865
120,11,356,0505,86,76221,178,1865
120,11,356,0874,86,77686,178,1095
120,11,356,0874,86,77686,178,1095
120,11,356,1387,86,79785,178,0027
120,11,356,1387,86,79785,178,0027
120,11,356,176,86,81299,177,9244
120,11,356,176,86,81299,177,9244
120,11,356,2288,86,83447,177,8143
120,11,356,2288,86,83447,177,8143
120,11,356,283,86,85645,177,7014
120,11,356,3337,86,87695,177,5948
120,11,356,3337,86,87695,177,5948
120,11,356,3704,86,8916,177,5188
120,11,356,3704,86,8916,177,5188
120,11,356,3704,86,8916,177,5188
120,11,356,4243,86,91357,177,406
120,11,356,4243,86,91357,177,406
120,11,356,4773,86,93506,177,2952
120,11,356,5288,86,95605,177,1876
120,11,356,5288,86,95605,177,1876
120,11,356,5647,86,97021,177,1129
120,11,356,5647,86,97021,177,1129
120,11,356,6189,86,99219,176,9998
120,11,356,6189,86,99219,176,9998
120,11,356,6753,87,01514,176,8818
120,11,356,6753,87,01514,176,8818
120,11,356,7261,87,03564,176,7759
120,11,356,7261,87,03564,176,7759
120,11,356,7795,87,05762,176,6643
120,11,356,7795,87,05762,176,6643
120,11,356,8318,87,07861,176,5548
120,11,356,8318,87,07861,176,5548
120,11,356,8684,87,09326,176,4783
120,11,356,8684,87,09326,176,4783
120,11,356,9226,87,11523,176,3654
120,11,356,9226,87,11523,176,3654
120,11,356,9758,87,13672,176,2544
120,11,356,9758,87,13672,176,2544
120,11,357,0293,87,15869,176,1426
120,11,357,0293,87,15869,176,1426
120,11,357,0859,87,18164,176,0245
120,11,357,0859,87,18164,176,0245
120,11,357,0859,87,18164,176,0245
120,11,357,1357,87,20166,175,9202
120,11,357,1357,87,20166,175,9202
120,11,357,1948,87,22559,175,7971
120,11,357,1948,87,22559,175,7971
120,11,357,2424,87,24512,175,6975
120,11,357,2424,87,24512,175,6975
120,11,357,2957,87,2666,175,5863
120,11,357,3469,87,28711,175,4795
120,11,357,3828,87,30176,175,4043
120,11,357,3828,87,30176,175,4043
120,11,357,418,87,31592,175,3311
120,11,357,418,87,31592,175,3311
120,11,357,4548,87,33105,175,2539
120,11,357,4548,87,33105,175,2539
120,11,357,5105,87,35352,175,1378
120,11,357,5105,87,35352,175,1378
120,11,357,5625,87,37451,175,0293
120,11,357,5625,87,37451,175,0293
120,11,357,6167,87,39648,174,916
120,12,357,6167,87,39648,174,916
120,12,357,6689,87,41748,174,8069
120,12,357,6689,87,41748,174,8069
120,12,357,7227,87,43945,174,6948
120,12,357,7227,87,43945,174,6948
120,12,357,7729,87,45996,174,5896
120,12,357,7729,87,45996,174,5896
120,12,357,8127,87,47607,174,5068
120,12,357,8127,87,47607,174,5068
120,12,357,864,87,49658,174,3997
120,12,357,864,87,49658,174,3997
120,12,357,9165,87,51807,174,29
120,12,357,9165,87,51807,174,29
120,12,357,9702,87,53955,174,1776
120,12,357,9702,87,53955,174,1776
120,12,358,0232,87,56104,174,0669
120,12,358,0232,87,56104,174,0669
120,12,358,0752,87,58203,173,9585
120,12,358,0752,87,58203,173,9585
120,12,358,1133,87,59766,173,8788
120,12,358,1133,87,59766,173,8788
120,12,358,1658,87,61914,173,7692
120,12,358,1658,87,61914,173,7692
120,12,358,2209,87,64111,173,6543
120,12,358,2209,87,64111,173,6543
120,12,358,2727,87,66211,173,5458
120,12,358,2727,87,66211,173,5458
120,12,358,3318,87,68604,173,4226
120,12,358,3787,87,70508,173,325
120,12,358,3787,87,70508,173,325
120,12,358,3787,87,70508,173,325
120,12,358,416,87,72021,173,2466
120,12,358,416,87,72021,173,2466
120,12,358,4678,87,74121,173,1387
120,12,358,4678,87,74121,173,1387
120,12,358,5203,87,7627,173,0291
120,12,358,5203,87,7627,173,0291
120,12,358,5742,87,78418,172,9165
120,12,358,5742,87,78418,172,9165
120,12,358,6292,87,80664,172,8014
120,12,358,6812,87,82764,172,6932
120,12,358,6812,87,82764,172,6932
120,12,358,7166,87,84229,172,6191
120,12,358,7166,87,84229,172,6191
120,12,358,7524,87,85645,172,5439
120,12,358,7524,87,85645,172,5439
120,12,358,8062,87,87842,172,4319
120,12,358,8579,87,89941,172,324
120,12,358,8579,87,89941,172,324
120,12,358,8953,87,91455,172,2461
120,12,358,9299,87,92822,172,1738
120,12,358,9636,87,94238,172,103
120,12,358,9636,87,94238,172,103
120,12,358,9636,87,94238,172,103
120,12,359,0029,87,95801,172,021
120,12,359,0029,87,95801,172,021
120,12,359,0557,87,97949,171,9108
120,12,359,0557,87,97949,171,9108
120,12,359,1086,88,00098,171,8005
120,12,359,1597,88,02148,171,6936
120,12,359,1965,88,03662,171,6171
120,12,359,1965,88,03662,171,6171
120,12,359,2324,88,05127,171,5416
120,12,359,2324,88,05127,171,5416
120,12,359,27,88,06641,171,4634
120,12,359,3188,88,08594,171,3612
120,12,359,3188,88,08594,171,3612
120,12,359,3557,88,10107,171,2844
120,12,359,3557,88,10107,171,2844
120,12,359,3921,88,11572,171,2083
120,12,359,4431,88,13623,171,1017
120,12,359,4431,88,13623,171,1017
120,12,359,4851,88,15332,171,0144
120,12,359,4851,88,15332,171,0144
120,12,359,5344,88,17334,170,9111
120,12,359,5344,88,17334,170,9111
120,12,359,5869,88,19482,170,8015
120,12,359,5869,88,19482,170,8015
120,12,359,6245,88,20996,170,7231
120,12,359,6738,88,22998,170,6201
120,12,359,6738,88,22998,170,6201
120,12,359,7119,88,24512,170,5405
120,12,359,7119,88,24512,170,5405
120,12,359,7634,88,26611,170,4329
120,12,359,8003,88,28125,170,356
120,12,359,8003,88,28125,170,356
120,12,359,8225,88,29004,170,3096
120,12,359,8606,88,30225,170,2354
120,12,359,8606,88,30225,170,2354
120,12,359,8606,88,30225,170,2354
120,12,359,9143,88,31934,170,1311
120,12,359,9143,88,31934,170,1311
120,12,359,9734,88,33789,170,0168
120,12,359,9734,88,33789,170,0168
120,12,360,0366,88,35791,169,8939
120,12,360,0854,88,37354,169,7991
120,12,360,0854,88,37354,169,7991
120,12,360,1228,88,38525,169,7264
120,12,360,1228,88,38525,169,7264
120,12,360,1824,88,4043,169,6108
120,12,360,1824,88,4043,169,6108
120,12,360,2361,88,42139,169,507
120,12,360,2361,88,42139,169,507
120,12,360,2771,88,43408,169,4272
120,12,360,3308,88,45117,169,3228
120,12,360,3308,88,45117,169,3228
120,12,360,3708,88,46387,169,2452
120,12,360,3708,88,46387,169,2452
120,12,360,4109,88,47656,169,1674
120,12,360,4109,88,47656,169,1674
120,12,360,4697,88,49512,169,0532
120,12,360,4697,88,49512,169,0532
120,12,360,5225,88,51221,168,9506
120,12,360,5225,88,51221,168,9506
120,12,360,5813,88,53076,168,8363
120,12,360,5813,88,53076,168,8363
120,12,360,6348,88,54785,168,7329
120,12,360,6348,88,54785,168,7329
120,12,360,6926,88,56592,168,6202
120,12,360,6926,88,56592,168,6202
120,12,360,7488,88,58398,168,5114
120,12,360,7488,88,58398,168,5114
120,12,360,7871,88,59619,168,4369
120,12,360,8423,88,61377,168,3298
120,12,360,8806,88,62598,168,2555
120,12,360,8806,88,62598,168,2555
120,12,360,918,88,6377,168,1829
120,12,360,918,88,6377,168,1829
120,12,360,958,88,65039,168,105
120,13,360,958,88,65039,168,105
120,13,360,958,88,65039,168,105
120,13,360,958,88,65039,168,105
120,13,360,958,88,65039,168,105
120,13,361,0151,88,66846,167,9943
120,13,361,1511,88,71143,167,7303
120,13,361,1511,88,71143,167,7303
120,13,361,2241,88,73486,167,5887
120,13,361,2454,88,7417,167,5472
120,13,361,2698,88,74902,167,5001
120,13,361,2896,88,75537,167,4614
120,13,361,3132,88,76318,167,4156
120,13,361,3564,88,77686,167,3315
120,13,361,377,88,7832,167,2917
120,13,361,3977,88,78955,167,2517
120,13,361,4412,88,80371,167,1675
120,13,361,4619,88,81006,167,1267
120,13,361,4854,88,81738,167,0814
120,13,361,5059,88,82422,167,0415
120,13,361,5283,88,83105,166,998
120,13,361,574,88,8457,166,9092
120,13,361,594,88,85205,166,8705
120,13,361,6155,88,85889,166,8291
120,13,361,6365,88,86572,166,7881
120,13,361,6826,88,88037,166,6982
120,13,361,7043,88,88721,166,6564
120,13,361,7324,88,896,166,6019
120,13,361,7542,88,90283,166,5596
120,13,361,7969,88,9165,166,4767
120,13,361,8176,88,92285,166,4365
120,13,361,8384,88,92969,166,396
120,13,361,8608,88,93652,166,3523
120,13,361,905,88,95068,166,2665
120,13,361,9243,88,95703,166,2292
120,13,361,9453,88,96338,166,1886
120,13,361,967,88,97021,166,1464
120,13,361,9927,88,97852,166,0964
120,13,362,0366,88,99268,166,0114
120,13,362,0627,89,00098,165,9607
120,13,362,0864,89,0083,165,9146
120,13,362,0864,89,0083,165,9146
120,13,362,1074,89,01514,165,874
120,13,362,1074,89,01514,165,874
120,13,362,1074,89,01514,165,874
120,13,362,1074,89,01514,165,874
120,13,362,1074,89,01514,165,874
120,13,362,1687,89,03467,165,7546
120,13,362,1687,89,03467,165,7546
120,13,362,1687,89,03467,165,7546
120,13,362,1687,89,03467,165,7546
120,13,362,1687,89,03467,165,7546
120,13,362,3047,89,07764,165,4907
120,13,362,3047,89,07764,165,4907
120,13,362,3047,89,07764,165,4907
120,13,362,3047,89,07764,165,4907
120,13,362,3047,89,07764,165,4907
120,13,362,4407,89,12061,165,2268
120,13,362,4407,89,12061,165,2268
120,13,362,4407,89,12061,165,2268
120,13,362,5767,89,16406,164,9629
120,13,362,5767,89,16406,164,9629
120,13,362,644,89,18506,164,8318
120,13,362,644,89,18506,164,8318
120,13,362,7026,89,20361,164,7181
120,13,362,7566,89,2207,164,6135
120,13,362,7566,89,2207,164,6135
120,13,362,7566,89,2207,164,6135
120,13,362,7964,89,2334,164,5361
120,13,362,7964,89,2334,164,5361
120,13,362,8535,89,25146,164,4253
120,13,362,8535,89,25146,164,4253
120,13,362,9119,89,27002,164,3123
120,13,362,9639,89,28662,164,2113
120,13,362,9639,89,28662,164,2113
120,13,363,0032,89,29932,164,1349
120,13,363,0032,89,29932,164,1349
120,13,363,0588,89,31689,164,027
120,13,363,0588,89,31689,164,027
120,13,363,1155,89,33496,163,9166
120,13,363,1155,89,33496,163,9166
120,13,363,1738,89,35352,163,8033
120,13,363,1738,89,35352,163,8033
120,13,363,1738,89,35352,163,8033
120,13,363,2278,89,37012,163,6991
120,13,363,2278,89,37012,163,6991
120,13,363,2869,89,38916,163,5844
120,13,363,2869,89,38916,163,5844
120,13,363,3425,89,40674,163,4763
120,13,363,3425,89,40674,163,4763
120,13,363,3516,89,40967,163,4585
120,13,363,3516,89,40967,163,4585
120,13,363,4333,89,43018,163,3641
120,13,363,4333,89,43018,163,3641
120,13,363,5129,89,4502,163,272
120,13,363,5129,89,4502,163,272
120,13,363,592,89,47021,163,1805
120,13,363,6731,89,49072,163,0869
120,13,363,6731,89,49072,163,0869
120,13,363,6731,89,49072,163,0869
120,13,363,7322,89,50537,163,0188
120,13,363,7322,89,50537,163,0188
120,13,363,8147,89,52637,162,9233
120,13,363,8147,89,52637,162,9233
120,13,363,8911,89,54541,162,8351
120,13,363,9741,89,56641,162,7393
120,13,363,9741,89,56641,162,7393
120,13,364,0281,89,58008,162,677
120,13,364,0281,89,58008,162,677
120,13,364,1055,89,59961,162,5874
120,13,364,1055,89,59961,162,5874
120,13,364,1738,89,6167,162,5085
120,13,364,1738,89,6167,162,5085
120,13,364,2437,89,63428,162,4277
120,13,364,2437,89,63428,162,4277
120,14,364,3267,89,65527,162,332
120,14,364,3267,89,65527,162,332
120,14,364,4143,89,67725,162,2306
120,14,364,4851,89,69531,162,1488
120,14,364,4851,89,69531,162,1488
120,14,364,5398,89,70898,162,0857
120,14,364,5398,89,70898,162,0857
120,14,364,5398,89,70898,162,0857
120,14,364,6213,89,72949,161,9915
120,14,364,7012,89,75,161,8992
120,14,364,7012,89,75,161,8992
120,14,364,7568,89,76367,161,835
120,14,364,7568,89,76367,161,835
120,14,364,8379,89,78418,161,7412
120,14,364,8379,89,78418,161,7412
120,14,364,9185,89,80469,161,6482
120,14,364,9185,89,80469,161,6482
120,14,364,9763,89,81934,161,5812
120,14,364,9763,89,81934,161,5812
120,14,365,0552,89,83887,161,4902
120,14,365,0552,89,83887,161,4902
120,14,365,1392,89,86035,161,3932
120,14,365,1392,89,86035,161,3932
120,14,365,2151,89,87939,161,3057
120,14,365,2151,89,87939,161,3057
120,14,365,2971,89,8999,161,2107
120,14,365,3755,89,91943,161,1202
120,14,365,3755,89,91943,161,1202
120,14,365,4312,89,93359,161,0559
120,14,365,4312,89,93359,161,0559
120,14,365,4868,89,94775,160,9916
120,14,365,4868,89,94775,160,9916
120,14,365,5659,89,96777,160,9
120,14,365,646,89,98779,160,8077
120,14,365,646,89,98779,160,8077
120,14,365,7009,90,00146,160,7441
120,14,365,7009,90,00146,160,7441
120,14,365,7542,90,01514,160,6826
120,14,365,8362,90,03564,160,5879
120,14,365,8362,90,03564,160,5879
120,14,365,8887,90,04883,160,5273
120,14,365,8887,90,04883,160,5273
120,14,365,9434,90,0625,160,4642
120,14,365,9434,90,0625,160,4642
120,14,366,0261,90,0835,160,3685
120,14,366,0261,90,0835,160,3685
120,14,366,1082,90,104,160,2738
120,14,366,1082,90,104,160,2738
120,14,366,1987,90,12695,160,1689
120,14,366,1987,90,12695,160,1689
120,14,366,2744,90,146,160,0815
120,14,366,2744,90,146,160,0815
120,14,366,3542,90,1665,159,9894
120,14,366,3542,90,1665,159,9894
120,14,366,4341,90,18652,159,8972
120,14,366,4341,90,18652,159,8972
120,14,366,5154,90,20703,159,8033
120,14,366,5154,90,20703,159,8033
120,14,366,5906,90,22559,159,7166
120,14,366,5906,90,22559,159,7166
120,14,366,6487,90,24023,159,6492
120,14,366,6487,90,24023,159,6492
120,14,366,7263,90,26025,159,5593
120,14,366,7263,90,26025,159,5593
120,14,366,8115,90,28174,159,4611
120,14,366,8115,90,28174,159,4611
120,14,366,8904,90,30127,159,37
120,14,366,8904,90,30127,159,37
120,14,366,9729,90,32227,159,2747
120,14,366,9729,90,32227,159,2747
120,14,367,05,90,3418,159,1857
120,14,367,05,90,3418,159,1857
120,14,367,1057,90,35547,159,1211
120,14,367,1855,90,37598,159,0289
120,14,367,1855,90,37598,159,0289
120,14,367,2456,90,39111,158,9595
120,14,367,2456,90,39111,158,9595
120,14,367,3254,90,41113,158,8672
120,14,367,3254,90,41113,158,8672
120,14,367,4009,90,43018,158,7802
120,14,367,4548,90,44385,158,7178
120,14,367,5098,90,45752,158,6543
120,14,367,5098,90,45752,158,6543
120,14,367,5627,90,4707,158,5933
120,14,367,5627,90,4707,158,5933
120,14,367,6184,90,48486,158,5288
120,14,367,6184,90,48486,158,5288
120,14,367,7,90,50537,158,4347
120,14,367,7791,90,52539,158,3431
120,14,367,7791,90,52539,158,3431
120,14,367,8333,90,53906,158,2806
120,14,367,8333,90,53906,158,2806
120,14,367,8882,90,55273,158,217
120,14,367,968,90,57275,158,1249
120,14,367,968,90,57275,158,1249
120,14,368,0215,90,58643,158,0631
120,14,368,0215,90,58643,158,0631
120,14,368,0769,90,6001,157,9993
120,14,368,0769,90,6001,157,9993
120,14,368,1587,90,62109,157,9045
120,14,368,1587,90,62109,157,9045
120,14,368,2429,90,64209,157,8073
120,14,368,3186,90,66113,157,7198
120,14,368,3186,90,66113,157,7198
120,14,368,376,90,67578,157,6536
120,14,368,376,90,67578,157,6536
120,14,368,4272,90,68848,157,5944
120,14,368,4272,90,68848,157,5944
120,14,368,5178,90,71143,157,4899
120,14,368,5178,90,71143,157,4899
120,14,368,5947,90,73096,157,4009
120,14,368,6301,90,73975,157,36
120,14,368,6301,90,73975,157,36
120,14,368,6301,90,73975,157,36
120,14,368,6831,90,76367,157,2947
120,14,368,6831,90,76367,157,2947
120,14,368,7595,90,79883,157,2004
120,14,368,7595,90,79883,157,2004
120,14,368,8318,90,83154,157,1112
120,14,368,8318,90,83154,157,1112
120,14,368,9109,90,86768,157,0137
120,14,368,9827,90,90039,156,925
120,14,368,9827,90,90039,156,925
120,14,369,0381,90,92529,156,8566
120,14,369,0381,90,92529,156,8566
120,14,369,1101,90,95801,156,7678
120,14,369,1101,90,95801,156,7678
120,14,369,1658,90,9834,156,6991
120,15,369,2356,91,01514,156,613
120,15,369,2356,91,01514,156,613
120,15,369,2927,91,0415,156,5425
120,15,369,2927,91,0415,156,5425
120,15,369,3682,91,07568,156,4495
120,15,369,3682,91,07568,156,4495
120,15,369,4417,91,10889,156,3589
120,15,369,4417,91,10889,156,3589
120,15,369,5176,91,14355,156,2651
120,15,369,5176,91,14355,156,2651
120,15,369,5176,91,14355,156,2651
120,15,369,5928,91,17773,156,1722
120,15,369,5928,91,17773,156,1722
120,15,369,6663,91,21143,156,0817
120,15,369,6663,91,21143,156,0817
120,15,369,7439,91,24658,155,9856
120,15,369,8208,91,28174,155,8909
120,15,369,8208,91,28174,155,8909
120,15,369,8765,91,30713,155,8221
120,15,369,8765,91,30713,155,8221
120,15,369,948,91,33936,155,7339
120,15,369,948,91,33936,155,7339
120,15,370,0215,91,37305,155,6433
120,15,370,0215,91,37305,155,6433
120,15,370,0754,91,39746,155,5767
120,15,370,0754,91,39746,155,5767
120,15,370,1477,91,43018,155,4878
120,15,370,1477,91,43018,155,4878
120,15,370,2234,91,46484,155,394
120,15,370,2234,91,46484,155,394
120,15,370,3027,91,50098,155,2963
120,15,370,3027,91,50098,155,2963
120,15,370,3779,91,53516,155,2035
120,15,370,3779,91,53516,155,2035
120,15,370,4519,91,56885,155,1123
120,15,370,4519,91,56885,155,1123
120,15,370,5261,91,60254,155,0206
120,15,370,5261,91,60254,155,0206
120,15,370,5779,91,62598,154,957
120,15,370,5779,91,62598,154,957
120,15,370,656,91,66162,154,8606
120,15,370,7302,91,69531,154,7689
120,15,370,7302,91,69531,154,7689
120,15,370,7302,91,69531,154,7689
120,15,370,781,91,71875,154,7062
120,15,370,8655,91,75732,154,6021
120,15,370,8655,91,75732,154,6021
120,15,370,9351,91,78857,154,5162
120,15,370,9351,91,78857,154,5162
120,15,370,9351,91,78857,154,5162
120,15,371,009,91,82227,154,4249
120,15,371,009,91,82227,154,4249
120,15,371,0894,91,85889,154,3257
120,15,371,0894,91,85889,154,3257
120,15,371,1628,91,89258,154,235
120,15,371,1628,91,89258,154,235
120,15,371,2366,91,92627,154,1439
120,15,371,2366,91,92627,154,1439
120,15,371,3132,91,96094,154,0497
120,15,371,3132,91,96094,154,0497
120,15,371,3916,91,99658,153,953
120,15,371,3916,91,99658,153,953
120,15,371,3916,91,99658,153,953
120,15,371,3916,91,99658,153,953
120,15,371,3916,91,99658,153,953
120,15,371,4739,92,03418,153,8516
120,16,371,4739,92,03418,153,8516
120,16,371,4739,92,03418,153,8516
120,16,371,4739,92,03418,153,8516
120,16,371,4739,92,03418,153,8516
120,16,371,6553,92,1167,153,6274
120,16,371,6553,92,1167,153,6274
120,16,371,6553,92,1167,153,6274
120,16,371,8369,92,19922,153,4034
120,16,371,8369,92,19922,153,4034
120,16,371,9229,92,23828,153,2975
120,16,371,9229,92,23828,153,2975
120,16,371,9968,92,27197,153,2062
120,16,371,9968,92,27197,153,2062
120,16,372,0681,92,30469,153,118
120,16,372,0681,92,30469,153,118
120,16,372,1448,92,33936,153,0237
120,16,372,1448,92,33936,153,0237
120,16,372,2217,92,37451,152,9286
120,16,372,2217,92,37451,152,9286
120,16,372,2971,92,40869,152,8356
120,16,372,2971,92,40869,152,8356
120,16,372,3657,92,43994,152,751
120,16,372,3657,92,43994,152,751
120,16,372,4377,92,48193,152,6586
120,16,372,4377,92,48193,152,6586
120,16,372,5125,92,52588,152,5626
120,16,372,5125,92,52588,152,5626
120,16,372,582,92,56641,152,4731
120,16,372,582,92,56641,152,4731
120,16,372,6541,92,6084,152,3809
120,16,372,6541,92,6084,152,3809
120,16,372,6541,92,6084,152,3809
120,16,372,7258,92,65039,152,2885
120,16,372,7258,92,65039,152,2885
120,16,372,801,92,69434,152,1917
120,16,372,801,92,69434,152,1917
120,16,372,8748,92,73779,152,097
120,16,372,8748,92,73779,152,097
120,16,372,9431,92,77734,152,0094
120,16,373,0154,92,81982,151,9165
120,16,373,0154,92,81982,151,9165
120,16,373,0652,92,84912,151,8525
120,16,373,0652,92,84912,151,8525
120,16,373,1345,92,88965,151,7634
120,16,373,1836,92,91797,151,7004
120,16,373,1836,92,91797,151,7004
120,16,373,2371,92,94922,151,6318
120,16,373,2371,92,94922,151,6318
120,16,373,3069,92,99023,151,5421
120,17,373,3069,92,99023,151,5421
120,17,373,3804,93,0332,151,4476
120,17,373,3804,93,0332,151,4476
120,17,373,4526,93,0752,151,355
120,17,373,4526,93,0752,151,355
120,17,373,4526,93,0752,151,355
120,17,373,5242,93,11719,151,2629
120,17,373,5242,93,11719,151,2629
120,17,373,6023,93,16309,151,1627
120,17,373,6023,93,16309,151,1627
120,17,373,6704,93,20264,151,0751
120,17,373,6704,93,20264,151,0751
120,17,373,7424,93,24463,150,9828
120,17,373,7424,93,24463,150,9828
120,17,373,8145,93,28711,150,8901
120,17,373,8865,93,3291,150,7976
120,17,373,8865,93,3291,150,7976
120,17,373,9358,93,35791,150,7345
120,17,373,9358,93,35791,150,7345
120,17,374,0051,93,39844,150,6451
120,17,374,0051,93,39844,150,6451
120,17,374,0574,93,4292,150,5782
120,17,374,0574,93,4292,150,5782
120,17,374,1282,93,47021,150,4872
120,17,374,1282,93,47021,150,4872
120,17,374,2026,93,51416,150,3915
120,17,374,2026,93,51416,150,3915
120,17,374,2739,93,55566,150,2998
120,17,374,2739,93,55566,150,2998
120,17,374,3464,93,59814,150,2068
120,17,374,3464,93,59814,150,2068
120,17,374,3975,93,62793,150,1414
120,17,374,4656,93,66797,150,0536
120,17,374,5137,93,6958,149,9919
120,17,374,5137,93,6958,149,9919
120,17,374,5623,93,72412,149,9297
120,17,374,5623,93,72412,149,9297
120,17,374,6116,93,75293,149,8661
120,17,374,6116,93,75293,149,8661
120,17,374,6877,93,79785,149,7683
120,17,374,6877,93,79785,149,7683
120,17,374,7573,93,83838,149,6791
120,17,374,7573,93,83838,149,6791
120,17,374,8308,93,88135,149,5846
120,17,374,8308,93,88135,149,5846
120,17,374,9043,93,92432,149,4904
120,17,374,9043,93,92432,149,4904
120,17,374,9724,93,96387,149,4027
120,17,374,9724,93,96387,149,4027
120,17,375,0459,94,00684,149,3083
120,17,375,0459,94,00684,149,3083
120,17,375,0459,94,00684,149,3083
120,17,375,1208,94,05078,149,2122
120,17,375,1208,94,05078,149,2122
120,17,375,1919,94,09229,149,121
120,17,375,1919,94,09229,149,121
120,17,375,2654,94,13525,149,0266
120,17,375,2654,94,13525,149,0266
120,17,375,3372,94,17725,148,9341
120,17,375,3372,94,17725,148,9341
120,17,375,4104,94,22021,148,8403
120,17,375,4104,94,22021,148,8403
120,17,375,4924,94,26807,148,735
120,17,375,5542,94,3042,148,6555
120,17,375,5542,94,3042,148,6555
120,17,375,6018,94,33203,148,5944
120,17,375,6018,94,33203,148,5944
120,17,375,6541,94,36279,148,5272
120,17,375,6541,94,36279,148,5272
120,17,375,7249,94,4043,148,4363
120,17,375,792,94,44336,148,35
120,17,375,792,94,44336,148,35
120,17,375,8435,94,47314,148,2841
120,17,375,8435,94,47314,148,2841
120,17,375,8923,94,50195,148,2213
120,17,375,8923,94,50195,148,2213
120,17,375,9399,94,52979,148,16
120,17,375,9399,94,52979,148,16
120,17,376,0281,94,56787,148,0747
120,17,376,0281,94,56787,148,0747
120,17,376,1125,94,60449,147,9926
120,17,376,1125,94,60449,147,9926
120,17,376,1965,94,64063,147,9111
120,17,376,1965,94,64063,147,9111
120,17,376,2849,94,67871,147,8256
120,17,376,2849,94,67871,147,8256
120,17,376,3682,94,71484,147,7449
120,17,376,3682,94,71484,147,7449
120,17,376,4294,94,74121,147,6854
120,17,376,4294,94,74121,147,6854
120,17,376,5154,94,77832,147,6019
120,17,376,5154,94,77832,147,6019
120,17,376,6011,94,81543,147,5189
120,17,376,686,94,85205,147,4365
120,17,376,686,94,85205,147,4365
120,17,376,7419,94,87598,147,3822
120,17,376,7988,94,90039,147,3273
120,17,376,7988,94,90039,147,3273
120,17,376,8643,94,92871,147,2638
120,17,376,8643,94,92871,147,2638
120,17,376,9451,94,96387,147,1855
120,17,376,9451,94,96387,147,1855
120,17,377,0352,95,00244,147,098
120,17,377,0352,95,00244,147,098
120,17,377,1128,95,03613,147,0227
120,17,377,1128,95,03613,147,0227
120,17,377,1736,95,0625,146,9639
120,17,377,1736,95,0625,146,9639
120,17,377,2585,95,09912,146,8813
120,17,377,342,95,13525,146,8004
120,17,377,342,95,13525,146,8004
120,17,377,342,95,13525,146,8004
120,17,377,4026,95,16113,146,7416
120,17,377,4026,95,16113,146,7416
120,17,377,4922,95,2002,146,6548
120,17,377,4922,95,2002,146,6548
120,17,377,5769,95,23633,146,5728
120,17,377,5769,95,23633,146,5728
120,17,377,6584,95,27197,146,4937
120,17,377,6584,95,27197,146,4937
120,17,377,7505,95,31152,146,4043
120,17,377,7505,95,31152,146,4043
120,17,377,8311,95,34619,146,3262
120,17,377,8311,95,34619,146,3262
120,17,377,9175,95,38379,146,2424
120,17,377,9175,95,38379,146,2424
120,17,378,0005,95,41943,146,162
120,17,378,0005,95,41943,146,162
120,17,378,0911,95,4585,146,0742
120,17,378,1729,95,49414,145,9948
120,17,378,1729,95,49414,145,9948
120,17,378,1729,95,49414,145,9948
120,17,378,231,95,51904,145,9386
120,17,378,231,95,51904,145,9386
120,17,378,3149,95,55518,145,8572
120,17,378,4006,95,59229,145,7739
120,17,378,4006,95,59229,145,7739
120,17,378,4768,95,625,145,7
120,17,378,4768,95,625,145,7
120,17,378,5486,95,65625,145,6306
120,17,378,5486,95,65625,145,6306
120,17,378,6362,95,69385,145,5455
120,17,378,6362,95,69385,145,5455
120,17,378,72,95,72998,145,4644
120,17,378,72,95,72998,145,4644
120,17,378,804,95,7666,145,3828
120,17,378,804,95,7666,145,3828
120,17,378,8628,95,7915,145,3259
120,17,378,8628,95,7915,145,3259
120,17,378,9495,95,8291,145,2417
120,17,378,9495,95,8291,145,2417
120,17,379,0347,95,86572,145,1592
120,17,379,0347,95,86572,145,1592
120,17,379,1213,95,90332,145,075
120,17,379,1213,95,90332,145,075
120,17,379,2034,95,93896,144,9955
120,17,379,262,95,96387,144,9388
120,17,379,262,95,96387,144,9388
120,17,379,3245,95,99121,144,8781
120,17,379,3245,95,99121,144,8781
120,17,379,4092,96,02783,144,7959
120,17,379,4092,96,02783,144,7959
120,17,379,4924,96,06348,144,7152
120,17,379,4924,96,06348,144,7152
120,17,379,5806,96,10156,144,6299
120,17,379,5806,96,10156,144,6299
120,17,379,6658,96,13818,144,5472
120,17,379,6658,96,13818,144,5472
120,17,379,7488,96,17432,144,4668
120,17,379,804,96,19824,144,4131
120,17,379,804,96,19824,144,4131
120,17,379,873,96,22803,144,3462
120,17,379,873,96,22803,144,3462
120,18,379,9531,96,2627,144,2684
120,18,379,9531,96,2627,144,2684
120,18,380,0349,96,29785,144,1893
120,18,380,0349,96,29785,144,1893
120,18,380,0349,96,29785,144,1893
120,18,380,1228,96,33594,144,104
120,18,380,1228,96,33594,144,104
120,18,380,2109,96,37402,144,0184
120,18,380,2109,96,37402,144,0184
120,18,380,2971,96,41113,143,9351
120,18,380,2971,96,41113,143,9351
120,18,380,3816,96,44775,143,853
120,18,380,4641,96,48291,143,7731
120,18,380,4641,96,48291,143,7731
120,18,380,5217,96,50781,143,7173
120,18,380,5217,96,50781,143,7173
120,18,380,5823,96,53418,143,6584
120,18,380,5823,96,53418,143,6584
120,18,380,6672,96,5708,143,576
120,18,380,6672,96,5708,143,576
120,18,380,7544,96,6084,143,4915
120,18,380,7544,96,6084,143,4915
120,18,380,8396,96,64551,143,4089
120,18,380,8396,96,64551,143,4089
120,18,380,9255,96,68262,143,3256
120,18,380,9255,96,68262,143,3256
120,18,381,0139,96,7207,143,24
120,18,381,0139,96,7207,143,24
120,18,381,0952,96,75586,143,161
120,18,381,0952,96,75586,143,161
120,18,381,1533,96,78076,143,1046
120,18,381,1533,96,78076,143,1046
120,18,381,1975,96,7998,143,0619
120,18,381,1975,96,7998,143,0619
120,18,381,3169,96,80762,142,9926
120,18,381,3169,96,80762,142,9926
120,18,381,4124,96,81396,142,937
120,18,381,4124,96,81396,142,937
120,18,381,5193,96,82129,142,875
120,18,381,5193,96,82129,142,875
120,18,381,6282,96,82861,142,8118
120,18,381,6282,96,82861,142,8118
120,18,381,7354,96,83594,142,7494
120,18,381,7354,96,83594,142,7494
120,18,381,8469,96,84326,142,6847
120,18,381,8469,96,84326,142,6847
120,18,381,9543,96,85059,142,6223
120,18,381,9543,96,85059,142,6223
120,18,382,061,96,85742,142,5603
120,18,382,061,96,85742,142,5603
120,18,382,135,96,86279,142,5173
120,18,382,135,96,86279,142,5173
120,18,382,2549,96,87061,142,4478
120,18,382,2549,96,87061,142,4478
120,18,382,3484,96,87695,142,3933
120,18,382,3484,96,87695,142,3933
120,18,382,4587,96,88428,142,3292
120,18,382,4587,96,88428,142,3292
120,18,382,5667,96,8916,142,2666
120,18,382,5667,96,8916,142,2666
120,18,382,6746,96,89893,142,204
120,18,382,6746,96,89893,142,204
120,18,382,7827,96,90625,142,1411
120,18,382,8567,96,91113,142,0981
120,18,382,8567,96,91113,142,0981
120,18,382,9377,96,9165,142,051
120,18,382,9377,96,9165,142,051
120,18,383,0427,96,92334,141,9901
120,18,383,0427,96,92334,141,9901
120,18,383,1555,96,93115,141,9246
120,18,383,1555,96,93115,141,9246
120,18,383,2517,96,9375,141,8688
120,18,383,2517,96,9375,141,8688
120,18,383,2517,96,9375,141,8688
120,18,383,3577,96,94434,141,8071
120,18,383,3577,96,94434,141,8071
120,18,383,4827,96,95313,141,7346
120,18,383,574,96,95898,141,6815
120,18,383,574,96,95898,141,6815
120,18,383,6497,96,96387,141,6375
120,18,383,6497,96,96387,141,6375
120,18,383,7336,96,96973,141,5887
120,18,383,7336,96,96973,141,5887
120,18,383,8579,96,95898,141,5822
120,18,383,8579,96,95898,141,5822
120,18,383,9875,96,94824,141,5753
120,18,383,9875,96,94824,141,5753
120,18,384,1108,96,93799,141,5687
120,18,384,1108,96,93799,141,5687
120,18,384,2283,96,92773,141,5625
120,18,384,2283,96,92773,141,5625
120,18,384,3215,96,91992,141,5576
120,18,384,3215,96,91992,141,5576
120,18,384,4402,96,91016,141,5513
120,18,384,4402,96,91016,141,5513
120,18,384,561,96,8999,141,5449
120,18,384,561,96,8999,141,5449
120,18,384,6892,96,88867,141,5381
120,18,384,6892,96,88867,141,5381
120,18,384,8093,96,87891,141,5317
120,18,384,8093,96,87891,141,5317
120,18,384,9373,96,86768,141,525
120,18,384,9373,96,86768,141,525
120,18,384,9373,96,86768,141,525
120,18,385,061,96,85742,141,5184
120,18,385,061,96,85742,141,5184
120,18,385,1943,96,84619,141,5114
120,18,385,1943,96,84619,141,5114
120,18,385,314,96,83594,141,505
120,18,385,314,96,83594,141,505
120,18,385,4351,96,82568,141,4987
120,18,385,4351,96,82568,141,4987
120,18,385,5591,96,81543,141,4921
120,18,385,5591,96,81543,141,4921
120,18,385,6833,96,80469,141,4855
120,18,385,6833,96,80469,141,4855
120,18,385,8044,96,79443,141,479
120,18,385,8044,96,79443,141,479
120,18,385,9351,96,7832,141,4722
120,18,385,9351,96,7832,141,4722
120,18,386,0596,96,77295,141,4656
120,18,386,0596,96,77295,141,4656
120,18,386,1824,96,7627,141,459
120,18,386,1824,96,7627,141,459
120,18,386,3103,96,75146,141,4523
120,19,386,3103,96,75146,141,4523
120,19,386,428,96,7417,141,446
120,19,386,428,96,7417,141,446
120,19,386,428,96,7417,141,446
120,19,386,5576,96,73096,141,4391
120,19,386,5576,96,73096,141,4391
120,19,386,6855,96,71973,141,4324
120,19,386,6855,96,71973,141,4324
120,19,386,8091,96,70947,141,4258
120,19,386,8091,96,70947,141,4258
120,19,386,9363,96,69873,141,4191
120,19,386,9363,96,69873,141,4191
120,19,387,0562,96,68848,141,4127
120,19,387,0562,96,68848,141,4127
120,19,387,189,96,67725,141,4056
120,19,387,189,96,67725,141,4056
120,19,387,3091,96,66699,141,3993
120,19,387,3091,96,66699,141,3993
120,19,387,4407,96,65625,141,3923
120,19,387,4407,96,65625,141,3923
120,19,387,5579,96,646,141,3861
120,19,387,5579,96,646,141,3861
120,19,387,6768,96,63623,141,3799
120,19,387,6768,96,63623,141,3799
120,19,387,8003,96,62549,141,3733
120,19,387,8003,96,62549,141,3733
120,19,387,9326,96,61426,141,3663
120,19,387,9326,96,61426,141,3663
120,19,387,9326,96,61426,141,3663
120,19,388,0542,96,604,141,3599
120,19,388,0542,96,604,141,3599
120,19,388,1069,96,59961,141,3571
120,19,388,1069,96,59961,141,3571
120,19,388,2209,96,56641,141,3743
120,19,388,2209,96,56641,141,3743
120,19,388,3433,96,53125,141,3926
120,19,388,3433,96,53125,141,3926
120,19,388,4634,96,49609,141,4106
120,19,388,4634,96,49609,141,4106
120,19,388,5803,96,4624,141,4283
120,19,388,5803,96,4624,141,4283
120,19,388,6963,96,42871,141,4458
120,19,388,6963,96,42871,141,4458
120,19,388,8188,96,39307,141,4642
120,19,388,8188,96,39307,141,4642
120,19,388,9399,96,35791,141,4824
120,19,388,9399,96,35791,141,4824
120,19,389,0588,96,32373,141,5004
120,19,389,0588,96,32373,141,5004
120,19,389,1797,96,28857,141,5186
120,19,389,1797,96,28857,141,5186
120,19,389,1797,96,28857,141,5186
120,19,389,2947,96,25488,141,5359
120,19,389,2947,96,25488,141,5359
120,19,389,415,96,22021,141,554
120,19,389,415,96,22021,141,554
120,19,389,5339,96,18555,141,5719
120,19,389,5339,96,18555,141,5719
120,19,389,6499,96,15186,141,5894
120,19,389,6499,96,15186,141,5894
120,19,389,7737,96,11621,141,6079
120,19,389,7737,96,11621,141,6079
120,19,389,8926,96,08154,141,6259
120,19,389,8926,96,08154,141,6259
120,19,390,011,96,04736,141,6437
120,19,390,011,96,04736,141,6437
120,19,390,1238,96,01465,141,6606
120,19,390,1238,96,01465,141,6606
120,19,390,2139,95,98877,141,6742
120,19,390,2139,95,98877,141,6742
120,19,390,3286,95,95508,141,6914
120,19,390,3286,95,95508,141,6914
120,19,390,447,95,9209,141,7092
120,19,390,447,95,9209,141,7092
120,19,390,5657,95,88623,141,7272
120,19,390,6824,95,85254,141,7448
120,19,390,6824,95,85254,141,7448
120,19,390,7678,95,82764,141,7576
120,19,390,7678,95,82764,141,7576
120,19,390,8909,95,79199,141,7761
120,19,390,8909,95,79199,141,7761
120,19,391,0032,95,75977,141,793
120,19,391,0032,95,75977,141,793
120,19,391,1162,95,72705,141,8099
120,19,391,1162,95,72705,141,8099
120,19,391,2048,95,70117,141,8234
120,19,391,2048,95,70117,141,8234
120,19,391,3242,95,6665,141,8413
120,19,391,3242,95,6665,141,8413
120,19,391,4438,95,63184,141,8593
120,19,391,4438,95,63184,141,8593
120,19,391,5645,95,59668,141,8774
120,19,391,5645,95,59668,141,8774
120,19,391,6836,95,56201,141,8954
120,19,391,6836,95,56201,141,8954
120,19,391,7983,95,52881,141,9126
120,19,391,7983,95,52881,141,9126
120,19,391,8645,95,50977,141,9226
120,19,391,8645,95,50977,141,9226
120,19,391,9492,95,49268,141,9443
120,19,391,9492,95,49268,141,9443
120,19,392,0798,95,46631,141,9778
120,19,392,0798,95,46631,141,9778
120,19,392,1863,95,44482,142,0051
120,19,392,1863,95,44482,142,0051
120,19,392,3123,95,41943,142,0374
120,19,392,3123,95,41943,142,0374
120,19,392,4233,95,39697,142,0658
120,19,392,4233,95,39697,142,0658
120,19,392,5452,95,37207,142,097
120,19,392,5452,95,37207,142,097
120,19,392,6624,95,34863,142,1271
120,19,392,6624,95,34863,142,1271
120,19,392,6624,95,34863,142,1271
120,19,392,7844,95,32373,142,1583
120,19,392,7844,95,32373,142,1583
120,19,392,9009,95,30029,142,1882
120,19,392,9009,95,30029,142,1882
120,19,393,0161,95,27686,142,2178
120,19,393,0161,95,27686,142,2178
120,19,393,1392,95,25195,142,2493
120,19,393,1392,95,25195,142,2493
120,19,393,2622,95,22705,142,2808
120,19,393,2622,95,22705,142,2808
120,19,393,3811,95,20313,142,3113
120,19,393,4895,95,18115,142,339
120,19,393,4895,95,18115,142,339
120,19,393,5723,95,16455,142,3602
120,19,393,5723,95,16455,142,3602
120,19,393,5723,95,16455,142,3602
120,19,393,6904,95,14063,142,3905
120,19,393,6904,95,14063,142,3905
120,19,393,814,95,11572,142,4221
120,19,393,814,95,11572,142,4221
120,19,393,9326,95,0918,142,4526
120,19,393,9326,95,0918,142,4526
120,19,394,0571,95,06641,142,4845
120,19,394,0571,95,06641,142,4845
120,19,394,1711,95,04346,142,5137
120,19,394,1711,95,04346,142,5137
120,19,394,2874,95,02002,142,5435
120,19,394,2874,95,02002,142,5435
120,19,394,4089,94,99512,142,5747
120,19,394,4089,94,99512,142,5747
120,19,394,5295,94,97119,142,6056
120,19,394,5295,94,97119,142,6056
120,19,394,6406,94,94873,142,634
120,19,394,6406,94,94873,142,634
120,19,394,74,94,92822,142,6594
120,19,394,74,94,92822,142,6594
120,19,394,8394,94,9082,142,6849
120,19,394,8394,94,9082,142,6849
120,19,394,9622,94,88379,142,7163
120,19,394,9622,94,88379,142,7163
120,19,395,0825,94,85938,142,7473
120,19,395,0825,94,85938,142,7473
120,19,395,2026,94,83496,142,7781
120,19,395,2026,94,83496,142,7781
120,19,395,3232,94,81055,142,809
120,19,395,3232,94,81055,142,809
120,19,395,4407,94,78662,142,839
120,19,395,4407,94,78662,142,839
120,19,395,5635,94,76172,142,8705
120,19,395,5635,94,76172,142,8705
120,19,395,6877,94,73682,142,9023
120,19,395,6877,94,73682,142,9023
120,19,395,7981,94,71436,142,9307
120,19,395,7981,94,71436,142,9307
120,19,395,916,94,69043,142,9608
120,19,395,916,94,69043,142,9608
120,19,395,916,94,69043,142,9608
120,19,396,0347,94,6665,142,9912
120,19,396,0347,94,6665,142,9912
120,19,396,1531,94,64258,143,0216
120,19,396,1531,94,64258,143,0216
120,19,396,1685,94,63965,143,0255
120,19,396,1685,94,63965,143,0255
120,19,396,2886,94,63428,143,0723
120,19,396,2886,94,63428,143,0723
120,19,396,406,94,62891,143,1178
120,19,396,406,94,62891,143,1178
120,19,396,5186,94,62402,143,1616
120,19,396,5186,94,62402,143,1616
120,19,396,6328,94,61914,143,2059
120,19,396,6328,94,61914,143,2059
120,19,396,759,94,61328,143,2551
120,19,396,759,94,61328,143,2551
120,19,396,8691,94,6084,143,2979
120,19,396,8691,94,6084,143,2979
120,19,396,9846,94,60352,143,3428
120,19,396,9846,94,60352,143,3428
120,19,396,9846,94,60352,143,3428
120,19,397,0974,94,59863,143,3866
120,19,397,0974,94,59863,143,3866
120,19,397,2217,94,59277,143,4348
120,19,397,2217,94,59277,143,4348
120,19,397,3406,94,58789,143,4811
120,19,397,3406,94,58789,143,4811
120,19,397,3406,94,58789,143,4811
120,19,397,4497,94,58301,143,5234
120,19,397,4497,94,58301,143,5234
120,19,397,6111,94,57568,143,5862
120,19,397,6111,94,57568,143,5862
120,19,397,6111,94,57568,143,5862
120,19,397,7617,94,56934,143,6448
120,19,397,7617,94,56934,143,6448
120,19,397,7617,94,56934,143,6448
120,19,397,9211,94,56201,143,7067
120,19,397,9211,94,56201,143,7067
120,19,398,0708,94,55518,143,7649
120,19,398,0708,94,55518,143,7649
120,19,398,0708,94,55518,143,7649
120,19,398,1943,94,5498,143,8129
120,19,398,1943,94,5498,143,8129
120,19,398,3455,94,54346,143,8716
120,19,398,3455,94,54346,143,8716
120,19,398,4644,94,53809,143,9178
120,19,398,4644,94,53809,143,9178
120,19,398,5798,94,53271,143,9626
120,19,398,5798,94,53271,143,9626
120,19,398,6951,94,52783,144,0074
120,19,398,6951,94,52783,144,0074
120,19,398,8127,94,52246,144,0532
120,19,398,8127,94,52246,144,0532
120,19,398,9265,94,51758,144,0974
120,19,398,9265,94,51758,144,0974
120,19,399,042,94,51221,144,1423
120,19,399,042,94,51221,144,1423
120,19,399,1233,94,50879,144,174
120,19,399,1233,94,50879,144,174
120,19,399,2393,94,50391,144,219
120,19,399,2393,94,50391,144,219
120,19,399,3813,94,49756,144,2742
120,19,399,3813,94,49756,144,2742
120,19,399,4724,94,49316,144,3096
120,19,399,4724,94,49316,144,3096
120,19,399,5894,94,48828,144,355
120,19,399,5894,94,48828,144,355
120,19,399,707,94,48291,144,4008
120,19,399,707,94,48291,144,4008
120,19,399,8337,94,47754,144,45
120,19,399,8337,94,47754,144,45
120,19,399,9392,94,47266,144,491
120,19,399,9392,94,47266,144,491
120,19,400,0586,94,46729,144,5375
120,19,400,0586,94,46729,144,5375
120,19,400,0586,94,46729,144,5375
120,19,400,177,94,46191,144,5835
120,19,400,177,94,46191,144,5835
120,19,400,177,94,46191,144,5835
120,19,400,3276,94,45557,144,642
120,19,400,3276,94,45557,144,642
120,19,400,458,94,44971,144,6926
120,19,400,458,94,44971,144,6926
120,19,400,458,94,44971,144,6926
120,19,400,5588,94,43848,144,7657
120,19,400,5588,94,43848,144,7657
120,19,400,7075,94,42188,144,8735
120,19,400,7896,94,4126,144,933
120,19,400,7896,94,4126,144,933
120,19,400,866,94,4043,144,9884
120,19,400,866,94,4043,144,9884
120,19,400,9597,94,39355,145,0563
120,19,400,9597,94,39355,145,0563
120,19,400,9597,94,39355,145,0563
120,19,401,062,94,38232,145,1306
120,19,401,062,94,38232,145,1306
120,19,401,1636,94,37109,145,2041
120,19,401,1636,94,37109,145,2041
120,19,401,2629,94,35986,145,2762
120,19,401,2629,94,35986,145,2762
120,19,401,2629,94,35986,145,2762
120,19,401,3955,94,34521,145,3723
120,19,401,3955,94,34521,145,3723
120,19,401,4983,94,3335,145,4469
120,19,401,4983,94,3335,145,4469
120,19,401,5984,94,32227,145,5195
120,19,401,5984,94,32227,145,5195
120,19,401,7017,94,31104,145,5942
120,19,401,7017,94,31104,145,5942
120,19,401,8022,94,2998,145,6672
120,19,401,8022,94,2998,145,6672
120,19,401,9036,94,28857,145,7407
120,19,401,9036,94,28857,145,7407
120,19,402,0032,94,27734,145,8129
120,19,402,0032,94,27734,145,8129
120,19,402,0032,94,27734,145,8129
120,19,402,106,94,26563,145,8875
120,19,402,106,94,26563,145,8875
120,19,402,2393,94,25098,145,984
120,19,402,2393,94,25098,145,984
120,19,402,3408,94,23975,146,0576
120,19,402,3408,94,23975,146,0576
120,19,402,4414,94,22852,146,1305
120,19,402,4414,94,22852,146,1305
120,19,402,5417,94,21729,146,2034
120,19,402,5417,94,21729,146,2034
120,19,402,5417,94,21729,146,2034
120,19,402,6448,94,20557,146,2781
120,19,402,6448,94,20557,146,2781
120,19,402,7773,94,19092,146,3741
120,19,402,7773,94,19092,146,3741
120,19,402,8875,94,17871,146,4539
120,19,402,8875,94,17871,146,4539
120,19,402,9832,94,16797,146,5233
120,19,402,9832,94,16797,146,5233
120,19,403,0806,94,15723,146,594
120,19,403,0806,94,15723,146,594
120,19,403,1802,94,146,146,6661
120,19,403,1802,94,146,146,6661
120,19,403,1802,94,146,146,6661
120,19,403,2832,94,13428,146,741
120,19,403,2832,94,13428,146,741
120,19,403,3853,94,12305,146,8148
120,19,403,3853,94,12305,146,8148
120,19,403,4827,94,1123,146,8855
120,19,403,4827,94,1123,146,8855
120,19,403,5835,94,10107,146,9586
120,19,403,5835,94,10107,146,9586
120,19,403,6865,94,08936,147,0332
120,19,403,6865,94,08936,147,0332
120,19,403,7844,94,07861,147,1041
120,19,403,7844,94,07861,147,1041
120,19,403,8835,94,06738,147,1761
120,19,403,9685,94,05811,147,2377
120,19,403,9685,94,05811,147,2377
120,19,404,052,94,04883,147,2982
120,19,404,052,94,04883,147,2982
120,19,404,1223,94,04102,147,3491
120,19,404,1223,94,04102,147,3491
120,19,404,2246,94,0293,147,4235
120,19,404,2246,94,0293,147,4235
120,19,404,3259,94,01807,147,4968
120,19,404,3259,94,01807,147,4968
120,19,404,4282,94,00684,147,571
120,19,404,522,93,99609,147,639
120,19,404,522,93,99609,147,639
120,19,404,522,93,99609,147,639
120,19,404,5903,93,98877,147,6886
120,19,404,5903,93,98877,147,6886
120,19,404,6938,93,97705,147,7635
120,19,404,6938,93,97705,147,7635
120,19,404,7942,93,96582,147,8363
120,19,404,7942,93,96582,147,8363
120,19,404,8977,93,95459,147,9115
120,19,404,8977,93,95459,147,9115
120,19,404,9956,93,94336,147,9823
120,19,405,0969,93,93213,148,0558
120,19,405,0969,93,93213,148,0558
120,19,405,1672,93,92432,148,1068
120,19,405,1672,93,92432,148,1068
120,19,405,2659,93,91309,148,1783
120,19,405,2813,93,91162,148,1895
120,19,405,2813,93,91162,148,1895
120,19,405,3567,93,90283,148,2339
120,19,405,3567,93,90283,148,2339
120,19,405,4626,93,89063,148,296
120,19,405,4626,93,89063,148,296
120,19,405,572,93,87744,148,3602
120,19,405,572,93,87744,148,3602
120,19,405,572,93,87744,148,3602
120,19,405,6785,93,86523,148,4227
120,19,405,6785,93,86523,148,4227
120,19,405,7871,93,85254,148,4865
120,19,405,7871,93,85254,148,4865
120,19,405,7871,93,85254,148,4865
120,19,405,8967,93,83936,148,5508
120,19,405,8967,93,83936,148,5508
120,19,406,0471,93,82178,148,6392
120,19,406,0471,93,82178,148,6392
120,19,406,0471,93,82178,148,6392
120,19,406,1831,93,80615,148,719
120,19,406,1831,93,80615,148,719
120,19,406,1831,93,80615,148,719
120,19,406,3232,93,78955,148,8013
120,19,406,3232,93,78955,148,8013
120,19,406,3232,93,78955,148,8013
120,19,406,4651,93,77295,148,8845
120,19,406,4651,93,77295,148,8845
120,19,406,6106,93,75586,148,97
120,19,406,6106,93,75586,148,97
120,19,406,7188,93,74316,149,0334
120,19,406,7188,93,74316,149,0334
120,19,406,8281,93,73047,149,0978
120,19,406,8281,93,73047,149,0978
120,19,406,936,93,71777,149,1611
120,19,406,936,93,71777,149,1611
120,19,407,042,93,70557,149,2234
120,19,407,042,93,70557,149,2234
120,19,407,042,93,70557,149,2234
120,19,407,165,93,69092,149,2957
120,19,407,165,93,69092,149,2957
120,19,407,2908,93,67627,149,3693
120,19,407,2908,93,67627,149,3693
120,19,407,3958,93,66406,149,4309
120,19,407,3958,93,66406,149,4309
120,19,407,5034,93,65137,149,4943
120,19,407,5034,93,65137,149,4943
120,19,407,6091,93,63916,149,5564
120,19,407,6091,93,63916,149,5564
120,19,407,7195,93,62646,149,621
120,19,407,7195,93,62646,149,621
120,19,407,8315,93,61328,149,6868
120,19,407,8315,93,61328,149,6868
120,19,407,9353,93,60107,149,7479
120,19,407,9353,93,60107,149,7479
120,19,407,9353,93,60107,149,7479
120,19,408,0476,93,58789,149,8137
120,19,408,0476,93,58789,149,8137
120,19,408,1675,93,57373,149,8842
120,19,408,1675,93,57373,149,8842
120,19,408,1675,93,57373,149,8842
120,19,408,1675,93,57373,149,8842
120,19,408,1675,93,57373,149,8842
120,19,408,2588,93,56299,149,9377
120,19,408,2588,93,56299,149,9377
120,19,408,2588,93,56299,149,9377
120,19,408,5164,93,5332,150,0889
120,19,408,5164,93,5332,150,0889
120,19,408,679,93,51416,150,1844
120,19,408,679,93,51416,150,1844
120,19,408,679,93,51416,150,1844
120,19,408,792,93,50049,150,2509
120,19,408,792,93,50049,150,2509
120,19,408,9268,93,48486,150,3301
120,19,408,9268,93,48486,150,3301
120,19,408,9268,93,48486,150,3301
120,19,409,0649,93,46875,150,4111
120,19,409,0649,93,46875,150,4111
120,19,409,0649,93,46875,150,4111
120,19,409,2061,93,45215,150,4939
120,19,409,2061,93,45215,150,4939
120,19,409,2061,93,45215,150,4939
120,19,409,3601,93,43408,150,5845
120,19,409,3601,93,43408,150,5845
120,19,409,4912,93,41895,150,6614
120,19,409,4912,93,41895,150,6614
120,19,409,5991,93,40625,150,7247
120,19,409,5991,93,40625,150,7247
120,19,409,7087,93,39355,150,7891
120,19,409,7087,93,39355,150,7891
120,19,409,8176,93,38086,150,853
120,19,409,8176,93,38086,150,853
120,19,409,9297,93,36768,150,9188
120,19,409,9297,93,36768,150,9188
120,19,410,0295,93,35596,150,9774
120,19,410,0295,93,35596,150,9774
120,19,410,1379,93,34326,151,0411
120,19,410,1379,93,34326,151,0411
120,19,410,1379,93,34326,151,0411
120,19,410,2529,93,32959,151,1086
120,19,410,2529,93,32959,151,1086
120,19,410,3882,93,31396,151,188
120,19,410,3882,93,31396,151,188
120,19,410,4983,93,30127,151,2527
120,19,410,4983,93,30127,151,2527
120,19,410,6042,93,28857,151,3149
120,19,410,6042,93,28857,151,3149
120,19,410,7114,93,27588,151,3779
120,19,410,7114,93,27588,151,3779
120,19,410,8237,93,2627,151,4438
120,19,410,8237,93,2627,151,4438
120,19,410,8237,93,2627,151,4438
120,19,410,926,93,25098,151,5038
120,19,410,926,93,25098,151,5038
120,19,411,0405,93,23779,151,571
120,19,411,0405,93,23779,151,571
120,19,411,1421,93,22559,151,6306
120,19,411,1421,93,22559,151,6306
120,19,411,2502,93,21289,151,6942
120,19,411,2502,93,21289,151,6942
120,19,411,2502,93,21289,151,6942
120,19,411,3562,93,20068,151,7565
120,19,411,3562,93,20068,151,7565
120,19,411,5012,93,18359,151,8416
120,19,411,5012,93,18359,151,8416
120,19,411,606,93,17139,151,9031
120,19,411,606,93,17139,151,9031
120,19,411,7178,93,1582,151,9688
120,19,411,7178,93,1582,151,9688
120,19,411,8218,93,146,152,0298
120,19,411,8218,93,146,152,0298
120,19,411,9294,93,1333,152,0931
120,19,411,9294,93,1333,152,0931
120,19,412,0396,93,12061,152,1577
120,19,412,0396,93,12061,152,1577
120,19,412,1494,93,10791,152,2222
120,19,412,1494,93,10791,152,2222
120,19,412,2578,93,09521,152,2859
120,19,412,2578,93,09521,152,2859
120,19,412,2578,93,09521,152,2859
120,19,412,3625,93,08301,152,3474
120,19,412,3625,93,08301,152,3474
120,19,412,4795,93,06934,152,416
120,19,412,4795,93,06934,152,416
120,19,412,5801,93,05762,152,475
120,19,412,5801,93,05762,152,475
120,19,412,5801,93,05762,152,475
120,19,412,719,93,04102,152,5566
120,19,412,719,93,04102,152,5566
120,19,412,719,93,04102,152,5566
120,19,412,8706,93,02344,152,6456
120,19,412,8706,93,02344,152,6456
120,19,412,8706,93,02344,152,6456
120,19,413,009,93,00732,152,7268
120,19,413,009,93,00732,152,7268
120,19,413,1467,92,99121,152,8079
120,19,413,1467,92,99121,152,8079
120,19,413,2629,92,97754,152,876
120,19,413,2629,92,97754,152,876
120,19,413,3674,92,96533,152,9374
120,19,413,3674,92,96533,152,9374
120,19,413,4724,92,95313,152,999
120,19,413,4724,92,95313,152,999
120,19,413,5784,92,94043,153,0612
120,19,413,5784,92,94043,153,0612
120,19,413,6863,92,92773,153,1246
120,19,413,6863,92,92773,153,1246
120,19,413,7917,92,91553,153,1864
120,19,413,7917,92,91553,153,1864
120,19,413,8687,92,90674,153,2317
120,19,413,8687,92,90674,153,2317
120,19,413,9712,92,89453,153,2919
120,19,413,9966,92,8916,153,3068
120,19,414,0547,92,89551,153,3737
120,19,414,0547,92,89551,153,3737
120,19,414,0547,92,89551,153,3737
120,19,414,1111,92,89941,153,4387
120,19,414,1111,92,89941,153,4387
120,19,414,1926,92,90527,153,5328
120,19,414,2705,92,91064,153,6224
120,19,414,2705,92,91064,153,6224
120,19,414,334,92,91504,153,6957
120,19,414,334,92,91504,153,6957
120,19,414,4114,92,92041,153,7848
120,19,414,4114,92,92041,153,7848
120,19,414,4907,92,92578,153,8763
120,19,414,4907,92,92578,153,8763
120,19,414,5725,92,93164,153,9708
120,19,414,5725,92,93164,153,9708
120,19,414,655,92,93701,154,0658
120,19,414,655,92,93701,154,0658
120,19,414,655,92,93701,154,0658
120,19,414,7371,92,94287,154,1604
120,19,414,7371,92,94287,154,1604
120,19,414,8188,92,94873,154,2546
120,19,414,8188,92,94873,154,2546
120,19,414,9033,92,95459,154,3521
120,19,414,9033,92,95459,154,3521
120,19,414,9861,92,95996,154,4473
120,19,414,9861,92,95996,154,4473
120,19,415,0635,92,96533,154,5366
120,19,415,0635,92,96533,154,5366
120,19,415,1467,92,97119,154,6326
120,19,415,1467,92,97119,154,6326
120,19,415,229,92,97705,154,7275
120,19,415,229,92,97705,154,7275
120,19,415,311,92,98291,154,822
120,19,415,3906,92,98828,154,9137
120,19,415,3906,92,98828,154,9137
120,19,415,4468,92,99219,154,9785
120,19,415,4468,92,99219,154,9785
120,19,415,5029,92,99609,155,0432
120,19,415,5811,93,00146,155,1332
120,19,415,5811,93,00146,155,1332
120,19,415,6387,93,00537,155,1998
120,19,415,6387,93,00537,155,1998
120,19,415,6936,93,00928,155,2632
120,19,415,7729,93,01465,155,3545
120,19,415,7729,93,01465,155,3545
120,19,415,8318,93,01855,155,4225
120,19,415,8318,93,01855,155,4225
120,19,415,9109,93,02441,155,5137
120,19,415,9109,93,02441,155,5137
120,19,415,9673,93,02832,155,5786
120,19,415,9673,93,02832,155,5786
120,19,416,0525,93,03418,155,6766
120,19,416,0525,93,03418,155,6766
120,19,416,1348,93,03955,155,7717
120,19,416,1348,93,03955,155,7717
120,19,416,2144,93,04541,155,8634
120,19,416,2144,93,04541,155,8634
120,19,416,2964,93,05078,155,9579
120,19,416,2964,93,05078,155,9579
120,19,416,3779,93,05664,156,052
120,19,416,3779,93,05664,156,052
120,19,416,4602,93,0625,156,1469
120,19,416,4602,93,0625,156,1469
120,19,416,5427,93,06787,156,2419
120,19,416,5427,93,06787,156,2419
120,19,416,5974,93,07178,156,3051
120,19,416,5974,93,07178,156,3051
120,19,416,6775,93,07715,156,3971
120,19,416,6775,93,07715,156,3971
120,19,416,7617,93,08301,156,4943
120,19,416,7617,93,08301,156,4943
120,19,416,8459,93,08887,156,5913
120,19,416,8459,93,08887,156,5913
120,19,416,9285,93,09473,156,6866
120,19,416,9285,93,09473,156,6866
120,19,417,0071,93,1001,156,7772
120,19,417,0071,93,1001,156,7772
120,19,417,0864,93,10547,156,8687
120,19,417,0864,93,10547,156,8687
120,19,417,1436,93,10986,156,9344
120,19,417,1436,93,10986,156,9344
120,19,417,2283,93,11572,157,032
120,19,417,2283,93,11572,157,032
120,19,417,3071,93,12109,157,1232
120,19,417,3071,93,12109,157,1232
120,19,417,3887,93,12646,157,217
120,19,417,3887,93,12646,157,217
120,19,417,4712,93,13232,157,3123
120,19,417,4712,93,13232,157,3123
120,19,417,5535,93,13818,157,4071
120,19,417,5535,93,13818,157,4071
120,19,417,6372,93,14404,157,5035
120,19,417,6372,93,14404,157,5035
120,19,417,719,93,14941,157,5978
120,19,417,719,93,14941,157,5978
120,19,417,719,93,14941,157,5978
120,19,417,8003,93,15527,157,6917
120,19,417,8003,93,15527,157,6917
120,19,417,8838,93,16113,157,7878
120,19,417,8838,93,16113,157,7878
120,19,417,9666,93,1665,157,8833
120,19,417,9666,93,1665,157,8833
120,19,418,0442,93,17188,157,9727
120,19,418,0442,93,17188,157,9727
120,19,418,1279,93,17773,158,0692
120,19,418,1279,93,17773,158,0692
120,19,418,2109,93,18359,158,1649
120,19,418,2109,93,18359,158,1649
120,19,418,2966,93,18945,158,2637
120,19,418,2966,93,18945,158,2637
120,19,418,3721,93,19482,158,3508
120,19,418,3721,93,19482,158,3508
120,19,418,4431,93,19971,158,4326
120,19,418,4431,93,19971,158,4326
120,19,418,5239,93,19531,158,5293
120,19,418,5239,93,19531,158,5293
120,19,418,6052,93,19092,158,6265
120,19,418,6052,93,19092,158,6265
120,19,418,6836,93,18701,158,7202
120,19,418,6836,93,18701,158,7202
120,19,418,7385,93,18408,158,7859
120,19,418,7385,93,18408,158,7859
120,19,418,825,93,1792,158,8894
120,19,418,825,93,1792,158,8894
120,19,418,8994,93,17529,158,9785
120,19,418,8994,93,17529,158,9785
120,19,418,9854,93,1709,159,0812
120,19,418,9854,93,1709,159,0812
120,19,419,0583,93,16699,159,1685
120,19,419,0583,93,16699,159,1685
120,19,419,1145,93,16357,159,2356
120,19,419,1145,93,16357,159,2356
120,19,419,1921,93,15967,159,3285
120,19,419,1921,93,15967,159,3285
120,19,419,2725,93,15527,159,4247
120,19,419,2725,93,15527,159,4247
120,19,419,3518,93,15088,159,5197
120,19,419,4341,93,14648,159,6179
120,19,419,4341,93,14648,159,6179
120,19,419,4341,93,14648,159,6179
120,19,419,491,93,14355,159,6859
120,19,419,491,93,14355,159,6859
120,19,419,5789,93,13867,159,7913
120,19,419,6533,93,13477,159,8802
120,19,419,6533,93,13477,159,8802
120,19,419,7273,93,13086,159,9688
120,19,419,7273,93,13086,159,9688
120,19,419,7849,93,12793,160,0375
120,19,419,7849,93,12793,160,0375
120,19,419,8591,93,12402,160,1265
120,19,419,8591,93,12402,160,1265
120,19,419,9465,93,11914,160,2308
120,19,419,9465,93,11914,160,2308
120,19,420,0225,93,11523,160,3218
120,19,420,0225,93,11523,160,3218
120,19,420,1047,93,11084,160,4202
120,19,420,1047,93,11084,160,4202
120,19,420,1846,93,10645,160,5157
120,19,420,1846,93,10645,160,5157
120,19,420,1846,93,10645,160,5157
120,19,420,2642,93,10205,160,6108
120,19,420,2642,93,10205,160,6108
120,19,420,3447,93,09814,160,7072
120,19,420,3447,93,09814,160,7072
120,19,420,4265,93,09375,160,8052
120,19,420,4265,93,09375,160,8052
120,19,420,5044,93,08936,160,8982
120,19,420,5044,93,08936,160,8982
120,19,420,5923,93,08447,161,0033
120,19,420,5923,93,08447,161,0033
120,19,420,5923,93,08447,161,0033
120,19,420,6689,93,08057,161,095
120,19,420,6689,93,08057,161,095
120,19,420,7722,93,0752,161,2188
120,19,420,7722,93,0752,161,2188
120,19,420,8562,93,07031,161,319
120,19,420,8562,93,07031,161,319
120,19,420,9434,93,06592,161,4233
120,19,420,9434,93,06592,161,4233
120,19,421,0217,93,06152,161,5171
120,19,421,0217,93,06152,161,5171
120,19,421,0217,93,06152,161,5171
120,19,421,0969,93,05762,161,6069
120,19,421,0969,93,05762,161,6069
120,19,421,2029,93,05176,161,7338
120,19,421,2029,93,05176,161,7338
120,19,421,2844,93,04785,161,8313
120,19,421,2844,93,04785,161,8313
120,19,421,3645,93,04346,161,927
120,19,421,3645,93,04346,161,927
120,19,421,4414,93,03906,162,019
120,19,421,4414,93,03906,162,019
120,19,421,5261,93,03467,162,1202
120,19,421,5261,93,03467,162,1202
120,19,421,6006,93,03076,162,2095
120,19,421,6006,93,03076,162,2095
120,19,421,6558,93,02783,162,2755
120,19,421,6558,93,02783,162,2755
120,19,421,6558,93,02783,162,2755
120,19,421,741,93,02344,162,3773
120,19,421,741,93,02344,162,3773
120,19,421,8477,93,01758,162,505
120,19,421,8477,93,01758,162,505
120,19,421,8477,93,01758,162,505
120,19,421,95,93,01221,162,6274
120,19,421,95,93,01221,162,6274
120,19,422,0598,93,00635,162,7587
120,19,422,0598,93,00635,162,7587
120,19,422,0598,93,00635,162,7587
120,19,422,1409,93,00195,162,8557
120,19,422,1409,93,00195,162,8557
120,19,422,2471,92,99609,162,9828
120,19,422,2471,92,99609,162,9828
120,19,422,3259,92,9917,163,0771
120,19,422,3259,92,9917,163,0771
120,19,422,3865,92,98877,163,1494
120,19,422,3865,92,98877,163,1494
120,19,422,459,92,98486,163,2362
120,19,422,459,92,98486,163,2362
120,19,422,5403,92,98047,163,3335
120,19,422,5403,92,98047,163,3335
120,19,422,6223,92,97607,163,4315
120,19,422,6223,92,97607,163,4315
120,19,422,7048,92,97168,163,5302
120,19,422,7048,92,97168,163,5302
120,19,422,7813,92,96729,163,6218
120,19,422,7813,92,96729,163,6218
120,19,422,7813,92,96729,163,6218
120,19,422,8623,92,96338,163,7185
120,19,422,8623,92,96338,163,7185
120,19,422,9719,92,95752,163,8499
120,19,422,9719,92,95752,163,8499
120,19,423,0483,92,95313,163,9412
120,19,423,0483,92,95313,163,9412
120,19,423,0483,92,95313,163,9412
120,19,423,1406,92,94824,164,0514
120,19,423,1406,92,94824,164,0514
120,19,423,2368,92,94336,164,1665
120,19,423,2368,92,94336,164,1665
120,19,423,2368,92,94336,164,1665
120,19,423,3176,92,93896,164,2632
120,19,423,3176,92,93896,164,2632
120,19,423,3176,92,93896,164,2632
120,19,423,3176,92,93896,164,2632
120,19,423,4578,92,93115,164,4308
120,19,423,5789,92,9248,164,5757
120,19,423,6511,92,9209,164,6621
120,19,423,6765,92,91943,164,6925
120,19,423,73,92,91699,164,7563
120,19,423,7578,92,91504,164,7898
120,19,423,811,92,9126,164,8534
120,19,423,8403,92,91064,164,8885
120,19,423,8667,92,90967,164,92
120,19,423,9209,92,90674,164,9849
120,19,423,9453,92,90527,165,014
120,19,423,9985,92,90234,165,0779
120,19,424,0281,92,90088,165,1129
120,19,424,0781,92,89795,165,1729
120,19,424,1074,92,89648,165,2079
120,19,424,1638,92,89355,165,2754
120,19,424,1868,92,89209,165,3029
120,19,424,2185,92,89063,165,3408
120,19,424,26,92,89844,165,395
120,19,424,26,92,89844,165,395
120,19,424,2834,92,90723,165,4275
120,19,424,3335,92,92627,165,4965
120,19,424,4016,92,95166,165,5907
120,19,424,425,92,96045,165,623
120,19,424,4741,92,97852,165,691
120,19,424,4966,92,9873,165,722
120,19,424,522,92,99658,165,757
120,19,424,5706,93,01465,165,8242
120,19,424,594,93,02344,165,8566
120,19,424,6182,93,03271,165,89
120,19,424,6653,93,05029,165,9553
120,19,424,6931,93,06104,165,9939
120,19,424,7393,93,07813,166,0574
120,19,424,7612,93,08643,166,088
120,19,424,8101,93,10449,166,1555
120,19,424,8345,93,11377,166,1891
120,19,424,8804,93,13086,166,2527
120,19,424,9038,93,13965,166,2849
120,19,424,9272,93,14844,166,3174
120,19,424,9519,93,15771,166,3514
120,19,425,0256,93,18555,166,4535
120,19,425,0459,93,19287,166,4813
120,19,425,0701,93,20215,166,515
120,19,425,1189,93,22021,166,5822
120,19,425,1189,93,22021,166,5822
120,19,425,1189,93,22021,166,5822
120,19,425,1433,93,22949,166,6161
120,19,425,1433,93,22949,166,6161
120,19,425,1433,93,22949,166,6161
120,19,425,1433,93,22949,166,6161
120,19,425,2263,93,26074,166,7307
120,19,425,3596,93,31055,166,9153
120,19,425,3596,93,31055,166,9153
120,19,425,4214,93,3335,167,0006
120,19,425,4214,93,3335,167,0006
120,19,425,4939,93,36084,167,1008
120,19,425,4939,93,36084,167,1008
120,19,425,4939,93,36084,167,1008
120,19,425,562,93,38623,167,1949
120,19,425,562,93,38623,167,1949
120,19,425,562,93,38623,167,1949
120,19,425,6648,93,4248,167,3368
120,19,425,6648,93,4248,167,3368
120,19,425,7554,93,4585,167,4623
120,19,425,7554,93,4585,167,4623
120,19,425,8276,93,48584,167,5623
120,19,425,8276,93,48584,167,5623
120,19,425,9016,93,51367,167,6644
120,19,425,9016,93,51367,167,6644
120,19,425,97,93,53906,167,7587
120,19,425,97,93,53906,167,7587
120,19,426,041,93,56592,167,8572
120,19,426,041,93,56592,167,8572
120,19,426,0896,93,58398,167,9244
120,19,426,0896,93,58398,167,9244
120,19,426,1604,93,61035,168,0221
120,19,426,1604,93,61035,168,0221
120,19,426,2341,93,63818,168,124
120,19,426,2341,93,63818,168,124
120,19,426,3052,93,66455,168,2223
120,19,426,3052,93,66455,168,2223
120,19,426,3848,93,69434,168,3323
120,19,426,3848,93,69434,168,3323
120,19,426,45,93,71875,168,4226
120,19,426,45,93,71875,168,4226
120,19,426,5242,93,74658,168,5251
120,19,426,5242,93,74658,168,5251
120,19,426,5242,93,74658,168,5251
120,19,426,5925,93,77246,168,6196
120,19,426,5925,93,77246,168,6196
120,19,426,6633,93,79883,168,7174
120,19,426,6633,93,79883,168,7174
120,19,426,7334,93,8252,168,8142
120,19,426,7334,93,8252,168,8142
120,19,426,7727,93,83984,168,8687
120,19,426,7727,93,83984,168,8687
120,19,426,8567,93,88281,168,9633
120,19,426,8567,93,88281,168,9633
120,19,426,9333,93,92188,169,0494
120,19,426,9333,93,92188,169,0494
120,19,427,0127,93,96289,169,1387
120,19,427,0127,93,96289,169,1387
120,19,427,0947,94,00488,169,2311
120,19,427,0947,94,00488,169,2311
120,19,427,1724,94,04443,169,3185
120,19,427,1724,94,04443,169,3185
120,19,427,2468,94,08301,169,4025
120,19,427,2468,94,08301,169,4025
120,19,427,2468,94,08301,169,4025
120,19,427,3259,94,12305,169,4913
120,19,427,4114,94,16699,169,5876
120,19,427,4114,94,16699,169,5876
120,19,427,4856,94,20508,169,6711
120,19,427,4856,94,20508,169,6711
120,19,427,4856,94,20508,169,6711
120,19,427,5603,94,24316,169,7551
120,19,427,5603,94,24316,169,7551
120,19,427,6428,94,28564,169,8481
120,19,427,6428,94,28564,169,8481
120,19,427,7234,94,32666,169,9387
120,19,427,7234,94,32666,169,9387
120,19,427,8008,94,3667,170,0259
120,19,427,8765,94,40527,170,1111
120,19,427,8765,94,40527,170,1111
120,19,427,9319,94,43359,170,1735
120,19,427,9319,94,43359,170,1735
120,19,428,0098,94,47363,170,2612
120,19,428,0098,94,47363,170,2612
120,19,428,0098,94,47363,170,2612
120,19,428,0884,94,51416,170,3499
120,19,428,0884,94,51416,170,3499
120,19,428,1746,94,55811,170,4468
120,19,428,2439,94,59375,170,5249
120,19,428,2439,94,59375,170,5249
120,19,428,3105,94,62793,170,5999
120,19,428,3105,94,62793,170,5999
120,19,428,3752,94,66113,170,6725
120,19,428,3752,94,66113,170,6725
120,19,428,457,94,70264,170,7646
120,19,428,457,94,70264,170,7646
120,19,428,5364,94,74365,170,8541
120,19,428,5364,94,74365,170,8541
120,19,428,6121,94,78223,170,9391
120,19,428,6121,94,78223,170,9391
120,19,428,6121,94,78223,170,9391
120,19,428,6902,94,82227,171,0271
120,19,428,6902,94,82227,171,0271
120,19,428,7715,94,86377,171,1188
120,19,428,7715,94,86377,171,1188
120,19,428,8547,94,90674,171,2123
120,19,428,8547,94,90674,171,2123
120,19,428,9292,94,94482,171,2963
120,19,428,9292,94,94482,171,2963
120,19,429,0063,94,98438,171,3831
120,19,429,0063,94,98438,171,3831
120,19,429,084,95,02393,171,4705
120,19,429,084,95,02393,171,4705
120,19,429,1692,95,06787,171,5663
120,19,429,1692,95,06787,171,5663
120,19,429,2444,95,10645,171,6511
120,19,429,2444,95,10645,171,6511
120,19,429,3242,95,14746,171,741
120,19,429,3242,95,14746,171,741
120,19,429,3984,95,18506,171,8245
120,19,429,3984,95,18506,171,8245
120,19,429,4607,95,21729,171,8945
120,19,429,4607,95,21729,171,8945
120,19,429,5303,95,25293,171,9729
120,19,429,5303,95,25293,171,9729
120,19,429,583,95,27979,172,0322
120,19,429,583,95,27979,172,0322
120,19,429,583,95,27979,172,0322
120,19,429,583,95,27979,172,0322
120,19,429,583,95,27979,172,0322
120,19,429,583,95,27979,172,0322
120,19,429,583,95,27979,172,0322
120,19,429,583,95,27979,172,0322
120,19,429,583,95,27979,172,0322
120,19,429,583,95,27979,172,0322
120,19,429,583,95,27979,172,0322
120,19,429,583,95,27979,172,0322
120,19,429,583,95,27979,172,0322
120,19,429,583,95,27979,172,0322
120,19,429,583,95,27979,172,0322
120,19,429,583,95,27979,172,0322
120,19,429,583,95,27979,172,0322
120,19,429,583,95,27979,172,0322
120,19,429,583,95,27979,172,0322
120,19,429,583,95,27979,172,0322
120,19,429,583,95,27979,172,0322
120,19,429,583,95,27979,172,0322
120,19,429,583,95,27979,172,0322
120,19,429,583,95,27979,172,0322
120,19,429,583,95,27979,172,0322
120,19,429,583,95,27979,172,0322
120,19,429,583,95,27979,172,0322
120,19,429,583,95,27979,172,0322
120,19,429,583,95,27979,172,0322
120,19,429,583,95,27979,172,0322
120,19,429,583,95,27979,172,0322
120,19,429,583,95,27979,172,0322
120,19,429,583,95,27979,172,0322
120,19,429,583,95,27979,172,0322
120,19,429,583,95,27979,172,0322
120,19,429,583,95,27979,172,0322
120,19,429,583,95,27979,172,0322
120,19,429,583,95,27979,172,0322
120,19,429,583,95,27979,172,0322
120,19,429,583,95,27979,172,0322
120,19,429,583,95,27979,172,0322
120,19,429,583,95,27979,172,0322
120,19,429,583,95,27979,172,0322
120,19,429,583,95,27979,172,0322
120,19,429,583,95,27979,172,0322
120,19,429,583,95,27979,172,0322
120,19,429,583,95,27979,172,0322
120,19,429,583,95,27979,172,0322
120,19,429,583,95,27979,172,0322
120,19,429,583,95,27979,172,0322
120,19,429,583,95,27979,172,0322
120,19,429,583,95,27979,172,0322
120,19,429,583,95,27979,172,0322
120,19,429,583,95,27979,172,0322
120,19,429,583,95,27979,172,0322
120,19,429,583,95,27979,172,0322
120,19,429,583,95,27979,172,0322
120,19,429,583,95,27979,172,0322
120,19,429,583,95,27979,172,0322
120,19,429,583,95,27979,172,0322
120,19,429,583,95,27979,172,0322
120,19,429,583,95,27979,172,0322
120,19,429,583,95,27979,172,0322
120,19,429,583,95,27979,172,0322
120,19,429,583,95,27979,172,0322
120,19,429,583,95,27979,172,0322
120,19,429,583,95,27979,172,0322
120,19,429,583,95,27979,172,0322
120,19,429,583,95,27979,172,0322
120,19,429,583,95,27979,172,0322
120,19,429,583,95,27979,172,0322
120,19,429,583,95,27979,172,0322
120,19,429,583,95,27979,172,0322
120,19,429,583,95,27979,172,0322
120,19,429,583,95,27979,172,0322
120,19,429,583,95,27979,172,0322
120,19,429,583,95,27979,172,0322
120,19,429,583,95,27979,172,0322
120,19,429,583,95,27979,172,0322
120,19,429,583,95,27979,172,0322
120,19,429,583,95,27979,172,0322
120,19,429,583,95,27979,172,0322
120,19,429,583,95,27979,172,0322
120,19,429,583,95,27979,172,0322
120,19,429,583,95,27979,172,0322
120,19,429,583,95,27979,172,0322
120,19,429,583,95,27979,172,0322
120,19,429,583,95,27979,172,0322
120,19,429,583,95,27979,172,0322
120,19,429,583,95,27979,172,0322
120,19,429,583,95,27979,172,0322
120,19,429,583,95,27979,172,0322
120,19,429,583,95,27979,172,0322
120,19,429,583,95,27979,172,0322
120,19,429,583,95,27979,172,0322
120,19,429,583,95,27979,172,0322
120,19,429,583,95,27979,172,0322
120,19,429,583,95,27979,172,0322
120,19,429,583,95,27979,172,0322
120,19,429,583,95,27979,172,0322
120,19,429,583,95,27979,172,0322
120,19,429,583,95,27979,172,0322
120,19,429,583,95,27979,172,0322
120,19,429,583,95,27979,172,0322
120,19,429,583,95,27979,172,0322
120,19,429,583,95,27979,172,0322
120,19,429,583,95,27979,172,0322
120,19,429,583,95,27979,172,0322
120,19,429,583,95,27979,172,0322
120,19,429,583,95,27979,172,0322
120,19,429,583,95,27979,172,0322
120,19,429,583,95,27979,172,0322
120,19,429,583,95,27979,172,0322
120,19,429,583,95,27979,172,0322
120,19,429,583,95,27979,172,0322
120,19,429,583,95,27979,172,0322
120,19,429,583,95,27979,172,0322
120,19,429,583,95,27979,172,0322
120,19,429,583,95,27979,172,0322
120,19,429,583,95,27979,172,0322
120,19,429,583,95,27979,172,0322
120,19,429,583,95,27979,172,0322
120,19,429,583,95,27979,172,0322
120,19,429,583,95,27979,172,0322
120,19,429,583,95,27979,172,0322
120,19,429,583,95,27979,172,0322
120,19,429,583,95,27979,172,0322
120,19,429,583,95,27979,172,0322
120,19,429,583,95,27979,172,0322
120,19,429,583,95,27979,172,0322
120,19,429,583,95,27979,172,0322
120,19,429,583,95,27979,172,0322
120,19,429,583,95,27979,172,0322
120,19,429,583,95,27979,172,0322
120,19,429,583,95,27979,172,0322
120,19,429,583,95,27979,172,0322
120,19,429,583,95,27979,172,0322
120,19,429,583,95,27979,172,0322
120,19,429,583,95,27979,172,0322
120,19,429,583,95,27979,172,0322
120,19,429,583,95,27979,172,0322
120,19,429,583,95,27979,172,0322
120,19,429,583,95,27979,172,0322
120,19,429,583,95,27979,172,0322
120,19,429,583,95,27979,172,0322
120,19,429,583,95,27979,172,0322
120,19,429,583,95,27979,172,0322
120,19,429,583,95,27979,172,0322
120,19,429,583,95,27979,172,0322
120,19,429,583,95,27979,172,0322
120,19,429,583,95,27979,172,0322
120,19,429,583,95,27979,172,0322
120,19,429,583,95,27979,172,0322
120,19,429,583,95,27979,172,0322
120,19,429,583,95,27979,172,0322
120,19,429,583,95,27979,172,0322
120,19,429,583,95,27979,172,0322
120,19,429,583,95,27979,172,0322
120,19,429,583,95,27979,172,0322
120,19,429,583,95,27979,172,0322
120,19,429,583,95,27979,172,0322
120,19,429,583,95,27979,172,0322
120,19,429,583,95,27979,172,0322
120,19,429,583,95,27979,172,0322
120,19,429,583,95,27979,172,0322
120,19,429,583,95,27979,172,0322
120,19,429,583,95,27979,172,0322
120,19,429,583,95,27979,172,0322
120,19,429,583,95,27979,172,0322
120,19,429,583,95,27979,172,0322
120,19,429,583,95,27979,172,0322
120,19,429,583,95,27979,172,0322
120,19,429,583,95,27979,172,0322
120,19,429,583,95,27979,172,0322
120,19,429,583,95,27979,172,0322
120,19,429,583,95,27979,172,0322
120,19,429,583,95,27979,172,0322
120,19,429,583,95,27979,172,0322
120,19,429,583,95,27979,172,0322
120,19,429,583,95,27979,172,0322
120,19,429,583,95,27979,172,0322
120,19,429,583,95,27979,172,0322
120,19,429,583,95,27979,172,0322
120,19,429,583,95,27979,172,0322
120,19,429,583,95,27979,172,0322
120,19,429,583,95,27979,172,0322
120,19,429,583,95,27979,172,0322
120,19,429,583,95,27979,172,0322
120,19,429,583,95,27979,172,0322
120,19,429,583,95,27979,172,0322
120,19,429,583,95,27979,172,0322
120,19,429,583,95,27979,172,0322
120,19,429,583,95,27979,172,0322
120,19,429,583,95,27979,172,0322
120,19,429,583,95,27979,172,0322
120,19,429,583,95,27979,172,0322
120,19,429,583,95,27979,172,0322
120,19,429,583,95,27979,172,0322
120,19,429,583,95,27979,172,0322
120,19,429,583,95,27979,172,0322
120,19,429,583,95,27979,172,0322
120,19,429,583,95,27979,172,0322
120,19,429,583,95,27979,172,0322
120,19,429,583,95,27979,172,0322
120,19,429,583,95,27979,172,0322
120,19,429,583,95,27979,172,0322
120,19,429,583,95,27979,172,0322
120,19,429,583,95,27979,172,0322
120,19,429,583,95,27979,172,0322
120,19,429,583,95,27979,172,0322
120,19,429,583,95,27979,172,0322
120,19,429,583,95,27979,172,0322
120,19,429,583,95,27979,172,0322
120,19,429,583,95,27979,172,0322
120,19,429,583,95,27979,172,0322
120,19,429,583,95,27979,172,0322
120,19,429,583,95,27979,172,0322
120,19,429,583,95,27979,172,0322
120,19,429,583,95,27979,172,0322
120,19,429,583,95,27979,172,0322
120,19,429,583,95,27979,172,0322
120,19,429,583,95,27979,172,0322
120,19,429,583,95,27979,172,0322
120,19,429,583,95,27979,172,0322
120,19,429,583,95,27979,172,0322
120,19,429,583,95,27979,172,0322
120,19,429,583,95,27979,172,0322
120,19,429,583,95,27979,172,0322
120,19,429,583,95,27979,172,0322
120,19,429,583,95,27979,172,0322
120,19,429,583,95,27979,172,0322
120,19,429,583,95,27979,172,0322
120,19,429,583,95,27979,172,0322
120,19,429,583,95,27979,172,0322
120,19,429,583,95,27979,172,0322
120,19,429,583,95,27979,172,0322
120,19,429,583,95,27979,172,0322
120,19,429,583,95,27979,172,0322
120,19,429,583,95,27979,172,0322
120,19,429,583,95,27979,172,0322
120,19,429,583,95,27979,172,0322
120,19,429,583,95,27979,172,0322
120,19,429,583,95,27979,172,0322
120,19,429,583,95,27979,172,0322
120,19,429,583,95,27979,172,0322
120,19,429,583,95,27979,172,0322
120,19,429,583,95,27979,172,0322
120,19,429,583,95,27979,172,0322
120,19,429,583,95,27979,172,0322
120,19,429,583,95,27979,172,0322
120,19,429,583,95,27979,172,0322
120,19,429,583,95,27979,172,0322
120,19,429,583,95,27979,172,0322
120,19,429,583,95,27979,172,0322
120,19,429,583,95,27979,172,0322
120,19,429,583,95,27979,172,0322
120,19,429,583,95,27979,172,0322
120,19,429,583,95,27979,172,0322
120,19,429,583,95,27979,172,0322
120,19,429,583,95,27979,172,0322
120,19,429,583,95,27979,172,0322
120,19,429,583,95,27979,172,0322
120,19,429,583,95,27979,172,0322
120,19,429,583,95,27979,172,0322
120,19,429,583,95,27979,172,0322
120,19,429,583,95,27979,172,0322
120,19,429,583,95,27979,172,0322
120,19,429,583,95,27979,172,0322
120,19,429,583,95,27979,172,0322
120,19,429,583,95,27979,172,0322
120,19,429,583,95,27979,172,0322
120,19,429,583,95,27979,172,0322
120,19,429,583,95,27979,172,0322
120,19,429,583,95,27979,172,0322
120,19,429,583,95,27979,172,0322
120,19,429,583,95,27979,172,0322
120,19,429,583,95,27979,172,0322
120,19,429,583,95,27979,172,0322
120,19,429,583,95,27979,172,0322
120,19,429,583,95,27979,172,0322
120,19,429,583,95,27979,172,0322
120,19,429,583,95,27979,172,0322
120,19,429,583,95,27979,172,0322
120,19,429,583,95,27979,172,0322
120,19,429,583,95,27979,172,0322
120,19,429,583,95,27979,172,0322
120,19,429,583,95,27979,172,0322
120,19,429,583,95,27979,172,0322
120,19,429,583,95,27979,172,0322
120,19,429,583,95,27979,172,0322
120,19,429,583,95,27979,172,0322
120,19,429,583,95,27979,172,0322
120,19,429,583,95,27979,172,0322
120,19,429,583,95,27979,172,0322
120,19,429,583,95,27979,172,0322
120,19,429,583,95,27979,172,0322
120,19,429,583,95,27979,172,0322
120,19,429,583,95,27979,172,0322
120,19,429,583,95,27979,172,0322
120,19,429,583,95,27979,172,0322
120,19,429,583,95,27979,172,0322
120,19,429,583,95,27979,172,0322
120,19,429,583,95,27979,172,0322
120,19,429,583,95,27979,172,0322
120,19,429,583,95,27979,172,0322
120,19,429,583,95,27979,172,0322
120,19,429,583,95,27979,172,0322
120,19,429,583,95,27979,172,0322
120,19,429,583,95,27979,172,0322
120,19,429,583,95,27979,172,0322
120,19,429,583,95,27979,172,0322
120,19,429,583,95,27979,172,0322
120,19,429,583,95,27979,172,0322
120,19,429,583,95,27979,172,0322
120,19,429,583,95,27979,172,0322
120,19,429,583,95,27979,172,0322
120,19,429,583,95,27979,172,0322
120,19,429,583,95,27979,172,0322
120,19,429,583,95,27979,172,0322
120,19,429,583,95,27979,172,0322
120,19,429,583,95,27979,172,0322
120,19,429,583,95,27979,172,0322
120,19,429,583,95,27979,172,0322
120,19,429,583,95,27979,172,0322
120,19,429,583,95,27979,172,0322
120,19,429,583,95,27979,172,0322
120,19,429,583,95,27979,172,0322
120,19,429,583,95,27979,172,0322
120,19,429,583,95,27979,172,0322
120,19,429,583,95,27979,172,0322
120,19,429,583,95,27979,172,0322
120,19,429,583,95,27979,172,0322
120,19,429,583,95,27979,172,0322
120,19,429,583,95,27979,172,0322
120,19,429,583,95,27979,172,0322
120,19,429,583,95,27979,172,0322
120,19,429,583,95,27979,172,0322
