Time,RSteps,X,Y,Z
120,0,68,7002,87,78027,125,0229
120,0,68,7002,87,78027,125,0229
120,0,68,7002,87,78027,125,0229
120,0,68,7002,87,78027,125,0229
120,0,68,7002,87,78027,125,0229
120,0,68,7002,87,35059,125,0229
120,0,68,7002,87,35059,125,0229
120,0,68,7002,87,35059,125,0229
120,0,68,7002,87,35059,125,0229
120,0,68,7002,87,35059,125,0229
120,0,68,7002,87,35059,125,0229
120,0,68,7002,87,35059,125,0229
120,0,68,7002,87,35059,125,0229
120,0,68,7002,87,35059,125,0229
120,0,68,7002,87,35059,125,0229
120,0,68,7002,87,35059,125,0229
120,0,68,7002,87,35059,125,0229
120,0,68,7002,87,35059,125,0229
120,0,68,7002,87,35059,125,0229
120,0,68,7002,87,35059,125,0229
120,0,68,7002,87,35059,125,0229
120,0,68,7002,87,35059,125,0229
120,0,68,7002,87,35059,125,0229
120,0,68,7002,87,35059,125,0229
120,0,68,7002,87,35059,125,0229
120,0,68,7002,87,35059,125,0229
120,0,68,7002,87,35059,125,0229
120,0,68,7002,87,35059,125,0229
120,0,68,7002,87,35059,125,0229
120,0,68,7002,87,35059,125,0229
120,0,68,7002,87,35059,125,0229
120,0,68,7002,87,35059,125,0229
120,0,68,7002,87,35059,125,0229
120,0,68,7002,87,35059,125,0229
120,0,68,7002,87,35059,125,0229
120,0,68,7002,87,35059,125,0229
120,0,68,7002,87,35059,125,0229
120,0,68,69849,87,354,125,0677
120,0,68,69702,87,35742,125,1104
120,0,68,69482,87,36182,125,1672
120,0,68,69165,87,36816,125,2523
120,0,68,69019,87,37109,125,2911
120,0,68,69019,87,37109,125,2911
120,0,68,68726,87,37695,125,366
120,0,68,68481,87,38184,125,4338
120,0,68,68042,87,39063,125,5494
120,0,68,67896,87,39404,125,5905
120,0,68,67603,87,3999,125,6689
120,0,68,6731,87,40576,125,7446
120,0,68,67188,87,40869,125,7816
120,0,68,66895,87,41455,125,8579
120,0,68,66748,87,41748,125,8998
120,0,68,66455,87,42334,125,9739
120,0,68,66284,87,42725,126,0254
120,0,68,66113,87,43066,126,0703
120,0,68,65796,87,43701,126,1512
120,0,68,65527,87,44238,126,2256
120,0,68,65381,87,4458,126,2655
120,0,68,65088,87,45166,126,3433
120,0,68,64941,87,45459,126,3831
120,0,68,64673,87,45996,126,4557
120,0,68,64526,87,46289,126,4941
120,0,68,64233,87,46875,126,5693
120,0,68,63965,87,47461,126,6427
120,0,68,63965,87,47461,126,6427
120,0,68,63818,87,47754,126,6815
120,0,68,63354,87,48682,126,8031
120,0,68,63062,87,49268,126,881
120,0,68,62915,87,49561,126,9224
120,0,68,62646,87,50146,126,9945
120,0,68,625,87,50439,127,0322
120,0,68,62231,87,50977,127,1067
120,0,68,61963,87,51563,127,1807
120,0,68,61792,87,51855,127,2214
120,0,68,61523,87,52441,127,2943
120,0,68,61377,87,52734,127,3329
120,0,68,61084,87,5332,127,41
120,0,68,60815,87,53857,127,4818
120,0,68,60693,87,5415,127,5205
120,0,68,604,87,54736,127,5951
120,0,68,60254,87,55029,127,6327
120,0,68,59985,87,55566,127,7057
120,0,68,59839,87,55908,127,7479
120,0,68,5957,87,56445,127,8208
120,0,68,59277,87,57031,127,8969
120,0,68,59131,87,57324,127,937
120,0,68,58838,87,5791,128,0139
120,0,68,58691,87,58203,128,0516
120,0,68,58423,87,58789,128,1277
120,0,68,58276,87,59082,128,1666
120,0,68,57959,87,59717,128,2477
120,1,68,57813,87,6001,128,2861
120,1,68,5752,87,60645,128,3655
120,1,68,57373,87,60938,128,4055
120,1,68,57104,87,61475,128,4781
120,1,68,56836,87,62061,128,5521
120,1,68,56689,87,62354,128,5892
120,1,68,56396,87,62891,128,6655
120,1,68,56274,87,63184,128,7014
120,1,68,55981,87,6377,128,7776
120,1,68,55688,87,64355,128,8564
120,1,68,55542,87,64648,128,8933
120,1,68,55273,87,65234,128,968
120,1,68,55127,87,65527,129,0078
120,1,68,55127,87,65527,129,0078
120,1,68,5498,87,6582,129,0437
120,1,68,54736,87,66016,129,0864
120,1,68,54297,87,66455,129,1638
120,1,68,54077,87,66602,129,1989
120,1,68,53662,87,66992,129,2736
120,1,68,53418,87,67236,129,3145
120,1,68,53003,87,67627,129,3868
120,1,68,52783,87,67822,129,4252
120,1,68,52319,87,68213,129,5039
120,1,68,521,87,68408,129,5417
120,1,68,51636,87,68799,129,6199
120,1,68,51221,87,69189,129,6946
120,1,68,51001,87,69385,129,7323
120,1,68,50562,87,69775,129,8064
120,1,68,50342,87,7002,129,8446
120,1,68,49878,87,7041,129,9235
120,1,68,49658,87,70605,129,96
120,1,68,49219,87,70996,130,0371
120,1,68,48779,87,71387,130,1121
120,1,68,4856,87,71582,130,152
120,1,68,4812,87,71973,130,2274
120,1,68,479,87,72168,130,2634
120,1,68,47437,87,72607,130,3459
120,1,68,47144,87,72852,130,3938
120,1,68,46729,87,73242,130,467
120,1,68,46509,87,73438,130,5029
120,1,68,46069,87,73828,130,579
120,1,68,4563,87,74219,130,656
120,1,68,4541,87,74414,130,6941
120,1,68,44971,87,74805,130,7679
120,1,68,44727,87,75049,130,8091
120,1,68,44312,87,75391,130,8813
120,1,68,44067,87,75635,130,9232
120,1,68,43628,87,76025,130,9994
120,1,68,43213,87,76416,131,0729
120,1,68,42969,87,76611,131,1129
120,1,68,42529,87,77002,131,1887
120,1,68,42285,87,77246,131,2305
120,1,68,42065,87,77441,131,2666
120,1,68,42065,87,77441,131,2666
120,1,68,41187,87,78223,131,4208
120,1,68,40967,87,78418,131,459
120,1,68,40503,87,78857,131,5367
120,1,68,40063,87,79248,131,6121
120,1,68,39868,87,79443,131,6489
120,1,68,39722,87,79541,131,672
120,1,68,39722,87,79541,131,672
120,1,68,39722,87,79541,131,672
120,1,68,39722,87,79541,131,672
120,1,68,39526,87,79736,131,7102
120,1,68,39331,87,79932,131,7499
120,1,68,38916,87,80322,131,8296
120,1,68,38696,87,80518,131,8711
120,1,68,38257,87,80908,131,9536
120,1,68,38062,87,81104,131,9948
120,1,68,37646,87,81494,132,0746
120,1,68,37451,87,81689,132,113
120,1,68,37036,87,8208,132,194
120,1,68,36816,87,82275,132,2372
120,1,68,36426,87,82666,132,3094
120,1,68,3623,87,82813,132,3492
120,1,68,35815,87,83203,132,4287
120,1,68,3562,87,83398,132,4678
120,1,68,35254,87,83789,132,5406
120,1,68,34839,87,84131,132,6178
120,1,68,34644,87,84326,132,658
120,1,68,34253,87,84717,132,7347
120,1,68,34033,87,84912,132,7762
120,1,68,33643,87,85254,132,8511
120,1,68,33447,87,85449,132,891
120,1,68,33032,87,8584,132,9686
120,1,68,32837,87,86035,133,0063
120,1,68,32422,87,86426,133,0863
120,1,68,32227,87,86621,133,1265
120,1,68,3186,87,86963,133,1989
120,1,68,31445,87,87354,133,2758
120,1,68,3125,87,87549,133,3138
120,1,68,30859,87,87891,133,3927
120,1,68,30664,87,88086,133,4308
120,1,68,30664,87,88086,133,4308
120,1,68,30469,87,88281,133,468
120,1,68,29639,87,89063,133,6265
120,1,68,29443,87,89258,133,6658
120,1,68,29053,87,896,133,7429
120,1,68,28833,87,89795,133,7816
120,1,68,28442,87,90186,133,8593
120,1,68,28052,87,90576,133,9352
120,1,68,27856,87,90723,133,9734
120,1,68,27661,87,90918,134,0116
120,1,68,27197,87,91357,134,0994
120,1,68,27002,87,91553,134,1392
120,1,68,26611,87,91943,134,2163
120,1,68,26196,87,92285,134,2936
120,1,68,26001,87,9248,134,3351
120,1,68,2561,87,92871,134,4089
120,1,68,25415,87,93066,134,4489
120,1,68,25,87,93408,134,5259
120,1,68,24976,87,93457,134,5319
120,1,68,24976,87,93457,134,5319
120,1,68,24976,87,93457,134,5319
120,1,68,24976,87,93457,134,5319
120,1,68,24976,87,93457,134,5319
120,1,68,24976,87,93457,134,5319
120,1,68,24976,87,93457,134,5319
120,1,68,24976,87,93457,134,5319
120,1,68,24976,87,93457,134,5319
120,1,68,24976,87,93457,134,5319
120,1,68,24976,87,93457,134,5319
120,1,68,24976,87,93457,134,5319
120,1,68,24976,87,93457,134,5319
120,1,68,24976,87,93457,134,5319
120,1,68,24976,87,93457,134,5319
120,1,68,24976,87,93457,134,5319
120,1,68,24976,87,93457,134,5319
120,1,68,24976,87,93457,134,5319
120,2,68,24976,87,93457,134,5319
120,2,68,24658,87,93213,134,5699
120,2,68,24365,87,92969,134,6091
120,2,68,23657,87,92432,134,6943
120,2,68,2334,87,92188,134,7347
120,2,68,2334,87,92188,134,7347
120,2,68,22119,87,91211,134,8875
120,2,68,21777,87,90967,134,9283
120,2,68,21167,87,90479,135,0067
120,2,68,2085,87,90234,135,0449
120,2,68,20215,87,89746,135,1229
120,2,68,19897,87,89502,135,1635
120,2,68,19287,87,89014,135,2394
120,2,68,18945,87,8877,135,2817
120,2,68,18335,87,88281,135,3567
120,2,68,18018,87,88037,135,3969
120,2,68,17407,87,87549,135,4731
120,2,68,1709,87,87305,135,5138
120,2,68,16479,87,86816,135,5884
120,2,68,16162,87,86572,135,6282
120,2,68,15527,87,86084,135,707
120,2,68,14917,87,85596,135,7836
120,2,68,146,87,85352,135,8237
120,2,68,13965,87,84863,135,9009
120,2,68,13647,87,84619,135,9404
120,2,68,13013,87,84131,136,02
120,2,68,12671,87,83838,136,0635
120,2,68,12354,87,83594,136,1024
120,2,68,11694,87,83105,136,1853
120,2,68,11084,87,82617,136,2611
120,2,68,10767,87,82373,136,301
120,2,68,10181,87,81934,136,3727
120,2,68,09863,87,81641,136,413
120,2,68,09229,87,81152,136,4911
120,2,68,08911,87,80908,136,5294
120,2,68,08301,87,80469,136,6055
120,2,68,08008,87,80225,136,6445
120,2,68,07373,87,79736,136,723
120,2,68,06763,87,79248,136,7993
120,2,68,06445,87,79004,136,8383
120,2,68,05811,87,78516,136,9158
120,2,68,05493,87,78223,136,9575
120,2,68,04883,87,77783,137,0333
120,2,68,04541,87,77539,137,0734
120,2,68,03906,87,77002,137,1525
120,2,68,03906,87,77002,137,1525
120,2,68,03589,87,76758,137,1938
120,2,68,02686,87,76074,137,3052
120,2,68,02026,87,75537,137,3867
120,2,68,01733,87,75293,137,425
120,2,68,01074,87,74805,137,5045
120,2,68,00781,87,74561,137,5426
120,2,68,00171,87,74121,137,619
120,2,67,99829,87,73828,137,6602
120,2,67,99219,87,7334,137,7371
120,2,67,98877,87,73096,137,7789
120,2,67,98315,87,72656,137,8491
120,2,67,98315,87,72656,137,8491
120,2,67,98315,87,72656,137,8491
120,2,67,98315,87,72656,137,8491
120,2,67,98315,87,72656,137,8491
120,2,67,98315,87,72656,137,8491
120,2,67,98315,87,72656,137,8491
120,2,67,98315,87,72656,137,8491
120,2,67,98315,87,72656,137,8491
120,2,67,98315,87,72656,137,8491
120,2,67,98315,87,72656,137,8491
120,2,67,98315,87,72656,137,8491
120,2,67,98315,87,72656,137,8491
120,2,67,97607,87,71777,137,8896
120,2,67,96167,87,69971,137,9703
120,2,67,95483,87,69092,138,0092
120,2,67,94092,87,67383,138,0869
120,2,67,93481,87,66602,138,1223
120,2,67,9209,87,64893,138,1997
120,2,67,91406,87,64014,138,239
120,2,67,90112,87,62402,138,3114
120,2,67,89453,87,61572,138,3494
120,2,67,8811,87,59863,138,4247
120,2,67,86792,87,58203,138,4996
120,2,67,86133,87,57422,138,5365
120,2,67,8479,87,55762,138,6116
120,2,67,84155,87,54932,138,6482
120,2,67,82837,87,53271,138,722
120,2,67,82178,87,52441,138,7598
120,2,67,80859,87,5083,138,8333
120,2,67,80859,87,5083,138,8333
120,2,67,80225,87,5,138,8696
120,2,67,77612,87,46729,139,0175
120,2,67,76904,87,4585,139,0568
120,2,67,76172,87,44922,139,0978
120,2,67,74805,87,43262,139,1747
120,2,67,73511,87,41602,139,248
120,2,67,72827,87,40771,139,2867
120,2,67,71484,87,39063,139,363
120,2,67,70728,87,38135,139,4049
120,2,67,70093,87,37354,139,4407
120,2,67,68652,87,35547,139,5217
120,2,67,6731,87,33838,139,5983
120,2,67,66626,87,33008,139,6359
120,2,67,65967,87,32178,139,674
120,2,67,64551,87,30371,139,754
120,2,67,63232,87,2876,139,8275
120,2,67,62598,87,2793,139,8643
120,2,67,61865,87,27051,139,9048
120,2,67,60449,87,25244,139,9851
120,2,67,59204,87,23682,140,0557
120,2,67,58472,87,22754,140,0969
120,2,67,57153,87,21143,140,1714
120,2,67,5647,87,20264,140,2095
120,2,67,55127,87,18604,140,2854
120,2,67,54468,87,17773,140,323
120,2,67,54468,87,17773,140,323
120,2,67,52295,87,15039,140,4454
120,2,67,51611,87,1416,140,4841
120,2,67,50244,87,125,140,5601
120,2,67,49438,87,11475,140,6061
120,2,67,49438,87,11475,140,6061
120,2,67,49438,87,11475,140,6061
120,2,67,49438,87,11475,140,6061
120,2,67,49438,87,11475,140,6061
120,2,67,49438,87,11475,140,6061
120,2,67,49438,87,11475,140,6061
120,2,67,49438,87,11475,140,6061
120,2,67,49438,87,11475,140,6061
120,2,67,49438,87,11475,140,6061
120,2,67,49438,87,11475,140,6061
120,2,67,49438,87,11475,140,6061
120,2,67,49438,87,11475,140,6061
120,2,67,49438,87,11475,140,6061
120,2,67,49438,87,11475,140,6061
120,2,67,49438,87,11475,140,6061
120,2,67,49438,87,11475,140,6061
120,2,67,49438,87,11475,140,6061
120,2,67,49438,87,11475,140,6061
120,2,67,49438,87,11475,140,6061
120,2,67,49438,87,11475,140,6061
120,2,67,49438,87,11475,140,6061
120,2,67,49438,87,11475,140,6061
120,2,67,49438,87,11475,140,6061
120,2,67,49438,87,11475,140,6061
120,2,67,49438,87,11475,140,6061
120,2,67,49438,87,11475,140,6061
120,2,67,49438,87,11475,140,6061
120,2,67,49438,87,11475,140,6061
120,2,67,49438,87,11475,140,6061
120,2,67,49438,87,11475,140,6061
120,2,67,49438,87,11475,140,6061
120,2,67,49438,87,11475,140,6061
120,2,67,49438,87,11475,140,6061
120,2,67,49438,87,11475,140,6061
120,2,67,49438,87,11475,140,6061
120,2,67,49438,87,11475,140,6061
120,2,67,49438,87,11475,140,6061
120,2,67,49438,87,11475,140,6061
120,2,67,49438,87,11475,140,6061
120,2,67,49438,87,11475,140,6061
120,2,67,49438,87,11475,140,6061
120,2,67,49438,87,11475,140,6061
120,2,67,49438,87,11475,140,6061
120,2,67,49438,87,11475,140,6061
120,2,67,49438,87,11475,140,6061
120,2,67,49438,87,11475,140,6061
120,2,67,49438,87,11475,140,6061
120,2,67,49438,87,11475,140,6061
120,2,67,49438,87,11475,140,6061
120,2,67,49438,87,11475,140,6061
120,2,67,49438,87,11475,140,6061
120,2,67,49438,87,11475,140,6061
120,2,67,49438,87,11475,140,6061
120,2,67,49438,87,11475,140,6061
120,2,67,49438,87,11475,140,6061
120,2,67,49438,87,11475,140,6061
120,2,67,49438,87,11475,140,6061
120,2,67,49438,87,11475,140,6061
120,2,67,49438,87,11475,140,6061
120,2,67,49438,87,11475,140,6061
120,2,67,49438,87,11475,140,6061
120,2,67,49438,87,11475,140,6061
120,2,67,49438,87,11475,140,6061
120,2,67,49438,87,11475,140,6061
120,2,67,49438,87,11475,140,6061
120,2,67,49438,87,11475,140,6061
120,2,67,49438,87,11475,140,6061
120,2,67,49438,87,11475,140,6061
120,2,67,49438,87,11475,140,6061
120,2,67,49438,87,11475,140,6061
120,2,67,49438,87,11475,140,6061
120,2,67,49438,87,11475,140,6061
120,2,67,49438,87,11475,140,6061
120,2,67,49438,87,11475,140,6061
120,2,67,49438,87,11475,140,6061
120,2,67,49438,87,11475,140,6061
120,2,67,49438,87,11475,140,6061
120,2,67,49438,87,11475,140,6061
120,2,67,49438,87,11475,140,6061
120,2,67,49438,87,11475,140,6061
120,2,67,49438,87,11475,140,6061
120,2,67,49438,87,11475,140,6061
120,2,67,49438,87,11475,140,6061
120,2,67,49438,87,11475,140,6061
120,2,67,49438,87,11475,140,6061
120,2,67,49438,87,11475,140,6061
120,2,67,49438,87,11475,140,6061
120,2,67,49438,87,11475,140,6061
120,2,67,49438,87,11475,140,6061
120,2,67,49438,87,11475,140,6061
120,2,67,49438,87,11475,140,6061
120,2,67,49438,87,11475,140,6061
120,2,67,49438,87,11475,140,6061
120,2,67,49438,87,11475,140,6061
120,2,67,49438,87,11475,140,6061
120,2,67,49438,87,11475,140,6061
120,2,67,49438,87,11475,140,6061
120,2,67,49438,87,11475,140,6061
120,2,67,49438,87,11475,140,6061
120,2,67,49438,87,11475,140,6061
120,2,67,49438,87,11475,140,6061
120,2,67,49438,87,11475,140,6061
120,2,67,49438,87,11475,140,6061
120,2,67,49438,87,11475,140,6061
120,2,67,49438,87,11475,140,6061
120,2,67,49438,87,11475,140,6061
120,2,67,49438,87,11475,140,6061
120,2,67,49438,87,11475,140,6061
120,2,67,49438,87,11475,140,6061
120,2,67,49438,87,11475,140,6061
120,2,67,49438,87,11475,140,6061
120,2,67,49438,87,11475,140,6061
120,2,67,49438,87,11475,140,6061
120,2,67,49438,87,11475,140,6061
120,2,67,49438,87,11475,140,6061
120,2,67,49438,87,11475,140,6061
120,2,67,49438,87,11475,140,6061
120,2,67,49438,87,11475,140,6061
120,2,67,49438,87,11475,140,6061
120,2,67,49438,87,11475,140,6061
120,2,67,49438,87,11475,140,6061
120,2,67,49438,87,11475,140,6061
120,2,67,49438,87,11475,140,6061
120,2,67,49438,87,11475,140,6061
120,2,67,49438,87,11475,140,6061
120,2,67,49438,87,11475,140,6061
120,2,67,49438,87,11475,140,6061
120,2,67,49438,87,11475,140,6061
120,2,67,49438,87,11475,140,6061
120,2,67,49438,87,11475,140,6061
120,2,67,49438,87,11475,140,6061
120,2,67,49438,87,11475,140,6061
120,2,67,49438,87,11475,140,6061
120,2,67,49438,87,11475,140,6061
120,2,67,49438,87,11475,140,6061
120,2,67,49438,87,11475,140,6061
120,2,67,49438,87,11475,140,6061
120,2,67,49438,87,11475,140,6061
120,2,67,49438,87,11475,140,6061
120,2,67,49438,87,11475,140,6061
120,2,67,49438,87,11475,140,6061
120,2,67,49438,87,11475,140,6061
120,2,67,49438,87,11475,140,6061
120,2,67,49438,87,11475,140,6061
120,2,67,49438,87,11475,140,6061
120,2,67,49438,87,11475,140,6061
120,2,67,49438,87,11475,140,6061
120,2,67,49438,87,11475,140,6061
120,2,67,49438,87,11475,140,6061
120,2,67,49438,87,11475,140,6061
120,2,67,49438,87,11475,140,6061
120,2,67,49438,87,11475,140,6061
120,2,67,49438,87,11475,140,6061
120,2,67,49438,87,11475,140,6061
120,2,67,49438,87,11475,140,6061
120,2,67,49438,87,11475,140,6061
120,2,67,49438,87,11475,140,6061
120,2,67,49438,87,11475,140,6061
120,2,67,49438,87,11475,140,6061
120,2,67,49438,87,11475,140,6061
120,2,67,49438,87,11475,140,6061
120,2,67,49438,87,11475,140,6061
120,2,67,49438,87,11475,140,6061
120,2,67,49438,87,11475,140,6061
120,2,67,49438,87,11475,140,6061
120,2,67,49438,87,11475,140,6061
120,2,67,49438,87,11475,140,6061
120,2,67,49438,87,11475,140,6061
120,2,67,49438,87,11475,140,6061
120,2,67,49438,87,11475,140,6061
120,2,67,49438,87,11475,140,6061
120,2,67,49438,87,11475,140,6061
120,2,67,49438,87,11475,140,6061
120,2,67,49438,87,11475,140,6061
120,2,67,49438,87,11475,140,6061
120,2,67,49438,87,11475,140,6061
120,2,67,49438,87,11475,140,6061
120,2,67,49438,87,11475,140,6061
120,2,67,49438,87,11475,140,6061
120,2,67,49438,87,11475,140,6061
120,2,67,49438,87,11475,140,6061
120,2,67,49438,87,11475,140,6061
120,2,67,49438,87,11475,140,6061
120,2,67,49438,87,11475,140,6061
120,2,67,49438,87,11475,140,6061
120,2,67,49438,87,11475,140,6061
120,2,67,49438,87,11475,140,6061
120,2,67,49438,87,11475,140,6061
120,2,67,49438,87,11475,140,6061
120,2,67,49438,87,11475,140,6061
120,2,67,49438,87,11475,140,6061
120,2,67,49438,87,11475,140,6061
120,2,67,49438,87,11475,140,6061
120,2,67,49438,87,11475,140,6061
120,2,67,49438,87,11475,140,6061
120,2,67,49438,87,11475,140,6061
120,2,67,49438,87,11475,140,6061
120,2,67,49438,87,11475,140,6061
120,2,67,49438,87,11475,140,6061
120,2,67,49438,87,11475,140,6061
120,2,67,49438,87,11475,140,6061
120,2,67,49438,87,11475,140,6061
120,2,67,49438,87,11475,140,6061
120,2,67,49438,87,11475,140,6061
120,2,67,49438,87,11475,140,6061
120,2,67,49438,87,11475,140,6061
120,2,67,49438,87,11475,140,6061
120,2,67,49438,87,11475,140,6061
120,2,67,49438,87,11475,140,6061
120,2,67,49438,87,11475,140,6061
120,2,67,49438,87,11475,140,6061
120,2,67,49438,87,11475,140,6061
120,2,67,49438,87,11475,140,6061
120,2,67,49438,87,11475,140,6061
120,2,67,49438,87,11475,140,6061
120,2,67,49438,87,11475,140,6061
120,2,67,49438,87,11475,140,6061
120,2,67,49438,87,11475,140,6061
120,2,67,49438,87,11475,140,6061
120,2,67,49438,87,11475,140,6061
120,2,67,49438,87,11475,140,6061
120,2,67,49438,87,11475,140,6061
120,2,67,49438,87,11475,140,6061
120,2,67,49438,87,11475,140,6061
120,2,67,49438,87,11475,140,6061
120,2,67,49438,87,11475,140,6061
120,2,67,49438,87,11475,140,6061
120,2,67,49438,87,11475,140,6061
120,2,67,49438,87,11475,140,6061
120,2,67,49438,87,11475,140,6061
120,2,67,49438,87,11475,140,6061
120,2,67,49438,87,11475,140,6061
120,2,67,49438,87,11475,140,6061
120,2,67,49438,87,11475,140,6061
120,2,67,49438,87,11475,140,6061
120,2,67,49438,87,11475,140,6061
120,2,67,49438,87,11475,140,6061
120,2,67,49438,87,11475,140,6061
120,2,67,49438,87,11475,140,6061
120,2,67,49438,87,11475,140,6061
120,2,67,49438,87,11475,140,6061
120,2,67,49438,87,11475,140,6061
120,2,67,49438,87,11475,140,6061
120,2,67,49438,87,11475,140,6061
120,2,67,49438,87,11475,140,6061
120,2,67,49438,87,11475,140,6061
120,2,67,49438,87,11475,140,6061
120,2,67,49438,87,11475,140,6061
120,2,67,49438,87,11475,140,6061
120,2,67,49438,87,11475,140,6061
120,2,67,49438,87,11475,140,6061
120,2,67,49438,87,11475,140,6061
120,2,67,49438,87,11475,140,6061
120,2,67,49438,87,11475,140,6061
120,2,67,49438,87,11475,140,6061
120,2,67,49438,87,11475,140,6061
120,2,67,49438,87,11475,140,6061
120,2,67,49438,87,11475,140,6061
120,2,67,49438,87,11475,140,6061
120,2,67,49438,87,11475,140,6061
120,2,67,49438,87,11475,140,6061
120,2,67,49438,87,11475,140,6061
120,2,67,49438,87,11475,140,6061
120,2,67,49438,87,11475,140,6061
120,2,67,49438,87,11475,140,6061
120,2,67,49438,87,11475,140,6061
120,2,67,49438,87,11475,140,6061
120,2,67,49438,87,11475,140,6061
120,2,67,49438,87,11475,140,6061
120,2,67,49438,87,11475,140,6061
120,2,67,49438,87,11475,140,6061
120,2,67,49438,87,11475,140,6061
120,2,67,49438,87,11475,140,6061
120,2,67,49438,87,11475,140,6061
120,2,67,49438,87,11475,140,6061
120,2,67,49438,87,11475,140,6061
120,2,67,49438,87,11475,140,6061
120,2,67,49438,87,11475,140,6061
120,2,67,49438,87,11475,140,6061
120,2,67,49438,87,11475,140,6061
120,2,67,49438,87,11475,140,6061
120,2,67,49438,87,11475,140,6061
120,2,67,49438,87,11475,140,6061
120,2,67,49438,87,11475,140,6061
120,2,67,49438,87,11475,140,6061
120,2,67,49438,87,11475,140,6061
120,2,67,49438,87,11475,140,6061
120,2,67,49438,87,11475,140,6061
120,2,67,49438,87,11475,140,6061
120,2,67,49438,87,11475,140,6061
120,2,67,49438,87,11475,140,6061
120,2,67,49438,87,11475,140,6061
120,2,67,49438,87,11475,140,6061
120,2,67,49438,87,11475,140,6061
120,2,67,49438,87,11475,140,6061
120,2,67,49438,87,11475,140,6061
120,2,67,49438,87,11475,140,6061
120,2,67,49438,87,11475,140,6061
120,2,67,49438,87,11475,140,6061
120,2,67,49438,87,11475,140,6061
120,2,67,49438,87,11475,140,6061
120,2,67,49438,87,11475,140,6061
120,2,67,49438,87,11475,140,6061
120,2,67,49438,87,11475,140,6061
120,2,67,49438,87,11475,140,6061
120,3,67,49438,87,11475,140,6061
120,3,67,49072,87,10107,140,6411
120,3,67,48315,87,07178,140,7158
120,3,67,47949,87,05664,140,7538
120,3,67,47192,87,02783,140,8269
120,3,67,46802,87,0127,140,8655
120,3,67,46094,86,98535,140,9355
120,3,67,45752,86,97119,140,9711
120,3,67,44971,86,94189,141,0464
120,3,67,4458,86,92676,141,0845
120,3,67,43872,86,89893,141,1554
120,3,67,43481,86,88379,141,1936
120,3,67,42749,86,85547,141,2662
120,3,67,42358,86,84033,141,3044
120,3,67,4165,86,81299,141,3745
120,3,67,40918,86,78418,141,4475
120,3,67,40552,86,77002,141,4839
120,3,67,40186,86,75537,141,5205
120,3,67,39404,86,72607,141,5956
120,3,67,39038,86,71143,141,6335
120,3,67,38232,86,68018,141,7129
120,3,67,37842,86,66553,141,7498
120,3,67,37061,86,63525,141,8268
120,3,67,36694,86,62012,141,8651
120,3,67,35962,86,59229,141,9363
120,3,67,35571,86,57764,141,9742
120,3,67,34839,86,54834,142,0482
120,3,67,34448,86,53369,142,0856
120,3,67,34082,86,51953,142,1215
120,3,67,34082,86,51953,142,1215
120,3,67,32642,86,46338,142,2642
120,3,67,32227,86,44775,142,3038
120,3,67,31519,86,41992,142,376
120,3,67,31128,86,40479,142,4135
120,3,67,30396,86,37598,142,4867
120,3,67,30029,86,3623,142,5219
120,3,67,29272,86,33301,142,5968
120,3,67,28906,86,31934,142,6318
120,3,67,28149,86,28955,142,7075
120,3,67,27393,86,26025,142,7821
120,3,67,27026,86,24658,142,8171
120,3,67,26294,86,21729,142,8914
120,3,67,25903,86,20215,142,9296
120,3,67,25146,86,17334,143,0032
120,3,67,2478,86,15869,143,04
120,3,67,24048,86,13086,143,1115
120,3,67,23682,86,1167,143,1477
120,3,67,22949,86,08838,143,2197
120,3,67,22583,86,07324,143,2581
120,3,67,21826,86,04492,143,3307
120,3,67,21777,86,04248,143,3364
120,3,67,21777,86,04248,143,3364
120,3,67,21777,86,04248,143,3364
120,3,67,21777,86,04248,143,3364
120,3,67,21777,86,04248,143,3364
120,3,67,21777,86,04248,143,3364
120,3,67,20996,86,02441,143,3699
120,3,67,19312,85,98486,143,4425
120,3,67,18506,85,96631,143,4767
120,3,67,1687,85,92773,143,5471
120,3,67,16064,85,90918,143,5812
120,3,67,14526,85,87354,143,6472
120,3,67,13672,85,85352,143,6843
120,3,67,12915,85,83594,143,7167
120,3,67,11206,85,7959,143,7896
120,3,67,10425,85,77783,143,8228
120,3,67,08813,85,74023,143,8925
120,3,67,07935,85,71973,143,9297
120,3,67,06396,85,68359,143,9962
120,3,67,05615,85,66553,144,0294
120,3,67,05615,85,66553,144,0294
120,3,67,04736,85,64551,144,0668
120,3,67,01587,85,57178,144,2017
120,3,67,85,53516,144,2698
120,3,66,99219,85,5166,144,3037
120,3,66,97607,85,47949,144,3721
120,3,66,96851,85,46143,144,405
120,3,66,95264,85,42432,144,473
120,3,66,94458,85,40576,144,5074
120,3,66,9292,85,36963,144,5736
120,3,66,92139,85,35156,144,6069
120,3,66,90552,85,31445,144,6749
120,3,66,89771,85,29688,144,7079
120,3,66,88159,85,25879,144,7772
120,3,66,87354,85,23975,144,8124
120,3,66,85815,85,2041,144,8779
120,3,66,84937,85,18359,144,916
120,3,66,8335,85,14697,144,9835
120,3,66,82568,85,12842,145,0176
120,3,66,80933,85,09082,145,0869
120,3,66,80127,85,07129,145,1221
120,3,66,78564,85,03516,145,1886
120,3,66,77808,85,01709,145,2217
120,3,66,76196,84,98047,145,2898
120,3,66,76196,84,97998,145,2903
120,3,66,74756,84,94238,145,3539
120,3,66,73975,84,92188,145,3879
120,3,66,72485,84,8833,145,4534
120,3,66,71021,84,84521,145,5179
120,3,66,70239,84,8252,145,5518
120,3,66,68726,84,78516,145,6189
120,3,66,67969,84,76611,145,6514
120,3,66,66382,84,72461,145,7209
120,3,66,65601,84,7041,145,7554
120,3,66,64087,84,66504,145,8218
120,3,66,63354,84,64551,145,8546
120,3,66,61792,84,60498,145,9232
120,3,66,61035,84,58545,145,9562
120,3,66,59521,84,5459,146,0222
120,3,66,5874,84,52539,146,0569
120,3,66,58032,84,50732,146,0875
120,3,66,58032,84,50732,146,0875
120,4,66,55054,84,42969,146,2189
120,4,66,54272,84,40869,146,2537
120,4,66,5271,84,36865,146,3213
120,4,66,51929,84,34814,146,356
120,4,66,50415,84,30859,146,4229
120,4,66,49561,84,28662,146,4602
120,4,66,48071,84,24756,146,5256
120,4,66,47192,84,2251,146,564
120,4,66,4563,84,18457,146,6323
120,4,66,44873,84,16455,146,6656
120,4,66,43384,84,12549,146,7314
120,4,66,42627,84,10645,146,7642
120,4,66,41113,84,06689,146,8309
120,4,66,40356,84,04688,146,8643
120,4,66,38843,84,00732,146,9312
120,4,66,38062,83,9873,146,9648
120,4,66,36572,83,94873,147,03
120,4,66,35791,83,92773,147,0651
120,4,66,34302,83,88916,147,1306
120,4,66,33496,83,86865,147,1652
120,4,66,31934,83,82813,147,2336
120,4,66,31445,83,81494,147,2556
120,4,66,29883,83,77637,147,3201
120,4,66,29102,83,75732,147,3527
120,4,66,27417,83,71582,147,4225
120,4,66,26538,83,69434,147,4586
120,4,66,25,83,65674,147,5217
120,4,66,24072,83,63379,147,5603
120,4,66,22412,83,59326,147,6289
120,4,66,21582,83,57275,147,6628
120,4,66,20801,83,55322,147,6958
120,4,66,19043,83,51074,147,7677
120,4,66,17432,83,4707,147,8347
120,4,66,16626,83,45117,147,8674
120,4,66,15039,83,41211,147,9331
120,4,66,14233,83,39209,147,9668
120,4,66,13452,83,37305,147,9987
120,4,66,11719,83,33057,148,0701
120,4,66,10107,83,29102,148,137
120,4,66,09302,83,27148,148,1702
120,4,66,09302,83,27148,148,1702
120,4,66,08521,83,25195,148,2024
120,4,66,06152,83,19385,148,3005
120,4,66,04395,83,15088,148,3728
120,4,66,02832,83,1123,148,4373
120,4,66,02075,83,09375,148,469
120,4,66,00488,83,05469,148,5344
120,4,65,99609,83,0332,148,5703
120,4,65,97974,82,99316,148,6381
120,4,65,97168,82,97363,148,671
120,4,65,95605,82,93506,148,736
120,4,65,948,82,91504,148,7692
120,4,65,9314,82,87402,148,8381
120,4,65,92334,82,85449,148,8708
120,4,65,90674,82,81348,148,9399
120,4,65,89819,82,79248,148,9753
120,4,65,88232,82,75391,149,0405
120,4,65,87378,82,73291,149,0758
120,4,65,85791,82,69385,149,1416
120,4,65,84937,82,67285,149,1764
120,4,65,83203,82,62988,149,2485
120,4,65,82422,82,61084,149,281
120,4,65,80811,82,57129,149,3475
120,4,65,80029,82,55225,149,3795
120,4,65,78418,82,5127,149,4462
120,4,65,77588,82,49219,149,4805
120,4,65,7605,82,45459,149,5436
120,4,65,75195,82,43359,149,5789
120,4,65,73511,82,39209,149,6486
120,4,65,72681,82,37158,149,6836
120,4,65,71777,82,3501,149,7201
120,4,65,70996,82,33154,149,7527
120,4,65,69336,82,29199,149,8209
120,4,65,6853,82,27295,149,8535
120,4,65,66895,82,23438,149,9205
120,4,65,66064,82,21436,149,9548
120,4,65,64478,82,17676,150,0198
120,4,65,63574,82,15527,150,0574
120,4,65,61938,82,11621,150,1245
120,4,65,61084,82,09619,150,1594
120,4,65,59497,82,05811,150,2251
120,4,65,59497,82,05811,150,2251
120,4,65,58667,82,03857,150,259
120,4,65,56445,81,98584,150,35
120,4,65,54761,81,94531,150,4199
120,4,65,53882,81,9248,150,4561
120,4,65,52271,81,88623,150,5222
120,4,65,51416,81,86621,150,5571
120,4,65,49805,81,82813,150,623
120,4,65,4895,81,80713,150,6589
120,4,65,47241,81,76709,150,7286
120,4,65,46362,81,74609,150,7645
120,4,65,44702,81,70654,150,8326
120,4,65,43872,81,68652,150,8673
120,4,65,42236,81,64795,150,9342
120,4,65,41406,81,62793,150,969
120,4,65,39795,81,58984,151,0343
120,4,65,38965,81,56982,151,0692
120,4,65,3728,81,52979,151,1385
120,4,65,3645,81,51074,151,1719
120,4,65,3479,81,4707,151,2405
120,4,65,33984,81,45166,151,2737
120,4,65,32422,81,41406,151,3383
120,4,65,31567,81,39404,151,3733
120,4,65,2981,81,35254,151,4448
120,4,65,28955,81,33203,151,4805
120,4,65,27539,81,29834,151,5386
120,4,65,27539,81,29834,151,5386
120,4,65,27539,81,29834,151,5386
120,4,65,27539,81,29834,151,5386
120,4,65,27539,81,29834,151,5386
120,4,65,27539,81,29834,151,5386
120,4,65,27539,81,29834,151,5386
120,4,65,27539,81,29834,151,5386
120,4,65,27539,81,29834,151,5386
120,4,65,27539,81,29834,151,5386
120,4,65,27539,81,29834,151,5386
120,4,65,27539,81,29834,151,5386
120,4,65,27539,81,29834,151,5386
120,4,65,27539,81,29834,151,5386
120,4,65,27539,81,29834,151,5386
120,4,65,27539,81,29834,151,5386
120,4,65,27539,81,29834,151,5386
120,4,65,27539,81,29834,151,5386
120,5,65,27539,81,29834,151,5386
120,5,65,26953,81,27979,151,5745
120,5,65,26367,81,26123,151,61
120,5,65,25122,81,22217,151,6849
120,5,65,24561,81,20459,151,7194
120,5,65,23975,81,18604,151,7546
120,5,65,22754,81,14746,151,8289
120,5,65,21655,81,1123,151,897
120,5,65,21045,81,09375,151,9327
120,5,65,20459,81,0752,151,9685
120,5,65,19238,81,03662,152,0432
120,5,65,18652,81,01758,152,0793
120,5,65,17529,80,98242,152,1473
120,5,65,16895,80,9624,152,1858
120,5,65,15698,80,9248,152,2582
120,5,65,15112,80,90674,152,2935
120,5,65,13965,80,87061,152,3629
120,5,65,13403,80,85205,152,3979
120,5,65,12207,80,81445,152,4706
120,5,65,11621,80,7959,152,5067
120,5,65,104,80,75781,152,5797
120,5,65,09839,80,73975,152,6144
120,5,65,09253,80,72168,152,6494
120,5,65,08032,80,68262,152,7246
120,5,65,0686,80,64551,152,7959
120,5,65,06299,80,62842,152,8293
120,5,65,05151,80,5918,152,8999
120,5,65,04565,80,57373,152,9344
120,5,65,03979,80,55469,152,9708
120,5,65,02759,80,51611,153,0454
120,5,65,02173,80,49805,153,0803
120,5,65,01001,80,46143,153,151
120,5,65,00439,80,44287,153,1862
120,5,64,99292,80,40723,153,2554
120,5,64,98706,80,38867,153,2909
120,5,64,97559,80,35254,153,3601
120,5,64,96973,80,33398,153,3969
120,5,64,95752,80,29492,153,4714
120,5,64,95117,80,2749,153,5098
120,5,64,93921,80,2373,153,5825
120,5,64,93311,80,21875,153,6185
120,5,64,93311,80,21875,153,6185
120,5,64,92773,80,20166,153,6515
120,5,64,91821,80,17139,153,7096
120,5,64,91821,80,17139,153,7096
120,5,64,91821,80,17139,153,7096
120,5,64,91821,80,17139,153,7096
120,5,64,91821,80,17139,153,7096
120,5,64,91821,80,17139,153,7096
120,5,64,91821,80,17139,153,7096
120,5,64,91821,80,17139,153,7096
120,5,64,91821,80,17139,153,7096
120,5,64,91821,80,17139,153,7096
120,5,64,91821,80,17139,153,7096
120,5,64,91821,80,17139,153,7096
120,5,64,91821,80,17139,153,7096
120,5,64,91821,80,17139,153,7096
120,5,64,91821,80,17139,153,7096
120,5,64,91821,80,17139,153,7096
120,5,64,91821,80,17139,153,7096
120,5,64,91821,80,17139,153,7096
120,5,64,91821,80,17139,153,7096
120,5,64,91821,80,17139,153,7096
120,5,64,91821,80,17139,153,7096
120,5,64,91821,80,17139,153,7096
120,5,64,91235,80,15576,153,7461
120,5,64,90674,80,14063,153,7821
120,5,64,90015,80,12354,153,8231
120,5,64,8877,80,09033,153,9016
120,5,64,88184,80,0752,153,937
120,5,64,86987,80,04297,154,0134
120,5,64,86377,80,02734,154,0504
120,5,64,85229,79,99658,154,1229
120,5,64,84619,79,98096,154,1609
120,5,64,83398,79,94824,154,2378
120,5,64,82788,79,93213,154,2761
120,5,64,81543,79,89941,154,3538
120,5,64,80957,79,88379,154,3904
120,5,64,7981,79,85352,154,4625
120,5,64,79224,79,8374,154,4998
120,5,64,78613,79,82129,154,538
120,5,64,77417,79,78955,154,6136
120,5,64,76782,79,77295,154,6532
120,5,64,76245,79,75879,154,6866
120,5,64,76245,79,75879,154,6866
120,5,64,73901,79,69678,154,8335
120,5,64,73267,79,67969,154,8739
120,5,64,72144,79,6499,154,9435
120,5,64,71558,79,63428,154,981
120,5,64,70361,79,60254,155,056
120,5,64,69727,79,58594,155,0955
120,5,64,68506,79,55371,155,1719
120,5,64,6792,79,53809,155,2084
120,5,64,66772,79,50781,155,2798
120,5,64,66187,79,49219,155,3175
120,5,64,65576,79,47607,155,3553
120,5,64,64355,79,44385,155,432
120,5,64,6377,79,42822,155,4685
120,5,64,62622,79,39746,155,5411
120,5,64,62012,79,38135,155,5791
120,5,64,60791,79,34961,155,6552
120,5,64,60181,79,33301,155,6941
120,5,64,59033,79,30273,155,7657
120,5,64,58423,79,28662,155,804
120,5,64,57275,79,25586,155,8767
120,5,64,56592,79,23828,155,9185
120,5,64,55957,79,22119,155,959
120,5,64,55396,79,19482,156,0291
120,5,64,55347,79,18213,156,067
120,5,64,55225,79,15625,156,1447
120,5,64,55151,79,14111,156,1908
120,5,64,55054,79,11523,156,2679
120,5,64,55005,79,10254,156,307
120,5,64,54883,79,07666,156,3848
120,5,64,54834,79,06445,156,422
120,5,64,54736,79,03906,156,4982
120,5,64,54663,79,0249,156,54
120,5,64,54565,78,99951,156,6169
120,5,64,54517,78,9873,156,6542
120,5,64,54468,78,9751,156,6898
120,5,64,54346,78,94775,156,7729
120,5,64,54297,78,93555,156,8098
120,5,64,54175,78,90918,156,8882
120,5,64,54126,78,89551,156,9299
120,5,64,54004,78,86865,157,01
120,5,64,53955,78,85547,157,0502
120,5,64,53955,78,85547,157,0502
120,5,64,53906,78,84326,157,0863
120,5,64,53687,78,79297,157,2382
120,5,64,53638,78,78027,157,2765
120,6,64,5354,78,75439,157,354
120,6,64,53467,78,74072,157,3949
120,6,64,53418,78,72852,157,4316
120,6,64,53296,78,70117,157,5145
120,6,64,53247,78,6875,157,5558
120,6,64,53125,78,66113,157,6345
120,6,64,53076,78,64893,157,6715
120,6,64,52979,78,62305,157,7488
120,6,64,52905,78,60986,157,7894
120,6,64,52808,78,58398,157,8662
120,6,64,52759,78,5708,157,9063
120,6,64,52734,78,56689,157,9183
120,6,64,52368,78,55029,158,0024
120,6,64,52197,78,54248,158,0435
120,6,64,51831,78,52588,158,127
120,6,64,5166,78,51807,158,1675
120,6,64,51318,78,50244,158,2458
120,6,64,51147,78,49463,158,2866
120,6,64,50977,78,48682,158,3256
120,6,64,50586,78,47021,158,4121
120,6,64,50415,78,46191,158,4531
120,6,64,50073,78,44629,158,533
120,6,64,49878,78,43799,158,5763
120,6,64,49536,78,42236,158,655
120,6,64,49365,78,41406,158,6971
120,6,64,49194,78,40625,158,7373
120,6,64,48804,78,38916,158,8237
120,6,64,48633,78,38135,158,8638
120,6,64,48291,78,36621,158,9424
120,6,64,4812,78,3584,158,9827
120,6,64,47778,78,3418,159,0657
120,6,64,47583,78,33301,159,111
120,6,64,47217,78,31689,159,1934
120,6,64,47046,78,30908,159,2336
120,6,64,46875,78,30127,159,2727
120,6,64,46509,78,28467,159,3569
120,6,64,46313,78,27588,159,401
120,6,64,45972,78,26025,159,4816
120,6,64,45776,78,25195,159,5244
120,6,64,45776,78,25195,159,5244
120,6,64,45605,78,24414,159,5642
120,6,64,45605,78,24414,159,5642
120,6,64,45605,78,24414,159,5642
120,6,64,45605,78,24414,159,5642
120,6,64,45605,78,24414,159,5642
120,6,64,45117,78,22217,159,6761
120,6,64,43848,78,16455,159,9703
120,6,64,43457,78,14648,160,0608
120,6,64,43286,78,13867,160,1018
120,6,64,42944,78,12256,160,1832
120,6,64,42749,78,11426,160,2261
120,6,64,42578,78,10645,160,2666
120,6,64,42188,78,08936,160,353
120,6,64,42017,78,08154,160,3934
120,6,64,41699,78,06641,160,4703
120,6,64,41528,78,05859,160,5098
120,6,64,41162,78,04248,160,593
120,6,64,40967,78,03418,160,6349
120,6,64,40649,78,01904,160,7129
120,6,64,40454,78,01074,160,7533
120,6,64,40112,77,99512,160,8333
120,6,64,39941,77,98682,160,876
120,6,64,39771,77,979,160,9158
120,6,64,3938,77,9624,161,0013
120,6,64,39209,77,9541,161,0427
120,6,64,38867,77,93848,161,1237
120,6,64,38672,77,93018,161,1658
120,6,64,3833,77,91455,161,2455
120,6,64,38159,77,90625,161,286
120,6,64,38037,77,90088,161,3143
120,6,64,3811,77,89355,161,4009
120,6,64,38135,77,89014,161,4448
120,6,64,38208,77,8833,161,531
120,6,64,38232,77,87939,161,5735
120,6,64,38281,77,87598,161,6185
120,6,64,38354,77,86865,161,7051
120,6,64,38379,77,86523,161,7485
120,6,64,38428,77,86182,161,7903
120,6,64,38477,77,85449,161,8794
120,6,64,38525,77,85107,161,9226
120,6,64,38599,77,84424,162,0076
120,6,64,38623,77,84033,162,0552
120,6,64,38672,77,83691,162,0969
120,6,64,38721,77,82959,162,1854
120,6,64,3877,77,82568,162,23
120,6,64,38794,77,82227,162,2728
120,6,64,38867,77,81494,162,3645
120,6,64,38867,77,81494,162,3645
120,6,64,38916,77,81104,162,411
120,6,64,39014,77,80127,162,5289
120,6,64,39038,77,79736,162,5764
120,6,64,39087,77,79297,162,6278
120,6,64,3916,77,78516,162,7249
120,6,64,39209,77,78174,162,7693
120,6,64,39233,77,77783,162,814
120,6,64,39282,77,77393,162,8608
120,6,64,39355,77,76611,162,9578
120,6,64,3938,77,76221,163,0049
120,6,64,39429,77,7583,163,052
120,6,64,39453,77,75439,163,0994
120,6,64,39526,77,74658,163,1941
120,6,64,39575,77,74268,163,2412
120,6,64,39624,77,73877,163,2893
120,6,64,39648,77,73486,163,3385
120,6,64,39722,77,72705,163,4351
120,6,64,39771,77,72266,163,4847
120,6,64,39795,77,71924,163,5304
120,6,64,39844,77,71533,163,5779
120,6,64,39917,77,70703,163,677
120,7,64,39966,77,70264,163,7289
120,7,64,3999,77,69922,163,7748
120,7,64,40039,77,69482,163,8262
120,7,64,40088,77,69043,163,8792
120,7,64,40112,77,68652,163,929
120,7,64,4021,77,67773,164,0316
120,7,64,40234,77,67383,164,0819
120,7,64,40283,77,66943,164,1332
120,7,64,40332,77,66504,164,1888
120,7,64,40381,77,66064,164,2435
120,7,64,40405,77,65625,164,2946
120,7,64,40454,77,65234,164,3467
120,7,64,40552,77,64355,164,4524
120,7,64,40576,77,63916,164,5055
120,7,64,40625,77,63477,164,5571
120,7,64,40674,77,63037,164,6113
120,7,64,40698,77,62598,164,6632
120,7,64,40747,77,62158,164,7166
120,7,64,40796,77,61768,164,7689
120,7,64,40845,77,61328,164,8223
120,7,64,40918,77,604,164,9304
120,7,64,40967,77,6001,164,9836
120,7,64,41016,77,59521,165,0376
120,7,64,4104,77,59082,165,0924
120,7,64,41089,77,58691,165,1415
120,7,64,41284,77,58594,165,1965
120,7,64,41455,77,58496,165,249
120,7,64,4165,77,58398,165,3037
120,7,64,41821,77,5835,165,3584
120,7,64,42017,77,58252,165,4137
120,7,64,42212,77,58154,165,4719
120,7,64,42212,77,58154,165,4719
120,7,64,42383,77,58057,165,5232
120,7,64,42822,77,57861,165,6489
120,7,64,43188,77,57666,165,7622
120,7,64,43384,77,57568,165,8164
120,7,64,43555,77,57471,165,869
120,7,64,4375,77,57373,165,9224
120,7,64,43921,77,57324,165,9775
120,7,64,44116,77,57227,166,0316
120,7,64,44312,77,57129,166,0868
120,7,64,44482,77,57031,166,1418
120,7,64,44678,77,56934,166,1958
120,7,64,44873,77,56836,166,2517
120,7,64,45239,77,56641,166,3628
120,7,64,45435,77,56592,166,4185
120,7,64,4563,77,56494,166,4734
120,7,64,45801,77,56396,166,5289
120,7,64,46021,77,56299,166,5879
120,7,64,46191,77,56201,166,6432
120,7,64,46387,77,56104,166,6986
120,7,64,46582,77,56006,166,7548
120,7,64,46777,77,55908,166,8125
120,7,64,46973,77,55811,166,8712
120,7,64,47168,77,55713,166,9292
120,7,64,47363,77,55615,166,9868
120,7,64,47583,77,55518,167,0481
120,7,64,47778,77,5542,167,105
120,7,64,47949,77,55322,167,1597
120,7,64,48169,77,55225,167,2207
120,7,64,48364,77,55127,167,2805
120,7,64,4856,77,55029,167,3385
120,7,64,48755,77,54932,167,3977
120,7,64,4895,77,54834,167,4547
120,7,64,4917,77,54736,167,5151
120,7,64,49365,77,54639,167,5746
120,7,64,49561,77,54541,167,6332
120,7,64,4978,77,54443,167,6932
120,7,64,49976,77,54346,167,751
120,7,64,50171,77,54248,167,8096
120,7,64,50366,77,5415,167,8691
120,7,64,50562,77,54053,167,9302
120,7,64,50781,77,53955,167,9916
120,7,64,50977,77,53857,168,0505
120,7,64,51196,77,5376,168,1129
120,7,64,51392,77,53662,168,1735
120,7,64,51611,77,53564,168,2319
120,7,64,51807,77,53467,168,2921
120,7,64,52002,77,53369,168,3528
120,7,64,52222,77,53271,168,415
120,7,64,52441,77,53125,168,4816
120,7,64,52661,77,53027,168,5443
120,7,64,52881,77,5293,168,6055
120,7,64,53076,77,52832,168,6648
120,7,64,53296,77,52734,168,7289
120,7,64,53516,77,52637,168,7924
120,7,64,53711,77,52539,168,853
120,7,64,53931,77,52393,168,9199
120,7,64,5415,77,52295,168,985
120,7,64,5437,77,52197,169,0486
120,7,64,5437,77,52197,169,0486
120,7,64,5437,77,52197,169,0486
120,7,64,5459,77,521,169,113
120,7,64,54883,77,51953,169,1971
120,7,64,55298,77,521,169,2642
120,7,64,55713,77,52246,169,3274
120,7,64,56128,77,52393,169,3932
120,7,64,56519,77,52539,169,4578
120,7,64,56958,77,52734,169,5237
120,7,64,57373,77,52881,169,5896
120,7,64,57764,77,53027,169,6544
120,7,64,58179,77,53174,169,7198
120,7,64,58179,77,53174,169,7198
120,7,64,58594,77,5332,169,7844
120,7,64,59009,77,53467,169,8512
120,7,64,59448,77,53613,169,9207
120,7,64,59863,77,5376,169,9856
120,7,64,60303,77,53955,170,0537
120,7,64,60718,77,54102,170,1202
120,7,64,61133,77,54248,170,1876
120,7,64,61548,77,54395,170,2538
120,7,64,61548,77,54395,170,2538
120,7,64,61987,77,54541,170,3208
120,7,64,62427,77,54736,170,3904
120,7,64,62891,77,54883,170,4626
120,7,64,63306,77,55029,170,5306
120,7,64,63745,77,55225,170,5999
120,7,64,64185,77,55371,170,6702
120,7,64,64185,77,55371,170,6702
120,7,64,64648,77,55518,170,7407
120,8,64,65063,77,55713,170,8087
120,8,64,65527,77,55859,170,88
120,8,64,65942,77,56006,170,948
120,8,64,66382,77,56152,171,0159
120,8,64,66821,77,56348,171,0868
120,8,64,66821,77,56348,171,0868
120,8,64,67261,77,56494,171,1564
120,8,64,677,77,56641,171,2261
120,8,64,6814,77,56836,171,2959
120,8,64,68604,77,56982,171,3669
120,8,64,69043,77,57129,171,437
120,8,64,69482,77,57324,171,5068
120,8,64,69482,77,57324,171,5068
120,8,64,69922,77,57471,171,5771
120,8,64,70386,77,57666,171,6512
120,8,64,7085,77,57813,171,725
120,8,64,71289,77,57959,171,7946
120,8,64,71289,77,57959,171,7946
120,8,64,71777,77,58154,171,8691
120,8,64,72217,77,58301,171,9401
120,8,64,72681,77,58496,172,0122
120,8,64,7312,77,58643,172,083
120,8,64,7356,77,58789,172,1545
120,8,64,7356,77,58789,172,1545
120,8,64,74023,77,58984,172,2253
120,8,64,74487,77,59131,172,3004
120,8,64,74951,77,59326,172,3718
120,8,64,75391,77,59473,172,4431
120,8,64,7583,77,59619,172,512
120,8,64,76294,77,59814,172,5846
120,8,64,76294,77,59814,172,5846
120,8,64,76733,77,59961,172,6534
120,8,64,77173,77,60156,172,7258
120,8,64,77637,77,60303,172,7969
120,8,64,78101,77,60449,172,8704
120,8,64,7854,77,60645,172,9395
120,8,64,7854,77,60645,172,9395
120,8,64,78979,77,60791,173,0115
120,8,64,79419,77,60938,173,0818
120,8,64,79907,77,61133,173,1569
120,8,64,80347,77,61279,173,2273
120,8,64,80347,77,61279,173,2273
120,8,64,80347,77,61279,173,2273
120,8,64,80811,77,61475,173,2996
120,8,64,81714,77,61816,173,4427
120,8,64,82202,77,61963,173,5194
120,8,64,82642,77,62158,173,5901
120,8,64,82642,77,62158,173,5901
120,8,64,8269,77,62158,173,5977
120,8,64,83447,77,62549,173,6721
120,8,64,84204,77,62939,173,7493
120,8,64,84912,77,63281,173,8202
120,8,64,85669,77,63672,173,8947
120,8,64,85669,77,63672,173,8947
120,8,64,86377,77,64063,173,9648
120,8,64,87109,77,64453,174,0394
120,8,64,87891,77,64844,174,1171
120,8,64,88623,77,65186,174,1892
120,8,64,88623,77,65186,174,1892
120,8,64,89355,77,65576,174,2622
120,8,64,90063,77,65967,174,3334
120,8,64,9082,77,66357,174,41
120,8,64,91553,77,66699,174,4829
120,8,64,91553,77,66699,174,4829
120,8,64,92285,77,6709,174,556
120,8,64,93042,77,6748,174,6317
120,8,64,93799,77,67871,174,7062
120,8,64,94531,77,68262,174,7791
120,8,64,94531,77,68262,174,7791
120,8,64,95264,77,68652,174,8538
120,8,64,95996,77,68994,174,9272
120,8,64,96753,77,69385,175,0029
120,8,64,97485,77,69775,175,0752
120,8,64,97485,77,69775,175,0752
120,8,64,98193,77,70166,175,147
120,8,64,9895,77,70557,175,2224
120,8,64,99707,77,70898,175,2968
120,8,65,00439,77,71289,175,3706
120,8,65,01147,77,7168,175,4412
120,8,65,01147,77,7168,175,4412
120,8,65,0188,77,72021,175,5128
120,8,65,02588,77,72412,175,5848
120,8,65,03345,77,72803,175,6597
120,8,65,04053,77,73145,175,7321
120,8,65,04785,77,73535,175,8037
120,8,65,04785,77,73535,175,8037
120,8,65,05469,77,73877,175,8729
120,8,65,06201,77,74268,175,9456
120,8,65,06934,77,74658,176,0178
120,8,65,0769,77,75,176,0934
120,8,65,0769,77,75,176,0934
120,8,65,08423,77,75391,176,1665
120,8,65,09155,77,75781,176,2397
120,8,65,09863,77,76123,176,3112
120,8,65,10596,77,76514,176,3846
120,8,65,11328,77,76904,176,458
120,8,65,11328,77,76904,176,458
120,8,65,12061,77,77295,176,5303
120,8,65,12769,77,77637,176,6006
120,8,65,13501,77,78027,176,6742
120,8,65,14233,77,78418,176,7471
120,8,65,14917,77,7876,176,8165
120,8,65,14917,77,7876,176,8165
120,8,65,15625,77,79102,176,8878
120,8,65,16357,77,79492,176,9606
120,8,65,1709,77,79883,177,0338
120,8,65,17798,77,80225,177,1033
120,8,65,18506,77,80615,177,1736
120,8,65,18506,77,80615,177,1736
120,8,65,19214,77,80957,177,2446
120,8,65,19922,77,81348,177,3154
120,8,65,20654,77,81689,177,3879
120,8,65,21338,77,8208,177,4579
120,8,65,21338,77,8208,177,4579
120,8,65,22119,77,82471,177,5342
120,8,65,22827,77,82813,177,6056
120,8,65,22827,77,82813,177,6056
120,8,65,23096,77,82959,177,6327
120,8,65,24756,77,83936,177,7786
120,8,65,24756,77,83936,177,7786
120,8,65,25586,77,84375,177,8519
120,8,65,26367,77,84863,177,9229
120,8,65,27222,77,85352,177,9966
120,8,65,28003,77,85791,178,0664
120,8,65,28784,77,86279,178,1367
120,8,65,28784,77,86279,178,1367
120,8,65,29639,77,86768,178,2104
120,8,65,30444,77,87207,178,2822
120,8,65,31274,77,87695,178,3557
120,8,65,32056,77,88135,178,4246
120,8,65,32886,77,88623,178,4974
120,8,65,32886,77,88623,178,4974
120,8,65,33667,77,89111,178,568
120,8,65,34448,77,89551,178,6356
120,8,65,35254,77,90039,178,7085
120,8,65,3606,77,90479,178,7783
120,8,65,3606,77,90479,178,7783
120,8,65,36865,77,90967,178,8505
120,8,65,37744,77,91455,178,9283
120,8,65,38623,77,91943,179,0051
120,8,65,39502,77,9248,179,083
120,8,65,39502,77,9248,179,083
120,8,65,40332,77,92969,179,156
120,8,65,41138,77,93457,179,229
120,8,65,42017,77,93945,179,306
120,8,65,42798,77,94385,179,3756
120,8,65,43579,77,94824,179,444
120,8,65,43579,77,94824,179,444
120,8,65,44409,77,95313,179,5165
120,8,65,4519,77,95801,179,5864
120,8,65,46021,77,9624,179,6589
120,8,65,46802,77,96729,179,729
120,8,65,47583,77,97168,179,7986
120,8,65,47583,77,97168,179,7986
120,8,65,48413,77,97656,179,8706
120,8,65,49219,77,98096,179,9421
120,8,65,5,77,98584,180,0121
120,8,65,50781,77,99023,180,0811
120,8,65,51538,77,99463,180,1475
120,8,65,52319,77,99902,180,2168
120,8,65,52319,77,99902,180,2168
120,8,65,53125,78,00391,180,2877
120,8,65,53931,78,0083,180,3585
120,8,65,54712,78,01318,180,4286
120,8,65,55493,78,01758,180,4968
120,8,65,56299,78,02246,180,5684
120,8,65,5708,78,02686,180,6367
120,8,65,5708,78,02686,180,6367
120,8,65,57837,78,03125,180,7047
120,8,65,58618,78,03564,180,7727
120,8,65,59375,78,04004,180,8416
120,8,65,60181,78,04492,180,9114
120,8,65,60938,78,04932,180,9796
120,8,65,61719,78,05371,181,0469
120,8,65,61719,78,05371,181,0469
120,8,65,62476,78,05811,181,1151
120,8,65,6333,78,06299,181,1895
120,8,65,64111,78,06738,181,2595
120,8,65,64868,78,07178,181,3259
120,8,65,65625,78,07617,181,3929
120,8,65,66406,78,08105,181,4622
120,8,65,67163,78,08545,181,5302
120,8,65,67773,78,08887,181,5833
120,8,65,67773,78,08887,181,5833
120,8,65,67773,78,08887,181,5833
120,8,65,67773,78,08887,181,5833
120,8,65,67773,78,08887,181,5833
120,8,65,67773,78,08887,181,5833
120,8,65,67773,78,08887,181,5833
120,8,65,67773,78,08887,181,5833
120,8,65,67773,78,08887,181,5833
120,8,65,67773,78,08887,181,5833
120,8,65,67773,78,08887,181,5833
120,8,65,67773,78,08887,181,5833
120,8,65,67773,78,08887,181,5833
120,8,65,67773,78,08887,181,5833
120,8,65,67773,78,08887,181,5833
120,8,65,67773,78,08887,181,5833
120,8,65,67773,78,08887,181,5833
120,8,65,67773,78,08887,181,5833
120,8,65,67773,78,08887,181,5833
120,8,65,67773,78,08887,181,5833
120,8,65,67773,78,08887,181,5833
120,8,65,67773,78,08887,181,5833
120,8,65,67773,78,08887,181,5833
120,8,65,67773,78,08887,181,5833
120,8,65,67773,78,08887,181,5833
120,8,65,67773,78,08887,181,5833
120,8,65,67773,78,08887,181,5833
120,8,65,67773,78,08887,181,5833
120,8,65,67773,78,08887,181,5833
120,8,65,67773,78,08887,181,5833
120,8,65,67773,78,08887,181,5833
120,8,65,67773,78,08887,181,5833
120,8,65,67773,78,08887,181,5833
120,8,65,67773,78,08887,181,5833
120,8,65,67773,78,08887,181,5833
120,8,65,67773,78,08887,181,5833
120,8,65,67773,78,08887,181,5833
120,8,65,67773,78,08887,181,5833
120,8,65,67773,78,08887,181,5833
120,8,65,67773,78,08887,181,5833
120,8,65,67773,78,08887,181,5833
120,8,65,67773,78,08887,181,5833
120,8,65,67773,78,08887,181,5833
120,8,65,67773,78,08887,181,5833
120,8,65,67773,78,08887,181,5833
120,8,65,67773,78,08887,181,5833
120,8,65,67773,78,08887,181,5833
120,8,65,67773,78,08887,181,5833
120,8,65,67773,78,08887,181,5833
120,8,65,67773,78,08887,181,5833
120,8,65,67773,78,08887,181,5833
120,8,65,67773,78,08887,181,5833
120,8,65,67773,78,08887,181,5833
120,8,65,67773,78,08887,181,5833
120,8,65,67773,78,08887,181,5833
120,8,65,67773,78,08887,181,5833
120,8,65,67773,78,08887,181,5833
120,8,65,67773,78,08887,181,5833
120,8,65,67773,78,08887,181,5833
120,8,65,67773,78,08887,181,5833
120,8,65,67773,78,08887,181,5833
120,8,65,67773,78,08887,181,5833
120,8,65,67773,78,08887,181,5833
120,8,65,67773,78,08887,181,5833
120,8,65,67773,78,08887,181,5833
120,8,65,67773,78,08887,181,5833
120,8,65,67773,78,08887,181,5833
120,8,65,67773,78,08887,181,5833
120,8,65,67773,78,08887,181,5833
120,8,65,67773,78,08887,181,5833
120,8,65,67773,78,08887,181,5833
120,8,65,67773,78,08887,181,5833
120,8,65,67773,78,08887,181,5833
120,8,65,67773,78,08887,181,5833
120,8,65,67773,78,08887,181,5833
120,8,65,67773,78,08887,181,5833
120,8,65,67773,78,08887,181,5833
120,8,65,67773,78,08887,181,5833
120,8,65,67773,78,08887,181,5833
120,8,65,67773,78,08887,181,5833
120,8,65,67773,78,08887,181,5833
120,8,65,67773,78,08887,181,5833
120,8,65,67773,78,08887,181,5833
120,8,65,67773,78,08887,181,5833
120,8,65,67773,78,08887,181,5833
120,8,65,67773,78,08887,181,5833
120,8,65,67773,78,08887,181,5833
120,8,65,67773,78,08887,181,5833
120,8,65,67773,78,08887,181,5833
120,8,65,67773,78,08887,181,5833
120,8,65,67773,78,08887,181,5833
120,8,65,67773,78,08887,181,5833
120,8,65,67773,78,08887,181,5833
120,8,65,67773,78,08887,181,5833
120,8,65,67773,78,08887,181,5833
120,8,65,67773,78,08887,181,5833
120,8,65,67773,78,08887,181,5833
120,8,65,67773,78,08887,181,5833
120,8,65,67773,78,08887,181,5833
120,8,65,67773,78,08887,181,5833
120,8,65,67773,78,08887,181,5833
120,8,65,67773,78,08887,181,5833
120,8,65,67773,78,08887,181,5833
120,8,65,67773,78,08887,181,5833
120,8,65,67773,78,08887,181,5833
120,8,65,67773,78,08887,181,5833
120,8,65,67773,78,08887,181,5833
120,8,65,67773,78,08887,181,5833
120,8,65,67773,78,08887,181,5833
120,8,65,67773,78,08887,181,5833
120,8,65,67773,78,08887,181,5833
120,8,65,67773,78,08887,181,5833
120,8,65,67773,78,08887,181,5833
120,8,65,67773,78,08887,181,5833
120,8,65,67773,78,08887,181,5833
120,8,65,67773,78,08887,181,5833
120,8,65,67773,78,08887,181,5833
120,8,65,67773,78,08887,181,5833
120,8,65,67773,78,08887,181,5833
120,8,65,67773,78,08887,181,5833
120,8,65,67773,78,08887,181,5833
120,8,65,67773,78,08887,181,5833
120,8,65,67773,78,08887,181,5833
120,8,65,67773,78,08887,181,5833
120,8,65,67773,78,08887,181,5833
120,8,65,67773,78,08887,181,5833
120,8,65,67773,78,08887,181,5833
120,8,65,67773,78,08887,181,5833
120,8,65,67773,78,08887,181,5833
120,8,65,67773,78,08887,181,5833
120,8,65,67773,78,08887,181,5833
120,8,65,67773,78,08887,181,5833
120,8,65,67773,78,08887,181,5833
120,8,65,67773,78,08887,181,5833
120,8,65,67773,78,08887,181,5833
120,8,65,67773,78,08887,181,5833
120,8,65,67773,78,08887,181,5833
120,8,65,67773,78,08887,181,5833
120,8,65,67773,78,08887,181,5833
120,8,65,67773,78,08887,181,5833
120,8,65,67773,78,08887,181,5833
120,8,65,67773,78,08887,181,5833
120,8,65,67773,78,08887,181,5833
120,8,65,67773,78,08887,181,5833
120,8,65,67773,78,08887,181,5833
120,9,65,67773,78,08887,181,5833
120,9,65,67773,78,08887,181,5833
120,9,65,67773,78,08887,181,5833
120,9,65,6897,78,09375,181,6531
120,9,65,70142,78,09912,181,7228
120,9,65,71484,78,10449,181,801
120,9,65,72656,78,10986,181,871
120,9,65,73828,78,11475,181,9399
120,9,65,73828,78,11475,181,9399
120,9,65,73828,78,11475,181,9399
120,9,65,75049,78,11963,182,0105
120,9,65,77441,78,12988,182,1526
120,9,65,78711,78,13525,182,2264
120,9,65,79883,78,14014,182,2952
120,9,65,79883,78,14014,182,2952
120,9,65,81055,78,14551,182,3643
120,9,65,82227,78,15039,182,4331
120,9,65,83521,78,15576,182,5089
120,9,65,84692,78,16064,182,5786
120,9,65,8584,78,16553,182,6454
120,9,65,8584,78,16553,182,6454
120,9,65,86987,78,17041,182,7131
120,9,65,88184,78,17578,182,7837
120,9,65,89429,78,18066,182,8566
120,9,65,90576,78,18555,182,924
120,9,65,91772,78,19092,182,9954
120,9,65,92944,78,1958,183,0635
120,9,65,92944,78,1958,183,0635
120,9,65,94116,78,20068,183,1324
120,9,65,95264,78,20557,183,2004
120,9,65,96484,78,21094,183,2721
120,9,65,97607,78,21582,183,3385
120,9,65,98804,78,2207,183,4082
120,9,65,98804,78,2207,183,4082
120,9,65,99976,78,22559,183,4779
120,9,66,01172,78,23096,183,5477
120,9,66,02344,78,23584,183,6171
120,9,66,03516,78,24072,183,6858
120,9,66,04688,78,24561,183,7546
120,9,66,05859,78,25098,183,823
120,9,66,05859,78,25098,183,823
120,9,66,07056,78,25586,183,8934
120,9,66,08203,78,26074,183,9614
120,9,66,09399,78,26563,184,0319
120,9,66,10571,78,271,184,1
120,9,66,11719,78,27588,184,1682
120,9,66,12842,78,28027,184,2346
120,9,66,13965,78,28516,184,3008
120,9,66,13965,78,28516,184,3008
120,9,66,15112,78,29004,184,368
120,9,66,16333,78,29541,184,4391
120,9,66,1748,78,30029,184,5073
120,9,66,18652,78,30518,184,576
120,9,66,198,78,31006,184,6436
120,9,66,20947,78,31494,184,7113
120,9,66,20947,78,31494,184,7113
120,9,66,21411,78,31689,184,7382
120,9,66,21411,78,31689,184,7382
120,9,66,21411,78,31689,184,7382
120,9,66,21411,78,31689,184,7382
120,9,66,23438,78,32178,184,8049
120,9,66,23438,78,32178,184,8049
120,9,66,25439,78,32666,184,871
120,9,66,27539,78,33154,184,9404
120,9,66,29565,78,33643,185,0078
120,9,66,31543,78,34082,185,0725
120,9,66,33447,78,3457,185,136
120,9,66,35425,78,3501,185,2009
120,9,66,37451,78,35498,185,2676
120,9,66,3938,78,35986,185,3315
120,9,66,3938,78,35986,185,3315
120,9,66,4126,78,36426,185,3939
120,9,66,43237,78,36865,185,4592
120,9,66,45215,78,37354,185,5242
120,9,66,4707,78,37793,185,5856
120,9,66,49023,78,38281,185,6498
120,9,66,5083,78,38672,185,7097
120,9,66,52734,78,3916,185,7728
120,9,66,54614,78,396,185,835
120,9,66,54614,78,396,185,835
120,9,66,56421,78,40039,185,8948
120,9,66,56421,78,40039,185,8948
120,9,66,60376,78,40967,186,0247
120,9,66,6228,78,41406,186,0874
120,9,66,64209,78,41895,186,1511
120,9,66,66064,78,42334,186,2128
120,9,66,68042,78,42773,186,2783
120,9,66,69824,78,43213,186,337
120,9,66,71631,78,43652,186,3969
120,9,66,73462,78,44092,186,4573
120,9,66,75317,78,44531,186,5181
120,9,66,771,78,44922,186,5769
120,9,66,78906,78,45361,186,6372
120,9,66,80737,78,45801,186,6978
120,9,66,82495,78,4624,186,7555
120,9,66,84351,78,4668,186,8165
120,9,66,86157,78,47119,186,8765
120,9,66,87988,78,4751,186,9369
120,9,66,87988,78,4751,186,9369
120,9,66,89771,78,47949,186,9957
120,9,66,91626,78,48389,187,0568
120,9,66,93433,78,48828,187,1167
120,9,66,95239,78,49268,187,1763
120,9,66,97046,78,49707,187,2357
120,9,66,98853,78,50098,187,2955
120,9,67,0061,78,50537,187,3538
120,9,67,02319,78,50928,187,4102
120,9,67,04077,78,51367,187,468
120,9,67,05786,78,51758,187,5244
120,9,67,07544,78,52197,187,5825
120,9,67,09302,78,52588,187,641
120,9,67,1106,78,53027,187,6989
120,9,67,12817,78,53418,187,7571
120,9,67,14526,78,53857,187,8136
120,9,67,16235,78,54248,187,8696
120,9,67,17993,78,54688,187,9276
120,9,67,198,78,55078,187,9878
120,9,67,21533,78,55518,188,0446
120,9,67,23267,78,55908,188,1021
120,9,67,24951,78,56348,188,1576
120,9,67,26831,78,56787,188,2194
120,10,67,2854,78,57178,188,2765
120,10,67,30176,78,57568,188,3301
120,10,67,32715,78,57959,188,3823
120,10,67,35303,78,58398,188,4355
120,10,67,37891,78,58789,188,4888
120,10,67,4043,78,5918,188,5414
120,10,67,4292,78,5957,188,5925
120,10,67,45508,78,6001,188,6459
120,10,67,50488,78,60791,188,7483
120,10,67,53003,78,61182,188,8004
120,10,67,55396,78,61523,188,8494
120,10,67,57788,78,61914,188,8986
120,10,67,60229,78,62305,188,9492
120,10,67,62598,78,62695,188,9978
120,10,67,65063,78,63086,189,0488
120,10,67,67456,78,63428,189,0978
120,10,67,69873,78,63818,189,1477
120,10,67,72339,78,64209,189,1986
120,10,67,74658,78,646,189,2466
120,10,67,77148,78,6499,189,2977
120,10,67,77148,78,6499,189,2977
120,10,67,7959,78,65381,189,3478
120,10,67,85132,78,6626,189,4622
120,10,67,87549,78,66602,189,5116
120,10,67,92334,78,67383,189,6104
120,10,67,94727,78,67773,189,6599
120,10,67,97095,78,68115,189,7083
120,10,67,99463,78,68506,189,7571
120,10,68,01855,78,68896,189,8068
120,10,68,04199,78,69238,189,8547
120,10,68,0647,78,69629,189,9016
120,10,68,08862,78,69971,189,9507
120,10,68,11133,78,70361,189,9976
120,10,68,13599,78,70752,190,0486
120,10,68,18384,78,71484,190,1471
120,10,68,20825,78,71875,190,1974
120,10,68,22925,78,72217,190,2407
120,10,68,25562,78,72607,190,295
120,10,68,2793,78,72998,190,3435
120,10,68,30298,78,7334,190,3921
120,10,68,32666,78,7373,190,4414
120,10,68,34863,78,74072,190,4866
120,10,68,3938,78,74805,190,5795
120,10,68,41577,78,75146,190,6248
120,10,68,4397,78,75537,190,674
120,10,68,4624,78,75879,190,7207
120,10,68,48535,78,76221,190,7682
120,10,68,5083,78,76611,190,8153
120,10,68,55298,78,77295,190,9073
120,10,68,56763,78,77539,190,9375
120,10,68,56763,78,77539,190,9375
120,10,68,56763,78,77539,190,9375
120,10,68,56763,78,77539,190,9375
120,10,68,56763,78,77539,190,9375
120,10,68,56763,78,77539,190,9375
120,10,68,56763,78,77539,190,9375
120,10,68,56763,78,77539,190,9375
120,10,68,56763,78,77539,190,9375
120,10,68,56763,78,77539,190,9375
120,10,68,56763,78,77539,190,9375
120,10,68,56763,78,77539,190,9375
120,10,68,56763,78,77539,190,9375
120,10,68,56763,78,77539,190,9375
120,10,68,56763,78,77539,190,9375
120,10,68,56763,78,77539,190,9375
120,10,68,56763,78,77539,190,9375
120,10,68,56763,78,77539,190,9375
120,10,68,6001,78,78027,190,9751
120,10,68,63062,78,78467,191,0104
120,10,68,66846,78,79053,191,0543
120,10,68,70117,78,79541,191,092
120,10,68,73438,78,80029,191,1306
120,10,68,80298,78,81055,191,2098
120,10,68,80298,78,81055,191,2098
120,10,68,83521,78,81543,191,2473
120,10,68,91309,78,82715,191,3375
120,10,68,91309,78,82715,191,3375
120,10,68,91309,78,82715,191,3375
120,10,68,91309,78,82715,191,3375
120,10,68,91309,78,82715,191,3375
120,10,68,94507,78,83203,191,3745
120,10,69,14038,78,86084,191,6006
120,10,69,17822,78,8667,191,6445
120,10,69,20825,78,87109,191,6791
120,10,69,26953,78,88037,191,75
120,10,69,29858,78,88477,191,7839
120,10,69,32813,78,88916,191,818
120,10,69,39209,78,89844,191,8921
120,10,69,42236,78,90332,191,9271
120,10,69,45215,78,90771,191,9614
120,10,69,48242,78,91211,191,9967
120,10,69,54272,78,9209,192,0664
120,10,69,57617,78,92627,192,1051
120,10,69,60474,78,93018,192,1383
120,10,69,66577,78,93945,192,209
120,10,69,69434,78,94385,192,2421
120,10,69,72437,78,94824,192,2767
120,10,69,78467,78,95703,192,3464
120,10,69,81299,78,96143,192,3793
120,10,69,8418,78,96582,192,4126
120,10,69,89868,78,97412,192,4785
120,10,69,92676,78,97852,192,511
120,10,69,95337,78,98242,192,5417
120,10,70,01196,78,99121,192,6097
120,10,70,04102,78,99561,192,6432
120,10,70,09717,79,00391,192,7085
120,10,70,12598,79,0083,192,7417
120,10,70,15503,79,0127,192,7753
120,10,70,21069,79,021,192,8396
120,10,70,24121,79,02539,192,875
120,10,70,26855,79,0293,192,9066
120,10,70,32813,79,03857,192,9758
120,10,70,35913,79,04297,193,0116
120,10,70,38647,79,04736,193,0433
120,10,70,44482,79,05566,193,111
120,10,70,47241,79,06006,193,1428
120,10,70,49951,79,06396,193,1741
120,10,70,53979,79,07031,193,2114
120,10,70,57129,79,0752,193,2396
120,10,70,63574,79,08545,193,2968
120,10,70,67139,79,09082,193,3285
120,11,70,70166,79,0957,193,3555
120,11,70,76733,79,10596,193,4138
120,11,70,80054,79,11084,193,4432
120,11,70,80054,79,11084,193,4432
120,11,70,8313,79,11572,193,4707
120,11,70,94897,79,13428,193,5753
120,11,70,98291,79,13965,193,6055
120,11,71,01392,79,14453,193,6331
120,11,71,0481,79,14941,193,6633
120,11,71,11792,79,16064,193,7256
120,11,71,15161,79,16602,193,7554
120,11,71,18457,79,1709,193,7847
120,11,71,2522,79,18164,193,8448
120,11,71,28467,79,18652,193,8738
120,11,71,34668,79,19629,193,9287
120,11,71,37744,79,20117,193,9562
120,11,71,44165,79,21094,194,0133
120,11,71,47314,79,21582,194,0411
120,11,71,50513,79,22119,194,0696
120,11,71,56909,79,23096,194,1265
120,11,71,60107,79,23584,194,1548
120,11,71,66406,79,24561,194,2111
120,11,71,6958,79,25098,194,2391
120,11,71,72632,79,25537,194,2664
120,11,71,79028,79,26563,194,3231
120,11,71,82178,79,27051,194,3511
120,11,71,88574,79,28027,194,408
120,11,71,91699,79,28516,194,4358
120,11,71,94751,79,29004,194,4629
120,11,72,00977,79,2998,194,5182
120,11,72,04272,79,30469,194,5475
120,11,72,10742,79,31494,194,6052
120,11,72,13989,79,32031,194,634
120,11,72,17236,79,3252,194,6627
120,11,72,23975,79,33545,194,7227
120,11,72,24463,79,33643,194,7271
120,11,72,27881,79,3418,194,7501
120,11,72,35156,79,35254,194,7991
120,11,72,38721,79,3584,194,8232
120,11,72,45679,79,36865,194,8702
120,11,72,49146,79,37402,194,8936
120,11,72,52368,79,37891,194,9153
120,11,72,59741,79,39014,194,965
120,11,72,63403,79,396,194,9899
120,11,72,70288,79,40625,195,0361
120,11,72,73853,79,41162,195,0603
120,11,72,771,79,4165,195,082
120,11,72,80713,79,42236,195,1064
120,11,72,84277,79,42773,195,1306
120,11,72,93701,79,44189,195,1942
120,11,72,97363,79,44775,195,2189
120,11,73,04468,79,4585,195,2668
120,11,73,08057,79,46387,195,291
120,11,73,1499,79,47461,195,3378
120,11,73,18726,79,48047,195,363
120,11,73,22095,79,48535,195,3856
120,11,73,29492,79,49658,195,4355
120,11,73,33081,79,50195,195,4597
120,11,73,36328,79,50684,195,4817
120,11,73,43481,79,51807,195,5299
120,11,73,4707,79,52344,195,5542
120,11,73,54077,79,53418,195,6014
120,11,73,57568,79,53955,195,625
120,11,73,61255,79,54492,195,6499
120,11,73,68555,79,55615,195,6991
120,11,73,72046,79,56152,195,7227
120,11,73,7915,79,57227,195,7705
120,11,73,82788,79,57813,195,7952
120,11,73,86133,79,58301,195,8177
120,11,73,93066,79,59375,195,8645
120,11,73,96606,79,59912,195,8883
120,11,74,03613,79,60986,195,9357
120,11,74,07178,79,61523,195,9596
120,11,74,10718,79,62061,195,9836
120,11,74,17993,79,63184,196,0327
120,11,74,21436,79,63672,196,0559
120,11,74,28516,79,64746,196,1036
120,11,74,32031,79,65283,196,1273
120,11,74,32861,79,6543,196,1329
120,11,74,4043,79,66553,196,1708
120,11,74,44189,79,6709,196,1896
120,11,74,51758,79,68213,196,2273
120,11,74,55762,79,68799,196,2473
120,11,74,59741,79,69385,196,2672
120,11,74,6748,79,70508,196,3059
120,11,74,71362,79,71094,196,3253
120,11,74,78687,79,72168,196,3618
120,11,74,8252,79,72754,196,381
120,11,74,86157,79,73291,196,3992
120,11,74,94043,79,74414,196,4386
120,11,74,97729,79,75,196,457
120,11,75,01587,79,75537,196,4762
120,11,75,01587,79,75537,196,4762
120,11,75,15796,79,77637,196,5472
120,11,75,19653,79,78223,196,5665
120,11,75,23413,79,7876,196,5852
120,11,75,31323,79,79932,196,6248
120,11,75,35181,79,80518,196,6442
120,11,75,39185,79,81104,196,6641
120,11,75,47168,79,82275,196,7039
120,11,75,50903,79,82813,196,7227
120,11,75,5459,79,8335,196,741
120,11,75,62476,79,84521,196,7805
120,11,75,66357,79,85107,196,7998
120,11,75,73755,79,86182,196,8367
120,11,75,77441,79,86719,196,8552
120,11,75,80957,79,87256,196,8728
120,11,75,89063,79,88428,196,9133
120,11,75,93042,79,89014,196,9331
120,11,76,00562,79,90137,196,9707
120,11,76,04443,79,90674,196,9901
120,11,76,08008,79,91211,197,0078
120,11,76,15747,79,92334,197,0465
120,11,76,19727,79,9292,197,0664
120,11,76,27271,79,94043,197,1041
120,11,76,3103,79,94629,197,1229
120,11,76,34985,79,95166,197,1426
120,11,76,43018,79,96387,197,1829
120,11,76,46729,79,96924,197,2013
120,11,76,54248,79,98047,197,2389
120,11,76,5813,79,98584,197,2583
120,11,76,61694,79,99121,197,276
120,11,76,69604,80,00293,197,3156
120,11,76,73584,80,00879,197,3354
120,11,76,77295,80,01416,197,354
120,11,76,84912,80,02539,197,3921
120,11,76,88892,80,03076,197,4111
120,11,76,96753,80,04199,197,4485
120,11,77,0061,80,04736,197,4668
120,11,77,04175,80,05225,197,4839
120,11,77,12036,80,06299,197,5212
120,12,77,15723,80,06836,197,5389
120,12,77,23462,80,0791,197,5758
120,12,77,27417,80,08447,197,5947
120,12,77,31006,80,08984,197,6118
120,12,77,3877,80,10059,197,6487
120,12,77,3877,80,10059,197,6487
120,12,77,42871,80,10645,197,6683
120,12,77,52856,80,12012,197,7159
120,12,77,60791,80,13135,197,7538
120,12,77,64551,80,13672,197,7716
120,12,77,68481,80,14209,197,7903
120,12,77,76221,80,15283,197,8273
120,12,77,80249,80,1582,197,8464
120,12,77,87646,80,16895,197,8817
120,12,77,91553,80,17432,197,9003
120,12,77,9895,80,18457,197,9355
120,12,78,02808,80,18994,197,954
120,12,78,06714,80,19531,197,9725
120,12,78,14111,80,20557,198,0078
120,12,78,17749,80,21094,198,0251
120,12,78,24756,80,2207,198,0585
120,12,78,28223,80,2251,198,0751
120,12,78,35669,80,23584,198,1105
120,12,78,39233,80,24072,198,1276
120,12,78,46216,80,25049,198,1609
120,12,78,49829,80,25537,198,1781
120,12,78,56909,80,26514,198,2118
120,12,78,60742,80,27051,198,23
120,12,78,67725,80,28027,198,2633
120,12,78,71362,80,28564,198,2806
120,12,78,78418,80,29541,198,3143
120,12,78,82056,80,30029,198,3317
120,12,78,89404,80,31055,198,3666
120,12,78,92944,80,31543,198,3835
120,12,79,80,32568,198,4171
120,12,79,03784,80,33057,198,4352
120,12,79,1106,80,34082,198,4697
120,12,79,14575,80,3457,198,4866
120,12,79,21338,80,35498,198,5188
120,12,79,25024,80,36035,198,5364
120,12,79,32251,80,37061,198,5708
120,12,79,3562,80,375,198,5869
120,12,79,42749,80,38525,198,6208
120,12,79,46265,80,39014,198,6376
120,12,79,53735,80,40039,198,6732
120,12,79,5769,80,40576,198,692
120,12,79,646,80,41553,198,725
120,12,79,646,80,41553,198,725
120,12,79,68384,80,4209,198,743
120,12,79,76489,80,43213,198,7816
120,12,79,83911,80,44238,198,8146
120,12,79,87573,80,44727,198,8308
120,12,79,948,80,45703,198,8629
120,12,80,01929,80,4668,198,8948
120,12,80,05396,80,47119,198,9102
120,12,80,12451,80,48096,198,9415
120,12,80,1604,80,48584,198,9574
120,12,80,23389,80,49561,198,99
120,12,80,27197,80,50098,199,007
120,12,80,34106,80,51025,199,0377
120,12,80,37939,80,51514,199,0547
120,12,80,45166,80,5249,199,0869
120,12,80,48926,80,53027,199,1035
120,12,80,55713,80,53955,199,1338
120,12,80,59497,80,54443,199,1506
120,12,80,66699,80,5542,199,1825
120,12,80,7019,80,55908,199,1981
120,12,80,77393,80,56885,199,2302
120,12,80,81201,80,57373,199,2471
120,12,80,88745,80,58398,199,2805
120,12,80,92578,80,58936,199,2976
120,12,80,99561,80,59863,199,3286
120,12,81,03271,80,60352,199,3452
120,12,81,104,80,61328,199,3768
120,12,81,13989,80,61816,199,3928
120,12,81,21045,80,62793,199,4242
120,12,81,24609,80,63281,199,4399
120,12,81,32031,80,64258,199,4729
120,12,81,36084,80,64795,199,491
120,12,81,39453,80,65283,199,506
120,12,81,47192,80,66309,199,5403
120,12,81,50806,80,66797,199,5564
120,12,81,58081,80,67773,199,5887
120,12,81,61719,80,68262,199,605
120,12,81,68872,80,69238,199,6367
120,12,81,72437,80,69727,199,6526
120,12,81,79688,80,70703,199,6848
120,12,81,83594,80,7124,199,7021
120,12,81,86792,80,7168,199,7163
120,12,81,86792,80,7168,199,7163
120,12,82,01514,80,73682,199,7817
120,12,82,05127,80,7417,199,7979
120,12,82,12476,80,75146,199,8306
120,12,82,19312,80,76074,199,8608
120,12,82,22998,80,76563,199,8773
120,12,82,29932,80,7749,199,9082
120,12,82,33423,80,77979,199,9236
120,12,82,4082,80,79004,199,9565
120,12,82,44263,80,79443,199,9718
120,12,82,51123,80,80371,200,0023
120,12,82,55005,80,80908,200,0195
120,12,82,62085,80,81885,200,051
120,12,82,6582,80,82373,200,0676
120,12,82,729,80,8335,200,0991
120,12,82,7644,80,83789,200,1149
120,12,82,83521,80,84766,200,1462
120,12,82,87134,80,85254,200,1624
120,12,82,94189,80,8623,200,1937
120,12,82,97778,80,8667,200,2096
120,12,83,04883,80,87646,200,2412
120,12,83,11841,80,88574,200,2721
120,12,83,15332,80,89063,200,2877
120,12,83,22485,80,90039,200,3196
120,12,83,26123,80,90527,200,3357
120,12,83,33057,80,91455,200,3665
120,12,83,36694,80,91943,200,3827
120,12,83,43823,80,9292,200,4143
120,12,83,47632,80,93457,200,4313
120,12,83,54297,80,94336,200,4609
120,12,83,5791,80,94824,200,4769
120,12,83,64917,80,95801,200,5082
120,12,83,68408,80,9624,200,5237
120,12,83,75537,80,97217,200,5553
120,12,83,82861,80,98242,200,576
120,12,83,86597,80,98779,200,5867
120,12,83,93701,80,99756,200,6067
120,13,83,97363,81,00293,200,6172
120,13,84,05322,81,01367,200,6396
120,13,84,09058,81,01904,200,6503
120,13,84,09058,81,01904,200,6503
120,13,84,12769,81,02441,200,6608
120,13,84,27686,81,04492,200,7031
120,13,84,31299,81,05029,200,7133
120,13,84,38452,81,06006,200,7336
120,13,84,4585,81,0708,200,7545
120,13,84,49609,81,07568,200,7651
120,13,84,56689,81,08594,200,7852
120,13,84,60522,81,09131,200,7961
120,13,84,6792,81,10156,200,817
120,13,84,71582,81,10645,200,8274
120,13,84,78857,81,1167,200,848
120,13,84,82544,81,12207,200,8584
120,13,84,90015,81,13232,200,8796
120,13,84,97192,81,14258,200,9
120,13,85,0105,81,14795,200,9109
120,13,85,08789,81,15869,200,9329
120,13,85,12427,81,16357,200,9432
120,13,85,19824,81,17432,200,9641
120,13,85,23511,81,1792,200,9746
120,13,85,30933,81,18945,200,9956
120,13,85,3479,81,19531,201,0066
120,13,85,41968,81,20508,201,0269
120,13,85,45898,81,21045,201,038
120,13,85,53442,81,22119,201,0594
120,13,85,5708,81,22607,201,0697
120,13,85,646,81,23682,201,0909
120,13,85,71631,81,24658,201,1108
120,13,85,75537,81,25195,201,1221
120,13,85,83057,81,2627,201,1433
120,13,85,86646,81,26758,201,1534
120,13,85,9397,81,27783,201,1742
120,13,85,97583,81,2832,201,1844
120,13,86,05103,81,29346,201,2058
120,13,86,08618,81,29834,201,2157
120,13,86,16016,81,30859,201,2367
120,13,86,23438,81,31934,201,2577
120,13,86,271,81,32422,201,2681
120,13,86,34448,81,33447,201,2888
120,13,86,37988,81,33936,201,299
120,13,86,37988,81,33936,201,299
120,13,86,41968,81,34521,201,3102
120,13,86,56885,81,36621,201,3525
120,13,86,60693,81,37158,201,3633
120,13,86,67847,81,38135,201,3835
120,13,86,71606,81,38672,201,3942
120,13,86,78857,81,39697,201,4147
120,13,86,85913,81,40674,201,4347
120,13,86,89648,81,41162,201,4453
120,13,86,9707,81,42236,201,4663
120,13,87,0061,81,42725,201,4763
120,13,87,07861,81,4375,201,4969
120,13,87,1145,81,44238,201,5071
120,13,87,18896,81,45264,201,5282
120,13,87,25806,81,4624,201,5477
120,13,87,29541,81,46777,201,5583
120,13,87,33423,81,47314,201,5693
120,13,87,37085,81,47754,201,5775
120,13,87,44385,81,48682,201,5938
120,13,87,51733,81,49561,201,6101
120,13,87,55444,81,5,201,6183
120,13,87,62744,81,50928,201,6345
120,13,87,66455,81,51367,201,6428
120,13,87,73755,81,52295,201,6591
120,13,87,77954,81,52783,201,6685
120,13,87,85034,81,53662,201,6842
120,13,87,92285,81,54541,201,7003
120,13,87,95923,81,5498,201,7084
120,13,88,03149,81,55908,201,7245
120,13,88,06934,81,56348,201,7328
120,13,88,14429,81,57275,201,7495
120,13,88,21533,81,58154,201,7654
120,13,88,25122,81,58594,201,7733
120,13,88,32495,81,59521,201,7897
120,13,88,36255,81,59961,201,7981
120,13,88,43433,81,6084,201,814
120,13,88,47266,81,61328,201,8225
120,13,88,54346,81,62207,201,8384
120,13,88,61377,81,63037,201,854
120,13,88,61377,81,63037,201,854
120,13,88,65381,81,63574,201,8629
120,13,88,79688,81,65332,201,8948
120,13,88,83252,81,65771,201,9026
120,13,88,90332,81,66602,201,9183
120,13,88,94043,81,6709,201,9266
120,13,89,01294,81,67969,201,9427
120,13,89,08594,81,68848,201,959
120,13,89,1228,81,69336,201,9672
120,13,89,19678,81,70215,201,9836
120,13,89,23486,81,70703,201,9922
120,13,89,3064,81,71582,202,0081
120,13,89,37915,81,72461,202,0242
120,13,89,41479,81,729,202,0322
120,13,89,48511,81,73779,202,0477
120,13,89,52197,81,74219,202,0559
120,13,89,59351,81,75098,202,0719
120,13,89,66626,81,76025,202,0881
120,13,89,70068,81,76416,202,0957
120,13,89,77319,81,77344,202,1119
120,13,89,8147,81,77832,202,1211
120,13,89,8916,81,78809,202,1382
120,13,89,92896,81,79248,202,1465
120,13,89,9978,81,80078,202,1619
120,13,90,07007,81,81006,202,178
120,13,90,11157,81,81494,202,1871
120,13,90,18042,81,82324,202,2024
120,13,90,2168,81,82813,202,2106
120,13,90,28931,81,83691,202,2267
120,13,90,35791,81,84521,202,2419
120,13,90,39429,81,84961,202,25
120,13,90,46606,81,8584,202,266
120,13,90,53687,81,86719,202,2817
120,13,90,57275,81,87158,202,2898
120,13,90,64331,81,88037,202,3054
120,13,90,71313,81,88916,202,3209
120,13,90,74854,81,89355,202,3289
120,13,90,81909,81,90186,202,3445
120,13,90,85327,81,90625,202,3522
120,13,90,85327,81,90625,202,3522
120,13,91,00073,81,92432,202,385
120,13,91,03833,81,9292,202,3933
120,13,91,11084,81,93799,202,4094
120,13,91,18042,81,94629,202,4249
120,13,91,21558,81,95068,202,4327
120,13,91,28296,81,95898,202,4478
120,13,91,35254,81,96777,202,4631
120,14,91,38867,81,97217,202,4712
120,14,91,45728,81,98047,202,4866
120,14,91,52759,81,98926,202,5021
120,14,91,56616,81,99414,202,5107
120,14,91,63599,82,00244,202,5262
120,14,91,67261,82,00684,202,5344
120,14,91,7417,82,01563,202,5498
120,14,91,81201,82,02441,202,5654
120,14,91,84839,82,02881,202,5735
120,14,91,91846,82,03711,202,5891
120,14,91,97241,82,04395,202,6011
120,14,92,00806,82,04736,202,6094
120,14,92,07739,82,05371,202,6255
120,14,92,14893,82,06055,202,6421
120,14,92,18311,82,06348,202,65
120,14,92,25195,82,07031,202,6661
120,14,92,32056,82,07666,202,682
120,14,92,35474,82,07959,202,6899
120,14,92,42505,82,08643,202,7063
120,14,92,4917,82,09229,202,7218
120,14,92,56177,82,09912,202,7382
120,14,92,59668,82,10254,202,7462
120,14,92,66675,82,10889,202,7626
120,14,92,73584,82,11523,202,7787
120,14,92,77173,82,11865,202,787
120,14,92,84204,82,12549,202,8033
120,14,92,90796,82,13135,202,8187
120,14,92,94531,82,13477,202,8274
120,14,93,01611,82,1416,202,8439
120,14,93,01611,82,1416,202,8439
120,14,93,05151,82,14502,202,8521
120,14,93,19238,82,1582,202,8849
120,14,93,22754,82,16113,202,8931
120,14,93,29834,82,16797,202,9094
120,14,93,36792,82,17432,202,9257
120,14,93,40381,82,17773,202,934
120,14,93,47119,82,18408,202,9497
120,14,93,54224,82,19092,202,9662
120,14,93,57666,82,19385,202,9742
120,14,93,65039,82,20117,202,9913
120,14,93,72021,82,20752,203,0076
120,14,93,75513,82,21094,203,0157
120,14,93,82544,82,21729,203,0321
120,14,93,89502,82,22363,203,0482
120,14,93,93042,82,22705,203,0565
120,14,93,99805,82,2334,203,0721
120,14,94,07031,82,24023,203,089
120,14,94,10718,82,24365,203,0977
120,14,94,17407,82,25,203,1132
120,14,94,24487,82,25635,203,1296
120,14,94,28003,82,25977,203,1378
120,14,94,3479,82,26611,203,1536
120,14,94,41772,82,27295,203,1698
120,14,94,45337,82,27588,203,1781
120,14,94,52563,82,28271,203,1949
120,14,94,59595,82,28955,203,2113
120,14,94,62988,82,29248,203,2191
120,14,94,70166,82,29932,203,2358
120,14,94,77075,82,30566,203,252
120,14,94,80664,82,30908,203,2603
120,14,94,87793,82,31592,203,2769
120,14,94,94751,82,32227,203,2931
120,14,94,98193,82,32568,203,301
120,14,95,05005,82,33203,203,3169
120,14,95,08911,82,33545,203,3259
120,14,95,16284,82,34229,203,3431
120,14,95,177,82,34375,203,3464
120,14,95,177,82,34375,203,3464
120,14,95,30859,82,34766,203,3998
120,14,95,37622,82,34961,203,4272
120,14,95,41235,82,35059,203,4419
120,14,95,48633,82,35303,203,4719
120,14,95,52271,82,354,203,4867
120,14,95,5957,82,35645,203,5164
120,14,95,63159,82,35742,203,5309
120,14,95,70923,82,35986,203,5624
120,14,95,74634,82,36084,203,5774
120,14,95,78296,82,36182,203,5923
120,14,95,87573,82,36475,203,6299
120,14,95,91675,82,36572,203,6465
120,14,95,98291,82,36768,203,6733
120,14,96,01782,82,36865,203,6876
120,14,96,08765,82,37109,203,7159
120,14,96,15576,82,37305,203,7435
120,14,96,18921,82,37402,203,7571
120,14,96,2561,82,37598,203,7843
120,14,96,3252,82,37793,203,8123
120,14,96,36182,82,37891,203,8271
120,14,96,42993,82,38135,203,8547
120,14,96,46606,82,38232,203,8695
120,14,96,53394,82,38428,203,897
120,14,96,59888,82,38623,203,9233
120,14,96,63452,82,38721,203,9377
120,14,96,70093,82,38916,203,9647
120,14,96,7688,82,39111,203,9923
120,14,96,80371,82,39209,204,0065
120,14,96,86963,82,39404,204,0332
120,14,96,90625,82,39551,204,048
120,14,96,97729,82,39746,204,0769
120,14,97,04175,82,39941,204,103
120,14,97,07764,82,40039,204,1176
120,14,97,14673,82,40234,204,1456
120,14,97,21362,82,4043,204,1727
120,14,97,25049,82,40576,204,1877
120,14,97,31665,82,40771,204,2146
120,14,97,34961,82,40869,204,2279
120,14,97,34961,82,40869,204,2279
120,14,97,34961,82,40869,204,2279
120,14,97,34961,82,40869,204,2279
120,14,97,34961,82,40869,204,2279
120,14,97,3833,82,40967,204,2416
120,14,97,7019,82,41895,204,3708
120,14,97,73926,82,42041,204,386
120,14,97,81177,82,42236,204,4154
120,14,97,87842,82,42432,204,4424
120,14,97,91553,82,42529,204,4575
120,14,97,98242,82,42725,204,4847
120,14,98,01733,82,42871,204,4988
120,14,98,08667,82,43066,204,527
120,14,98,15674,82,43262,204,5553
120,15,98,18872,82,43359,204,5684
120,15,98,24561,82,43018,204,6174
120,15,98,27441,82,42871,204,6422
120,15,98,32935,82,42529,204,6896
120,15,98,36035,82,42334,204,7162
120,15,98,41846,82,41992,204,7664
120,15,98,47485,82,4165,204,8148
120,15,98,50537,82,41504,204,8412
120,15,98,56299,82,41162,204,8907
120,15,98,59326,82,40967,204,9169
120,15,98,65161,82,40625,204,9672
120,15,98,68164,82,4043,204,9929
120,15,98,74072,82,40088,205,0439
120,15,98,77124,82,39893,205,0703
120,15,98,82983,82,39551,205,1207
120,15,98,86255,82,39355,205,1489
120,15,98,92432,82,39014,205,2021
120,15,98,95337,82,38818,205,2271
120,15,99,01025,82,38477,205,2761
120,15,99,03979,82,3833,205,3016
120,15,99,09961,82,37939,205,3531
120,15,99,15845,82,37598,205,4038
120,15,99,19019,82,37402,205,4313
120,15,99,24902,82,37061,205,4819
120,15,99,27881,82,36914,205,5076
120,15,99,33813,82,36572,205,5587
120,15,99,36987,82,36377,205,5859
120,15,99,43042,82,35986,205,6382
120,15,99,46191,82,35791,205,6654
120,15,99,46191,82,35791,205,6654
120,15,99,48975,82,35645,205,6893
120,15,99,60962,82,34961,205,7927
120,15,99,64038,82,34766,205,8192
120,15,99,70093,82,34375,205,8713
120,15,99,73193,82,34229,205,8981
120,15,99,7915,82,33887,205,9493
120,15,99,82202,82,33691,205,9757
120,15,99,88208,82,33301,206,0275
120,15,99,91162,82,33154,206,053
120,15,99,95215,82,3291,206,0878
120,15,99,98218,82,32568,206,1165
120,15,100,0107,82,32275,206,1437
120,15,100,0715,82,31641,206,2017
120,15,100,1013,82,31348,206,23
120,15,100,1587,82,30713,206,2848
120,15,100,189,82,3042,206,3135
120,15,100,2505,82,29736,206,3723
120,15,100,2803,82,29443,206,4006
120,15,100,3384,82,28809,206,4561
120,15,100,3684,82,28516,206,4847
120,15,100,4277,82,27881,206,5413
120,15,100,4595,82,27539,206,5714
120,15,100,489,82,27197,206,5997
120,15,100,5513,82,26563,206,6589
120,15,100,5803,82,2627,206,6866
120,15,100,6392,82,25635,206,7428
120,15,100,6692,82,25293,206,7715
120,15,100,7285,82,24658,206,8281
120,15,100,7593,82,24365,206,8573
120,15,100,8142,82,23779,206,9098
120,15,100,8438,82,23438,206,9379
120,15,100,9021,82,22852,206,9935
120,15,100,9329,82,2251,207,0228
120,15,100,9927,82,21875,207,0798
120,15,101,0222,82,21582,207,108
120,15,101,052,82,2124,207,1365
120,15,101,1216,82,20508,207,2028
120,15,101,1509,82,20215,207,2307
120,15,101,2087,82,1958,207,2859
120,15,101,2388,82,19238,207,3146
120,15,101,2666,82,18945,207,3411
120,15,101,2976,82,18652,207,3707
120,15,101,3284,82,18311,207,3999
120,15,101,4094,82,17432,207,4773
120,15,101,469,82,16797,207,5341
120,15,101,5002,82,16504,207,5638
120,15,101,5264,82,16211,207,5887
120,15,101,5825,82,15625,207,6525
120,15,101,6106,82,15332,207,6844
120,15,101,6626,82,14746,207,7434
120,15,101,6921,82,14453,207,7771
120,15,101,7185,82,1416,207,807
120,15,101,7781,82,13525,207,8749
120,15,101,8044,82,13232,207,9048
120,16,101,8599,82,12646,207,9677
120,16,101,8884,82,12354,208,0001
120,16,101,9424,82,11768,208,0615
120,16,101,9709,82,11475,208,094
120,16,102,0242,82,10889,208,1545
120,16,102,0508,82,10596,208,1847
120,16,102,104,82,1001,208,2452
120,16,102,1301,82,09766,208,2749
120,16,102,1836,82,0918,208,3356
120,16,102,2119,82,08887,208,3678
120,16,102,2368,82,08594,208,3959
120,16,102,2925,82,08008,208,4592
120,16,102,3186,82,07715,208,489
120,16,102,3723,82,07178,208,55
120,16,102,3992,82,06885,208,5806
120,16,102,4531,82,06299,208,6418
120,16,102,48,82,06006,208,6722
120,16,102,5322,82,05469,208,7317
120,16,102,5605,82,05127,208,764
120,16,102,6128,82,0459,208,8232
120,16,102,6394,82,04297,208,8534
120,16,102,6943,82,03711,208,9159
120,16,102,7214,82,03418,208,9467
120,16,102,7737,82,02881,209,0061
120,16,102,8008,82,02588,209,0369
120,16,102,8542,82,02002,209,0975
120,16,102,8823,82,01709,209,1295
120,16,102,9099,82,01416,209,1609
120,16,102,9658,82,00781,209,2245
120,16,102,9919,82,00537,209,2542
120,16,102,9919,82,00537,209,2542
120,16,103,092,81,99463,209,3679
120,16,103,1208,81,9917,209,4005
120,16,103,1733,81,98584,209,4603
120,16,103,2012,81,98291,209,4917
120,16,103,2424,81,97949,209,5438
120,16,103,2671,81,97803,209,5769
120,16,103,3142,81,9751,209,6404
120,16,103,3389,81,97363,209,6732
120,16,103,3867,81,97119,209,7377
120,16,103,4104,81,96973,209,7698
120,16,103,4578,81,9668,209,8334
120,16,103,4817,81,96533,209,8655
120,16,103,5063,81,96387,209,8989
120,16,103,5549,81,96094,209,964
120,16,103,5789,81,95947,209,9962
120,16,103,626,81,95703,210,0598
120,16,103,6499,81,95557,210,092
120,16,103,6982,81,95264,210,1569
120,16,103,7214,81,95117,210,1881
120,16,103,7695,81,94824,210,2529
120,16,103,7942,81,94678,210,286
120,16,103,8423,81,94434,210,3507
120,16,103,8682,81,94238,210,3857
120,16,103,9155,81,93994,210,4492
120,16,103,939,81,93848,210,481
120,16,103,9856,81,93555,210,5438
120,16,104,0085,81,93408,210,5746
120,16,104,0579,81,93115,210,641
120,16,104,0813,81,93018,210,6724
120,16,104,1294,81,92725,210,7372
120,16,104,1538,81,92578,210,7703
120,16,104,2017,81,92285,210,8344
120,16,104,2271,81,92139,210,8688
120,16,104,2739,81,91846,210,9316
120,16,104,2974,81,91699,210,9633
120,16,104,3438,81,91455,211,0258
120,16,104,3667,81,91309,211,0565
120,16,104,415,81,91016,211,1217
120,16,104,4414,81,90869,211,157
120,16,104,4873,81,90576,211,2189
120,16,104,4873,81,90576,211,2189
120,16,104,5127,81,9043,211,2529
120,16,104,5813,81,90039,211,3453
120,16,104,6165,81,8999,211,4177
120,16,104,635,81,8999,211,4556
120,16,104,6699,81,89941,211,5273
120,16,104,6868,81,89893,211,5621
120,16,104,7222,81,89893,211,6345
120,16,104,7397,81,89844,211,6707
120,16,104,7742,81,89795,211,7413
120,16,104,7917,81,89795,211,7775
120,16,104,8264,81,89746,211,8489
120,16,104,845,81,89746,211,887
120,16,104,8787,81,89697,211,9559
120,16,104,8962,81,89648,211,9924
120,16,104,9312,81,89648,212,0638
120,16,104,9485,81,896,212,0995
120,16,104,9827,81,89551,212,1699
120,16,105,0164,81,89551,212,2389
120,16,105,0332,81,89502,212,2736
120,16,105,0669,81,89453,212,3428
120,16,105,0845,81,89453,212,3785
120,16,105,1196,81,89404,212,451
120,16,105,1377,81,89404,212,4879
120,16,105,1702,81,89355,212,5546
120,16,105,1882,81,89307,212,5918
120,16,105,2217,81,89307,212,6608
120,16,105,24,81,89258,212,6981
120,16,105,2734,81,89209,212,767
120,16,105,2905,81,89209,212,802
120,16,105,3242,81,8916,212,8708
120,16,105,3423,81,8916,212,9081
120,16,105,377,81,89111,212,9795
120,16,105,4097,81,89063,213,0466
120,16,105,427,81,89063,213,082
120,16,105,4595,81,89014,213,1489
120,16,105,4775,81,89014,213,1858
120,16,105,5005,81,88965,213,2332
120,16,105,5134,81,89111,213,2739
120,16,105,5361,81,89404,213,3463
120,16,105,5479,81,896,213,3837
120,16,105,5479,81,896,213,3837
120,16,105,5925,81,90137,213,5251
120,16,105,604,81,90332,213,5618
120,16,105,6262,81,90576,213,6323
120,16,105,6377,81,90771,213,6692
120,16,105,6602,81,91064,213,74
120,16,105,6831,81,91357,213,8131
120,16,105,6946,81,91504,213,8491
120,16,105,7168,81,91797,213,9202
120,16,105,7288,81,91943,213,9583
120,16,105,752,81,92236,214,0317
120,16,105,7637,81,92383,214,0688
120,16,105,7869,81,92676,214,1423
120,16,105,8093,81,92969,214,2141
120,16,105,821,81,93115,214,251
120,16,105,8435,81,93408,214,3223
120,16,105,8555,81,93604,214,3601
120,16,105,8774,81,93848,214,4302
120,16,105,8994,81,94141,214,4998
120,16,105,9111,81,94287,214,5374
120,16,105,9329,81,9458,214,6061
120,16,105,9446,81,94727,214,6431
120,16,105,9673,81,9502,214,7153
120,16,105,989,81,95313,214,7844
120,16,106,0005,81,95459,214,8208
120,16,106,0225,81,95752,214,8901
120,16,106,0339,81,95898,214,927
120,16,106,0562,81,96191,214,9972
120,16,106,0779,81,96484,215,0662
120,16,106,0894,81,96631,215,1033
120,16,106,1116,81,96924,215,1736
120,16,106,1335,81,97217,215,2435
120,16,106,1448,81,97363,215,2792
120,16,106,167,81,97656,215,3497
120,16,106,1782,81,97803,215,3854
120,16,106,1997,81,98047,215,453
120,16,106,2219,81,9834,215,524
120,16,106,2327,81,98486,215,558
120,16,106,2327,81,98486,215,558
120,16,106,2327,81,98486,215,558
120,16,106,2327,81,98486,215,558
120,16,106,2327,81,98486,215,558
120,16,106,2327,81,98486,215,558
120,16,106,2327,81,98486,215,558
120,16,106,2327,81,98486,215,558
120,16,106,2327,81,98486,215,558
120,16,106,2327,81,98486,215,558
120,16,106,2327,81,98486,215,558
120,16,106,2327,81,98486,215,558
120,16,106,2327,81,98486,215,558
120,16,106,2327,81,98486,215,558
120,16,106,2327,81,98486,215,558
120,16,106,2327,81,98486,215,558
120,16,106,2327,81,98486,215,558
120,16,106,2327,81,98486,215,558
120,16,106,2327,81,98486,215,558
120,16,106,2327,81,98486,215,558
120,16,106,2327,81,98486,215,558
120,16,106,2327,81,98486,215,558
120,16,106,2327,81,98486,215,558
120,16,106,2327,81,98486,215,558
120,16,106,2327,81,98486,215,558
120,16,106,2327,81,98486,215,558
120,16,106,2327,81,98486,215,558
120,16,106,2327,81,98486,215,558
120,16,106,2327,81,98486,215,558
120,16,106,2327,81,98486,215,558
120,16,106,2327,81,98486,215,558
120,16,106,2407,81,9873,215,5984
120,16,106,2483,81,98926,215,6368
120,16,106,2637,81,99414,215,7158
120,16,106,2715,81,99658,215,7554
120,16,106,2869,82,00098,215,833
120,16,106,2942,82,00342,215,8708
120,16,106,3088,82,00732,215,9447
120,16,106,3162,82,00977,215,9814
120,16,106,3311,82,01416,216,057
120,16,106,3386,82,0166,216,0957
120,16,106,3535,82,021,216,1711
120,16,106,3535,82,021,216,1711
120,16,106,3611,82,02295,216,2104
120,16,106,3906,82,03174,216,3601
120,16,106,3982,82,03418,216,3982
120,16,106,4126,82,03857,216,4718
120,16,106,4202,82,04053,216,5096
120,16,106,4353,82,04492,216,5863
120,16,106,4434,82,04736,216,6274
120,16,106,4587,82,05225,216,7057
120,16,106,4661,82,0542,216,7433
120,16,106,481,82,05859,216,8186
120,16,106,4958,82,06299,216,8938
120,16,106,5032,82,06543,216,9307
120,16,106,5176,82,06982,217,0039
120,16,106,5254,82,07178,217,0439
120,16,106,5398,82,07617,217,1174
120,16,106,5471,82,07861,217,1544
120,16,106,562,82,08301,217,2294
120,16,106,5764,82,08691,217,3031
120,16,106,5837,82,08936,217,3402
120,16,106,5984,82,09375,217,4149
120,16,106,6057,82,0957,217,4515
120,16,106,6204,82,1001,217,5259
120,16,106,6284,82,10254,217,5673
120,16,106,6426,82,10693,217,6385
120,16,106,6572,82,11133,217,7131
120,16,106,6643,82,11328,217,7494
120,16,106,6741,82,11621,217,7987
120,16,106,6741,82,11621,217,7987
120,16,106,6741,82,11621,217,7987
120,16,106,6741,82,11621,217,7987
120,16,106,6741,82,11621,217,7987
120,16,106,6741,82,11621,217,7987
120,16,106,6741,82,11621,217,7987
120,16,106,6741,82,11621,217,7987
120,16,106,6741,82,11621,217,7987
120,16,106,6741,82,11621,217,7987
120,16,106,6741,82,11621,217,7987
120,16,106,6741,82,11621,217,7987
120,16,106,6741,82,11621,217,7987
120,16,106,6741,82,11621,217,7987
120,16,106,6741,82,11621,217,7987
120,16,106,6741,82,11621,217,7987
120,16,106,678,82,11865,217,8352
120,16,106,6863,82,12402,217,9146
120,16,106,6902,82,12646,217,9521
120,16,106,6978,82,13135,218,025
120,16,106,7053,82,13623,218,099
120,16,106,7092,82,13867,218,1366
120,16,106,7168,82,14307,218,2073
120,16,106,7207,82,14551,218,2454
120,16,106,7283,82,15039,218,318
120,16,106,7356,82,15527,218,3884
120,16,106,7393,82,15723,218,4231
120,16,106,7468,82,16211,218,4967
120,16,106,7544,82,16699,218,5691
120,16,106,7583,82,16943,218,6057
120,16,106,7661,82,17432,218,6803
120,16,106,7737,82,1792,218,754
120,16,106,7776,82,18164,218,791
120,16,106,7849,82,18604,218,8612
120,16,106,7925,82,19092,218,9338
120,16,106,7964,82,19336,218,9703
120,16,106,8037,82,19824,219,0405
120,16,106,8074,82,20068,219,0775
120,16,106,8154,82,20557,219,1528
120,16,106,8228,82,20996,219,2229
120,16,106,8298,82,21484,219,2922
120,16,106,8335,82,2168,219,3271
120,16,106,8411,82,22168,219,3983
120,16,106,8481,82,22607,219,4666
120,16,106,8518,82,22852,219,5023
120,16,106,8591,82,23291,219,5718
120,16,106,8665,82,23779,219,6415
120,16,106,8701,82,24023,219,678
120,16,106,8774,82,24463,219,7474
120,16,106,8853,82,24951,219,8225
120,16,106,8853,82,24951,219,8225
120,16,106,8889,82,25195,219,8578
120,16,106,9041,82,26172,220,0037
120,16,106,908,82,26367,220,0396
120,16,106,9148,82,26807,220,1055
120,16,106,9219,82,27295,220,1742
120,16,106,929,82,27734,220,2429
120,16,106,9329,82,27979,220,2787
120,16,106,9397,82,28418,220,3457
120,16,106,9431,82,28613,220,3774
120,16,106,9431,82,28613,220,3774
120,16,106,9431,82,28613,220,3774
120,16,106,9431,82,28613,220,3774
120,16,106,9431,82,28613,220,3774
120,16,106,9431,82,28613,220,3774
120,16,106,9431,82,28613,220,3774
120,16,106,9431,82,28613,220,3774
120,16,106,9431,82,28613,220,3774
120,16,106,9431,82,28613,220,3774
120,16,106,9431,82,28613,220,3774
120,16,106,9431,82,28613,220,3774
120,16,106,9431,82,28613,220,3774
120,16,106,9431,82,28613,220,3774
120,16,106,9431,82,28613,220,3774
120,16,106,9431,82,28613,220,3774
120,16,106,9431,82,28613,220,3774
120,16,106,9431,82,28613,220,3774
120,16,106,9431,82,28613,220,3774
120,16,106,9431,82,28613,220,3774
120,16,106,9431,82,28613,220,3774
120,16,106,9431,82,28613,220,3774
120,16,106,9431,82,28613,220,3774
120,16,106,9431,82,28613,220,3774
120,16,106,9431,82,28613,220,3774
120,16,106,9431,82,28613,220,3774
120,16,106,9431,82,28613,220,3774
120,16,106,9431,82,28613,220,3774
120,16,106,9431,82,28613,220,3774
120,16,106,9482,82,28857,220,4156
120,16,106,9529,82,29102,220,4517
120,16,106,9629,82,2959,220,5255
120,16,106,9717,82,2998,220,5927
120,16,106,9807,82,3042,220,6599
120,16,106,9856,82,30664,220,6962
120,16,106,9946,82,31104,220,7637
120,16,107,0032,82,31543,220,8287
120,16,107,012,82,31982,220,895
120,16,107,0168,82,32178,220,9308
120,16,107,0259,82,32617,220,9985
120,16,107,0344,82,33057,221,0638
120,16,107,0435,82,33496,221,1317
120,16,107,0522,82,33936,221,1981
120,16,107,0571,82,34131,221,2333
120,16,107,0662,82,3457,221,3015
120,16,107,0754,82,35059,221,3708
120,16,107,084,82,35449,221,436
120,16,107,0886,82,35693,221,4716
120,16,107,0977,82,36133,221,5391
120,16,107,1064,82,36523,221,6044
120,16,107,1116,82,36816,221,6436
120,16,107,1206,82,37256,221,7113
120,16,107,1296,82,37646,221,7783
120,16,107,1389,82,38135,221,8477
120,16,107,1436,82,3833,221,8834
120,16,107,1523,82,3877,221,949
120,16,107,1611,82,39209,222,0153
120,16,107,1699,82,39648,222,0808
120,16,107,1787,82,40039,222,1477
120,16,107,1833,82,40283,222,1816
120,16,107,1921,82,40723,222,2477
120,16,107,2007,82,41113,222,3129
120,16,107,2053,82,41357,222,3477
120,16,107,2053,82,41357,222,3477
120,16,107,2239,82,42236,222,4863
120,16,107,2327,82,42676,222,5522
120,16,107,2417,82,43115,222,6201
120,16,107,2458,82,43311,222,6525
120,16,107,2551,82,4375,222,7206
120,16,107,2642,82,44189,222,7889
120,16,107,2729,82,44629,222,8546
120,16,107,2815,82,45068,222,9202
120,16,107,2864,82,45264,222,9557
120,16,107,2949,82,45703,223,0205
120,16,107,304,82,46143,223,0886
120,16,107,313,82,46582,223,1558
120,16,107,3176,82,46777,223,1903
120,16,107,3228,82,47021,223,2311
120,16,107,3311,82,47412,223,297
120,16,107,3394,82,47803,223,363
120,16,107,3474,82,48193,223,4272
120,16,107,3521,82,48389,223,4636
120,16,107,3601,82,48779,223,5283
120,16,107,3687,82,4917,223,5959
120,16,107,3772,82,49512,223,662
120,16,107,3813,82,49707,223,6963
120,16,107,3899,82,50098,223,7626
120,16,107,3982,82,50488,223,8286
120,16,107,4065,82,50879,223,895
120,16,107,415,82,5127,223,9626
120,16,107,4194,82,51465,223,9967
120,16,107,4277,82,51855,224,0638
120,16,107,4363,82,52246,224,1305
120,16,107,4446,82,52637,224,196
120,16,107,4529,82,53027,224,2629
120,16,107,4573,82,53223,224,2968
120,16,107,4661,82,53613,224,3667
120,16,107,4702,82,53809,224,3995
120,16,107,4702,82,53809,224,3995
120,16,107,4883,82,54639,224,5426
120,16,107,4968,82,55029,224,6099
120,16,107,5049,82,5542,224,675
120,16,107,5095,82,55615,224,7106
120,16,107,5176,82,55957,224,7745
120,16,107,5264,82,56396,224,844
120,16,107,5342,82,56738,224,9066
120,16,107,5427,82,57129,224,9744
120,16,107,5469,82,57324,225,0072
120,16,107,5552,82,57715,225,0737
120,16,107,5642,82,58105,225,1445
120,16,107,5723,82,58496,225,2089
120,16,107,5803,82,58838,225,2725
120,16,107,5847,82,59033,225,3066
120,16,107,593,82,59424,225,3719
120,16,107,6016,82,59814,225,441
120,16,107,6101,82,60205,225,5087
120,16,107,6145,82,604,225,5425
120,16,107,6228,82,60791,225,6078
120,16,107,6309,82,61182,225,6729
120,16,107,6394,82,61572,225,7393
120,16,107,647,82,61914,225,801
120,16,107,6558,82,62305,225,869
120,16,107,6597,82,625,225,9009
120,16,107,6677,82,62891,225,9655
120,16,107,6763,82,63281,226,0327
120,16,107,6851,82,63672,226,1017
120,16,107,6892,82,63867,226,1346
120,16,107,6978,82,64258,226,2024
120,16,107,7058,82,646,226,2661
120,16,107,7144,82,6499,226,3339
120,16,107,7229,82,65381,226,4011
120,16,107,7271,82,65576,226,4353
120,16,107,731,82,65771,226,4661
120,16,107,731,82,65771,226,4661
120,16,107,731,82,65771,226,4661
120,16,107,731,82,65771,226,4661
120,16,107,731,82,65771,226,4661
120,16,107,7625,82,66504,226,7815
120,16,107,7698,82,6665,226,8572
120,16,107,7732,82,66748,226,8927
120,16,107,78,82,66846,226,9606
120,16,107,7861,82,66992,227,024
120,16,107,7927,82,67139,227,0923
120,16,107,7996,82,67285,227,1609
120,16,107,8027,82,67334,227,1941
120,16,107,8096,82,6748,227,2633
120,16,107,8162,82,67627,227,3292
120,16,107,8228,82,67773,227,3976
120,16,107,8262,82,67871,227,4314
120,16,107,8325,82,67969,227,4985
120,16,107,8391,82,68115,227,5653
120,16,107,8457,82,68262,227,6311
120,16,107,8523,82,68408,227,7001
120,16,107,8557,82,68506,227,7339
120,16,107,8623,82,68604,227,8021
120,16,107,8691,82,6875,227,8706
120,16,107,8755,82,68896,227,9357
120,16,107,8789,82,68994,227,9711
120,16,107,8855,82,69141,228,0382
120,16,107,8918,82,69238,228,104
120,16,107,8987,82,69385,228,1715
120,16,107,9021,82,69482,228,2064
120,16,107,9084,82,69629,228,2734
120,16,107,915,82,69727,228,3386
120,16,107,9216,82,69873,228,407
120,16,107,9285,82,7002,228,4755
120,16,107,9319,82,70117,228,5104
120,16,107,9385,82,70264,228,5785
120,16,107,9453,82,7041,228,6478
120,16,107,9485,82,70459,228,6816
120,16,107,9553,82,70605,228,7502
120,16,107,9553,82,70605,228,7502
120,16,107,9587,82,70703,228,7859
120,16,107,9729,82,70996,228,9307
120,16,107,9797,82,71143,228,9993
120,16,107,9866,82,71289,229,0699
120,16,107,9897,82,71338,229,1033
120,16,107,9968,82,71484,229,1738
120,16,108,0034,82,71631,229,2415
120,16,108,0103,82,71777,229,3115
120,16,108,0137,82,71826,229,3457
120,16,108,0205,82,71973,229,4158
120,16,108,0273,82,72119,229,4855
120,16,108,0308,82,72217,229,5199
120,16,108,0376,82,72363,229,5902
120,16,108,0442,82,7251,229,6586
120,16,108,051,82,72656,229,7266
120,16,108,0544,82,72705,229,7617
120,16,108,0613,82,72852,229,8324
120,16,108,0679,82,72998,229,8995
120,16,108,072,82,73096,229,942
120,16,108,0742,82,73047,229,9773
120,16,108,0786,82,72949,230,0493
120,16,108,0828,82,72852,230,1179
120,16,108,085,82,72803,230,1558
120,16,108,0894,82,72705,230,2257
120,16,108,0935,82,72559,230,2938
120,16,108,0957,82,7251,230,3308
120,16,108,0999,82,72412,230,3997
120,16,108,1042,82,72314,230,4695
120,16,108,1067,82,72266,230,5089
120,16,108,1108,82,72168,230,5793
120,16,108,1152,82,7207,230,6495
120,16,108,1194,82,71973,230,7174
120,16,108,1216,82,71924,230,7546
120,16,108,126,82,71826,230,8263
120,16,108,1301,82,71729,230,8958
120,16,108,1301,82,71729,230,8958
120,16,108,1326,82,71631,230,9324
120,16,108,1394,82,71484,231,0452
120,16,108,144,82,71387,231,1208
120,16,108,1484,82,71289,231,192
120,16,108,1506,82,7124,231,2314
120,16,108,155,82,71094,231,3015
120,16,108,1592,82,70996,231,3707
120,16,108,1616,82,70947,231,4094
120,16,108,1658,82,7085,231,4781
120,16,108,1702,82,70752,231,5492
120,16,108,1724,82,70703,231,5854
120,16,108,1765,82,70605,231,6545
120,16,108,1809,82,70508,231,7269
120,16,108,1853,82,7041,231,7964
120,16,108,1875,82,70361,231,8329
120,16,108,1917,82,70215,231,9031
120,16,108,196,82,70117,231,973
120,16,108,1982,82,70068,232,0098
120,16,108,2026,82,69971,232,0802
120,16,108,207,82,69873,232,1519
120,16,108,209,82,69824,232,187
120,16,108,2134,82,69727,232,2567
120,16,108,2175,82,69629,232,3269
120,16,108,2217,82,69531,232,3925
120,16,108,2256,82,69434,232,4578
120,16,108,2275,82,69385,232,4906
120,16,108,2314,82,69287,232,5551
120,16,108,2356,82,69189,232,6213
120,16,108,2395,82,69092,232,6873
120,16,108,2437,82,68994,232,7528
120,16,108,2456,82,68945,232,785
120,16,108,2498,82,68848,232,8518
120,16,108,2534,82,6875,232,9128
120,16,108,2576,82,68652,232,981
120,16,108,2615,82,68555,233,0447
120,16,108,2615,82,68555,233,0447
120,16,108,2634,82,68506,233,0776
120,16,108,2722,82,68311,233,222
120,16,108,2764,82,68213,233,2878
120,16,108,2803,82,68115,233,3551
120,16,108,2822,82,68066,233,3872
120,16,108,2864,82,67969,233,4521
120,16,108,2903,82,67871,233,5166
120,16,108,2942,82,67773,233,5808
120,16,108,2981,82,67676,233,6471
120,16,108,302,82,67627,233,7095
120,16,108,3059,82,67529,233,7743
120,16,108,3079,82,6748,233,8066
120,16,108,3113,82,67383,233,8613
120,16,108,3186,82,66064,233,9274
120,16,108,3259,82,64795,233,9906
120,16,108,333,82,63525,234,0541
120,16,108,3369,82,62891,234,088
120,16,108,3442,82,61572,234,153
120,16,108,3516,82,60303,234,2177
120,16,108,3589,82,58984,234,283
120,16,108,3657,82,57764,234,3446
120,16,108,3696,82,5708,234,3793
120,16,108,377,82,55811,234,4431
120,16,108,384,82,54541,234,5055
120,16,108,3911,82,5332,234,5685
120,16,108,3984,82,52002,234,6339
120,16,108,4058,82,50684,234,6991
120,16,108,4094,82,50049,234,7327
120,16,108,417,82,4873,234,7988
120,16,108,4238,82,4751,234,86
120,16,108,4314,82,46191,234,9264
120,16,108,4387,82,44873,234,9922
120,16,108,4426,82,44189,235,0266
120,16,108,4463,82,43555,235,0583
120,16,108,4502,82,42871,235,0935
120,16,108,4624,82,40674,235,2019
120,16,108,4695,82,39453,235,2651
120,16,108,4771,82,38086,235,3322
120,16,108,4844,82,36816,235,3964
120,16,108,4915,82,35596,235,459
120,16,108,4954,82,34912,235,4928
120,16,108,5022,82,33691,235,5549
120,16,108,5098,82,32373,235,6207
120,16,108,5171,82,31055,235,6869
120,16,108,5247,82,29736,235,7534
120,16,108,5283,82,29053,235,7864
120,16,108,5354,82,27783,235,8496
120,16,108,5427,82,26514,235,9141
120,16,108,55,82,25244,235,979
120,16,108,5537,82,24561,236,0117
120,16,108,5615,82,23242,236,0796
120,16,108,5684,82,21973,236,1418
120,16,108,5759,82,20654,236,208
120,16,108,5833,82,19336,236,2737
120,16,108,5903,82,18115,236,3359
120,16,108,594,82,1748,236,3685
120,16,108,6013,82,16162,236,4336
120,16,108,6086,82,14893,236,4982
120,16,108,616,82,13623,236,5623
120,16,108,623,82,12354,236,6262
120,16,108,6299,82,11133,236,6871
120,16,108,6338,82,10449,236,7219
120,16,108,6409,82,0918,236,7843
120,16,108,6479,82,07959,236,8473
120,16,108,6548,82,06738,236,9072
120,16,108,6619,82,05518,236,9702
120,16,108,6687,82,04297,237,0314
120,16,108,6724,82,03613,237,0637
120,16,108,6724,82,03613,237,0637
120,16,108,6882,82,0083,237,2034
120,16,108,6953,81,99609,237,266
120,16,108,7024,81,9834,237,329
120,16,108,7061,81,97705,237,3615
120,16,108,7134,81,96387,237,4269
120,16,108,72,81,95215,237,4865
120,16,108,7273,81,93945,237,5498
120,16,108,7344,81,92725,237,6128
120,16,108,7415,81,91455,237,6765
120,16,108,7485,81,90186,237,7388
120,16,108,7554,81,88965,237,8
120,16,108,759,81,8833,237,8322
120,16,108,7661,81,87109,237,8943
120,16,108,7729,81,85889,237,9542
120,16,108,7798,81,84668,238,0151
120,16,108,7834,81,84033,238,0482
120,16,108,7866,81,83936,238,111
120,16,108,7898,81,83789,238,1743
120,16,108,793,81,83691,238,2371
120,16,108,7961,81,83545,238,3002
120,16,108,7993,81,83447,238,3617
120,16,108,8025,81,83301,238,4247
120,16,108,804,81,83252,238,4564
120,16,108,8074,81,83105,238,5217
120,16,108,8105,81,83008,238,5858
120,16,108,8137,81,82861,238,6481
120,16,108,8169,81,82764,238,7107
120,16,108,8201,81,82617,238,7739
120,16,108,8232,81,8252,238,8387
120,16,108,8264,81,82373,238,9016
120,16,108,8296,81,82275,238,9656
120,16,108,8313,81,82178,238,9976
120,16,108,8313,81,82178,238,9976
120,16,108,8384,81,81934,239,1393
120,16,108,8416,81,81787,239,2039
120,16,108,8433,81,81738,239,2356
120,16,108,8464,81,81592,239,3002
120,16,108,8499,81,81494,239,3666
120,16,108,853,81,81348,239,4285
120,16,108,8562,81,8125,239,4934
120,16,108,8594,81,81104,239,5548
120,16,108,8625,81,81006,239,6179
120,16,108,8657,81,80859,239,6807
120,16,108,8689,81,80762,239,7443
120,16,108,8706,81,80664,239,776
120,16,108,8735,81,80566,239,8372
120,16,108,8767,81,8042,239,8986
120,16,108,8796,81,80322,239,9598
120,16,108,8831,81,80176,240,0258
120,16,108,8862,81,80078,240,0885
120,16,108,8894,81,7998,240,1492
120,16,108,8926,81,79834,240,2124
120,16,108,8958,81,79688,240,276
120,16,108,8987,81,7959,240,3369
120,16,108,9019,81,79492,240,3999
120,16,108,905,81,79346,240,4622
120,16,108,9067,81,79297,240,4948
120,16,108,9099,81,7915,240,5587
120,16,108,9128,81,79053,240,6191
120,16,108,916,81,78906,240,681
120,16,108,9192,81,78809,240,7423
120,16,108,9226,81,78662,240,8085
120,16,108,9255,81,78564,240,8706
120,16,108,9287,81,78418,240,9324
120,16,108,9304,81,78369,240,9662
120,16,108,9304,81,78369,240,9662
120,16,108,9375,81,78076,241,1077
120,16,108,9409,81,77979,241,1722
120,16,108,9441,81,77832,241,2356
120,16,108,9473,81,77734,241,2981
120,16,108,9504,81,77588,241,3617
120,16,108,9534,81,7749,241,4211
120,16,108,9534,81,7749,241,4211
120,16,108,9534,81,7749,241,4211
120,16,108,9534,81,7749,241,4211
120,16,108,9534,81,7749,241,4211
120,16,108,9534,81,7749,241,4211
120,16,108,9534,81,7749,241,4211
120,16,108,9534,81,7749,241,4211
120,16,108,9534,81,7749,241,4211
120,16,108,9534,81,7749,241,4211
120,16,108,9534,81,7749,241,4211
120,16,108,9534,81,7749,241,4211
120,16,108,9534,81,7749,241,4211
120,16,108,9534,81,7749,241,4211
120,16,108,9534,81,7749,241,4211
120,16,108,9534,81,7749,241,4211
120,16,108,9534,81,7749,241,4211
120,16,108,9534,81,7749,241,4211
120,16,108,9534,81,7749,241,4211
120,16,108,9534,81,7749,241,4211
120,16,108,9534,81,7749,241,4211
120,16,108,9534,81,7749,241,4211
120,16,108,9534,81,7749,241,4211
120,16,108,9534,81,7749,241,4211
120,16,108,9534,81,7749,241,4211
120,16,108,9534,81,7749,241,4211
120,16,108,9534,81,7749,241,4211
120,16,108,9534,81,7749,241,4211
120,16,108,9534,81,7749,241,4211
120,16,108,9534,81,7749,241,4211
120,16,108,9534,81,7749,241,4211
120,16,108,9534,81,7749,241,4211
120,16,108,9534,81,7749,241,4211
120,16,108,9534,81,7749,241,4211
120,16,108,9534,81,7749,241,4211
120,16,108,9534,81,7749,241,4211
120,16,108,9534,81,7749,241,4211
120,16,108,9534,81,7749,241,4211
120,16,108,9534,81,7749,241,4211
120,16,108,9534,81,7749,241,4211
120,16,108,9534,81,7749,241,4211
120,16,108,9534,81,7749,241,4211
120,16,108,9534,81,7749,241,4211
120,16,108,9534,81,7749,241,4211
120,16,108,9534,81,7749,241,4211
120,16,108,9534,81,7749,241,4211
120,16,108,9534,81,7749,241,4211
120,16,108,9534,81,7749,241,4211
120,16,108,9534,81,7749,241,4211
120,16,108,9534,81,7749,241,4211
120,16,108,9534,81,7749,241,4211
120,16,108,9534,81,7749,241,4211
120,16,108,9534,81,7749,241,4211
120,16,108,9534,81,7749,241,4211
120,16,108,9534,81,7749,241,4211
120,16,108,9534,81,7749,241,4211
120,16,108,9534,81,7749,241,4211
120,16,108,9534,81,7749,241,4211
120,16,108,9534,81,7749,241,4211
120,16,108,9534,81,7749,241,4211
120,16,108,9534,81,7749,241,4211
120,16,108,9534,81,7749,241,4211
120,16,108,9534,81,7749,241,4211
120,16,108,9534,81,7749,241,4211
120,16,108,9492,81,77441,241,455
120,16,108,9404,81,77295,241,527
120,16,108,9404,81,77295,241,527
120,16,108,9358,81,77197,241,5648
120,16,108,9182,81,76953,241,7087
120,16,108,9141,81,76904,241,7429
120,16,108,9055,81,76758,241,8115
120,16,108,8977,81,76611,241,8772
120,16,108,8894,81,76514,241,944
120,16,108,8811,81,76367,242,0128
120,16,108,8767,81,76318,242,0476
120,16,108,8687,81,76172,242,1139
120,16,108,8606,81,76074,242,1801
120,16,108,8525,81,75928,242,2458
120,16,108,8481,81,75879,242,2817
120,16,108,8396,81,75732,242,3501
120,16,108,8315,81,75586,242,4171
120,16,108,8232,81,75488,242,4852
120,16,108,8191,81,75439,242,519
120,16,108,8108,81,75293,242,5862
120,16,108,8027,81,75146,242,6527
120,16,108,7944,81,75049,242,7206
120,16,108,7898,81,74951,242,7572
120,16,108,7815,81,74854,242,8254
120,16,108,7729,81,74707,242,895
120,16,108,7646,81,74561,242,9634
120,16,108,7603,81,74512,242,9989
120,16,108,7522,81,74365,243,0664
120,16,108,7439,81,74268,243,1329
120,16,108,7356,81,74121,243,2009
120,16,108,7314,81,74072,243,235
120,16,108,7231,81,73926,243,3027
120,16,108,7151,81,73828,243,3689
120,16,108,7068,81,73682,243,4375
120,16,108,7024,81,73633,243,4729
120,16,108,6941,81,73486,243,5402
120,16,108,6858,81,7334,243,6085
120,16,108,6816,81,73291,243,6416
120,16,108,6816,81,73291,243,6416
120,16,108,6638,81,72998,243,7874
120,16,108,6553,81,729,243,8575
120,16,108,6509,81,72803,243,8934
120,16,108,6428,81,72705,243,9604
120,16,108,6348,81,72559,244,0253
120,16,108,6265,81,72461,244,0934
120,16,108,6223,81,72363,244,1268
120,16,108,6143,81,72266,244,1932
120,16,108,606,81,72119,244,2617
120,16,108,6023,81,7207,244,2908
120,16,108,6023,81,7207,244,2908
120,16,108,6023,81,7207,244,2908
120,16,108,6023,81,7207,244,2908
120,16,108,6023,81,7207,244,2908
120,16,108,6023,81,7207,244,2908
120,16,108,6023,81,7207,244,2908
120,16,108,6023,81,7207,244,2908
120,16,108,6023,81,7207,244,2908
120,16,108,6023,81,7207,244,2908
120,16,108,6023,81,7207,244,2908
120,16,108,6023,81,7207,244,2908
120,16,108,6023,81,7207,244,2908
120,16,108,6023,81,7207,244,2908
120,16,108,6023,81,7207,244,2908
120,16,108,6023,81,7207,244,2908
120,16,108,6023,81,7207,244,2908
120,16,108,6023,81,7207,244,2908
120,16,108,6023,81,7207,244,2908
120,16,108,6023,81,7207,244,2908
120,16,108,6023,81,7207,244,2908
120,16,108,6023,81,7207,244,2908
120,16,108,6023,81,7207,244,2908
120,16,108,6023,81,7207,244,2908
120,16,108,6023,81,7207,244,2908
120,16,108,6023,81,7207,244,2908
120,16,108,6023,81,7207,244,2908
120,16,108,6023,81,7207,244,2908
120,16,108,6023,81,7207,244,2908
120,16,108,6023,81,7207,244,2908
120,16,108,6023,81,7207,244,2908
120,16,108,6023,81,7207,244,2908
120,16,108,6023,81,7207,244,2908
120,16,108,6023,81,7207,244,2908
120,16,108,6023,81,7207,244,2908
120,16,108,6023,81,7207,244,2908
120,16,108,6023,81,7207,244,2908
120,16,108,6023,81,7207,244,2908
120,16,108,6023,81,7207,244,2908
120,16,108,6023,81,7207,244,2908
120,16,108,6023,81,7207,244,2908
120,16,108,6023,81,7207,244,2908
120,16,108,6023,81,7207,244,2908
120,16,108,6023,81,7207,244,2908
120,16,108,6023,81,7207,244,2908
120,16,108,6023,81,7207,244,2908
120,16,108,6023,81,7207,244,2908
120,16,108,6023,81,7207,244,2908
120,16,108,6023,81,7207,244,2908
120,16,108,6023,81,7207,244,2908
120,16,108,6023,81,7207,244,2908
120,16,108,6023,81,7207,244,2908
120,16,108,6023,81,7207,244,2908
120,16,108,6023,81,7207,244,2908
120,16,108,6023,81,7207,244,2908
120,16,108,6023,81,7207,244,2908
120,16,108,6023,81,7207,244,2908
120,16,108,6023,81,7207,244,2908
120,16,108,6023,81,7207,244,2908
120,16,108,6023,81,7207,244,2908
120,16,108,6023,81,7207,244,2908
120,16,108,6023,81,7207,244,2908
120,16,108,6023,81,7207,244,2908
120,16,108,6023,81,7207,244,2908
120,16,108,6023,81,7207,244,2908
120,16,108,6023,81,7207,244,2908
120,16,108,6023,81,7207,244,2908
120,16,108,6023,81,7207,244,2908
120,16,108,6023,81,7207,244,2908
120,16,108,6023,81,7207,244,2908
120,16,108,6023,81,7207,244,2908
120,16,108,6023,81,7207,244,2908
120,16,108,6023,81,7207,244,2908
120,16,108,6023,81,7207,244,2908
120,16,108,6023,81,7207,244,2908
120,16,108,6023,81,7207,244,2908
120,16,108,6001,81,71973,244,3271
120,16,108,5959,81,71826,244,4001
120,16,108,592,81,7168,244,4683
120,16,108,5879,81,71533,244,5364
120,16,108,5859,81,71436,244,5715
120,16,108,582,81,71289,244,6389
120,16,108,5781,81,71143,244,7075
120,16,108,5742,81,70996,244,7755
120,16,108,572,81,70898,244,8093
120,16,108,5681,81,70752,244,8777
120,16,108,5642,81,70605,244,9453
120,16,108,5603,81,70459,245,0122
120,16,108,5583,81,7041,245,0483
120,16,108,5544,81,70264,245,1154
120,16,108,5505,81,70117,245,1807
120,16,108,5464,81,69922,245,2524
120,16,108,5444,81,69873,245,2875
120,16,108,5405,81,69727,245,3541
120,16,108,5366,81,6958,245,4202
120,16,108,5327,81,69434,245,4867
120,16,108,5288,81,69287,245,5529
120,16,108,5288,81,69287,245,5529
120,16,108,5269,81,69189,245,5872
120,16,108,5183,81,68896,245,7341
120,16,108,5164,81,68799,245,7683
120,16,108,5125,81,68652,245,834
120,16,108,5088,81,68506,245,8997
120,16,108,5049,81,68359,245,9659
120,16,108,501,81,68213,246,0333
120,16,108,499,81,68164,246,0667
120,16,108,4951,81,67969,246,1338
120,16,108,491,81,67822,246,2036
120,16,108,4871,81,67676,246,27
120,16,108,4834,81,67529,246,3365
120,16,108,4812,81,6748,246,3713
120,16,108,4773,81,67334,246,4385
120,16,108,4736,81,67188,246,5039
120,16,108,4697,81,67041,246,5706
120,16,108,4675,81,66943,246,6057
120,16,108,4639,81,66797,246,6721
120,16,108,46,81,6665,246,7395
120,16,108,4558,81,66504,246,8088
120,16,108,4519,81,66357,246,8752
120,16,108,45,81,6626,246,9083
120,16,108,448,81,66211,246,943
120,16,108,448,81,66211,246,943
120,16,108,448,81,66211,246,943
120,16,108,448,81,66211,246,943
120,16,108,448,81,66211,246,943
120,16,108,4431,81,66016,247,0276
120,16,108,4431,81,66016,247,0276
120,16,108,4431,81,66016,247,0276
120,16,108,4431,81,66016,247,0276
120,16,108,4431,81,66016,247,0276
120,16,108,4431,81,66016,247,0276
120,16,108,4431,81,66016,247,0276
120,16,108,4431,81,66016,247,0276
120,16,108,4431,81,66016,247,0276
120,16,108,4431,81,66016,247,0276
120,16,108,4431,81,66016,247,0276
120,16,108,4431,81,66016,247,0276
120,16,108,4431,81,66016,247,0276
120,16,108,4431,81,66016,247,0276
120,16,108,4431,81,66016,247,0276
120,16,108,4431,81,66016,247,0276
120,16,108,4431,81,66016,247,0276
120,16,108,4431,81,66016,247,0276
120,16,108,4431,81,66016,247,0276
120,16,108,4541,81,65869,247,0641
120,16,108,4749,81,65625,247,1339
120,16,108,4946,81,6543,247,2008
120,16,108,5056,81,65283,247,2375
120,16,108,5254,81,65039,247,3038
120,16,108,5454,81,64795,247,3713
120,16,108,5649,81,64551,247,437
120,16,108,575,81,64453,247,4701
120,16,108,595,81,64209,247,538
120,16,108,6138,81,64014,247,6011
120,16,108,6243,81,63867,247,6361
120,16,108,6438,81,63623,247,7017
120,16,108,6636,81,63428,247,7681
120,16,108,6829,81,63184,247,8326
120,16,108,6929,81,63086,247,8665
120,16,108,7129,81,62842,247,9333
120,16,108,7324,81,62598,247,9995
120,16,108,7439,81,62451,248,038
120,16,108,7639,81,62207,248,1051
120,16,108,7825,81,62012,248,1676
120,16,108,802,81,61768,248,2332
120,16,108,8125,81,6167,248,2683
120,16,108,8325,81,61426,248,3354
120,16,108,853,81,61182,248,4042
120,16,108,864,81,61035,248,4413
120,16,108,8855,81,60791,248,5134
120,16,108,906,81,60547,248,582
120,16,108,916,81,60449,248,6155
120,16,108,9358,81,60205,248,682
120,16,108,9456,81,60059,248,7155
120,16,108,9456,81,60059,248,7155
120,16,108,988,81,5957,248,8578
120,16,109,0081,81,59326,248,9248
120,16,109,0273,81,59131,248,9899
120,16,109,0371,81,58984,249,0225
120,16,109,0569,81,5874,249,0894
120,16,109,0764,81,58545,249,1543
120,16,109,0867,81,58398,249,1887
120,16,109,1064,81,58154,249,2555
120,16,109,126,81,57959,249,3209
120,16,109,1375,81,57813,249,3596
120,16,109,1572,81,57568,249,4263
120,16,109,1619,81,5752,249,4415
120,16,109,1619,81,5752,249,4415
120,16,109,1619,81,5752,249,4415
120,16,109,1619,81,5752,249,4415
120,16,109,1619,81,5752,249,4415
120,16,109,1619,81,5752,249,4415
120,16,109,1619,81,5752,249,4415
120,16,109,1619,81,5752,249,4415
120,16,109,1765,81,57373,249,4778
120,16,109,2058,81,57129,249,5502
120,16,109,219,81,56982,249,5825
120,16,109,2451,81,56738,249,6467
120,16,109,2708,81,56543,249,7106
120,16,109,2976,81,56299,249,7764
120,16,109,3113,81,56152,249,8105
120,16,109,3374,81,55908,249,875
120,16,109,3647,81,55664,249,9421
120,16,109,3777,81,55566,249,9739
120,16,109,4043,81,55322,250,0402
120,16,109,4297,81,55078,250,1024
120,16,109,4436,81,54932,250,1368
120,16,109,4709,81,54688,250,2042
120,16,109,4961,81,54443,250,2667
120,16,109,5117,81,54346,250,3053
120,16,109,5247,81,54199,250,3372
120,16,109,5383,81,54102,250,3707
120,16,109,5803,81,53711,250,4742
120,16,109,6074,81,53467,250,5414
120,16,109,6343,81,53223,250,6075
120,16,109,6477,81,53076,250,6409
120,16,109,6743,81,52832,250,7064
120,16,109,7014,81,52588,250,7731
120,16,109,7151,81,5249,250,8068
120,16,109,7422,81,52197,250,874
120,16,109,7681,81,52002,250,9377
120,16,109,782,81,51855,250,9723
120,16,109,8091,81,51611,251,0388
120,16,109,835,81,51367,251,1025
120,16,109,8499,81,51221,251,1398
120,16,109,8767,81,50977,251,2062
120,16,109,9033,81,50732,251,2717
120,16,109,9175,81,50635,251,3066
120,16,109,9438,81,50391,251,3715
120,16,109,9717,81,50146,251,4401
120,16,109,9858,81,5,251,4755
120,16,110,0122,81,49756,251,5405
120,16,110,0171,81,49707,251,5524
120,16,110,0171,81,49707,251,5524
120,16,110,0171,81,49707,251,5524
120,16,110,0171,81,49707,251,5524
120,16,110,0171,81,49707,251,5524
120,16,110,0171,81,49707,251,5524
120,16,110,0171,81,49707,251,5524
120,16,110,0171,81,49707,251,5524
120,16,110,0171,81,49707,251,5524
120,16,110,0171,81,49707,251,5524
120,16,110,0171,81,49707,251,5524
120,16,110,0171,81,49707,251,5524
120,16,110,0171,81,49707,251,5524
120,16,110,0171,81,49707,251,5524
120,16,110,0171,81,49707,251,5524
120,16,110,0171,81,49707,251,5524
120,16,110,0171,81,49707,251,5524
120,16,110,0171,81,49707,251,5524
120,16,110,0171,81,49707,251,5524
120,16,110,0171,81,49707,251,5524
120,16,110,0171,81,49707,251,5524
120,16,110,0171,81,49707,251,5524
120,16,110,0171,81,49707,251,5524
120,16,110,0171,81,49707,251,5524
120,16,110,0171,81,49707,251,5524
120,16,110,0171,81,49707,251,5524
120,16,110,0171,81,49707,251,5524
120,16,110,0171,81,49707,251,5524
120,16,110,0171,81,49707,251,5524
120,16,110,0171,81,49707,251,5524
120,16,110,0171,81,49707,251,5524
120,16,110,0171,81,49707,251,5524
120,16,110,0171,81,49707,251,5524
120,16,110,0171,81,49707,251,5524
120,16,110,0171,81,49707,251,5524
120,16,110,0171,81,49707,251,5524
120,16,110,0171,81,49707,251,5524
120,16,110,0171,81,49707,251,5524
120,16,110,0171,81,49707,251,5524
120,16,110,0171,81,49707,251,5524
120,16,110,0171,81,49707,251,5524
120,16,110,0171,81,49707,251,5524
120,16,110,0171,81,49707,251,5524
120,16,110,0171,81,49707,251,5524
120,16,110,0171,81,49707,251,5524
120,16,110,0171,81,49707,251,5524
120,16,110,0171,81,49707,251,5524
120,16,110,0171,81,49707,251,5524
120,16,110,0171,81,49707,251,5524
120,16,110,0171,81,49707,251,5524
120,16,110,0171,81,49707,251,5524
120,16,110,0171,81,49707,251,5524
120,16,110,0171,81,49707,251,5524
120,16,110,0171,81,49707,251,5524
120,16,110,0171,81,49707,251,5524
120,16,110,0171,81,49707,251,5524
120,16,110,0171,81,49707,251,5524
120,16,110,0171,81,49707,251,5524
120,16,110,0171,81,49707,251,5524
120,16,110,0171,81,49707,251,5524
120,16,110,0171,81,49707,251,5524
120,16,110,0171,81,49707,251,5524
120,16,110,0171,81,49707,251,5524
120,16,110,0171,81,49707,251,5524
120,16,110,0171,81,49707,251,5524
120,16,110,0171,81,49707,251,5524
120,16,110,0171,81,49707,251,5524
120,16,110,0171,81,49707,251,5524
120,16,110,0171,81,49707,251,5524
120,16,110,0171,81,49707,251,5524
120,16,110,0171,81,49707,251,5524
120,16,110,0171,81,49707,251,5524
120,16,110,0171,81,49707,251,5524
120,16,110,0171,81,49707,251,5524
120,16,110,0171,81,49707,251,5524
120,16,110,0171,81,49707,251,5524
120,16,110,0171,81,49707,251,5524
120,16,110,0171,81,49707,251,5524
120,16,110,0171,81,49707,251,5524
120,16,110,0171,81,49707,251,5524
120,16,110,0171,81,49707,251,5524
120,16,110,0171,81,49707,251,5524
120,16,110,0171,81,49707,251,5524
120,16,110,0308,81,49561,251,5879
120,16,110,0442,81,49414,251,6221
120,16,110,072,81,49072,251,6936
120,16,110,0977,81,48779,251,7599
120,16,110,1111,81,48633,251,7939
120,16,110,1375,81,4834,251,8619
120,16,110,1631,81,48047,251,9279
120,16,110,176,81,47852,251,9609
120,16,110,1895,81,47705,251,996
120,16,110,1895,81,47705,251,996
120,16,110,2439,81,4707,252,1359
120,16,110,2698,81,46777,252,2026
120,16,110,2837,81,46631,252,2382
120,16,110,3093,81,46338,252,3038
120,16,110,3352,81,46045,252,3706
120,16,110,3484,81,45898,252,4048
120,16,110,3745,81,45605,252,4716
120,16,110,4016,81,45264,252,5414
120,16,110,415,81,45117,252,5763
120,16,110,4419,81,44824,252,6448
120,16,110,468,81,44531,252,712
120,16,110,4819,81,44336,252,7479
120,16,110,5093,81,44043,252,8184
120,16,110,5229,81,43896,252,8539
120,16,110,5488,81,43555,252,9202
120,16,110,5754,81,43262,252,9888
120,16,110,5889,81,43115,253,0234
120,16,110,6162,81,42822,253,0935
120,16,110,6296,81,42627,253,1283
120,16,110,6572,81,42334,253,1991
120,16,110,6833,81,42041,253,2662
120,16,110,6965,81,41895,253,3004
120,16,110,7224,81,41553,253,3668
120,16,110,7488,81,4126,253,4348
120,16,110,7629,81,41113,253,4707
120,16,110,7893,81,4082,253,5386
120,16,110,8157,81,40479,253,6064
120,16,110,8291,81,40332,253,6414
120,16,110,8552,81,40039,253,7083
120,16,110,8694,81,39893,253,7449
120,16,110,8967,81,39551,253,8153
120,16,110,9065,81,39453,253,8402
120,16,110,9065,81,39453,253,8402
120,16,110,9065,81,39453,253,8402
120,16,110,9065,81,39453,253,8402
120,16,110,9065,81,39453,253,8402
120,16,110,9065,81,39453,253,8402
120,16,110,9065,81,39453,253,8402
120,16,110,9065,81,39453,253,8402
120,16,110,9065,81,39453,253,8402
120,16,110,9065,81,39453,253,8402
120,16,110,9065,81,39453,253,8402
120,16,110,9065,81,39453,253,8402
120,16,110,9065,81,39453,253,8402
120,16,110,9065,81,39453,253,8402
120,16,110,9065,81,39453,253,8402
120,16,110,9065,81,39453,253,8402
120,16,110,9065,81,39453,253,8402
120,16,110,9065,81,39453,253,8402
120,16,110,9065,81,39453,253,8402
120,16,110,9065,81,39453,253,8402
120,16,110,9065,81,39453,253,8402
120,16,110,9065,81,39453,253,8402
120,16,110,9065,81,39453,253,8402
120,16,110,9065,81,39453,253,8402
120,16,110,9065,81,39453,253,8402
120,16,110,9065,81,39453,253,8402
120,16,110,9065,81,39453,253,8402
120,16,110,9065,81,39453,253,8402
120,16,110,9065,81,39453,253,8402
120,16,110,9065,81,39453,253,8402
120,16,110,9065,81,39453,253,8402
120,16,110,9065,81,39453,253,8402
120,16,110,9065,81,39453,253,8402
120,16,110,9065,81,39453,253,8402
120,16,110,9065,81,39453,253,8402
120,16,110,9065,81,39453,253,8402
120,16,110,9065,81,39453,253,8402
120,16,110,9065,81,39453,253,8402
120,16,110,9065,81,39453,253,8402
120,16,110,9065,81,39453,253,8402
120,16,110,9065,81,39453,253,8402
120,16,110,9065,81,39453,253,8402
120,16,110,9065,81,39453,253,8402
120,16,110,9065,81,39453,253,8402
120,16,110,9065,81,39453,253,8402
120,16,110,9065,81,39453,253,8402
120,16,110,9065,81,39453,253,8402
120,16,110,9065,81,39453,253,8402
120,16,110,9065,81,39453,253,8402
120,16,110,9065,81,39453,253,8402
120,16,110,9065,81,39453,253,8402
120,16,110,9065,81,39453,253,8402
120,16,110,9065,81,39453,253,8402
120,16,110,9065,81,39453,253,8402
120,16,110,9065,81,39453,253,8402
120,16,110,9065,81,39453,253,8402
120,16,110,9065,81,39453,253,8402
120,16,110,9065,81,39453,253,8402
120,16,110,9065,81,39453,253,8402
120,16,110,9065,81,39453,253,8402
120,16,110,9065,81,39453,253,8402
120,16,110,9065,81,39453,253,8402
120,16,110,9065,81,39453,253,8402
120,16,110,9065,81,39453,253,8402
120,16,110,9065,81,39453,253,8402
120,16,110,9065,81,39453,253,8402
120,16,110,9065,81,39453,253,8402
120,16,110,9065,81,39453,253,8402
120,16,110,9065,81,39453,253,8402
120,16,110,9065,81,39453,253,8402
120,16,110,9065,81,39453,253,8402
120,16,110,9065,81,39453,253,8402
120,16,110,9065,81,39453,253,8402
120,16,110,9065,81,39453,253,8402
120,16,110,9065,81,39453,253,8402
120,16,110,9065,81,39453,253,8402
120,16,110,9065,81,39453,253,8402
120,16,110,9065,81,39453,253,8402
120,16,110,9065,81,39453,253,8402
120,16,110,9065,81,39453,253,8402
120,16,110,9065,81,39453,253,8402
120,16,110,9065,81,39453,253,8402
120,16,110,9065,81,39453,253,8402
120,16,110,9065,81,39453,253,8402
120,16,110,9065,81,39453,253,8402
120,16,110,9065,81,39453,253,8402
120,16,110,9065,81,39453,253,8402
120,16,110,9065,81,39453,253,8402
120,16,110,9065,81,39453,253,8402
120,16,110,9065,81,39453,253,8402
120,16,110,9065,81,39453,253,8402
120,16,110,9065,81,39453,253,8402
120,16,110,9065,81,39453,253,8402
120,16,110,9065,81,39453,253,8402
120,16,110,9065,81,39453,253,8402
120,16,110,9065,81,39453,253,8402
120,16,110,9065,81,39453,253,8402
120,16,110,9065,81,39453,253,8402
120,16,110,9065,81,39453,253,8402
120,16,110,9065,81,39453,253,8402
120,16,110,9065,81,39453,253,8402
120,16,110,9065,81,39453,253,8402
120,16,110,9065,81,39453,253,8402
120,16,110,9065,81,39453,253,8402
120,16,110,9065,81,39453,253,8402
120,16,110,9065,81,39453,253,8402
120,16,110,9065,81,39453,253,8402
120,16,110,9065,81,39453,253,8402
120,16,110,9065,81,39453,253,8402
120,16,110,9065,81,39453,253,8402
120,16,110,9065,81,39453,253,8402
120,16,110,9065,81,39453,253,8402
120,16,110,9065,81,39453,253,8402
120,16,110,9065,81,39453,253,8402
120,16,110,9065,81,39453,253,8402
120,16,110,9065,81,39453,253,8402
120,16,110,9065,81,39453,253,8402
120,16,110,9065,81,39453,253,8402
120,16,110,9065,81,39453,253,8402
120,16,110,9065,81,39453,253,8402
120,16,110,9065,81,39453,253,8402
120,16,110,9065,81,39453,253,8402
120,16,110,9065,81,39453,253,8402
120,16,110,9065,81,39453,253,8402
120,16,110,9065,81,39453,253,8402
120,16,110,9065,81,39453,253,8402
120,16,110,9065,81,39453,253,8402
120,16,110,9065,81,39453,253,8402
120,16,110,9065,81,39453,253,8402
120,16,110,9065,81,39453,253,8402
120,16,110,9065,81,39453,253,8402
120,16,110,9065,81,39453,253,8402
120,16,110,9065,81,39453,253,8402
120,16,110,9065,81,39453,253,8402
120,16,110,9065,81,39453,253,8402
120,16,110,9065,81,39453,253,8402
120,16,110,9065,81,39453,253,8402
120,16,110,9065,81,39453,253,8402
120,16,110,9065,81,39453,253,8402
120,16,110,9065,81,39453,253,8402
120,16,110,9065,81,39453,253,8402
120,16,110,9065,81,39453,253,8402
120,16,110,9065,81,39453,253,8402
120,16,110,9065,81,39453,253,8402
120,16,110,9065,81,39453,253,8402
120,16,110,9065,81,39453,253,8402
120,16,110,9065,81,39453,253,8402
120,16,110,9065,81,39453,253,8402
120,16,110,9065,81,39453,253,8402
120,16,110,9065,81,39453,253,8402
120,16,110,9065,81,39453,253,8402
120,16,110,9065,81,39453,253,8402
120,16,110,9065,81,39453,253,8402
120,16,110,9065,81,39453,253,8402
120,16,110,9065,81,39453,253,8402
120,16,110,9065,81,39453,253,8402
120,16,110,9065,81,39453,253,8402
120,16,110,9065,81,39453,253,8402
120,16,110,9065,81,39453,253,8402
120,16,110,9065,81,39453,253,8402
120,16,110,9065,81,39453,253,8402
120,16,110,9065,81,39453,253,8402
120,16,110,9065,81,39453,253,8402
120,16,110,9065,81,39453,253,8402
120,16,110,9065,81,39453,253,8402
120,16,110,9065,81,39453,253,8402
120,16,110,9065,81,39453,253,8402
120,16,110,9065,81,39453,253,8402
120,16,110,9065,81,39453,253,8402
120,16,110,9065,81,39453,253,8402
120,16,110,9065,81,39453,253,8402
120,16,110,9065,81,39453,253,8402
120,16,110,9065,81,39453,253,8402
120,16,110,9065,81,39453,253,8402
120,16,110,9065,81,39453,253,8402
120,16,110,9065,81,39453,253,8402
120,16,110,9065,81,39453,253,8402
120,16,110,9065,81,39453,253,8402
120,16,110,9065,81,39453,253,8402
120,16,110,9065,81,39453,253,8402
120,16,110,9065,81,39453,253,8402
120,16,110,9065,81,39453,253,8402
120,16,110,9065,81,39453,253,8402
120,16,110,9065,81,39453,253,8402
120,16,110,9065,81,39453,253,8402
120,16,110,9065,81,39453,253,8402
120,16,110,9065,81,39453,253,8402
120,16,110,9065,81,39453,253,8402
120,16,110,9065,81,39453,253,8402
120,16,110,9065,81,39453,253,8402
120,16,110,9065,81,39453,253,8402
120,16,110,9065,81,39453,253,8402
120,16,110,9065,81,39453,253,8402
120,16,110,9065,81,39453,253,8402
120,16,110,9065,81,39453,253,8402
120,16,110,9065,81,39453,253,8402
120,16,110,9065,81,39453,253,8402
120,16,110,9065,81,39453,253,8402
120,16,110,9065,81,39453,253,8402
120,16,110,9065,81,39453,253,8402
120,16,110,9065,81,39453,253,8402
120,16,110,9065,81,39453,253,8402
120,16,110,9065,81,39453,253,8402
120,16,110,9065,81,39453,253,8402
120,16,110,9065,81,39453,253,8402
120,16,110,9065,81,39453,253,8402
120,16,110,9065,81,39453,253,8402
120,16,110,9065,81,39453,253,8402
120,16,110,9065,81,39453,253,8402
120,16,110,9065,81,39453,253,8402
120,16,110,9065,81,39453,253,8402
120,16,110,9065,81,39453,253,8402
120,16,110,9065,81,39453,253,8402
120,16,110,9065,81,39453,253,8402
120,16,110,9065,81,39453,253,8402
120,16,110,9065,81,39453,253,8402
120,16,110,9065,81,39453,253,8402
120,16,110,9065,81,39453,253,8402
120,16,110,9065,81,39453,253,8402
120,16,110,9065,81,39453,253,8402
120,16,110,9065,81,39453,253,8402
120,16,110,9065,81,39453,253,8402
120,16,110,9065,81,39453,253,8402
120,16,110,9065,81,39453,253,8402
120,16,110,9065,81,39453,253,8402
120,16,110,9065,81,39453,253,8402
120,16,110,9065,81,39453,253,8402
120,16,110,9065,81,39453,253,8402
120,16,110,9065,81,39453,253,8402
120,16,110,9065,81,39453,253,8402
120,16,110,9065,81,39453,253,8402
120,16,110,9065,81,39453,253,8402
120,16,110,9065,81,39453,253,8402
120,16,110,9065,81,39453,253,8402
120,16,110,9065,81,39453,253,8402
120,16,110,9065,81,39453,253,8402
120,16,110,9065,81,39453,253,8402
120,16,110,9065,81,39453,253,8402
120,16,110,9065,81,39453,253,8402
120,16,110,9065,81,39453,253,8402
120,16,110,9065,81,39453,253,8402
120,16,110,9065,81,39453,253,8402
120,16,110,9065,81,39453,253,8402
120,16,110,9065,81,39453,253,8402
120,16,110,9065,81,39453,253,8402
120,16,110,9065,81,39453,253,8402
120,16,110,9065,81,39453,253,8402
120,16,110,9065,81,39453,253,8402
120,16,110,9065,81,39453,253,8402
120,16,110,9065,81,39453,253,8402
120,16,110,9065,81,39453,253,8402
120,16,110,9065,81,39453,253,8402
120,16,110,9065,81,39453,253,8402
120,16,110,9065,81,39453,253,8402
120,16,110,9065,81,39453,253,8402
120,16,110,9065,81,39453,253,8402
120,16,110,9065,81,39453,253,8402
120,16,110,9065,81,39453,253,8402
120,16,110,9065,81,39453,253,8402
120,16,110,9065,81,39453,253,8402
120,16,110,9065,81,39453,253,8402
120,16,110,9065,81,39453,253,8402
120,16,110,9065,81,39453,253,8402
120,16,110,9065,81,39453,253,8402
120,16,110,9065,81,39453,253,8402
120,16,110,9065,81,39453,253,8402
120,16,110,9065,81,39453,253,8402
120,16,110,9065,81,39453,253,8402
120,16,110,9065,81,39453,253,8402
120,16,110,9065,81,39453,253,8402
120,16,110,9065,81,39453,253,8402
120,16,110,9065,81,39453,253,8402
120,16,110,9065,81,39453,253,8402
120,16,110,9065,81,39453,253,8402
120,16,110,9065,81,39453,253,8402
120,16,110,9065,81,39453,253,8402
120,16,110,9065,81,39453,253,8402
120,16,110,9065,81,39453,253,8402
120,16,110,9065,81,39453,253,8402
120,16,110,9065,81,39453,253,8402
120,16,110,9065,81,39453,253,8402
120,16,110,9065,81,39453,253,8402
120,16,110,9065,81,39453,253,8402
120,16,110,9065,81,39453,253,8402
120,16,110,9065,81,39453,253,8402
120,16,110,9065,81,39453,253,8402
120,16,110,9065,81,39453,253,8402
120,16,110,9065,81,39453,253,8402
120,16,110,9065,81,39453,253,8402
120,16,110,9065,81,39453,253,8402
120,16,110,9065,81,39453,253,8402
120,16,110,9065,81,39453,253,8402
120,16,110,9065,81,39453,253,8402
120,16,110,9065,81,39453,253,8402
120,16,110,9065,81,39453,253,8402
120,16,110,9065,81,39453,253,8402
120,16,110,9065,81,39453,253,8402
120,16,110,9065,81,39453,253,8402
120,16,110,9065,81,39453,253,8402
120,16,110,9065,81,39453,253,8402
120,16,110,9065,81,39453,253,8402
120,16,110,9065,81,39453,253,8402
120,16,110,9065,81,39453,253,8402
120,16,110,9065,81,39453,253,8402
120,16,110,9065,81,39453,253,8402
120,16,110,9065,81,39453,253,8402
120,16,110,9065,81,39453,253,8402
120,16,110,9065,81,39453,253,8402
120,16,110,9065,81,39453,253,8402
120,16,110,9065,81,39453,253,8402
120,16,110,9065,81,39453,253,8402
120,16,110,9065,81,39453,253,8402
120,16,110,9065,81,39453,253,8402
120,16,110,9065,81,39453,253,8402
120,16,110,9065,81,39453,253,8402
120,16,110,9065,81,39453,253,8402
120,16,110,9065,81,39453,253,8402
120,16,110,9065,81,39453,253,8402
120,16,110,9065,81,39453,253,8402
120,16,110,9065,81,39453,253,8402
120,16,110,9065,81,39453,253,8402
120,16,110,9065,81,39453,253,8402
120,16,110,9065,81,39453,253,8402
120,16,110,9065,81,39453,253,8402
120,16,110,9065,81,39453,253,8402
120,16,110,9065,81,39453,253,8402
120,16,110,9065,81,39453,253,8402
120,16,110,9065,81,39453,253,8402
120,16,110,9065,81,39453,253,8402
120,16,110,9065,81,39453,253,8402
120,16,110,9065,81,39453,253,8402
120,16,110,9065,81,39453,253,8402
120,16,110,9065,81,39453,253,8402
120,16,110,9065,81,39453,253,8402
120,16,110,9065,81,39453,253,8402
120,16,110,9065,81,39453,253,8402
120,16,110,9065,81,39453,253,8402
120,16,110,9065,81,39453,253,8402
120,16,110,9065,81,39453,253,8402
120,16,110,9065,81,39453,253,8402
120,16,110,9065,81,39453,253,8402
120,16,110,9065,81,39453,253,8402
120,16,110,9065,81,39453,253,8402
120,16,110,9065,81,39453,253,8402
120,16,110,9065,81,39453,253,8402
120,16,110,9065,81,39453,253,8402
120,16,110,9065,81,39453,253,8402
120,16,110,9065,81,39453,253,8402
120,16,110,9065,81,39453,253,8402
120,16,110,9065,81,39453,253,8402
120,16,110,9065,81,39453,253,8402
120,16,110,9065,81,39453,253,8402
120,16,110,9065,81,39453,253,8402
120,16,110,9065,81,39453,253,8402
120,16,110,9065,81,39453,253,8402
120,16,110,9065,81,39453,253,8402
120,16,110,9065,81,39453,253,8402
120,16,110,9065,81,39453,253,8402
120,16,110,9065,81,39453,253,8402
120,16,110,9065,81,39453,253,8402
120,16,110,9065,81,39453,253,8402
120,16,110,9065,81,39453,253,8402
120,16,110,9065,81,39453,253,8402
120,16,110,9065,81,39453,253,8402
120,16,110,9065,81,39453,253,8402
120,16,110,9065,81,39453,253,8402
120,16,110,9065,81,39453,253,8402
120,16,110,9065,81,39453,253,8402
120,16,110,9065,81,39453,253,8402
120,16,110,9065,81,39453,253,8402
120,16,110,9065,81,39453,253,8402
120,16,110,9065,81,39453,253,8402
120,16,110,9065,81,39453,253,8402
120,16,110,9065,81,39453,253,8402
120,16,110,9065,81,39453,253,8402
120,16,110,9065,81,39453,253,8402
120,16,110,9065,81,39453,253,8402
120,16,110,9065,81,39453,253,8402
120,16,110,9065,81,39453,253,8402
120,16,110,9065,81,39453,253,8402
120,16,110,9065,81,39453,253,8402
120,16,110,9065,81,39453,253,8402
120,16,110,9065,81,39453,253,8402
120,16,110,9065,81,39453,253,8402
120,16,110,9065,81,39453,253,8402
120,16,110,9065,81,39453,253,8402
120,16,110,9065,81,39453,253,8402
120,16,110,9065,81,39453,253,8402
120,16,110,9065,81,39453,253,8402
120,16,110,9065,81,39453,253,8402
120,16,110,9065,81,39453,253,8402
120,16,110,9065,81,39453,253,8402
120,16,110,9065,81,39453,253,8402
120,16,110,9065,81,39453,253,8402
120,16,110,9065,81,39453,253,8402
120,16,110,9065,81,39453,253,8402
120,16,110,9065,81,39453,253,8402
120,16,110,9065,81,39453,253,8402
120,16,110,9065,81,39453,253,8402
120,16,110,9065,81,39453,253,8402
120,16,110,9065,81,39453,253,8402
120,16,110,9065,81,39453,253,8402
120,16,110,9065,81,39453,253,8402
120,16,110,9065,81,39453,253,8402
120,16,110,9065,81,39453,253,8402
120,16,110,9065,81,39453,253,8402
120,16,110,9065,81,39453,253,8402
120,16,110,9065,81,39453,253,8402
120,16,110,9065,81,39453,253,8402
120,16,110,9065,81,39453,253,8402
120,16,110,9065,81,39453,253,8402
120,16,110,9065,81,39453,253,8402
120,16,110,9065,81,39453,253,8402
120,16,110,9065,81,39453,253,8402
120,16,110,9065,81,39453,253,8402
120,16,110,9065,81,39453,253,8402
120,16,110,9065,81,39453,253,8402
120,16,110,9065,81,39453,253,8402
120,16,110,9065,81,39453,253,8402
120,16,110,9065,81,39453,253,8402
120,16,110,9065,81,39453,253,8402
120,16,110,9065,81,39453,253,8402
120,16,110,9065,81,39453,253,8402
